task_name,condition,method_or_setting,metric_name,metric_label,metric_value
FateScape_AlphaSensitivity,default,state0p00_barcode1p00,Nye,Nye similarity score,0.449982072664623
FateScape_AlphaSensitivity,default,state0p00_barcode1p00,Nye,Nye similarity score,0.459282751057687
FateScape_AlphaSensitivity,default,state0p00_barcode1p00,Nye,Nye similarity score,0.46204396881021
FateScape_AlphaSensitivity,default,state0p00_barcode1p00,Nye,Nye similarity score,0.44306718710687
FateScape_AlphaSensitivity,default,state0p00_barcode1p00,Nye,Nye similarity score,0.425864969920878
FateScape_AlphaSensitivity,default,state0p00_barcode1p00,Nye,Nye similarity score,0.444139568360683
FateScape_AlphaSensitivity,dropout_stress,state0p00_barcode1p00,Nye,Nye similarity score,0.399376097002612
FateScape_AlphaSensitivity,dropout_stress,state0p00_barcode1p00,Nye,Nye similarity score,0.398121231830265
FateScape_AlphaSensitivity,dropout_stress,state0p00_barcode1p00,Nye,Nye similarity score,0.403751208477406
FateScape_AlphaSensitivity,dropout_stress,state0p00_barcode1p00,Nye,Nye similarity score,0.41791116152767
FateScape_AlphaSensitivity,dropout_stress,state0p00_barcode1p00,Nye,Nye similarity score,0.389116514285871
FateScape_AlphaSensitivity,dropout_stress,state0p00_barcode1p00,Nye,Nye similarity score,0.395827722988683
FateScape_AlphaSensitivity,default,state0p05_barcode0p95,Nye,Nye similarity score,0.446600341583916
FateScape_AlphaSensitivity,default,state0p05_barcode0p95,Nye,Nye similarity score,0.464573007281846
FateScape_AlphaSensitivity,default,state0p05_barcode0p95,Nye,Nye similarity score,0.46472981143217
FateScape_AlphaSensitivity,default,state0p05_barcode0p95,Nye,Nye similarity score,0.44788134934103
FateScape_AlphaSensitivity,default,state0p05_barcode0p95,Nye,Nye similarity score,0.427933059730363
FateScape_AlphaSensitivity,default,state0p05_barcode0p95,Nye,Nye similarity score,0.447130741322641
FateScape_AlphaSensitivity,dropout_stress,state0p05_barcode0p95,Nye,Nye similarity score,0.41312803200621
FateScape_AlphaSensitivity,dropout_stress,state0p05_barcode0p95,Nye,Nye similarity score,0.401669212687807
FateScape_AlphaSensitivity,dropout_stress,state0p05_barcode0p95,Nye,Nye similarity score,0.3956254557246
FateScape_AlphaSensitivity,dropout_stress,state0p05_barcode0p95,Nye,Nye similarity score,0.421053383838756
FateScape_AlphaSensitivity,dropout_stress,state0p05_barcode0p95,Nye,Nye similarity score,0.384643513027273
FateScape_AlphaSensitivity,dropout_stress,state0p05_barcode0p95,Nye,Nye similarity score,0.409895241838423
FateScape_AlphaSensitivity,default,state0p10_barcode0p90_default,Nye,Nye similarity score,0.448790309926039
FateScape_AlphaSensitivity,default,state0p10_barcode0p90_default,Nye,Nye similarity score,0.452018187161897
FateScape_AlphaSensitivity,default,state0p10_barcode0p90_default,Nye,Nye similarity score,0.459559717774592
FateScape_AlphaSensitivity,default,state0p10_barcode0p90_default,Nye,Nye similarity score,0.460271377436147
FateScape_AlphaSensitivity,default,state0p10_barcode0p90_default,Nye,Nye similarity score,0.426144053596927
FateScape_AlphaSensitivity,default,state0p10_barcode0p90_default,Nye,Nye similarity score,0.438931896499321
FateScape_AlphaSensitivity,dropout_stress,state0p10_barcode0p90_default,Nye,Nye similarity score,0.40118602928879
FateScape_AlphaSensitivity,dropout_stress,state0p10_barcode0p90_default,Nye,Nye similarity score,0.400460704010807
FateScape_AlphaSensitivity,dropout_stress,state0p10_barcode0p90_default,Nye,Nye similarity score,0.398544418934834
FateScape_AlphaSensitivity,dropout_stress,state0p10_barcode0p90_default,Nye,Nye similarity score,0.408096277970466
FateScape_AlphaSensitivity,dropout_stress,state0p10_barcode0p90_default,Nye,Nye similarity score,0.389630118874282
FateScape_AlphaSensitivity,dropout_stress,state0p10_barcode0p90_default,Nye,Nye similarity score,0.404834475723635
FateScape_AlphaSensitivity,default,state0p20_barcode0p80,Nye,Nye similarity score,0.454340665062557
FateScape_AlphaSensitivity,default,state0p20_barcode0p80,Nye,Nye similarity score,0.458004314959418
FateScape_AlphaSensitivity,default,state0p20_barcode0p80,Nye,Nye similarity score,0.458743462069479
FateScape_AlphaSensitivity,default,state0p20_barcode0p80,Nye,Nye similarity score,0.451885076075486
FateScape_AlphaSensitivity,default,state0p20_barcode0p80,Nye,Nye similarity score,0.423386929444194
FateScape_AlphaSensitivity,default,state0p20_barcode0p80,Nye,Nye similarity score,0.447493860513096
FateScape_AlphaSensitivity,dropout_stress,state0p20_barcode0p80,Nye,Nye similarity score,0.401316848772547
FateScape_AlphaSensitivity,dropout_stress,state0p20_barcode0p80,Nye,Nye similarity score,0.408465993438245
FateScape_AlphaSensitivity,dropout_stress,state0p20_barcode0p80,Nye,Nye similarity score,0.404214421499202
FateScape_AlphaSensitivity,dropout_stress,state0p20_barcode0p80,Nye,Nye similarity score,0.414637885159533
FateScape_AlphaSensitivity,dropout_stress,state0p20_barcode0p80,Nye,Nye similarity score,0.391474370667297
FateScape_AlphaSensitivity,dropout_stress,state0p20_barcode0p80,Nye,Nye similarity score,0.405260378595284
FateScape_AlphaSensitivity,default,state0p50_barcode0p50,Nye,Nye similarity score,0.44476454773419
FateScape_AlphaSensitivity,default,state0p50_barcode0p50,Nye,Nye similarity score,0.454143680674677
FateScape_AlphaSensitivity,default,state0p50_barcode0p50,Nye,Nye similarity score,0.450728972276458
FateScape_AlphaSensitivity,default,state0p50_barcode0p50,Nye,Nye similarity score,0.456383627462853
FateScape_AlphaSensitivity,default,state0p50_barcode0p50,Nye,Nye similarity score,0.42204067292516
FateScape_AlphaSensitivity,default,state0p50_barcode0p50,Nye,Nye similarity score,0.441908597629812
FateScape_AlphaSensitivity,dropout_stress,state0p50_barcode0p50,Nye,Nye similarity score,0.402358005502652
FateScape_AlphaSensitivity,dropout_stress,state0p50_barcode0p50,Nye,Nye similarity score,0.410095702888989
FateScape_AlphaSensitivity,dropout_stress,state0p50_barcode0p50,Nye,Nye similarity score,0.395201641211686
FateScape_AlphaSensitivity,dropout_stress,state0p50_barcode0p50,Nye,Nye similarity score,0.416117646540934
FateScape_AlphaSensitivity,dropout_stress,state0p50_barcode0p50,Nye,Nye similarity score,0.393643194441994
FateScape_AlphaSensitivity,dropout_stress,state0p50_barcode0p50,Nye,Nye similarity score,0.403110197372781
FateScape_AlphaSensitivity,default,state0p80_barcode0p20,Nye,Nye similarity score,0.444992361759349
FateScape_AlphaSensitivity,default,state0p80_barcode0p20,Nye,Nye similarity score,0.441649197394132
FateScape_AlphaSensitivity,default,state0p80_barcode0p20,Nye,Nye similarity score,0.45101408022301
FateScape_AlphaSensitivity,default,state0p80_barcode0p20,Nye,Nye similarity score,0.445454061764453
FateScape_AlphaSensitivity,default,state0p80_barcode0p20,Nye,Nye similarity score,0.428112119780828
FateScape_AlphaSensitivity,default,state0p80_barcode0p20,Nye,Nye similarity score,0.448951372802869
FateScape_AlphaSensitivity,dropout_stress,state0p80_barcode0p20,Nye,Nye similarity score,0.400874541316265
FateScape_AlphaSensitivity,dropout_stress,state0p80_barcode0p20,Nye,Nye similarity score,0.398712965154204
FateScape_AlphaSensitivity,dropout_stress,state0p80_barcode0p20,Nye,Nye similarity score,0.400252032742636
FateScape_AlphaSensitivity,dropout_stress,state0p80_barcode0p20,Nye,Nye similarity score,0.400062278317654
FateScape_AlphaSensitivity,dropout_stress,state0p80_barcode0p20,Nye,Nye similarity score,0.388291485011508
FateScape_AlphaSensitivity,dropout_stress,state0p80_barcode0p20,Nye,Nye similarity score,0.40241355400903
FateScape_AlphaSensitivity,default,state1p00_barcode0p00,Nye,Nye similarity score,0.442626726171059
FateScape_AlphaSensitivity,default,state1p00_barcode0p00,Nye,Nye similarity score,0.454854380281688
FateScape_AlphaSensitivity,default,state1p00_barcode0p00,Nye,Nye similarity score,0.453800018800983
FateScape_AlphaSensitivity,default,state1p00_barcode0p00,Nye,Nye similarity score,0.467320385329257
FateScape_AlphaSensitivity,default,state1p00_barcode0p00,Nye,Nye similarity score,0.425416903757517
FateScape_AlphaSensitivity,default,state1p00_barcode0p00,Nye,Nye similarity score,0.443635570728796
FateScape_AlphaSensitivity,dropout_stress,state1p00_barcode0p00,Nye,Nye similarity score,0.40938833401479
FateScape_AlphaSensitivity,dropout_stress,state1p00_barcode0p00,Nye,Nye similarity score,0.405835070528878
FateScape_AlphaSensitivity,dropout_stress,state1p00_barcode0p00,Nye,Nye similarity score,0.419810227315478
FateScape_AlphaSensitivity,dropout_stress,state1p00_barcode0p00,Nye,Nye similarity score,0.421496960202161
FateScape_AlphaSensitivity,dropout_stress,state1p00_barcode0p00,Nye,Nye similarity score,0.397904060599666
FateScape_AlphaSensitivity,dropout_stress,state1p00_barcode0p00,Nye,Nye similarity score,0.405675844947372
FateScape_AlphaSensitivity,default,state0p00_barcode1p00,TreeDistance,Generalized RF distance,0.55766871955329
FateScape_AlphaSensitivity,default,state0p00_barcode1p00,TreeDistance,Generalized RF distance,0.598234124065988
FateScape_AlphaSensitivity,default,state0p00_barcode1p00,TreeDistance,Generalized RF distance,0.576233888218883
FateScape_AlphaSensitivity,default,state0p00_barcode1p00,TreeDistance,Generalized RF distance,0.616135478568777
FateScape_AlphaSensitivity,default,state0p00_barcode1p00,TreeDistance,Generalized RF distance,0.62068153630479
FateScape_AlphaSensitivity,default,state0p00_barcode1p00,TreeDistance,Generalized RF distance,0.592838924374653
FateScape_AlphaSensitivity,dropout_stress,state0p00_barcode1p00,TreeDistance,Generalized RF distance,0.643815493292096
FateScape_AlphaSensitivity,dropout_stress,state0p00_barcode1p00,TreeDistance,Generalized RF distance,0.688062785580187
FateScape_AlphaSensitivity,dropout_stress,state0p00_barcode1p00,TreeDistance,Generalized RF distance,0.685201863547471
FateScape_AlphaSensitivity,dropout_stress,state0p00_barcode1p00,TreeDistance,Generalized RF distance,0.658800977937073
FateScape_AlphaSensitivity,dropout_stress,state0p00_barcode1p00,TreeDistance,Generalized RF distance,0.684125851725915
FateScape_AlphaSensitivity,dropout_stress,state0p00_barcode1p00,TreeDistance,Generalized RF distance,0.689246934452013
FateScape_AlphaSensitivity,default,state0p05_barcode0p95,TreeDistance,Generalized RF distance,0.570013722319601
FateScape_AlphaSensitivity,default,state0p05_barcode0p95,TreeDistance,Generalized RF distance,0.571328421595984
FateScape_AlphaSensitivity,default,state0p05_barcode0p95,TreeDistance,Generalized RF distance,0.556632379418961
FateScape_AlphaSensitivity,default,state0p05_barcode0p95,TreeDistance,Generalized RF distance,0.618502196680712
FateScape_AlphaSensitivity,default,state0p05_barcode0p95,TreeDistance,Generalized RF distance,0.616549287548547
FateScape_AlphaSensitivity,default,state0p05_barcode0p95,TreeDistance,Generalized RF distance,0.584290586195854
FateScape_AlphaSensitivity,dropout_stress,state0p05_barcode0p95,TreeDistance,Generalized RF distance,0.589913511929473
FateScape_AlphaSensitivity,dropout_stress,state0p05_barcode0p95,TreeDistance,Generalized RF distance,0.674763104719655
FateScape_AlphaSensitivity,dropout_stress,state0p05_barcode0p95,TreeDistance,Generalized RF distance,0.71680880784249
FateScape_AlphaSensitivity,dropout_stress,state0p05_barcode0p95,TreeDistance,Generalized RF distance,0.659595408073008
FateScape_AlphaSensitivity,dropout_stress,state0p05_barcode0p95,TreeDistance,Generalized RF distance,0.689010962675295
FateScape_AlphaSensitivity,dropout_stress,state0p05_barcode0p95,TreeDistance,Generalized RF distance,0.633026470408858
FateScape_AlphaSensitivity,default,state0p10_barcode0p90_default,TreeDistance,Generalized RF distance,0.572263256260577
FateScape_AlphaSensitivity,default,state0p10_barcode0p90_default,TreeDistance,Generalized RF distance,0.614753331974058
FateScape_AlphaSensitivity,default,state0p10_barcode0p90_default,TreeDistance,Generalized RF distance,0.565968318859594
FateScape_AlphaSensitivity,default,state0p10_barcode0p90_default,TreeDistance,Generalized RF distance,0.563196853404546
FateScape_AlphaSensitivity,default,state0p10_barcode0p90_default,TreeDistance,Generalized RF distance,0.617169731799731
FateScape_AlphaSensitivity,default,state0p10_barcode0p90_default,TreeDistance,Generalized RF distance,0.609894920090641
FateScape_AlphaSensitivity,dropout_stress,state0p10_barcode0p90_default,TreeDistance,Generalized RF distance,0.65422262266824
FateScape_AlphaSensitivity,dropout_stress,state0p10_barcode0p90_default,TreeDistance,Generalized RF distance,0.671107163827009
FateScape_AlphaSensitivity,dropout_stress,state0p10_barcode0p90_default,TreeDistance,Generalized RF distance,0.706529073620587
FateScape_AlphaSensitivity,dropout_stress,state0p10_barcode0p90_default,TreeDistance,Generalized RF distance,0.69083284250305
FateScape_AlphaSensitivity,dropout_stress,state0p10_barcode0p90_default,TreeDistance,Generalized RF distance,0.676559369424949
FateScape_AlphaSensitivity,dropout_stress,state0p10_barcode0p90_default,TreeDistance,Generalized RF distance,0.668282431349011
FateScape_AlphaSensitivity,default,state0p20_barcode0p80,TreeDistance,Generalized RF distance,0.540270199183133
FateScape_AlphaSensitivity,default,state0p20_barcode0p80,TreeDistance,Generalized RF distance,0.594370755790791
FateScape_AlphaSensitivity,default,state0p20_barcode0p80,TreeDistance,Generalized RF distance,0.577697547388445
FateScape_AlphaSensitivity,default,state0p20_barcode0p80,TreeDistance,Generalized RF distance,0.605932789190369
FateScape_AlphaSensitivity,default,state0p20_barcode0p80,TreeDistance,Generalized RF distance,0.628246881057929
FateScape_AlphaSensitivity,default,state0p20_barcode0p80,TreeDistance,Generalized RF distance,0.585434680857536
FateScape_AlphaSensitivity,dropout_stress,state0p20_barcode0p80,TreeDistance,Generalized RF distance,0.636718137251719
FateScape_AlphaSensitivity,dropout_stress,state0p20_barcode0p80,TreeDistance,Generalized RF distance,0.663660606615304
FateScape_AlphaSensitivity,dropout_stress,state0p20_barcode0p80,TreeDistance,Generalized RF distance,0.684485097826941
FateScape_AlphaSensitivity,dropout_stress,state0p20_barcode0p80,TreeDistance,Generalized RF distance,0.673026084332836
FateScape_AlphaSensitivity,dropout_stress,state0p20_barcode0p80,TreeDistance,Generalized RF distance,0.669191993851687
FateScape_AlphaSensitivity,dropout_stress,state0p20_barcode0p80,TreeDistance,Generalized RF distance,0.643214754914866
FateScape_AlphaSensitivity,default,state0p50_barcode0p50,TreeDistance,Generalized RF distance,0.596569522592797
FateScape_AlphaSensitivity,default,state0p50_barcode0p50,TreeDistance,Generalized RF distance,0.581457438799156
FateScape_AlphaSensitivity,default,state0p50_barcode0p50,TreeDistance,Generalized RF distance,0.593679491418656
FateScape_AlphaSensitivity,default,state0p50_barcode0p50,TreeDistance,Generalized RF distance,0.583430809455406
FateScape_AlphaSensitivity,default,state0p50_barcode0p50,TreeDistance,Generalized RF distance,0.660488262148289
FateScape_AlphaSensitivity,default,state0p50_barcode0p50,TreeDistance,Generalized RF distance,0.589788460350754
FateScape_AlphaSensitivity,dropout_stress,state0p50_barcode0p50,TreeDistance,Generalized RF distance,0.642570076338825
FateScape_AlphaSensitivity,dropout_stress,state0p50_barcode0p50,TreeDistance,Generalized RF distance,0.655099606397081
FateScape_AlphaSensitivity,dropout_stress,state0p50_barcode0p50,TreeDistance,Generalized RF distance,0.710380382935254
FateScape_AlphaSensitivity,dropout_stress,state0p50_barcode0p50,TreeDistance,Generalized RF distance,0.676999623449578
FateScape_AlphaSensitivity,dropout_stress,state0p50_barcode0p50,TreeDistance,Generalized RF distance,0.669974153434097
FateScape_AlphaSensitivity,dropout_stress,state0p50_barcode0p50,TreeDistance,Generalized RF distance,0.660303728700726
FateScape_AlphaSensitivity,default,state0p80_barcode0p20,TreeDistance,Generalized RF distance,0.575041149591583
FateScape_AlphaSensitivity,default,state0p80_barcode0p20,TreeDistance,Generalized RF distance,0.630419335865329
FateScape_AlphaSensitivity,default,state0p80_barcode0p20,TreeDistance,Generalized RF distance,0.598765641528423
FateScape_AlphaSensitivity,default,state0p80_barcode0p20,TreeDistance,Generalized RF distance,0.604321559451758
FateScape_AlphaSensitivity,default,state0p80_barcode0p20,TreeDistance,Generalized RF distance,0.610111081845151
FateScape_AlphaSensitivity,default,state0p80_barcode0p20,TreeDistance,Generalized RF distance,0.572173271326099
FateScape_AlphaSensitivity,dropout_stress,state0p80_barcode0p20,TreeDistance,Generalized RF distance,0.626733639887693
FateScape_AlphaSensitivity,dropout_stress,state0p80_barcode0p20,TreeDistance,Generalized RF distance,0.677960936800646
FateScape_AlphaSensitivity,dropout_stress,state0p80_barcode0p20,TreeDistance,Generalized RF distance,0.696979000813967
FateScape_AlphaSensitivity,dropout_stress,state0p80_barcode0p20,TreeDistance,Generalized RF distance,0.704516538075135
FateScape_AlphaSensitivity,dropout_stress,state0p80_barcode0p20,TreeDistance,Generalized RF distance,0.683661261299395
FateScape_AlphaSensitivity,dropout_stress,state0p80_barcode0p20,TreeDistance,Generalized RF distance,0.669565466795084
FateScape_AlphaSensitivity,default,state1p00_barcode0p00,TreeDistance,Generalized RF distance,0.563427868213241
FateScape_AlphaSensitivity,default,state1p00_barcode0p00,TreeDistance,Generalized RF distance,0.591641600930085
FateScape_AlphaSensitivity,default,state1p00_barcode0p00,TreeDistance,Generalized RF distance,0.582019485732678
FateScape_AlphaSensitivity,default,state1p00_barcode0p00,TreeDistance,Generalized RF distance,0.549021841323281
FateScape_AlphaSensitivity,default,state1p00_barcode0p00,TreeDistance,Generalized RF distance,0.638107001952443
FateScape_AlphaSensitivity,default,state1p00_barcode0p00,TreeDistance,Generalized RF distance,0.577095934700486
FateScape_AlphaSensitivity,dropout_stress,state1p00_barcode0p00,TreeDistance,Generalized RF distance,0.611305657962149
FateScape_AlphaSensitivity,dropout_stress,state1p00_barcode0p00,TreeDistance,Generalized RF distance,0.658200265900666
FateScape_AlphaSensitivity,dropout_stress,state1p00_barcode0p00,TreeDistance,Generalized RF distance,0.653892279408736
FateScape_AlphaSensitivity,dropout_stress,state1p00_barcode0p00,TreeDistance,Generalized RF distance,0.657588461063699
FateScape_AlphaSensitivity,dropout_stress,state1p00_barcode0p00,TreeDistance,Generalized RF distance,0.650593331447977
FateScape_AlphaSensitivity,dropout_stress,state1p00_barcode0p00,TreeDistance,Generalized RF distance,0.656175142176952
FateScape_AlphaSensitivity,default,state0p00_barcode1p00,RF_normalized,RF distance,0.878550440744368
FateScape_AlphaSensitivity,default,state0p00_barcode1p00,RF_normalized,RF distance,0.862879529872674
FateScape_AlphaSensitivity,default,state0p00_barcode1p00,RF_normalized,RF distance,0.853085210577865
FateScape_AlphaSensitivity,default,state0p00_barcode1p00,RF_normalized,RF distance,0.873653281096964
FateScape_AlphaSensitivity,default,state0p00_barcode1p00,RF_normalized,RF distance,0.894221351616063
FateScape_AlphaSensitivity,default,state0p00_barcode1p00,RF_normalized,RF distance,0.868756121449559
FateScape_AlphaSensitivity,dropout_stress,state0p00_barcode1p00,RF_normalized,RF distance,0.904015670910872
FateScape_AlphaSensitivity,dropout_stress,state0p00_barcode1p00,RF_normalized,RF distance,0.895200783545544
FateScape_AlphaSensitivity,dropout_stress,state0p00_barcode1p00,RF_normalized,RF distance,0.883447600391773
FateScape_AlphaSensitivity,dropout_stress,state0p00_barcode1p00,RF_normalized,RF distance,0.877571008814887
FateScape_AlphaSensitivity,dropout_stress,state0p00_barcode1p00,RF_normalized,RF distance,0.901077375122429
FateScape_AlphaSensitivity,dropout_stress,state0p00_barcode1p00,RF_normalized,RF distance,0.90205680705191
FateScape_AlphaSensitivity,default,state0p05_barcode0p95,RF_normalized,RF distance,0.88050930460333
FateScape_AlphaSensitivity,default,state0p05_barcode0p95,RF_normalized,RF distance,0.860920666013712
FateScape_AlphaSensitivity,default,state0p05_barcode0p95,RF_normalized,RF distance,0.854064642507346
FateScape_AlphaSensitivity,default,state0p05_barcode0p95,RF_normalized,RF distance,0.873653281096964
FateScape_AlphaSensitivity,default,state0p05_barcode0p95,RF_normalized,RF distance,0.890303623898139
FateScape_AlphaSensitivity,default,state0p05_barcode0p95,RF_normalized,RF distance,0.867776689520078
FateScape_AlphaSensitivity,dropout_stress,state0p05_barcode0p95,RF_normalized,RF distance,0.90205680705191
FateScape_AlphaSensitivity,dropout_stress,state0p05_barcode0p95,RF_normalized,RF distance,0.895200783545544
FateScape_AlphaSensitivity,dropout_stress,state0p05_barcode0p95,RF_normalized,RF distance,0.887365328109696
FateScape_AlphaSensitivity,dropout_stress,state0p05_barcode0p95,RF_normalized,RF distance,0.879529872673849
FateScape_AlphaSensitivity,dropout_stress,state0p05_barcode0p95,RF_normalized,RF distance,0.903036238981391
FateScape_AlphaSensitivity,dropout_stress,state0p05_barcode0p95,RF_normalized,RF distance,0.901077375122429
FateScape_AlphaSensitivity,default,state0p10_barcode0p90_default,RF_normalized,RF distance,0.88050930460333
FateScape_AlphaSensitivity,default,state0p10_barcode0p90_default,RF_normalized,RF distance,0.864838393731636
FateScape_AlphaSensitivity,default,state0p10_barcode0p90_default,RF_normalized,RF distance,0.854064642507346
FateScape_AlphaSensitivity,default,state0p10_barcode0p90_default,RF_normalized,RF distance,0.870714985308521
FateScape_AlphaSensitivity,default,state0p10_barcode0p90_default,RF_normalized,RF distance,0.893241919686582
FateScape_AlphaSensitivity,default,state0p10_barcode0p90_default,RF_normalized,RF distance,0.870714985308521
FateScape_AlphaSensitivity,dropout_stress,state0p10_barcode0p90_default,RF_normalized,RF distance,0.904015670910872
FateScape_AlphaSensitivity,dropout_stress,state0p10_barcode0p90_default,RF_normalized,RF distance,0.896180215475024
FateScape_AlphaSensitivity,dropout_stress,state0p10_barcode0p90_default,RF_normalized,RF distance,0.882468168462292
FateScape_AlphaSensitivity,dropout_stress,state0p10_barcode0p90_default,RF_normalized,RF distance,0.881488736532811
FateScape_AlphaSensitivity,dropout_stress,state0p10_barcode0p90_default,RF_normalized,RF distance,0.904015670910872
FateScape_AlphaSensitivity,dropout_stress,state0p10_barcode0p90_default,RF_normalized,RF distance,0.900097943192948
FateScape_AlphaSensitivity,default,state0p20_barcode0p80,RF_normalized,RF distance,0.878550440744368
FateScape_AlphaSensitivity,default,state0p20_barcode0p80,RF_normalized,RF distance,0.861900097943193
FateScape_AlphaSensitivity,default,state0p20_barcode0p80,RF_normalized,RF distance,0.855044074436827
FateScape_AlphaSensitivity,default,state0p20_barcode0p80,RF_normalized,RF distance,0.871694417238002
FateScape_AlphaSensitivity,default,state0p20_barcode0p80,RF_normalized,RF distance,0.892262487757101
FateScape_AlphaSensitivity,default,state0p20_barcode0p80,RF_normalized,RF distance,0.868756121449559
FateScape_AlphaSensitivity,dropout_stress,state0p20_barcode0p80,RF_normalized,RF distance,0.903036238981391
FateScape_AlphaSensitivity,dropout_stress,state0p20_barcode0p80,RF_normalized,RF distance,0.893241919686582
FateScape_AlphaSensitivity,dropout_stress,state0p20_barcode0p80,RF_normalized,RF distance,0.883447600391773
FateScape_AlphaSensitivity,dropout_stress,state0p20_barcode0p80,RF_normalized,RF distance,0.879529872673849
FateScape_AlphaSensitivity,dropout_stress,state0p20_barcode0p80,RF_normalized,RF distance,0.904015670910872
FateScape_AlphaSensitivity,dropout_stress,state0p20_barcode0p80,RF_normalized,RF distance,0.90205680705191
FateScape_AlphaSensitivity,default,state0p50_barcode0p50,RF_normalized,RF distance,0.88050930460333
FateScape_AlphaSensitivity,default,state0p50_barcode0p50,RF_normalized,RF distance,0.863858961802155
FateScape_AlphaSensitivity,default,state0p50_barcode0p50,RF_normalized,RF distance,0.854064642507346
FateScape_AlphaSensitivity,default,state0p50_barcode0p50,RF_normalized,RF distance,0.871694417238002
FateScape_AlphaSensitivity,default,state0p50_barcode0p50,RF_normalized,RF distance,0.892262487757101
FateScape_AlphaSensitivity,default,state0p50_barcode0p50,RF_normalized,RF distance,0.86973555337904
FateScape_AlphaSensitivity,dropout_stress,state0p50_barcode0p50,RF_normalized,RF distance,0.903036238981391
FateScape_AlphaSensitivity,dropout_stress,state0p50_barcode0p50,RF_normalized,RF distance,0.894221351616063
FateScape_AlphaSensitivity,dropout_stress,state0p50_barcode0p50,RF_normalized,RF distance,0.883447600391773
FateScape_AlphaSensitivity,dropout_stress,state0p50_barcode0p50,RF_normalized,RF distance,0.881488736532811
FateScape_AlphaSensitivity,dropout_stress,state0p50_barcode0p50,RF_normalized,RF distance,0.90205680705191
FateScape_AlphaSensitivity,dropout_stress,state0p50_barcode0p50,RF_normalized,RF distance,0.90205680705191
FateScape_AlphaSensitivity,default,state0p80_barcode0p20,RF_normalized,RF distance,0.88050930460333
FateScape_AlphaSensitivity,default,state0p80_barcode0p20,RF_normalized,RF distance,0.870714985308521
FateScape_AlphaSensitivity,default,state0p80_barcode0p20,RF_normalized,RF distance,0.857982370225269
FateScape_AlphaSensitivity,default,state0p80_barcode0p20,RF_normalized,RF distance,0.876591576885406
FateScape_AlphaSensitivity,default,state0p80_barcode0p20,RF_normalized,RF distance,0.889324191968658
FateScape_AlphaSensitivity,default,state0p80_barcode0p20,RF_normalized,RF distance,0.866797257590597
FateScape_AlphaSensitivity,dropout_stress,state0p80_barcode0p20,RF_normalized,RF distance,0.904015670910872
FateScape_AlphaSensitivity,dropout_stress,state0p80_barcode0p20,RF_normalized,RF distance,0.895200783545544
FateScape_AlphaSensitivity,dropout_stress,state0p80_barcode0p20,RF_normalized,RF distance,0.884427032321254
FateScape_AlphaSensitivity,dropout_stress,state0p80_barcode0p20,RF_normalized,RF distance,0.884427032321254
FateScape_AlphaSensitivity,dropout_stress,state0p80_barcode0p20,RF_normalized,RF distance,0.901077375122429
FateScape_AlphaSensitivity,dropout_stress,state0p80_barcode0p20,RF_normalized,RF distance,0.903036238981391
FateScape_AlphaSensitivity,default,state1p00_barcode0p00,RF_normalized,RF distance,0.881488736532811
FateScape_AlphaSensitivity,default,state1p00_barcode0p00,RF_normalized,RF distance,0.861900097943193
FateScape_AlphaSensitivity,default,state1p00_barcode0p00,RF_normalized,RF distance,0.855044074436827
FateScape_AlphaSensitivity,default,state1p00_barcode0p00,RF_normalized,RF distance,0.870714985308521
FateScape_AlphaSensitivity,default,state1p00_barcode0p00,RF_normalized,RF distance,0.89128305582762
FateScape_AlphaSensitivity,default,state1p00_barcode0p00,RF_normalized,RF distance,0.870714985308521
FateScape_AlphaSensitivity,dropout_stress,state1p00_barcode0p00,RF_normalized,RF distance,0.90205680705191
FateScape_AlphaSensitivity,dropout_stress,state1p00_barcode0p00,RF_normalized,RF distance,0.898139079333986
FateScape_AlphaSensitivity,dropout_stress,state1p00_barcode0p00,RF_normalized,RF distance,0.879529872673849
FateScape_AlphaSensitivity,dropout_stress,state1p00_barcode0p00,RF_normalized,RF distance,0.877571008814887
FateScape_AlphaSensitivity,dropout_stress,state1p00_barcode0p00,RF_normalized,RF distance,0.90205680705191
FateScape_AlphaSensitivity,dropout_stress,state1p00_barcode0p00,RF_normalized,RF distance,0.90205680705191
FateScape_BetaSensitivity,default,state0_barcode5_barcode_only,Nye,Nye similarity score,0.453798926571354
FateScape_BetaSensitivity,default,state0_barcode5_barcode_only,Nye,Nye similarity score,0.462551975355618
FateScape_BetaSensitivity,default,state0_barcode5_barcode_only,Nye,Nye similarity score,0.470396810924127
FateScape_BetaSensitivity,default,state0_barcode5_barcode_only,Nye,Nye similarity score,0.466014016477674
FateScape_BetaSensitivity,default,state0_barcode5_barcode_only,Nye,Nye similarity score,0.434271740430923
FateScape_BetaSensitivity,default,state0_barcode5_barcode_only,Nye,Nye similarity score,0.44970992331851
FateScape_BetaSensitivity,dropout_stress,state0_barcode5_barcode_only,Nye,Nye similarity score,0.413664997635967
FateScape_BetaSensitivity,dropout_stress,state0_barcode5_barcode_only,Nye,Nye similarity score,0.418218035797556
FateScape_BetaSensitivity,dropout_stress,state0_barcode5_barcode_only,Nye,Nye similarity score,0.420019517426842
FateScape_BetaSensitivity,dropout_stress,state0_barcode5_barcode_only,Nye,Nye similarity score,0.437059526116986
FateScape_BetaSensitivity,dropout_stress,state0_barcode5_barcode_only,Nye,Nye similarity score,0.404024867143956
FateScape_BetaSensitivity,dropout_stress,state0_barcode5_barcode_only,Nye,Nye similarity score,0.414491931656994
FateScape_BetaSensitivity,default,state5_barcode0_state_only,Nye,Nye similarity score,0.452432689279841
FateScape_BetaSensitivity,default,state5_barcode0_state_only,Nye,Nye similarity score,0.466566243905743
FateScape_BetaSensitivity,default,state5_barcode0_state_only,Nye,Nye similarity score,0.468078731963479
FateScape_BetaSensitivity,default,state5_barcode0_state_only,Nye,Nye similarity score,0.468213217358836
FateScape_BetaSensitivity,default,state5_barcode0_state_only,Nye,Nye similarity score,0.433645415780549
FateScape_BetaSensitivity,default,state5_barcode0_state_only,Nye,Nye similarity score,0.450175338882629
FateScape_BetaSensitivity,dropout_stress,state5_barcode0_state_only,Nye,Nye similarity score,0.417276653473673
FateScape_BetaSensitivity,dropout_stress,state5_barcode0_state_only,Nye,Nye similarity score,0.418283225670906
FateScape_BetaSensitivity,dropout_stress,state5_barcode0_state_only,Nye,Nye similarity score,0.416005785487028
FateScape_BetaSensitivity,dropout_stress,state5_barcode0_state_only,Nye,Nye similarity score,0.426514151133947
FateScape_BetaSensitivity,dropout_stress,state5_barcode0_state_only,Nye,Nye similarity score,0.400571860631427
FateScape_BetaSensitivity,dropout_stress,state5_barcode0_state_only,Nye,Nye similarity score,0.410529458063217
FateScape_BetaSensitivity,default,state5_barcode5_default,Nye,Nye similarity score,0.451776850006957
FateScape_BetaSensitivity,default,state5_barcode5_default,Nye,Nye similarity score,0.460720681536013
FateScape_BetaSensitivity,default,state5_barcode5_default,Nye,Nye similarity score,0.460714874089329
FateScape_BetaSensitivity,default,state5_barcode5_default,Nye,Nye similarity score,0.452797723555109
FateScape_BetaSensitivity,default,state5_barcode5_default,Nye,Nye similarity score,0.428543391931074
FateScape_BetaSensitivity,default,state5_barcode5_default,Nye,Nye similarity score,0.445203409166867
FateScape_BetaSensitivity,dropout_stress,state5_barcode5_default,Nye,Nye similarity score,0.407173708429224
FateScape_BetaSensitivity,dropout_stress,state5_barcode5_default,Nye,Nye similarity score,0.406844969434591
FateScape_BetaSensitivity,dropout_stress,state5_barcode5_default,Nye,Nye similarity score,0.402202573137384
FateScape_BetaSensitivity,dropout_stress,state5_barcode5_default,Nye,Nye similarity score,0.420260384344181
FateScape_BetaSensitivity,dropout_stress,state5_barcode5_default,Nye,Nye similarity score,0.398649329537178
FateScape_BetaSensitivity,dropout_stress,state5_barcode5_default,Nye,Nye similarity score,0.407674956879976
FateScape_BetaSensitivity,default,state5_barcode10_barcode_dominant,Nye,Nye similarity score,0.445479348930529
FateScape_BetaSensitivity,default,state5_barcode10_barcode_dominant,Nye,Nye similarity score,0.457879154602022
FateScape_BetaSensitivity,default,state5_barcode10_barcode_dominant,Nye,Nye similarity score,0.463834379913152
FateScape_BetaSensitivity,default,state5_barcode10_barcode_dominant,Nye,Nye similarity score,0.447617742373713
FateScape_BetaSensitivity,default,state5_barcode10_barcode_dominant,Nye,Nye similarity score,0.424901059033609
FateScape_BetaSensitivity,default,state5_barcode10_barcode_dominant,Nye,Nye similarity score,0.446592190128166
FateScape_BetaSensitivity,dropout_stress,state5_barcode10_barcode_dominant,Nye,Nye similarity score,0.410464889099573
FateScape_BetaSensitivity,dropout_stress,state5_barcode10_barcode_dominant,Nye,Nye similarity score,0.397144730795595
FateScape_BetaSensitivity,dropout_stress,state5_barcode10_barcode_dominant,Nye,Nye similarity score,0.402475467062204
FateScape_BetaSensitivity,dropout_stress,state5_barcode10_barcode_dominant,Nye,Nye similarity score,0.426589048363144
FateScape_BetaSensitivity,dropout_stress,state5_barcode10_barcode_dominant,Nye,Nye similarity score,0.40211331926897
FateScape_BetaSensitivity,dropout_stress,state5_barcode10_barcode_dominant,Nye,Nye similarity score,0.396254138144682
FateScape_BetaSensitivity,default,state10_barcode5_state_dominant,Nye,Nye similarity score,0.45250124953013
FateScape_BetaSensitivity,default,state10_barcode5_state_dominant,Nye,Nye similarity score,0.466628192787659
FateScape_BetaSensitivity,default,state10_barcode5_state_dominant,Nye,Nye similarity score,0.469071516377143
FateScape_BetaSensitivity,default,state10_barcode5_state_dominant,Nye,Nye similarity score,0.461756088648157
FateScape_BetaSensitivity,default,state10_barcode5_state_dominant,Nye,Nye similarity score,0.430680896128986
FateScape_BetaSensitivity,default,state10_barcode5_state_dominant,Nye,Nye similarity score,0.448166452766512
FateScape_BetaSensitivity,dropout_stress,state10_barcode5_state_dominant,Nye,Nye similarity score,0.416124179672146
FateScape_BetaSensitivity,dropout_stress,state10_barcode5_state_dominant,Nye,Nye similarity score,0.406985720346546
FateScape_BetaSensitivity,dropout_stress,state10_barcode5_state_dominant,Nye,Nye similarity score,0.413503030232861
FateScape_BetaSensitivity,dropout_stress,state10_barcode5_state_dominant,Nye,Nye similarity score,0.418541734246992
FateScape_BetaSensitivity,dropout_stress,state10_barcode5_state_dominant,Nye,Nye similarity score,0.395753488080897
FateScape_BetaSensitivity,dropout_stress,state10_barcode5_state_dominant,Nye,Nye similarity score,0.407608373258494
FateScape_BetaSensitivity,default,state2p5_barcode7p5_barcode_moderate,Nye,Nye similarity score,0.450592410078579
FateScape_BetaSensitivity,default,state2p5_barcode7p5_barcode_moderate,Nye,Nye similarity score,0.461548159732603
FateScape_BetaSensitivity,default,state2p5_barcode7p5_barcode_moderate,Nye,Nye similarity score,0.456933196332175
FateScape_BetaSensitivity,default,state2p5_barcode7p5_barcode_moderate,Nye,Nye similarity score,0.451932393955817
FateScape_BetaSensitivity,default,state2p5_barcode7p5_barcode_moderate,Nye,Nye similarity score,0.423892166358095
FateScape_BetaSensitivity,default,state2p5_barcode7p5_barcode_moderate,Nye,Nye similarity score,0.446650135141727
FateScape_BetaSensitivity,dropout_stress,state2p5_barcode7p5_barcode_moderate,Nye,Nye similarity score,0.402109574369623
FateScape_BetaSensitivity,dropout_stress,state2p5_barcode7p5_barcode_moderate,Nye,Nye similarity score,0.401462456330142
FateScape_BetaSensitivity,dropout_stress,state2p5_barcode7p5_barcode_moderate,Nye,Nye similarity score,0.405164729540806
FateScape_BetaSensitivity,dropout_stress,state2p5_barcode7p5_barcode_moderate,Nye,Nye similarity score,0.415312092810972
FateScape_BetaSensitivity,dropout_stress,state2p5_barcode7p5_barcode_moderate,Nye,Nye similarity score,0.38942954892628
FateScape_BetaSensitivity,dropout_stress,state2p5_barcode7p5_barcode_moderate,Nye,Nye similarity score,0.400599415617116
FateScape_BetaSensitivity,default,state7p5_barcode2p5_state_moderate,Nye,Nye similarity score,0.453187789676786
FateScape_BetaSensitivity,default,state7p5_barcode2p5_state_moderate,Nye,Nye similarity score,0.467935891228359
FateScape_BetaSensitivity,default,state7p5_barcode2p5_state_moderate,Nye,Nye similarity score,0.466314387106844
FateScape_BetaSensitivity,default,state7p5_barcode2p5_state_moderate,Nye,Nye similarity score,0.469880230695116
FateScape_BetaSensitivity,default,state7p5_barcode2p5_state_moderate,Nye,Nye similarity score,0.426697544600686
FateScape_BetaSensitivity,default,state7p5_barcode2p5_state_moderate,Nye,Nye similarity score,0.444048564
FateScape_BetaSensitivity,dropout_stress,state7p5_barcode2p5_state_moderate,Nye,Nye similarity score,0.409380999355641
FateScape_BetaSensitivity,dropout_stress,state7p5_barcode2p5_state_moderate,Nye,Nye similarity score,0.410901344838969
FateScape_BetaSensitivity,dropout_stress,state7p5_barcode2p5_state_moderate,Nye,Nye similarity score,0.414171551566132
FateScape_BetaSensitivity,dropout_stress,state7p5_barcode2p5_state_moderate,Nye,Nye similarity score,0.425912139690139
FateScape_BetaSensitivity,dropout_stress,state7p5_barcode2p5_state_moderate,Nye,Nye similarity score,0.401217424728973
FateScape_BetaSensitivity,dropout_stress,state7p5_barcode2p5_state_moderate,Nye,Nye similarity score,0.413371248403416
FateScape_BetaSensitivity,default,state0_barcode5_barcode_only,TreeDistance,Generalized RF distance,0.562581800798156
FateScape_BetaSensitivity,default,state0_barcode5_barcode_only,TreeDistance,Generalized RF distance,0.580222321714043
FateScape_BetaSensitivity,default,state0_barcode5_barcode_only,TreeDistance,Generalized RF distance,0.532773474756822
FateScape_BetaSensitivity,default,state0_barcode5_barcode_only,TreeDistance,Generalized RF distance,0.54655772922309
FateScape_BetaSensitivity,default,state0_barcode5_barcode_only,TreeDistance,Generalized RF distance,0.59546859940873
FateScape_BetaSensitivity,default,state0_barcode5_barcode_only,TreeDistance,Generalized RF distance,0.57072464099983
FateScape_BetaSensitivity,dropout_stress,state0_barcode5_barcode_only,TreeDistance,Generalized RF distance,0.58045248298611
FateScape_BetaSensitivity,dropout_stress,state0_barcode5_barcode_only,TreeDistance,Generalized RF distance,0.619972906341258
FateScape_BetaSensitivity,dropout_stress,state0_barcode5_barcode_only,TreeDistance,Generalized RF distance,0.634342186266224
FateScape_BetaSensitivity,dropout_stress,state0_barcode5_barcode_only,TreeDistance,Generalized RF distance,0.622321074521169
FateScape_BetaSensitivity,dropout_stress,state0_barcode5_barcode_only,TreeDistance,Generalized RF distance,0.644926092523083
FateScape_BetaSensitivity,dropout_stress,state0_barcode5_barcode_only,TreeDistance,Generalized RF distance,0.631062119870482
FateScape_BetaSensitivity,default,state5_barcode0_state_only,TreeDistance,Generalized RF distance,0.568023341589616
FateScape_BetaSensitivity,default,state5_barcode0_state_only,TreeDistance,Generalized RF distance,0.556751189278761
FateScape_BetaSensitivity,default,state5_barcode0_state_only,TreeDistance,Generalized RF distance,0.545923223486258
FateScape_BetaSensitivity,default,state5_barcode0_state_only,TreeDistance,Generalized RF distance,0.538328195214854
FateScape_BetaSensitivity,default,state5_barcode0_state_only,TreeDistance,Generalized RF distance,0.598007312769231
FateScape_BetaSensitivity,default,state5_barcode0_state_only,TreeDistance,Generalized RF distance,0.58139770849412
FateScape_BetaSensitivity,dropout_stress,state5_barcode0_state_only,TreeDistance,Generalized RF distance,0.578565770110575
FateScape_BetaSensitivity,dropout_stress,state5_barcode0_state_only,TreeDistance,Generalized RF distance,0.627063566168517
FateScape_BetaSensitivity,dropout_stress,state5_barcode0_state_only,TreeDistance,Generalized RF distance,0.663209257312139
FateScape_BetaSensitivity,dropout_stress,state5_barcode0_state_only,TreeDistance,Generalized RF distance,0.645739526856532
FateScape_BetaSensitivity,dropout_stress,state5_barcode0_state_only,TreeDistance,Generalized RF distance,0.65657864732012
FateScape_BetaSensitivity,dropout_stress,state5_barcode0_state_only,TreeDistance,Generalized RF distance,0.631257901129505
FateScape_BetaSensitivity,default,state5_barcode5_default,TreeDistance,Generalized RF distance,0.563072595150821
FateScape_BetaSensitivity,default,state5_barcode5_default,TreeDistance,Generalized RF distance,0.592534574520398
FateScape_BetaSensitivity,default,state5_barcode5_default,TreeDistance,Generalized RF distance,0.562477083430059
FateScape_BetaSensitivity,default,state5_barcode5_default,TreeDistance,Generalized RF distance,0.60446270752025
FateScape_BetaSensitivity,default,state5_barcode5_default,TreeDistance,Generalized RF distance,0.622385934576744
FateScape_BetaSensitivity,default,state5_barcode5_default,TreeDistance,Generalized RF distance,0.588619909847857
FateScape_BetaSensitivity,dropout_stress,state5_barcode5_default,TreeDistance,Generalized RF distance,0.617006080410821
FateScape_BetaSensitivity,dropout_stress,state5_barcode5_default,TreeDistance,Generalized RF distance,0.661227096156919
FateScape_BetaSensitivity,dropout_stress,state5_barcode5_default,TreeDistance,Generalized RF distance,0.70220125462429
FateScape_BetaSensitivity,dropout_stress,state5_barcode5_default,TreeDistance,Generalized RF distance,0.665800137171712
FateScape_BetaSensitivity,dropout_stress,state5_barcode5_default,TreeDistance,Generalized RF distance,0.653855250853839
FateScape_BetaSensitivity,dropout_stress,state5_barcode5_default,TreeDistance,Generalized RF distance,0.649689669407063
FateScape_BetaSensitivity,default,state5_barcode10_barcode_dominant,TreeDistance,Generalized RF distance,0.582074746008454
FateScape_BetaSensitivity,default,state5_barcode10_barcode_dominant,TreeDistance,Generalized RF distance,0.593545041469567
FateScape_BetaSensitivity,default,state5_barcode10_barcode_dominant,TreeDistance,Generalized RF distance,0.562112793585583
FateScape_BetaSensitivity,default,state5_barcode10_barcode_dominant,TreeDistance,Generalized RF distance,0.619265533702196
FateScape_BetaSensitivity,default,state5_barcode10_barcode_dominant,TreeDistance,Generalized RF distance,0.635640896462405
FateScape_BetaSensitivity,default,state5_barcode10_barcode_dominant,TreeDistance,Generalized RF distance,0.592629191852929
FateScape_BetaSensitivity,dropout_stress,state5_barcode10_barcode_dominant,TreeDistance,Generalized RF distance,0.616433899525824
FateScape_BetaSensitivity,dropout_stress,state5_barcode10_barcode_dominant,TreeDistance,Generalized RF distance,0.687752676399074
FateScape_BetaSensitivity,dropout_stress,state5_barcode10_barcode_dominant,TreeDistance,Generalized RF distance,0.698602995191542
FateScape_BetaSensitivity,dropout_stress,state5_barcode10_barcode_dominant,TreeDistance,Generalized RF distance,0.64220458551191
FateScape_BetaSensitivity,dropout_stress,state5_barcode10_barcode_dominant,TreeDistance,Generalized RF distance,0.645339720157713
FateScape_BetaSensitivity,dropout_stress,state5_barcode10_barcode_dominant,TreeDistance,Generalized RF distance,0.689330048248093
FateScape_BetaSensitivity,default,state10_barcode5_state_dominant,TreeDistance,Generalized RF distance,0.555753730652477
FateScape_BetaSensitivity,default,state10_barcode5_state_dominant,TreeDistance,Generalized RF distance,0.566668211874964
FateScape_BetaSensitivity,default,state10_barcode5_state_dominant,TreeDistance,Generalized RF distance,0.533657019841582
FateScape_BetaSensitivity,default,state10_barcode5_state_dominant,TreeDistance,Generalized RF distance,0.562623544392516
FateScape_BetaSensitivity,default,state10_barcode5_state_dominant,TreeDistance,Generalized RF distance,0.606210765742685
FateScape_BetaSensitivity,default,state10_barcode5_state_dominant,TreeDistance,Generalized RF distance,0.584124384725035
FateScape_BetaSensitivity,dropout_stress,state10_barcode5_state_dominant,TreeDistance,Generalized RF distance,0.574447339079265
FateScape_BetaSensitivity,dropout_stress,state10_barcode5_state_dominant,TreeDistance,Generalized RF distance,0.666687668679056
FateScape_BetaSensitivity,dropout_stress,state10_barcode5_state_dominant,TreeDistance,Generalized RF distance,0.644649964517306
FateScape_BetaSensitivity,dropout_stress,state10_barcode5_state_dominant,TreeDistance,Generalized RF distance,0.668052704308787
FateScape_BetaSensitivity,dropout_stress,state10_barcode5_state_dominant,TreeDistance,Generalized RF distance,0.661183226942752
FateScape_BetaSensitivity,dropout_stress,state10_barcode5_state_dominant,TreeDistance,Generalized RF distance,0.647270526262326
FateScape_BetaSensitivity,default,state2p5_barcode7p5_barcode_moderate,TreeDistance,Generalized RF distance,0.558093969688671
FateScape_BetaSensitivity,default,state2p5_barcode7p5_barcode_moderate,TreeDistance,Generalized RF distance,0.598221012826231
FateScape_BetaSensitivity,default,state2p5_barcode7p5_barcode_moderate,TreeDistance,Generalized RF distance,0.596904894857423
FateScape_BetaSensitivity,default,state2p5_barcode7p5_barcode_moderate,TreeDistance,Generalized RF distance,0.607873493435163
FateScape_BetaSensitivity,default,state2p5_barcode7p5_barcode_moderate,TreeDistance,Generalized RF distance,0.648889233359306
FateScape_BetaSensitivity,default,state2p5_barcode7p5_barcode_moderate,TreeDistance,Generalized RF distance,0.592677683277256
FateScape_BetaSensitivity,dropout_stress,state2p5_barcode7p5_barcode_moderate,TreeDistance,Generalized RF distance,0.657913735398535
FateScape_BetaSensitivity,dropout_stress,state2p5_barcode7p5_barcode_moderate,TreeDistance,Generalized RF distance,0.677578053943802
FateScape_BetaSensitivity,dropout_stress,state2p5_barcode7p5_barcode_moderate,TreeDistance,Generalized RF distance,0.683669858040954
FateScape_BetaSensitivity,dropout_stress,state2p5_barcode7p5_barcode_moderate,TreeDistance,Generalized RF distance,0.678859188475937
FateScape_BetaSensitivity,dropout_stress,state2p5_barcode7p5_barcode_moderate,TreeDistance,Generalized RF distance,0.675356742016527
FateScape_BetaSensitivity,dropout_stress,state2p5_barcode7p5_barcode_moderate,TreeDistance,Generalized RF distance,0.681167718586492
FateScape_BetaSensitivity,default,state7p5_barcode2p5_state_moderate,TreeDistance,Generalized RF distance,0.55912442554498
FateScape_BetaSensitivity,default,state7p5_barcode2p5_state_moderate,TreeDistance,Generalized RF distance,0.563658803323516
FateScape_BetaSensitivity,default,state7p5_barcode2p5_state_moderate,TreeDistance,Generalized RF distance,0.54679692676835
FateScape_BetaSensitivity,default,state7p5_barcode2p5_state_moderate,TreeDistance,Generalized RF distance,0.537202122859648
FateScape_BetaSensitivity,default,state7p5_barcode2p5_state_moderate,TreeDistance,Generalized RF distance,0.619002333441244
FateScape_BetaSensitivity,default,state7p5_barcode2p5_state_moderate,TreeDistance,Generalized RF distance,0.590856423191253
FateScape_BetaSensitivity,dropout_stress,state7p5_barcode2p5_state_moderate,TreeDistance,Generalized RF distance,0.590369495364351
FateScape_BetaSensitivity,dropout_stress,state7p5_barcode2p5_state_moderate,TreeDistance,Generalized RF distance,0.655369921555554
FateScape_BetaSensitivity,dropout_stress,state7p5_barcode2p5_state_moderate,TreeDistance,Generalized RF distance,0.66690406406692
FateScape_BetaSensitivity,dropout_stress,state7p5_barcode2p5_state_moderate,TreeDistance,Generalized RF distance,0.649877732812877
FateScape_BetaSensitivity,dropout_stress,state7p5_barcode2p5_state_moderate,TreeDistance,Generalized RF distance,0.648548076920911
FateScape_BetaSensitivity,dropout_stress,state7p5_barcode2p5_state_moderate,TreeDistance,Generalized RF distance,0.635429171496806
FateScape_BetaSensitivity,default,state0_barcode5_barcode_only,RF_normalized,RF distance,0.878550440744368
FateScape_BetaSensitivity,default,state0_barcode5_barcode_only,RF_normalized,RF distance,0.860920666013712
FateScape_BetaSensitivity,default,state0_barcode5_barcode_only,RF_normalized,RF distance,0.853085210577865
FateScape_BetaSensitivity,default,state0_barcode5_barcode_only,RF_normalized,RF distance,0.871694417238002
FateScape_BetaSensitivity,default,state0_barcode5_barcode_only,RF_normalized,RF distance,0.889324191968658
FateScape_BetaSensitivity,default,state0_barcode5_barcode_only,RF_normalized,RF distance,0.868756121449559
FateScape_BetaSensitivity,dropout_stress,state0_barcode5_barcode_only,RF_normalized,RF distance,0.904015670910872
FateScape_BetaSensitivity,dropout_stress,state0_barcode5_barcode_only,RF_normalized,RF distance,0.894221351616063
FateScape_BetaSensitivity,dropout_stress,state0_barcode5_barcode_only,RF_normalized,RF distance,0.881488736532811
FateScape_BetaSensitivity,dropout_stress,state0_barcode5_barcode_only,RF_normalized,RF distance,0.877571008814887
FateScape_BetaSensitivity,dropout_stress,state0_barcode5_barcode_only,RF_normalized,RF distance,0.90205680705191
FateScape_BetaSensitivity,dropout_stress,state0_barcode5_barcode_only,RF_normalized,RF distance,0.899118511263467
FateScape_BetaSensitivity,default,state5_barcode0_state_only,RF_normalized,RF distance,0.879529872673849
FateScape_BetaSensitivity,default,state5_barcode0_state_only,RF_normalized,RF distance,0.860920666013712
FateScape_BetaSensitivity,default,state5_barcode0_state_only,RF_normalized,RF distance,0.853085210577865
FateScape_BetaSensitivity,default,state5_barcode0_state_only,RF_normalized,RF distance,0.870714985308521
FateScape_BetaSensitivity,default,state5_barcode0_state_only,RF_normalized,RF distance,0.889324191968658
FateScape_BetaSensitivity,default,state5_barcode0_state_only,RF_normalized,RF distance,0.866797257590597
FateScape_BetaSensitivity,dropout_stress,state5_barcode0_state_only,RF_normalized,RF distance,0.903036238981391
FateScape_BetaSensitivity,dropout_stress,state5_barcode0_state_only,RF_normalized,RF distance,0.893241919686582
FateScape_BetaSensitivity,dropout_stress,state5_barcode0_state_only,RF_normalized,RF distance,0.883447600391773
FateScape_BetaSensitivity,dropout_stress,state5_barcode0_state_only,RF_normalized,RF distance,0.879529872673849
FateScape_BetaSensitivity,dropout_stress,state5_barcode0_state_only,RF_normalized,RF distance,0.901077375122429
FateScape_BetaSensitivity,dropout_stress,state5_barcode0_state_only,RF_normalized,RF distance,0.901077375122429
FateScape_BetaSensitivity,default,state5_barcode5_default,RF_normalized,RF distance,0.879529872673849
FateScape_BetaSensitivity,default,state5_barcode5_default,RF_normalized,RF distance,0.860920666013712
FateScape_BetaSensitivity,default,state5_barcode5_default,RF_normalized,RF distance,0.855044074436827
FateScape_BetaSensitivity,default,state5_barcode5_default,RF_normalized,RF distance,0.870714985308521
FateScape_BetaSensitivity,default,state5_barcode5_default,RF_normalized,RF distance,0.89128305582762
FateScape_BetaSensitivity,default,state5_barcode5_default,RF_normalized,RF distance,0.86973555337904
FateScape_BetaSensitivity,dropout_stress,state5_barcode5_default,RF_normalized,RF distance,0.903036238981391
FateScape_BetaSensitivity,dropout_stress,state5_barcode5_default,RF_normalized,RF distance,0.895200783545544
FateScape_BetaSensitivity,dropout_stress,state5_barcode5_default,RF_normalized,RF distance,0.882468168462292
FateScape_BetaSensitivity,dropout_stress,state5_barcode5_default,RF_normalized,RF distance,0.879529872673849
FateScape_BetaSensitivity,dropout_stress,state5_barcode5_default,RF_normalized,RF distance,0.90205680705191
FateScape_BetaSensitivity,dropout_stress,state5_barcode5_default,RF_normalized,RF distance,0.901077375122429
FateScape_BetaSensitivity,default,state5_barcode10_barcode_dominant,RF_normalized,RF distance,0.882468168462292
FateScape_BetaSensitivity,default,state5_barcode10_barcode_dominant,RF_normalized,RF distance,0.860920666013712
FateScape_BetaSensitivity,default,state5_barcode10_barcode_dominant,RF_normalized,RF distance,0.854064642507346
FateScape_BetaSensitivity,default,state5_barcode10_barcode_dominant,RF_normalized,RF distance,0.872673849167483
FateScape_BetaSensitivity,default,state5_barcode10_barcode_dominant,RF_normalized,RF distance,0.89128305582762
FateScape_BetaSensitivity,default,state5_barcode10_barcode_dominant,RF_normalized,RF distance,0.867776689520078
FateScape_BetaSensitivity,dropout_stress,state5_barcode10_barcode_dominant,RF_normalized,RF distance,0.90205680705191
FateScape_BetaSensitivity,dropout_stress,state5_barcode10_barcode_dominant,RF_normalized,RF distance,0.896180215475024
FateScape_BetaSensitivity,dropout_stress,state5_barcode10_barcode_dominant,RF_normalized,RF distance,0.884427032321254
FateScape_BetaSensitivity,dropout_stress,state5_barcode10_barcode_dominant,RF_normalized,RF distance,0.881488736532811
FateScape_BetaSensitivity,dropout_stress,state5_barcode10_barcode_dominant,RF_normalized,RF distance,0.901077375122429
FateScape_BetaSensitivity,dropout_stress,state5_barcode10_barcode_dominant,RF_normalized,RF distance,0.901077375122429
FateScape_BetaSensitivity,default,state10_barcode5_state_dominant,RF_normalized,RF distance,0.879529872673849
FateScape_BetaSensitivity,default,state10_barcode5_state_dominant,RF_normalized,RF distance,0.861900097943193
FateScape_BetaSensitivity,default,state10_barcode5_state_dominant,RF_normalized,RF distance,0.853085210577865
FateScape_BetaSensitivity,default,state10_barcode5_state_dominant,RF_normalized,RF distance,0.875612144955926
FateScape_BetaSensitivity,default,state10_barcode5_state_dominant,RF_normalized,RF distance,0.890303623898139
FateScape_BetaSensitivity,default,state10_barcode5_state_dominant,RF_normalized,RF distance,0.867776689520078
FateScape_BetaSensitivity,dropout_stress,state10_barcode5_state_dominant,RF_normalized,RF distance,0.904015670910872
FateScape_BetaSensitivity,dropout_stress,state10_barcode5_state_dominant,RF_normalized,RF distance,0.894221351616063
FateScape_BetaSensitivity,dropout_stress,state10_barcode5_state_dominant,RF_normalized,RF distance,0.883447600391773
FateScape_BetaSensitivity,dropout_stress,state10_barcode5_state_dominant,RF_normalized,RF distance,0.877571008814887
FateScape_BetaSensitivity,dropout_stress,state10_barcode5_state_dominant,RF_normalized,RF distance,0.903036238981391
FateScape_BetaSensitivity,dropout_stress,state10_barcode5_state_dominant,RF_normalized,RF distance,0.90205680705191
FateScape_BetaSensitivity,default,state2p5_barcode7p5_barcode_moderate,RF_normalized,RF distance,0.88050930460333
FateScape_BetaSensitivity,default,state2p5_barcode7p5_barcode_moderate,RF_normalized,RF distance,0.860920666013712
FateScape_BetaSensitivity,default,state2p5_barcode7p5_barcode_moderate,RF_normalized,RF distance,0.853085210577865
FateScape_BetaSensitivity,default,state2p5_barcode7p5_barcode_moderate,RF_normalized,RF distance,0.873653281096964
FateScape_BetaSensitivity,default,state2p5_barcode7p5_barcode_moderate,RF_normalized,RF distance,0.89128305582762
FateScape_BetaSensitivity,default,state2p5_barcode7p5_barcode_moderate,RF_normalized,RF distance,0.867776689520078
FateScape_BetaSensitivity,dropout_stress,state2p5_barcode7p5_barcode_moderate,RF_normalized,RF distance,0.90205680705191
FateScape_BetaSensitivity,dropout_stress,state2p5_barcode7p5_barcode_moderate,RF_normalized,RF distance,0.894221351616063
FateScape_BetaSensitivity,dropout_stress,state2p5_barcode7p5_barcode_moderate,RF_normalized,RF distance,0.882468168462292
FateScape_BetaSensitivity,dropout_stress,state2p5_barcode7p5_barcode_moderate,RF_normalized,RF distance,0.879529872673849
FateScape_BetaSensitivity,dropout_stress,state2p5_barcode7p5_barcode_moderate,RF_normalized,RF distance,0.90205680705191
FateScape_BetaSensitivity,dropout_stress,state2p5_barcode7p5_barcode_moderate,RF_normalized,RF distance,0.901077375122429
FateScape_BetaSensitivity,default,state7p5_barcode2p5_state_moderate,RF_normalized,RF distance,0.878550440744368
FateScape_BetaSensitivity,default,state7p5_barcode2p5_state_moderate,RF_normalized,RF distance,0.860920666013712
FateScape_BetaSensitivity,default,state7p5_barcode2p5_state_moderate,RF_normalized,RF distance,0.853085210577865
FateScape_BetaSensitivity,default,state7p5_barcode2p5_state_moderate,RF_normalized,RF distance,0.867776689520078
FateScape_BetaSensitivity,default,state7p5_barcode2p5_state_moderate,RF_normalized,RF distance,0.893241919686582
FateScape_BetaSensitivity,default,state7p5_barcode2p5_state_moderate,RF_normalized,RF distance,0.86973555337904
FateScape_BetaSensitivity,dropout_stress,state7p5_barcode2p5_state_moderate,RF_normalized,RF distance,0.904995102840353
FateScape_BetaSensitivity,dropout_stress,state7p5_barcode2p5_state_moderate,RF_normalized,RF distance,0.893241919686582
FateScape_BetaSensitivity,dropout_stress,state7p5_barcode2p5_state_moderate,RF_normalized,RF distance,0.88050930460333
FateScape_BetaSensitivity,dropout_stress,state7p5_barcode2p5_state_moderate,RF_normalized,RF distance,0.879529872673849
FateScape_BetaSensitivity,dropout_stress,state7p5_barcode2p5_state_moderate,RF_normalized,RF distance,0.901077375122429
FateScape_BetaSensitivity,dropout_stress,state7p5_barcode2p5_state_moderate,RF_normalized,RF distance,0.899118511263467
FateScape_HammingWeightSensitivity,default,uniform,Nye,Nye similarity score,0.446279432100451
FateScape_HammingWeightSensitivity,default,uniform,Nye,Nye similarity score,0.461552288131262
FateScape_HammingWeightSensitivity,default,uniform,Nye,Nye similarity score,0.46392478108249
FateScape_HammingWeightSensitivity,default,uniform,Nye,Nye similarity score,0.459155859821094
FateScape_HammingWeightSensitivity,default,uniform,Nye,Nye similarity score,0.41738654876134
FateScape_HammingWeightSensitivity,dropout_stress,uniform,Nye,Nye similarity score,0.413548292617344
FateScape_HammingWeightSensitivity,dropout_stress,uniform,Nye,Nye similarity score,0.417617775952506
FateScape_HammingWeightSensitivity,dropout_stress,uniform,Nye,Nye similarity score,0.436335543129498
FateScape_HammingWeightSensitivity,dropout_stress,uniform,Nye,Nye similarity score,0.399145298746343
FateScape_HammingWeightSensitivity,dropout_stress,uniform,Nye,Nye similarity score,0.411124684108127
FateScape_HammingWeightSensitivity,default,inverse_k_strict,Nye,Nye similarity score,0.453876797641997
FateScape_HammingWeightSensitivity,default,inverse_k_strict,Nye,Nye similarity score,0.464370684032753
FateScape_HammingWeightSensitivity,default,inverse_k_strict,Nye,Nye similarity score,0.462059264333566
FateScape_HammingWeightSensitivity,default,inverse_k_strict,Nye,Nye similarity score,0.466136803993682
FateScape_HammingWeightSensitivity,default,inverse_k_strict,Nye,Nye similarity score,0.429850686613827
FateScape_HammingWeightSensitivity,default,inverse_k_strict,Nye,Nye similarity score,0.452744705646084
FateScape_HammingWeightSensitivity,dropout_stress,inverse_k_strict,Nye,Nye similarity score,0.411373772528569
FateScape_HammingWeightSensitivity,dropout_stress,inverse_k_strict,Nye,Nye similarity score,0.415137956091591
FateScape_HammingWeightSensitivity,dropout_stress,inverse_k_strict,Nye,Nye similarity score,0.423899046989004
FateScape_HammingWeightSensitivity,dropout_stress,inverse_k_strict,Nye,Nye similarity score,0.437552101195339
FateScape_HammingWeightSensitivity,dropout_stress,inverse_k_strict,Nye,Nye similarity score,0.400799531174289
FateScape_HammingWeightSensitivity,dropout_stress,inverse_k_strict,Nye,Nye similarity score,0.411236516976339
FateScape_HammingWeightSensitivity,default,inverse_sqrt_kplus1,Nye,Nye similarity score,0.453245141485273
FateScape_HammingWeightSensitivity,default,inverse_sqrt_kplus1,Nye,Nye similarity score,0.46952507829835
FateScape_HammingWeightSensitivity,default,inverse_sqrt_kplus1,Nye,Nye similarity score,0.469202955300465
FateScape_HammingWeightSensitivity,default,inverse_sqrt_kplus1,Nye,Nye similarity score,0.469551129386771
FateScape_HammingWeightSensitivity,default,inverse_sqrt_kplus1,Nye,Nye similarity score,0.432975841760117
FateScape_HammingWeightSensitivity,default,inverse_sqrt_kplus1,Nye,Nye similarity score,0.453006861085074
FateScape_HammingWeightSensitivity,dropout_stress,inverse_sqrt_kplus1,Nye,Nye similarity score,0.411876411304432
FateScape_HammingWeightSensitivity,dropout_stress,inverse_sqrt_kplus1,Nye,Nye similarity score,0.419034677538255
FateScape_HammingWeightSensitivity,dropout_stress,inverse_sqrt_kplus1,Nye,Nye similarity score,0.41865659241525
FateScape_HammingWeightSensitivity,dropout_stress,inverse_sqrt_kplus1,Nye,Nye similarity score,0.434674536169189
FateScape_HammingWeightSensitivity,dropout_stress,inverse_sqrt_kplus1,Nye,Nye similarity score,0.406375970300648
FateScape_HammingWeightSensitivity,dropout_stress,inverse_sqrt_kplus1,Nye,Nye similarity score,0.412970631510181
FateScape_HammingWeightSensitivity,default,inverse_kplus1_default,Nye,Nye similarity score,0.457218938107165
FateScape_HammingWeightSensitivity,default,inverse_kplus1_default,Nye,Nye similarity score,0.469089929609763
FateScape_HammingWeightSensitivity,default,inverse_kplus1_default,Nye,Nye similarity score,0.467720173895856
FateScape_HammingWeightSensitivity,default,inverse_kplus1_default,Nye,Nye similarity score,0.465771680126861
FateScape_HammingWeightSensitivity,default,inverse_kplus1_default,Nye,Nye similarity score,0.42973380096832
FateScape_HammingWeightSensitivity,default,inverse_kplus1_default,Nye,Nye similarity score,0.450776352427503
FateScape_HammingWeightSensitivity,dropout_stress,inverse_kplus1_default,Nye,Nye similarity score,0.411055247482612
FateScape_HammingWeightSensitivity,dropout_stress,inverse_kplus1_default,Nye,Nye similarity score,0.401218051564288
FateScape_HammingWeightSensitivity,dropout_stress,inverse_kplus1_default,Nye,Nye similarity score,0.412430356320899
FateScape_HammingWeightSensitivity,dropout_stress,inverse_kplus1_default,Nye,Nye similarity score,0.420378263924505
FateScape_HammingWeightSensitivity,dropout_stress,inverse_kplus1_default,Nye,Nye similarity score,0.40595791570014
FateScape_HammingWeightSensitivity,dropout_stress,inverse_kplus1_default,Nye,Nye similarity score,0.406088650017611
FateScape_HammingWeightSensitivity,default,inverse_square_kplus1,Nye,Nye similarity score,0.446823307702537
FateScape_HammingWeightSensitivity,default,inverse_square_kplus1,Nye,Nye similarity score,0.460859575391003
FateScape_HammingWeightSensitivity,default,inverse_square_kplus1,Nye,Nye similarity score,0.465904438139876
FateScape_HammingWeightSensitivity,default,inverse_square_kplus1,Nye,Nye similarity score,0.459175225364221
FateScape_HammingWeightSensitivity,default,inverse_square_kplus1,Nye,Nye similarity score,0.426023566585644
FateScape_HammingWeightSensitivity,default,inverse_square_kplus1,Nye,Nye similarity score,0.441380319570216
FateScape_HammingWeightSensitivity,dropout_stress,inverse_square_kplus1,Nye,Nye similarity score,0.401317198864165
FateScape_HammingWeightSensitivity,dropout_stress,inverse_square_kplus1,Nye,Nye similarity score,0.415192685124463
FateScape_HammingWeightSensitivity,dropout_stress,inverse_square_kplus1,Nye,Nye similarity score,0.395031242504214
FateScape_HammingWeightSensitivity,dropout_stress,inverse_square_kplus1,Nye,Nye similarity score,0.416210853913616
FateScape_HammingWeightSensitivity,dropout_stress,inverse_square_kplus1,Nye,Nye similarity score,0.378936828986053
FateScape_HammingWeightSensitivity,dropout_stress,inverse_square_kplus1,Nye,Nye similarity score,0.403393853183909
FateScape_HammingWeightSensitivity,default,exponential_mild,Nye,Nye similarity score,0.455138263114502
FateScape_HammingWeightSensitivity,default,exponential_mild,Nye,Nye similarity score,0.467508296308875
FateScape_HammingWeightSensitivity,default,exponential_mild,Nye,Nye similarity score,0.467935830671308
FateScape_HammingWeightSensitivity,default,exponential_mild,Nye,Nye similarity score,0.468882540012803
FateScape_HammingWeightSensitivity,default,exponential_mild,Nye,Nye similarity score,0.433305234548128
FateScape_HammingWeightSensitivity,default,exponential_mild,Nye,Nye similarity score,0.452460731440172
FateScape_HammingWeightSensitivity,dropout_stress,exponential_mild,Nye,Nye similarity score,0.418285990866131
FateScape_HammingWeightSensitivity,dropout_stress,exponential_mild,Nye,Nye similarity score,0.413825571238001
FateScape_HammingWeightSensitivity,dropout_stress,exponential_mild,Nye,Nye similarity score,0.414043716579435
FateScape_HammingWeightSensitivity,dropout_stress,exponential_mild,Nye,Nye similarity score,0.427689131635646
FateScape_HammingWeightSensitivity,dropout_stress,exponential_mild,Nye,Nye similarity score,0.404590821518649
FateScape_HammingWeightSensitivity,dropout_stress,exponential_mild,Nye,Nye similarity score,0.413309836879676
FateScape_HammingWeightSensitivity,default,exponential_strong,Nye,Nye similarity score,0.448790309926039
FateScape_HammingWeightSensitivity,default,exponential_strong,Nye,Nye similarity score,0.452018187161897
FateScape_HammingWeightSensitivity,default,exponential_strong,Nye,Nye similarity score,0.459559717774592
FateScape_HammingWeightSensitivity,default,exponential_strong,Nye,Nye similarity score,0.460271377436147
FateScape_HammingWeightSensitivity,default,exponential_strong,Nye,Nye similarity score,0.426144053596927
FateScape_HammingWeightSensitivity,default,exponential_strong,Nye,Nye similarity score,0.438931896499321
FateScape_HammingWeightSensitivity,dropout_stress,exponential_strong,Nye,Nye similarity score,0.40118602928879
FateScape_HammingWeightSensitivity,dropout_stress,exponential_strong,Nye,Nye similarity score,0.400460704010807
FateScape_HammingWeightSensitivity,dropout_stress,exponential_strong,Nye,Nye similarity score,0.398544418934834
FateScape_HammingWeightSensitivity,dropout_stress,exponential_strong,Nye,Nye similarity score,0.408096277970466
FateScape_HammingWeightSensitivity,dropout_stress,exponential_strong,Nye,Nye similarity score,0.389630118874282
FateScape_HammingWeightSensitivity,dropout_stress,exponential_strong,Nye,Nye similarity score,0.404834475723635
FateScape_HammingWeightSensitivity,default,uniform,TreeDistance,Generalized RF distance,0.550788752251903
FateScape_HammingWeightSensitivity,default,uniform,TreeDistance,Generalized RF distance,0.583649095475813
FateScape_HammingWeightSensitivity,default,uniform,TreeDistance,Generalized RF distance,0.559969608506274
FateScape_HammingWeightSensitivity,default,uniform,TreeDistance,Generalized RF distance,0.576304651816818
FateScape_HammingWeightSensitivity,default,uniform,TreeDistance,Generalized RF distance,0.65454753419295
FateScape_HammingWeightSensitivity,dropout_stress,uniform,TreeDistance,Generalized RF distance,0.649365501398319
FateScape_HammingWeightSensitivity,dropout_stress,uniform,TreeDistance,Generalized RF distance,0.658665944127427
FateScape_HammingWeightSensitivity,dropout_stress,uniform,TreeDistance,Generalized RF distance,0.63148555399889
FateScape_HammingWeightSensitivity,dropout_stress,uniform,TreeDistance,Generalized RF distance,0.648598251405487
FateScape_HammingWeightSensitivity,dropout_stress,uniform,TreeDistance,Generalized RF distance,0.630584827082518
FateScape_HammingWeightSensitivity,default,inverse_k_strict,TreeDistance,Generalized RF distance,0.540186483757178
FateScape_HammingWeightSensitivity,default,inverse_k_strict,TreeDistance,Generalized RF distance,0.584549774186711
FateScape_HammingWeightSensitivity,default,inverse_k_strict,TreeDistance,Generalized RF distance,0.554491128620513
FateScape_HammingWeightSensitivity,default,inverse_k_strict,TreeDistance,Generalized RF distance,0.563990302345843
FateScape_HammingWeightSensitivity,default,inverse_k_strict,TreeDistance,Generalized RF distance,0.613219115501734
FateScape_HammingWeightSensitivity,default,inverse_k_strict,TreeDistance,Generalized RF distance,0.562040055255284
FateScape_HammingWeightSensitivity,dropout_stress,inverse_k_strict,TreeDistance,Generalized RF distance,0.599912904095853
FateScape_HammingWeightSensitivity,dropout_stress,inverse_k_strict,TreeDistance,Generalized RF distance,0.64403860865634
FateScape_HammingWeightSensitivity,dropout_stress,inverse_k_strict,TreeDistance,Generalized RF distance,0.637290746828359
FateScape_HammingWeightSensitivity,dropout_stress,inverse_k_strict,TreeDistance,Generalized RF distance,0.623809762831442
FateScape_HammingWeightSensitivity,dropout_stress,inverse_k_strict,TreeDistance,Generalized RF distance,0.656449351495498
FateScape_HammingWeightSensitivity,dropout_stress,inverse_k_strict,TreeDistance,Generalized RF distance,0.631714668312009
FateScape_HammingWeightSensitivity,default,inverse_sqrt_kplus1,TreeDistance,Generalized RF distance,0.562146210267152
FateScape_HammingWeightSensitivity,default,inverse_sqrt_kplus1,TreeDistance,Generalized RF distance,0.544229068772254
FateScape_HammingWeightSensitivity,default,inverse_sqrt_kplus1,TreeDistance,Generalized RF distance,0.534461278609536
FateScape_HammingWeightSensitivity,default,inverse_sqrt_kplus1,TreeDistance,Generalized RF distance,0.551245537977019
FateScape_HammingWeightSensitivity,default,inverse_sqrt_kplus1,TreeDistance,Generalized RF distance,0.608236724729647
FateScape_HammingWeightSensitivity,default,inverse_sqrt_kplus1,TreeDistance,Generalized RF distance,0.571306767906381
FateScape_HammingWeightSensitivity,dropout_stress,inverse_sqrt_kplus1,TreeDistance,Generalized RF distance,0.605963808765911
FateScape_HammingWeightSensitivity,dropout_stress,inverse_sqrt_kplus1,TreeDistance,Generalized RF distance,0.635782674031204
FateScape_HammingWeightSensitivity,dropout_stress,inverse_sqrt_kplus1,TreeDistance,Generalized RF distance,0.643302645881853
FateScape_HammingWeightSensitivity,dropout_stress,inverse_sqrt_kplus1,TreeDistance,Generalized RF distance,0.622962733844305
FateScape_HammingWeightSensitivity,dropout_stress,inverse_sqrt_kplus1,TreeDistance,Generalized RF distance,0.635280073518317
FateScape_HammingWeightSensitivity,dropout_stress,inverse_sqrt_kplus1,TreeDistance,Generalized RF distance,0.63906787602885
FateScape_HammingWeightSensitivity,default,inverse_kplus1_default,TreeDistance,Generalized RF distance,0.532050068634522
FateScape_HammingWeightSensitivity,default,inverse_kplus1_default,TreeDistance,Generalized RF distance,0.548421569137226
FateScape_HammingWeightSensitivity,default,inverse_kplus1_default,TreeDistance,Generalized RF distance,0.542149768315922
FateScape_HammingWeightSensitivity,default,inverse_kplus1_default,TreeDistance,Generalized RF distance,0.559998961357671
FateScape_HammingWeightSensitivity,default,inverse_kplus1_default,TreeDistance,Generalized RF distance,0.616562695376116
FateScape_HammingWeightSensitivity,default,inverse_kplus1_default,TreeDistance,Generalized RF distance,0.573179771991718
FateScape_HammingWeightSensitivity,dropout_stress,inverse_kplus1_default,TreeDistance,Generalized RF distance,0.609523948772118
FateScape_HammingWeightSensitivity,dropout_stress,inverse_kplus1_default,TreeDistance,Generalized RF distance,0.672971742296875
FateScape_HammingWeightSensitivity,dropout_stress,inverse_kplus1_default,TreeDistance,Generalized RF distance,0.670067670317776
FateScape_HammingWeightSensitivity,dropout_stress,inverse_kplus1_default,TreeDistance,Generalized RF distance,0.662025971455078
FateScape_HammingWeightSensitivity,dropout_stress,inverse_kplus1_default,TreeDistance,Generalized RF distance,0.633938734292307
FateScape_HammingWeightSensitivity,dropout_stress,inverse_kplus1_default,TreeDistance,Generalized RF distance,0.654385003348421
FateScape_HammingWeightSensitivity,default,inverse_square_kplus1,TreeDistance,Generalized RF distance,0.579215019610671
FateScape_HammingWeightSensitivity,default,inverse_square_kplus1,TreeDistance,Generalized RF distance,0.590294406902688
FateScape_HammingWeightSensitivity,default,inverse_square_kplus1,TreeDistance,Generalized RF distance,0.549042000524767
FateScape_HammingWeightSensitivity,default,inverse_square_kplus1,TreeDistance,Generalized RF distance,0.562929953544659
FateScape_HammingWeightSensitivity,default,inverse_square_kplus1,TreeDistance,Generalized RF distance,0.625278580323455
FateScape_HammingWeightSensitivity,default,inverse_square_kplus1,TreeDistance,Generalized RF distance,0.607718680024577
FateScape_HammingWeightSensitivity,dropout_stress,inverse_square_kplus1,TreeDistance,Generalized RF distance,0.637388725870985
FateScape_HammingWeightSensitivity,dropout_stress,inverse_square_kplus1,TreeDistance,Generalized RF distance,0.632101514169127
FateScape_HammingWeightSensitivity,dropout_stress,inverse_square_kplus1,TreeDistance,Generalized RF distance,0.703690779507719
FateScape_HammingWeightSensitivity,dropout_stress,inverse_square_kplus1,TreeDistance,Generalized RF distance,0.670236365978397
FateScape_HammingWeightSensitivity,dropout_stress,inverse_square_kplus1,TreeDistance,Generalized RF distance,0.701838748121289
FateScape_HammingWeightSensitivity,dropout_stress,inverse_square_kplus1,TreeDistance,Generalized RF distance,0.657138675042923
FateScape_HammingWeightSensitivity,default,exponential_mild,TreeDistance,Generalized RF distance,0.540609962277408
FateScape_HammingWeightSensitivity,default,exponential_mild,TreeDistance,Generalized RF distance,0.55290990899675
FateScape_HammingWeightSensitivity,default,exponential_mild,TreeDistance,Generalized RF distance,0.54434342529559
FateScape_HammingWeightSensitivity,default,exponential_mild,TreeDistance,Generalized RF distance,0.544864618738573
FateScape_HammingWeightSensitivity,default,exponential_mild,TreeDistance,Generalized RF distance,0.603192840534978
FateScape_HammingWeightSensitivity,default,exponential_mild,TreeDistance,Generalized RF distance,0.563615912584442
FateScape_HammingWeightSensitivity,dropout_stress,exponential_mild,TreeDistance,Generalized RF distance,0.566096654214057
FateScape_HammingWeightSensitivity,dropout_stress,exponential_mild,TreeDistance,Generalized RF distance,0.640215081520157
FateScape_HammingWeightSensitivity,dropout_stress,exponential_mild,TreeDistance,Generalized RF distance,0.676977540696153
FateScape_HammingWeightSensitivity,dropout_stress,exponential_mild,TreeDistance,Generalized RF distance,0.644269855502124
FateScape_HammingWeightSensitivity,dropout_stress,exponential_mild,TreeDistance,Generalized RF distance,0.638588422155109
FateScape_HammingWeightSensitivity,dropout_stress,exponential_mild,TreeDistance,Generalized RF distance,0.640707328946679
FateScape_HammingWeightSensitivity,default,exponential_strong,TreeDistance,Generalized RF distance,0.572263256260577
FateScape_HammingWeightSensitivity,default,exponential_strong,TreeDistance,Generalized RF distance,0.614753331974058
FateScape_HammingWeightSensitivity,default,exponential_strong,TreeDistance,Generalized RF distance,0.565968318859594
FateScape_HammingWeightSensitivity,default,exponential_strong,TreeDistance,Generalized RF distance,0.563196853404546
FateScape_HammingWeightSensitivity,default,exponential_strong,TreeDistance,Generalized RF distance,0.617169731799731
FateScape_HammingWeightSensitivity,default,exponential_strong,TreeDistance,Generalized RF distance,0.609894920090641
FateScape_HammingWeightSensitivity,dropout_stress,exponential_strong,TreeDistance,Generalized RF distance,0.65422262266824
FateScape_HammingWeightSensitivity,dropout_stress,exponential_strong,TreeDistance,Generalized RF distance,0.671107163827009
FateScape_HammingWeightSensitivity,dropout_stress,exponential_strong,TreeDistance,Generalized RF distance,0.706529073620587
FateScape_HammingWeightSensitivity,dropout_stress,exponential_strong,TreeDistance,Generalized RF distance,0.69083284250305
FateScape_HammingWeightSensitivity,dropout_stress,exponential_strong,TreeDistance,Generalized RF distance,0.676559369424949
FateScape_HammingWeightSensitivity,dropout_stress,exponential_strong,TreeDistance,Generalized RF distance,0.668282431349011
FateScape_HammingWeightSensitivity,default,uniform,RF_normalized,RF distance,0.883447600391773
FateScape_HammingWeightSensitivity,default,uniform,RF_normalized,RF distance,0.859941234084231
FateScape_HammingWeightSensitivity,default,uniform,RF_normalized,RF distance,0.855044074436827
FateScape_HammingWeightSensitivity,default,uniform,RF_normalized,RF distance,0.871694417238002
FateScape_HammingWeightSensitivity,default,uniform,RF_normalized,RF distance,0.892262487757101
FateScape_HammingWeightSensitivity,dropout_stress,uniform,RF_normalized,RF distance,0.894221351616063
FateScape_HammingWeightSensitivity,dropout_stress,uniform,RF_normalized,RF distance,0.881488736532811
FateScape_HammingWeightSensitivity,dropout_stress,uniform,RF_normalized,RF distance,0.877571008814887
FateScape_HammingWeightSensitivity,dropout_stress,uniform,RF_normalized,RF distance,0.903036238981391
FateScape_HammingWeightSensitivity,dropout_stress,uniform,RF_normalized,RF distance,0.900097943192948
FateScape_HammingWeightSensitivity,default,inverse_k_strict,RF_normalized,RF distance,0.878550440744368
FateScape_HammingWeightSensitivity,default,inverse_k_strict,RF_normalized,RF distance,0.859941234084231
FateScape_HammingWeightSensitivity,default,inverse_k_strict,RF_normalized,RF distance,0.854064642507346
FateScape_HammingWeightSensitivity,default,inverse_k_strict,RF_normalized,RF distance,0.867776689520078
FateScape_HammingWeightSensitivity,default,inverse_k_strict,RF_normalized,RF distance,0.890303623898139
FateScape_HammingWeightSensitivity,default,inverse_k_strict,RF_normalized,RF distance,0.866797257590597
FateScape_HammingWeightSensitivity,dropout_stress,inverse_k_strict,RF_normalized,RF distance,0.904015670910872
FateScape_HammingWeightSensitivity,dropout_stress,inverse_k_strict,RF_normalized,RF distance,0.894221351616063
FateScape_HammingWeightSensitivity,dropout_stress,inverse_k_strict,RF_normalized,RF distance,0.878550440744368
FateScape_HammingWeightSensitivity,dropout_stress,inverse_k_strict,RF_normalized,RF distance,0.875612144955926
FateScape_HammingWeightSensitivity,dropout_stress,inverse_k_strict,RF_normalized,RF distance,0.901077375122429
FateScape_HammingWeightSensitivity,dropout_stress,inverse_k_strict,RF_normalized,RF distance,0.90205680705191
FateScape_HammingWeightSensitivity,default,inverse_sqrt_kplus1,RF_normalized,RF distance,0.878550440744368
FateScape_HammingWeightSensitivity,default,inverse_sqrt_kplus1,RF_normalized,RF distance,0.859941234084231
FateScape_HammingWeightSensitivity,default,inverse_sqrt_kplus1,RF_normalized,RF distance,0.853085210577865
FateScape_HammingWeightSensitivity,default,inverse_sqrt_kplus1,RF_normalized,RF distance,0.868756121449559
FateScape_HammingWeightSensitivity,default,inverse_sqrt_kplus1,RF_normalized,RF distance,0.889324191968658
FateScape_HammingWeightSensitivity,default,inverse_sqrt_kplus1,RF_normalized,RF distance,0.865817825661117
FateScape_HammingWeightSensitivity,dropout_stress,inverse_sqrt_kplus1,RF_normalized,RF distance,0.90205680705191
FateScape_HammingWeightSensitivity,dropout_stress,inverse_sqrt_kplus1,RF_normalized,RF distance,0.893241919686582
FateScape_HammingWeightSensitivity,dropout_stress,inverse_sqrt_kplus1,RF_normalized,RF distance,0.88050930460333
FateScape_HammingWeightSensitivity,dropout_stress,inverse_sqrt_kplus1,RF_normalized,RF distance,0.879529872673849
FateScape_HammingWeightSensitivity,dropout_stress,inverse_sqrt_kplus1,RF_normalized,RF distance,0.900097943192948
FateScape_HammingWeightSensitivity,dropout_stress,inverse_sqrt_kplus1,RF_normalized,RF distance,0.900097943192948
FateScape_HammingWeightSensitivity,default,inverse_kplus1_default,RF_normalized,RF distance,0.878550440744368
FateScape_HammingWeightSensitivity,default,inverse_kplus1_default,RF_normalized,RF distance,0.859941234084231
FateScape_HammingWeightSensitivity,default,inverse_kplus1_default,RF_normalized,RF distance,0.853085210577865
FateScape_HammingWeightSensitivity,default,inverse_kplus1_default,RF_normalized,RF distance,0.868756121449559
FateScape_HammingWeightSensitivity,default,inverse_kplus1_default,RF_normalized,RF distance,0.89128305582762
FateScape_HammingWeightSensitivity,default,inverse_kplus1_default,RF_normalized,RF distance,0.867776689520078
FateScape_HammingWeightSensitivity,dropout_stress,inverse_kplus1_default,RF_normalized,RF distance,0.90205680705191
FateScape_HammingWeightSensitivity,dropout_stress,inverse_kplus1_default,RF_normalized,RF distance,0.896180215475024
FateScape_HammingWeightSensitivity,dropout_stress,inverse_kplus1_default,RF_normalized,RF distance,0.879529872673849
FateScape_HammingWeightSensitivity,dropout_stress,inverse_kplus1_default,RF_normalized,RF distance,0.879529872673849
FateScape_HammingWeightSensitivity,dropout_stress,inverse_kplus1_default,RF_normalized,RF distance,0.901077375122429
FateScape_HammingWeightSensitivity,dropout_stress,inverse_kplus1_default,RF_normalized,RF distance,0.90205680705191
FateScape_HammingWeightSensitivity,default,inverse_square_kplus1,RF_normalized,RF distance,0.881488736532811
FateScape_HammingWeightSensitivity,default,inverse_square_kplus1,RF_normalized,RF distance,0.859941234084231
FateScape_HammingWeightSensitivity,default,inverse_square_kplus1,RF_normalized,RF distance,0.853085210577865
FateScape_HammingWeightSensitivity,default,inverse_square_kplus1,RF_normalized,RF distance,0.872673849167483
FateScape_HammingWeightSensitivity,default,inverse_square_kplus1,RF_normalized,RF distance,0.890303623898139
FateScape_HammingWeightSensitivity,default,inverse_square_kplus1,RF_normalized,RF distance,0.868756121449559
FateScape_HammingWeightSensitivity,dropout_stress,inverse_square_kplus1,RF_normalized,RF distance,0.904015670910872
FateScape_HammingWeightSensitivity,dropout_stress,inverse_square_kplus1,RF_normalized,RF distance,0.894221351616063
FateScape_HammingWeightSensitivity,dropout_stress,inverse_square_kplus1,RF_normalized,RF distance,0.884427032321254
FateScape_HammingWeightSensitivity,dropout_stress,inverse_square_kplus1,RF_normalized,RF distance,0.879529872673849
FateScape_HammingWeightSensitivity,dropout_stress,inverse_square_kplus1,RF_normalized,RF distance,0.906953966699314
FateScape_HammingWeightSensitivity,dropout_stress,inverse_square_kplus1,RF_normalized,RF distance,0.901077375122429
FateScape_HammingWeightSensitivity,default,exponential_mild,RF_normalized,RF distance,0.878550440744368
FateScape_HammingWeightSensitivity,default,exponential_mild,RF_normalized,RF distance,0.860920666013712
FateScape_HammingWeightSensitivity,default,exponential_mild,RF_normalized,RF distance,0.853085210577865
FateScape_HammingWeightSensitivity,default,exponential_mild,RF_normalized,RF distance,0.866797257590597
FateScape_HammingWeightSensitivity,default,exponential_mild,RF_normalized,RF distance,0.889324191968658
FateScape_HammingWeightSensitivity,default,exponential_mild,RF_normalized,RF distance,0.866797257590597
FateScape_HammingWeightSensitivity,dropout_stress,exponential_mild,RF_normalized,RF distance,0.90205680705191
FateScape_HammingWeightSensitivity,dropout_stress,exponential_mild,RF_normalized,RF distance,0.893241919686582
FateScape_HammingWeightSensitivity,dropout_stress,exponential_mild,RF_normalized,RF distance,0.88050930460333
FateScape_HammingWeightSensitivity,dropout_stress,exponential_mild,RF_normalized,RF distance,0.881488736532811
FateScape_HammingWeightSensitivity,dropout_stress,exponential_mild,RF_normalized,RF distance,0.900097943192948
FateScape_HammingWeightSensitivity,dropout_stress,exponential_mild,RF_normalized,RF distance,0.899118511263467
FateScape_HammingWeightSensitivity,default,exponential_strong,RF_normalized,RF distance,0.88050930460333
FateScape_HammingWeightSensitivity,default,exponential_strong,RF_normalized,RF distance,0.864838393731636
FateScape_HammingWeightSensitivity,default,exponential_strong,RF_normalized,RF distance,0.854064642507346
FateScape_HammingWeightSensitivity,default,exponential_strong,RF_normalized,RF distance,0.870714985308521
FateScape_HammingWeightSensitivity,default,exponential_strong,RF_normalized,RF distance,0.893241919686582
FateScape_HammingWeightSensitivity,default,exponential_strong,RF_normalized,RF distance,0.870714985308521
FateScape_HammingWeightSensitivity,dropout_stress,exponential_strong,RF_normalized,RF distance,0.904015670910872
FateScape_HammingWeightSensitivity,dropout_stress,exponential_strong,RF_normalized,RF distance,0.896180215475024
FateScape_HammingWeightSensitivity,dropout_stress,exponential_strong,RF_normalized,RF distance,0.882468168462292
FateScape_HammingWeightSensitivity,dropout_stress,exponential_strong,RF_normalized,RF distance,0.881488736532811
FateScape_HammingWeightSensitivity,dropout_stress,exponential_strong,RF_normalized,RF distance,0.904015670910872
FateScape_HammingWeightSensitivity,dropout_stress,exponential_strong,RF_normalized,RF distance,0.900097943192948
FateScape_ImputationFree,default,FateScape,Nye,Nye similarity score,0.451005526522175
FateScape_ImputationFree,default,FateScape,Nye,Nye similarity score,0.458460572079872
FateScape_ImputationFree,default,FateScape,Nye,Nye similarity score,0.466528414308577
FateScape_ImputationFree,default,FateScape,Nye,Nye similarity score,0.465634914919519
FateScape_ImputationFree,default,FateScape,Nye,Nye similarity score,0.429570373582559
FateScape_ImputationFree,default,FateScape,Nye,Nye similarity score,0.451099484709672
FateScape_ImputationFree,dropout_stress,FateScape,Nye,Nye similarity score,0.409082984144522
FateScape_ImputationFree,dropout_stress,FateScape,Nye,Nye similarity score,0.409264789387867
FateScape_ImputationFree,dropout_stress,FateScape,Nye,Nye similarity score,0.408632534808358
FateScape_ImputationFree,dropout_stress,FateScape,Nye,Nye similarity score,0.415602145250105
FateScape_ImputationFree,dropout_stress,FateScape,Nye,Nye similarity score,0.399672204930012
FateScape_ImputationFree,dropout_stress,FateScape,Nye,Nye similarity score,0.410495669545035
FateScape_ImputationFree,default,ImputationFree,Nye,Nye similarity score,0.388010730558427
FateScape_ImputationFree,default,ImputationFree,Nye,Nye similarity score,0.405216456220563
FateScape_ImputationFree,default,ImputationFree,Nye,Nye similarity score,0.377097525756797
FateScape_ImputationFree,default,ImputationFree,Nye,Nye similarity score,0.381277642438877
FateScape_ImputationFree,default,ImputationFree,Nye,Nye similarity score,0.367986616050791
FateScape_ImputationFree,default,ImputationFree,Nye,Nye similarity score,0.384293483677806
FateScape_ImputationFree,dropout_stress,ImputationFree,Nye,Nye similarity score,0.330985299606041
FateScape_ImputationFree,dropout_stress,ImputationFree,Nye,Nye similarity score,0.35598370320816
FateScape_ImputationFree,dropout_stress,ImputationFree,Nye,Nye similarity score,0.369867478566659
FateScape_ImputationFree,dropout_stress,ImputationFree,Nye,Nye similarity score,0.381200865609242
FateScape_ImputationFree,dropout_stress,ImputationFree,Nye,Nye similarity score,0.340732593230375
FateScape_ImputationFree,dropout_stress,ImputationFree,Nye,Nye similarity score,0.328286412130463
FateScape_ImputationFree,default,FateScape,TreeDistance,Generalized RF distance,0.561406795592652
FateScape_ImputationFree,default,FateScape,TreeDistance,Generalized RF distance,0.595526577742242
FateScape_ImputationFree,default,FateScape,TreeDistance,Generalized RF distance,0.541784370667603
FateScape_ImputationFree,default,FateScape,TreeDistance,Generalized RF distance,0.570713002055236
FateScape_ImputationFree,default,FateScape,TreeDistance,Generalized RF distance,0.620014374929056
FateScape_ImputationFree,default,FateScape,TreeDistance,Generalized RF distance,0.579877694333182
FateScape_ImputationFree,dropout_stress,FateScape,TreeDistance,Generalized RF distance,0.612094215350731
FateScape_ImputationFree,dropout_stress,FateScape,TreeDistance,Generalized RF distance,0.654170372271761
FateScape_ImputationFree,dropout_stress,FateScape,TreeDistance,Generalized RF distance,0.684844025117944
FateScape_ImputationFree,dropout_stress,FateScape,TreeDistance,Generalized RF distance,0.673701553550723
FateScape_ImputationFree,dropout_stress,FateScape,TreeDistance,Generalized RF distance,0.653943305998548
FateScape_ImputationFree,dropout_stress,FateScape,TreeDistance,Generalized RF distance,0.625476213386654
FateScape_ImputationFree,default,ImputationFree,TreeDistance,Generalized RF distance,0.581104270378041
FateScape_ImputationFree,default,ImputationFree,TreeDistance,Generalized RF distance,0.60145279082369
FateScape_ImputationFree,default,ImputationFree,TreeDistance,Generalized RF distance,0.61989753796518
FateScape_ImputationFree,default,ImputationFree,TreeDistance,Generalized RF distance,0.603642840296204
FateScape_ImputationFree,default,ImputationFree,TreeDistance,Generalized RF distance,0.627353304768382
FateScape_ImputationFree,default,ImputationFree,TreeDistance,Generalized RF distance,0.605900414130894
FateScape_ImputationFree,dropout_stress,ImputationFree,TreeDistance,Generalized RF distance,0.697551847559203
FateScape_ImputationFree,dropout_stress,ImputationFree,TreeDistance,Generalized RF distance,0.663116541132007
FateScape_ImputationFree,dropout_stress,ImputationFree,TreeDistance,Generalized RF distance,0.663945214543524
FateScape_ImputationFree,dropout_stress,ImputationFree,TreeDistance,Generalized RF distance,0.664455404963675
FateScape_ImputationFree,dropout_stress,ImputationFree,TreeDistance,Generalized RF distance,0.704938572090787
FateScape_ImputationFree,dropout_stress,ImputationFree,TreeDistance,Generalized RF distance,0.703905812103216
FateScape_ImputationFree,default,FateScape,RF_normalized,RF distance,0.879529872673849
FateScape_ImputationFree,default,FateScape,RF_normalized,RF distance,0.862879529872674
FateScape_ImputationFree,default,FateScape,RF_normalized,RF distance,0.853085210577865
FateScape_ImputationFree,default,FateScape,RF_normalized,RF distance,0.867776689520078
FateScape_ImputationFree,default,FateScape,RF_normalized,RF distance,0.889324191968658
FateScape_ImputationFree,default,FateScape,RF_normalized,RF distance,0.865817825661117
FateScape_ImputationFree,dropout_stress,FateScape,RF_normalized,RF distance,0.90205680705191
FateScape_ImputationFree,dropout_stress,FateScape,RF_normalized,RF distance,0.893241919686582
FateScape_ImputationFree,dropout_stress,FateScape,RF_normalized,RF distance,0.881488736532811
FateScape_ImputationFree,dropout_stress,FateScape,RF_normalized,RF distance,0.88050930460333
FateScape_ImputationFree,dropout_stress,FateScape,RF_normalized,RF distance,0.901077375122429
FateScape_ImputationFree,dropout_stress,FateScape,RF_normalized,RF distance,0.903036238981391
FateScape_ImputationFree,default,ImputationFree,RF_normalized,RF distance,0.938295788442703
FateScape_ImputationFree,default,ImputationFree,RF_normalized,RF distance,0.911851126346719
FateScape_ImputationFree,default,ImputationFree,RF_normalized,RF distance,0.939275220372184
FateScape_ImputationFree,default,ImputationFree,RF_normalized,RF distance,0.943192948090108
FateScape_ImputationFree,default,ImputationFree,RF_normalized,RF distance,0.952007835455436
FateScape_ImputationFree,default,ImputationFree,RF_normalized,RF distance,0.927522037218413
FateScape_ImputationFree,dropout_stress,ImputationFree,RF_normalized,RF distance,0.953966699314398
FateScape_ImputationFree,dropout_stress,ImputationFree,RF_normalized,RF distance,0.947110675808031
FateScape_ImputationFree,dropout_stress,ImputationFree,RF_normalized,RF distance,0.938295788442703
FateScape_ImputationFree,dropout_stress,ImputationFree,RF_normalized,RF distance,0.922624877571009
FateScape_ImputationFree,dropout_stress,ImputationFree,RF_normalized,RF distance,0.941234084231146
FateScape_ImputationFree,dropout_stress,ImputationFree,RF_normalized,RF distance,0.961802154750245
FateScape_OmegaSensitivity,default,omega0p50_weak_conflict,Nye,Nye similarity score,0.426787289646834
FateScape_OmegaSensitivity,default,omega0p50_weak_conflict,Nye,Nye similarity score,0.426291215455578
FateScape_OmegaSensitivity,default,omega0p50_weak_conflict,Nye,Nye similarity score,0.430674721904039
FateScape_OmegaSensitivity,default,omega0p50_weak_conflict,Nye,Nye similarity score,0.424404627570466
FateScape_OmegaSensitivity,default,omega0p50_weak_conflict,Nye,Nye similarity score,0.40467767325848
FateScape_OmegaSensitivity,default,omega0p50_weak_conflict,Nye,Nye similarity score,0.417096530286563
FateScape_OmegaSensitivity,dropout_stress,omega0p50_weak_conflict,Nye,Nye similarity score,0.379701211151088
FateScape_OmegaSensitivity,dropout_stress,omega0p50_weak_conflict,Nye,Nye similarity score,0.389403080051016
FateScape_OmegaSensitivity,dropout_stress,omega0p50_weak_conflict,Nye,Nye similarity score,0.393227378358193
FateScape_OmegaSensitivity,dropout_stress,omega0p50_weak_conflict,Nye,Nye similarity score,0.400792400316694
FateScape_OmegaSensitivity,dropout_stress,omega0p50_weak_conflict,Nye,Nye similarity score,0.375128730526301
FateScape_OmegaSensitivity,dropout_stress,omega0p50_weak_conflict,Nye,Nye similarity score,0.383583316695255
FateScape_OmegaSensitivity,default,omega1p00_hamming_like,Nye,Nye similarity score,0.442735233145751
FateScape_OmegaSensitivity,default,omega1p00_hamming_like,Nye,Nye similarity score,0.456284459622519
FateScape_OmegaSensitivity,default,omega1p00_hamming_like,Nye,Nye similarity score,0.461611477090744
FateScape_OmegaSensitivity,default,omega1p00_hamming_like,Nye,Nye similarity score,0.459152729126252
FateScape_OmegaSensitivity,default,omega1p00_hamming_like,Nye,Nye similarity score,0.425638055609419
FateScape_OmegaSensitivity,default,omega1p00_hamming_like,Nye,Nye similarity score,0.448953700358999
FateScape_OmegaSensitivity,dropout_stress,omega1p00_hamming_like,Nye,Nye similarity score,0.403941162892676
FateScape_OmegaSensitivity,dropout_stress,omega1p00_hamming_like,Nye,Nye similarity score,0.405729205947379
FateScape_OmegaSensitivity,dropout_stress,omega1p00_hamming_like,Nye,Nye similarity score,0.401947526569347
FateScape_OmegaSensitivity,dropout_stress,omega1p00_hamming_like,Nye,Nye similarity score,0.412313493599937
FateScape_OmegaSensitivity,dropout_stress,omega1p00_hamming_like,Nye,Nye similarity score,0.390744987523512
FateScape_OmegaSensitivity,dropout_stress,omega1p00_hamming_like,Nye,Nye similarity score,0.40540926892229
FateScape_OmegaSensitivity,default,omega1p50_default,Nye,Nye similarity score,0.460101501559761
FateScape_OmegaSensitivity,default,omega1p50_default,Nye,Nye similarity score,0.469247849611751
FateScape_OmegaSensitivity,default,omega1p50_default,Nye,Nye similarity score,0.468800493388667
FateScape_OmegaSensitivity,default,omega1p50_default,Nye,Nye similarity score,0.449798296609772
FateScape_OmegaSensitivity,default,omega1p50_default,Nye,Nye similarity score,0.427176434647727
FateScape_OmegaSensitivity,default,omega1p50_default,Nye,Nye similarity score,0.444747105798353
FateScape_OmegaSensitivity,dropout_stress,omega1p50_default,Nye,Nye similarity score,0.411003237083047
FateScape_OmegaSensitivity,dropout_stress,omega1p50_default,Nye,Nye similarity score,0.4007132015817
FateScape_OmegaSensitivity,dropout_stress,omega1p50_default,Nye,Nye similarity score,0.407747189484515
FateScape_OmegaSensitivity,dropout_stress,omega1p50_default,Nye,Nye similarity score,0.419612209084556
FateScape_OmegaSensitivity,dropout_stress,omega1p50_default,Nye,Nye similarity score,0.393256023775666
FateScape_OmegaSensitivity,dropout_stress,omega1p50_default,Nye,Nye similarity score,0.409740040438537
FateScape_OmegaSensitivity,default,omega2p00_strong_conflict,Nye,Nye similarity score,0.455524606411712
FateScape_OmegaSensitivity,default,omega2p00_strong_conflict,Nye,Nye similarity score,0.459648357539347
FateScape_OmegaSensitivity,default,omega2p00_strong_conflict,Nye,Nye similarity score,0.474262943235826
FateScape_OmegaSensitivity,default,omega2p00_strong_conflict,Nye,Nye similarity score,0.455223116781629
FateScape_OmegaSensitivity,default,omega2p00_strong_conflict,Nye,Nye similarity score,0.429537551416642
FateScape_OmegaSensitivity,default,omega2p00_strong_conflict,Nye,Nye similarity score,0.45073914624965
FateScape_OmegaSensitivity,dropout_stress,omega2p00_strong_conflict,Nye,Nye similarity score,0.399970641516693
FateScape_OmegaSensitivity,dropout_stress,omega2p00_strong_conflict,Nye,Nye similarity score,0.404747890559621
FateScape_OmegaSensitivity,dropout_stress,omega2p00_strong_conflict,Nye,Nye similarity score,0.410506563761928
FateScape_OmegaSensitivity,dropout_stress,omega2p00_strong_conflict,Nye,Nye similarity score,0.418186791710659
FateScape_OmegaSensitivity,dropout_stress,omega2p00_strong_conflict,Nye,Nye similarity score,0.39966758587086
FateScape_OmegaSensitivity,dropout_stress,omega2p00_strong_conflict,Nye,Nye similarity score,0.400564795400963
FateScape_OmegaSensitivity,default,omega3p00_very_strong_conflict,Nye,Nye similarity score,0.453720060420112
FateScape_OmegaSensitivity,default,omega3p00_very_strong_conflict,Nye,Nye similarity score,0.466848882961592
FateScape_OmegaSensitivity,default,omega3p00_very_strong_conflict,Nye,Nye similarity score,0.469649712058109
FateScape_OmegaSensitivity,default,omega3p00_very_strong_conflict,Nye,Nye similarity score,0.464971674548454
FateScape_OmegaSensitivity,default,omega3p00_very_strong_conflict,Nye,Nye similarity score,0.43398392465045
FateScape_OmegaSensitivity,default,omega3p00_very_strong_conflict,Nye,Nye similarity score,0.456907404946379
FateScape_OmegaSensitivity,dropout_stress,omega3p00_very_strong_conflict,Nye,Nye similarity score,0.418076776174504
FateScape_OmegaSensitivity,dropout_stress,omega3p00_very_strong_conflict,Nye,Nye similarity score,0.400257385820057
FateScape_OmegaSensitivity,dropout_stress,omega3p00_very_strong_conflict,Nye,Nye similarity score,0.4166914957154
FateScape_OmegaSensitivity,dropout_stress,omega3p00_very_strong_conflict,Nye,Nye similarity score,0.414416286345461
FateScape_OmegaSensitivity,dropout_stress,omega3p00_very_strong_conflict,Nye,Nye similarity score,0.397254990909438
FateScape_OmegaSensitivity,dropout_stress,omega3p00_very_strong_conflict,Nye,Nye similarity score,0.40325247299165
FateScape_OmegaSensitivity,default,omega0p50_weak_conflict,TreeDistance,Generalized RF distance,0.597994951782591
FateScape_OmegaSensitivity,default,omega0p50_weak_conflict,TreeDistance,Generalized RF distance,0.633519160292347
FateScape_OmegaSensitivity,default,omega0p50_weak_conflict,TreeDistance,Generalized RF distance,0.615619014469234
FateScape_OmegaSensitivity,default,omega0p50_weak_conflict,TreeDistance,Generalized RF distance,0.63147180209479
FateScape_OmegaSensitivity,default,omega0p50_weak_conflict,TreeDistance,Generalized RF distance,0.657841207909752
FateScape_OmegaSensitivity,default,omega0p50_weak_conflict,TreeDistance,Generalized RF distance,0.619774201043107
FateScape_OmegaSensitivity,dropout_stress,omega0p50_weak_conflict,TreeDistance,Generalized RF distance,0.696591826590302
FateScape_OmegaSensitivity,dropout_stress,omega0p50_weak_conflict,TreeDistance,Generalized RF distance,0.68280816905091
FateScape_OmegaSensitivity,dropout_stress,omega0p50_weak_conflict,TreeDistance,Generalized RF distance,0.716141221940664
FateScape_OmegaSensitivity,dropout_stress,omega0p50_weak_conflict,TreeDistance,Generalized RF distance,0.689074074515826
FateScape_OmegaSensitivity,dropout_stress,omega0p50_weak_conflict,TreeDistance,Generalized RF distance,0.712159320180327
FateScape_OmegaSensitivity,dropout_stress,omega0p50_weak_conflict,TreeDistance,Generalized RF distance,0.699365454307305
FateScape_OmegaSensitivity,default,omega1p00_hamming_like,TreeDistance,Generalized RF distance,0.586567844211975
FateScape_OmegaSensitivity,default,omega1p00_hamming_like,TreeDistance,Generalized RF distance,0.600316095276311
FateScape_OmegaSensitivity,default,omega1p00_hamming_like,TreeDistance,Generalized RF distance,0.564719092911642
FateScape_OmegaSensitivity,default,omega1p00_hamming_like,TreeDistance,Generalized RF distance,0.580344233272426
FateScape_OmegaSensitivity,default,omega1p00_hamming_like,TreeDistance,Generalized RF distance,0.619109771659383
FateScape_OmegaSensitivity,default,omega1p00_hamming_like,TreeDistance,Generalized RF distance,0.577927110428087
FateScape_OmegaSensitivity,dropout_stress,omega1p00_hamming_like,TreeDistance,Generalized RF distance,0.628525735774774
FateScape_OmegaSensitivity,dropout_stress,omega1p00_hamming_like,TreeDistance,Generalized RF distance,0.660560664155254
FateScape_OmegaSensitivity,dropout_stress,omega1p00_hamming_like,TreeDistance,Generalized RF distance,0.69241676505974
FateScape_OmegaSensitivity,dropout_stress,omega1p00_hamming_like,TreeDistance,Generalized RF distance,0.687528800486978
FateScape_OmegaSensitivity,dropout_stress,omega1p00_hamming_like,TreeDistance,Generalized RF distance,0.665251223399853
FateScape_OmegaSensitivity,dropout_stress,omega1p00_hamming_like,TreeDistance,Generalized RF distance,0.654523408394773
FateScape_OmegaSensitivity,default,omega1p50_default,TreeDistance,Generalized RF distance,0.544974040420965
FateScape_OmegaSensitivity,default,omega1p50_default,TreeDistance,Generalized RF distance,0.559186852548449
FateScape_OmegaSensitivity,default,omega1p50_default,TreeDistance,Generalized RF distance,0.547522623041087
FateScape_OmegaSensitivity,default,omega1p50_default,TreeDistance,Generalized RF distance,0.608314838093258
FateScape_OmegaSensitivity,default,omega1p50_default,TreeDistance,Generalized RF distance,0.629614278891951
FateScape_OmegaSensitivity,default,omega1p50_default,TreeDistance,Generalized RF distance,0.606786533040554
FateScape_OmegaSensitivity,dropout_stress,omega1p50_default,TreeDistance,Generalized RF distance,0.622092764454269
FateScape_OmegaSensitivity,dropout_stress,omega1p50_default,TreeDistance,Generalized RF distance,0.671558413840697
FateScape_OmegaSensitivity,dropout_stress,omega1p50_default,TreeDistance,Generalized RF distance,0.696578507628205
FateScape_OmegaSensitivity,dropout_stress,omega1p50_default,TreeDistance,Generalized RF distance,0.673073781226134
FateScape_OmegaSensitivity,dropout_stress,omega1p50_default,TreeDistance,Generalized RF distance,0.678264941043639
FateScape_OmegaSensitivity,dropout_stress,omega1p50_default,TreeDistance,Generalized RF distance,0.654629949239817
FateScape_OmegaSensitivity,default,omega2p00_strong_conflict,TreeDistance,Generalized RF distance,0.552131397780908
FateScape_OmegaSensitivity,default,omega2p00_strong_conflict,TreeDistance,Generalized RF distance,0.579075759209097
FateScape_OmegaSensitivity,default,omega2p00_strong_conflict,TreeDistance,Generalized RF distance,0.534458633743142
FateScape_OmegaSensitivity,default,omega2p00_strong_conflict,TreeDistance,Generalized RF distance,0.597738796534886
FateScape_OmegaSensitivity,default,omega2p00_strong_conflict,TreeDistance,Generalized RF distance,0.616560697714891
FateScape_OmegaSensitivity,default,omega2p00_strong_conflict,TreeDistance,Generalized RF distance,0.573730788744124
FateScape_OmegaSensitivity,dropout_stress,omega2p00_strong_conflict,TreeDistance,Generalized RF distance,0.658051170962816
FateScape_OmegaSensitivity,dropout_stress,omega2p00_strong_conflict,TreeDistance,Generalized RF distance,0.669961174383258
FateScape_OmegaSensitivity,dropout_stress,omega2p00_strong_conflict,TreeDistance,Generalized RF distance,0.677137141842307
FateScape_OmegaSensitivity,dropout_stress,omega2p00_strong_conflict,TreeDistance,Generalized RF distance,0.673372070301248
FateScape_OmegaSensitivity,dropout_stress,omega2p00_strong_conflict,TreeDistance,Generalized RF distance,0.66242690105661
FateScape_OmegaSensitivity,dropout_stress,omega2p00_strong_conflict,TreeDistance,Generalized RF distance,0.67553193822384
FateScape_OmegaSensitivity,default,omega3p00_very_strong_conflict,TreeDistance,Generalized RF distance,0.560188114032564
FateScape_OmegaSensitivity,default,omega3p00_very_strong_conflict,TreeDistance,Generalized RF distance,0.579776830716452
FateScape_OmegaSensitivity,default,omega3p00_very_strong_conflict,TreeDistance,Generalized RF distance,0.557051108916045
FateScape_OmegaSensitivity,default,omega3p00_very_strong_conflict,TreeDistance,Generalized RF distance,0.579900212925634
FateScape_OmegaSensitivity,default,omega3p00_very_strong_conflict,TreeDistance,Generalized RF distance,0.607034200623007
FateScape_OmegaSensitivity,default,omega3p00_very_strong_conflict,TreeDistance,Generalized RF distance,0.573791694509937
FateScape_OmegaSensitivity,dropout_stress,omega3p00_very_strong_conflict,TreeDistance,Generalized RF distance,0.599299825880068
FateScape_OmegaSensitivity,dropout_stress,omega3p00_very_strong_conflict,TreeDistance,Generalized RF distance,0.676169012789755
FateScape_OmegaSensitivity,dropout_stress,omega3p00_very_strong_conflict,TreeDistance,Generalized RF distance,0.671293925764318
FateScape_OmegaSensitivity,dropout_stress,omega3p00_very_strong_conflict,TreeDistance,Generalized RF distance,0.675439093993719
FateScape_OmegaSensitivity,dropout_stress,omega3p00_very_strong_conflict,TreeDistance,Generalized RF distance,0.668134675147272
FateScape_OmegaSensitivity,dropout_stress,omega3p00_very_strong_conflict,TreeDistance,Generalized RF distance,0.668275654947713
FateScape_OmegaSensitivity,default,omega0p50_weak_conflict,RF_normalized,RF distance,0.887365328109696
FateScape_OmegaSensitivity,default,omega0p50_weak_conflict,RF_normalized,RF distance,0.86973555337904
FateScape_OmegaSensitivity,default,omega0p50_weak_conflict,RF_normalized,RF distance,0.862879529872674
FateScape_OmegaSensitivity,default,omega0p50_weak_conflict,RF_normalized,RF distance,0.884427032321254
FateScape_OmegaSensitivity,default,omega0p50_weak_conflict,RF_normalized,RF distance,0.904015670910872
FateScape_OmegaSensitivity,default,omega0p50_weak_conflict,RF_normalized,RF distance,0.88050930460333
FateScape_OmegaSensitivity,dropout_stress,omega0p50_weak_conflict,RF_normalized,RF distance,0.907933398628795
FateScape_OmegaSensitivity,dropout_stress,omega0p50_weak_conflict,RF_normalized,RF distance,0.90205680705191
FateScape_OmegaSensitivity,dropout_stress,omega0p50_weak_conflict,RF_normalized,RF distance,0.882468168462292
FateScape_OmegaSensitivity,dropout_stress,omega0p50_weak_conflict,RF_normalized,RF distance,0.887365328109696
FateScape_OmegaSensitivity,dropout_stress,omega0p50_weak_conflict,RF_normalized,RF distance,0.904995102840353
FateScape_OmegaSensitivity,dropout_stress,omega0p50_weak_conflict,RF_normalized,RF distance,0.907933398628795
FateScape_OmegaSensitivity,default,omega1p00_hamming_like,RF_normalized,RF distance,0.881488736532811
FateScape_OmegaSensitivity,default,omega1p00_hamming_like,RF_normalized,RF distance,0.862879529872674
FateScape_OmegaSensitivity,default,omega1p00_hamming_like,RF_normalized,RF distance,0.854064642507346
FateScape_OmegaSensitivity,default,omega1p00_hamming_like,RF_normalized,RF distance,0.871694417238002
FateScape_OmegaSensitivity,default,omega1p00_hamming_like,RF_normalized,RF distance,0.890303623898139
FateScape_OmegaSensitivity,default,omega1p00_hamming_like,RF_normalized,RF distance,0.867776689520078
FateScape_OmegaSensitivity,dropout_stress,omega1p00_hamming_like,RF_normalized,RF distance,0.904015670910872
FateScape_OmegaSensitivity,dropout_stress,omega1p00_hamming_like,RF_normalized,RF distance,0.896180215475024
FateScape_OmegaSensitivity,dropout_stress,omega1p00_hamming_like,RF_normalized,RF distance,0.884427032321254
FateScape_OmegaSensitivity,dropout_stress,omega1p00_hamming_like,RF_normalized,RF distance,0.88050930460333
FateScape_OmegaSensitivity,dropout_stress,omega1p00_hamming_like,RF_normalized,RF distance,0.904995102840353
FateScape_OmegaSensitivity,dropout_stress,omega1p00_hamming_like,RF_normalized,RF distance,0.90205680705191
FateScape_OmegaSensitivity,default,omega1p50_default,RF_normalized,RF distance,0.88050930460333
FateScape_OmegaSensitivity,default,omega1p50_default,RF_normalized,RF distance,0.862879529872674
FateScape_OmegaSensitivity,default,omega1p50_default,RF_normalized,RF distance,0.856023506366308
FateScape_OmegaSensitivity,default,omega1p50_default,RF_normalized,RF distance,0.872673849167483
FateScape_OmegaSensitivity,default,omega1p50_default,RF_normalized,RF distance,0.889324191968658
FateScape_OmegaSensitivity,default,omega1p50_default,RF_normalized,RF distance,0.86973555337904
FateScape_OmegaSensitivity,dropout_stress,omega1p50_default,RF_normalized,RF distance,0.90205680705191
FateScape_OmegaSensitivity,dropout_stress,omega1p50_default,RF_normalized,RF distance,0.897159647404505
FateScape_OmegaSensitivity,dropout_stress,omega1p50_default,RF_normalized,RF distance,0.88050930460333
FateScape_OmegaSensitivity,dropout_stress,omega1p50_default,RF_normalized,RF distance,0.877571008814887
FateScape_OmegaSensitivity,dropout_stress,omega1p50_default,RF_normalized,RF distance,0.898139079333986
FateScape_OmegaSensitivity,dropout_stress,omega1p50_default,RF_normalized,RF distance,0.900097943192948
FateScape_OmegaSensitivity,default,omega2p00_strong_conflict,RF_normalized,RF distance,0.879529872673849
FateScape_OmegaSensitivity,default,omega2p00_strong_conflict,RF_normalized,RF distance,0.861900097943193
FateScape_OmegaSensitivity,default,omega2p00_strong_conflict,RF_normalized,RF distance,0.853085210577865
FateScape_OmegaSensitivity,default,omega2p00_strong_conflict,RF_normalized,RF distance,0.867776689520078
FateScape_OmegaSensitivity,default,omega2p00_strong_conflict,RF_normalized,RF distance,0.888344760039177
FateScape_OmegaSensitivity,default,omega2p00_strong_conflict,RF_normalized,RF distance,0.867776689520078
FateScape_OmegaSensitivity,dropout_stress,omega2p00_strong_conflict,RF_normalized,RF distance,0.904015670910872
FateScape_OmegaSensitivity,dropout_stress,omega2p00_strong_conflict,RF_normalized,RF distance,0.896180215475024
FateScape_OmegaSensitivity,dropout_stress,omega2p00_strong_conflict,RF_normalized,RF distance,0.881488736532811
FateScape_OmegaSensitivity,dropout_stress,omega2p00_strong_conflict,RF_normalized,RF distance,0.876591576885406
FateScape_OmegaSensitivity,dropout_stress,omega2p00_strong_conflict,RF_normalized,RF distance,0.898139079333986
FateScape_OmegaSensitivity,dropout_stress,omega2p00_strong_conflict,RF_normalized,RF distance,0.90205680705191
FateScape_OmegaSensitivity,default,omega3p00_very_strong_conflict,RF_normalized,RF distance,0.883447600391773
FateScape_OmegaSensitivity,default,omega3p00_very_strong_conflict,RF_normalized,RF distance,0.861900097943193
FateScape_OmegaSensitivity,default,omega3p00_very_strong_conflict,RF_normalized,RF distance,0.855044074436827
FateScape_OmegaSensitivity,default,omega3p00_very_strong_conflict,RF_normalized,RF distance,0.86973555337904
FateScape_OmegaSensitivity,default,omega3p00_very_strong_conflict,RF_normalized,RF distance,0.887365328109696
FateScape_OmegaSensitivity,default,omega3p00_very_strong_conflict,RF_normalized,RF distance,0.866797257590597
FateScape_OmegaSensitivity,dropout_stress,omega3p00_very_strong_conflict,RF_normalized,RF distance,0.901077375122429
FateScape_OmegaSensitivity,dropout_stress,omega3p00_very_strong_conflict,RF_normalized,RF distance,0.898139079333986
FateScape_OmegaSensitivity,dropout_stress,omega3p00_very_strong_conflict,RF_normalized,RF distance,0.881488736532811
FateScape_OmegaSensitivity,dropout_stress,omega3p00_very_strong_conflict,RF_normalized,RF distance,0.875612144955926
FateScape_OmegaSensitivity,dropout_stress,omega3p00_very_strong_conflict,RF_normalized,RF distance,0.897159647404505
FateScape_OmegaSensitivity,dropout_stress,omega3p00_very_strong_conflict,RF_normalized,RF distance,0.898139079333986
FateScape_StateGroup,default,FateScape,Nye,Nye similarity score,0.451005526522175
FateScape_StateGroup,default,FateScape,Nye,Nye similarity score,0.458460572079872
FateScape_StateGroup,default,FateScape,Nye,Nye similarity score,0.466528414308577
FateScape_StateGroup,default,FateScape,Nye,Nye similarity score,0.465634914919519
FateScape_StateGroup,default,FateScape,Nye,Nye similarity score,0.429570373582559
FateScape_StateGroup,default,FateScape,Nye,Nye similarity score,0.451099484709672
FateScape_StateGroup,dropout_stress,FateScape,Nye,Nye similarity score,0.409082984144522
FateScape_StateGroup,dropout_stress,FateScape,Nye,Nye similarity score,0.409264789387867
FateScape_StateGroup,dropout_stress,FateScape,Nye,Nye similarity score,0.408632534808358
FateScape_StateGroup,dropout_stress,FateScape,Nye,Nye similarity score,0.415602145250105
FateScape_StateGroup,dropout_stress,FateScape,Nye,Nye similarity score,0.399672204930012
FateScape_StateGroup,dropout_stress,FateScape,Nye,Nye similarity score,0.410495669545035
FateScape_StateGroup,default,state_cluster_partition,Nye,Nye similarity score,0.431829602724349
FateScape_StateGroup,default,state_cluster_partition,Nye,Nye similarity score,0.425965524780448
FateScape_StateGroup,default,state_cluster_partition,Nye,Nye similarity score,0.0456930733065651
FateScape_StateGroup,default,state_cluster_partition,Nye,Nye similarity score,0.432969223447047
FateScape_StateGroup,default,state_cluster_partition,Nye,Nye similarity score,0.387305883817014
FateScape_StateGroup,default,state_cluster_partition,Nye,Nye similarity score,0.410438161410419
FateScape_StateGroup,dropout_stress,state_cluster_partition,Nye,Nye similarity score,0.0365626910326447
FateScape_StateGroup,dropout_stress,state_cluster_partition,Nye,Nye similarity score,0.37230507107708
FateScape_StateGroup,dropout_stress,state_cluster_partition,Nye,Nye similarity score,0.365720850200002
FateScape_StateGroup,dropout_stress,state_cluster_partition,Nye,Nye similarity score,0.386724794578398
FateScape_StateGroup,dropout_stress,state_cluster_partition,Nye,Nye similarity score,0.369930617878243
FateScape_StateGroup,dropout_stress,state_cluster_partition,Nye,Nye similarity score,0.369801179607461
FateScape_StateGroup,default,FateScape,TreeDistance,Generalized RF distance,0.561406795592652
FateScape_StateGroup,default,FateScape,TreeDistance,Generalized RF distance,0.595526577742242
FateScape_StateGroup,default,FateScape,TreeDistance,Generalized RF distance,0.541784370667603
FateScape_StateGroup,default,FateScape,TreeDistance,Generalized RF distance,0.570713002055236
FateScape_StateGroup,default,FateScape,TreeDistance,Generalized RF distance,0.620014374929056
FateScape_StateGroup,default,FateScape,TreeDistance,Generalized RF distance,0.579877694333182
FateScape_StateGroup,dropout_stress,FateScape,TreeDistance,Generalized RF distance,0.612094215350731
FateScape_StateGroup,dropout_stress,FateScape,TreeDistance,Generalized RF distance,0.654170372271761
FateScape_StateGroup,dropout_stress,FateScape,TreeDistance,Generalized RF distance,0.684844025117944
FateScape_StateGroup,dropout_stress,FateScape,TreeDistance,Generalized RF distance,0.673701553550723
FateScape_StateGroup,dropout_stress,FateScape,TreeDistance,Generalized RF distance,0.653943305998548
FateScape_StateGroup,dropout_stress,FateScape,TreeDistance,Generalized RF distance,0.625476213386654
FateScape_StateGroup,default,state_cluster_partition,TreeDistance,Generalized RF distance,0.602919963215896
FateScape_StateGroup,default,state_cluster_partition,TreeDistance,Generalized RF distance,0.628105396013891
FateScape_StateGroup,default,state_cluster_partition,TreeDistance,Generalized RF distance,0.966309701784539
FateScape_StateGroup,default,state_cluster_partition,TreeDistance,Generalized RF distance,0.613528063368616
FateScape_StateGroup,default,state_cluster_partition,TreeDistance,Generalized RF distance,0.681258613755607
FateScape_StateGroup,default,state_cluster_partition,TreeDistance,Generalized RF distance,0.66583791296951
FateScape_StateGroup,dropout_stress,state_cluster_partition,TreeDistance,Generalized RF distance,0.973647634192138
FateScape_StateGroup,dropout_stress,state_cluster_partition,TreeDistance,Generalized RF distance,0.711110193788184
FateScape_StateGroup,dropout_stress,state_cluster_partition,TreeDistance,Generalized RF distance,0.736040857842047
FateScape_StateGroup,dropout_stress,state_cluster_partition,TreeDistance,Generalized RF distance,0.713778610782292
FateScape_StateGroup,dropout_stress,state_cluster_partition,TreeDistance,Generalized RF distance,0.698096845151789
FateScape_StateGroup,dropout_stress,state_cluster_partition,TreeDistance,Generalized RF distance,0.71971274534021
FateScape_StateGroup,default,FateScape,RF_normalized,RF distance,0.879529872673849
FateScape_StateGroup,default,FateScape,RF_normalized,RF distance,0.862879529872674
FateScape_StateGroup,default,FateScape,RF_normalized,RF distance,0.853085210577865
FateScape_StateGroup,default,FateScape,RF_normalized,RF distance,0.867776689520078
FateScape_StateGroup,default,FateScape,RF_normalized,RF distance,0.889324191968658
FateScape_StateGroup,default,FateScape,RF_normalized,RF distance,0.865817825661117
FateScape_StateGroup,dropout_stress,FateScape,RF_normalized,RF distance,0.90205680705191
FateScape_StateGroup,dropout_stress,FateScape,RF_normalized,RF distance,0.893241919686582
FateScape_StateGroup,dropout_stress,FateScape,RF_normalized,RF distance,0.881488736532811
FateScape_StateGroup,dropout_stress,FateScape,RF_normalized,RF distance,0.88050930460333
FateScape_StateGroup,dropout_stress,FateScape,RF_normalized,RF distance,0.901077375122429
FateScape_StateGroup,dropout_stress,FateScape,RF_normalized,RF distance,0.903036238981391
FateScape_StateGroup,default,state_cluster_partition,RF_normalized,RF distance,0.888344760039177
FateScape_StateGroup,default,state_cluster_partition,RF_normalized,RF distance,0.882468168462292
FateScape_StateGroup,default,state_cluster_partition,RF_normalized,RF distance,1
FateScape_StateGroup,default,state_cluster_partition,RF_normalized,RF distance,0.884427032321254
FateScape_StateGroup,default,state_cluster_partition,RF_normalized,RF distance,0.907933398628795
FateScape_StateGroup,default,state_cluster_partition,RF_normalized,RF distance,0.883447600391773
FateScape_StateGroup,dropout_stress,state_cluster_partition,RF_normalized,RF distance,1
FateScape_StateGroup,dropout_stress,state_cluster_partition,RF_normalized,RF distance,0.909892262487757
FateScape_StateGroup,dropout_stress,state_cluster_partition,RF_normalized,RF distance,0.903036238981391
FateScape_StateGroup,dropout_stress,state_cluster_partition,RF_normalized,RF distance,0.894221351616063
FateScape_StateGroup,dropout_stress,state_cluster_partition,RF_normalized,RF distance,0.915768854064642
FateScape_StateGroup,dropout_stress,state_cluster_partition,RF_normalized,RF distance,0.918707149853085
