,Gene1,Gene2,Gene3,Gene4,Gene5,Gene6,Gene7,Gene8,Gene9,Gene10,Gene11,Gene12,Gene13,Gene14,Gene15,Gene16,Gene17,Gene18,Gene19,Gene20,Gene21,Gene22,Gene23,Gene24,Gene25,Gene26,Gene27,Gene28,Gene29,Gene30,Gene31,Gene32,Gene33,Gene34,Gene35,Gene36,Gene37,Gene38,Gene39,Gene40,Gene41,Gene42,Gene43,Gene44,Gene45,Gene46,Gene47,Gene48,Gene49,Gene50,Gene51,Gene52,Gene53,Gene54,Gene55,Gene56,Gene57,Gene58,Gene59,Gene60,Gene61,Gene62,Gene63,Gene64,Gene65,Gene66,Gene67,Gene68,Gene69,Gene70,Gene71,Gene72,Gene73,Gene74,Gene75,Gene76,Gene77,Gene78,Gene79,Gene80,Gene81,Gene82,Gene83,Gene84,Gene85,Gene86,Gene87,Gene88,Gene89,Gene90,Gene91,Gene92,Gene93,Gene94,Gene95,Gene96,Gene97,Gene98,Gene99,Gene100,Gene101,Gene102,Gene103,Gene104,Gene105,Gene106,Gene107,Gene108,Gene109,Gene110,Gene111,Gene112,Gene113,Gene114,Gene115,Gene116,Gene117,Gene118,Gene119,Gene120,Gene121,Gene122,Gene123,Gene124,Gene125,Gene126,Gene127,Gene128,Gene129,Gene130,Gene131,Gene132,Gene133,Gene134,Gene135,Gene136,Gene137,Gene138,Gene139,Gene140,Gene141,Gene142,Gene143,Gene144,Gene145,Gene146,Gene147,Gene148,Gene149,Gene150,Gene151,Gene152,Gene153,Gene154,Gene155,Gene156,Gene157,Gene158,Gene159,Gene160,Gene161,Gene162,Gene163,Gene164,Gene165,Gene166,Gene167,Gene168,Gene169,Gene170,Gene171,Gene172,Gene173,Gene174,Gene175,Gene176,Gene177,Gene178,Gene179,Gene180,Gene181,Gene182,Gene183,Gene184,Gene185,Gene186,Gene187,Gene188,Gene189,Gene190,Gene191,Gene192,Gene193,Gene194,Gene195,Gene196,Gene197,Gene198,Gene199,Gene200,Gene201,Gene202,Gene203,Gene204,Gene205,Gene206,Gene207,Gene208,Gene209,Gene210,Gene211,Gene212,Gene213,Gene214,Gene215,Gene216,Gene217,Gene218,Gene219,Gene220,Gene221,Gene222,Gene223,Gene224,Gene225,Gene226,Gene227,Gene228,Gene229,Gene230,Gene231,Gene232,Gene233,Gene234,Gene235,Gene236,Gene237,Gene238,Gene239,Gene240,Gene241,Gene242,Gene243,Gene244,Gene245,Gene246,Gene247,Gene248,Gene249,Gene250,Gene251,Gene252,Gene253,Gene254,Gene255,Gene256,Gene257,Gene258,Gene259,Gene260,Gene261,Gene262,Gene263,Gene264,Gene265,Gene266,Gene267,Gene268,Gene269,Gene270,Gene271,Gene272,Gene273,Gene274,Gene275,Gene276,Gene277,Gene278,Gene279,Gene280,Gene281,Gene282,Gene283,Gene284,Gene285,Gene286,Gene287,Gene288,Gene289,Gene290,Gene291,Gene292,Gene293,Gene294,Gene295,Gene296,Gene297,Gene298,Gene299,Gene300,Gene301,Gene302,Gene303,Gene304,Gene305,Gene306,Gene307,Gene308,Gene309,Gene310,Gene311,Gene312,Gene313,Gene314,Gene315,Gene316,Gene317,Gene318,Gene319,Gene320,Gene321,Gene322,Gene323,Gene324,Gene325,Gene326,Gene327,Gene328,Gene329,Gene330,Gene331,Gene332,Gene333,Gene334,Gene335,Gene336,Gene337,Gene338,Gene339,Gene340,Gene341,Gene342,Gene343,Gene344,Gene345,Gene346,Gene347,Gene348,Gene349,Gene350,Gene351,Gene352,Gene353,Gene354,Gene355,Gene356,Gene357,Gene358,Gene359,Gene360,Gene361,Gene362,Gene363,Gene364,Gene365,Gene366,Gene367,Gene368,Gene369,Gene370,Gene371,Gene372,Gene373,Gene374,Gene375,Gene376,Gene377,Gene378,Gene379,Gene380,Gene381,Gene382,Gene383,Gene384,Gene385,Gene386,Gene387,Gene388,Gene389,Gene390,Gene391,Gene392,Gene393,Gene394,Gene395,Gene396,Gene397,Gene398,Gene399,Gene400,Gene401,Gene402,Gene403,Gene404,Gene405,Gene406,Gene407,Gene408,Gene409,Gene410,Gene411,Gene412,Gene413,Gene414,Gene415,Gene416,Gene417,Gene418,Gene419,Gene420,Gene421,Gene422,Gene423,Gene424,Gene425,Gene426,Gene427,Gene428,Gene429,Gene430,Gene431,Gene432,Gene433,Gene434,Gene435,Gene436,Gene437,Gene438,Gene439,Gene440,Gene441,Gene442,Gene443,Gene444,Gene445,Gene446,Gene447,Gene448,Gene449,Gene450,Gene451,Gene452,Gene453,Gene454,Gene455,Gene456,Gene457,Gene458,Gene459,Gene460,Gene461,Gene462,Gene463,Gene464,Gene465,Gene466,Gene467,Gene468,Gene469,Gene470,Gene471,Gene472,Gene473,Gene474,Gene475,Gene476,Gene477,Gene478,Gene479,Gene480,Gene481,Gene482,Gene483,Gene484,Gene485,Gene486,Gene487,Gene488,Gene489,Gene490,Gene491,Gene492,Gene493,Gene494,Gene495,Gene496,Gene497,Gene498,Gene499,Gene500
cell_1,23,0,9,124,36,0,90,89,11,1004,41,25,154,15,0,8,93,2,4,2,95,318,7,19,29,4,1,79,31,21,40,5,147,18,14,361,28,20,214,18,72,156,16,42,2,299,1,57,92,453,2,3,62,7,18,29,5,10,7,1,0,131,10,4,20,0,81,8,0,39,52,4,68,7,1,26,116,1,22,22,14,29,13,87,311,36,4,0,0,37,0,9,34,1,22,29,69,8,69,124,35,6,0,8,278,8,119,6,407,10,3,106,12,5,59,68,35,49,26,169,52,97,53,41,1,22,236,0,0,8,14,0,140,20,3,9,0,4,8,4,162,18,5,0,2,15,186,1,29,0,1,10,1,7011,40,1256,12,1,154,50,6,30,0,43,0,108,0,75,23,96,4,20,2,6,20,6,2,12,9,31,2,23,487,62,28,28,2,71,91,2,5,4,0,0,197,15,149,54,13,7233,5,4,22,0,0,9,2,26,167,17,63,2,0,35,40,43,18,34,0,440,15,2,1,38,71,2,41,0,26,3,61,125,19,65,19,147,31,8,0,4,32,1,39,0,0,37,66,63,38,4,11,85,15,0,64,28,1,7,12,23,24,291,26,32,0,20,13,105,115,20,7,1,3,9,11,1,138,1779,0,3,60,0,127,160,9,23,427,107,17,1,12,23,193,10,2568,6,4,49,1,14,15,5,62,0,2,70,2,163,73,9,18,0,455,8,16,3,13,40,9,202,14,4,40,4376,18,16,17,0,33,5,19,70,54,2,21,34,20,3,189,62,103,8,2,30,20,281,1,62,93,3,11,4,24,16,21,1,8,3,90,2,128,94,11,0,12,22,76,2,15,30,24,706,18,84,10,44,8,38,6,66,110,6,21,0,1,170,13,14,65,2,2,8,72,90,101,18,5,0,1,59,1,6,22,31,1,72,4,46,13,17,52,93,15,0,1,32,19,67,0,114,0,123,77,132,57,5,1400,26,0,2,37,10,63,112,31,33,3,11,24,18,3,577,59,143,46,0,25,98,1079,0,16,55,88,238,5,22,71,65,58,2329,21,0,2,58,96,84,129,42,66,16,0,11,4,1,10,3,32,14,4,0,59,17,153,70,131,48,276,19,781,1,7,32,48,1,43,36,1,197,182,28
cell_2,12,0,11,77,6,1,46,27,17,89,35,70,133,10,0,24,92,4,9,8,57,44,6,0,61,4,0,101,30,13,60,63,4,37,23,623,255,35,195,3,165,323,21,30,6,346,1,18,30,335,0,15,67,4,102,5,0,3,45,5,0,36,55,0,13,44,34,3,13,52,26,11,112,10,3,31,148,4,20,14,0,0,9,80,225,22,8,0,0,56,0,0,19,0,0,29,20,5,59,92,3,0,2,3,144,21,266,28,395,0,34,141,5,5,280,2,50,40,16,42,86,9,60,60,0,36,525,258,7,0,2,0,93,13,5,12,0,6,8,1,157,27,17,0,8,2,136,0,3,3,3,2,1,2052,114,1631,84,0,221,51,45,13,0,25,42,283,3,48,10,158,0,0,3,7,5,1,0,10,13,36,60,55,235,78,19,12,17,33,5,0,1,9,2,9,235,30,99,0,22,5764,0,0,29,0,0,1,2,27,268,0,15,1,0,9,56,120,18,16,0,372,0,2,1,23,75,8,81,3,17,7,93,150,82,145,17,149,18,41,0,98,7,0,1,0,0,23,40,16,3,3,2,118,20,0,35,19,0,8,54,20,24,197,38,28,1,17,9,145,95,23,17,2,8,0,3,21,169,2476,51,32,17,2,140,137,14,14,422,135,0,11,68,66,193,0,2936,25,6,79,20,13,6,0,15,24,18,79,16,80,84,18,3,0,699,1,19,7,7,16,39,54,14,3,7,4114,41,49,5,6,0,21,25,12,57,16,12,33,1,43,29,63,82,5,3,24,29,286,8,56,116,57,13,0,23,39,16,2,197,11,48,8,21,148,27,0,22,5,60,3,23,52,20,520,0,97,21,6,8,84,0,3,132,7,35,6,0,161,2,1,3,4,0,0,10,18,80,55,4,0,13,39,16,0,27,6,2,61,14,74,19,18,46,18,0,13,3,29,22,5,4,76,4,188,20,68,30,44,780,11,0,14,56,20,137,98,6,97,0,34,1,0,4,522,0,140,120,0,195,152,2073,0,1,122,124,292,6,87,25,47,56,1383,13,8,0,54,78,26,104,49,48,6,0,22,0,33,33,5,90,0,5,0,130,0,81,20,75,60,332,13,914,10,11,38,62,14,16,23,18,132,283,109
cell_3,24,0,13,99,28,1,79,85,21,116,51,36,174,19,142,10,75,9,4,3,56,152,25,48,40,1,0,118,18,31,49,34,150,5,7,247,84,32,159,1,154,223,28,40,5,49,0,16,1,596,2,3,37,22,38,79,2,19,4,6,6,9,61,26,34,0,55,61,0,39,0,8,45,99,1,16,122,8,32,0,16,0,11,117,299,44,35,0,0,61,27,8,1,0,1,15,104,16,47,91,5,1,27,50,243,24,152,6,445,0,33,285,11,4,161,17,36,13,32,120,29,51,21,68,0,29,474,150,0,0,0,1,147,25,21,11,0,4,38,4,76,26,1,2,18,23,95,2,12,1,2,10,0,5374,54,1381,10,12,171,53,30,73,0,14,21,292,36,73,26,188,52,14,32,28,10,8,3,18,6,68,22,19,487,25,16,23,10,37,100,2,6,5,0,0,205,12,147,0,14,6685,1,1,31,0,0,22,8,21,218,0,86,0,6,59,55,46,14,44,0,449,12,0,1,10,54,1,67,1,51,2,83,118,68,85,15,168,18,45,0,14,33,0,29,0,0,41,64,50,8,9,7,30,6,24,6,133,0,4,69,18,27,70,67,55,1,0,19,84,150,11,23,21,18,1,14,19,139,1885,57,18,20,4,121,143,0,13,504,121,0,1,59,3,164,0,2675,40,2,29,5,7,3,1,32,0,8,79,11,23,99,8,18,4,434,1,16,18,2,42,28,215,116,21,1,4404,33,0,0,1,5,27,37,88,25,3,6,145,40,16,392,42,85,0,1,21,27,5,1,66,103,28,11,0,28,6,3,6,90,8,35,2,132,69,40,0,51,23,82,23,10,67,70,603,16,92,34,46,49,58,0,61,138,2,19,9,0,47,0,0,50,5,46,0,35,11,137,5,0,1,4,59,13,6,26,5,34,13,6,40,16,12,37,70,26,0,0,26,48,25,17,93,0,138,47,68,80,47,1403,25,0,4,45,21,28,81,28,38,0,15,16,25,85,1207,12,120,46,0,8,95,787,0,3,103,108,38,6,85,3,20,83,1540,5,6,27,14,96,73,183,22,54,15,4,9,32,31,70,0,109,4,8,0,134,0,119,108,101,46,45,1,798,2,13,122,25,10,4,38,20,165,6,117
cell_4,77,14,28,94,24,0,84,2,34,154,47,91,167,9,0,2,73,11,0,0,99,262,21,35,46,4,0,3,26,2,46,0,65,47,36,222,108,9,208,21,54,164,83,38,5,430,0,0,0,147,5,24,46,22,23,102,0,15,16,2,0,205,11,7,25,9,101,88,4,35,14,7,75,10,2,10,1,0,39,92,4,0,10,0,227,86,20,0,0,66,7,1,4,3,19,32,116,0,34,103,39,3,2,29,224,18,134,0,74,13,10,302,11,2,187,32,0,32,24,89,15,15,40,23,0,37,151,0,1,4,0,10,135,13,10,7,0,0,14,2,146,26,41,0,1,3,174,0,33,0,1,6,0,1816,48,1377,10,1,139,63,15,94,0,51,10,237,6,104,20,146,28,0,9,58,32,2,0,22,10,73,7,91,499,57,23,13,6,56,88,0,3,0,0,0,275,58,28,0,10,5900,5,0,63,0,5,0,14,40,218,0,41,0,1,14,28,54,16,22,0,450,0,0,1,48,11,0,54,1,41,5,58,133,145,39,28,167,16,45,10,8,88,4,32,0,0,33,53,182,68,2,11,29,22,0,17,17,0,3,30,27,30,315,18,11,0,7,0,50,157,8,10,39,10,1,17,2,109,2135,45,44,22,0,95,130,5,23,525,138,0,9,79,6,165,0,2460,2,38,27,0,10,31,4,97,1,19,86,13,151,89,7,46,1,467,0,18,18,12,1,6,249,0,8,52,4318,72,2,5,5,44,41,21,53,24,4,61,33,3,0,464,53,80,19,24,60,24,123,4,71,96,0,3,8,22,110,17,5,73,15,61,2,137,27,10,0,0,38,66,0,8,46,61,389,12,57,70,10,31,55,0,7,123,7,21,0,0,68,0,0,27,4,32,6,104,45,162,14,2,0,1,26,5,47,41,20,5,54,5,33,10,20,31,68,7,0,0,34,125,55,1,81,0,78,15,86,61,34,1365,18,0,29,15,12,117,94,2,11,3,9,25,33,7,1,32,131,132,0,233,138,984,0,16,122,108,470,2,60,72,16,59,1631,14,3,7,41,21,0,168,55,15,19,0,5,8,46,12,1,128,0,1,0,120,0,77,29,106,43,334,51,860,0,19,16,46,14,103,3,0,88,163,0
cell_5,57,0,30,105,20,18,80,6,126,472,31,12,162,16,2,20,69,4,0,4,84,73,11,19,3,0,0,117,26,35,23,58,170,52,4,210,55,21,229,21,168,194,5,35,6,347,4,52,0,291,6,23,43,11,50,55,0,3,10,3,4,134,19,13,32,32,55,105,13,41,25,0,105,40,2,38,145,0,31,5,11,6,13,17,14,56,11,0,0,46,2,1,78,9,1,13,133,5,69,21,12,10,10,12,243,6,80,41,451,3,11,79,21,4,31,57,33,48,8,80,86,18,27,52,2,25,10,238,0,0,0,0,155,2,15,16,0,4,18,7,179,22,12,0,0,9,138,2,2,2,2,3,2,62,61,1565,87,5,167,43,38,70,16,17,10,228,2,22,25,156,0,22,12,28,13,0,5,26,19,92,2,93,465,65,15,3,4,35,103,4,7,11,0,6,200,16,9,128,15,6306,16,0,54,0,0,9,1,6,171,12,16,5,0,42,39,3,3,0,0,426,6,0,0,3,65,1,67,2,6,1,27,98,60,110,24,15,18,23,35,41,43,3,46,0,0,37,62,143,48,4,17,111,18,11,6,43,0,14,67,17,18,159,33,9,1,18,68,122,137,52,7,22,8,3,3,4,147,2117,44,98,27,2,134,150,13,18,438,106,20,0,33,18,148,0,2804,1,1,20,6,18,11,8,2,0,3,94,0,136,90,39,7,2,519,2,12,17,18,0,9,41,143,6,6,4403,61,106,3,15,0,26,30,73,15,15,34,120,34,25,401,60,78,35,30,56,26,0,4,68,97,3,12,64,34,217,6,2,36,54,0,0,53,27,17,0,12,9,80,20,12,42,28,413,5,99,8,9,10,19,0,28,113,5,31,1,0,53,8,1,42,34,16,8,0,20,135,50,1,0,10,52,23,7,57,12,0,31,3,34,8,25,86,12,50,2,9,6,73,53,4,211,4,143,53,79,32,35,1499,14,29,0,21,0,65,114,6,30,1,5,14,19,66,130,43,85,121,0,35,126,1024,0,42,115,23,178,0,54,60,18,53,785,17,8,127,25,90,0,29,30,47,9,1,20,2,55,78,5,147,1,5,2,135,0,126,26,165,34,281,63,852,4,19,6,65,0,39,24,16,68,174,101
cell_6,36,1,8,111,11,0,79,7,31,35,25,30,207,13,0,5,93,19,3,3,89,97,10,1,66,1,0,128,29,5,45,57,16,1,2,327,0,16,183,6,131,105,83,29,6,376,3,32,75,132,0,39,40,7,33,12,0,3,8,10,0,160,5,0,16,24,70,20,1,42,55,14,47,1,2,16,69,15,40,50,19,1,17,79,326,63,1,0,0,34,7,3,7,0,1,17,134,6,64,99,12,0,0,16,247,20,58,20,414,17,31,172,7,0,106,1,0,39,28,165,131,112,60,37,5,15,185,31,2,3,6,23,126,24,1,9,8,1,9,1,176,19,21,0,1,0,173,22,16,0,6,12,0,8258,49,1319,16,0,182,44,8,14,0,46,60,535,8,32,15,255,0,10,8,3,10,12,0,18,8,65,4,108,478,50,18,3,3,60,50,0,0,21,0,2,239,19,217,0,9,6222,2,0,47,1,1,7,7,20,237,0,78,0,0,50,16,20,39,11,0,438,4,1,3,7,58,2,23,4,35,3,71,160,39,15,24,185,10,1,0,0,27,0,49,0,3,24,88,58,28,7,2,81,20,0,51,54,0,2,89,27,2,343,43,8,2,29,9,178,143,9,21,3,2,12,6,12,101,1908,42,61,18,0,144,134,3,29,497,128,5,14,75,20,166,3,2593,4,8,39,0,13,12,4,51,2,14,86,9,42,107,9,7,2,464,1,19,15,2,1,2,2,91,2,44,4396,33,97,4,6,8,20,35,40,38,13,12,39,14,9,183,63,106,75,1,42,31,358,0,78,128,0,3,0,5,58,30,0,80,0,76,0,150,76,7,1,0,8,61,11,17,10,59,296,0,86,23,46,19,8,1,70,108,1,37,0,0,125,5,30,23,12,2,5,35,17,126,58,2,0,4,67,12,51,68,2,0,33,5,26,13,21,114,92,16,35,12,16,63,40,0,25,0,100,39,114,14,51,1663,0,2,6,23,25,109,110,24,53,0,24,9,23,33,119,7,27,93,0,188,126,1057,2,7,112,88,189,3,4,64,114,63,928,4,0,13,50,104,31,201,33,43,14,2,25,5,34,73,3,154,0,0,2,88,16,119,46,139,32,331,36,920,1,13,15,43,3,70,31,0,132,254,103
cell_7,18,1,7,106,26,1,87,71,29,481,55,112,181,40,2,13,80,16,2,18,100,94,2,0,64,0,0,69,19,23,44,9,100,49,6,376,139,17,208,16,91,225,2,30,4,414,2,0,8,401,9,6,56,11,48,17,0,2,14,9,0,163,33,10,34,33,101,16,0,49,48,23,59,0,0,22,40,6,19,70,4,27,15,94,282,39,45,0,0,12,0,6,94,7,9,36,122,0,11,64,75,3,8,1,182,26,140,1,172,0,6,37,14,11,33,15,34,36,6,139,134,45,28,47,0,21,31,244,4,0,8,7,161,26,0,10,1,1,12,1,139,27,4,0,3,1,200,7,15,1,3,16,1,5516,30,1420,14,0,158,41,29,75,0,42,53,330,7,64,18,66,8,1,34,41,4,5,1,16,10,64,10,18,499,78,23,23,7,54,29,80,0,1,0,1,307,6,317,1,13,6825,15,0,42,0,0,6,11,47,203,0,64,6,0,37,30,55,18,33,25,455,1,0,1,15,89,5,12,0,14,3,116,146,68,26,28,42,29,15,0,38,41,0,3,0,0,0,99,21,44,3,51,23,3,0,13,58,0,8,118,1,66,385,62,10,5,32,0,153,133,23,5,2,23,1,16,15,133,1738,27,29,8,12,116,142,2,13,464,104,9,0,81,10,177,4,2503,18,0,6,11,3,28,0,119,12,5,108,15,17,73,5,28,2,459,0,25,9,14,0,20,106,162,0,78,4493,42,25,6,11,25,14,35,42,62,6,59,86,2,34,147,57,131,3,36,68,20,49,19,71,99,9,8,0,8,129,15,11,14,3,48,1,34,12,0,0,11,2,57,27,5,51,9,578,0,73,22,39,21,45,0,31,126,3,22,0,0,126,62,0,53,15,0,0,22,102,150,30,0,0,1,111,0,23,53,17,0,35,17,37,37,16,14,58,8,0,0,24,116,36,6,40,0,156,71,101,66,40,1313,3,0,0,40,10,121,26,6,76,1,4,29,38,73,465,38,63,78,0,13,101,938,0,22,65,11,478,2,67,34,27,80,2076,8,2,0,93,69,52,226,29,37,14,5,0,1,15,28,17,161,4,4,2,44,2,114,47,112,51,323,16,841,6,27,22,14,2,8,49,2,25,195,100
cell_8,3,2,17,104,27,0,45,34,83,81,42,96,181,44,16,2,47,3,9,4,93,160,10,6,58,3,0,10,33,20,49,9,33,0,12,704,82,44,304,62,395,154,8,49,48,417,0,23,6,66,73,26,77,0,84,61,11,2,10,3,0,82,1,0,26,38,97,79,0,42,35,25,28,2,6,33,33,1,27,35,4,4,12,48,289,28,9,0,0,55,0,11,63,0,19,40,113,5,11,70,59,4,9,4,245,19,179,6,428,0,56,118,2,4,40,29,40,34,18,40,107,21,28,100,13,17,33,175,9,11,1,1,214,41,0,19,6,3,7,2,175,3,16,2,2,27,136,1,25,1,3,7,0,1442,0,1764,19,2,33,30,66,71,0,8,28,414,7,71,27,109,0,3,9,20,5,7,0,28,20,54,10,25,224,87,23,17,1,55,7,21,0,17,3,0,214,30,209,0,16,6733,4,3,52,0,0,1,11,21,156,0,10,0,0,16,35,32,0,23,17,431,8,0,0,31,97,2,70,1,28,19,97,63,60,44,11,120,38,3,9,93,145,3,79,3,3,9,58,50,71,0,0,30,14,0,31,105,0,4,43,18,5,227,10,14,0,20,20,103,80,3,3,8,2,0,16,0,176,1637,11,67,0,0,147,225,8,13,390,163,22,12,68,17,225,0,3314,18,0,25,27,2,0,0,34,5,13,46,15,72,50,29,28,8,591,1,16,0,23,0,3,36,16,0,66,4255,8,19,4,22,31,37,31,9,27,8,35,83,0,112,483,74,96,0,1,57,22,8,5,57,94,14,12,0,7,231,16,32,230,21,36,21,147,35,20,0,20,3,49,5,5,28,33,827,2,68,17,21,6,8,5,34,146,6,34,2,0,57,10,0,88,24,26,10,0,132,72,33,5,0,1,168,2,3,37,6,12,8,14,64,0,17,135,16,4,0,0,10,20,51,4,44,0,165,74,135,88,48,815,3,10,3,19,1,67,57,8,173,7,18,23,123,30,70,12,20,110,0,259,152,1268,0,27,61,37,220,0,42,33,40,45,972,14,25,0,15,32,28,273,34,52,4,0,4,2,42,28,1,123,0,0,5,51,87,51,30,13,39,376,25,1021,0,4,16,44,6,26,8,26,87,94,43
cell_9,19,27,0,105,30,2,82,30,12,706,59,21,165,4,2,3,101,10,7,8,75,226,6,60,15,0,1,77,25,9,31,41,55,46,30,322,72,21,193,24,140,165,4,41,5,326,1,8,103,440,17,42,32,6,60,101,0,1,20,5,0,56,19,5,36,35,26,24,0,65,27,18,33,14,1,31,50,4,40,50,7,13,14,118,171,53,2,0,0,44,10,14,112,31,18,32,56,3,44,113,61,6,13,36,29,10,137,1,409,3,1,303,16,2,147,21,26,10,33,171,40,99,63,6,3,32,327,29,0,0,0,0,126,14,28,1,0,0,6,5,197,26,40,0,0,11,183,0,27,3,0,18,1,8264,84,1364,11,9,159,40,8,89,0,6,3,185,5,72,25,307,6,7,28,50,37,3,14,17,9,66,7,22,448,29,25,5,5,64,71,13,14,2,11,0,228,30,60,11,17,6799,4,1,29,0,0,1,0,10,177,0,29,0,0,34,10,79,15,28,0,420,0,0,3,33,19,4,63,11,23,4,75,89,7,89,25,69,4,30,23,15,81,6,72,0,0,3,93,26,50,15,45,69,20,10,50,11,0,12,28,19,54,302,12,72,0,14,34,78,123,25,12,22,4,18,5,0,98,1938,36,4,72,0,96,136,28,14,402,120,1,4,30,0,187,0,2326,11,28,12,4,12,36,0,122,0,20,84,4,139,99,10,17,6,505,1,20,7,9,34,35,367,106,0,62,4442,34,0,6,36,6,10,19,48,43,12,2,69,7,18,504,74,139,22,0,74,29,30,0,65,102,51,11,2,26,26,8,8,190,15,13,1,150,129,14,1,9,8,74,6,9,18,44,531,17,54,59,41,7,25,0,0,64,4,30,2,1,87,15,0,91,18,25,12,62,74,139,9,0,0,2,42,18,4,59,26,3,79,2,30,17,13,63,34,41,8,1,30,113,0,0,221,0,65,56,97,61,44,1334,19,0,16,36,2,141,95,6,26,8,45,19,90,26,13,70,469,126,0,118,125,926,0,5,33,79,145,0,41,258,65,73,2073,22,0,8,49,38,6,163,37,52,19,0,13,1,35,15,0,118,4,2,1,130,11,80,64,45,58,260,32,885,0,14,23,44,5,41,29,9,46,104,130
cell_10,30,0,2,118,16,14,89,39,34,585,25,14,179,11,30,1,87,6,3,18,54,30,14,9,21,12,2,120,20,22,7,74,70,62,10,298,64,18,197,7,171,131,65,49,8,424,0,10,16,576,0,10,54,18,90,81,2,0,24,3,0,36,31,0,10,15,16,41,2,50,0,3,43,42,0,29,40,0,37,76,0,0,10,102,282,66,20,1,0,49,38,11,27,107,42,15,147,3,58,100,62,6,0,15,135,13,117,30,419,0,11,275,3,4,157,2,0,44,26,96,51,136,28,28,0,34,287,17,4,1,0,14,149,7,42,20,1,2,40,6,173,22,25,0,12,14,147,2,5,3,0,16,0,7378,29,1396,9,0,194,56,10,81,0,6,18,30,5,105,32,278,64,1,40,19,8,5,2,11,8,74,53,38,442,26,20,5,2,65,1,0,0,8,0,11,271,3,14,0,14,6523,0,0,32,0,0,1,4,11,133,0,56,0,0,47,67,35,25,29,0,418,0,0,2,29,0,2,44,9,69,6,14,136,26,52,30,135,2,21,0,27,43,1,8,0,1,30,26,58,18,2,18,15,14,0,51,43,0,0,71,19,14,333,32,12,0,3,49,120,137,9,12,6,11,7,8,0,132,1763,78,13,50,22,124,134,4,10,592,138,0,0,58,1,180,0,2319,7,4,0,2,16,9,3,91,0,25,84,14,74,96,1,40,0,498,3,16,0,6,0,28,20,91,4,70,4189,59,41,16,36,16,20,17,78,31,10,52,89,4,1,328,57,106,65,0,27,21,0,6,81,87,29,9,5,17,0,6,33,21,0,37,3,99,59,10,0,0,2,92,5,35,59,78,541,8,32,20,41,4,48,0,0,116,4,29,1,0,144,3,6,5,18,0,1,2,20,152,5,0,0,3,19,5,14,52,18,4,29,9,31,2,16,120,25,20,6,0,0,120,14,0,130,0,112,24,122,9,45,1419,43,0,11,37,13,126,102,7,1,0,36,22,25,21,324,1,308,126,0,56,117,870,3,29,136,79,330,10,75,73,123,49,1788,8,0,5,67,48,39,229,30,19,23,2,9,31,3,79,11,153,0,2,0,125,0,107,10,93,31,111,18,881,1,15,66,35,3,70,37,0,166,202,112
cell_11,16,3,12,102,34,1,87,31,37,289,54,47,151,19,11,15,86,9,1,0,86,341,12,7,34,8,0,144,21,7,46,41,31,35,8,301,222,24,199,17,122,216,9,36,1,144,0,14,48,604,31,29,58,7,44,44,11,6,23,3,0,28,45,10,20,1,75,49,0,54,36,22,55,16,0,23,65,0,21,41,5,57,13,89,278,7,25,0,0,14,0,8,1,0,47,26,74,1,22,4,58,3,5,25,186,24,143,1,485,4,16,218,8,8,145,2,37,31,16,149,46,82,27,15,0,25,109,243,0,2,3,0,113,26,9,21,0,7,2,1,159,26,18,73,2,16,182,0,6,4,2,7,0,3413,8,1408,2,0,129,27,7,26,0,38,4,230,5,56,25,181,21,1,14,14,11,31,3,19,8,61,26,4,487,76,26,1,17,60,0,0,9,3,0,0,213,34,73,57,14,6191,2,0,38,0,0,3,7,38,235,0,76,0,0,26,20,78,1,30,6,432,11,0,2,38,70,3,48,0,59,7,122,133,62,78,20,77,13,13,18,23,71,0,16,0,0,7,14,135,43,11,35,5,25,0,31,46,0,8,89,24,7,330,12,19,0,25,23,110,150,30,29,24,15,2,11,7,110,1938,19,42,8,13,137,164,8,4,457,125,12,12,65,1,173,0,2792,0,12,17,16,18,8,0,126,2,3,89,19,28,62,1,67,0,476,0,21,11,3,2,1,252,139,2,75,4339,7,43,8,0,123,50,10,50,100,0,17,38,1,0,210,55,129,7,17,31,18,246,2,84,82,2,14,11,17,83,4,5,29,7,31,3,165,78,8,0,0,5,84,9,5,46,49,661,0,65,30,23,11,25,1,24,6,0,30,0,0,124,1,0,12,1,0,45,169,12,70,14,3,0,13,103,2,0,12,36,0,57,11,32,8,12,112,19,0,5,0,2,81,54,14,5,0,113,45,110,24,7,1388,33,0,0,39,9,43,27,15,0,4,37,12,44,25,839,3,205,11,0,96,133,961,2,12,112,85,637,0,13,63,86,73,1807,20,0,1,85,73,38,227,21,58,29,2,6,34,64,43,29,48,0,0,3,41,10,110,20,157,43,219,27,846,0,11,21,59,10,27,16,9,184,184,105
cell_12,60,8,11,107,24,1,94,10,99,888,24,138,156,10,0,8,77,7,3,8,87,277,6,15,70,1,2,94,23,21,56,28,79,92,16,314,190,22,250,25,142,138,4,34,8,100,2,25,0,625,3,13,62,7,21,3,1,9,6,10,0,194,65,0,23,0,74,88,40,40,30,21,104,18,0,10,121,3,48,10,9,0,10,11,308,42,2,0,0,58,4,1,32,7,10,31,117,9,48,0,7,0,0,16,255,0,192,3,409,3,16,299,5,0,88,2,38,52,44,158,37,132,38,16,0,28,134,92,0,3,5,8,138,18,2,26,0,2,0,0,174,8,39,0,17,20,168,0,16,0,3,4,0,5123,71,1318,9,0,154,53,15,87,1,21,5,442,0,97,21,255,36,3,5,12,6,0,0,22,13,76,30,46,506,31,18,40,23,85,0,7,0,2,0,0,254,8,1,3,3,6234,3,0,34,0,0,18,4,11,257,0,2,0,1,30,14,5,14,1,0,439,0,2,4,22,75,7,73,6,23,3,18,134,188,137,27,147,30,19,20,41,120,1,36,2,0,0,84,79,33,12,5,129,6,0,29,30,0,5,24,17,72,312,65,13,0,10,1,127,181,44,10,25,8,13,1,4,141,2120,18,96,73,2,113,120,16,10,320,130,4,39,79,0,187,3,2555,1,16,44,0,17,5,0,7,3,10,52,12,135,98,43,11,0,438,4,5,13,42,24,0,40,150,13,43,4518,13,88,7,12,77,31,23,60,43,15,60,34,28,1,143,52,141,0,2,15,33,85,6,83,88,0,19,11,30,65,6,1,47,47,10,0,171,3,3,0,0,1,83,23,11,69,53,571,16,79,56,42,30,66,0,67,128,2,32,3,1,110,1,0,103,1,0,0,17,223,152,25,2,0,5,20,0,13,75,40,0,17,6,45,0,21,82,19,0,2,0,2,40,39,12,1,0,136,44,158,84,46,1112,4,1,0,16,7,115,121,2,5,1,16,26,80,23,156,36,127,100,0,161,112,1251,0,19,136,125,487,3,55,2,82,34,1480,6,5,10,36,102,0,225,32,28,6,4,19,1,81,64,17,5,0,3,0,109,33,92,43,127,57,332,32,748,5,6,27,43,1,97,33,0,208,14,102
cell_13,19,0,1,96,26,0,70,29,72,0,31,7,103,21,2,5,80,9,15,28,83,279,7,2,32,0,0,55,35,22,36,49,67,8,16,317,0,24,215,16,117,51,4,35,0,398,0,17,16,716,0,1,58,7,16,51,0,0,15,3,1,46,29,3,28,0,57,35,0,50,5,19,39,28,0,31,47,6,3,13,2,19,7,67,252,39,12,0,0,41,40,2,8,10,41,23,96,1,50,99,43,2,3,6,181,28,176,10,456,0,12,147,5,4,162,34,15,28,18,147,55,122,47,5,0,29,385,1,0,4,0,0,134,21,13,12,0,2,2,6,177,27,22,0,0,15,155,3,7,0,1,17,2,7052,61,1296,3,1,188,40,11,75,0,13,8,355,4,20,27,179,63,0,13,9,14,1,9,20,10,55,16,20,455,72,20,39,16,81,76,14,13,3,0,0,285,16,152,88,24,6061,11,28,52,0,0,8,3,28,279,0,27,3,0,51,20,54,25,16,0,465,6,3,0,38,25,6,52,0,67,2,26,135,85,78,14,143,4,11,0,21,99,0,17,0,0,16,61,37,42,5,9,2,17,5,13,55,0,12,21,18,15,279,25,28,2,27,46,105,145,47,7,14,2,26,10,0,120,2049,2,92,21,12,102,164,3,12,393,118,19,2,70,0,168,1,2767,5,2,23,8,12,12,9,36,0,24,61,14,131,45,17,30,2,472,5,10,18,30,0,15,51,42,1,81,4401,6,5,4,5,55,43,6,33,73,23,15,50,5,0,356,49,60,10,0,41,23,113,5,62,109,5,12,11,38,12,9,1,51,0,19,3,86,69,13,0,9,10,73,20,4,73,44,651,26,66,47,30,4,11,0,36,73,4,23,4,0,53,4,0,52,4,0,0,76,36,54,10,0,0,24,33,6,22,48,16,0,31,8,40,0,19,66,32,0,0,0,20,18,49,10,44,0,58,80,112,8,1,1206,14,3,4,41,24,92,91,67,1,16,21,9,21,57,62,22,45,84,0,208,137,1227,13,15,49,110,246,0,29,26,60,60,1515,1,0,18,29,72,156,11,38,31,16,6,42,13,92,24,7,10,18,10,2,88,9,129,58,125,38,258,16,867,0,5,10,22,11,107,23,11,86,4,45
cell_14,33,17,19,81,22,1,107,31,28,924,62,109,166,7,59,26,71,3,0,3,73,308,26,46,23,3,1,83,21,19,48,72,58,62,8,366,346,12,240,24,164,125,46,32,0,57,1,39,0,393,11,40,28,10,36,68,0,1,11,6,47,60,41,21,22,0,92,53,0,41,1,12,29,21,2,22,92,15,30,41,45,5,6,100,334,80,30,0,1,37,0,7,38,9,3,20,77,1,82,117,21,1,8,8,225,23,29,2,342,1,45,278,4,4,91,8,44,34,14,109,35,40,17,49,26,24,8,133,6,0,2,13,117,18,13,17,0,2,16,2,156,24,17,7,0,11,182,2,9,4,9,8,0,3699,16,1379,61,5,135,40,24,69,0,2,4,298,0,17,20,79,0,3,10,4,5,0,0,22,2,71,44,61,461,62,23,1,10,71,87,0,1,8,0,0,270,24,95,21,27,6181,3,0,20,0,0,20,2,28,263,0,0,0,11,33,24,25,22,35,0,450,26,0,1,32,78,11,67,7,9,5,64,134,93,16,21,124,27,47,10,21,30,2,13,1,0,23,99,180,58,10,31,99,17,0,2,60,14,1,50,39,57,343,50,1,0,11,9,135,163,12,39,31,5,3,14,3,78,2271,9,1,34,0,99,139,9,6,258,101,8,9,35,19,161,1,2520,13,39,7,5,9,22,0,80,8,24,86,18,124,17,31,10,17,491,0,19,2,11,18,7,83,156,5,14,4587,2,48,12,1,43,50,21,89,5,5,12,58,15,39,422,28,60,3,7,61,26,317,0,60,120,0,10,2,46,176,19,8,16,57,92,13,172,98,25,0,31,4,59,13,16,50,83,514,14,68,67,24,7,15,2,78,126,5,21,0,2,69,14,0,36,2,0,3,15,152,99,24,8,0,1,103,2,10,14,19,2,28,14,46,14,20,31,19,66,0,12,14,46,9,7,108,0,164,89,84,69,29,1194,6,10,3,28,0,72,32,10,75,3,40,21,15,25,591,25,9,49,1,105,108,1103,0,2,43,65,503,3,47,23,39,60,1275,10,15,46,26,105,44,66,30,56,20,6,5,0,151,74,10,23,24,7,6,170,8,105,33,112,48,336,28,789,5,11,30,41,9,15,45,7,36,102,18
cell_15,3,4,12,80,14,0,89,25,9,387,47,11,156,8,6,7,70,0,7,0,80,126,9,34,15,2,0,105,27,18,38,70,42,25,23,319,203,3,231,27,116,98,13,32,3,374,4,15,22,665,8,12,50,15,101,117,7,0,9,6,0,0,3,14,11,0,9,21,4,47,28,1,30,27,1,29,15,0,26,30,7,0,9,113,317,28,9,0,0,40,8,8,52,55,2,42,112,1,57,112,21,0,17,14,123,21,83,22,410,8,38,108,0,5,116,7,42,42,22,157,1,49,23,4,6,22,115,218,0,8,2,0,116,7,10,3,2,4,14,2,184,26,34,0,23,6,202,1,14,22,1,6,0,7189,46,1460,12,0,191,45,24,97,0,7,6,196,1,99,27,249,6,6,26,15,5,16,6,18,5,34,9,9,473,69,29,12,6,85,94,9,2,3,0,1,163,21,81,4,19,6502,10,2,14,1,0,25,8,39,244,2,76,0,0,36,34,29,26,27,0,455,46,2,5,46,65,1,36,0,18,2,50,139,47,55,31,173,10,37,0,28,13,0,21,0,0,24,26,66,47,2,57,77,25,1,42,5,3,3,8,24,75,419,13,29,0,6,19,78,120,32,15,13,14,21,16,0,120,1971,6,23,17,41,119,164,17,17,648,107,2,3,74,20,148,6,2379,8,0,1,0,7,7,1,73,0,3,20,19,23,90,21,37,1,480,0,13,13,4,0,25,50,157,16,9,4376,43,24,13,33,28,7,28,54,63,19,12,104,8,59,575,47,64,18,17,30,32,0,12,78,89,48,10,3,33,24,17,46,12,2,16,10,122,18,14,0,9,13,67,12,15,32,62,568,9,48,20,19,9,24,0,41,50,2,38,0,15,88,6,0,44,3,0,0,39,0,150,9,4,1,2,50,16,7,15,21,75,29,4,33,24,23,39,12,2,4,3,19,74,24,3,176,2,155,44,110,16,40,1190,22,0,13,33,0,123,52,40,31,2,27,10,30,29,904,1,202,105,0,339,31,889,0,20,132,86,557,4,23,75,10,21,1101,22,4,31,20,63,35,193,39,16,22,2,1,10,12,30,0,156,0,9,0,45,6,92,3,55,46,282,47,781,0,15,65,32,3,9,36,47,122,185,24
cell_16,16,5,18,112,23,12,98,6,34,77,51,112,141,9,86,0,83,9,16,7,103,142,12,2,59,4,0,31,21,5,46,16,134,39,5,281,23,32,225,24,83,131,32,35,0,14,0,9,33,524,13,19,29,15,46,51,11,7,30,6,0,194,57,25,22,26,94,6,0,40,44,30,52,33,7,11,153,26,27,29,63,29,11,55,79,28,6,1,0,51,0,13,2,0,20,30,108,0,32,85,13,0,3,8,194,31,137,32,382,0,1,194,6,5,52,23,1,27,11,120,59,128,7,27,0,25,47,80,3,2,7,0,137,21,4,37,0,1,1,0,152,21,27,7,0,15,150,0,6,0,0,1,2,5817,35,1343,60,1,139,46,15,20,0,52,9,163,3,94,27,282,45,0,11,83,15,4,0,16,20,68,18,38,499,66,31,11,3,60,51,53,0,5,1,6,278,33,50,0,6,6285,29,0,35,0,0,11,12,37,118,0,40,0,0,17,9,35,33,35,0,468,0,4,4,17,67,2,59,2,34,2,102,144,58,5,3,110,17,28,0,13,47,5,3,0,0,0,66,27,50,6,25,23,16,0,14,23,0,4,96,25,11,416,7,8,0,14,37,83,132,18,7,7,20,6,20,15,71,2041,3,71,3,0,138,158,24,18,510,124,5,8,54,17,162,0,2492,13,42,9,1,19,6,1,134,15,3,119,16,149,100,2,19,0,506,0,11,8,38,29,1,62,38,1,53,4387,73,55,3,17,79,19,18,35,79,13,27,78,23,56,565,43,118,20,0,19,28,154,1,71,114,2,11,0,18,68,16,7,107,5,19,13,106,28,4,0,2,1,62,6,6,68,46,565,3,75,45,21,25,48,6,10,51,1,17,8,0,50,16,12,68,4,5,43,31,106,89,23,1,0,4,99,7,2,53,36,0,158,0,33,40,16,42,36,4,0,0,16,119,49,3,7,0,136,88,92,35,21,1184,10,1,2,8,20,74,83,21,40,0,11,20,89,3,147,0,81,117,0,89,121,1094,87,36,54,58,540,5,37,307,35,57,1666,6,7,1,13,117,13,162,31,69,13,0,1,20,51,24,5,11,5,3,0,66,16,111,8,129,51,239,14,803,6,8,94,39,5,56,45,7,206,175,64
cell_17,43,2,8,95,35,0,104,16,61,145,39,142,185,9,40,7,67,32,1,3,96,64,9,28,75,13,0,84,27,25,38,32,115,14,24,327,0,11,170,0,82,151,30,48,4,374,0,12,16,594,5,57,18,22,10,150,1,10,2,8,22,81,69,10,31,1,36,74,0,38,11,7,81,10,1,27,169,0,38,5,70,15,11,37,1,76,5,0,0,33,2,1,55,18,10,22,123,0,17,128,29,1,15,44,193,12,83,0,363,0,10,173,1,3,177,53,3,34,21,77,51,29,44,24,11,19,276,258,0,0,0,24,160,14,15,28,2,1,19,1,145,18,31,0,0,9,160,4,3,5,1,18,2,6781,64,1358,8,3,144,56,22,64,0,2,1,178,11,98,19,268,69,6,4,18,9,0,0,16,18,88,64,4,459,45,29,13,5,48,46,1,1,8,0,0,270,16,86,0,14,6365,1,39,54,0,0,5,6,16,143,0,15,0,0,40,43,17,16,34,0,438,0,0,3,3,62,2,50,4,36,1,28,143,81,103,15,127,26,35,30,108,18,2,7,0,0,36,81,95,60,1,52,1,12,0,11,137,0,1,17,26,3,405,30,17,0,7,25,68,87,16,2,19,4,10,13,5,132,1990,76,58,148,0,126,128,1,7,442,140,5,0,34,0,194,22,2456,25,8,21,0,19,18,0,25,0,23,38,9,144,81,15,15,0,459,0,14,0,1,0,34,287,35,0,6,4433,8,79,0,73,90,16,10,32,29,7,15,73,1,1,405,52,19,14,13,49,26,0,2,66,88,2,11,1,80,23,14,0,93,13,95,5,156,89,2,3,17,12,68,13,25,64,73,532,1,97,37,51,8,25,0,39,75,4,22,5,0,32,6,0,8,9,57,11,1,66,144,4,0,0,19,59,9,19,43,30,2,47,3,31,0,20,52,53,8,3,0,9,133,8,11,124,0,145,51,122,31,44,1313,32,0,0,46,41,105,105,20,16,0,13,17,84,0,57,3,89,71,0,27,120,1165,0,20,106,95,401,0,34,254,46,18,3353,9,0,23,68,91,1,228,29,59,16,2,2,21,51,85,12,123,21,8,0,128,0,99,12,126,37,293,0,794,0,6,53,33,0,21,43,1,89,13,44
cell_18,98,0,11,88,35,0,72,22,17,474,55,66,146,31,9,6,74,7,4,0,88,300,8,5,78,14,6,34,28,38,46,12,121,30,14,145,85,23,181,21,154,141,9,33,2,359,0,47,2,582,13,44,35,27,93,38,0,8,15,2,0,137,9,3,29,0,86,30,0,45,21,11,31,40,0,14,29,4,24,62,20,26,8,88,238,27,9,0,0,41,0,3,60,0,27,21,100,0,68,62,42,7,4,10,183,35,154,8,352,2,39,209,20,5,67,26,30,44,35,119,20,29,18,28,0,27,153,87,4,3,0,31,128,11,3,18,0,0,7,0,183,16,11,0,1,79,142,3,5,0,3,7,1,4831,1,1373,11,0,102,45,12,26,0,61,12,393,7,101,27,190,0,16,15,26,6,12,0,14,22,100,3,25,481,70,13,19,7,78,93,0,8,9,0,0,251,37,136,0,16,6092,7,4,68,0,0,0,1,24,64,0,91,6,0,38,7,38,3,31,153,443,18,0,7,26,69,3,71,0,3,5,76,130,48,51,17,176,19,3,7,1,38,0,27,0,0,4,96,21,32,10,29,34,4,0,7,159,0,8,33,11,15,344,10,21,11,14,2,93,135,35,12,38,3,1,16,9,130,2178,6,57,12,0,127,130,0,9,414,112,20,1,28,9,155,0,2505,1,0,14,1,11,11,0,75,0,7,73,18,126,76,5,20,2,441,3,16,11,1,0,12,174,21,12,68,4536,33,14,23,3,65,56,13,43,92,3,9,81,1,0,76,60,87,0,0,49,8,92,1,69,104,43,7,0,7,20,22,1,208,58,52,0,37,94,21,0,0,29,80,9,4,0,40,523,4,53,53,32,5,21,5,7,106,5,19,0,4,60,20,0,65,2,0,4,68,82,116,20,0,0,7,94,0,44,10,18,16,12,17,43,1,20,46,54,8,0,0,29,68,16,14,46,0,135,60,75,114,20,1425,8,0,22,31,13,48,53,5,64,6,24,25,22,29,157,54,279,49,0,6,125,941,3,1,13,124,405,0,50,10,58,64,1085,5,4,13,125,39,144,242,34,36,16,0,14,15,46,78,3,99,6,5,4,46,14,134,35,116,58,285,20,759,0,4,178,28,3,33,18,0,68,111,86
cell_19,25,0,19,117,13,2,88,26,29,17,65,15,199,21,6,11,61,5,1,10,76,152,21,17,31,6,0,113,17,15,47,3,97,63,2,329,0,13,217,0,21,151,7,42,1,365,1,0,0,706,0,0,38,1,48,49,6,0,10,8,0,172,33,24,35,4,30,0,0,56,55,3,86,27,0,29,29,1,51,31,21,4,9,91,76,60,19,0,0,13,8,1,18,20,3,21,120,16,30,112,8,10,12,3,154,25,161,10,216,0,10,300,13,7,75,44,33,32,25,100,27,232,61,38,0,24,312,136,0,0,2,6,148,37,24,15,0,1,0,0,189,12,6,1,9,4,178,4,0,5,0,8,3,3087,66,1433,36,0,132,52,30,96,8,19,9,137,8,131,25,191,4,6,9,29,7,0,17,18,12,68,33,71,475,68,39,38,24,59,99,1,0,0,0,4,282,24,126,4,18,6597,10,0,64,0,0,24,1,22,92,0,108,0,0,28,28,86,15,28,0,478,0,1,0,19,79,2,49,8,20,4,60,116,51,108,28,132,23,13,4,12,31,0,52,0,0,28,89,19,11,6,9,37,8,0,1,9,0,13,36,22,25,332,58,61,0,8,2,36,173,29,7,10,25,2,0,9,139,1779,31,35,9,12,109,139,1,19,692,123,1,1,71,19,177,0,2287,9,9,47,0,8,12,0,0,0,2,45,14,143,112,27,1,5,477,1,4,27,3,0,17,37,153,26,12,4237,57,18,12,0,0,41,27,34,74,1,16,77,0,18,493,76,92,36,5,51,14,0,2,74,100,44,16,89,21,82,18,2,13,15,50,12,114,46,16,0,15,5,79,6,3,31,27,436,12,60,15,38,27,32,0,74,141,4,18,6,1,168,15,0,120,11,22,0,9,99,146,2,0,0,1,88,7,36,16,19,6,38,9,40,39,9,5,47,1,5,1,14,56,5,4,13,0,81,56,54,15,45,1396,14,0,20,41,0,73,93,9,18,3,22,24,19,70,1364,0,9,121,0,32,99,921,308,12,86,85,471,1,72,18,53,33,402,10,0,1,34,66,40,226,45,18,26,5,5,4,72,74,0,118,5,1,0,110,1,82,18,62,46,295,15,833,1,16,45,47,0,50,43,5,56,166,91
cell_20,5,3,20,110,13,0,73,18,33,191,35,12,187,10,113,1,80,2,2,21,61,227,4,27,9,8,0,124,26,17,51,32,33,42,1,48,4,25,101,22,212,188,28,30,11,345,0,10,2,603,0,32,10,20,77,67,2,3,1,1,4,98,23,1,22,50,17,23,0,50,58,6,65,22,2,22,37,0,37,76,18,2,7,98,338,63,6,3,0,55,0,10,50,36,7,19,127,2,83,37,1,10,3,28,114,19,162,15,354,6,7,294,13,2,126,31,29,40,47,105,51,120,49,45,0,23,218,80,8,0,0,8,92,17,14,15,0,3,16,0,206,12,26,0,0,29,159,0,38,1,3,7,0,3691,55,1606,35,1,137,49,18,54,0,12,4,155,4,130,29,371,36,0,47,0,17,6,0,19,7,63,5,36,456,3,24,9,0,74,55,4,3,4,0,2,237,25,36,4,14,6855,0,6,52,0,0,1,6,33,220,2,107,0,0,41,33,98,11,8,0,424,1,0,1,6,5,2,65,0,54,5,44,49,20,91,24,104,10,36,39,6,9,2,21,0,0,3,12,51,17,1,3,120,14,0,18,16,0,6,82,32,66,293,23,42,1,2,22,10,128,14,8,28,18,9,3,4,149,1948,73,27,8,0,102,135,20,19,588,127,2,0,51,14,150,0,2410,5,26,48,0,8,6,0,75,3,3,56,16,131,105,22,28,0,427,2,22,1,3,41,22,80,62,8,43,4372,66,24,8,13,8,46,19,49,63,16,8,156,13,16,571,76,110,26,0,70,17,106,1,92,94,35,9,5,21,9,12,33,233,9,12,9,127,95,21,0,3,1,82,2,10,74,56,601,26,80,39,37,3,50,0,0,70,8,21,6,0,131,0,0,32,6,0,3,78,0,139,1,0,0,11,81,3,13,13,37,17,109,1,51,6,16,127,24,1,0,0,33,103,10,5,245,0,93,64,136,42,36,1557,56,1,2,28,25,76,75,1,30,0,56,24,46,44,410,0,205,126,0,60,162,814,78,3,113,79,453,3,55,241,105,41,1718,22,1,39,43,66,28,219,26,36,21,2,32,4,66,52,1,163,27,12,0,132,0,121,19,112,37,103,10,691,0,2,40,33,6,57,42,3,165,184,114
cell_21,41,7,14,102,31,0,100,9,48,459,41,144,164,5,88,16,91,10,2,7,73,52,19,8,27,2,0,135,24,5,55,12,72,52,5,260,285,20,171,26,29,41,40,45,4,263,0,54,0,511,4,6,45,11,58,140,5,2,8,15,6,147,16,6,26,30,72,2,0,54,22,6,14,34,3,17,44,1,30,73,14,3,16,78,52,55,0,1,0,12,1,0,33,4,18,26,23,1,12,107,15,2,5,14,242,26,94,0,428,14,9,220,7,5,102,1,39,44,23,111,69,41,45,30,0,18,132,166,17,5,4,1,136,8,18,9,0,0,3,6,162,19,4,0,8,56,184,0,10,0,0,0,1,4834,67,1327,32,7,147,47,25,30,16,35,1,273,4,61,34,161,0,4,1,15,12,6,1,11,24,85,23,29,398,53,20,11,20,61,80,81,1,3,0,6,259,33,69,0,15,6070,35,0,22,0,5,6,5,19,226,0,78,2,0,64,20,16,10,18,0,431,15,1,10,25,67,2,64,0,13,5,72,141,120,107,15,168,24,49,0,3,116,1,6,1,0,41,77,132,46,1,8,74,20,0,69,43,0,8,18,22,34,360,24,6,0,8,56,86,111,17,17,9,8,5,8,3,130,2095,6,77,45,0,109,120,19,19,451,117,3,3,46,0,171,18,2630,10,41,32,3,11,7,3,116,9,4,101,10,161,73,23,19,0,526,0,1,2,6,50,16,226,93,1,11,4283,76,46,7,1,25,2,29,49,87,16,9,114,12,77,182,78,98,11,1,50,3,102,3,86,91,0,5,0,32,16,8,5,54,19,64,0,101,74,12,2,20,16,85,13,8,80,92,661,5,93,37,39,15,77,0,5,70,4,28,6,2,22,9,5,19,2,33,46,55,32,121,0,6,0,4,60,4,1,43,22,93,106,2,39,67,25,42,31,4,0,15,14,58,35,1,100,0,147,79,31,79,45,1327,13,0,0,16,6,81,104,5,11,0,15,1,13,16,1251,1,64,25,0,15,114,1066,0,10,45,67,347,3,19,53,65,44,886,10,5,43,43,69,0,192,34,28,11,1,7,4,52,51,1,17,11,5,1,149,1,111,28,132,39,215,28,830,1,10,11,43,16,54,45,4,167,173,3
cell_22,20,0,7,79,9,15,66,19,49,159,21,49,167,10,0,8,79,11,16,12,95,18,11,0,71,3,0,209,30,18,52,50,22,55,10,356,32,21,218,22,43,105,88,49,1,336,2,46,6,642,0,33,75,14,30,54,1,3,6,9,0,73,68,8,26,31,61,4,0,43,9,11,123,54,0,6,146,0,30,27,27,0,17,67,280,60,7,0,0,21,0,9,31,0,14,25,133,3,51,0,27,1,6,9,85,14,137,2,398,0,16,110,4,3,87,32,0,62,10,126,119,250,29,42,0,16,226,202,0,0,3,1,145,23,7,8,0,0,12,3,181,13,8,0,2,6,180,2,2,0,2,15,1,239,69,1356,17,11,140,42,23,37,2,15,39,124,0,43,21,91,37,8,16,42,2,7,0,15,20,105,17,12,459,58,25,13,8,59,74,0,2,9,0,9,262,13,48,7,9,6215,1,0,48,0,0,0,2,17,235,0,74,0,0,42,19,80,25,33,0,420,2,1,4,1,33,0,44,8,36,11,79,121,14,73,15,119,16,15,0,66,29,1,11,0,0,36,79,85,27,12,23,34,14,0,10,2,0,4,100,13,11,332,16,16,0,18,11,141,141,16,13,3,8,5,5,7,138,1978,105,3,3,15,138,129,8,7,454,104,0,3,59,21,169,0,2469,15,0,33,14,10,10,0,39,12,7,107,15,19,109,11,17,3,487,8,4,10,5,0,14,15,60,3,12,4334,35,88,2,1,11,15,31,65,52,20,34,93,23,45,76,67,65,36,30,26,27,0,11,37,105,22,15,0,6,99,13,8,21,10,15,0,131,98,13,0,11,13,73,16,20,51,6,487,2,82,14,13,7,53,1,64,124,4,26,7,0,65,8,0,22,21,0,0,0,4,136,9,1,7,7,27,6,17,31,7,2,130,5,35,37,21,28,84,0,14,10,34,124,6,1,197,1,131,23,69,24,30,1384,26,0,5,41,32,62,103,30,26,3,7,20,23,28,650,1,5,103,0,129,100,984,0,9,126,66,337,5,67,126,42,85,604,27,0,10,27,115,18,195,46,74,22,4,5,6,23,36,14,104,0,2,0,133,0,97,22,118,40,278,6,924,2,16,34,51,4,51,33,24,201,144,22
cell_23,16,0,9,89,22,0,94,18,50,690,44,79,142,17,94,25,94,4,0,10,94,141,10,32,16,0,0,67,29,18,45,81,46,29,21,328,170,24,182,12,37,163,36,38,0,343,9,19,16,574,22,0,27,30,43,114,5,8,22,0,0,117,32,1,35,28,85,22,1,45,75,4,95,4,7,44,118,0,36,51,0,9,9,75,131,36,22,1,0,23,0,22,45,15,27,20,82,2,69,74,27,11,2,29,229,25,66,3,414,2,14,140,4,0,72,14,36,40,6,104,50,66,4,10,8,29,57,17,11,1,1,1,127,32,2,34,0,0,7,0,151,24,18,0,9,26,176,2,0,0,0,5,3,1666,25,1342,4,1,169,35,28,47,0,16,38,161,1,66,19,252,22,0,4,16,12,3,0,24,4,43,25,80,455,73,23,9,7,60,80,3,0,8,0,0,294,0,29,2,9,6138,30,0,20,0,0,5,9,26,248,0,31,10,3,29,16,15,23,33,0,470,0,1,10,21,43,1,57,3,36,3,72,97,51,7,6,90,14,9,2,50,31,3,14,0,0,25,56,87,10,6,19,93,21,0,13,47,2,2,114,21,74,49,27,1,1,23,3,124,148,19,11,8,7,11,12,16,92,1900,28,53,29,0,111,138,10,25,543,86,4,6,46,12,159,0,2375,15,24,44,3,11,6,0,25,1,23,110,21,156,99,22,20,0,429,1,11,10,12,0,4,225,3,23,98,4422,55,75,1,37,39,27,22,70,73,10,24,67,51,0,452,17,83,5,0,7,24,311,2,74,59,27,9,165,26,49,23,10,33,28,84,6,40,61,8,0,8,10,69,1,6,69,30,620,1,105,16,29,15,16,0,66,132,1,29,0,0,33,36,0,12,12,0,17,6,151,85,3,1,0,7,39,7,22,39,26,1,35,12,24,14,16,9,28,31,0,1,39,56,52,4,74,0,127,54,98,28,41,1449,37,1,2,21,27,66,78,1,40,1,13,24,29,14,365,4,331,138,0,84,120,1083,8,22,87,63,481,0,38,243,64,46,2279,12,4,8,41,85,0,222,16,39,17,2,38,3,61,31,8,9,0,10,4,139,0,108,73,112,47,208,38,869,7,11,86,30,8,117,38,7,71,100,25
cell_24,8,4,22,85,25,3,82,41,24,532,41,20,192,5,63,6,82,10,0,2,90,348,20,8,28,0,1,47,27,10,37,60,56,7,2,172,11,16,220,1,48,78,86,43,2,7,0,10,47,474,11,32,28,0,72,116,8,8,2,2,4,52,69,20,31,28,95,23,0,51,12,24,44,27,6,12,29,13,21,49,63,5,6,85,235,2,5,0,0,59,0,5,28,20,0,30,71,6,44,85,19,0,0,12,208,25,56,1,399,0,12,257,4,4,132,47,33,16,12,120,32,94,58,15,0,15,9,145,0,1,7,26,114,10,0,26,0,3,10,0,173,12,29,32,7,3,176,2,6,1,1,7,1,3296,26,1392,30,19,163,60,37,74,0,16,7,75,24,108,31,211,67,0,6,35,8,13,13,9,8,31,2,43,456,55,27,5,13,74,121,3,0,0,0,0,304,22,62,148,20,5615,7,0,48,0,0,10,11,31,195,0,3,0,2,60,55,40,15,14,0,447,0,3,5,25,64,2,59,0,24,2,114,137,106,46,11,155,13,56,9,4,31,4,6,0,1,20,45,20,50,6,16,24,19,0,48,20,0,1,95,25,61,359,58,29,0,14,0,98,49,29,4,7,17,10,10,1,27,2094,2,28,0,2,120,145,14,9,499,105,5,5,65,12,165,0,2295,7,17,38,0,10,16,3,77,1,3,98,16,113,93,14,9,0,468,0,21,5,16,1,0,91,127,1,18,4379,33,48,2,10,6,14,6,11,35,5,37,100,12,0,528,60,149,0,21,38,35,50,2,78,84,52,14,0,12,235,5,6,28,18,40,2,58,41,10,0,11,1,54,8,18,45,53,506,18,76,73,43,36,24,0,37,94,0,31,0,6,140,15,1,124,3,5,2,54,44,156,12,2,0,6,95,2,3,60,22,0,35,6,26,2,15,139,14,5,9,0,26,70,30,14,28,0,121,53,84,30,13,1212,13,2,0,31,4,87,83,6,24,0,11,12,60,73,1256,1,141,6,0,53,109,927,347,15,102,108,417,6,10,152,57,9,260,24,4,4,43,63,3,223,35,29,1,2,15,7,45,30,7,162,2,2,0,6,38,88,9,116,65,92,9,928,3,3,76,28,3,94,47,2,208,11,65
cell_25,17,10,4,109,22,0,82,23,38,570,36,26,155,5,6,14,71,28,0,6,89,273,30,2,80,2,0,170,12,22,31,133,62,31,38,317,114,23,213,17,55,115,5,38,3,159,1,22,38,433,1,8,72,21,60,113,8,10,4,3,7,169,49,0,26,0,99,109,3,52,13,18,69,13,5,1,124,0,43,6,23,9,4,87,280,30,8,0,0,61,16,4,70,1,0,23,104,13,54,63,66,3,0,7,217,5,49,1,151,19,27,233,11,6,255,57,28,35,25,89,83,85,50,30,4,27,19,0,3,0,3,18,136,23,2,29,0,2,11,2,164,13,8,0,10,25,158,1,10,4,2,9,0,1618,47,1450,4,12,167,47,26,75,0,10,26,160,7,90,22,253,10,29,17,31,24,1,6,19,1,76,25,45,472,73,21,7,17,24,74,19,4,24,9,0,199,8,66,0,6,6421,6,0,22,0,0,15,14,26,233,0,9,0,5,26,35,0,8,22,0,440,0,1,2,22,63,9,53,4,21,1,46,143,156,137,7,161,3,44,15,63,115,2,46,0,0,16,88,39,17,0,20,6,17,1,60,27,1,7,34,12,24,208,31,10,1,2,0,90,109,22,35,11,6,15,11,18,108,2162,30,0,24,3,77,143,4,14,283,108,1,5,63,21,150,2,2748,29,11,26,1,12,16,3,87,0,14,76,7,152,101,27,6,2,498,0,13,25,11,11,21,222,92,0,44,4398,7,58,0,10,65,11,30,74,18,21,45,99,16,18,116,49,110,26,4,47,29,322,5,47,107,8,8,1,4,55,4,5,33,26,103,14,144,119,35,0,4,14,37,17,2,22,36,579,15,79,74,50,18,10,0,74,110,10,18,4,0,86,36,0,15,36,73,8,10,125,136,15,12,1,0,22,14,1,66,28,0,47,6,26,14,18,37,41,35,11,23,15,43,3,4,90,1,149,52,79,88,34,1270,25,3,0,4,20,124,112,56,43,2,47,24,38,43,14,70,107,101,0,68,108,1005,0,7,119,90,103,5,62,55,68,64,1047,20,5,0,30,109,2,214,40,46,7,1,27,2,69,31,6,35,7,2,1,103,42,125,81,107,35,206,26,812,13,4,35,49,1,40,20,0,94,25,91
cell_26,11,0,3,57,24,0,81,18,50,708,24,62,173,30,27,60,81,7,14,5,78,166,9,13,51,5,7,113,19,29,36,3,156,16,10,327,120,23,249,32,71,280,39,35,0,220,0,53,0,635,2,13,67,26,41,79,1,1,18,0,1,53,12,0,10,1,35,12,4,37,11,8,90,7,3,21,59,0,28,58,82,10,3,96,328,94,15,0,0,50,13,8,25,1,34,20,21,6,36,69,39,1,0,10,50,36,169,30,342,52,6,128,5,6,47,7,35,35,12,153,62,193,23,22,7,24,185,213,10,8,4,0,115,19,13,8,0,2,13,0,184,16,14,3,8,30,154,3,3,1,3,7,0,4103,14,1329,8,32,198,45,14,42,0,59,13,115,1,40,29,246,2,0,27,47,7,3,0,17,22,39,19,24,482,34,28,3,14,63,89,0,0,7,2,0,198,4,11,7,15,6451,3,0,36,0,0,15,3,22,231,0,110,0,0,33,9,99,8,25,3,479,4,0,0,41,74,1,27,6,21,13,64,132,25,47,22,93,17,20,0,11,17,5,24,0,18,0,88,20,65,10,41,32,20,0,14,81,0,2,111,18,64,295,5,0,0,14,9,96,138,25,19,35,2,13,13,14,105,1959,0,4,15,6,120,141,32,12,565,127,8,5,67,51,162,0,2715,1,0,8,14,9,8,4,22,5,5,106,14,137,99,15,22,2,508,0,20,17,27,21,18,59,99,6,87,4225,85,12,2,2,75,19,39,36,86,19,15,52,5,0,153,67,73,22,0,30,24,22,3,57,76,2,14,0,48,31,11,3,61,0,13,3,135,97,8,0,29,0,83,27,10,29,11,591,4,94,44,26,35,16,0,9,79,0,24,2,0,121,29,0,2,8,0,0,38,1,39,5,5,0,5,97,6,7,21,9,0,43,16,30,14,12,52,49,20,0,1,33,40,72,1,10,3,156,24,40,20,30,1168,11,1,0,26,30,122,102,6,18,2,30,17,31,15,769,0,361,45,0,135,119,644,0,37,106,107,279,2,55,66,41,96,1488,20,0,18,135,10,55,115,26,57,3,1,9,7,0,6,6,31,20,5,0,171,41,108,60,161,56,258,35,910,0,22,38,22,2,130,56,16,138,80,60
cell_27,15,5,6,81,34,5,90,13,16,526,36,117,147,3,51,13,73,3,0,0,98,319,8,45,19,1,1,269,25,3,50,33,113,82,5,336,450,14,220,14,198,161,0,31,1,434,2,3,4,600,1,15,55,17,61,63,0,0,9,4,7,23,21,18,27,0,5,120,12,45,17,6,15,24,0,44,1,0,35,42,42,13,11,81,231,43,2,1,0,55,10,14,35,1,12,13,24,8,56,34,61,7,0,65,108,16,171,12,442,2,38,270,23,15,141,14,40,32,30,149,26,16,74,37,0,43,20,219,8,2,3,0,159,34,37,7,0,7,5,0,161,22,29,7,25,11,147,6,17,2,1,15,1,4676,75,1498,4,1,159,51,16,23,0,45,13,202,3,27,25,254,8,10,22,76,29,0,0,16,6,102,22,32,494,10,28,1,16,56,72,0,0,9,0,0,259,43,0,8,14,6712,10,0,37,0,0,0,2,13,258,1,59,0,0,48,41,88,48,28,0,440,4,0,2,47,20,8,52,1,48,3,82,99,14,30,23,53,17,9,10,87,44,0,4,0,0,28,94,59,39,10,33,120,28,26,13,32,0,9,97,17,77,343,35,31,1,19,53,57,130,27,9,38,6,7,4,9,114,1975,23,17,20,19,72,145,2,10,426,111,4,13,89,52,158,0,2751,7,15,42,1,6,0,0,145,0,23,83,20,54,63,12,13,10,445,4,12,17,5,24,7,13,56,1,67,4496,36,26,0,15,34,24,20,74,48,8,42,69,2,82,365,60,77,1,0,36,33,17,2,78,111,12,11,4,29,11,24,7,106,10,64,1,132,71,20,6,37,3,77,15,15,79,11,548,12,59,25,31,12,25,0,71,119,6,22,0,30,21,10,0,8,3,0,50,73,69,115,3,0,0,17,35,19,42,55,1,0,70,2,46,0,15,9,45,97,0,0,2,156,20,0,238,0,146,43,91,49,41,1377,35,0,0,31,38,137,90,11,47,0,62,29,56,66,414,6,285,118,4,277,133,855,0,18,102,90,500,1,20,61,14,61,1629,2,0,53,42,80,22,232,33,19,17,0,0,1,4,62,21,15,0,12,0,108,16,87,24,128,54,238,1,945,1,9,62,45,7,14,34,6,216,131,123
cell_28,38,3,5,98,19,0,68,42,21,760,43,54,161,29,16,30,77,10,2,5,83,186,5,3,27,2,0,138,28,8,52,1,93,54,10,366,49,33,193,0,147,227,10,23,2,453,0,0,0,692,1,20,43,4,65,61,5,4,10,11,14,154,8,14,15,0,75,21,0,54,18,0,34,1,3,15,2,18,11,50,13,1,4,25,347,20,9,1,0,47,19,7,57,0,0,38,44,3,43,111,52,0,6,17,287,30,17,7,75,4,31,28,15,5,37,5,22,38,8,156,126,16,25,42,0,29,124,23,16,6,5,40,126,17,5,2,2,9,13,2,184,24,14,0,13,18,173,1,6,0,2,25,0,6505,24,1478,6,7,148,39,45,44,0,66,11,161,9,81,24,247,0,11,12,18,4,0,0,20,7,90,5,7,474,75,37,22,10,44,95,85,0,6,0,0,249,34,242,145,16,6838,6,0,52,0,0,8,9,20,208,0,91,0,0,32,53,19,13,33,21,386,4,2,4,17,78,1,40,2,15,5,88,136,58,47,18,108,10,41,20,5,33,3,22,1,0,15,51,42,35,1,7,31,24,22,19,17,0,9,102,18,20,333,60,67,0,16,0,122,134,18,15,44,15,1,11,14,163,1762,16,61,11,0,98,148,31,30,509,106,5,2,60,29,193,0,2589,50,0,18,2,5,1,3,55,0,8,57,22,83,76,12,21,9,462,0,17,1,2,0,25,249,125,4,15,4305,39,27,8,1,18,44,34,90,91,3,15,83,0,54,87,65,133,1,3,48,30,269,1,74,101,4,22,0,13,42,17,6,16,27,8,0,71,15,29,0,29,24,59,18,7,12,43,411,38,16,12,46,12,9,3,14,99,5,25,3,0,61,4,0,102,7,3,5,0,72,151,20,8,0,8,99,1,3,21,21,2,21,5,33,1,15,7,40,23,3,0,42,90,0,5,14,0,96,48,133,98,49,1340,1,0,1,23,1,38,77,0,39,14,13,7,56,54,371,55,12,115,0,77,124,212,0,8,135,98,275,11,48,99,40,75,1224,14,4,0,109,32,89,122,36,57,10,1,2,8,121,22,5,1,3,1,0,57,0,114,69,89,38,106,2,857,3,14,60,47,1,73,38,0,31,49,148
cell_29,16,9,3,80,31,4,94,36,39,20,44,75,162,5,83,20,80,13,2,1,77,216,24,26,36,8,5,141,30,23,29,12,71,24,6,325,1,12,194,13,177,130,14,29,1,293,0,13,24,481,0,33,64,30,22,77,0,10,11,1,0,77,11,0,3,0,91,131,0,35,10,5,23,33,3,33,66,4,24,76,11,0,9,74,168,60,0,0,0,68,16,2,20,22,12,14,39,0,56,84,16,1,0,21,189,12,99,14,438,6,10,231,45,1,48,0,0,40,9,178,122,34,53,23,0,7,463,302,27,16,1,3,119,21,4,16,0,5,14,0,145,3,28,0,7,9,181,5,3,0,3,3,1,8034,92,1391,84,0,159,59,5,65,0,9,5,528,4,43,18,117,0,5,36,0,60,16,4,20,3,67,5,69,492,51,31,4,17,75,104,49,0,3,0,1,180,4,271,0,22,5878,12,0,44,0,0,32,9,22,247,1,96,0,0,10,20,22,29,0,0,411,2,0,1,25,65,11,36,9,27,5,51,164,56,75,19,109,21,41,17,20,20,6,17,2,2,18,86,28,36,6,0,100,22,0,41,49,0,4,48,4,15,326,22,86,0,1,16,80,147,12,9,24,4,10,16,12,145,2139,0,149,16,26,89,160,32,22,467,88,1,2,60,5,168,4,2675,16,7,30,2,9,24,1,82,1,19,87,9,132,73,9,12,0,498,0,22,3,15,8,9,40,157,0,35,4486,42,5,7,18,28,30,22,104,42,15,8,55,39,53,244,71,66,79,4,64,28,321,3,31,89,0,5,0,15,4,29,5,43,4,31,0,171,23,26,3,1,9,58,8,24,55,36,475,3,100,22,44,14,37,0,69,112,13,31,2,9,55,8,0,92,32,54,2,52,3,144,22,0,0,3,71,17,15,43,21,4,78,7,45,47,18,106,13,2,6,22,25,29,19,2,48,3,95,69,137,76,50,1343,5,2,10,19,34,112,109,17,87,2,76,29,51,10,68,1,362,120,0,128,90,515,0,7,39,67,109,0,61,43,65,83,2068,13,4,0,59,73,133,172,41,53,0,1,35,3,17,23,1,95,32,2,23,164,53,75,65,68,45,309,19,840,0,15,39,40,7,26,36,0,112,92,108
cell_30,21,0,13,112,25,0,80,13,44,664,15,125,140,20,24,11,68,9,4,18,84,220,8,9,84,4,0,19,21,3,56,6,70,0,12,282,0,26,213,9,80,48,18,34,14,415,0,28,61,374,14,39,20,28,53,103,9,11,9,9,6,191,14,0,20,24,84,17,6,35,12,4,43,4,6,11,48,16,28,56,59,3,10,28,269,41,11,1,0,40,0,12,0,0,11,18,52,2,37,88,43,7,10,6,123,29,119,2,377,17,21,216,9,6,47,13,28,44,13,159,105,44,57,38,0,22,111,0,5,4,5,48,92,27,1,12,3,3,2,1,101,29,19,1,45,29,165,1,0,3,4,5,3,4974,14,1368,8,0,135,56,24,64,0,29,15,157,5,77,11,169,9,0,32,58,12,4,4,22,6,15,5,21,455,73,26,5,4,69,52,11,8,4,0,2,270,8,316,0,22,6326,6,0,42,1,0,0,3,31,239,0,92,0,0,26,45,83,50,35,1,423,0,1,5,32,75,2,45,0,61,0,92,138,44,39,2,135,5,25,2,24,8,5,7,0,1,26,102,37,17,0,19,138,3,0,40,28,1,1,81,18,53,382,28,21,0,17,0,79,131,5,23,9,23,12,12,5,111,1833,7,138,3,0,122,166,16,14,544,93,6,10,76,1,171,1,2601,17,6,16,7,9,5,0,30,0,17,73,15,120,99,12,29,8,424,0,25,3,6,0,8,238,2,1,49,4165,76,87,7,2,46,16,27,57,78,15,17,81,0,13,372,54,130,13,24,42,28,279,0,50,80,29,12,0,41,21,18,14,61,5,102,6,86,88,18,0,3,24,76,1,9,9,31,752,5,68,37,43,10,33,2,62,111,0,32,3,3,58,3,0,33,6,0,34,4,6,102,8,1,0,4,137,1,6,18,28,0,87,3,32,22,14,152,62,0,2,0,41,26,55,2,132,0,128,40,53,35,29,1317,1,0,28,15,8,19,62,19,4,4,31,10,10,51,83,3,314,54,0,316,76,1020,0,5,77,64,518,8,17,63,107,93,1584,17,0,0,39,72,31,182,42,49,5,1,16,4,22,25,3,153,17,6,0,21,23,114,57,162,43,267,24,865,0,1,42,26,6,65,39,0,67,14,122
cell_31,24,1,19,119,36,4,72,31,34,26,39,85,175,27,0,14,97,4,11,5,96,141,10,0,37,3,0,77,18,28,50,76,21,92,10,249,1,27,218,17,90,125,4,35,2,436,1,42,6,663,4,9,74,14,35,60,2,0,7,6,2,165,19,1,30,2,114,45,0,56,6,8,95,21,2,17,25,2,23,19,33,0,6,64,204,32,9,0,0,54,15,4,7,0,13,25,137,0,74,83,33,9,0,23,243,8,135,9,99,6,3,225,6,4,75,2,46,39,13,142,161,136,19,0,0,23,267,75,5,0,2,0,110,20,3,4,2,1,8,0,143,18,22,0,0,76,147,2,0,0,10,2,1,1631,92,1321,12,0,92,45,24,86,0,4,13,140,0,81,27,237,10,1,39,69,13,0,17,16,10,59,72,25,442,68,28,41,16,81,0,53,0,16,0,0,234,7,143,0,5,6341,30,0,63,0,0,3,5,34,211,1,0,0,0,54,21,86,10,21,0,427,0,3,3,14,78,2,53,0,53,3,38,107,70,107,7,106,23,8,0,42,35,3,11,4,0,4,81,144,40,0,6,30,4,1,7,35,0,3,69,27,35,374,4,40,0,13,21,108,152,8,16,16,6,31,18,14,118,2036,6,81,30,50,130,142,7,27,442,112,7,3,66,31,152,0,2443,9,17,1,15,12,0,0,21,1,6,101,14,101,52,37,31,3,459,2,0,3,3,3,6,144,99,1,61,4482,13,89,13,5,76,82,5,12,47,2,27,28,0,0,115,27,113,29,4,55,14,0,6,63,94,0,13,0,48,67,10,6,11,0,5,0,135,8,6,0,0,6,72,4,5,58,61,533,16,95,17,36,7,23,0,15,142,3,27,21,1,15,3,0,70,6,3,0,8,180,135,17,0,2,9,56,8,77,34,24,11,1,14,36,43,16,18,38,0,2,1,21,23,35,0,92,0,84,28,31,43,29,1199,23,4,0,27,4,69,102,0,15,0,14,16,14,4,154,0,226,56,0,11,134,1084,2,18,114,83,413,4,56,121,38,70,2442,15,6,64,7,59,131,10,39,61,22,2,3,5,48,82,19,54,9,2,10,92,1,101,53,130,42,273,2,778,6,4,15,44,1,66,5,1,88,51,56
cell_32,22,2,3,98,21,4,10,50,98,366,57,55,179,3,16,25,89,21,20,4,78,211,31,18,18,1,7,82,19,15,43,68,9,12,7,346,202,19,210,9,91,207,55,34,12,295,1,0,7,591,18,22,50,17,29,56,4,0,18,1,2,16,53,22,28,0,71,69,5,39,48,7,90,28,2,15,34,5,30,30,5,0,11,82,15,19,15,1,2,48,12,7,59,27,16,20,63,14,7,10,5,4,14,32,38,22,173,11,229,0,7,247,5,15,61,28,40,41,23,111,64,119,42,41,0,19,110,150,9,0,3,0,126,26,23,4,3,4,6,0,184,19,35,55,18,18,156,3,14,0,3,3,1,6584,20,1348,8,16,187,23,27,49,0,2,11,144,6,89,24,267,63,9,16,5,13,4,0,12,12,67,53,19,462,36,24,15,27,54,0,13,6,4,0,0,262,3,27,189,16,6419,1,0,37,0,0,11,0,5,246,0,88,0,1,13,13,55,28,26,0,458,3,0,1,4,67,7,63,2,20,13,12,100,123,139,32,47,5,30,0,80,37,6,24,0,0,0,26,16,68,30,9,110,24,21,3,25,1,7,62,16,48,237,46,69,0,5,41,83,165,18,10,32,22,8,6,5,128,1796,6,25,23,10,115,126,3,5,454,124,0,0,67,42,158,0,2517,13,3,9,12,10,17,3,75,4,3,95,32,35,69,14,18,0,431,1,9,12,18,7,4,284,120,17,10,4366,18,15,11,1,6,33,9,32,74,28,14,143,6,7,451,14,96,3,14,48,28,208,4,36,94,23,5,13,25,25,20,5,116,45,0,8,57,75,5,2,14,1,71,6,8,63,26,602,53,76,10,11,51,7,0,4,107,2,14,23,0,99,1,174,133,15,69,0,0,4,36,23,0,1,17,96,10,2,31,23,0,77,13,38,56,10,144,106,0,1,0,3,57,49,1,36,0,110,59,98,31,29,1537,23,25,3,32,0,106,59,27,20,4,7,27,3,84,614,34,36,107,0,22,130,967,2,44,111,75,120,15,48,96,0,51,3125,0,0,0,81,22,15,187,46,18,3,32,42,36,84,18,6,27,15,10,0,114,51,94,3,102,36,37,1,826,2,22,93,52,7,10,24,19,76,17,98
cell_33,20,8,33,152,15,0,77,9,50,483,49,137,174,5,0,23,87,3,3,28,80,247,6,19,13,3,0,134,15,18,45,27,23,7,20,361,12,19,181,7,111,94,11,31,14,199,1,48,44,573,3,33,56,7,94,50,0,3,3,3,2,120,75,6,25,0,69,9,0,44,45,2,64,12,0,19,116,23,22,58,22,3,14,78,363,50,12,0,0,33,0,8,59,13,12,22,134,2,72,74,5,0,13,17,189,5,134,2,424,1,12,227,2,6,13,44,25,36,29,161,54,59,40,36,0,21,131,260,0,0,7,1,138,12,4,29,0,2,3,0,229,18,5,1,0,14,147,0,7,3,1,2,1,4761,53,1381,56,0,178,53,23,85,20,4,17,151,0,108,30,189,1,0,19,22,4,2,4,21,19,57,27,19,460,83,20,27,28,75,0,0,0,7,0,0,245,43,50,1,14,6869,0,0,43,0,0,13,2,26,121,0,20,0,1,16,24,9,17,11,20,492,3,1,0,16,80,4,62,4,9,5,31,130,108,145,32,133,16,16,0,12,31,0,18,0,0,9,80,171,37,4,20,55,18,0,51,9,0,13,19,24,45,349,66,24,3,44,50,77,114,54,44,8,5,0,1,10,131,1886,7,3,22,25,112,134,1,9,281,118,16,1,67,8,193,0,2477,14,2,4,5,22,9,0,62,4,0,89,21,111,128,4,17,0,494,0,8,2,27,3,23,248,169,3,17,4516,88,86,5,7,8,11,34,79,64,10,11,145,35,64,281,76,90,4,25,55,20,0,2,70,99,7,16,2,10,10,11,14,54,19,67,0,114,74,8,0,0,0,72,28,8,42,19,527,5,10,58,13,3,138,0,64,127,1,18,4,0,158,0,42,23,3,0,3,5,40,162,14,0,0,0,59,2,4,35,34,21,1,5,38,33,5,88,39,0,7,4,17,82,44,19,209,0,175,76,72,5,38,1428,26,0,19,42,4,112,100,19,12,6,35,16,96,72,797,27,155,113,0,19,112,947,0,2,130,49,536,0,52,5,85,18,1870,11,4,2,5,74,8,249,34,62,12,11,25,8,69,41,5,120,0,6,0,108,0,123,1,115,41,360,42,796,1,5,40,37,1,20,41,14,164,156,98
cell_34,11,0,7,106,28,1,36,43,22,647,24,44,32,6,35,2,100,5,38,5,44,235,23,40,9,4,2,103,23,10,39,55,3,23,35,132,240,6,191,20,88,114,12,37,2,387,7,18,1,575,0,26,60,27,72,91,0,1,10,3,0,106,33,3,15,0,105,59,26,48,26,5,36,33,0,29,13,0,31,17,4,3,5,79,194,16,23,0,0,47,9,14,38,97,31,18,87,5,33,104,37,1,1,23,187,23,164,27,171,3,38,276,6,2,96,54,14,28,42,146,38,234,6,0,0,22,100,78,2,3,4,7,91,1,11,8,0,11,44,5,180,1,35,1,3,31,165,6,6,1,0,17,0,4027,74,1517,10,12,136,39,7,64,0,2,2,223,0,89,27,226,6,0,14,23,21,29,10,17,10,73,31,50,450,47,22,2,17,78,7,39,12,5,0,9,215,17,54,0,4,5826,8,0,53,1,0,12,10,23,233,5,81,0,1,63,2,75,21,14,0,466,0,6,12,25,61,0,6,1,53,2,21,141,81,106,23,158,7,9,7,88,52,5,45,1,0,33,14,4,46,10,5,104,24,0,34,78,0,4,78,30,79,332,36,4,1,21,30,161,40,19,4,9,6,22,1,4,60,2089,5,36,7,20,122,143,2,16,469,119,12,2,51,0,163,5,2551,8,1,15,3,1,1,1,53,4,19,82,13,35,103,10,34,0,453,5,17,15,0,2,2,107,57,0,93,4425,75,90,10,39,26,11,31,12,87,9,16,41,0,31,345,71,121,60,0,51,24,336,2,85,45,11,15,0,15,11,11,12,76,0,26,10,178,73,3,5,0,3,70,1,21,57,62,583,3,87,39,9,32,18,0,1,106,5,23,0,5,85,2,0,28,9,1,18,53,55,132,29,0,2,17,45,2,9,46,22,0,51,0,34,46,9,106,16,1,13,18,31,31,23,3,179,4,136,24,122,51,41,1574,28,0,0,42,17,100,33,10,54,4,7,12,19,42,0,0,68,113,2,334,108,1003,133,17,95,31,380,0,57,263,14,44,1763,18,13,6,17,67,6,227,26,18,16,6,56,3,75,36,5,135,10,3,1,112,58,66,32,143,47,268,2,870,0,12,5,44,7,86,11,1,19,30,79
cell_35,38,5,14,78,28,5,88,27,41,226,27,94,201,32,3,26,98,2,13,13,74,252,16,2,47,0,0,44,26,33,31,29,152,1,14,404,138,21,236,12,193,66,31,27,1,359,1,29,82,632,2,27,46,6,26,104,8,1,5,1,9,184,3,0,20,0,87,108,0,44,40,18,117,19,1,15,102,2,28,71,25,0,15,73,230,39,61,0,0,65,2,6,40,1,15,26,10,3,104,91,42,0,0,4,214,20,173,30,132,10,5,190,27,7,85,10,27,37,8,80,125,15,27,40,0,23,182,159,5,0,6,20,143,11,17,19,0,8,11,5,162,24,11,0,2,33,165,2,3,0,6,6,2,6345,60,1291,9,0,121,32,4,76,0,26,14,96,4,33,31,209,10,10,19,7,2,0,3,18,7,75,26,42,455,54,28,23,9,64,80,3,1,3,0,0,244,1,243,24,11,6018,3,2,66,0,0,13,2,35,212,8,60,0,1,59,37,37,15,10,5,416,1,4,4,10,44,1,23,0,77,0,59,98,19,33,29,121,18,21,0,13,108,1,6,0,0,3,67,69,26,2,3,12,7,0,15,53,0,5,45,17,34,308,32,19,0,4,4,124,146,30,19,7,9,13,21,20,125,2417,34,58,22,0,108,144,9,11,324,101,3,1,74,14,163,15,2605,20,8,7,11,16,8,0,92,0,7,81,15,58,74,23,51,12,456,0,12,10,7,0,9,318,31,3,76,4565,27,100,5,12,35,27,18,62,33,7,26,31,1,44,287,27,109,6,0,48,25,18,3,79,102,2,8,0,31,21,10,1,207,0,43,3,170,53,6,0,8,2,66,0,4,61,17,489,11,64,17,34,10,48,1,81,124,6,27,2,11,136,10,5,26,3,15,16,45,68,163,18,2,0,5,92,8,8,53,22,7,76,12,43,20,11,19,28,1,1,0,0,33,26,2,58,0,167,62,51,54,39,1175,26,0,0,16,5,103,111,29,75,0,25,19,44,75,201,1,31,85,0,29,145,1423,133,12,80,50,188,5,84,289,88,56,2061,5,7,0,21,125,21,222,31,46,9,3,58,3,34,9,8,30,21,1,0,71,14,100,57,59,44,248,12,797,4,7,45,54,2,70,47,21,177,109,105
cell_36,34,0,32,95,22,1,94,24,77,883,39,92,168,6,0,0,101,4,0,6,64,83,20,27,18,7,0,28,23,22,38,22,11,52,22,194,0,19,211,0,65,169,1,30,5,295,0,30,19,600,3,29,69,27,61,56,8,5,9,11,0,157,43,13,31,1,75,46,0,49,45,6,38,15,4,4,107,5,35,63,57,0,7,103,285,61,25,0,0,54,0,7,25,52,4,30,143,0,3,77,7,4,0,15,259,17,144,36,473,26,8,238,1,2,42,18,38,49,41,89,49,51,56,34,0,30,1,241,1,0,4,0,127,15,1,20,0,5,5,2,201,18,41,0,0,32,196,1,16,2,7,8,2,294,22,1431,59,0,154,50,27,40,5,2,12,394,0,96,25,169,10,7,28,17,5,0,1,15,26,47,16,62,485,49,20,44,23,73,56,0,3,8,0,0,279,26,55,0,0,7233,3,0,26,0,0,16,4,22,0,0,78,4,0,6,16,1,0,2,2,434,0,0,1,23,83,1,65,0,7,10,41,137,161,142,35,129,23,13,14,91,120,3,20,1,0,12,64,27,55,1,53,10,35,0,34,8,0,3,37,25,6,343,15,41,0,14,29,89,133,33,12,22,4,10,12,2,127,1757,12,109,38,1,124,159,0,6,372,120,1,6,55,8,163,0,2554,9,3,11,7,9,19,4,79,1,7,72,18,134,91,34,12,0,455,0,3,2,14,14,2,8,135,4,28,4254,13,57,5,13,26,15,10,49,76,16,58,43,52,46,359,82,18,19,28,45,22,19,3,54,57,1,7,0,33,100,9,4,64,28,10,0,111,75,0,0,1,3,61,9,15,70,28,654,41,88,73,27,8,58,0,0,118,3,26,5,0,139,16,0,75,9,33,15,0,0,143,15,3,0,5,71,4,12,13,19,78,195,24,34,18,20,122,86,0,1,0,25,46,5,5,75,0,127,53,77,46,36,1428,9,39,0,2,1,117,88,19,12,0,59,29,37,36,1346,0,303,82,0,313,101,938,18,14,139,82,538,0,66,3,17,64,1384,22,11,26,44,99,44,127,43,49,17,2,5,44,70,22,6,7,1,1,0,91,1,134,11,87,42,293,29,813,1,20,45,33,0,101,35,1,170,163,97
cell_37,10,0,1,85,28,0,24,89,49,173,50,70,176,9,0,4,99,15,0,12,88,199,4,16,40,4,3,126,22,13,28,32,27,63,9,375,51,28,161,19,88,171,2,40,1,331,4,19,7,587,39,9,50,35,39,63,9,4,18,0,8,105,56,7,28,36,81,15,2,47,13,14,24,27,0,44,47,1,29,64,5,25,9,74,233,30,3,1,0,21,10,23,20,0,22,14,104,3,82,110,15,2,8,64,105,7,130,30,421,0,9,201,0,7,119,34,40,37,30,156,57,215,47,14,20,26,230,148,0,0,10,0,132,26,20,13,0,6,18,1,213,21,29,39,3,28,117,1,35,2,0,13,1,627,9,1434,18,19,183,47,35,96,0,14,5,200,2,91,16,271,52,15,17,5,14,1,3,11,25,39,11,9,464,30,16,19,16,76,95,15,12,3,1,0,260,6,13,1,23,6426,1,0,18,1,0,16,3,14,229,0,85,0,0,12,25,7,73,36,0,435,8,6,6,47,15,2,46,3,27,2,94,114,29,99,15,125,15,2,0,79,59,0,29,0,0,15,54,26,50,6,12,99,5,6,4,65,5,3,82,21,70,163,0,7,0,14,17,124,77,13,13,13,4,1,12,1,112,1881,12,5,109,3,117,155,4,28,490,125,4,10,65,0,167,2,2679,1,1,52,16,17,0,1,133,0,4,102,20,60,100,6,28,0,502,1,18,0,21,0,16,188,153,3,36,4337,38,38,4,0,45,7,25,112,13,10,9,32,56,0,456,49,92,23,1,22,26,82,0,65,90,43,11,13,19,49,12,15,30,2,22,1,165,19,3,0,1,8,75,25,15,51,65,681,29,79,58,29,2,14,0,64,75,1,26,3,0,134,0,1,110,47,0,34,3,59,74,45,3,1,10,60,3,11,22,8,30,1,3,48,19,13,99,40,14,0,5,33,123,48,2,264,1,96,41,92,20,37,1219,8,0,1,35,36,134,93,49,5,2,46,20,29,32,948,26,191,96,0,88,104,1023,0,32,117,89,157,3,29,78,23,72,1836,22,5,18,17,90,0,225,25,30,21,4,9,19,11,19,2,5,0,7,0,130,1,150,49,143,43,97,25,872,4,17,15,42,4,113,38,6,77,194,0
cell_38,15,0,21,98,29,4,79,19,66,344,47,20,148,16,186,21,80,5,0,1,88,222,6,11,22,10,0,75,21,22,44,9,184,32,26,229,155,16,205,27,70,66,78,45,1,95,1,33,8,533,1,41,60,25,61,73,2,15,5,8,0,190,32,5,28,34,75,25,0,47,1,4,22,25,1,2,20,28,10,53,56,2,1,83,316,47,8,0,0,20,0,9,3,0,0,12,106,0,45,67,16,0,0,5,316,18,47,15,410,1,35,191,5,4,42,0,0,47,13,167,102,69,27,31,0,11,360,170,7,0,10,1,126,15,4,23,0,1,20,0,208,19,8,0,12,8,173,3,0,3,5,2,0,7187,43,1374,31,0,146,43,46,70,0,39,4,465,24,40,22,222,19,2,19,2,7,12,0,17,0,78,12,38,472,74,34,21,11,81,66,38,0,2,0,0,181,2,229,0,9,6189,11,0,40,0,0,1,4,26,190,2,85,4,0,15,39,27,18,16,0,431,6,2,2,49,83,0,23,0,16,5,15,131,151,17,14,154,31,49,3,0,13,0,7,0,0,27,44,99,34,1,31,25,32,0,9,118,2,6,41,17,14,378,19,4,3,28,36,87,130,38,12,22,16,4,14,10,125,2033,10,53,2,0,117,158,34,5,584,99,1,1,67,45,184,0,2536,5,0,49,6,9,21,1,51,0,1,87,26,141,93,6,14,6,537,0,18,0,7,0,14,25,149,12,24,4232,51,7,22,1,9,29,19,106,85,3,2,115,31,9,275,64,98,15,19,29,31,376,0,13,82,0,10,0,12,52,24,0,60,2,38,0,114,16,26,0,6,18,59,17,13,60,71,547,3,86,47,34,30,68,0,66,40,2,22,1,0,73,17,0,52,5,2,0,7,11,140,2,2,0,3,61,4,18,21,12,4,59,6,41,12,16,137,8,9,1,2,24,71,52,13,0,0,147,52,111,4,36,1209,4,2,21,34,31,25,106,6,56,2,22,26,5,13,295,1,147,60,0,14,134,291,0,13,94,93,239,3,26,16,84,84,729,19,0,9,68,100,88,221,24,65,12,1,2,17,24,16,5,69,0,3,1,117,8,138,46,45,34,103,41,866,2,2,27,44,2,96,47,0,108,178,101
cell_39,36,2,3,84,25,0,98,37,32,571,53,144,148,13,15,7,89,2,8,0,84,149,0,19,60,2,2,34,30,25,39,25,29,16,16,381,253,19,196,20,39,83,9,38,11,342,0,37,33,602,6,15,48,11,49,103,3,0,38,0,0,42,29,0,15,9,85,47,0,46,8,29,38,26,5,44,63,16,46,25,34,2,13,102,285,22,5,1,0,48,0,4,16,17,12,17,50,3,11,106,54,7,9,38,171,24,153,0,322,16,25,224,23,3,25,21,0,42,23,136,30,225,58,45,5,25,259,2,1,0,0,0,123,27,9,17,0,3,20,1,186,17,13,0,16,109,177,2,41,0,7,4,1,5459,92,1341,1,1,178,57,13,48,0,18,24,277,18,99,30,268,0,1,34,1,59,7,0,12,15,77,10,53,485,1,26,11,2,75,80,0,8,0,0,0,201,9,287,0,11,6209,27,0,29,0,0,10,10,39,182,0,1,0,0,44,37,15,35,24,0,434,2,0,5,66,78,0,55,0,123,2,85,108,71,55,23,53,13,35,0,8,46,0,14,0,0,17,79,12,10,3,8,98,8,3,10,131,0,2,46,32,39,165,3,36,0,13,7,130,126,32,5,4,11,8,17,22,78,2179,9,7,40,0,130,170,1,9,529,133,8,1,50,0,167,0,2514,8,5,13,7,17,18,5,136,0,24,100,22,35,80,15,37,0,471,0,20,7,0,0,11,319,1,4,80,4403,79,3,5,5,75,10,19,54,99,1,15,88,0,81,401,58,122,50,0,37,23,0,3,80,105,4,12,0,6,7,17,16,73,16,93,1,90,25,7,0,8,14,76,3,24,68,4,544,5,82,77,48,33,47,4,9,128,2,24,2,4,55,13,0,90,2,21,13,81,0,136,40,7,0,2,35,4,5,46,21,92,63,6,41,42,11,67,26,19,0,0,36,58,27,5,49,0,190,53,109,55,37,1193,21,0,0,32,18,126,80,12,71,0,45,14,98,54,72,1,14,69,0,23,119,928,293,2,61,137,218,3,47,55,69,69,1675,22,0,0,93,114,1,211,28,68,19,0,3,0,10,59,0,43,10,1,9,153,1,120,45,57,51,261,30,836,1,21,14,44,12,74,44,3,17,35,20
cell_40,24,4,27,114,20,5,103,5,57,308,48,64,151,5,0,4,73,13,10,6,100,305,13,23,24,5,0,99,12,26,59,9,34,72,11,294,168,16,139,17,236,76,37,38,3,317,0,26,7,488,11,28,45,3,8,55,6,0,8,14,6,114,61,13,24,32,12,40,0,65,20,3,54,33,0,28,123,17,20,48,55,4,13,79,325,44,16,0,0,74,0,3,15,29,10,21,109,8,25,19,7,0,7,14,108,1,167,17,329,22,12,209,9,0,164,2,27,14,32,157,0,66,39,52,0,30,328,8,0,0,5,1,144,12,16,11,1,1,7,1,167,26,34,6,3,15,125,0,12,4,2,3,3,2265,54,1581,69,0,70,39,12,37,0,17,0,203,7,107,18,52,16,4,27,57,16,1,2,20,7,54,3,63,440,37,32,31,18,61,62,20,0,8,0,3,236,78,16,25,5,6300,1,0,43,1,0,10,1,15,0,2,23,1,1,25,28,5,1,43,38,443,2,1,0,16,9,8,69,0,41,4,25,119,41,122,28,42,5,35,3,9,123,5,34,1,0,5,84,5,50,7,3,96,2,0,23,13,2,7,5,28,53,341,39,116,0,13,2,35,152,32,7,42,9,4,2,10,117,2258,27,0,20,2,75,134,7,13,47,94,0,3,84,40,184,0,2695,9,39,12,0,26,11,2,125,3,4,30,2,126,75,34,7,20,466,4,10,0,29,0,17,259,11,7,42,4522,73,56,6,0,17,26,33,57,0,0,9,73,18,3,162,43,68,4,18,62,19,40,2,75,100,22,18,135,13,53,15,23,140,20,50,0,89,25,40,0,19,4,61,18,10,62,20,523,45,19,75,10,10,40,4,23,115,5,21,0,0,95,0,4,124,0,25,2,3,127,159,11,2,0,19,61,0,27,33,38,29,55,5,34,20,17,33,22,0,0,0,30,82,28,18,170,0,159,81,73,86,4,1159,16,5,1,18,0,15,56,22,20,0,8,9,117,7,113,22,431,84,0,15,102,939,98,34,91,87,515,5,39,28,101,22,1436,4,4,36,13,112,133,233,45,49,24,3,12,2,129,27,6,169,26,4,0,24,48,97,22,162,35,245,18,766,1,22,93,45,0,57,55,3,175,0,116
cell_41,44,0,6,105,28,4,92,17,53,276,33,99,155,5,1,11,101,0,5,4,87,41,12,17,26,4,0,92,25,15,51,23,118,22,7,284,133,15,175,19,196,245,7,33,3,384,0,27,3,622,3,29,66,13,19,13,0,3,5,4,3,71,63,1,18,1,8,14,1,52,45,21,102,34,0,39,42,1,27,72,5,0,8,101,64,70,6,2,0,54,12,13,39,162,23,16,110,2,105,98,46,1,2,6,162,35,151,1,375,3,41,248,9,5,150,43,41,39,14,88,91,14,44,40,0,26,211,28,0,2,0,0,111,17,24,11,0,1,5,2,172,11,31,0,9,41,188,1,23,1,8,15,1,6552,56,1499,85,14,158,48,14,68,0,12,9,446,5,46,22,324,0,3,3,2,49,5,12,11,23,45,7,74,441,9,5,4,3,66,107,0,0,7,3,0,278,13,9,0,21,6286,2,7,33,0,0,3,0,22,247,0,89,0,10,21,30,74,36,25,0,459,0,0,4,44,33,5,30,5,53,4,67,100,45,33,22,94,32,57,8,6,9,3,19,0,0,24,68,64,45,12,56,128,28,0,35,103,0,6,19,21,43,314,46,29,0,14,59,118,159,10,19,32,2,28,10,0,148,2051,88,43,82,18,26,132,2,6,472,109,9,2,26,1,160,4,2642,2,1,54,6,12,5,0,127,3,12,73,19,124,95,13,26,9,521,0,18,0,4,3,25,140,55,4,25,4422,4,39,3,10,14,9,28,84,63,9,13,60,6,47,25,69,26,9,0,69,41,36,5,51,72,1,22,34,14,24,14,4,45,46,3,0,134,25,37,0,12,8,71,18,18,54,63,508,30,78,7,7,30,31,1,0,108,4,23,3,0,78,25,0,11,2,18,85,7,7,123,15,0,1,1,72,2,15,29,19,16,34,7,39,4,12,110,78,18,0,1,22,8,16,0,194,0,126,75,78,28,57,1315,69,0,0,27,14,119,90,1,76,0,25,14,76,51,582,9,440,111,0,19,98,951,0,48,94,99,409,9,66,15,43,94,770,22,0,2,105,34,1,143,43,42,22,0,7,7,17,72,3,141,27,7,14,164,25,143,15,143,48,296,13,821,1,17,149,15,6,73,20,3,109,171,5
cell_42,15,0,0,68,17,0,105,58,31,739,53,119,153,19,108,5,100,7,8,3,88,293,28,7,34,2,0,79,19,17,55,72,151,43,6,395,0,20,204,22,143,124,50,33,5,328,0,46,1,373,20,27,8,10,18,114,0,13,15,8,25,44,10,7,37,22,23,49,33,57,14,20,26,29,0,5,33,23,30,64,0,6,12,84,296,7,2,0,0,53,4,5,40,81,8,5,58,5,29,83,35,3,5,15,189,40,165,18,428,0,26,52,15,9,211,39,30,53,28,187,71,100,38,11,63,12,144,210,3,0,6,0,84,24,6,21,0,7,11,1,197,33,22,0,0,4,179,2,10,1,0,11,0,5191,19,1395,1,12,195,48,40,79,0,36,7,416,3,83,25,273,25,4,5,3,14,9,0,13,21,59,1,72,493,68,18,0,2,70,78,133,6,1,0,1,255,3,57,0,20,6456,7,0,50,0,0,25,8,25,229,0,86,1,0,50,16,65,26,38,0,455,7,0,2,8,71,2,47,8,4,9,102,88,15,20,6,20,9,12,25,5,44,0,12,1,0,33,70,72,54,8,23,123,10,0,35,142,2,1,118,26,16,359,25,10,0,7,0,105,134,30,5,41,2,1,3,29,134,1968,18,8,13,0,128,153,6,23,464,100,0,0,54,1,171,0,2449,30,8,14,6,14,31,12,37,4,13,62,13,137,97,5,14,0,487,0,24,20,0,2,18,36,164,8,65,4290,5,0,13,30,16,31,39,102,50,15,22,78,0,3,281,48,40,1,8,43,22,346,1,88,107,1,11,17,6,79,23,1,82,1,1,11,100,88,25,0,12,15,70,4,6,23,89,532,7,83,18,34,9,31,13,6,114,2,17,0,0,90,16,0,86,7,55,31,0,3,161,8,1,0,5,98,6,15,8,14,0,26,3,36,4,11,43,47,18,0,2,22,83,57,2,106,0,157,66,93,95,39,1419,20,0,15,44,8,51,46,0,34,0,24,20,13,74,16,14,245,124,0,34,103,599,330,16,122,107,345,2,29,55,98,71,866,8,4,0,20,54,154,220,41,48,18,6,0,4,44,50,3,44,0,9,10,51,0,102,37,130,52,253,22,816,5,6,50,51,2,74,35,0,67,107,107
cell_43,82,0,3,39,25,0,75,42,29,722,37,136,186,26,160,19,80,9,0,0,91,145,6,29,87,2,1,53,21,22,34,0,157,33,15,169,0,27,209,27,40,106,62,35,2,249,2,43,33,582,1,43,47,25,30,19,1,13,2,5,16,177,39,5,19,0,82,48,4,34,4,4,25,29,11,30,28,11,33,58,70,1,16,13,287,68,12,1,0,64,31,10,10,0,6,39,44,3,50,88,87,0,0,72,234,24,144,0,220,14,23,152,14,13,16,7,36,38,14,80,59,51,81,42,3,35,0,0,0,2,3,0,138,18,6,13,0,3,8,0,97,25,24,27,49,43,172,1,0,0,4,21,0,1810,29,1302,7,1,170,36,21,82,0,44,10,255,7,42,19,70,3,11,30,23,0,2,0,23,30,22,5,15,470,45,22,24,29,60,95,34,1,2,0,12,254,5,29,0,22,6363,10,0,14,0,0,6,2,26,232,2,20,5,0,42,29,40,25,28,1,455,0,1,0,62,82,3,28,7,43,6,92,135,97,119,16,131,34,16,0,125,46,1,91,1,0,35,98,6,45,3,11,9,18,14,35,181,0,0,124,14,13,354,57,7,1,6,25,93,150,43,37,31,8,21,17,5,125,1810,0,47,134,2,104,127,3,9,465,118,21,8,61,0,182,0,2379,2,0,35,2,7,0,2,100,0,17,118,12,77,71,14,8,10,481,0,28,4,16,11,5,130,62,2,90,4370,38,41,2,6,66,3,21,63,55,19,18,90,2,7,83,54,113,32,0,24,21,261,2,64,91,2,23,0,25,88,19,9,11,0,35,5,125,49,15,2,32,21,64,15,10,59,14,506,53,73,46,44,58,13,2,55,113,0,32,2,0,108,5,11,34,6,0,97,67,11,154,7,5,0,2,72,19,13,31,15,4,63,10,42,5,20,56,106,24,6,10,31,77,69,2,77,0,108,25,22,84,48,1258,12,0,0,10,31,49,115,36,31,0,7,17,37,5,1032,0,215,50,1,16,54,929,0,51,126,77,350,7,63,16,36,93,1277,12,4,30,21,79,30,23,32,31,2,0,9,28,58,29,6,7,10,1,0,3,45,96,28,97,70,286,9,872,7,19,43,33,1,71,4,0,59,19,93
cell_44,5,1,10,86,42,0,29,52,15,639,38,159,161,13,26,29,80,17,5,6,78,174,22,9,29,4,2,65,24,11,10,29,22,32,1,312,36,24,198,22,163,113,84,43,3,357,0,32,26,640,5,21,66,14,19,49,3,2,22,5,0,90,45,5,33,3,88,0,0,50,7,8,39,35,3,25,45,1,41,17,81,1,12,75,2,89,3,0,0,55,0,4,31,0,67,24,133,8,74,79,6,1,6,27,185,14,99,10,264,0,33,219,17,2,27,2,38,33,33,57,39,54,44,34,14,16,220,82,0,0,4,0,126,5,0,14,0,3,14,5,186,14,31,0,0,50,181,1,28,4,5,8,1,5549,70,1389,46,2,127,62,21,72,1,12,1,188,0,97,26,228,26,10,7,2,12,6,2,17,19,78,27,63,479,38,6,20,6,55,0,0,5,18,0,2,299,2,273,35,15,6478,10,0,38,1,0,1,9,20,203,0,86,0,0,29,42,57,36,42,0,481,0,0,4,43,83,0,60,3,40,10,35,158,26,25,9,63,29,38,0,4,2,4,20,0,0,23,44,52,52,1,1,72,11,0,4,145,0,5,28,31,27,380,1,21,0,14,32,99,151,2,12,1,5,7,18,0,128,2035,22,16,84,1,113,142,6,18,481,108,0,7,54,9,150,0,2565,22,10,34,10,16,8,1,118,0,4,90,13,115,87,9,45,0,514,0,20,0,68,0,16,324,28,9,17,4411,33,100,4,16,22,18,28,50,70,4,1,57,20,0,434,26,97,5,1,62,31,4,0,80,99,1,0,0,41,99,17,24,239,0,44,0,161,27,17,0,12,1,84,15,20,60,41,541,9,95,72,39,24,33,1,0,118,2,19,1,0,23,4,2,121,23,3,15,40,5,135,3,1,0,5,25,2,71,48,4,32,28,0,35,51,16,58,93,5,1,0,30,143,69,4,89,0,130,64,126,1,42,1225,1,0,30,25,4,57,93,11,63,0,33,20,48,21,312,2,135,78,1,86,119,580,0,11,22,90,192,2,23,84,88,81,1519,18,12,94,57,107,2,228,33,61,20,2,0,8,41,3,5,91,31,2,4,146,4,129,45,117,50,87,25,852,2,10,98,63,0,41,19,5,254,37,27
cell_45,6,0,26,74,25,6,87,51,71,204,42,26,154,25,0,5,75,3,25,5,96,275,24,0,65,12,1,20,21,12,40,93,97,20,18,344,128,21,218,27,64,147,26,43,2,401,2,29,15,193,5,24,13,12,17,49,0,9,6,1,0,41,2,1,29,25,24,92,0,43,24,2,30,55,4,5,15,0,18,19,5,5,9,86,247,72,10,2,0,65,0,6,7,6,25,9,142,0,90,115,35,0,25,18,166,43,119,2,304,40,49,0,5,5,158,44,37,37,24,97,74,4,40,23,27,14,173,127,16,16,0,1,88,16,12,5,0,3,7,7,173,9,19,0,24,10,134,1,3,3,1,3,2,1841,8,1380,19,0,175,41,16,26,0,22,5,473,2,36,26,176,29,5,33,29,15,2,0,28,22,67,2,60,431,60,26,13,0,62,0,0,19,0,0,1,229,20,53,0,2,6074,3,0,50,0,0,1,3,22,208,0,60,0,0,22,5,125,5,13,0,450,0,0,0,28,63,4,39,2,12,1,50,161,5,50,24,120,26,64,0,18,27,3,12,0,0,9,64,157,62,3,26,51,3,0,18,58,4,3,38,22,1,363,35,14,0,13,13,149,155,5,7,39,0,26,16,27,126,2158,51,13,22,13,122,151,20,20,391,111,0,2,63,17,219,9,2594,22,0,3,4,5,28,4,18,0,3,40,20,42,87,28,34,0,447,0,28,11,4,13,11,20,66,6,13,4444,10,0,3,13,65,60,35,45,87,2,47,73,0,14,525,58,79,18,38,64,28,68,16,66,78,0,5,0,29,28,22,29,47,6,5,23,143,30,24,0,0,27,85,9,20,45,9,553,4,55,21,22,20,23,3,20,46,11,17,0,2,116,20,1,45,7,2,10,0,18,133,17,0,3,0,110,5,9,25,20,8,55,14,17,15,18,33,78,2,1,0,42,61,41,2,15,1,105,60,138,37,43,1347,17,1,1,16,4,137,74,12,38,6,22,17,13,9,1101,7,95,134,0,47,104,741,0,5,100,105,487,12,72,45,36,63,1360,6,0,3,21,20,158,4,37,50,8,0,5,10,10,34,1,75,3,6,0,78,2,119,31,39,41,317,56,779,2,13,31,25,7,141,36,9,216,183,85
cell_46,1,1,17,93,22,0,63,3,102,527,29,26,145,3,31,4,79,10,8,2,87,223,19,11,32,2,7,48,9,9,32,3,9,44,15,329,7,26,215,31,54,139,26,27,22,401,0,17,14,566,1,20,58,8,25,20,2,1,30,10,10,32,49,0,8,9,82,57,6,44,18,0,7,27,0,32,63,0,43,79,21,21,15,108,123,77,7,2,0,45,0,6,3,34,22,14,140,2,50,134,18,15,9,65,111,21,129,12,305,5,7,201,2,4,40,25,40,42,41,92,63,105,7,43,0,29,291,252,14,0,0,0,122,17,25,13,1,5,7,0,76,22,7,1,4,11,146,1,5,0,3,7,0,2963,49,1327,9,0,168,48,13,73,1,11,19,41,19,46,27,237,43,3,17,9,8,11,6,12,14,93,25,39,493,22,16,6,0,62,0,15,9,5,0,0,247,6,163,0,13,6607,7,0,45,0,0,0,9,19,217,0,62,8,0,5,31,127,65,24,0,435,10,4,0,31,52,2,18,0,14,2,23,168,37,41,27,167,21,21,12,43,25,0,34,0,4,32,11,25,12,3,46,93,10,0,28,72,12,9,10,29,54,287,9,13,0,18,82,76,144,21,6,27,13,3,11,1,106,1888,10,15,65,1,127,165,13,9,466,119,17,1,48,33,185,4,2429,1,28,14,2,6,7,2,91,2,13,74,19,54,96,17,32,0,463,0,13,3,1,0,23,308,29,2,17,4226,19,83,9,8,82,14,8,35,84,9,20,109,7,81,223,32,130,33,1,57,18,62,5,31,133,16,10,2,25,65,2,10,20,3,75,1,143,85,10,0,2,28,69,6,10,70,75,606,5,89,78,50,4,47,2,25,36,5,21,2,0,96,4,36,103,6,0,34,7,91,73,27,0,2,3,57,3,39,38,25,100,51,6,38,19,18,106,49,23,7,2,38,145,8,0,111,0,167,79,115,51,30,1124,29,0,0,43,18,114,113,0,82,6,28,8,45,52,160,15,44,85,0,28,87,1200,9,11,132,99,240,2,32,64,40,63,3240,9,0,6,22,104,15,125,48,47,20,0,60,0,54,1,1,104,3,2,1,82,0,110,66,105,40,165,51,816,1,25,31,25,3,16,60,10,5,99,0
cell_47,10,0,24,82,28,0,85,19,48,623,33,34,169,32,16,0,75,10,3,2,64,333,2,4,35,1,0,30,22,26,46,64,40,30,4,362,547,21,193,31,92,326,4,32,8,399,1,0,0,471,7,10,56,46,27,0,1,0,23,10,1,24,54,4,9,12,76,87,0,61,13,0,32,21,1,7,38,7,35,53,0,10,9,93,271,44,60,0,1,44,6,6,31,23,11,18,117,3,18,110,28,13,10,47,222,19,104,15,443,9,9,262,0,4,121,66,34,21,38,36,37,182,63,23,0,38,123,246,2,0,0,0,88,23,40,16,0,2,9,0,140,19,24,0,0,3,156,0,4,4,5,2,1,2300,64,1464,39,0,146,54,4,26,0,20,18,192,6,85,26,136,8,5,17,75,8,8,0,17,12,59,7,4,435,73,6,33,7,71,1,0,1,1,0,0,300,16,50,6,6,6629,3,0,23,0,0,0,3,39,148,0,8,0,0,8,8,125,10,15,0,429,1,0,0,21,49,6,48,0,16,9,51,123,45,148,17,144,34,21,8,16,69,7,25,1,0,10,78,30,51,10,32,24,24,12,41,37,0,9,49,6,9,358,29,72,1,27,2,142,154,36,10,33,5,3,16,0,132,1949,11,62,15,3,145,128,10,3,383,113,1,5,72,6,194,1,2426,6,0,25,1,9,16,1,64,0,7,62,25,63,44,16,23,3,480,0,13,22,12,10,0,50,34,6,73,4508,54,9,2,22,27,55,3,37,6,20,60,48,0,55,548,54,112,3,41,49,26,0,4,90,86,5,12,0,23,64,18,2,112,11,80,0,77,39,12,2,0,1,63,11,17,48,2,498,4,85,44,20,34,103,0,23,15,8,20,2,1,128,0,1,45,5,4,1,97,32,145,15,5,0,2,79,11,5,52,32,3,55,18,27,2,12,110,125,1,1,1,18,131,6,18,25,0,123,52,109,23,34,1310,43,1,1,19,22,125,73,3,55,2,9,24,78,56,498,2,73,129,0,33,111,995,32,39,116,83,570,3,76,4,53,78,2230,15,1,0,10,86,5,2,44,39,18,0,1,7,67,18,5,61,0,3,6,199,6,104,39,92,35,294,19,887,2,24,61,44,2,13,35,15,207,211,76
cell_48,30,0,4,105,17,8,74,52,25,263,43,36,177,28,0,0,78,2,36,15,78,14,10,6,12,36,0,115,25,7,39,30,10,43,16,341,13,2,113,15,56,205,1,33,0,416,0,0,101,338,7,4,57,10,56,50,2,8,38,9,0,28,9,11,21,0,17,6,0,53,68,3,28,38,0,46,48,2,23,61,4,0,6,93,32,47,18,1,0,7,2,2,65,10,42,30,88,0,99,1,42,3,4,5,6,18,156,18,319,3,30,155,9,1,163,0,24,39,38,56,19,88,9,42,4,25,470,111,2,8,0,53,117,35,9,6,0,1,6,6,173,23,17,0,16,0,111,5,8,0,1,6,3,3741,32,1406,13,0,178,47,16,50,0,56,42,229,5,137,27,301,1,0,9,12,20,8,5,16,13,60,21,40,434,83,28,6,4,59,7,0,6,2,0,11,292,32,20,5,0,6779,19,0,54,1,0,0,10,23,233,0,65,0,0,23,52,81,27,17,0,418,3,0,2,37,18,0,52,3,6,11,91,133,33,42,25,91,2,16,0,14,106,3,1,0,0,33,68,162,22,1,24,7,15,1,48,3,6,1,12,30,10,318,33,10,0,28,3,144,139,16,5,63,18,0,3,0,107,1808,18,25,60,37,118,155,21,9,524,94,0,0,63,9,160,7,2417,10,16,7,1,6,9,3,84,0,5,19,21,142,109,4,38,1,440,1,15,8,0,4,9,37,52,2,22,4295,46,0,4,1,7,38,33,63,47,8,62,22,1,41,365,82,42,41,0,30,3,87,6,66,115,2,3,13,17,20,23,3,69,5,67,4,92,53,22,4,24,10,40,0,5,43,46,410,2,50,19,26,27,43,2,0,114,3,22,0,0,59,25,16,21,3,0,11,36,290,147,14,0,0,1,80,2,27,6,42,7,111,6,28,14,13,32,19,6,12,2,1,74,0,3,112,0,119,72,58,5,28,1237,45,0,4,22,29,139,52,3,22,4,12,26,47,54,809,37,41,82,0,39,115,1000,0,4,91,62,570,1,5,63,83,30,1847,3,2,0,62,82,152,140,36,8,22,0,6,7,10,47,2,49,1,2,0,101,0,95,1,30,51,272,18,747,0,3,40,30,1,37,28,4,237,190,123
cell_49,10,1,7,87,18,16,84,30,33,1038,26,18,113,3,46,29,63,1,0,13,81,232,10,23,43,2,0,103,23,14,29,40,35,49,21,65,271,27,224,15,103,141,30,45,0,110,2,57,30,744,0,56,21,31,67,80,1,1,38,5,4,52,48,3,2,5,37,7,0,56,4,2,136,11,2,20,148,7,36,5,16,3,12,72,329,10,18,0,0,65,5,16,61,20,7,23,56,7,69,102,64,4,0,9,220,22,140,34,314,1,16,230,6,10,96,40,53,35,13,200,33,28,18,17,25,29,38,202,0,0,9,26,119,4,13,11,0,5,18,3,203,24,34,0,0,8,197,0,28,0,2,22,1,2188,90,1298,29,5,158,48,20,36,0,16,0,81,1,65,37,245,21,3,20,142,5,5,1,11,7,32,25,23,423,60,20,0,11,40,12,1,5,6,0,0,298,16,16,74,19,6950,3,1,29,0,0,5,3,22,60,0,78,0,1,85,9,139,25,32,0,412,0,4,2,8,76,0,55,1,13,1,56,122,30,51,9,64,11,34,10,14,16,13,79,1,0,48,20,65,70,9,66,2,10,24,40,111,2,9,71,28,51,378,31,15,3,13,31,33,116,35,5,6,7,14,18,0,123,2068,21,48,24,18,103,144,35,13,343,114,7,8,59,16,162,11,2550,19,9,49,0,7,3,1,82,0,18,80,18,107,85,19,8,5,498,0,15,1,46,5,2,95,31,9,58,4447,63,107,3,35,22,3,18,50,74,17,27,84,48,10,430,9,35,9,14,52,31,213,6,91,97,47,26,23,19,181,10,22,129,48,33,4,118,112,6,2,2,0,75,13,19,21,94,620,27,92,12,21,11,17,0,0,132,2,33,31,0,47,16,0,132,3,2,34,100,52,133,10,0,1,16,84,5,6,52,42,30,34,2,14,1,20,108,92,32,12,3,35,33,57,3,157,2,112,39,90,49,31,1097,26,1,0,17,5,128,80,10,24,0,9,19,72,71,103,3,331,108,0,80,101,1097,3,10,98,74,437,0,44,29,31,41,370,19,8,39,94,89,16,213,38,61,9,0,40,12,101,41,9,58,2,2,13,138,20,107,23,125,16,179,19,788,2,15,21,31,0,143,55,0,155,36,115
cell_50,21,2,11,54,20,4,95,40,52,175,31,28,170,10,109,26,72,4,6,6,91,73,36,9,23,6,0,162,22,7,43,5,45,55,14,19,15,17,163,12,78,39,78,38,2,353,1,9,3,414,8,9,18,10,43,157,1,4,1,11,26,89,45,15,26,32,13,41,1,45,0,30,44,29,1,51,32,2,12,74,56,0,12,58,125,70,16,0,0,18,4,0,16,55,0,13,140,1,36,122,8,2,0,7,195,29,195,15,366,12,14,115,4,4,242,7,41,29,6,106,19,48,21,9,0,15,25,275,1,1,1,4,123,4,2,22,0,1,9,0,191,14,7,0,0,5,104,1,0,0,0,17,0,2081,13,1328,48,0,142,46,18,75,0,47,0,187,6,39,26,268,105,0,20,54,13,5,0,15,32,80,20,47,397,66,23,7,20,45,32,12,0,6,0,2,336,14,2,0,14,6013,8,0,42,0,0,0,9,21,131,0,2,0,0,49,30,84,22,39,0,414,16,1,1,0,39,4,62,11,14,5,101,141,23,35,12,103,15,26,1,15,15,2,18,0,2,26,56,107,51,0,82,44,6,12,13,109,2,10,123,27,23,351,24,15,2,15,17,26,127,20,9,15,18,0,6,9,114,2193,90,85,11,1,133,126,26,10,369,128,0,14,51,7,154,0,2635,7,16,11,1,3,21,4,80,20,9,46,16,168,99,18,15,2,519,1,10,6,7,4,4,23,82,1,1,4657,19,43,3,2,93,51,12,51,20,25,28,150,3,0,109,13,76,20,3,34,26,24,0,43,129,36,7,0,10,52,4,64,101,60,91,0,61,115,21,0,15,8,63,19,6,26,92,459,10,58,21,23,3,33,3,0,66,2,17,0,3,72,4,2,77,4,0,0,41,27,101,23,3,0,26,112,1,16,30,21,0,14,2,46,2,14,75,15,38,1,0,13,110,16,9,42,0,121,28,83,20,51,1278,21,0,6,18,1,17,91,39,0,0,15,28,33,30,1079,6,359,115,0,121,105,673,0,4,108,87,501,8,26,76,67,35,1178,3,36,33,4,112,20,244,17,13,12,4,0,63,56,83,25,152,0,2,0,46,15,82,55,142,49,44,4,922,3,15,85,51,3,54,43,1,193,79,73
cell_51,16,0,5,83,24,0,48,22,15,61,65,39,150,22,0,0,85,7,37,0,42,209,16,40,11,0,0,155,12,36,38,58,110,24,11,304,110,7,231,30,149,112,2,38,3,374,0,11,45,516,2,34,64,1,68,119,1,0,29,0,5,105,9,1,21,0,26,34,0,36,41,2,11,22,0,17,4,14,40,33,13,0,15,91,279,36,1,0,0,18,13,0,3,33,14,24,145,1,71,57,18,0,1,37,231,10,161,31,422,23,17,262,7,3,86,13,8,45,31,169,0,254,64,0,0,30,249,193,0,2,0,0,123,11,8,0,0,7,27,0,218,24,19,2,13,14,181,1,22,9,1,6,0,3444,68,1423,4,3,172,35,9,52,0,4,0,117,0,107,28,303,9,22,2,25,7,0,0,11,2,86,10,19,497,5,14,40,23,76,53,26,1,10,0,12,121,48,49,23,12,6476,11,0,36,0,0,0,12,18,79,2,88,0,4,40,15,15,2,8,0,396,4,0,5,92,79,5,55,0,25,0,45,130,142,136,24,170,8,61,22,12,51,3,6,8,0,52,76,86,44,4,0,3,30,0,74,0,1,1,7,27,20,317,50,92,0,9,4,79,136,34,39,32,5,27,8,0,143,1956,13,41,68,7,122,142,8,13,422,131,3,0,79,0,192,4,2560,13,3,38,4,7,12,2,84,0,10,41,16,14,74,59,33,0,485,0,6,0,16,0,25,158,58,2,36,4540,59,61,14,22,17,13,38,44,39,16,11,36,0,13,249,76,101,11,6,48,21,353,3,80,124,3,15,5,54,4,26,1,27,6,79,0,76,107,3,1,0,8,68,21,26,55,7,203,7,101,76,30,2,45,0,78,117,1,26,7,0,150,0,0,33,0,2,0,39,20,144,3,2,0,5,7,17,19,18,23,38,55,8,33,34,21,142,13,1,2,0,17,44,26,15,186,1,154,1,151,13,44,1561,2,1,25,28,0,108,102,5,7,15,42,17,83,66,4,7,42,109,0,17,52,724,0,12,108,86,439,3,47,81,30,25,1009,14,0,67,20,3,3,238,37,12,21,0,10,1,99,23,0,115,4,4,0,79,1,76,13,96,41,309,56,895,0,14,70,34,4,123,48,3,193,128,0
cell_52,13,7,3,85,28,23,75,3,48,156,33,19,129,11,14,9,76,9,2,28,84,220,10,0,75,10,0,96,22,10,41,26,154,13,7,313,7,22,186,25,39,83,51,32,3,365,1,44,31,461,0,15,75,28,21,48,3,14,1,7,0,169,33,0,22,0,115,5,1,36,54,7,38,21,0,6,52,10,19,34,15,19,6,25,8,95,11,0,1,4,0,2,9,0,12,12,129,2,36,85,65,1,0,14,220,25,121,1,200,6,2,159,11,3,133,1,20,34,23,176,104,31,26,22,5,26,313,228,9,8,24,10,141,32,26,15,0,5,16,0,186,20,8,0,20,3,190,2,0,4,2,2,1,7564,76,1398,7,0,118,41,4,27,4,46,45,123,5,53,28,288,26,2,35,22,9,4,7,29,1,66,2,30,449,63,12,15,11,72,62,121,1,3,13,4,211,10,173,161,14,6520,3,0,47,0,0,0,16,34,236,0,50,6,15,56,11,21,47,21,0,441,4,2,2,45,83,20,9,2,25,3,107,133,95,37,15,118,11,24,0,8,32,2,23,0,0,38,68,23,20,7,0,35,22,0,34,48,0,1,56,20,62,313,9,17,8,16,50,120,143,31,14,2,7,9,16,24,96,1970,14,29,22,0,131,157,39,13,474,118,11,9,50,14,179,1,2606,5,10,46,4,15,1,15,123,7,4,108,14,52,82,22,32,0,483,0,11,20,19,23,6,246,61,8,18,4596,59,76,10,14,44,11,18,79,49,13,14,72,34,1,59,71,121,37,0,19,20,131,1,65,89,8,8,0,37,16,13,3,221,1,65,0,123,86,17,0,7,32,67,14,13,20,30,467,2,86,22,44,3,38,2,82,75,1,22,0,4,103,5,0,5,10,14,4,36,50,84,5,2,0,26,26,3,7,20,28,0,95,6,46,28,22,9,11,4,14,0,16,125,56,0,42,0,147,52,41,5,9,1526,24,0,2,16,36,66,93,38,27,1,32,8,76,23,74,23,23,21,0,3,129,1043,0,5,100,94,479,1,21,4,74,69,847,3,0,79,17,55,2,240,50,38,26,4,16,2,19,68,18,156,6,7,6,72,0,116,74,131,50,170,47,812,2,22,54,33,2,32,34,0,22,128,34
cell_53,41,0,20,79,28,0,81,30,73,243,26,81,187,21,17,1,62,4,6,10,75,52,22,6,26,0,7,188,30,8,42,12,25,33,7,273,28,28,172,0,89,137,27,39,4,326,0,1,40,614,9,5,46,11,42,88,0,0,10,3,0,76,18,13,26,0,95,45,0,50,87,16,69,4,2,18,37,1,13,42,47,0,18,64,312,16,20,0,0,9,0,11,14,0,8,29,114,1,101,111,13,2,4,10,266,31,123,25,395,1,29,240,5,5,184,29,34,25,20,79,83,11,65,49,0,9,28,222,2,1,18,9,155,4,4,1,0,1,3,4,186,29,45,0,0,4,175,0,1,0,1,10,3,163,81,1326,19,16,109,28,27,25,0,44,0,75,5,116,7,280,20,12,0,23,33,11,1,21,14,71,14,23,459,44,18,11,9,65,4,30,1,13,0,1,279,1,5,1,12,6503,25,5,44,0,0,0,5,26,253,0,77,0,0,34,72,57,16,13,4,410,0,2,3,23,66,5,61,1,97,3,122,130,127,54,13,83,22,31,0,9,44,3,46,0,0,20,49,9,54,6,11,104,22,0,13,26,1,9,54,24,30,315,56,27,0,32,7,164,140,28,5,6,22,8,19,9,126,2138,12,108,1,1,109,149,11,13,623,126,0,2,75,44,162,8,2344,29,11,13,1,11,8,0,18,0,5,61,12,47,40,23,21,1,407,0,15,14,18,25,12,171,82,4,29,4532,48,30,11,14,82,33,28,48,15,16,42,62,0,0,379,42,143,4,0,26,20,173,2,82,100,2,7,4,32,108,23,4,58,4,8,0,18,34,10,0,12,1,71,17,18,67,33,466,41,94,23,17,65,42,0,80,94,3,30,6,0,50,12,0,65,4,9,0,2,50,172,23,5,0,16,45,11,31,35,38,0,51,9,43,34,15,44,9,1,0,2,5,8,7,3,56,0,159,72,121,9,50,1275,46,0,13,36,1,56,69,6,20,1,12,20,9,69,287,9,56,142,0,60,140,539,0,12,115,96,364,18,42,184,66,44,2231,11,9,0,20,92,3,124,37,13,2,8,6,3,33,44,5,15,0,3,0,89,19,24,39,91,51,93,14,695,6,4,92,35,0,55,22,11,194,178,123
cell_54,4,1,27,113,20,0,44,12,55,36,39,30,141,8,0,10,71,6,8,5,89,168,20,0,45,9,1,47,26,24,34,53,4,29,25,397,0,24,108,23,86,145,44,49,2,222,0,32,8,511,39,15,72,18,84,26,17,4,23,3,0,45,53,11,30,30,95,16,0,40,21,10,16,20,2,29,73,1,33,6,0,5,12,69,45,33,8,1,0,26,0,4,14,42,13,7,128,0,45,9,7,2,2,19,132,32,73,34,418,12,22,220,8,1,64,9,35,39,15,4,83,11,32,11,0,31,381,224,11,0,12,15,156,29,2,34,0,6,4,1,192,23,28,144,10,38,162,0,14,7,2,3,5,6915,22,1280,24,12,174,43,19,80,26,10,19,139,13,22,32,267,42,0,18,39,10,4,0,14,6,66,21,37,459,48,26,21,20,69,77,30,0,24,0,1,299,21,103,144,3,7156,14,0,36,0,0,17,13,20,166,0,91,0,0,34,5,51,12,9,0,462,0,0,6,17,84,1,58,1,38,7,32,99,151,103,22,59,31,9,11,16,32,3,10,0,0,16,68,53,34,8,31,14,16,0,14,13,0,4,83,22,1,343,0,36,0,17,30,75,144,22,3,4,4,25,12,14,119,1864,15,16,26,2,138,148,25,5,379,129,7,1,29,0,194,0,2559,4,23,16,5,18,2,7,104,0,6,93,16,144,80,13,20,0,454,2,0,22,1,0,1,36,47,24,9,4288,29,35,9,16,62,29,0,69,22,6,24,147,15,33,401,53,86,6,16,8,22,0,3,31,90,10,2,0,41,88,11,11,134,26,18,0,94,46,4,1,8,29,80,17,5,62,67,485,22,38,25,49,8,43,0,0,75,5,25,16,0,39,9,0,58,15,39,0,87,31,133,4,0,0,5,57,12,45,34,17,5,106,3,48,70,13,130,70,0,9,15,8,75,48,0,70,0,118,59,63,16,31,1059,7,11,0,16,20,144,93,9,37,0,51,16,36,46,232,0,42,72,0,23,130,1068,0,6,129,57,462,2,28,200,56,67,582,17,1,28,32,96,14,219,27,61,15,6,4,31,7,22,4,43,4,13,0,72,3,113,51,117,37,132,28,832,0,0,38,34,20,8,53,12,106,80,104
cell_55,36,4,6,80,17,3,93,44,25,785,36,44,162,10,43,23,78,9,21,2,67,110,43,54,38,0,0,186,15,7,45,97,89,61,6,318,34,26,203,20,216,112,37,52,14,374,0,0,40,564,18,9,73,13,50,52,3,0,9,5,4,63,8,0,30,0,44,16,40,32,61,7,61,100,0,47,8,0,25,16,13,1,6,52,163,23,19,0,0,7,0,11,42,0,5,15,80,5,85,98,13,6,0,16,194,26,100,2,424,0,12,163,0,3,50,17,33,40,20,151,99,130,29,16,0,27,176,99,0,10,0,0,134,33,3,1,2,9,6,1,181,21,22,0,12,3,171,1,32,0,1,10,2,1761,77,1430,10,2,170,48,26,54,0,23,11,144,3,101,23,299,1,10,22,12,6,0,0,21,13,88,41,10,474,59,27,5,6,62,113,0,13,5,0,0,236,15,22,41,13,6478,0,0,24,0,0,11,9,26,215,0,7,1,0,43,75,61,4,15,0,382,1,2,8,37,37,3,63,1,12,8,97,121,30,23,24,45,23,58,0,12,10,2,16,0,0,16,53,124,17,3,10,111,6,3,44,26,0,2,65,19,38,291,24,8,1,25,15,130,155,17,13,12,17,5,8,3,146,2002,8,78,42,9,125,141,10,28,388,88,1,3,58,15,166,25,2603,16,16,41,5,9,15,1,129,2,6,85,11,77,63,27,18,0,461,1,15,1,30,0,2,87,90,8,29,4613,19,93,4,15,27,21,11,24,88,15,21,68,23,0,391,25,99,3,0,13,27,8,6,67,127,2,17,0,21,16,20,4,55,19,52,1,115,133,7,2,18,5,77,8,14,39,12,581,5,89,13,50,15,30,0,66,100,3,17,4,0,47,12,1,117,10,25,43,72,0,123,8,0,0,2,68,9,20,56,13,0,37,2,37,9,23,76,22,26,0,1,1,48,4,0,110,0,95,30,59,11,58,1647,16,2,2,22,21,131,99,0,0,6,57,25,64,48,62,4,34,151,0,107,142,948,0,24,140,78,640,4,55,81,84,62,1698,8,2,40,13,64,21,221,37,40,17,0,11,1,53,57,13,9,16,15,2,109,1,126,15,134,34,140,10,762,2,7,50,46,0,16,17,29,91,229,106
cell_56,4,2,14,106,26,0,81,58,73,180,44,30,156,4,17,9,91,4,0,5,88,305,17,2,39,1,0,67,29,12,34,54,0,35,15,314,40,16,204,19,176,239,10,35,3,236,0,24,6,624,12,8,55,17,31,42,8,8,9,0,0,78,58,0,29,0,102,7,0,61,9,15,76,73,2,18,16,0,35,48,32,12,10,73,0,15,54,0,0,23,0,1,74,67,5,16,118,0,68,101,3,3,2,24,217,33,143,0,383,0,15,274,1,13,109,1,29,5,21,39,15,155,19,22,0,32,95,290,0,5,0,26,123,50,12,28,0,1,4,0,191,23,16,0,0,4,218,0,11,4,2,21,2,7325,84,1169,10,0,156,43,16,84,0,4,1,229,1,101,27,216,14,0,0,6,18,0,0,28,8,54,29,42,467,68,27,9,14,60,55,3,0,6,0,0,295,18,87,127,22,7175,2,0,64,0,0,18,31,32,234,0,89,0,0,15,18,131,32,26,0,414,11,1,3,38,68,0,70,0,8,5,69,135,220,40,4,68,20,5,0,35,48,3,103,0,3,0,33,82,35,5,47,11,2,0,39,30,0,4,76,38,51,401,45,6,0,10,16,53,87,18,3,10,12,8,14,10,91,2043,13,5,9,4,126,149,9,3,406,106,23,0,50,55,178,0,2282,9,3,34,6,14,17,0,118,10,6,138,17,130,91,46,12,1,405,0,22,4,8,37,2,209,55,7,37,4600,22,72,7,19,73,48,4,28,89,20,23,164,5,2,294,57,147,6,1,45,18,0,0,58,105,0,18,0,22,255,8,5,25,21,46,0,118,4,11,1,11,1,72,15,5,59,12,538,3,64,49,48,7,35,0,7,49,0,38,1,2,103,0,0,2,5,0,11,0,2,120,11,1,0,7,73,2,13,60,7,2,4,10,28,4,14,71,77,0,1,0,2,53,51,4,117,0,131,43,127,29,34,1165,33,0,1,36,8,165,85,28,67,4,17,21,27,66,171,0,236,118,0,22,145,1325,0,21,85,109,515,1,42,114,81,69,2949,8,9,17,39,49,1,220,25,49,21,0,1,6,25,29,11,141,0,10,7,28,21,105,5,130,41,247,28,692,0,11,61,28,2,8,24,26,1,168,123
cell_57,11,0,5,69,26,4,104,10,57,161,19,84,163,11,85,23,70,6,12,16,93,171,5,20,35,0,0,175,23,19,49,28,0,12,4,291,0,15,240,0,221,103,67,33,4,352,1,33,20,534,0,37,42,23,31,51,6,0,11,7,7,138,9,0,8,0,82,6,0,41,60,2,108,5,0,18,15,0,24,25,21,0,14,85,252,69,12,0,0,31,21,1,29,0,11,36,105,7,75,97,7,0,0,41,158,21,157,15,251,1,7,252,3,11,151,0,2,36,20,124,89,119,29,38,0,36,403,172,6,15,0,33,131,2,41,7,0,3,4,0,205,30,18,0,4,20,169,0,0,6,0,9,1,6909,68,1444,10,0,168,39,23,74,0,4,18,199,0,110,34,211,2,3,26,16,4,7,1,15,2,62,32,6,414,46,19,11,30,64,46,90,3,16,7,0,235,33,154,0,22,6455,18,0,51,0,2,3,1,30,234,0,107,1,0,57,26,76,53,36,2,439,0,0,3,65,42,2,19,6,52,0,29,134,38,35,8,81,20,22,0,6,35,3,41,0,0,32,28,19,41,3,1,17,11,3,52,54,0,6,67,29,63,294,14,21,0,5,30,139,115,50,2,11,7,23,7,0,151,1990,0,102,7,34,135,136,18,8,479,113,8,3,73,0,189,9,2524,3,2,19,7,2,0,0,82,0,10,89,17,78,82,26,32,2,446,0,14,4,34,0,26,168,124,13,34,4289,81,61,14,34,72,16,31,36,60,4,10,113,23,0,135,69,150,59,2,38,25,252,2,100,91,6,18,18,71,0,23,12,4,0,71,0,157,29,13,4,9,1,75,5,26,10,56,545,5,97,36,59,16,89,0,26,63,0,23,0,1,148,0,14,0,9,0,54,24,29,108,14,0,0,17,25,6,104,86,34,0,21,1,38,9,11,64,44,1,6,1,17,27,53,2,94,1,173,12,103,10,43,1330,63,0,0,39,14,54,86,58,0,1,25,6,16,29,249,0,63,123,0,115,141,1004,0,26,111,81,464,5,42,49,119,80,1690,7,13,24,26,94,5,207,38,32,13,0,56,9,1,72,14,151,16,1,4,53,16,92,28,129,32,312,16,827,5,29,44,41,2,62,2,20,204,198,114
cell_58,10,4,0,91,25,3,41,1,34,80,40,96,191,13,79,2,81,6,14,2,69,285,17,6,68,2,2,112,26,14,37,148,102,94,28,392,67,2,162,24,62,87,17,34,2,390,3,1,0,550,8,4,66,17,55,74,5,7,5,7,0,132,45,1,22,2,100,6,0,52,22,26,48,50,0,30,12,12,5,39,17,8,4,15,56,38,1,0,0,4,0,2,20,33,52,9,92,6,86,101,17,4,8,17,205,10,153,0,117,5,12,215,0,5,163,1,38,23,15,65,32,29,11,10,0,19,399,1,4,4,2,5,146,24,0,3,0,2,20,1,170,2,29,2,46,16,193,0,32,0,0,13,4,3743,20,1544,0,1,106,44,9,107,0,21,12,271,4,41,28,236,82,18,10,23,16,12,18,23,14,56,36,28,413,23,18,48,16,65,0,8,0,11,0,0,241,31,47,11,20,6624,8,28,32,2,1,9,7,6,277,10,63,1,5,61,13,63,27,26,20,447,22,4,1,41,13,2,67,0,49,2,80,86,91,94,13,122,12,34,0,7,42,0,55,1,0,38,76,47,11,0,12,86,3,0,10,190,10,7,12,23,36,123,63,11,0,28,13,81,82,36,11,28,17,19,2,7,62,1854,38,125,56,2,90,156,28,5,570,109,24,0,26,1,148,16,2510,2,8,30,7,2,9,7,51,0,4,31,16,90,44,26,51,0,466,0,12,6,5,0,8,292,1,5,72,4191,34,30,1,12,77,12,35,28,24,7,4,31,20,0,291,10,118,10,0,4,4,169,1,62,81,2,2,33,15,10,12,12,86,0,91,0,27,35,5,0,7,33,72,18,5,31,9,492,16,78,25,39,16,29,0,66,76,0,26,5,14,80,10,12,72,4,2,1,42,152,136,6,0,3,25,22,0,56,34,16,0,30,7,30,24,10,13,8,7,0,1,6,96,31,5,184,0,125,79,78,0,34,1677,44,0,9,33,14,73,72,17,5,2,37,6,15,56,2,33,141,136,0,18,101,663,0,28,102,94,193,4,35,61,88,74,1819,11,0,29,16,82,18,210,18,6,18,5,29,7,7,90,8,26,8,1,0,102,4,90,29,141,33,71,22,773,1,0,19,29,2,73,46,17,75,4,106
cell_59,4,3,19,98,25,0,64,19,31,241,39,74,138,28,1,14,80,18,11,1,101,313,10,15,23,4,0,192,29,11,51,21,37,32,30,231,1,22,185,11,74,148,17,32,5,276,0,6,68,629,0,34,60,34,28,43,1,7,2,3,14,102,79,2,29,4,76,58,0,48,3,16,62,46,1,20,19,11,10,2,15,0,9,91,299,16,2,0,0,45,15,7,25,3,19,16,132,6,48,97,69,0,11,36,216,24,91,14,390,9,2,98,8,6,138,39,33,42,31,144,37,101,89,8,0,30,164,101,2,0,8,15,108,18,2,1,0,1,30,4,161,21,18,0,2,12,139,0,23,7,8,21,1,1036,71,1351,13,0,163,44,9,71,0,38,9,219,8,78,18,168,39,4,28,24,19,10,7,12,7,88,3,56,476,47,39,37,16,57,97,102,1,17,0,0,310,2,149,0,24,6607,1,40,49,0,0,2,2,40,173,1,76,0,0,74,22,36,10,23,0,428,5,0,1,29,72,2,44,0,40,1,68,146,14,141,15,142,12,18,0,25,52,1,7,0,0,22,95,18,53,0,11,26,4,0,49,51,0,1,37,21,44,364,64,107,0,8,15,112,134,27,15,36,15,15,24,1,105,1940,6,70,12,53,145,149,22,7,499,111,8,11,65,0,161,1,2473,23,2,10,1,8,1,7,24,0,16,77,23,16,100,35,9,0,441,0,20,2,4,0,25,199,160,1,85,4583,41,18,14,5,10,17,34,52,60,4,6,109,0,8,260,63,122,40,0,51,7,4,10,48,86,0,15,0,22,8,12,6,7,0,55,0,74,30,29,0,6,10,86,15,16,37,28,499,12,76,80,52,8,6,0,76,32,4,36,0,2,166,1,0,14,11,0,2,18,38,161,10,0,0,13,72,7,25,40,23,6,19,9,40,22,17,148,54,0,11,0,11,128,59,6,110,1,146,60,110,72,47,1641,10,0,1,34,6,80,89,5,20,0,32,8,153,50,451,0,162,122,0,34,123,468,0,5,134,97,262,4,38,11,60,61,1594,11,0,26,36,16,135,11,37,47,13,0,21,3,28,68,4,34,12,4,0,63,48,104,35,71,61,277,39,792,1,1,53,30,7,103,38,14,13,3,122
cell_60,39,0,0,70,21,0,80,60,64,626,30,42,172,38,124,19,67,0,0,27,80,310,13,1,47,0,0,196,36,27,39,13,188,33,3,240,80,14,214,20,248,194,29,40,1,326,0,9,20,551,4,25,60,4,20,19,0,0,13,7,8,81,15,2,25,1,71,27,34,29,43,3,21,1,1,2,27,0,15,74,56,1,9,77,326,26,16,0,0,15,0,0,28,0,7,30,84,1,44,109,18,3,0,21,178,6,146,31,428,4,17,103,3,8,155,0,32,40,27,149,110,237,42,5,0,30,204,242,2,0,1,7,120,0,3,1,0,4,8,5,149,23,19,5,0,18,178,0,4,6,0,16,1,5145,17,1373,23,6,183,46,30,68,0,42,0,267,3,111,29,223,6,1,13,12,4,1,3,9,7,47,4,40,480,64,24,23,27,35,101,30,0,0,0,0,277,19,80,0,19,7299,1,0,39,0,0,0,1,35,220,0,86,0,0,70,18,44,2,29,0,415,7,3,1,35,71,3,60,2,8,3,28,140,42,128,17,111,25,38,0,20,38,4,22,0,0,11,83,13,25,4,12,112,4,0,57,139,0,2,89,29,49,328,44,24,0,30,0,130,147,31,1,11,11,10,10,4,132,1807,42,57,8,3,127,126,0,15,483,103,9,17,75,12,173,0,2665,3,0,32,11,5,2,1,38,0,11,38,18,60,92,14,29,0,482,2,17,3,29,4,22,21,166,4,71,4352,3,66,19,2,22,29,31,89,37,20,12,40,1,0,265,76,134,32,3,38,32,282,2,82,74,0,16,0,3,15,20,9,20,11,67,0,150,27,13,0,2,15,53,20,15,61,69,666,8,76,3,53,2,112,0,69,23,0,27,0,0,129,7,0,135,10,1,0,47,9,102,26,6,0,23,76,9,14,24,21,0,1,3,43,10,24,71,60,0,3,0,41,39,58,18,37,0,66,19,127,2,31,1745,45,0,14,44,28,26,111,32,2,0,8,13,36,46,264,67,11,82,0,39,117,300,19,24,103,93,603,7,22,2,104,60,1475,17,0,74,32,26,29,238,31,12,5,6,6,8,65,87,14,91,0,1,0,68,16,57,65,122,43,201,21,846,2,2,76,44,1,9,24,1,215,171,136
cell_61,7,5,2,42,17,4,97,58,37,443,33,116,145,14,138,22,70,0,4,20,81,243,6,7,102,0,2,169,27,5,45,46,18,7,13,315,35,22,175,10,122,63,58,25,1,86,2,11,98,654,3,19,51,25,32,2,1,8,7,7,16,70,51,12,14,15,64,3,0,54,2,15,122,19,0,16,70,5,24,24,34,1,0,85,234,21,16,0,1,32,0,15,5,1,26,31,17,12,122,121,13,3,0,20,109,24,173,24,411,33,18,283,4,6,146,7,31,40,8,154,103,63,30,22,6,26,171,2,0,1,6,0,118,2,1,19,0,8,3,0,183,23,40,0,1,43,140,1,17,3,3,18,5,8405,38,1384,34,11,167,51,27,38,0,58,0,214,10,10,11,271,10,0,3,23,12,12,0,15,3,46,35,9,504,37,31,1,11,56,108,94,0,0,0,3,261,18,132,188,15,7443,12,2,21,0,0,36,4,39,184,0,99,0,0,32,30,55,54,27,1,480,1,6,0,61,78,2,33,4,29,0,94,119,44,29,9,41,21,36,0,17,17,12,36,1,1,10,51,18,58,16,25,90,3,0,25,117,2,5,86,27,40,321,38,4,3,7,0,86,80,33,10,13,13,8,18,2,107,1729,11,41,3,2,130,97,20,15,465,110,28,8,81,4,166,0,2370,4,12,31,1,19,2,4,140,0,7,112,19,36,70,1,8,0,415,0,17,3,23,0,18,138,145,32,15,4568,17,47,2,6,47,19,6,36,10,12,3,61,18,29,198,30,124,47,17,52,26,401,0,65,118,0,12,0,19,91,8,6,222,2,15,7,134,146,4,0,26,0,81,7,10,68,105,463,4,38,7,15,14,31,1,65,87,0,22,12,0,50,33,0,104,10,0,1,102,34,71,14,4,0,14,58,3,27,18,10,0,33,1,32,43,20,121,36,41,2,1,14,83,46,7,137,0,155,54,115,10,48,1755,16,1,1,44,12,31,95,26,34,0,31,20,52,56,219,32,642,142,1,62,87,896,0,19,53,31,271,3,20,164,26,62,1614,26,7,56,32,101,91,162,41,40,18,1,6,11,9,23,7,81,8,2,0,35,61,56,41,93,28,34,38,748,8,21,28,35,13,42,47,4,57,71,131
cell_62,25,5,3,85,32,4,84,15,48,558,20,71,151,2,20,14,88,2,1,8,80,274,15,2,58,2,1,111,20,7,37,10,34,50,48,254,65,16,207,21,76,202,25,52,1,335,0,31,111,508,2,31,47,17,46,26,16,0,18,4,6,72,34,12,19,30,95,19,0,61,60,4,55,6,5,9,69,18,40,60,16,6,17,87,257,41,5,1,0,21,3,2,6,2,4,28,54,5,115,104,4,6,3,12,260,28,156,29,393,13,33,204,0,6,192,29,26,40,11,77,86,55,33,36,5,32,15,46,10,4,3,16,126,7,5,5,0,4,13,0,186,19,37,1,8,9,166,6,1,1,0,17,0,5134,61,1414,12,2,141,37,14,30,0,31,28,83,4,85,14,179,2,6,0,2,10,5,0,23,2,74,20,72,458,59,19,0,18,76,78,7,19,3,1,1,316,4,39,0,11,6228,5,0,58,3,0,4,2,25,228,0,38,1,2,25,10,114,5,26,0,404,4,4,2,18,82,1,26,3,73,1,96,91,125,27,27,112,19,13,13,21,16,3,45,1,0,47,49,62,57,3,23,60,8,23,6,13,0,16,80,16,9,322,30,19,0,8,1,136,153,32,7,8,6,4,10,12,47,2111,25,90,10,0,110,129,12,18,454,114,3,8,53,6,160,0,2457,4,6,46,6,4,10,4,88,3,16,91,18,52,102,22,4,0,438,0,18,19,0,23,3,155,11,33,37,4475,64,63,5,11,37,50,36,47,5,8,27,55,12,2,538,45,101,3,3,19,29,40,2,83,111,47,14,19,10,103,26,1,141,11,13,1,10,120,40,0,6,3,79,3,10,48,14,316,7,76,16,3,29,26,0,64,121,5,23,18,0,65,16,3,27,1,8,1,68,67,157,6,2,0,4,58,4,3,23,17,1,36,6,34,6,16,122,41,0,2,6,8,52,18,4,110,0,127,44,38,39,40,1603,58,14,20,34,20,48,84,0,68,1,22,3,15,27,381,4,95,135,0,43,132,1143,0,5,119,114,275,10,36,44,40,46,1784,12,8,44,88,97,0,229,26,18,2,3,59,2,97,59,9,129,2,6,0,126,37,56,35,114,42,303,33,854,0,9,25,47,1,59,14,5,106,92,76
cell_63,33,0,8,75,42,1,102,17,33,184,38,49,160,31,12,1,80,3,11,7,78,297,4,26,19,9,5,57,25,16,32,80,108,12,8,230,0,11,230,2,7,116,105,32,7,414,1,27,57,606,49,25,20,3,46,58,2,0,25,5,28,74,8,7,30,3,79,6,10,52,60,26,6,24,0,43,11,0,41,78,38,15,4,81,83,37,17,0,0,10,1,14,1,131,27,9,103,2,26,100,34,3,0,25,206,27,138,15,368,33,15,170,22,6,87,7,0,45,12,153,29,53,43,28,1,26,31,139,3,4,1,1,143,7,18,9,0,5,4,0,105,25,20,0,11,28,157,1,5,0,0,3,2,1569,4,1238,9,0,170,57,25,32,0,68,11,173,17,40,22,69,14,1,7,4,22,8,8,13,9,81,0,5,451,55,34,27,5,43,18,74,5,11,0,0,283,0,53,6,13,6074,2,0,40,0,0,0,1,31,194,0,37,2,0,45,14,126,16,22,0,441,7,2,1,35,70,0,37,0,21,7,110,147,74,114,35,94,15,41,0,22,21,3,11,0,0,31,74,75,31,2,26,69,10,0,7,154,0,12,43,21,67,218,55,13,0,37,5,49,134,11,20,0,17,1,13,5,116,2210,7,60,3,0,134,156,18,10,485,94,1,0,35,32,151,0,2465,18,0,48,7,8,15,0,27,10,1,40,15,71,64,4,37,1,434,2,18,18,24,0,2,122,29,1,38,4432,48,77,8,3,45,22,33,86,67,6,9,55,0,18,535,25,121,27,1,21,29,375,9,48,95,16,3,0,7,11,11,0,71,10,81,0,128,96,12,0,0,9,90,2,10,58,29,507,3,86,6,50,46,24,2,2,6,1,32,0,0,153,10,17,51,3,0,0,124,2,43,3,2,0,36,83,7,18,15,6,10,79,16,17,15,16,60,3,2,11,2,7,153,30,4,20,0,176,62,136,4,32,1245,26,0,7,10,26,14,93,1,50,0,4,4,24,85,1137,9,31,103,0,31,120,801,0,29,95,58,314,17,41,44,69,81,3400,19,3,1,9,95,14,233,19,38,11,6,0,11,38,27,1,28,0,6,0,74,0,69,51,62,48,70,49,866,5,14,34,43,11,83,20,25,217,216,97
cell_64,17,0,14,108,27,13,79,29,66,217,61,28,188,11,25,9,78,2,16,0,81,71,10,20,67,13,0,74,22,18,36,32,116,41,9,172,109,20,199,24,126,270,3,37,3,430,0,1,7,571,3,14,64,5,25,20,0,0,14,6,18,61,19,10,15,0,21,40,0,51,20,1,6,82,0,33,4,6,4,82,2,0,11,58,6,73,11,0,0,37,29,2,27,6,14,36,111,15,6,68,48,5,3,8,94,18,158,18,319,14,23,271,10,6,183,2,33,24,38,50,59,10,76,36,0,30,190,107,0,10,7,0,119,16,25,5,0,4,18,4,206,28,49,0,41,23,88,3,19,1,6,9,0,8510,51,1398,48,0,150,35,18,86,0,28,0,283,2,79,27,176,61,0,18,0,56,7,0,14,22,90,9,55,482,24,29,8,3,76,77,0,0,1,0,11,232,28,167,0,9,6486,3,3,51,0,0,6,0,29,241,0,16,0,0,20,60,88,30,23,0,453,3,1,0,40,6,2,19,0,60,7,22,136,20,14,24,76,19,34,0,15,20,5,33,0,0,15,76,65,65,2,45,147,9,20,14,14,0,7,21,16,31,366,42,45,0,15,5,77,118,49,12,45,9,4,17,0,120,1961,20,83,1,22,115,167,3,10,510,118,8,7,62,3,156,2,2563,10,2,20,1,8,26,3,123,0,5,105,6,134,87,6,28,1,450,0,13,3,0,4,10,42,141,3,48,4374,38,0,6,20,4,40,34,75,14,4,56,80,8,54,325,62,69,17,4,66,5,0,12,71,111,2,10,2,45,28,16,1,86,8,0,0,67,46,13,0,48,0,25,17,21,51,21,421,34,52,42,11,9,47,0,1,114,3,21,0,0,80,22,0,42,2,5,1,24,61,139,15,1,0,0,47,17,98,86,18,4,72,2,34,0,10,77,8,35,0,6,0,119,0,4,172,0,159,65,148,76,25,1658,60,0,30,32,22,147,92,7,53,6,26,16,47,47,435,1,602,146,1,4,102,812,0,10,64,99,311,3,30,80,22,43,1075,0,0,5,49,108,94,14,38,14,20,0,6,15,37,32,8,122,1,2,3,167,81,99,19,125,45,264,21,876,0,21,88,43,0,57,48,0,226,154,96
cell_65,45,0,4,98,19,10,93,24,102,1219,44,19,168,15,230,6,58,6,9,0,111,21,31,6,65,6,0,23,17,11,47,16,123,42,6,40,686,20,249,9,195,81,39,37,0,434,0,0,4,680,3,37,57,3,44,22,0,1,9,9,7,135,76,7,28,0,105,59,0,55,0,23,5,89,1,33,23,9,27,69,0,1,15,72,291,36,16,0,0,28,1,5,16,14,8,28,121,2,69,114,90,0,0,11,213,16,159,5,443,1,36,258,8,4,77,4,41,44,34,96,5,114,7,19,0,32,29,0,0,1,1,0,158,11,3,10,1,1,4,4,155,30,21,0,5,31,194,10,8,6,6,18,1,6728,70,1232,0,0,171,46,17,12,0,35,13,279,19,68,27,218,54,4,30,20,10,10,0,26,4,68,14,66,427,20,22,15,3,56,89,0,0,3,0,2,317,9,8,8,12,6082,1,0,18,0,0,0,1,7,133,0,89,0,0,82,63,37,19,40,0,456,4,1,2,55,29,1,38,4,70,3,113,152,69,15,10,95,3,6,0,14,56,0,14,0,0,0,93,162,43,9,19,27,24,0,7,196,0,2,34,25,3,387,28,2,1,25,76,107,137,9,4,4,14,12,27,4,150,2083,24,34,14,57,108,170,15,13,549,126,3,10,65,12,186,0,2544,8,12,68,5,14,19,5,105,0,17,91,8,49,45,2,21,2,559,0,12,8,12,0,2,24,170,1,98,4383,34,112,18,6,86,21,25,104,23,10,20,25,0,0,372,57,106,72,5,41,9,342,4,71,88,0,9,0,24,8,13,0,135,10,96,0,84,43,8,0,16,0,61,4,8,58,57,191,4,45,81,42,16,42,0,36,109,5,17,0,0,12,9,0,115,7,0,0,139,76,106,24,6,0,7,30,4,15,29,19,12,14,2,47,0,25,27,46,60,0,0,2,101,3,4,2,0,146,68,95,30,30,1183,13,0,0,39,15,69,84,5,36,0,17,25,43,5,959,27,216,126,0,54,125,1135,0,54,101,57,170,0,69,16,92,62,3100,15,3,0,22,52,84,201,17,44,22,0,2,13,64,88,3,48,0,1,2,77,3,94,16,98,43,83,31,1043,2,20,28,40,0,52,16,0,142,94,16
cell_66,43,1,4,103,14,6,36,73,46,1057,45,79,179,6,28,21,68,5,16,27,83,228,20,0,76,0,6,35,19,6,37,87,42,36,12,393,439,16,270,26,157,177,40,37,1,422,0,5,40,673,13,23,63,23,77,0,2,6,5,3,1,0,82,1,18,41,87,111,0,36,30,7,41,45,9,39,40,3,30,9,4,74,17,94,307,36,3,1,0,38,2,13,11,0,48,26,96,4,72,23,17,0,11,11,189,32,134,7,414,3,51,242,9,7,25,5,18,30,13,16,117,34,56,38,0,22,335,218,10,0,3,0,141,30,7,9,0,4,1,3,213,22,5,0,9,46,141,5,17,0,6,20,2,1800,68,1314,14,22,175,57,8,89,0,41,26,339,27,14,26,215,2,1,38,0,17,6,0,10,35,77,18,56,433,63,20,5,13,57,0,0,0,6,0,0,275,0,105,0,19,6992,1,0,45,0,0,1,7,22,221,0,13,0,0,48,38,62,58,38,0,432,5,1,10,50,48,1,33,10,27,12,92,138,12,126,27,105,28,43,1,36,74,4,4,2,0,0,46,68,20,13,0,35,24,3,41,146,0,4,82,7,26,303,40,6,0,6,68,110,153,2,10,12,25,4,16,19,139,1833,28,44,40,17,109,147,13,14,415,109,6,7,62,0,185,0,2615,3,1,70,4,10,7,2,129,17,16,88,13,5,58,5,31,5,496,0,18,11,5,0,15,191,104,0,62,4385,11,9,0,0,47,18,32,53,57,6,2,47,33,93,86,37,114,20,0,23,32,133,2,77,111,0,11,0,5,7,28,2,10,0,83,0,138,36,3,0,0,8,63,16,34,59,30,712,0,103,26,43,12,36,0,83,66,7,33,3,4,88,3,7,28,53,0,9,147,16,159,20,0,0,7,36,15,7,40,1,4,74,15,50,23,21,73,47,0,0,4,1,68,33,1,11,0,54,63,102,69,33,1246,29,0,0,43,37,85,96,19,10,0,27,19,0,29,1017,4,69,81,0,72,128,1090,0,7,109,78,352,0,42,30,45,84,1561,13,0,0,54,63,0,248,37,75,19,9,3,4,61,72,9,37,8,13,1,167,2,128,33,123,54,152,10,954,1,8,57,34,2,124,47,35,232,203,64
cell_67,24,2,3,78,18,3,54,16,27,831,53,48,173,14,0,16,87,0,1,9,88,185,6,0,38,7,1,26,24,10,34,14,6,67,5,340,20,21,189,13,55,252,2,39,3,368,0,2,25,676,13,43,44,5,42,45,2,0,39,1,4,26,14,0,30,4,85,13,23,46,35,22,37,14,6,25,19,0,40,62,2,5,16,83,16,53,0,0,0,65,15,3,8,55,28,25,127,2,104,87,2,8,1,33,138,24,149,10,158,0,2,242,0,3,20,37,18,38,33,142,84,231,49,32,1,30,122,175,1,0,3,0,119,39,6,14,0,2,8,0,182,26,14,0,5,21,182,1,10,2,0,2,1,3296,15,1381,18,22,147,42,21,68,0,8,16,139,9,31,17,322,14,18,22,49,4,0,4,15,13,81,4,41,497,59,25,6,18,51,85,1,3,5,5,0,293,15,15,2,33,6657,1,0,44,0,0,17,12,7,243,0,12,0,0,7,26,61,32,31,0,434,10,1,0,44,54,1,75,2,19,1,30,103,23,56,23,92,23,11,0,40,30,6,17,0,0,2,14,40,52,1,14,128,13,21,7,33,0,8,18,12,37,285,36,22,0,9,40,87,153,14,15,17,12,2,6,13,138,1675,3,33,108,0,101,137,16,17,511,103,0,5,56,33,175,4,2520,7,9,39,1,13,3,1,56,0,1,67,15,166,95,38,37,1,465,0,21,3,4,0,13,279,15,1,45,4389,57,41,3,23,47,16,24,22,81,5,11,18,28,76,470,37,138,11,0,57,40,154,4,72,129,21,2,9,19,48,21,1,84,8,106,1,169,116,14,0,0,1,82,14,15,51,29,681,20,96,13,31,7,18,0,12,122,1,18,6,0,92,5,0,118,15,49,5,31,47,176,25,0,0,4,68,13,18,67,5,34,38,2,45,1,17,160,28,7,0,0,9,44,4,2,56,0,33,50,90,76,52,1624,46,1,0,18,7,122,99,2,2,4,47,34,5,59,372,14,124,153,0,120,97,878,0,23,126,82,151,4,28,254,22,49,1896,14,0,0,11,77,6,7,46,38,3,2,25,16,98,15,0,59,22,14,4,124,14,115,0,86,37,142,4,881,0,12,28,54,0,97,32,19,193,205,52
cell_68,13,0,16,73,25,3,55,16,60,372,38,28,177,16,11,11,67,7,3,2,88,71,11,35,32,11,0,163,40,12,23,7,4,44,1,396,195,30,235,12,87,271,40,37,11,410,0,37,23,640,28,26,65,16,7,51,0,3,8,5,0,118,16,6,27,32,95,3,0,36,5,11,17,56,0,19,16,4,29,68,2,1,10,110,99,87,3,0,0,11,0,3,35,8,1,23,127,5,106,95,6,3,3,11,179,27,134,12,436,11,9,233,9,2,30,33,0,39,31,144,41,112,57,29,0,22,156,194,0,2,0,0,137,17,26,3,0,0,5,0,178,19,4,0,0,0,146,4,5,2,2,4,2,7134,13,1456,39,0,131,59,28,83,0,11,27,425,0,91,25,38,2,0,10,0,15,6,0,14,24,70,9,76,472,27,28,6,14,62,100,0,2,5,0,0,289,1,48,77,12,6608,4,0,70,0,0,1,1,10,221,4,38,2,0,13,33,62,41,3,8,406,7,0,0,44,61,1,47,3,17,3,45,104,77,76,20,127,32,8,0,17,16,6,48,0,0,10,90,45,41,2,18,77,29,0,36,9,1,9,94,22,4,258,12,27,0,41,8,101,144,20,10,8,3,5,8,2,123,1945,69,92,6,6,115,139,15,8,401,122,3,0,56,50,173,3,2517,10,9,20,9,9,23,0,18,4,4,107,12,71,69,27,14,8,521,1,15,5,27,0,2,39,77,3,1,4385,83,38,17,2,29,25,43,61,61,2,27,42,8,7,465,54,44,20,1,35,24,15,2,53,87,5,3,0,21,41,28,0,62,4,10,1,160,25,35,0,8,31,81,15,10,56,38,491,2,89,16,25,13,44,4,52,73,1,17,0,0,33,0,25,62,33,0,2,0,50,120,15,0,0,5,70,0,15,10,7,41,30,0,42,12,15,129,39,5,1,1,0,88,11,1,177,0,88,65,105,2,42,1453,10,0,1,48,4,63,102,11,18,4,39,37,7,69,730,47,38,56,0,5,94,749,21,42,126,85,275,1,34,108,91,75,1052,12,0,14,35,86,38,235,56,15,23,12,0,3,4,70,0,34,3,3,2,100,0,93,15,104,40,256,5,874,0,27,59,49,4,124,1,0,195,114,59
cell_69,39,0,10,112,36,17,95,19,41,233,33,111,186,31,59,4,79,3,10,13,84,50,6,23,60,0,0,172,15,3,28,48,20,14,3,294,3,20,226,0,205,218,13,50,3,101,1,0,58,609,18,39,25,41,16,78,0,0,32,1,0,47,2,1,27,34,102,29,0,46,18,25,76,3,15,5,16,0,28,24,10,0,9,81,244,28,6,1,0,46,0,2,46,0,4,11,26,0,71,86,75,9,0,27,254,18,90,2,336,6,37,277,8,13,170,38,48,35,1,166,81,21,39,40,13,19,52,198,6,8,4,1,127,42,0,8,0,5,4,3,158,30,30,21,8,24,171,4,24,0,0,4,0,7075,57,1425,4,6,177,45,23,33,0,24,14,105,6,23,7,314,7,10,10,30,15,0,6,21,8,69,10,10,464,80,21,10,11,78,1,38,8,19,0,0,255,3,57,127,14,7346,3,0,51,0,0,2,2,16,235,0,48,0,0,62,82,114,13,28,0,399,3,0,5,32,71,2,49,4,19,3,95,138,96,114,7,102,25,17,0,28,55,3,25,4,1,9,68,67,38,4,9,54,19,23,35,35,0,8,98,24,66,392,43,26,0,1,0,109,150,6,1,38,33,4,20,13,137,1889,14,22,99,13,129,163,11,27,455,94,1,1,29,2,171,0,2483,32,37,45,3,8,15,0,49,2,24,66,10,153,71,23,18,0,452,5,22,1,3,4,18,306,43,35,54,4441,10,93,16,28,38,37,30,75,6,15,57,45,6,0,303,47,118,0,0,43,28,173,0,70,119,5,14,0,32,49,25,12,27,40,107,20,8,56,36,0,34,0,72,17,9,76,76,516,13,59,22,49,48,11,0,4,108,5,22,8,0,12,24,6,58,9,3,0,60,0,141,11,2,0,1,66,2,1,32,33,0,79,15,21,15,12,161,29,38,0,6,29,15,10,1,17,2,155,73,63,11,46,1213,6,0,0,28,17,57,96,4,66,0,41,14,42,32,438,23,164,104,4,56,114,1007,0,4,94,92,380,1,55,100,109,101,1746,12,0,0,57,59,0,37,28,20,4,1,6,8,85,59,5,2,3,10,0,79,68,82,28,117,45,183,0,774,1,22,152,37,10,10,27,19,60,172,104
cell_70,13,0,12,92,24,0,101,6,10,242,51,44,181,28,29,6,81,32,1,12,84,284,16,0,21,0,0,35,27,16,42,28,37,34,27,316,79,21,185,1,136,83,42,39,1,341,1,10,1,139,25,22,29,22,90,104,5,3,25,0,1,75,4,0,19,10,89,63,25,29,27,0,32,4,5,28,22,8,25,75,37,81,10,73,258,25,16,1,0,25,9,5,107,4,2,29,108,4,98,64,26,1,5,16,207,14,71,10,378,0,16,136,5,7,47,57,31,44,14,121,155,64,62,32,28,18,97,174,4,1,5,1,125,5,13,10,0,4,30,0,160,17,11,0,19,32,135,0,0,0,6,7,6,5000,51,1375,4,26,93,8,21,50,9,44,17,176,11,90,23,85,7,24,22,35,7,9,3,18,11,79,2,23,454,79,18,9,0,67,42,17,11,2,0,1,232,0,198,9,20,6045,27,0,52,0,0,0,5,38,205,4,0,1,0,40,27,87,14,19,58,473,18,3,0,15,42,4,3,3,14,3,113,42,30,80,33,102,17,9,0,39,35,4,4,0,0,27,73,87,38,3,0,98,17,15,48,29,0,5,103,3,52,341,44,10,0,17,9,148,123,15,6,7,22,2,16,20,128,2053,52,39,18,2,127,156,3,18,580,69,4,18,94,28,177,8,2526,9,1,44,13,13,6,5,148,0,2,99,19,35,25,3,22,0,448,1,22,3,12,34,2,130,104,1,43,4395,68,0,4,37,48,37,19,98,9,2,10,56,19,36,428,53,112,14,13,34,22,12,3,61,103,8,15,1,44,55,12,0,18,3,54,4,70,45,16,1,4,5,60,14,18,52,31,616,4,95,23,39,23,44,0,99,14,1,28,18,20,100,0,0,14,40,58,11,38,2,108,50,2,0,11,116,23,5,80,18,2,166,5,41,22,17,82,10,143,1,0,40,39,12,1,178,0,114,56,102,64,43,1316,17,0,0,43,21,86,107,16,35,4,47,10,7,45,383,4,0,79,0,116,132,516,0,21,120,25,288,2,27,104,114,84,1681,6,1,35,26,123,8,256,30,23,3,0,25,6,10,39,11,145,14,3,0,31,1,101,43,114,53,277,3,786,3,3,34,34,11,9,40,39,18,142,48
cell_71,30,0,11,69,22,2,88,26,30,586,38,44,178,23,91,9,80,18,6,11,80,98,4,0,42,1,0,197,31,23,49,20,25,68,7,172,183,15,195,22,114,95,33,39,0,186,0,13,42,540,7,24,67,17,76,9,1,0,22,7,8,34,85,0,10,0,78,37,0,49,71,17,53,1,4,46,80,14,29,24,0,1,12,63,321,36,7,0,0,22,0,8,14,0,0,26,25,0,67,98,28,1,0,7,218,27,125,19,387,4,10,181,16,7,163,0,20,41,7,110,104,17,23,27,0,16,71,167,13,2,7,0,151,5,0,0,0,10,10,1,171,24,12,40,7,5,209,2,3,1,0,21,0,2941,69,1353,17,13,154,46,33,32,0,29,36,55,24,33,8,249,17,3,15,1,12,8,0,11,2,78,1,6,452,64,27,39,20,39,84,15,0,4,0,0,275,4,62,45,10,6321,5,0,47,0,0,20,5,32,253,0,87,5,0,22,65,29,3,38,0,407,20,0,0,27,73,1,30,18,83,0,39,156,59,6,19,80,0,13,2,4,34,4,2,4,0,17,56,14,44,8,9,78,14,0,8,57,0,7,101,14,6,255,42,11,1,39,4,146,151,31,6,3,22,1,18,11,148,2016,8,35,6,0,132,129,15,22,499,102,0,1,41,4,167,0,2457,12,4,41,8,10,3,0,60,0,5,104,24,50,56,14,6,0,451,0,11,11,12,45,8,34,150,3,19,4408,65,45,13,10,18,35,21,50,29,7,15,87,46,11,506,57,113,12,1,14,21,235,1,72,106,14,14,0,20,68,14,2,26,11,51,0,66,40,14,0,26,1,96,12,18,55,27,538,1,91,8,37,57,59,0,42,31,3,17,2,0,109,6,0,27,14,21,0,96,14,116,36,5,2,9,23,24,25,74,32,0,40,11,39,32,13,76,48,1,5,13,2,29,64,0,49,0,141,50,43,55,40,1336,12,0,1,21,4,34,95,8,30,1,8,6,8,54,149,14,86,92,0,40,149,737,0,28,91,17,371,3,28,2,81,71,1640,16,6,0,9,95,0,242,25,53,4,4,4,28,45,24,1,98,0,7,1,157,16,121,46,114,29,104,30,775,5,12,143,56,5,9,39,8,144,13,98
cell_72,14,0,1,100,20,0,77,94,72,553,44,21,175,2,6,5,103,0,0,5,80,282,26,49,20,1,0,150,29,24,45,4,89,76,10,332,56,26,191,21,267,195,16,35,40,401,0,1,4,499,4,34,65,9,55,111,14,0,10,2,6,152,28,0,30,13,16,36,18,52,7,0,45,22,4,14,81,9,19,69,3,0,12,82,302,45,5,0,0,62,31,21,17,175,10,14,127,5,42,56,30,6,0,14,235,17,149,3,316,10,3,178,7,8,101,15,45,41,24,187,1,216,78,33,0,33,29,82,7,0,0,2,145,28,16,8,1,4,9,0,125,24,18,0,68,17,187,1,41,7,0,17,0,3602,17,1415,16,2,196,51,12,89,0,9,25,287,8,68,27,279,4,36,14,16,11,0,1,14,0,63,3,25,422,0,33,4,21,47,47,1,0,7,1,0,235,11,4,25,12,5765,3,0,38,0,0,8,12,11,178,1,5,0,0,28,68,0,19,24,0,424,3,0,3,19,61,7,64,3,45,11,44,114,102,70,21,159,27,23,44,18,9,10,36,1,0,25,27,56,13,6,24,90,19,23,44,21,0,9,47,23,62,225,54,78,0,20,6,26,136,21,26,65,17,20,11,0,109,2077,20,12,104,34,157,143,0,8,632,120,1,1,75,12,191,1,2424,3,3,19,0,12,19,3,64,0,2,54,0,182,107,29,16,9,488,3,16,0,38,0,21,124,141,6,29,4328,65,36,7,15,16,19,4,93,29,19,24,70,32,12,198,68,53,10,0,35,31,0,0,83,45,38,15,24,14,0,10,13,4,50,68,0,99,49,29,0,39,22,45,24,4,27,35,547,46,76,7,37,14,17,0,0,102,14,25,2,0,35,0,0,77,9,0,172,0,6,158,5,2,5,6,62,4,12,15,29,58,2,2,26,0,19,184,40,64,4,2,5,57,49,4,118,0,112,33,94,61,54,1463,26,0,3,33,38,76,112,19,1,0,76,34,23,50,452,20,34,115,0,127,101,981,0,24,111,114,273,10,70,4,51,44,2633,10,0,0,8,83,15,53,40,50,11,3,14,3,57,8,9,85,1,5,0,41,2,115,12,147,38,85,22,863,4,11,84,40,1,15,33,0,61,124,75
cell_73,12,0,2,92,27,0,76,46,40,644,28,93,162,14,29,3,62,2,3,15,52,24,4,0,20,3,0,88,19,24,46,23,106,10,13,321,128,21,198,2,214,184,5,33,0,227,4,38,66,651,27,19,51,19,60,109,0,10,1,8,1,21,79,1,21,0,108,55,2,58,51,2,82,7,0,30,143,1,28,21,3,11,8,82,267,6,29,2,0,37,1,11,43,2,12,21,59,0,93,86,45,2,0,23,153,26,158,0,391,6,27,224,2,4,14,0,17,44,6,45,139,124,15,26,0,27,70,7,2,3,13,5,119,6,21,29,0,3,4,2,181,15,15,14,0,12,154,1,9,3,5,8,0,6290,17,1405,0,0,178,53,28,61,0,1,8,162,3,100,14,269,15,3,25,31,4,14,0,20,10,46,14,9,425,72,31,3,13,4,8,0,0,3,0,0,265,1,238,109,23,6065,3,0,48,0,0,17,4,39,239,0,113,0,0,22,26,67,12,31,0,412,19,9,4,2,87,2,57,1,43,11,46,149,35,59,25,137,16,20,0,97,56,0,38,0,0,0,64,26,34,4,50,127,14,0,29,155,0,5,38,30,7,324,19,13,0,17,8,140,115,2,24,34,3,10,11,0,144,2038,27,32,23,0,118,139,12,8,390,125,7,5,53,0,169,1,2512,4,7,35,7,21,6,0,92,0,19,83,11,110,96,13,56,2,473,0,8,1,9,10,15,284,31,10,91,4317,0,24,7,6,67,34,32,68,22,10,19,103,15,7,386,64,109,1,0,35,26,199,5,89,60,0,15,0,49,25,17,4,227,12,35,1,134,143,13,0,19,8,81,2,7,57,21,630,22,5,5,46,34,45,0,8,52,2,22,1,0,45,3,0,116,5,5,14,3,2,82,16,1,0,5,63,3,6,38,5,0,7,12,51,0,20,105,104,13,0,0,0,10,59,9,45,0,102,77,53,43,45,1324,22,2,0,28,6,42,50,9,17,0,18,19,20,60,191,4,98,105,0,148,95,961,0,18,144,81,492,2,58,27,31,64,1440,7,4,0,87,76,20,170,44,48,32,2,0,22,45,25,20,16,2,5,1,69,8,100,14,108,32,303,11,877,8,3,37,34,12,3,35,5,39,2,98
cell_74,16,12,10,115,38,2,96,24,23,313,44,37,152,11,57,1,87,2,0,11,73,104,6,0,48,1,0,114,20,26,38,19,34,30,26,295,246,27,242,12,90,169,34,40,1,313,0,46,0,565,0,37,55,5,78,15,0,6,13,5,1,35,22,0,7,1,112,75,0,42,16,14,77,53,0,29,130,3,29,44,13,0,12,79,271,47,15,0,0,61,23,21,23,0,11,22,106,1,63,74,15,6,1,13,179,28,99,6,317,12,30,280,7,4,36,0,3,37,37,182,112,251,51,67,0,27,209,23,27,3,0,3,142,2,5,15,4,5,27,3,164,28,10,6,1,59,136,3,0,4,0,1,5,2715,30,1435,33,3,158,41,15,25,0,57,20,344,2,118,23,243,0,6,25,8,11,4,1,15,10,76,18,20,479,63,26,28,2,83,0,0,0,16,0,0,198,1,272,0,25,5811,11,0,61,0,0,0,10,26,193,1,90,0,0,60,8,89,35,12,10,456,3,0,4,19,104,0,43,3,19,0,38,159,8,77,21,166,22,17,0,14,83,0,33,0,0,20,74,19,28,4,0,1,7,7,4,79,0,3,68,18,30,342,23,24,0,47,1,138,162,19,6,9,35,2,11,11,91,1982,53,20,0,4,139,149,1,14,439,120,0,3,52,36,163,0,2630,6,0,5,11,15,5,2,34,2,9,83,15,72,95,2,14,0,476,8,12,0,4,0,14,51,17,0,56,4232,65,53,9,1,11,35,32,23,100,7,10,45,30,53,301,47,144,62,0,36,23,205,1,87,104,11,12,0,11,11,15,23,49,27,24,0,127,102,22,0,3,5,77,1,15,59,11,605,7,45,40,38,42,27,4,34,125,5,18,0,0,127,8,55,129,15,0,1,5,50,118,2,1,1,10,98,0,5,12,9,0,19,3,45,17,11,62,123,20,15,0,44,15,26,4,37,0,75,68,59,8,26,1355,0,1,0,43,27,3,46,26,57,1,14,18,0,54,1222,5,38,48,0,243,129,551,0,5,83,93,266,4,69,90,85,82,1674,9,1,0,84,97,107,215,44,78,10,8,42,1,29,61,4,161,2,0,7,47,0,127,111,115,15,292,3,910,0,8,50,33,2,42,35,4,177,76,96
cell_75,10,4,26,80,28,2,84,20,28,250,49,80,157,29,26,1,82,10,4,2,75,242,8,0,67,1,1,33,32,15,46,63,59,36,14,278,43,25,210,17,155,113,24,33,4,356,1,21,1,371,35,27,34,7,61,102,0,7,8,3,7,31,10,15,21,17,93,72,62,45,51,14,19,30,0,41,20,0,35,28,1,3,8,71,276,38,47,0,0,51,2,7,22,0,9,36,91,2,67,79,64,8,5,32,223,29,177,12,437,0,44,103,12,7,169,9,43,47,15,99,121,83,19,24,0,23,59,0,8,2,0,0,134,9,11,12,0,8,26,1,136,23,24,1,10,6,181,1,30,1,0,9,1,2546,12,1317,13,0,137,55,30,45,0,35,24,270,0,40,21,253,16,6,31,26,8,2,4,14,12,53,11,5,481,62,35,4,1,49,1,9,1,0,0,0,260,0,75,0,14,5631,7,0,41,0,0,2,4,32,252,2,25,0,0,75,39,121,3,25,0,495,7,3,0,13,81,2,25,0,31,3,95,133,61,32,24,138,11,15,0,33,121,4,61,0,0,1,78,69,53,2,8,89,0,15,8,162,1,14,81,25,6,384,15,4,1,17,73,162,153,7,5,24,18,16,22,1,125,2251,12,138,10,2,124,190,3,12,512,91,1,5,74,4,190,0,2476,13,6,32,5,8,4,0,130,0,16,106,19,40,54,2,44,1,518,0,14,6,3,0,8,59,0,5,68,4312,51,85,7,5,25,51,31,14,61,4,58,62,1,67,541,19,123,7,16,61,29,174,7,62,109,0,14,0,4,11,18,1,197,0,56,0,80,96,18,0,12,1,61,1,5,82,39,537,0,112,17,17,15,11,5,35,134,5,28,1,0,135,7,0,63,3,1,3,17,150,160,19,5,0,0,123,1,4,21,18,0,46,7,46,13,27,129,81,94,0,0,13,67,51,7,79,0,135,39,102,46,38,1499,16,0,13,37,5,26,102,9,74,13,13,15,0,32,64,7,141,87,0,59,116,1138,0,15,133,96,414,0,68,44,75,80,1927,1,1,16,31,69,38,187,30,53,21,0,28,4,3,82,8,92,7,0,0,25,0,91,29,106,28,281,2,856,0,11,86,30,1,121,34,26,127,216,80
cell_76,13,0,9,107,22,0,29,44,23,1156,7,10,162,24,41,0,54,2,2,27,87,322,4,0,27,3,0,57,25,27,43,16,61,4,34,14,169,28,216,0,148,9,36,40,7,373,0,10,74,572,0,23,57,17,92,85,29,1,2,5,2,191,13,0,21,43,96,15,0,42,21,21,87,2,2,1,86,0,14,59,36,1,7,107,231,31,25,0,0,37,0,20,36,0,9,25,78,1,90,118,12,1,0,4,242,16,114,3,348,4,2,281,16,8,157,0,42,46,32,175,130,17,35,40,0,23,191,154,2,0,3,6,152,2,0,8,0,16,6,0,174,24,26,0,0,8,170,1,4,1,3,12,2,3238,94,1231,26,0,139,52,4,36,0,19,12,29,0,122,24,271,19,9,35,33,6,3,10,18,0,71,6,36,426,47,28,34,39,47,77,54,3,12,11,0,266,1,284,19,10,6332,21,0,52,3,0,1,5,28,176,5,61,0,0,34,31,12,4,23,5,424,0,0,4,20,79,6,28,1,81,4,12,130,34,73,25,129,13,40,0,9,45,0,21,0,8,38,70,75,52,0,6,7,28,0,2,40,3,3,75,21,79,230,11,44,0,24,27,75,139,38,24,30,22,11,20,19,131,1984,26,30,2,0,113,160,10,19,495,101,8,6,76,11,187,1,2455,11,0,61,2,10,2,4,93,0,2,83,17,49,97,48,39,0,551,10,9,0,31,0,19,251,15,12,81,4382,18,43,6,3,5,22,8,97,82,5,7,88,6,0,99,71,130,20,0,63,16,120,1,56,64,26,15,36,33,10,13,49,2,3,85,0,110,102,5,0,0,1,62,1,21,57,75,581,17,80,77,44,42,30,1,78,94,2,28,6,4,68,6,0,111,21,12,2,3,8,144,1,2,0,5,27,8,12,42,15,0,0,8,39,32,14,138,3,0,0,14,13,45,54,3,234,0,135,84,106,4,35,1212,7,0,0,36,1,8,99,13,19,1,22,5,41,35,1295,3,128,56,0,284,132,272,0,12,77,59,116,15,66,123,89,53,693,7,6,8,57,51,15,229,42,62,11,7,22,5,46,26,2,25,3,0,0,105,6,75,65,101,39,210,62,1004,1,2,58,32,15,76,55,0,39,25,131
cell_77,54,0,11,85,31,5,106,77,52,177,33,43,197,17,14,0,79,1,0,8,82,323,7,26,26,0,2,54,22,19,52,22,36,31,10,266,32,29,207,8,75,264,13,35,3,414,0,34,1,588,4,7,48,12,67,104,7,4,10,0,0,44,54,8,17,36,90,64,0,58,15,1,64,10,2,16,75,0,21,64,0,0,5,80,222,64,7,0,0,33,0,15,33,82,17,25,45,0,59,94,12,4,3,11,166,30,99,3,193,2,9,189,1,5,148,1,33,28,16,133,22,64,34,6,0,26,255,23,2,2,4,0,160,11,7,24,0,7,35,3,153,21,40,0,0,31,198,1,10,1,0,6,5,1083,33,1396,21,2,186,37,23,81,0,25,3,122,0,30,18,251,18,1,0,4,25,4,2,17,17,58,4,46,506,56,24,4,23,69,0,61,6,7,7,2,341,10,17,0,7,5903,8,0,48,0,0,3,8,15,213,6,102,0,0,53,14,15,13,14,0,444,0,1,0,26,51,0,52,0,55,7,68,59,52,104,28,123,7,16,9,57,75,4,19,0,3,25,88,66,59,5,37,42,23,1,14,85,7,17,37,13,63,229,9,1,0,13,34,96,164,27,7,12,13,33,15,0,138,1901,24,76,113,1,106,147,11,4,472,114,7,1,26,0,181,0,2354,2,30,28,0,20,3,0,33,0,14,121,10,144,73,38,19,0,497,0,1,0,1,2,1,321,2,3,65,4286,5,41,4,10,36,29,11,28,55,14,39,71,9,0,447,24,52,5,0,47,19,1,6,60,52,13,16,62,44,43,4,19,125,27,0,0,82,53,13,0,0,7,61,7,17,57,20,646,24,60,45,20,6,4,0,4,69,6,19,1,0,144,29,0,29,12,16,0,0,111,152,1,1,0,19,52,2,2,44,4,15,13,7,26,12,18,121,45,0,0,11,0,24,22,3,100,0,108,65,67,11,40,1393,55,2,0,17,1,105,109,7,39,2,20,1,19,1,0,35,46,135,0,45,113,1021,2,9,114,72,382,4,44,119,49,62,3318,9,2,2,55,96,3,129,24,65,14,2,42,10,48,47,10,68,0,11,4,164,8,99,6,57,30,243,15,898,2,22,72,49,1,33,47,3,221,180,81
cell_78,14,2,9,105,24,0,70,26,13,339,42,3,93,19,43,4,92,5,40,2,83,328,11,8,15,6,0,4,18,15,24,68,97,0,8,343,0,18,218,29,42,201,24,51,2,367,0,19,3,501,2,5,62,9,86,22,3,0,6,2,0,39,8,0,24,45,27,18,0,47,24,3,42,48,0,44,1,11,30,49,10,0,13,90,283,97,7,5,0,55,25,14,63,3,46,18,117,0,12,42,64,9,0,17,66,17,147,14,283,4,13,256,4,5,122,13,27,24,38,133,29,0,45,37,0,30,495,138,4,2,0,1,95,35,8,1,0,6,3,4,134,29,15,0,18,16,141,2,0,0,2,3,5,8033,99,1334,23,1,140,54,2,120,0,9,54,58,7,52,30,184,0,2,20,24,5,9,3,15,7,93,35,14,500,85,21,11,4,72,0,0,0,4,0,0,151,4,337,0,11,6351,2,0,38,0,0,0,1,32,190,0,91,0,0,32,5,93,11,26,5,472,1,1,1,47,48,3,14,0,9,4,46,153,19,83,20,158,13,11,4,5,34,1,5,0,0,0,70,31,6,9,0,7,9,1,36,115,0,6,60,3,37,357,54,15,7,9,26,74,131,43,8,0,9,10,9,0,121,1831,1,34,8,41,119,163,23,15,465,95,18,1,44,35,160,0,2337,13,0,49,4,4,6,2,94,0,4,66,23,51,84,10,14,0,438,0,23,1,0,0,32,106,59,3,55,4215,29,0,2,4,15,37,25,8,70,8,22,83,0,26,228,59,134,21,2,47,29,0,0,88,97,20,14,0,8,17,15,7,10,0,64,2,110,39,29,0,2,4,87,4,13,74,22,540,4,82,15,47,25,52,1,6,106,2,21,4,5,139,9,0,3,20,0,0,56,28,184,5,0,0,0,65,3,63,53,25,12,39,11,47,70,19,60,47,14,6,0,17,51,43,0,2,0,118,80,85,90,39,1226,9,0,26,43,25,125,95,6,62,0,50,10,30,12,255,0,287,125,0,46,113,926,3,10,21,69,178,0,60,99,67,102,635,10,4,4,34,121,104,25,36,14,17,6,9,0,1,16,0,46,6,13,3,74,5,90,48,66,58,213,5,790,0,14,59,41,5,23,42,27,153,32,108
cell_79,18,11,26,94,24,7,91,28,22,538,37,100,127,11,39,33,83,7,9,39,80,183,16,2,48,0,0,78,16,11,43,77,33,54,14,241,209,19,196,0,203,67,78,46,27,173,0,32,26,509,11,44,30,21,36,93,3,8,2,9,4,17,19,0,28,18,100,2,0,47,21,4,99,18,0,38,73,0,19,56,5,14,9,98,230,34,24,1,1,46,0,3,162,4,34,21,68,0,111,86,42,0,0,19,171,25,41,10,325,0,16,91,2,15,80,28,20,43,16,134,49,31,18,42,31,17,313,153,4,4,1,1,84,3,1,6,0,7,7,0,142,19,23,0,12,32,165,0,0,6,1,2,0,5062,50,1235,19,10,175,41,16,85,0,17,18,51,0,118,6,215,0,0,13,16,5,3,3,22,2,32,35,50,431,65,17,5,6,60,39,0,2,0,1,1,225,8,91,101,16,6469,2,0,32,0,0,8,4,27,216,0,92,0,1,33,46,73,13,31,22,498,1,6,4,14,5,5,25,4,12,2,72,106,49,88,12,122,21,15,6,0,12,22,11,0,5,30,53,100,17,0,0,56,4,0,59,193,0,6,72,18,59,355,23,2,0,19,53,128,95,23,16,3,26,4,13,3,125,1800,3,119,14,5,134,130,10,25,409,96,2,10,52,6,170,12,2440,2,1,4,10,6,4,0,98,3,4,64,20,106,100,15,22,0,500,0,16,4,72,0,22,284,43,13,84,4391,50,34,6,36,49,11,36,25,27,21,8,97,11,20,171,3,105,12,0,33,19,162,1,48,92,23,18,18,12,32,7,19,63,15,44,1,61,35,14,1,23,0,64,2,8,13,64,607,1,100,22,16,16,16,0,5,88,2,27,2,3,22,17,21,1,26,0,3,56,131,86,21,1,6,21,89,2,19,48,31,0,42,9,17,11,16,79,29,8,1,13,4,58,26,16,95,3,121,67,29,19,29,1197,15,0,0,32,25,90,48,11,72,0,82,26,47,20,404,13,95,93,0,237,134,1078,0,6,70,66,378,1,53,64,107,70,3050,9,0,0,39,88,20,210,31,14,2,0,108,0,42,53,19,153,0,4,6,88,59,104,43,143,40,243,41,847,6,1,56,17,5,23,49,49,0,15,97
cell_80,36,0,12,99,11,0,88,52,20,535,33,25,157,18,19,4,73,3,0,5,83,305,4,0,35,6,0,278,21,13,39,28,117,107,17,315,74,25,239,19,228,91,4,32,1,357,0,10,2,173,2,16,58,5,48,55,1,2,9,3,1,168,17,3,12,2,82,80,10,52,12,5,45,31,2,17,27,0,33,61,40,1,3,92,276,48,36,0,0,47,7,2,25,0,1,15,93,5,64,98,36,6,0,16,239,16,107,13,351,6,7,225,3,4,44,6,29,42,23,164,74,157,21,43,0,27,46,205,5,4,0,2,148,13,8,15,0,7,20,0,184,18,16,6,37,12,170,4,0,2,1,5,0,3118,34,1314,11,1,174,40,19,33,0,56,24,266,0,28,18,242,23,2,21,107,14,9,0,25,12,87,14,63,491,56,33,27,20,64,106,22,0,9,0,0,274,26,17,29,11,6376,9,0,62,0,0,8,12,21,60,6,4,0,0,55,21,34,39,10,0,469,33,1,7,37,68,3,50,0,62,2,62,112,29,12,26,89,8,19,13,9,39,1,21,1,0,46,79,31,10,2,3,12,18,0,7,9,3,3,93,29,24,365,17,69,0,2,0,128,157,8,14,28,10,18,25,3,134,1903,28,7,0,3,123,155,13,10,476,117,1,7,71,6,185,0,2625,11,7,48,5,13,2,3,82,0,5,101,12,33,90,13,24,17,494,2,19,4,36,17,10,17,56,2,28,4286,79,102,11,4,18,47,28,95,15,6,24,55,41,7,545,41,96,36,2,8,21,105,4,89,111,0,14,2,13,23,10,18,165,3,48,11,180,116,6,0,16,29,81,8,6,44,54,714,0,66,18,33,0,21,0,3,141,1,29,1,7,87,4,6,126,7,0,3,121,71,139,8,2,0,12,85,14,17,19,35,0,45,2,48,0,14,34,32,0,1,0,13,40,28,1,134,0,94,55,56,39,26,1310,10,0,2,19,21,17,90,11,1,0,35,21,18,23,720,7,208,57,0,343,128,1051,0,24,143,69,399,9,56,10,28,73,2098,22,1,43,24,90,16,236,33,55,21,0,4,10,24,40,15,133,0,4,0,102,1,112,82,146,34,268,27,814,4,16,78,37,4,57,33,0,148,70,117
cell_81,9,3,14,42,17,6,55,18,30,189,45,82,157,34,102,64,70,0,6,2,83,92,11,33,40,3,0,66,28,14,40,66,89,31,27,266,218,20,179,29,285,328,21,19,1,137,0,6,0,375,1,18,74,13,25,14,0,0,5,11,1,33,68,8,28,0,13,8,0,51,4,7,28,28,0,28,23,2,16,93,48,1,7,60,63,14,12,0,1,39,0,10,76,1,3,25,19,18,60,117,28,7,1,12,116,6,147,24,449,3,24,190,12,5,202,26,70,34,25,50,78,38,11,22,0,28,47,305,5,6,5,0,171,12,15,12,0,1,9,3,147,20,28,0,0,13,156,0,51,1,0,18,4,2260,105,1728,32,1,181,40,12,43,0,29,7,165,1,76,29,125,0,0,20,74,3,4,0,26,9,62,14,44,224,66,33,11,16,65,76,2,0,0,0,2,317,19,57,15,14,6338,11,0,64,0,0,25,5,29,197,0,56,8,1,53,15,73,5,29,21,394,10,1,2,21,74,4,67,0,29,3,27,141,137,65,18,102,18,38,29,21,35,0,2,2,3,14,39,11,34,6,45,20,3,0,13,71,0,18,43,27,49,221,50,18,0,1,48,89,95,17,11,39,8,5,1,7,162,2258,7,23,22,5,144,159,1,34,351,183,6,7,81,9,167,0,2904,0,3,40,9,6,9,0,28,3,20,23,8,124,59,19,4,2,584,10,26,12,4,25,8,15,33,1,77,3948,13,41,10,7,13,34,23,62,37,3,17,31,0,45,348,77,17,1,5,20,28,2,0,100,102,0,25,126,11,11,18,0,294,30,28,0,172,16,6,1,16,0,60,32,4,99,61,504,57,83,26,20,18,75,18,51,176,4,20,2,5,64,4,8,22,2,0,6,82,28,119,5,0,0,5,87,7,19,17,15,0,45,11,47,0,15,59,30,3,3,7,5,37,30,19,22,0,99,65,134,38,41,757,56,0,14,31,9,26,81,12,87,0,15,10,97,58,918,38,99,108,0,59,166,1115,0,17,91,155,281,5,69,0,58,18,702,5,0,3,44,83,49,279,27,33,21,0,4,3,72,39,8,203,0,10,15,98,37,63,9,89,56,249,1,803,0,6,22,56,0,4,23,1,182,113,112
cell_82,7,10,15,116,22,0,66,33,39,156,39,94,172,36,0,34,63,16,3,1,96,161,6,27,88,0,0,89,25,18,42,46,31,52,29,513,7,28,187,29,136,104,12,35,9,436,0,18,35,362,0,41,36,11,39,120,13,4,12,9,0,164,37,1,24,0,93,103,3,57,10,2,101,24,0,23,193,13,19,2,12,0,10,56,205,55,5,1,0,43,1,1,31,0,1,29,86,3,26,101,66,0,8,36,129,6,218,6,396,6,1,132,14,12,126,3,0,36,21,91,72,13,80,0,0,25,202,1,0,0,0,1,177,26,32,11,4,2,33,3,133,14,20,0,1,23,144,2,2,3,2,18,4,1403,94,1714,15,0,208,39,60,81,0,11,7,94,0,118,32,159,4,20,12,6,8,0,3,25,6,46,12,23,236,38,20,12,9,45,113,3,9,10,0,0,277,11,163,0,20,6578,17,0,74,0,0,5,3,25,125,2,53,0,3,57,57,53,22,49,0,422,4,1,0,23,56,9,65,0,35,5,123,138,64,97,21,171,2,58,0,128,114,1,38,0,0,30,51,49,64,0,3,92,10,0,28,79,4,5,12,29,8,227,17,54,0,7,61,99,82,23,35,5,1,20,6,1,148,1980,11,5,28,5,152,186,5,8,456,155,0,14,80,57,201,17,2942,26,9,8,1,15,8,0,81,37,24,65,12,90,94,38,16,2,600,0,11,6,2,2,27,112,8,5,63,3697,53,36,6,31,29,16,23,42,52,6,51,4,1,12,492,66,70,4,2,60,28,253,7,104,81,30,13,0,53,19,8,2,21,0,69,1,88,78,30,0,26,35,62,0,12,44,18,603,6,93,99,20,0,14,11,74,165,0,38,3,0,92,0,0,2,8,7,3,4,139,93,20,3,0,2,109,3,24,29,25,0,34,4,63,18,23,17,18,4,14,1,34,51,65,5,76,8,191,76,87,61,50,741,6,0,0,54,17,145,69,12,97,2,28,10,27,0,14,0,17,105,0,327,161,1772,1,8,138,160,357,5,79,42,75,53,1397,13,1,39,41,69,9,249,37,51,27,0,23,2,4,53,2,128,9,4,0,99,6,99,37,75,56,286,23,822,1,2,29,53,6,57,29,0,3,97,114
cell_83,10,7,8,119,14,0,107,26,16,277,33,1,142,13,19,21,73,1,5,7,79,356,10,0,37,0,0,130,23,27,48,18,129,35,22,182,437,33,224,20,68,195,26,31,0,421,2,48,29,565,0,23,63,13,61,69,23,0,4,3,0,16,70,0,8,0,117,119,0,39,11,2,111,9,0,25,142,2,11,0,0,1,13,91,318,27,8,4,0,64,0,17,14,0,16,19,75,8,63,0,43,8,1,23,223,37,134,3,467,1,8,170,16,3,214,0,28,39,36,164,126,99,14,4,0,25,65,6,3,0,2,15,121,9,5,12,0,1,28,1,201,24,28,0,60,23,168,6,1,0,1,22,1,4630,59,1403,44,0,167,38,11,88,5,68,18,109,4,57,24,301,21,41,10,78,14,16,7,12,2,69,4,47,501,62,25,1,7,59,49,5,0,24,7,9,241,25,32,20,10,6971,2,0,67,1,0,5,4,32,194,0,12,0,1,64,22,8,18,32,0,466,1,0,4,15,25,3,31,0,126,4,103,151,18,20,24,156,6,13,7,10,114,0,23,0,0,0,75,80,52,2,26,62,6,0,17,17,0,0,88,6,18,257,19,19,0,23,35,113,118,32,15,16,15,23,23,13,34,1898,18,1,1,0,103,172,3,13,396,99,2,16,79,3,160,1,2819,10,5,23,9,15,15,5,94,0,13,88,20,23,115,5,20,4,486,6,10,20,3,0,8,39,107,12,86,4414,60,46,4,13,22,38,5,25,83,2,33,15,0,0,146,59,114,31,0,25,9,236,4,80,112,0,17,1,44,15,16,10,13,0,52,0,144,19,26,0,11,8,74,21,26,67,33,578,7,72,43,24,5,6,0,4,94,11,25,1,0,30,28,43,83,12,0,2,84,1,121,12,2,0,10,65,6,8,106,28,0,47,8,36,2,13,34,15,33,0,0,12,28,28,11,60,0,94,69,67,87,6,1351,25,0,0,29,14,29,97,32,23,1,3,20,66,2,712,3,27,116,0,318,134,1046,0,6,107,74,432,4,86,60,43,84,421,21,1,29,118,81,39,23,37,74,21,5,79,10,113,43,10,150,17,5,2,83,44,95,17,112,42,239,5,828,4,0,64,32,7,91,45,0,142,0,134
cell_84,24,1,18,69,24,0,111,30,39,918,45,122,183,18,31,14,61,0,1,8,90,238,6,9,47,4,0,50,34,19,48,70,113,135,29,345,57,20,225,27,103,101,7,39,0,362,0,4,0,350,4,36,62,4,36,38,0,5,13,5,0,164,67,0,34,0,69,8,19,43,30,16,109,24,1,33,99,8,45,10,20,0,10,24,230,15,15,0,0,64,0,3,49,0,10,27,29,1,85,114,36,6,0,9,198,28,118,10,495,0,41,179,6,4,80,28,0,46,32,153,123,86,58,23,2,22,84,229,1,3,3,5,140,36,3,35,0,6,7,0,172,25,10,0,52,14,190,3,5,0,1,14,4,5798,29,1349,25,0,179,57,16,38,0,46,13,620,5,79,16,255,0,0,16,22,16,5,0,14,13,45,26,112,430,76,24,17,10,73,92,0,0,3,2,1,333,19,86,0,22,5748,7,0,40,0,0,21,8,30,231,0,0,2,0,15,34,26,32,28,0,417,0,3,4,24,81,2,53,3,10,5,98,91,12,49,5,110,21,13,0,10,97,8,45,0,0,1,83,63,26,1,5,72,6,0,13,30,0,1,56,23,22,373,14,1,2,17,40,196,132,2,2,9,16,1,10,1,138,1953,23,78,8,3,88,140,19,7,444,119,1,8,34,0,167,0,2530,23,26,19,1,12,2,1,32,1,20,114,18,143,87,15,3,0,494,0,36,0,16,0,20,51,16,0,65,4226,64,14,2,7,18,13,29,42,75,1,62,28,35,9,522,58,104,14,1,5,18,33,0,90,112,0,14,0,6,42,28,3,164,5,14,21,148,56,16,0,30,7,81,0,9,51,3,596,0,50,80,25,13,26,0,78,123,5,20,4,0,119,21,0,102,2,4,1,29,70,138,42,0,0,2,64,2,20,75,34,5,48,1,38,6,18,36,63,3,0,0,14,26,0,0,24,0,96,36,120,57,58,1455,29,3,6,41,7,90,100,0,15,3,30,29,52,1,3,7,32,103,0,182,156,1153,0,12,100,123,489,7,42,52,82,63,954,17,0,18,91,98,3,219,31,55,13,0,33,2,74,43,4,63,29,6,2,144,2,116,108,108,38,327,0,973,5,3,10,42,0,51,60,0,188,1,119
cell_85,70,0,1,34,32,0,98,41,51,700,32,166,181,34,111,45,95,5,6,3,92,287,36,2,66,1,3,147,19,16,54,197,116,8,7,383,0,15,272,25,144,190,61,40,4,66,10,0,95,638,4,34,46,24,64,27,1,1,6,3,16,68,28,0,2,1,76,14,0,58,58,14,29,4,4,9,14,18,38,39,37,2,7,73,274,37,20,0,0,36,0,7,16,6,12,41,39,8,80,78,9,0,0,15,244,14,147,26,333,1,50,203,1,14,132,12,40,32,6,142,80,92,21,33,0,15,244,216,0,2,2,0,159,4,1,1,0,5,11,1,121,25,14,3,12,24,152,4,7,0,6,3,5,5483,47,1283,3,0,164,42,5,30,0,53,2,81,4,70,25,86,0,0,6,11,1,2,0,21,6,34,28,8,510,55,33,22,27,67,81,34,10,9,0,2,271,3,59,4,12,6087,3,0,27,0,0,0,5,36,194,0,95,0,0,35,9,69,45,32,5,471,2,0,0,61,88,1,45,3,29,0,75,151,110,135,35,121,26,22,4,18,2,0,1,1,2,34,71,84,28,4,6,1,25,0,45,43,0,1,24,28,50,344,32,24,0,16,13,169,148,37,21,18,12,13,12,25,148,2179,0,46,24,4,126,162,6,13,417,131,6,19,77,3,192,0,2558,2,0,30,10,4,3,1,58,0,1,106,18,68,105,12,34,0,499,2,20,5,6,41,17,325,75,15,13,4165,68,91,2,0,36,21,33,78,32,13,26,44,13,0,65,40,77,0,24,14,25,323,2,63,112,15,18,0,42,3,24,5,199,13,36,0,162,49,0,0,12,1,72,10,9,71,28,537,20,88,40,51,37,42,1,75,109,1,27,0,35,152,3,0,90,7,0,0,33,1,110,13,0,0,5,63,0,4,30,8,0,83,4,39,17,11,23,69,0,0,0,12,101,48,10,40,0,127,30,76,70,33,1333,5,0,0,34,27,78,104,30,13,0,41,2,98,55,299,1,124,115,0,109,112,961,16,15,140,74,404,5,63,261,95,76,1694,20,0,2,45,113,10,238,41,45,16,2,17,3,25,16,21,55,0,7,1,56,48,59,18,100,27,235,9,952,1,17,45,44,1,54,42,9,199,237,98
cell_86,16,0,1,85,27,0,77,5,28,215,40,101,165,32,0,4,84,2,0,3,87,140,8,26,9,1,0,1,24,20,55,40,124,50,16,376,6,23,184,8,45,226,28,39,1,427,0,29,6,654,5,3,58,2,54,109,0,1,27,3,8,120,9,24,35,25,98,10,0,42,15,14,46,25,1,49,19,0,32,77,2,0,11,91,264,27,12,0,0,22,0,4,2,56,22,26,124,2,61,95,23,3,0,15,234,26,137,6,384,6,33,50,1,2,99,45,34,53,23,94,31,102,29,11,2,39,178,222,3,0,2,6,139,29,6,8,0,12,7,0,163,16,22,0,24,22,174,2,6,3,7,11,1,3935,14,1364,7,2,193,44,3,41,0,4,3,292,0,86,35,189,52,2,15,6,10,8,4,27,28,82,7,23,459,48,31,19,4,57,0,32,2,10,7,0,190,7,24,12,17,6010,3,0,33,0,0,12,5,16,207,2,12,0,0,27,15,95,10,43,0,465,0,4,4,49,71,3,57,0,44,3,117,102,69,112,22,169,28,10,15,53,64,0,31,0,0,0,80,17,53,10,24,116,15,0,43,56,0,14,9,24,18,252,16,8,0,20,39,102,122,44,5,16,2,19,14,6,77,2114,27,42,36,1,146,156,2,6,442,107,16,20,78,2,163,0,2580,2,0,24,1,14,4,1,57,1,21,98,13,47,81,35,38,1,501,0,19,4,19,0,3,315,42,2,78,4308,4,41,2,6,56,14,31,62,49,13,27,66,0,0,556,74,89,10,0,26,31,30,5,69,46,0,8,0,43,29,29,0,80,1,55,2,86,42,0,0,0,22,90,26,16,59,49,537,11,96,35,41,10,23,0,79,81,2,27,0,2,84,2,0,42,10,0,0,33,66,120,11,1,0,3,63,3,0,49,3,32,7,15,36,65,19,121,23,3,7,0,4,54,28,1,146,0,141,67,102,7,50,1605,15,0,0,42,19,138,117,7,30,0,29,20,5,65,226,1,111,128,0,11,77,934,66,19,115,80,356,4,76,73,69,78,2024,9,0,23,51,121,19,220,54,38,16,2,21,1,26,33,3,116,3,6,0,156,14,110,20,117,45,287,35,960,0,2,50,40,9,101,37,22,72,184,55
cell_87,85,0,8,95,19,8,76,61,86,323,42,81,164,9,96,5,83,18,0,8,91,78,9,15,103,1,0,77,26,11,57,41,118,8,25,344,12,20,200,19,75,153,33,50,1,47,0,30,0,525,11,39,23,19,52,59,2,3,10,0,1,57,39,1,11,1,90,73,0,54,3,28,130,12,1,20,217,9,33,38,6,0,7,92,150,24,10,1,0,55,1,0,47,0,18,12,39,1,46,111,64,7,0,12,158,32,134,1,370,12,12,87,22,2,162,29,7,38,25,108,34,67,48,5,1,19,402,0,20,0,1,20,136,22,4,30,2,4,41,0,172,29,24,0,1,37,219,7,3,0,6,5,1,4873,72,1425,6,5,161,55,9,27,0,46,6,306,20,105,12,306,39,3,25,123,17,14,1,16,2,56,64,51,433,38,23,2,3,62,97,3,8,1,0,0,346,54,19,27,17,6392,2,0,44,0,0,10,3,24,233,0,80,0,7,56,16,85,2,37,0,419,2,0,2,5,66,0,67,0,119,1,92,114,12,36,9,64,7,6,6,10,90,5,23,0,0,15,101,13,16,9,23,22,6,20,6,89,2,0,32,24,21,363,13,11,0,4,6,102,156,19,1,47,13,5,17,26,83,1930,46,16,42,0,132,125,5,10,408,125,0,13,42,0,181,0,2505,8,9,5,0,7,28,1,15,0,27,77,3,138,124,15,14,3,497,0,18,7,0,0,8,114,0,3,76,4361,40,32,9,13,32,37,14,70,46,12,37,25,59,1,477,53,20,35,12,9,19,200,6,69,127,0,14,0,21,28,15,6,223,13,101,20,143,149,14,0,2,5,61,16,12,64,31,550,14,57,26,34,31,7,0,26,109,7,29,1,2,68,33,2,70,2,5,45,135,63,159,38,0,11,12,93,0,14,42,31,0,73,2,36,10,16,19,130,19,0,0,35,37,32,6,0,0,68,59,52,66,35,1507,21,0,12,22,28,89,24,4,32,0,54,28,30,2,9,23,133,104,0,143,112,951,0,0,110,108,515,1,39,34,66,62,1615,12,1,5,57,92,35,119,27,65,15,0,32,3,50,50,10,91,19,7,4,161,0,123,45,125,51,256,29,799,10,4,28,33,10,102,19,6,100,0,111
cell_88,37,0,30,80,31,0,86,72,59,849,26,76,195,21,49,7,83,16,0,11,76,297,10,14,24,0,0,132,23,24,42,11,53,36,4,311,16,31,170,2,145,264,8,23,1,367,1,35,12,568,4,17,61,4,24,49,5,0,13,0,9,196,83,33,11,37,81,35,19,49,64,2,95,9,0,6,108,3,13,76,15,7,10,99,282,57,3,0,0,61,4,10,71,7,34,35,124,0,59,7,7,1,0,14,205,26,135,3,397,0,2,197,4,6,63,25,42,17,16,150,53,141,29,49,0,23,0,37,0,0,0,0,124,3,0,28,0,4,2,0,182,23,34,3,5,30,141,0,31,1,0,11,0,0,15,1424,66,0,190,41,30,86,0,19,0,84,1,98,26,288,15,6,10,48,2,2,4,11,11,79,24,44,536,57,22,0,14,81,62,46,0,7,0,0,272,9,0,0,14,6136,0,0,55,0,0,27,17,5,190,0,0,0,0,13,31,0,5,23,0,413,1,0,0,20,75,0,59,2,18,8,68,126,120,26,21,123,18,43,0,41,16,11,82,0,0,17,39,62,66,2,50,46,7,16,13,66,0,9,51,31,20,362,9,16,0,25,6,159,169,16,9,22,11,1,10,14,144,1893,4,4,74,0,111,138,6,16,550,113,3,6,57,29,159,0,2462,6,2,5,1,13,3,1,47,6,2,74,14,140,68,14,27,0,455,0,10,21,59,0,2,192,122,12,11,4183,89,89,5,32,126,14,26,22,22,2,76,108,14,0,59,58,135,8,9,35,28,125,8,81,53,3,7,31,38,235,6,15,5,40,2,0,132,66,5,0,0,6,60,31,14,9,6,545,16,97,58,23,26,61,0,20,81,1,26,3,0,126,7,0,82,8,0,1,27,314,165,39,4,0,7,62,6,6,94,42,1,2,4,35,0,22,94,44,12,0,0,13,111,10,6,127,0,103,14,135,16,21,1522,12,8,0,35,0,84,105,46,0,7,28,29,31,40,408,19,97,150,0,75,115,913,0,52,154,30,666,5,58,128,59,12,1510,20,5,92,28,88,0,254,40,43,23,0,2,6,104,6,36,25,0,0,0,69,3,114,12,96,36,243,17,814,7,12,67,35,0,71,25,0,204,118,66
cell_89,84,1,7,108,32,0,77,11,13,1038,33,140,145,2,71,74,90,9,3,15,90,278,9,53,24,2,0,147,24,10,49,13,124,38,17,352,0,14,228,0,90,76,10,31,3,350,1,3,43,699,1,4,62,6,20,10,3,0,11,3,0,181,48,1,26,1,56,0,28,47,14,5,130,0,3,17,60,6,30,33,0,2,5,12,134,55,11,0,0,59,8,1,32,2,8,30,32,11,58,74,16,0,0,27,184,26,115,0,249,7,7,250,12,5,158,0,38,33,30,168,47,74,73,31,0,20,132,8,0,2,0,20,138,31,33,13,0,0,7,0,157,26,33,0,5,18,207,3,3,0,0,16,0,5040,80,1311,18,0,168,43,5,99,0,35,3,331,8,72,9,163,0,22,6,46,16,1,5,16,14,25,8,57,495,41,28,3,19,47,66,3,5,5,0,0,195,58,36,0,22,6478,3,0,65,0,0,1,7,14,221,0,47,0,0,40,29,16,47,37,0,441,0,3,4,59,67,2,58,7,44,0,103,124,61,39,20,73,27,1,2,4,4,1,47,0,0,38,85,48,10,1,13,92,19,18,27,63,2,5,34,14,86,354,74,45,0,9,0,103,131,24,14,3,20,11,12,6,51,1929,6,58,87,3,122,140,9,43,371,119,22,6,81,0,172,0,2755,18,6,9,0,16,7,0,48,2,14,91,4,148,69,14,21,3,477,3,20,2,0,0,13,287,99,5,65,4433,73,21,2,19,31,8,33,26,79,0,2,53,15,9,0,74,112,6,1,12,19,29,1,57,111,2,23,0,39,29,18,1,4,9,34,0,131,8,3,0,1,24,68,15,19,16,5,688,6,81,67,41,14,79,0,58,121,1,35,7,3,146,9,44,109,4,0,11,61,10,162,16,10,0,9,22,13,31,82,24,1,11,0,37,9,19,18,49,5,3,4,34,93,62,0,28,0,45,20,124,45,31,1564,9,0,5,45,23,124,107,14,14,0,28,25,6,11,269,0,79,120,0,118,114,924,0,26,107,74,275,1,51,3,40,54,1694,24,0,0,53,100,0,178,40,78,23,0,29,2,23,51,5,47,33,1,7,100,41,152,86,113,52,289,38,795,1,3,71,42,4,74,29,0,0,2,112
cell_90,42,0,29,99,26,1,102,57,42,724,49,23,159,1,8,0,59,4,6,20,103,36,4,2,16,0,1,161,28,13,46,54,78,11,12,336,270,21,214,0,170,173,10,35,1,385,2,40,52,658,2,15,19,16,60,145,0,2,8,0,5,11,8,7,31,0,15,41,1,59,34,7,120,1,0,14,43,0,31,4,1,0,15,75,188,31,39,3,0,55,0,6,52,4,21,20,141,1,43,102,70,3,3,21,181,39,106,10,417,2,61,143,11,11,89,24,40,7,15,35,53,7,39,48,0,33,145,133,0,3,2,2,135,10,2,16,6,8,6,1,120,0,25,0,0,7,156,0,0,2,0,12,0,2213,63,1492,17,0,195,44,30,71,0,4,0,242,0,116,31,299,16,0,9,0,11,13,4,18,15,75,9,33,473,72,26,5,2,45,110,0,6,1,0,0,257,15,22,1,22,6429,16,0,67,0,0,2,10,36,241,0,85,1,0,58,52,73,7,40,6,466,1,0,2,12,65,2,34,0,24,7,120,139,4,24,19,53,17,5,0,2,25,0,3,0,2,46,36,98,59,1,72,0,33,0,41,32,0,0,91,28,20,375,42,1,1,16,23,148,149,15,11,17,6,19,11,19,125,1870,28,20,12,0,132,162,6,1,522,123,3,13,70,0,160,1,2588,11,2,8,2,12,2,0,59,2,10,36,21,68,75,36,28,0,441,1,8,2,17,0,24,140,135,1,88,4319,49,43,2,16,33,37,15,43,43,13,30,140,0,4,263,72,97,3,29,58,25,24,12,86,108,5,11,0,74,88,16,31,19,32,34,19,144,62,6,0,13,2,62,13,25,57,36,609,6,55,46,55,7,20,0,78,127,9,23,0,0,165,23,17,14,3,1,35,45,14,149,7,3,0,1,150,12,5,78,35,25,16,9,37,4,16,34,138,3,0,0,25,36,50,15,72,0,90,63,109,38,36,1667,28,0,2,38,25,29,69,23,44,2,16,15,47,8,1301,1,22,94,0,220,125,965,0,9,75,110,609,5,36,175,48,47,1728,4,23,1,61,88,87,104,32,56,16,0,2,28,47,48,6,73,1,11,0,97,0,118,10,130,45,302,52,752,0,1,18,31,6,116,26,2,185,75,104
cell_91,30,3,23,131,13,1,88,2,34,824,31,35,167,7,53,2,77,1,2,15,78,255,20,1,30,9,0,62,31,12,56,52,30,90,27,240,292,17,205,24,108,167,17,33,3,336,3,41,15,598,0,37,59,8,84,17,6,2,17,6,3,59,65,0,9,0,89,2,0,46,39,12,68,16,2,36,29,13,24,71,8,0,13,76,279,19,4,0,0,25,3,13,10,0,13,38,93,1,74,71,15,3,0,8,99,15,160,19,427,16,19,272,6,2,43,0,0,26,25,173,98,35,33,31,0,21,74,50,2,1,6,1,158,20,3,15,0,4,2,1,161,30,19,1,6,1,176,0,31,1,0,4,1,3774,59,1349,14,0,133,52,22,89,0,33,23,129,7,43,24,215,4,0,43,57,9,7,11,17,5,63,14,45,481,56,38,25,9,70,102,0,0,1,0,6,277,14,111,9,7,6469,6,0,32,0,0,3,4,30,201,0,86,0,0,73,62,60,40,19,0,417,3,3,12,52,59,0,39,0,12,6,42,128,66,18,16,83,23,31,0,0,5,0,30,0,0,15,46,49,12,4,25,94,15,0,30,58,1,12,53,18,64,368,66,13,7,26,51,116,155,13,3,0,28,0,8,19,134,1892,7,68,13,13,116,139,13,26,648,122,18,4,32,10,178,0,2571,1,18,37,9,13,13,2,121,24,1,125,17,88,47,1,23,0,420,1,23,0,17,8,6,75,163,4,10,4259,83,77,8,3,16,14,32,48,47,3,15,75,18,79,548,79,136,57,19,17,22,235,2,59,114,2,12,1,11,31,17,0,46,3,56,0,135,2,12,0,8,1,88,19,13,63,7,645,3,93,37,33,22,148,0,1,117,3,18,5,0,54,9,50,80,2,0,25,20,103,151,4,3,0,20,8,8,15,64,17,29,26,10,41,3,13,38,11,36,12,1,19,61,14,12,225,0,143,67,84,65,48,1532,11,0,2,29,4,108,93,15,71,0,9,16,15,57,638,39,254,54,0,73,113,794,0,21,148,87,479,5,23,50,65,83,714,25,5,0,29,66,20,217,36,62,7,3,2,14,44,58,6,173,0,10,0,119,21,119,17,118,32,189,40,684,2,4,68,32,1,94,44,25,84,152,106
cell_92,25,0,3,60,26,2,94,73,20,797,29,82,175,1,7,17,35,1,8,26,85,122,6,41,45,5,8,158,30,8,37,11,7,67,36,166,64,33,197,24,214,97,39,32,2,120,0,15,31,565,10,42,11,48,57,123,7,7,9,2,2,45,8,1,18,6,24,51,4,43,4,25,128,1,1,18,144,0,21,21,4,1,7,100,294,20,5,0,0,26,1,8,46,22,18,25,9,2,71,102,32,4,1,12,210,12,148,2,408,0,33,295,3,10,138,31,39,49,15,136,64,210,16,1,22,26,14,155,0,2,2,34,137,5,0,7,7,5,10,1,162,1,30,0,6,30,202,5,35,0,7,16,0,4594,16,1388,35,9,177,41,24,68,0,12,7,222,3,44,15,280,0,1,2,70,30,2,0,18,13,60,3,37,485,48,34,0,8,36,0,39,6,22,0,4,318,10,39,4,23,5892,7,1,52,0,0,12,5,19,251,3,79,6,0,44,52,37,28,31,0,422,6,3,0,32,92,0,52,21,31,5,81,108,14,21,8,173,20,15,31,20,21,1,16,2,31,5,75,182,44,7,33,26,15,3,30,35,0,7,85,19,69,406,46,8,0,3,0,108,135,32,11,29,9,11,4,10,107,2170,3,9,34,5,132,144,6,14,434,99,6,17,66,14,159,4,2545,12,11,22,8,14,2,1,41,0,20,74,11,136,96,34,16,0,471,0,18,0,6,1,17,48,135,4,45,4290,27,64,3,7,35,26,34,41,18,2,24,70,10,5,45,63,40,7,0,46,26,239,0,87,69,3,22,1,34,26,26,5,89,8,11,6,104,114,14,0,17,0,84,24,11,26,179,564,50,78,2,48,42,9,2,55,70,1,21,2,0,49,11,6,107,2,1,56,1,0,113,48,0,0,2,124,3,0,26,31,0,36,2,38,0,15,190,54,77,4,14,24,39,20,0,294,0,126,77,45,67,33,1443,28,0,11,50,5,59,88,21,19,1,41,25,47,35,177,3,168,77,0,293,112,1168,0,4,108,123,409,5,27,321,102,48,1191,22,1,9,19,124,11,250,32,40,2,0,68,2,94,39,28,11,2,5,0,66,25,91,20,100,55,263,15,904,2,16,41,33,7,46,53,33,85,103,113
cell_93,34,1,7,105,22,0,97,68,27,439,47,97,131,47,127,53,88,9,1,14,95,226,9,16,32,2,1,32,18,21,43,30,75,8,6,277,152,37,222,7,30,143,29,48,1,332,0,56,10,421,1,43,64,5,47,25,2,17,18,5,0,170,67,1,26,0,59,16,8,38,58,2,116,5,0,15,153,2,24,57,5,1,14,61,289,18,5,0,0,54,2,10,49,0,3,19,111,0,45,96,21,2,12,28,200,22,118,29,305,0,11,91,6,4,67,50,34,47,10,160,110,230,32,44,0,26,146,85,4,8,1,9,99,18,6,31,0,4,4,0,61,10,3,32,2,9,143,0,13,0,0,10,1,3139,55,1466,30,0,114,52,15,35,0,52,39,76,3,36,18,266,3,12,10,31,7,2,1,9,1,43,24,39,413,78,8,50,22,54,11,1,0,13,0,0,255,16,110,0,18,6764,3,2,25,0,0,9,3,18,257,0,47,1,6,40,20,99,14,39,0,442,1,1,3,16,83,7,58,6,17,2,70,162,82,135,27,144,30,30,1,37,51,0,16,0,0,0,57,146,18,4,1,18,23,0,24,84,0,12,40,21,61,138,61,10,0,5,0,133,125,2,40,5,3,6,11,5,136,1781,21,29,52,1,153,138,6,29,424,131,5,12,69,0,184,2,2555,0,3,73,5,7,7,0,46,0,18,74,16,128,96,9,15,0,475,0,16,0,5,1,0,274,8,1,69,4282,74,115,6,3,16,1,16,75,91,6,5,31,24,15,22,52,111,2,4,10,30,191,1,87,112,5,13,4,67,18,7,11,96,15,38,0,125,153,24,0,5,20,75,1,11,71,14,623,28,63,34,37,8,43,0,62,77,1,26,3,5,173,7,0,45,23,0,0,48,18,85,26,4,0,7,91,3,10,19,20,4,66,13,45,26,11,46,133,31,1,2,24,56,47,4,33,1,92,73,50,66,35,1376,14,0,7,31,35,23,102,5,52,2,5,6,23,5,477,0,52,54,0,153,143,1050,0,16,36,111,258,3,67,7,76,53,1685,3,0,59,96,80,47,148,29,39,7,1,0,6,41,26,6,197,2,1,0,137,2,128,34,104,45,250,2,855,6,21,79,61,1,62,35,0,152,211,24
cell_94,26,0,17,112,24,1,85,20,37,909,45,32,89,30,14,4,81,2,2,11,86,220,6,0,69,2,0,13,22,14,37,14,77,38,12,120,256,20,203,29,147,220,25,38,10,362,0,27,9,318,2,44,55,12,17,21,20,6,6,7,0,108,31,1,26,1,91,32,0,52,64,2,31,28,2,5,80,5,16,49,39,22,9,94,141,45,5,0,0,22,0,12,65,0,0,15,125,3,100,112,19,3,3,7,247,18,126,25,422,1,7,212,10,4,170,43,41,43,28,71,114,62,63,44,17,35,222,272,9,3,2,0,159,10,0,4,2,1,6,1,168,22,24,1,1,7,166,3,20,1,0,9,2,3540,76,1347,22,0,122,53,12,29,0,6,31,302,3,80,20,289,34,0,10,12,14,7,0,18,3,71,29,47,460,55,18,28,3,71,44,0,0,2,0,1,242,5,249,24,10,6404,12,0,57,0,0,0,1,21,209,0,69,0,0,71,13,48,1,13,30,460,0,5,14,40,72,3,26,0,47,2,39,154,117,70,20,88,16,37,16,11,49,2,22,0,0,30,59,40,40,0,10,115,18,0,36,65,14,1,78,5,46,284,10,25,1,10,54,119,141,34,1,10,9,4,19,1,138,1978,7,33,4,2,154,139,16,38,507,107,5,5,66,5,177,0,2466,2,10,36,1,9,4,3,51,3,14,65,16,74,99,29,16,0,440,0,15,0,5,28,13,32,59,25,90,4474,11,110,8,16,27,39,12,91,90,3,42,48,0,14,439,65,124,15,0,42,26,1,2,59,97,47,13,0,17,8,7,11,61,21,47,0,104,37,11,0,3,4,53,1,14,50,12,593,6,95,37,34,21,19,0,23,74,0,24,0,0,36,12,0,29,35,11,97,28,5,91,70,1,1,5,64,3,18,73,28,0,20,6,33,8,16,51,97,0,9,5,38,102,42,3,35,0,121,84,136,19,40,1311,6,6,0,4,30,78,92,14,56,3,23,18,8,14,228,4,59,116,0,262,120,1173,0,0,49,91,414,1,61,92,64,66,1004,13,14,32,40,59,19,268,36,24,4,3,44,3,43,74,3,66,0,7,5,50,6,131,36,110,38,312,10,789,7,6,58,51,2,56,43,1,196,209,66
cell_95,22,0,14,113,22,10,100,14,11,778,50,142,166,8,3,3,83,3,1,13,91,179,34,25,16,1,0,49,25,25,47,42,56,0,5,289,19,22,219,15,167,295,24,38,0,32,1,42,114,466,14,31,23,18,31,7,2,1,40,5,0,34,47,14,2,36,23,76,0,48,35,14,50,22,0,26,185,10,30,15,14,1,13,106,399,27,3,0,0,61,0,3,75,11,1,28,39,9,7,91,40,0,1,11,104,10,167,22,362,9,36,245,5,8,159,12,27,57,14,118,21,9,70,59,9,23,157,60,0,0,4,0,120,15,2,8,0,2,5,2,194,3,52,0,0,11,179,3,16,1,7,9,1,6847,59,1438,27,16,142,45,12,14,2,21,4,396,6,93,24,321,10,10,8,40,4,16,1,21,7,79,26,12,466,14,27,7,0,61,50,0,0,2,0,0,250,31,94,42,25,7225,14,0,47,0,0,6,1,8,22,0,90,0,0,39,8,103,1,46,0,413,9,0,0,23,97,7,79,9,29,1,74,138,106,136,9,84,9,45,15,60,69,0,6,8,1,11,87,53,53,30,28,59,21,0,56,99,0,0,60,16,9,360,44,20,0,15,12,86,137,40,5,69,10,4,6,1,120,2139,12,1,18,9,124,181,15,21,389,115,2,3,61,1,155,1,2612,19,1,28,0,13,27,5,40,16,18,60,8,141,106,0,10,4,460,0,16,13,2,0,8,37,148,0,70,4758,60,7,14,3,41,36,5,37,54,16,26,85,50,3,272,85,13,11,16,70,25,0,2,68,99,33,13,0,13,21,18,0,100,27,48,0,5,40,10,0,11,0,87,17,15,52,21,453,1,42,14,35,23,19,0,1,126,0,26,1,0,43,9,11,77,2,7,16,18,1,130,14,2,0,0,128,6,8,24,13,0,177,7,34,0,13,20,83,32,0,7,16,30,7,18,140,0,148,74,107,22,43,1374,19,0,0,23,22,143,63,11,48,0,40,19,30,35,770,2,363,84,0,42,132,948,0,7,58,103,532,0,50,59,60,18,1214,7,1,0,48,100,19,107,44,48,20,5,2,2,44,60,9,17,0,0,1,133,68,108,18,153,42,279,0,788,4,31,19,44,0,90,37,7,162,114,129
cell_96,26,1,3,83,31,0,86,17,58,683,43,132,153,35,143,16,85,23,10,0,103,268,2,7,24,0,0,23,24,17,42,3,80,40,35,249,58,23,212,18,161,128,9,29,7,369,0,4,0,630,7,14,70,2,99,24,0,0,3,4,0,173,35,14,28,0,106,89,0,43,10,4,8,31,6,33,1,1,3,54,10,0,11,71,125,24,6,0,0,29,1,6,45,0,9,32,68,2,64,84,71,2,2,53,245,9,122,1,166,0,13,248,2,6,235,17,5,13,24,174,82,11,43,2,1,28,155,0,6,1,2,3,136,7,4,2,10,2,3,5,168,23,34,0,9,6,153,0,2,0,0,13,1,2593,82,1356,8,0,156,33,24,69,0,29,11,145,9,65,18,295,11,5,40,36,7,0,0,29,5,85,20,77,494,52,31,20,19,73,82,0,0,27,0,2,269,5,229,12,8,6284,3,0,59,0,0,1,5,31,212,3,0,0,0,70,25,15,12,39,0,416,0,5,0,19,63,1,64,0,24,2,58,129,122,27,12,43,19,4,5,65,70,4,33,0,0,19,96,36,52,9,5,9,3,0,12,166,5,9,84,17,53,312,11,20,0,17,5,138,140,17,2,3,12,14,17,5,103,1950,5,50,11,0,118,154,8,4,494,97,8,3,46,0,161,0,2500,8,21,5,1,2,32,1,116,0,23,87,16,154,111,24,41,1,476,2,10,4,4,0,5,313,0,1,88,4373,11,61,4,20,52,38,39,26,26,6,23,62,2,2,405,13,136,11,0,58,8,82,3,61,136,0,11,0,25,148,11,5,15,27,47,0,35,33,24,0,2,1,86,0,7,21,89,570,3,75,58,20,8,40,0,4,113,5,33,1,8,19,18,0,94,20,18,5,44,69,142,28,2,0,3,60,2,27,95,41,0,10,11,44,0,11,31,50,16,0,5,34,141,10,4,61,0,109,78,43,41,40,1357,5,0,4,33,9,128,125,0,70,13,7,15,104,27,10,67,129,130,1,35,140,104,0,8,15,37,322,1,63,7,37,70,1709,2,1,64,59,108,6,21,35,55,18,0,0,1,53,56,6,12,3,4,0,117,50,112,37,110,33,248,3,773,0,13,25,54,0,17,47,28,97,0,93
cell_97,66,0,4,91,17,0,96,5,17,320,38,156,146,20,40,3,79,34,8,3,76,133,4,2,88,2,0,220,22,2,38,158,30,26,33,252,193,3,207,14,49,226,53,40,1,391,0,18,10,462,8,43,50,1,33,21,0,0,7,2,7,168,10,2,26,0,60,22,5,38,42,20,18,10,3,13,26,2,48,52,0,0,10,94,198,34,5,0,0,10,1,7,40,0,2,9,98,8,23,102,55,0,0,4,225,20,23,11,230,5,32,266,14,5,188,63,19,50,36,144,94,85,72,0,0,21,72,127,8,14,8,25,133,33,9,14,0,7,12,1,141,23,19,0,23,13,209,6,14,0,1,13,0,5025,56,1332,1,0,169,47,14,39,0,52,21,214,0,72,14,228,0,2,16,6,10,8,0,18,9,68,35,66,447,39,21,7,14,60,109,0,0,7,0,3,292,49,45,0,5,6272,6,0,53,0,0,4,7,28,203,0,2,2,0,50,45,86,52,38,15,443,0,0,3,34,76,9,46,3,7,9,89,151,101,80,23,113,17,42,4,12,118,2,37,0,0,18,104,58,10,0,3,5,10,0,40,41,0,0,34,29,30,357,63,9,0,15,1,150,150,34,2,0,1,24,7,8,137,1987,28,160,8,0,124,138,28,11,343,146,5,32,70,0,139,1,2459,19,6,38,7,3,3,1,48,1,25,72,21,116,90,28,21,0,452,0,19,7,7,2,5,47,20,4,50,4364,59,84,7,5,53,28,21,67,30,18,73,3,2,2,126,62,70,19,4,21,26,11,3,72,83,0,12,3,21,71,24,0,89,8,84,0,87,51,27,0,1,20,84,3,6,38,24,330,0,41,43,40,15,12,2,56,81,1,20,0,1,76,6,1,2,10,1,167,20,64,139,27,1,0,2,69,4,21,53,26,0,42,8,37,13,14,34,19,1,3,0,16,106,3,2,35,0,156,29,121,15,32,1127,29,0,18,22,25,174,85,8,52,4,20,28,84,16,5,54,12,59,0,81,134,1098,0,19,110,95,558,7,47,41,26,71,677,13,0,9,73,21,4,165,46,14,24,0,20,0,37,29,5,72,6,4,0,59,0,105,26,123,46,285,31,825,2,15,54,35,0,71,8,0,199,171,68
cell_98,28,0,15,92,25,0,79,68,163,469,42,60,159,35,124,13,98,17,4,1,72,104,22,16,42,6,0,15,18,30,15,30,150,15,13,175,85,29,232,28,57,71,75,41,8,359,0,8,8,628,3,38,60,15,29,52,2,14,5,1,0,182,39,0,18,0,78,109,2,39,0,7,16,5,1,36,23,6,26,34,1,0,10,94,258,98,0,0,2,61,0,9,121,0,22,36,139,1,99,73,58,2,0,25,254,6,166,21,407,1,1,174,6,1,125,21,44,26,31,133,10,214,56,10,0,33,253,0,1,1,0,0,39,4,1,20,0,2,20,4,176,11,11,0,5,19,135,1,0,0,4,5,4,5929,11,1281,4,0,96,58,12,68,0,44,0,196,24,106,30,288,37,0,9,89,49,4,5,26,8,67,0,17,475,62,21,53,5,65,110,0,3,0,0,0,199,24,60,0,9,6176,27,0,48,0,0,6,1,27,182,0,20,2,0,29,52,23,5,9,0,418,3,7,1,54,51,4,29,0,29,2,24,147,8,137,23,171,21,11,19,2,103,6,17,0,1,22,89,45,50,4,2,37,11,0,69,178,0,16,19,27,23,286,32,19,0,40,45,72,153,31,4,2,18,9,20,1,135,2152,0,131,5,5,133,155,13,24,504,106,2,0,4,23,170,4,2497,4,0,7,2,19,23,0,33,0,5,97,13,145,79,17,10,0,463,0,18,2,86,0,11,164,85,5,74,4470,69,13,15,9,45,15,19,70,55,4,7,49,21,0,317,70,149,50,26,48,25,243,3,78,56,19,9,0,1,55,8,9,28,0,52,1,58,45,18,0,16,30,72,23,26,68,78,468,21,99,60,39,6,143,0,56,141,4,28,8,1,130,5,0,20,15,0,0,103,15,156,30,5,0,2,55,4,28,43,37,45,11,10,43,12,27,63,15,77,0,3,20,54,43,16,16,0,141,88,105,10,34,1300,7,0,0,31,28,114,111,14,49,1,43,17,31,56,0,19,48,88,0,15,99,494,0,31,79,112,450,0,62,75,102,56,1773,17,1,116,27,80,45,174,50,36,8,0,17,6,20,77,6,149,1,0,4,21,4,122,36,123,41,249,2,829,5,4,63,32,0,133,27,0,144,157,96
cell_99,26,0,7,96,28,0,93,42,51,345,38,142,172,2,0,32,87,2,0,6,88,238,18,65,20,0,1,82,20,6,57,81,0,9,22,269,90,26,202,30,144,232,38,34,2,131,0,59,0,607,6,40,51,16,51,63,0,0,34,3,13,162,91,0,17,0,81,0,0,58,32,27,102,21,0,27,106,1,32,16,29,7,16,53,266,24,9,0,0,52,0,4,64,65,16,35,28,3,104,83,16,1,2,5,241,15,157,1,456,0,13,250,6,9,83,47,26,40,6,98,66,72,51,32,0,25,312,60,0,0,3,2,116,9,1,22,0,4,6,1,176,30,33,1,3,19,178,2,1,1,4,13,3,5635,53,1447,39,0,159,47,25,59,0,2,1,311,0,69,27,243,0,1,0,10,1,11,1,24,3,43,5,55,496,57,18,11,17,77,99,0,1,5,27,2,231,8,9,12,10,6016,14,0,40,0,0,12,9,34,220,0,27,0,2,12,17,120,55,39,0,432,1,0,2,51,63,1,51,0,14,1,87,45,86,38,6,122,31,10,8,21,12,5,9,0,5,13,62,8,40,3,4,54,31,0,46,11,3,7,11,20,71,382,56,25,3,30,20,119,128,34,20,18,10,15,5,10,141,1968,21,73,32,13,125,123,29,12,351,129,18,3,64,0,200,0,2592,6,9,56,0,20,3,0,45,1,13,118,17,185,72,47,2,0,451,1,18,11,13,14,34,271,78,2,47,4542,56,73,10,1,3,1,20,45,51,4,5,76,36,0,172,60,124,29,0,52,21,333,2,73,108,13,14,4,23,61,7,0,19,23,14,1,0,81,3,0,7,1,76,4,10,52,45,607,7,98,32,31,37,16,0,3,105,0,30,2,3,78,4,0,61,3,0,39,53,140,146,8,0,0,12,46,5,18,25,36,0,10,5,12,46,10,184,16,12,0,5,34,53,9,1,275,0,141,53,44,49,27,1508,46,0,0,54,29,138,93,17,41,0,49,13,93,32,268,0,164,118,0,23,116,965,0,8,70,81,401,1,43,77,133,52,1013,18,0,0,27,105,0,251,42,70,18,1,17,0,66,32,2,49,8,0,0,129,57,97,41,112,37,295,52,873,0,6,41,30,0,32,44,0,102,186,112
cell_100,52,1,12,94,2,0,67,25,126,488,39,20,190,31,108,4,84,10,8,0,67,223,12,1,102,0,0,4,24,27,57,6,113,47,16,27,37,23,214,0,147,113,74,34,0,357,0,9,32,652,65,28,43,20,29,32,5,1,13,2,8,158,59,7,28,14,121,33,0,50,40,3,15,84,2,41,43,3,32,74,8,4,12,42,217,7,29,0,0,39,0,7,40,1,4,39,136,0,16,71,15,5,3,20,255,19,62,29,450,9,8,141,1,1,162,16,33,34,32,74,81,8,48,22,0,31,212,141,1,0,0,0,116,17,6,8,0,2,0,0,185,27,14,4,0,14,158,1,10,3,1,6,1,6345,19,1444,22,9,94,50,26,78,0,11,1,101,10,88,25,246,56,11,28,29,1,0,11,22,11,79,21,20,434,65,18,44,6,61,105,0,14,3,0,2,263,19,180,1,7,6274,6,1,53,0,0,1,9,23,222,0,2,1,0,41,71,44,21,24,0,441,2,1,0,47,67,0,47,0,41,2,29,116,154,44,19,68,10,3,0,8,24,2,10,0,0,29,56,63,58,14,3,33,8,0,14,92,12,0,76,19,39,348,0,20,1,13,20,116,145,5,17,15,12,2,19,16,158,1940,9,31,12,0,135,164,0,14,489,126,1,10,63,4,148,0,2617,8,17,4,2,9,6,6,97,6,3,126,19,100,90,14,23,15,489,0,20,7,13,6,7,47,13,1,43,4254,27,47,8,17,24,46,17,28,25,9,61,96,35,2,451,46,109,77,2,50,23,43,0,71,86,8,9,0,24,32,7,8,90,8,53,1,116,86,21,0,10,13,67,0,2,67,78,578,10,54,48,30,18,63,1,11,134,7,22,1,0,44,0,1,75,3,9,0,46,4,112,49,2,0,12,112,19,12,37,11,0,0,8,42,7,18,118,32,30,0,1,32,50,1,1,88,0,52,72,43,55,38,1364,4,8,0,28,10,96,82,17,26,2,33,20,85,13,23,58,101,49,0,42,114,183,10,18,109,91,497,1,62,319,105,71,756,16,3,77,11,92,62,183,12,46,27,2,0,16,80,102,3,101,7,0,0,50,2,149,24,115,35,121,28,781,2,9,35,43,1,72,1,0,195,139,11
cell_101,45,12,10,89,25,4,94,7,48,708,17,121,131,19,99,14,66,7,0,15,75,279,16,40,59,0,1,212,28,14,56,3,135,89,15,379,65,16,212,19,170,61,16,32,5,122,1,24,60,703,0,19,45,27,45,29,1,2,5,5,0,159,63,24,12,20,101,61,23,42,1,6,116,0,3,5,178,15,39,21,7,0,18,70,292,35,1,0,0,47,2,0,46,5,17,27,90,0,100,79,7,5,8,15,237,18,194,0,347,22,11,257,4,10,93,30,39,35,10,199,88,32,37,25,0,25,36,101,2,0,3,1,106,9,2,10,0,0,21,0,174,16,25,1,0,54,159,2,12,5,9,2,0,7134,51,1440,15,14,175,51,10,44,0,28,1,224,4,60,16,74,8,4,0,74,8,1,0,20,10,102,3,89,472,62,28,13,17,49,51,62,1,12,0,0,278,1,22,0,13,6114,0,0,39,0,0,23,1,14,132,3,83,0,3,53,17,0,11,18,0,444,3,2,0,6,71,9,64,8,32,1,96,66,116,116,23,147,34,22,39,16,26,7,24,0,0,42,104,76,26,2,7,138,11,0,25,102,2,10,63,23,29,362,54,50,0,21,39,76,161,13,4,34,12,4,4,4,168,2254,26,16,13,0,100,147,12,17,374,110,5,15,72,0,174,0,2609,18,5,38,0,12,8,2,17,1,7,96,10,141,98,22,18,0,444,0,21,1,31,0,8,305,3,3,38,4335,4,94,7,17,33,33,18,64,74,2,6,60,12,88,421,18,47,18,0,37,18,209,0,63,100,5,12,24,13,11,18,6,17,22,86,2,69,67,21,0,14,22,61,12,9,76,22,522,11,79,28,41,14,33,3,80,146,7,13,10,0,64,0,0,137,0,0,26,22,119,133,8,1,0,8,81,0,0,24,14,1,53,1,25,11,17,34,38,34,0,1,31,69,49,6,153,0,148,66,120,97,28,1535,32,0,0,32,24,33,93,0,21,0,45,28,28,11,207,58,2,118,0,61,135,1010,0,7,112,97,281,5,67,24,96,92,1725,17,0,10,32,88,53,200,18,49,20,0,30,0,70,68,9,16,30,1,1,160,9,113,62,106,44,258,2,786,9,1,13,32,1,72,35,0,54,35,118
cell_102,13,0,7,90,35,2,112,20,42,98,47,73,171,6,15,11,79,7,2,12,89,100,11,17,65,0,0,170,28,9,55,41,73,96,15,335,7,16,237,20,94,187,20,38,3,279,1,38,6,685,19,43,15,65,94,114,7,2,22,1,0,26,25,1,28,33,40,35,23,49,2,19,5,19,1,12,16,9,34,11,19,0,7,102,321,29,18,4,0,43,12,3,35,29,7,11,67,8,44,102,53,7,0,58,48,28,48,13,265,4,23,144,0,12,48,19,31,37,29,41,117,172,55,0,7,32,5,221,3,8,4,0,142,34,5,10,3,4,14,0,181,29,16,1,39,20,184,2,14,3,1,15,0,4212,4,1372,0,6,164,50,29,75,0,12,7,399,8,100,25,296,36,6,15,51,11,0,0,16,9,29,6,7,421,12,25,6,15,47,99,27,10,3,0,1,275,3,23,0,30,6048,0,0,55,0,0,13,0,26,238,0,94,1,0,37,59,97,22,27,0,468,2,0,0,48,77,0,57,0,67,3,43,119,47,110,22,63,6,29,1,66,54,1,49,0,0,17,46,67,32,3,51,0,20,0,27,27,4,4,98,28,11,322,38,48,0,9,23,29,127,2,1,45,30,15,14,1,151,1997,7,45,65,12,123,164,0,20,636,138,0,5,56,0,166,0,2466,29,12,35,2,2,17,0,88,18,18,97,14,105,93,13,22,0,452,1,27,4,29,0,18,52,50,2,54,4288,34,36,12,6,73,31,13,81,91,7,56,107,35,4,372,55,37,4,0,7,18,241,0,69,58,33,13,5,13,15,9,10,21,3,16,0,140,38,18,0,55,24,73,15,8,28,44,598,9,81,43,47,18,8,0,2,62,4,29,3,0,90,0,0,0,4,0,4,2,2,110,7,4,0,12,113,3,13,24,17,1,43,12,25,0,12,183,109,4,0,0,40,50,44,1,46,0,76,27,104,64,35,1343,33,0,16,26,22,100,30,11,0,0,49,31,64,10,695,32,164,65,0,137,118,812,0,28,138,101,502,4,60,1,50,69,1788,17,0,13,44,84,10,1,23,39,9,1,10,47,98,8,14,29,2,8,9,87,0,123,6,142,44,225,11,836,0,0,11,35,3,106,35,34,44,0,100
cell_103,78,5,15,96,26,0,84,11,65,33,36,97,174,11,24,24,87,1,5,14,81,157,3,5,25,0,3,200,23,35,37,9,117,6,12,300,40,32,228,0,69,188,86,40,0,47,0,31,70,617,0,6,25,5,105,101,20,2,3,7,0,161,10,19,17,30,93,105,15,42,11,3,36,11,4,41,144,3,37,30,21,15,5,82,164,61,0,2,0,61,4,6,37,1,0,10,36,6,25,84,37,8,0,6,244,30,1,25,393,48,6,147,15,5,10,26,1,31,11,132,104,72,70,40,1,28,30,213,2,0,18,0,131,35,1,27,0,2,15,1,187,24,8,0,1,9,195,3,0,1,5,3,0,2058,20,1295,14,9,166,44,23,36,0,29,2,206,9,89,21,210,2,4,13,3,10,0,1,15,8,80,0,25,489,53,32,13,16,38,83,13,13,14,0,0,228,0,67,0,16,6370,3,0,46,0,0,33,6,9,225,0,102,1,2,42,50,1,31,20,0,420,0,0,0,9,85,0,40,4,19,1,79,164,80,71,18,88,18,33,0,18,73,0,62,0,4,31,71,100,21,5,25,40,11,13,16,32,0,3,74,35,13,297,37,18,1,13,0,79,139,15,12,24,18,19,30,3,116,2152,5,1,9,0,144,142,2,9,459,111,0,18,52,17,156,0,2511,23,1,39,7,23,15,1,14,0,7,103,2,179,106,13,20,2,436,0,11,1,18,7,2,202,104,2,31,4418,23,52,5,7,18,52,23,32,120,2,12,99,45,25,577,63,116,1,0,22,23,128,6,49,101,0,15,13,39,49,4,7,20,19,24,1,122,74,2,0,12,29,65,10,17,59,32,518,0,83,43,47,2,30,0,39,70,2,27,0,0,89,11,0,33,9,43,9,0,12,154,21,2,0,6,99,2,7,19,26,1,31,2,49,17,13,119,38,7,0,0,3,75,46,3,24,0,131,74,102,18,28,1113,7,1,0,25,11,19,98,25,52,0,20,27,22,0,167,3,54,75,0,74,138,1000,0,4,120,37,240,4,55,45,24,88,1694,16,0,2,61,86,6,205,37,75,3,0,25,10,64,26,9,12,18,2,4,50,0,104,17,76,35,273,15,769,0,0,39,34,2,103,14,0,53,175,112
cell_104,32,0,7,106,27,10,72,26,52,220,41,16,163,25,38,3,74,0,0,0,91,255,40,10,31,10,1,70,21,25,52,27,25,19,12,300,1,13,187,17,20,228,1,33,9,336,0,12,24,213,2,11,46,0,84,23,0,3,28,1,0,144,15,10,9,59,34,73,0,43,54,7,4,12,1,29,12,13,21,45,0,0,14,87,344,22,1,3,0,49,12,7,32,20,4,33,42,10,16,29,52,3,0,13,161,20,173,10,380,0,30,285,2,8,92,16,46,31,46,170,76,30,42,4,7,31,41,64,3,3,0,1,130,16,10,13,1,8,27,0,176,24,40,1,76,21,190,11,17,1,1,12,0,7998,21,1431,7,0,134,40,4,80,0,22,30,365,19,62,27,350,0,1,16,32,8,3,5,9,1,80,10,68,482,55,25,4,14,54,101,0,21,7,0,12,252,23,99,1,10,6976,4,0,56,0,2,18,4,11,228,2,85,1,0,15,27,31,7,17,0,415,0,0,2,53,70,5,52,0,45,7,47,95,55,50,32,140,8,9,13,16,100,0,32,0,2,31,99,23,18,3,18,12,19,0,9,14,4,1,13,4,49,338,23,71,1,6,4,123,155,39,5,85,4,19,25,0,131,1853,0,8,26,50,122,137,9,8,423,102,3,6,64,0,198,5,2437,5,0,26,0,9,18,2,11,0,17,100,4,127,94,14,13,1,456,0,21,17,0,36,7,7,172,7,67,4672,8,50,13,23,97,26,28,34,16,7,55,30,1,11,365,70,118,9,4,24,25,234,6,53,74,4,3,14,14,30,7,7,6,15,23,3,50,58,11,0,8,7,76,7,27,54,27,339,2,82,24,50,46,17,0,24,53,2,26,2,2,150,4,0,74,2,7,3,40,39,134,20,1,0,6,71,14,11,41,25,0,67,5,33,6,19,156,30,22,9,3,23,16,38,2,17,0,130,37,152,27,48,1508,13,0,1,8,31,163,92,10,47,5,25,3,18,61,1563,72,120,116,0,9,85,944,0,32,138,88,623,7,38,7,61,71,468,8,0,7,27,107,14,167,47,54,22,0,15,11,49,77,3,99,0,2,4,44,63,107,77,77,43,323,27,700,0,14,62,34,6,54,6,0,163,55,112
cell_105,34,7,6,121,31,6,101,22,48,660,49,143,170,7,6,9,73,1,3,9,81,89,12,1,16,1,0,139,29,0,38,16,35,23,2,279,7,17,199,25,194,87,25,22,7,354,1,6,83,368,28,38,20,11,36,141,5,10,20,4,3,136,2,0,35,7,129,15,0,47,32,2,90,0,5,25,47,16,21,53,1,1,15,78,120,18,6,0,0,53,1,11,35,2,7,36,90,0,120,93,22,3,5,5,230,19,135,5,414,0,12,259,12,5,187,52,32,49,22,109,36,106,63,38,16,35,144,65,5,0,0,24,111,0,2,2,0,5,8,0,169,18,41,0,0,26,149,0,4,9,2,2,0,6863,19,1418,9,2,126,30,22,40,0,1,0,115,0,126,17,181,0,4,60,166,18,1,6,19,7,69,4,64,493,52,29,4,0,82,89,41,9,5,0,0,243,12,52,12,4,5780,12,0,50,0,0,21,8,29,203,3,57,0,0,24,48,35,24,13,0,439,0,3,15,40,17,0,71,6,21,0,92,13,52,11,16,104,14,9,12,15,13,10,4,3,9,1,59,34,37,9,0,97,21,0,56,32,12,5,56,27,59,393,59,7,0,5,5,104,129,37,2,30,2,8,8,16,135,2122,32,44,65,0,87,130,3,21,406,129,2,2,73,0,156,2,2495,6,93,64,7,9,4,0,94,4,15,77,13,174,74,11,20,1,469,3,20,5,11,0,8,245,140,25,55,4403,96,47,2,32,15,17,41,82,2,17,22,82,35,1,334,69,128,19,0,45,6,34,1,86,109,3,17,86,13,38,13,6,21,25,78,4,110,32,10,11,17,7,73,0,19,69,97,575,16,80,26,31,21,40,14,66,128,3,23,2,1,63,0,0,123,10,1,15,17,42,143,23,4,0,5,86,3,12,63,3,0,31,4,38,26,25,90,8,16,0,3,18,65,15,6,239,0,128,34,152,77,41,1514,28,1,14,22,0,21,108,15,23,0,62,22,30,57,93,5,307,123,0,58,113,703,11,9,79,106,218,0,9,232,107,56,1589,3,0,25,6,106,0,217,8,31,8,2,18,0,60,61,3,125,7,2,0,102,0,120,32,125,35,213,32,876,1,11,16,25,5,97,31,7,71,174,34
cell_106,13,1,7,70,39,0,104,4,12,949,45,126,132,29,33,1,70,16,7,1,87,267,8,42,47,0,2,66,28,17,57,14,111,17,16,244,366,22,219,21,199,184,44,32,1,155,0,22,21,499,15,34,49,24,19,16,1,0,12,2,1,108,28,15,25,27,126,67,16,49,0,3,51,10,2,36,43,0,43,66,40,35,7,103,234,31,9,0,0,46,5,1,20,3,40,31,124,8,84,55,22,6,0,42,86,7,110,3,321,1,4,213,4,4,68,58,31,37,31,126,53,182,24,59,0,30,14,116,3,0,2,0,126,2,15,18,0,5,13,1,146,18,29,0,2,21,149,0,7,1,1,4,0,4479,7,1204,13,5,57,52,10,14,0,24,9,145,1,111,19,196,29,3,21,48,0,3,2,20,12,66,33,38,494,52,2,39,16,68,4,4,4,4,0,0,287,19,8,119,14,5968,4,38,43,0,0,5,0,7,269,0,18,0,0,48,5,84,6,29,0,472,18,1,1,6,37,5,41,2,71,2,84,117,23,122,8,164,30,9,2,19,77,0,21,0,0,37,68,52,56,7,19,141,12,24,11,108,1,4,56,21,11,365,31,16,0,15,31,111,130,2,9,25,7,6,10,15,143,1986,2,2,25,1,120,114,0,20,404,99,4,13,66,10,175,2,2664,7,1,73,2,8,1,2,127,2,9,33,21,83,48,10,33,0,466,5,15,8,13,0,1,188,1,3,79,4311,35,89,11,16,104,30,25,29,42,16,23,15,41,0,424,9,85,2,16,24,30,69,3,86,22,0,6,12,53,38,16,5,193,28,21,1,131,100,15,0,0,11,65,15,19,59,25,706,29,93,55,39,17,4,1,83,115,0,21,1,1,172,0,70,111,12,0,0,80,173,52,16,2,0,11,64,1,13,46,9,10,27,15,45,1,12,58,82,23,0,0,26,19,32,6,101,1,127,71,77,82,6,1613,37,0,1,28,15,25,115,7,1,1,15,23,39,69,711,39,147,9,0,90,141,572,0,29,95,89,210,1,55,33,100,57,1934,7,0,20,55,94,19,199,13,62,19,3,11,3,34,24,24,23,0,6,3,114,16,112,72,136,46,117,25,897,3,10,55,49,7,93,41,10,218,79,52
cell_107,22,0,7,82,23,1,98,21,12,288,18,119,177,7,36,7,81,2,0,4,108,79,8,34,29,12,0,103,15,8,40,1,66,58,3,331,3,14,206,29,76,112,23,38,1,412,0,0,31,482,0,40,52,2,8,56,0,4,10,5,3,190,33,13,31,42,80,22,21,47,1,4,101,3,2,35,62,0,35,32,0,0,6,60,218,92,14,0,0,31,2,4,3,0,15,27,136,3,60,89,23,4,0,9,181,33,162,10,311,0,27,212,6,5,37,52,22,43,17,189,131,71,18,35,0,14,44,1,2,6,8,43,130,13,19,24,0,0,3,0,192,18,12,0,4,19,203,1,0,0,5,12,1,578,11,1267,37,1,160,50,25,93,0,46,16,141,3,41,11,140,2,6,10,17,3,8,0,19,41,51,13,64,512,70,20,4,11,67,24,8,1,1,0,0,261,18,89,0,22,6099,0,0,57,0,0,7,8,18,209,0,35,2,0,23,29,18,69,34,0,461,0,1,7,27,41,5,46,2,30,2,54,147,99,11,12,145,34,1,6,59,33,0,16,0,0,33,78,71,30,2,75,26,11,0,3,61,0,7,38,31,82,350,23,4,0,13,64,143,133,14,4,5,37,1,14,5,121,1924,3,53,123,6,136,120,4,25,458,122,2,13,57,0,169,14,2306,19,3,11,2,3,2,0,49,0,0,98,15,156,86,10,42,0,435,0,17,0,8,0,4,181,56,8,19,4486,83,48,11,1,12,7,30,14,54,5,15,38,0,17,470,74,140,27,0,22,21,134,0,7,99,0,7,3,36,7,23,5,29,0,57,0,162,59,32,0,22,9,72,13,13,42,48,531,12,110,30,37,25,24,0,4,110,0,16,0,0,111,13,0,79,3,0,4,40,34,141,11,1,0,6,54,6,28,19,13,19,14,0,21,13,15,78,41,6,1,3,3,119,37,1,52,0,130,14,152,28,44,1414,28,0,0,23,17,17,112,1,14,1,14,25,19,1,597,9,131,115,0,58,108,674,0,33,153,88,505,4,4,6,50,67,2219,30,2,0,41,81,9,209,34,70,13,0,7,21,24,71,11,5,5,3,2,29,6,114,6,100,36,311,36,862,0,13,42,40,2,104,39,0,148,175,112
cell_108,68,0,3,87,22,12,85,8,60,744,53,97,149,23,96,25,82,1,0,10,91,20,20,24,37,4,3,28,29,25,37,104,96,44,7,347,87,26,101,22,24,206,21,33,1,121,3,0,49,377,1,9,59,19,14,19,0,0,25,1,0,25,10,18,9,3,10,16,0,35,36,17,107,47,0,14,136,17,36,65,4,6,6,91,288,14,6,0,0,41,0,15,9,0,10,21,5,4,96,58,59,0,0,2,212,33,128,13,445,6,39,64,5,2,137,8,31,38,5,185,3,17,14,64,2,28,379,0,4,12,8,5,139,35,2,14,1,3,7,1,183,22,27,0,29,13,195,13,51,2,1,6,3,7161,77,1228,6,0,161,45,11,49,0,53,60,221,4,73,14,292,3,16,18,8,8,11,2,29,8,61,26,10,480,28,23,27,15,74,85,8,0,26,0,0,215,30,1,1,19,7047,2,1,5,0,1,29,2,6,217,0,50,0,0,45,17,2,6,27,0,430,0,0,3,40,23,4,60,0,35,10,107,130,19,79,24,114,13,63,0,48,83,0,13,0,0,37,87,65,10,6,34,16,25,5,9,50,2,12,3,31,8,82,61,24,0,35,0,96,166,40,15,40,9,11,15,3,123,1788,10,0,138,46,128,150,21,10,434,116,5,1,64,5,156,0,2558,11,7,21,6,7,14,3,102,0,10,74,11,135,97,11,26,0,451,3,8,23,5,0,4,43,95,7,67,4382,62,84,3,1,45,11,4,80,60,1,52,66,49,0,263,67,66,9,0,5,33,76,4,70,75,11,9,128,53,8,9,10,68,4,89,10,26,26,13,0,24,9,62,13,5,73,45,610,8,69,30,65,37,25,0,71,118,0,25,3,0,143,39,0,30,1,4,11,38,1,154,24,2,0,1,38,3,3,24,13,0,75,9,23,3,20,11,73,24,0,0,14,34,49,5,91,0,131,64,52,33,33,1300,20,0,11,16,27,120,83,15,17,0,22,19,10,56,146,0,41,92,0,112,98,1109,0,45,95,95,168,2,46,12,59,57,1317,31,1,0,42,111,57,206,26,63,16,1,0,6,57,50,1,0,3,15,3,54,0,142,9,101,47,233,15,742,3,0,25,45,0,144,41,9,248,158,89
cell_109,14,1,14,91,16,1,90,34,33,154,31,126,161,0,9,64,103,4,1,6,84,114,6,1,74,8,0,269,14,19,43,25,6,108,15,179,28,26,196,11,163,70,24,33,7,138,4,31,25,489,0,22,68,8,70,46,0,5,5,9,2,104,78,1,2,0,81,14,0,40,15,17,99,10,0,14,150,16,27,9,11,14,5,85,297,32,11,0,0,36,0,10,17,1,1,22,125,7,58,30,13,3,0,37,109,10,144,5,311,5,26,354,12,3,90,0,0,35,27,167,140,25,73,39,0,26,107,30,9,1,8,3,119,14,4,11,0,6,57,1,179,30,15,3,24,4,177,1,0,0,6,6,2,3111,50,1375,49,0,95,47,15,72,0,10,6,319,2,41,19,90,0,3,14,51,21,9,0,15,11,36,23,83,481,60,23,4,28,71,75,38,1,0,0,6,199,32,43,0,4,6097,7,0,58,0,0,12,2,39,12,2,58,19,1,32,44,111,75,24,28,442,2,0,2,34,24,2,61,1,89,6,50,82,27,45,20,190,21,43,0,11,37,0,15,0,3,10,76,46,9,0,16,133,7,0,18,3,1,3,76,7,59,317,3,36,2,23,21,123,110,10,6,16,9,10,13,25,104,2299,25,17,1,10,76,110,25,21,520,98,13,11,79,44,159,8,2402,28,8,10,14,16,0,0,105,13,4,101,16,60,56,6,5,2,466,2,16,2,38,37,9,31,14,1,15,4587,24,91,2,0,4,38,23,50,95,5,15,78,32,1,40,48,149,81,3,19,36,16,0,44,107,40,13,0,57,23,12,7,231,0,31,1,125,72,33,0,18,4,74,6,21,56,20,490,2,92,53,6,54,20,0,91,108,1,15,1,0,36,0,12,27,0,0,14,37,24,139,10,8,0,3,50,5,46,27,9,0,12,2,39,54,30,118,102,2,1,4,40,28,5,0,225,2,150,72,65,53,46,1461,57,2,5,45,10,30,71,35,0,7,33,24,8,2,178,2,103,104,0,102,117,1101,1,19,118,108,382,3,51,240,100,68,203,4,1,22,26,89,36,214,26,75,6,9,31,15,63,40,4,156,6,1,1,135,26,93,25,105,46,362,19,808,4,10,7,41,1,19,36,4,143,44,9
cell_110,14,0,20,76,23,10,60,58,28,205,38,53,132,12,2,5,79,5,6,17,73,323,3,4,71,3,0,119,27,12,43,29,47,81,18,144,264,24,183,10,182,153,4,45,5,310,0,6,25,466,13,11,48,18,54,8,1,0,8,5,7,196,52,2,14,8,81,20,4,53,31,0,9,6,2,9,28,13,0,41,14,7,13,109,276,16,2,0,0,59,0,7,73,15,4,27,122,1,69,37,24,3,14,17,221,17,144,12,469,5,21,245,0,8,250,4,28,43,10,156,33,40,66,36,0,25,65,156,0,0,10,0,77,5,5,6,0,3,12,0,189,17,31,10,8,9,178,2,3,8,1,5,1,8003,48,1222,75,0,148,32,16,40,0,33,25,350,5,31,18,165,12,2,11,8,5,6,3,13,6,74,13,42,483,72,19,55,21,61,25,70,0,11,0,7,270,21,86,48,23,6554,0,0,57,0,0,19,6,22,72,0,13,0,0,41,15,32,11,12,0,449,16,0,3,31,65,0,54,4,33,11,17,135,110,114,16,97,23,12,9,30,25,18,6,1,0,13,81,106,43,7,39,102,8,0,53,6,0,20,36,3,25,372,28,79,1,28,11,85,124,33,23,16,27,2,4,0,122,1812,34,59,4,76,92,158,23,18,406,106,2,2,73,2,145,23,2634,14,8,22,2,19,3,1,121,10,4,75,17,129,42,6,17,1,504,1,21,14,49,3,9,89,147,2,46,4347,15,14,8,7,103,45,30,56,34,22,30,185,22,0,46,47,130,8,10,24,12,11,2,44,106,4,14,0,7,9,27,5,27,9,24,9,9,21,24,0,11,2,71,12,3,4,38,622,18,46,32,16,36,70,0,76,23,3,36,1,0,88,3,0,30,0,0,0,170,0,123,18,0,0,15,23,17,8,29,13,0,13,8,45,24,9,108,25,6,1,1,0,18,9,3,196,0,124,60,52,8,32,1411,28,0,14,34,13,108,105,0,0,1,28,20,35,78,593,31,159,100,0,57,121,1065,0,12,98,89,413,6,16,119,78,73,1786,3,3,0,3,82,37,173,38,28,8,2,5,6,51,42,10,119,0,3,0,140,35,121,11,97,44,245,25,932,3,16,77,43,1,10,22,12,111,142,93
cell_111,3,3,9,75,26,0,123,35,25,554,36,22,154,8,17,57,69,4,0,11,77,327,11,3,106,4,3,30,25,9,47,3,60,28,6,35,39,17,235,18,102,80,23,29,0,210,2,30,13,643,6,43,17,10,54,146,12,4,18,4,6,184,16,18,28,0,46,44,20,39,17,0,91,40,4,14,46,7,29,58,50,0,9,19,289,39,11,0,3,42,8,5,18,2,2,50,21,3,65,42,64,0,0,17,196,22,171,23,478,0,0,229,21,18,208,44,9,32,18,171,142,117,52,33,0,16,74,155,0,10,12,8,129,13,0,11,10,2,1,0,139,19,33,0,0,7,171,1,3,0,2,24,0,3559,21,1423,33,3,137,9,26,74,0,31,2,127,1,58,17,231,38,5,8,80,9,0,9,30,4,95,3,35,481,72,32,5,15,59,101,236,0,15,0,0,242,37,68,4,20,5996,1,0,54,0,0,1,3,21,229,13,20,3,0,52,17,76,49,44,0,453,13,1,6,37,29,9,64,0,36,3,103,77,17,11,3,116,16,6,0,10,16,2,6,4,1,46,67,105,43,0,63,138,7,0,4,26,0,2,107,27,47,388,17,10,3,20,66,37,127,17,4,6,10,1,25,7,135,2109,2,137,2,5,64,138,11,14,441,100,11,9,58,8,133,23,2869,5,0,24,7,16,0,4,96,0,5,82,15,128,78,20,17,9,512,1,13,3,46,0,12,44,151,1,79,4103,22,99,6,8,69,12,42,57,16,19,10,82,0,0,6,52,103,14,0,47,30,52,2,87,120,5,9,4,22,63,8,0,279,8,38,7,165,132,13,0,24,8,73,13,3,57,49,674,48,85,66,18,13,4,5,65,92,0,29,7,5,27,16,0,94,2,0,86,107,23,145,33,3,0,23,107,20,39,66,36,0,35,5,39,3,14,88,15,26,0,7,28,65,0,0,148,0,135,62,78,101,29,1210,37,0,3,34,12,43,102,25,38,5,13,26,92,1,48,0,116,104,0,207,139,1155,0,22,81,113,513,0,47,263,97,49,1162,13,23,100,26,91,55,196,48,73,11,4,0,27,41,6,11,36,19,2,5,9,78,115,42,157,63,155,17,840,1,10,60,56,2,31,22,0,126,99,96
cell_112,32,0,14,89,44,0,91,7,53,960,8,143,188,15,2,0,70,47,13,25,97,49,3,1,13,2,0,246,33,30,28,46,42,6,20,318,7,22,186,1,76,83,16,36,10,279,2,7,34,644,3,42,49,58,10,31,0,2,38,6,8,180,11,0,16,1,111,84,18,59,6,13,111,3,3,45,157,2,35,15,50,5,7,93,28,36,40,0,0,27,3,16,27,2,36,21,74,7,68,95,48,3,2,25,215,8,103,16,310,24,30,236,13,3,6,0,29,36,27,184,124,44,61,19,0,13,124,59,23,0,3,1,99,14,13,3,0,8,5,0,143,0,6,0,17,45,185,0,9,3,5,2,0,1755,72,1329,5,1,145,37,28,53,1,49,9,331,8,49,15,202,0,7,31,42,5,2,4,23,16,70,22,18,464,57,20,19,18,26,1,2,9,4,2,0,275,8,228,0,4,5794,8,0,48,0,0,10,0,47,162,0,1,3,0,56,56,24,14,16,1,433,3,0,15,6,65,2,56,1,21,1,44,131,28,105,12,107,32,43,0,70,22,1,15,0,0,2,95,57,17,2,16,75,30,0,23,62,0,2,47,25,60,344,16,69,0,7,0,161,142,19,6,8,22,10,21,1,106,2233,29,19,11,12,133,138,6,6,493,134,0,22,68,0,164,6,2723,19,12,25,3,9,8,1,59,0,19,105,10,114,60,19,53,1,479,0,19,2,11,3,25,263,10,2,55,4409,65,105,11,18,57,10,30,26,21,22,14,33,8,3,526,48,126,76,0,23,28,253,2,67,103,2,17,0,33,21,15,19,9,0,86,2,149,18,33,0,0,8,77,18,19,72,89,547,0,91,17,37,36,35,0,58,118,4,24,1,0,41,2,190,90,2,1,2,24,60,142,19,0,0,5,34,2,15,23,19,0,32,0,55,65,16,23,32,5,4,5,34,30,16,5,108,0,125,17,63,6,49,1311,2,0,0,27,18,45,97,18,6,0,22,26,11,32,624,57,206,81,0,96,131,814,0,27,105,30,284,7,38,119,9,77,1730,9,1,15,20,96,22,174,39,49,9,2,14,5,22,67,11,42,15,0,0,132,6,108,33,135,59,271,63,975,4,2,95,61,1,10,16,6,127,119,102
cell_113,9,11,13,113,37,5,106,40,76,778,30,112,157,17,3,1,48,8,4,13,84,42,1,25,20,4,0,42,28,10,58,31,155,18,24,354,75,10,113,5,153,91,25,40,1,291,7,7,34,517,12,4,11,11,51,118,0,14,2,8,3,57,3,1,22,0,13,42,2,48,48,11,16,25,1,42,24,0,28,61,1,10,9,84,230,38,33,0,0,29,2,3,53,37,55,25,21,0,26,21,68,2,1,36,98,13,126,33,302,19,44,318,2,2,70,49,13,32,14,168,2,10,61,0,0,24,278,6,1,3,4,3,119,27,2,3,2,1,3,2,151,3,34,3,15,17,104,3,21,2,2,3,0,8528,78,1318,2,1,133,66,9,15,20,13,0,531,4,134,24,222,4,0,4,28,32,0,0,16,30,48,5,48,464,8,27,7,3,48,2,0,7,12,0,0,240,17,48,0,8,5547,8,1,44,0,0,17,10,32,229,1,89,0,5,36,22,50,7,13,0,442,3,8,3,14,65,2,42,0,18,3,45,101,15,104,18,173,11,10,0,19,76,9,1,2,0,53,84,46,56,0,26,45,5,1,37,75,4,2,11,20,72,353,45,18,0,23,23,133,148,20,17,39,9,10,2,4,139,2130,0,19,3,8,143,160,17,23,373,116,15,0,77,3,172,1,2444,13,13,15,0,4,19,0,68,1,27,59,14,121,68,6,36,0,453,1,17,12,20,17,7,198,64,10,47,4486,16,12,9,9,36,31,24,77,80,10,15,60,0,0,389,52,10,3,7,36,29,2,1,67,92,2,13,23,41,3,26,6,226,0,50,18,169,63,11,4,27,0,55,9,28,72,5,558,3,83,20,28,21,19,0,85,81,2,30,1,0,134,17,0,121,4,98,59,51,53,145,11,0,0,8,95,2,34,46,11,0,41,5,31,2,19,34,50,6,0,1,6,24,51,3,106,3,99,76,130,22,49,1306,36,0,0,22,5,95,61,45,17,5,11,30,61,55,600,3,87,91,0,27,123,1094,0,44,85,103,353,9,56,218,72,46,2738,13,0,1,61,86,45,224,40,42,9,1,8,5,16,55,4,90,3,2,0,124,19,100,0,108,37,320,9,828,1,1,20,25,7,19,50,10,86,7,92
cell_114,51,0,9,101,14,8,88,2,49,319,59,8,178,23,0,1,87,4,1,14,80,125,11,24,47,19,0,8,20,21,58,15,54,25,20,194,120,29,205,31,72,314,8,35,2,364,0,2,119,225,0,52,60,20,9,15,1,0,17,3,16,106,29,17,33,3,48,115,3,56,29,5,24,4,0,9,90,16,22,71,0,14,8,67,0,81,7,0,0,31,0,12,0,4,10,25,113,8,73,92,21,2,19,8,216,29,150,0,440,4,9,190,31,3,121,52,20,38,23,173,13,95,17,18,3,24,387,0,1,0,2,1,153,28,3,7,0,0,0,3,177,25,9,1,27,13,171,15,10,0,2,3,1,6108,45,1216,23,8,119,36,12,22,0,54,43,258,8,79,24,158,3,17,27,7,25,5,2,29,10,61,0,58,478,46,20,37,4,66,47,1,5,9,37,12,251,31,130,0,2,6427,3,3,17,0,0,1,3,19,223,2,31,1,1,21,20,68,9,24,0,457,2,1,1,40,20,2,45,2,87,7,105,93,61,36,24,110,33,12,0,38,37,0,8,0,1,1,80,156,40,7,10,88,24,0,2,18,0,7,1,6,9,176,60,61,3,12,0,123,138,39,12,15,16,16,23,11,130,2017,66,70,51,4,124,150,4,15,512,123,4,1,40,3,158,0,2438,6,9,5,0,19,22,6,93,0,20,62,12,120,91,9,29,3,470,0,14,15,0,0,8,178,16,6,68,4326,44,1,25,11,10,12,18,48,62,1,38,32,0,66,475,63,84,12,2,58,22,216,6,67,117,0,3,21,41,20,19,11,37,0,85,0,63,65,12,0,12,38,76,20,6,35,5,579,5,85,70,10,13,17,2,14,115,11,32,1,0,47,5,0,50,1,19,0,34,55,164,11,0,0,2,33,10,1,5,44,10,130,0,20,7,20,164,44,4,6,0,5,148,2,0,41,0,174,82,90,52,27,1244,51,0,1,13,28,74,111,8,67,0,18,4,10,8,83,28,156,115,0,137,118,1195,0,0,34,58,237,8,19,65,68,64,1312,12,0,1,40,78,19,215,23,50,29,0,0,0,79,72,2,56,7,0,5,115,12,109,35,80,38,247,69,737,0,1,24,52,4,75,54,0,236,139,24
cell_115,31,0,12,99,29,1,84,13,24,301,32,21,163,33,1,4,83,7,1,21,81,214,9,19,33,2,0,150,22,23,46,19,108,148,14,235,53,14,177,16,130,147,9,42,6,460,0,61,20,573,1,10,90,11,14,19,0,0,3,13,0,122,11,1,32,35,50,3,1,54,7,6,153,47,0,32,28,1,30,38,2,0,14,101,222,80,37,0,0,30,0,2,31,0,34,30,111,1,67,122,45,2,0,8,174,22,116,2,347,22,19,286,14,6,152,0,39,55,18,133,16,11,40,46,0,10,317,20,0,0,5,13,144,10,2,7,0,10,2,0,92,19,18,0,0,2,173,2,8,0,1,8,5,5414,77,1255,8,3,113,55,16,82,0,43,13,271,0,42,25,165,14,0,11,48,11,12,3,18,11,70,65,31,443,65,30,55,1,29,0,0,0,13,0,0,284,25,29,0,20,6562,6,0,48,0,0,0,4,22,93,0,74,0,3,74,7,137,2,30,0,449,6,0,6,17,17,7,51,0,19,1,83,120,49,94,17,97,27,10,0,1,36,0,75,0,0,1,82,65,41,2,19,91,2,14,7,46,0,17,67,28,7,382,55,8,0,10,1,60,149,24,17,2,13,5,8,6,134,1964,113,45,12,4,127,162,18,6,477,124,4,3,55,15,179,0,2419,5,10,22,0,1,19,0,100,0,1,73,17,108,60,13,52,13,435,4,12,0,4,23,21,333,28,4,21,4573,48,42,26,3,32,40,32,33,34,16,8,67,21,0,102,22,114,9,1,45,27,11,10,79,104,0,14,2,34,25,20,9,37,10,109,3,142,35,28,0,28,4,53,10,10,44,30,549,8,24,38,32,3,73,0,6,116,0,34,0,0,71,2,56,84,5,0,0,38,25,164,9,2,1,6,29,0,40,37,38,19,44,6,41,25,14,17,20,26,0,0,13,63,10,3,293,0,106,53,81,16,45,1181,17,0,10,31,12,23,102,7,6,0,6,13,20,20,1174,11,205,134,0,41,100,559,0,3,99,58,401,7,67,106,91,83,3128,3,0,5,52,112,35,81,34,50,18,3,54,5,37,71,11,137,9,5,0,132,0,65,81,127,45,269,12,853,3,2,36,39,0,38,35,4,211,162,77
cell_116,34,0,3,97,21,0,71,29,8,619,46,40,185,18,4,7,82,2,11,0,93,314,22,50,44,3,1,54,26,9,31,3,47,63,6,312,60,7,183,23,144,79,12,35,6,413,0,9,54,475,6,17,32,8,55,58,0,9,11,0,1,66,9,11,19,22,22,4,1,54,13,9,26,19,2,46,17,0,35,72,0,0,9,81,300,66,4,0,0,22,13,9,37,22,46,15,97,11,38,76,51,3,11,68,126,26,107,0,344,1,9,196,8,7,13,48,33,47,32,125,75,68,81,39,0,27,82,141,3,2,0,0,120,16,11,1,0,2,12,3,150,18,20,0,12,6,181,0,1,0,4,3,0,4033,14,1319,2,1,184,43,19,67,0,56,1,196,3,48,23,119,5,4,15,20,20,11,1,9,21,77,0,35,448,67,28,3,2,56,0,0,4,2,0,0,255,19,90,0,18,6512,5,0,55,0,0,0,12,20,201,1,88,0,10,37,45,113,66,20,0,460,16,1,3,78,6,0,28,2,37,2,109,93,1,15,36,149,24,34,0,2,30,2,27,0,0,30,71,66,54,0,48,98,24,21,29,116,2,14,63,23,29,411,38,13,0,22,2,99,155,23,14,15,12,6,26,19,127,1819,21,12,2,1,128,166,4,13,540,143,9,1,53,12,163,4,2371,11,7,10,3,10,4,2,127,0,4,96,10,23,103,1,50,0,462,0,15,2,11,0,17,263,19,0,44,4280,37,1,13,7,36,19,28,19,88,21,7,78,31,62,163,25,101,18,1,47,27,11,2,85,116,38,11,3,29,28,26,4,207,0,33,16,144,67,13,1,19,22,66,3,15,52,85,626,1,102,47,22,0,14,5,0,11,5,28,0,0,68,0,179,123,11,0,41,37,3,168,1,3,10,2,99,2,11,31,18,19,52,0,46,6,10,16,89,37,0,0,2,120,22,0,155,0,82,49,95,77,34,1257,35,0,6,43,15,124,79,0,27,2,35,29,70,45,555,13,366,103,0,7,130,423,61,21,108,111,146,6,40,129,74,115,1867,14,0,0,70,9,16,71,31,77,16,0,1,3,6,30,10,104,9,9,0,63,29,95,29,108,41,120,5,776,5,9,86,7,0,21,10,5,51,48,29
cell_117,23,0,11,99,35,0,91,6,53,354,64,122,166,26,0,38,83,13,1,8,74,284,32,7,29,4,0,46,33,11,37,72,40,39,29,239,75,10,207,35,216,242,38,47,1,300,1,0,26,557,31,37,49,15,18,83,3,10,8,0,10,23,19,7,25,0,81,14,0,52,28,9,97,19,1,11,9,1,5,36,0,14,6,92,271,13,38,0,0,22,0,3,68,0,11,32,85,0,45,88,69,0,0,6,210,20,119,31,326,0,39,268,6,10,163,41,37,40,10,83,89,46,34,4,0,33,34,2,6,9,8,0,96,20,0,8,8,2,3,0,194,22,28,0,4,61,146,2,10,0,2,15,4,5653,7,1372,17,0,180,43,20,77,0,16,11,204,0,57,28,179,5,0,12,50,16,13,0,15,19,35,20,46,510,78,29,2,25,82,71,0,9,0,0,0,213,7,115,69,11,6491,4,8,49,0,0,11,11,46,236,0,3,0,0,19,36,126,9,27,0,422,2,1,4,51,65,0,32,1,38,7,80,129,78,76,3,99,12,18,0,15,118,3,17,0,3,17,77,19,75,10,17,0,29,0,33,43,0,11,63,22,45,342,58,10,2,7,0,124,174,20,10,19,12,11,23,0,161,1923,15,47,3,1,112,130,23,17,427,89,10,12,73,0,148,0,2348,7,0,3,3,3,26,0,100,0,13,103,20,139,63,14,40,1,492,0,21,20,1,2,0,239,159,7,71,4342,22,7,1,21,52,33,12,70,22,9,61,47,0,1,281,41,108,0,5,56,26,91,3,75,68,5,12,0,12,206,13,19,26,18,1,5,83,14,10,1,3,0,88,10,3,24,126,510,12,58,14,25,23,33,0,13,83,2,19,2,3,77,23,0,75,9,0,1,15,22,130,29,0,0,27,109,2,0,36,25,0,11,16,7,7,11,53,42,0,0,9,38,33,17,12,48,0,103,48,97,31,50,1478,47,1,4,23,30,153,62,17,33,5,17,22,72,7,764,56,162,91,0,187,140,1031,1,12,57,38,415,0,75,58,19,64,1044,9,1,2,38,68,18,205,39,22,5,1,10,8,74,73,6,37,0,4,0,39,16,62,120,95,33,325,32,785,1,16,58,45,4,108,21,20,144,70,116
cell_118,7,4,1,86,9,0,69,28,14,378,52,18,154,35,61,51,94,18,5,18,104,152,40,2,76,14,0,55,35,27,45,28,156,8,16,120,0,28,218,1,46,111,24,42,1,219,0,6,14,625,0,30,61,6,3,67,17,14,3,9,0,180,13,6,39,0,91,21,0,30,0,3,152,22,1,28,37,0,33,43,48,6,10,90,281,67,6,0,1,54,11,2,57,0,0,11,127,13,26,113,48,2,0,8,170,14,94,15,365,0,4,145,18,5,202,39,28,38,42,80,115,199,71,37,0,33,6,167,1,3,4,4,122,33,6,12,0,2,8,0,149,17,8,0,46,14,184,4,10,1,4,16,4,3185,9,1369,19,14,121,42,35,80,1,42,18,132,3,8,25,290,39,6,40,14,18,0,2,21,12,71,8,53,443,87,23,26,12,47,94,0,0,13,0,0,233,5,222,0,22,6138,4,0,74,0,0,3,3,29,128,0,4,0,0,32,14,31,83,42,1,430,0,0,0,20,80,1,24,7,11,8,94,97,17,26,5,96,9,47,0,38,27,2,43,0,0,17,92,139,45,1,12,3,7,0,15,9,0,0,86,7,44,310,8,3,2,22,8,111,159,15,1,1,2,11,25,26,132,1956,43,78,4,2,115,131,38,8,376,102,9,9,88,12,163,1,2776,12,0,13,8,10,2,1,82,0,4,97,4,77,75,19,12,4,526,0,9,3,20,4,17,42,116,5,41,4322,40,34,3,6,22,24,23,47,28,5,36,132,47,4,0,55,105,79,19,23,22,232,6,69,106,24,5,0,2,182,20,2,204,0,67,7,120,89,31,0,15,43,78,4,6,15,47,178,9,67,52,48,2,38,2,64,112,4,27,12,5,37,25,0,11,60,81,56,88,1,90,13,8,0,9,68,12,38,57,13,0,8,5,42,71,17,84,44,123,2,0,24,73,39,2,146,0,106,37,99,62,39,1415,6,0,0,37,15,64,111,40,46,8,15,25,34,3,326,29,83,112,1,280,149,983,2,24,118,95,199,2,69,51,33,80,1003,16,40,21,22,61,15,164,44,35,15,0,3,10,43,17,4,89,6,2,0,17,0,138,61,128,55,308,49,994,4,9,21,41,3,33,25,17,80,121,58
cell_119,9,7,4,107,18,4,90,50,51,433,36,67,171,17,0,28,85,5,2,8,91,88,7,2,21,14,0,115,24,14,30,137,23,14,10,271,270,19,242,24,150,299,12,29,10,416,2,0,22,45,8,8,63,13,20,48,1,1,27,2,0,137,10,3,29,45,35,19,2,44,60,11,139,19,1,16,28,8,11,49,0,11,5,103,9,81,8,1,0,12,3,6,38,1,9,51,71,8,78,71,31,3,7,3,161,22,129,18,129,1,15,172,3,7,257,14,4,13,23,123,59,20,61,18,9,19,356,32,6,0,0,14,124,30,12,5,2,3,2,1,175,25,45,0,23,13,177,6,9,0,0,4,2,4589,54,1217,24,0,147,6,31,94,0,38,38,154,15,53,25,294,0,4,8,6,27,0,10,15,4,43,7,53,461,63,38,5,1,61,52,29,5,1,0,0,109,37,158,117,20,6676,19,15,56,0,0,1,3,24,252,0,48,0,1,38,82,77,38,11,0,457,0,0,2,35,0,10,32,6,32,3,91,16,13,27,26,24,20,17,0,8,47,5,11,8,0,0,67,26,52,1,1,40,13,8,42,6,2,10,11,8,91,260,54,24,0,10,1,154,149,39,3,11,18,11,10,3,130,1909,49,45,55,5,88,156,13,22,453,119,1,2,31,81,191,0,2377,40,32,36,10,13,6,8,95,0,6,91,16,106,91,15,0,0,488,3,22,4,17,2,23,300,21,3,60,4285,46,3,2,29,8,13,8,30,0,14,56,35,0,81,109,54,167,17,0,65,30,1,3,82,115,20,24,12,20,38,10,27,108,5,10,12,32,25,15,0,22,11,68,0,7,1,31,476,24,46,46,21,27,23,3,4,69,13,19,4,0,72,24,3,82,23,17,11,10,280,127,18,2,0,7,51,6,15,26,24,5,77,1,13,55,16,66,27,31,0,12,21,89,0,0,146,0,120,62,87,58,36,1198,36,0,15,40,23,138,56,0,83,9,26,21,21,38,111,67,330,128,0,28,114,1185,0,16,29,93,278,0,46,83,49,81,1466,7,0,0,42,40,55,146,51,31,12,0,16,0,6,10,2,76,4,7,0,84,69,90,86,46,42,325,32,791,0,12,96,48,9,52,11,5,188,67,121
cell_120,19,0,34,107,25,0,98,39,19,72,50,56,187,34,10,4,78,0,0,2,80,233,1,34,12,10,0,86,27,20,41,1,111,101,12,358,420,30,186,28,95,212,26,43,3,221,1,8,15,116,12,1,71,12,15,51,6,7,7,3,0,20,24,21,24,0,77,75,4,43,39,7,12,11,0,5,102,0,34,55,2,0,4,81,266,30,11,0,1,43,0,2,43,1,5,33,30,0,24,90,27,1,8,12,226,31,54,7,408,5,10,242,8,2,112,37,45,22,34,170,115,180,45,25,2,18,84,0,1,12,1,0,110,35,13,21,0,3,10,5,191,27,12,0,45,8,145,0,4,0,1,7,2,3516,22,1273,7,3,198,59,37,43,0,52,37,281,23,98,31,258,0,0,13,40,15,5,2,22,7,66,23,23,454,55,27,49,26,55,40,1,1,4,0,0,208,10,27,3,17,6515,0,0,12,0,0,8,5,34,220,0,73,0,1,42,51,10,18,10,15,417,5,1,5,21,81,0,45,0,38,3,111,139,35,92,26,162,23,32,0,9,69,1,15,0,0,2,75,44,15,5,1,118,29,4,39,26,1,12,45,32,34,95,42,14,0,15,0,119,157,25,22,13,22,5,15,5,134,1870,39,8,4,9,128,148,9,24,502,113,0,2,56,41,152,1,2541,29,8,24,4,13,14,0,103,0,1,85,12,127,88,1,12,1,507,0,24,18,21,38,2,64,54,9,9,4326,68,2,7,0,45,18,13,89,99,0,22,27,37,2,391,43,118,14,0,9,30,23,5,64,110,8,11,0,10,70,21,6,27,12,18,1,155,74,17,0,42,23,65,24,15,70,14,641,6,63,38,33,24,24,4,71,97,11,30,2,0,151,3,3,37,15,35,0,3,30,91,4,6,0,10,62,8,1,12,15,0,135,8,36,4,18,14,12,3,2,2,3,34,39,0,34,0,142,76,74,52,42,1218,50,0,2,20,13,55,92,0,25,0,22,11,25,4,348,0,13,77,0,40,97,1234,0,20,98,100,405,2,33,25,70,73,1321,13,2,1,77,106,10,227,23,68,1,0,9,5,100,46,3,99,1,3,0,144,0,99,75,112,39,239,19,903,1,8,38,39,8,66,39,1,196,76,109
cell_121,12,2,12,79,8,13,77,6,66,80,33,2,155,13,0,7,79,8,12,16,105,132,3,34,42,8,0,198,26,8,44,38,18,35,24,169,91,21,230,13,83,135,42,43,1,254,1,0,16,567,11,57,74,5,37,48,1,4,24,10,2,97,61,4,31,0,66,14,2,48,31,14,126,35,1,11,107,3,38,54,1,14,11,22,161,20,3,0,0,38,1,1,8,0,8,26,73,2,75,38,28,5,2,3,136,10,150,17,413,4,7,182,12,5,144,16,32,43,10,114,42,148,25,56,0,38,310,106,0,4,7,65,124,18,0,36,2,1,4,6,162,20,16,0,0,7,153,0,19,0,0,20,1,2232,61,1217,42,0,150,39,25,67,0,34,4,96,2,74,7,263,52,1,7,33,8,0,0,25,6,83,3,19,476,67,20,34,9,56,86,2,1,2,0,3,315,17,14,131,9,5761,5,2,28,0,0,9,16,13,236,0,5,0,6,27,18,42,20,23,0,438,0,3,4,17,60,1,51,0,14,3,61,136,64,66,10,117,8,28,19,10,49,3,9,2,0,37,48,50,36,0,40,3,2,0,40,2,0,1,22,20,38,339,9,14,4,25,8,63,125,16,8,6,9,5,8,0,184,2074,36,133,14,10,93,132,27,12,393,124,5,0,48,2,158,1,2519,2,22,9,0,14,11,4,57,2,3,46,17,183,83,8,4,0,540,2,7,6,52,0,4,7,90,28,60,4485,20,45,2,8,8,19,15,74,40,2,75,20,32,10,365,63,90,4,8,43,30,146,2,52,105,2,8,0,19,77,15,0,193,5,34,0,125,50,21,3,0,0,79,19,3,55,21,444,32,60,41,19,7,54,0,54,80,1,27,3,0,87,34,0,44,30,0,1,25,15,79,36,0,0,24,34,7,29,19,15,0,38,2,26,47,12,31,25,6,5,11,34,100,5,4,109,0,99,55,120,9,30,1568,8,0,3,30,4,80,117,13,7,0,23,25,42,19,44,12,281,119,0,274,123,973,0,14,89,47,406,3,41,74,31,21,470,6,20,111,79,81,93,223,47,32,18,6,58,5,46,24,3,10,0,2,0,101,1,114,1,103,38,193,32,996,7,4,46,59,0,31,10,2,107,165,100
cell_122,49,0,5,106,25,0,112,40,16,828,45,65,167,17,1,25,73,2,6,6,82,118,7,23,59,7,0,60,21,6,54,26,61,8,11,169,8,9,203,0,96,217,18,33,1,284,0,23,7,381,9,52,36,21,38,142,7,14,2,4,1,58,6,9,29,37,33,0,0,54,56,13,76,3,0,28,90,0,50,56,32,0,16,53,230,9,19,0,0,12,0,10,17,20,8,40,71,1,57,130,55,0,7,5,169,29,143,0,386,2,38,221,4,0,165,13,30,31,23,150,79,98,19,37,11,23,179,23,7,0,2,2,105,9,12,9,0,2,6,5,197,39,31,0,3,10,174,2,3,4,5,15,0,3429,64,1372,15,0,152,51,32,32,0,53,0,298,4,104,18,246,23,3,5,29,8,6,2,15,20,65,5,36,433,42,29,12,3,58,100,0,11,2,0,0,287,35,96,0,14,5847,1,3,60,0,0,2,6,28,220,0,44,0,0,71,36,87,24,45,0,413,0,0,15,34,49,0,47,0,38,3,109,118,18,10,20,28,9,41,0,18,36,0,4,0,1,49,116,80,79,17,26,6,26,0,16,50,0,6,76,18,38,376,23,8,0,13,75,170,140,8,7,11,6,2,13,1,150,2049,67,48,24,18,111,127,9,3,442,112,0,8,18,2,164,0,2359,47,12,10,7,8,2,2,146,3,19,104,11,77,86,20,33,2,485,0,13,14,1,0,17,190,100,12,43,4312,70,120,12,16,35,13,35,91,12,2,14,131,1,2,235,51,120,39,3,69,18,8,1,85,110,13,8,0,40,66,24,2,183,57,30,4,169,104,2,0,9,11,75,9,19,77,8,495,5,42,45,12,21,34,0,76,34,1,21,0,2,68,5,0,138,10,10,5,80,52,160,9,2,0,1,113,27,16,45,18,0,47,0,25,24,23,30,96,11,0,0,25,62,10,10,76,0,57,41,113,14,47,1295,30,0,6,36,7,60,81,6,17,5,15,15,32,68,1115,34,284,66,0,108,116,215,0,5,72,113,478,1,7,116,65,60,1031,16,10,2,75,50,36,223,33,45,12,0,9,5,54,57,0,161,13,8,9,67,0,118,61,82,50,272,31,795,1,12,41,34,11,70,31,0,148,21,19
cell_123,36,6,11,90,39,0,96,9,24,686,41,77,149,7,2,11,89,2,3,3,83,126,4,0,27,0,3,226,27,16,57,15,33,72,30,334,222,27,224,3,216,126,36,34,3,86,0,42,10,588,0,0,44,20,53,59,0,8,1,6,3,38,39,0,9,26,93,49,17,50,9,3,134,11,1,36,137,0,32,40,12,0,13,80,310,15,4,0,0,50,0,8,23,0,6,37,35,9,63,88,23,5,1,15,228,21,155,23,411,0,11,215,9,2,95,53,33,41,26,131,126,141,62,55,0,26,0,15,0,0,1,0,137,9,3,9,0,7,14,0,187,18,25,0,9,18,189,2,1,0,3,6,0,1096,54,1240,41,0,181,49,24,64,0,33,2,418,1,69,24,193,0,4,1,43,5,7,0,13,9,39,10,74,496,63,25,1,6,76,96,2,2,13,0,0,274,33,36,0,17,5854,5,1,48,0,0,17,7,20,197,0,73,0,0,48,57,79,26,10,0,434,5,0,2,17,62,0,35,3,25,3,97,135,108,30,17,121,23,24,6,17,34,3,47,0,0,23,86,35,66,1,8,110,23,0,58,44,1,5,91,18,23,365,61,1,0,20,0,149,126,36,1,25,25,14,19,0,125,2084,19,52,3,21,124,125,2,22,555,93,18,10,64,2,158,3,2424,8,8,11,9,21,0,2,126,1,22,114,15,20,55,6,6,0,454,2,13,11,18,0,18,205,61,2,27,4257,63,93,0,5,23,16,27,8,35,5,50,42,21,1,145,46,146,2,1,50,29,318,5,70,107,32,16,0,19,116,25,9,17,14,3,0,150,10,17,0,9,8,68,16,15,63,17,612,14,70,7,23,17,31,6,90,109,5,26,1,0,115,0,0,139,5,0,47,94,24,156,23,6,0,1,84,5,12,61,13,5,28,4,40,2,21,39,60,29,0,3,12,26,46,3,136,5,90,38,75,46,32,1216,30,0,0,27,1,73,76,13,40,0,29,28,43,48,936,19,42,101,0,9,114,974,0,27,119,93,415,3,74,41,79,70,1449,20,1,15,65,114,11,206,41,68,13,0,62,0,81,60,9,140,0,6,0,137,17,131,23,137,33,282,10,756,1,3,49,23,2,126,50,17,224,176,84
cell_124,23,1,7,96,24,0,79,21,15,124,35,143,172,8,5,11,77,9,3,7,103,243,2,0,60,0,0,86,27,9,40,13,3,82,22,329,41,18,204,9,207,171,22,40,7,259,0,36,17,562,40,8,59,12,116,6,2,0,30,1,0,151,74,0,6,0,100,1,5,47,28,11,26,2,1,34,73,5,32,32,3,9,11,88,91,43,5,0,0,11,1,11,35,0,35,5,103,7,90,13,6,3,3,17,190,12,55,4,371,7,20,275,8,11,25,0,24,48,27,113,108,251,48,44,0,26,103,145,23,2,4,0,120,25,1,11,0,0,1,1,171,27,13,9,9,31,168,3,16,4,1,0,1,3254,54,1389,2,0,74,45,9,29,0,24,44,232,2,130,24,229,6,2,8,19,10,3,0,12,1,64,0,28,399,47,18,41,12,66,0,0,0,13,0,0,293,9,81,1,11,6706,16,0,58,0,0,5,25,24,199,0,2,0,3,19,34,33,25,22,0,444,12,0,2,56,80,1,39,0,67,0,39,152,185,73,16,124,19,16,11,1,70,4,32,0,0,2,80,51,23,6,10,64,25,0,36,23,3,18,59,7,34,293,1,75,0,20,1,111,131,9,15,12,24,10,13,7,124,1880,8,20,14,4,137,140,12,24,437,117,8,6,62,6,168,0,2463,4,8,17,13,7,12,0,153,4,0,84,5,14,64,17,40,0,487,0,10,1,22,6,10,339,86,3,23,4278,61,87,8,11,83,43,29,79,80,12,28,142,34,0,419,68,101,12,0,15,32,10,2,75,82,27,13,0,33,18,20,13,7,52,47,0,86,3,22,0,7,5,78,14,7,66,3,579,4,37,7,51,12,67,0,62,45,5,33,0,0,62,11,1,15,3,0,4,23,49,48,4,2,0,4,71,4,2,57,15,0,1,10,37,14,14,110,103,3,0,0,1,29,37,4,317,0,76,54,62,18,29,1400,5,0,17,32,3,93,101,5,44,2,52,17,18,44,1041,36,5,87,0,16,103,981,0,24,114,112,443,3,23,37,105,54,1156,13,0,0,111,105,4,199,41,31,16,0,8,2,16,57,21,122,6,1,0,108,6,122,45,111,42,234,22,826,0,0,60,35,2,29,50,4,114,79,22
cell_125,6,0,3,85,22,0,44,10,82,109,45,35,149,4,2,3,50,3,0,2,77,180,24,10,27,9,0,260,24,4,31,0,45,41,13,260,0,16,181,24,142,156,15,44,15,394,0,25,39,261,84,24,44,4,23,121,4,0,13,3,0,195,7,1,28,31,78,9,0,30,37,14,20,48,2,41,78,0,23,23,6,0,7,95,32,60,0,0,0,3,0,0,30,12,3,26,124,1,94,24,7,4,0,18,248,20,113,6,394,0,9,283,8,1,72,7,27,42,39,86,21,199,56,2,0,28,139,121,3,2,0,2,122,28,10,4,0,3,2,0,169,24,19,16,1,16,171,1,9,0,4,4,1,2419,20,1298,13,3,83,50,13,62,2,7,4,90,0,84,23,263,19,6,2,8,8,3,0,14,5,80,5,29,424,23,18,11,3,58,93,18,25,10,1,0,242,23,91,1,17,6766,2,0,61,1,0,2,6,13,215,4,0,1,0,35,29,24,11,0,5,458,0,0,11,47,77,1,62,0,24,3,55,100,44,45,21,31,15,14,13,7,53,11,28,0,2,0,37,40,27,1,4,86,6,22,26,47,4,12,44,25,28,316,8,47,0,7,53,42,138,33,19,28,15,5,2,4,102,1821,8,41,30,0,143,158,1,14,535,123,4,4,60,0,175,11,2438,5,38,21,0,6,5,1,9,0,2,31,18,147,92,51,14,0,419,0,7,10,8,1,7,50,101,15,37,4346,33,65,7,3,14,19,17,4,89,21,35,41,29,4,488,56,135,5,0,69,14,0,0,75,86,35,4,0,47,4,9,12,146,9,90,0,88,40,22,0,8,5,64,6,2,65,25,427,19,102,38,40,19,13,0,12,24,0,24,1,1,42,10,0,64,17,8,48,71,33,92,10,0,0,18,120,1,23,46,19,57,11,5,47,14,25,111,25,0,0,4,13,83,15,0,184,0,124,41,68,3,31,1316,9,0,0,21,6,99,108,0,44,1,80,25,43,60,772,3,151,122,0,202,140,436,0,12,127,107,440,5,19,247,110,39,2072,7,0,22,28,110,0,212,29,43,12,7,9,11,38,65,6,9,18,3,0,62,9,102,6,150,33,235,37,726,1,15,73,38,11,34,0,1,21,125,67
cell_126,17,14,10,98,22,2,95,22,53,533,53,58,148,6,103,3,75,6,23,13,77,272,8,24,10,0,0,81,22,9,52,93,37,92,14,265,146,21,198,5,97,142,41,41,0,421,0,7,3,704,0,0,71,4,47,52,5,18,1,3,1,60,85,5,23,37,36,18,1,47,3,17,53,36,2,32,32,0,30,46,0,17,13,65,73,60,24,0,0,19,0,4,66,64,4,29,135,3,51,0,38,2,15,7,236,16,88,6,478,0,39,224,2,0,82,3,25,44,24,173,56,188,18,28,0,29,97,6,0,1,3,0,121,48,0,32,0,4,12,2,168,26,17,0,3,37,204,0,10,1,0,20,2,2594,49,1414,13,0,144,57,28,71,0,15,12,138,8,74,31,224,18,0,10,13,12,13,2,24,3,80,15,69,464,71,27,8,10,65,37,0,0,8,0,2,300,37,37,0,11,6231,0,0,53,0,0,0,6,24,216,0,0,0,0,68,17,17,4,25,2,420,9,1,5,24,66,0,64,0,24,7,43,139,90,117,2,118,20,9,2,49,40,0,3,0,0,47,74,64,54,1,57,43,8,3,18,89,0,9,53,33,34,343,12,0,0,28,35,119,150,11,3,11,6,22,6,1,87,1895,65,11,15,3,99,159,10,21,438,115,0,5,55,13,171,0,2571,19,14,2,3,10,9,2,13,6,9,65,21,147,85,15,15,0,505,0,11,15,18,0,7,37,18,11,91,4248,2,70,8,11,93,41,39,22,52,1,6,68,24,0,412,21,25,0,0,24,24,43,1,29,96,0,12,15,25,53,10,7,67,4,28,2,105,15,16,0,4,2,98,16,2,16,41,614,8,89,46,10,34,27,0,63,89,7,20,3,0,109,5,0,34,5,0,0,18,139,143,15,0,0,19,31,0,22,29,17,0,20,10,41,2,18,64,20,0,0,0,29,124,52,16,68,0,155,75,104,0,44,1216,55,1,2,37,8,124,81,4,5,0,11,21,10,14,30,7,7,121,0,386,184,1111,0,12,119,89,567,1,70,25,62,44,1113,22,0,0,20,40,57,3,35,59,13,11,4,4,57,61,13,25,0,11,4,141,0,113,0,119,42,261,8,785,0,8,48,39,0,114,28,7,15,38,24
cell_127,48,0,20,90,42,0,110,45,56,500,33,31,120,15,13,7,91,12,4,11,78,294,4,0,11,2,1,44,18,29,55,22,121,38,8,269,24,20,228,4,64,152,16,32,3,392,0,55,5,658,0,12,55,8,97,36,0,3,5,1,15,107,12,8,6,0,77,95,7,48,53,7,34,14,7,42,91,4,14,27,8,8,14,28,300,72,23,1,0,45,1,11,15,27,4,15,119,6,11,90,41,8,11,20,228,30,142,8,408,14,6,260,6,4,77,37,43,34,15,93,137,14,28,45,0,15,119,168,3,5,0,0,121,14,5,31,5,4,13,0,169,25,11,7,0,15,198,1,0,0,1,7,2,5752,72,1334,26,0,178,42,4,65,0,15,40,218,4,45,25,55,11,6,19,11,21,19,2,14,3,82,7,51,472,54,35,23,7,55,70,68,11,0,10,0,241,6,188,0,15,5781,2,0,55,0,0,12,2,28,29,0,107,0,0,38,6,48,9,17,6,447,2,6,0,14,80,2,15,3,15,10,28,137,49,37,23,121,13,4,4,15,75,2,12,0,3,0,69,40,8,2,26,153,24,0,9,40,0,2,45,3,40,308,16,12,1,5,33,157,144,17,2,15,5,7,16,7,84,2190,4,112,7,0,111,135,3,6,427,113,22,10,52,22,141,0,2606,1,0,14,3,15,14,1,7,9,3,86,19,70,68,33,19,3,513,5,21,5,22,1,5,27,131,2,76,4319,20,28,8,21,25,45,34,8,74,0,25,81,3,98,515,68,99,12,36,24,21,6,13,28,107,0,12,0,29,35,17,1,14,0,62,4,166,26,20,0,0,9,69,6,20,69,22,640,0,95,32,42,12,33,0,70,101,5,22,2,2,101,2,6,0,3,0,1,10,0,99,13,1,1,6,104,8,11,65,22,0,62,18,40,5,13,76,20,15,0,0,16,35,26,11,12,0,134,71,100,93,19,1189,11,5,1,33,15,42,73,8,67,4,30,11,14,7,1351,1,109,90,0,52,139,824,0,2,108,39,255,1,68,82,67,63,1351,16,4,9,29,84,107,168,26,65,8,2,19,11,23,81,5,85,2,5,1,85,8,112,75,74,54,266,15,827,7,1,94,46,2,45,22,0,13,25,92
cell_128,54,0,4,92,27,0,98,19,59,216,36,56,181,33,15,10,80,4,0,6,65,180,8,0,8,4,3,105,26,17,58,21,121,87,4,305,138,21,191,7,171,260,4,47,4,371,0,25,3,600,6,1,78,20,28,147,3,0,4,4,1,20,55,1,28,0,77,42,0,40,19,21,104,21,4,31,111,10,44,0,0,0,7,56,173,22,3,4,0,46,15,2,4,83,2,18,7,0,64,74,33,9,2,28,156,25,113,12,172,16,11,247,9,10,121,20,38,40,7,79,128,67,33,13,0,24,116,0,7,0,10,0,137,32,26,3,0,4,28,1,180,22,15,0,10,22,190,2,42,0,1,13,2,8002,67,1402,6,24,163,45,30,44,0,65,7,66,1,68,23,285,6,15,43,13,35,0,0,15,10,92,6,70,462,62,26,22,11,60,1,8,5,27,1,0,270,28,61,0,20,6337,6,0,42,0,0,19,7,14,246,20,66,0,0,60,43,25,2,20,8,450,0,2,2,16,28,2,57,2,46,1,84,41,50,84,33,112,12,39,0,50,31,12,17,0,0,34,90,13,33,0,4,120,19,0,4,74,2,14,64,23,48,28,74,42,0,9,51,111,140,29,11,37,26,3,12,1,141,1928,78,89,65,0,86,135,9,21,579,98,22,2,42,10,176,4,2429,8,7,16,0,13,3,0,115,0,8,102,11,110,64,9,19,0,442,6,16,5,11,66,18,307,169,0,3,4277,72,35,0,7,54,34,21,53,32,6,27,23,23,64,42,47,149,15,0,26,30,0,9,59,113,6,14,21,11,8,6,2,173,46,89,1,167,76,16,0,34,13,64,20,26,55,17,453,79,87,7,26,40,9,0,0,111,8,32,8,0,93,0,0,44,10,9,1,20,30,113,33,5,3,7,9,10,8,32,15,0,152,16,40,2,20,4,10,21,0,3,0,71,29,9,64,0,144,70,101,50,43,1456,47,1,1,40,24,72,118,0,47,1,3,8,21,42,78,18,85,140,0,36,128,935,0,50,149,59,236,7,61,137,18,62,1302,16,0,43,59,111,0,216,28,59,6,10,4,9,59,77,8,66,3,7,3,162,22,97,59,110,51,108,0,737,2,3,57,41,3,48,16,18,44,187,53
cell_129,2,6,15,56,2,0,50,65,114,27,23,1,167,4,1,23,59,11,5,0,67,146,10,11,16,17,0,71,14,9,42,12,19,6,6,372,1,15,150,23,130,147,0,26,8,226,3,24,7,215,0,25,78,3,33,54,7,2,15,5,12,38,102,0,21,1,26,2,0,60,53,3,141,29,2,45,119,12,19,3,3,0,10,53,0,4,3,2,0,29,17,11,35,0,0,39,67,9,91,78,27,6,2,9,175,31,183,11,806,0,2,138,4,12,74,20,50,34,29,89,46,12,98,5,1,26,239,150,0,0,28,3,19,31,0,7,2,2,2,0,56,61,21,3,3,4,333,10,4,2,5,30,1,3598,86,1053,140,1,116,14,69,54,2,6,58,48,5,65,38,133,9,13,19,11,25,11,3,23,0,81,9,57,270,40,15,6,4,95,96,13,4,13,0,20,169,22,366,99,23,4322,5,0,45,1,0,13,10,24,10,0,40,0,0,27,16,54,38,44,0,1393,0,2,3,61,86,4,75,1,73,9,73,160,77,10,26,10,1,12,60,48,20,6,132,0,0,0,59,58,20,0,4,176,8,0,39,0,5,0,40,4,101,203,0,38,6,13,6,352,70,21,23,4,2,8,14,0,373,1168,37,5,1,18,188,257,18,15,103,78,8,4,92,7,321,3,2290,30,10,4,15,13,1,2,163,15,11,83,16,43,112,26,2,2,438,4,22,6,1,0,25,14,124,69,9,6033,74,54,19,18,9,5,3,27,111,0,24,168,53,7,34,73,55,12,2,60,61,87,6,43,77,31,27,0,34,129,8,1,62,22,12,0,22,99,25,0,13,3,153,2,8,9,35,354,17,95,82,16,0,9,0,0,72,0,21,3,0,56,1,0,26,4,0,30,8,0,97,7,3,0,28,98,27,1,80,40,0,44,2,48,101,37,24,75,3,25,7,23,122,2,0,361,0,117,78,140,25,45,3683,20,0,2,50,6,65,44,0,363,1,31,30,10,67,174,1,144,155,0,36,65,736,7,28,68,55,107,5,50,244,85,83,3411,8,1,126,64,86,9,225,46,85,24,0,21,0,20,5,0,147,16,2,0,24,70,104,141,80,30,310,63,1362,0,44,96,123,3,2,44,0,8,75,1
cell_130,3,0,11,62,19,4,68,11,58,94,28,10,186,17,61,68,58,37,6,7,72,80,18,12,20,1,0,22,19,4,51,10,57,27,24,564,12,22,136,41,83,138,43,22,10,178,0,0,0,136,8,29,64,31,16,73,8,11,2,3,0,55,37,4,31,43,49,4,0,37,44,13,63,58,1,2,13,14,23,36,22,1,6,65,89,13,6,2,0,24,0,3,22,0,21,25,70,12,47,89,26,1,0,5,142,30,192,21,320,0,0,121,7,6,24,5,59,76,36,62,73,136,97,130,0,25,469,14,18,3,4,14,43,45,0,6,0,5,5,0,47,59,14,0,10,1,306,1,20,1,7,4,8,1020,86,1035,78,4,114,7,51,73,0,71,6,28,20,72,38,64,5,0,5,25,16,4,0,32,13,59,15,8,276,46,20,9,19,88,104,27,25,10,0,9,168,19,321,12,20,4003,1,0,32,0,0,6,3,20,132,5,195,7,0,9,35,5,18,46,0,1198,0,7,1,60,83,5,41,3,12,4,62,160,39,102,36,57,15,53,17,3,58,6,11,0,0,11,21,158,19,4,1,240,40,0,47,17,0,5,13,13,91,189,33,23,2,15,21,67,99,33,7,1,14,2,12,1,455,1387,22,64,2,6,162,277,19,42,118,94,10,0,83,54,313,3,2290,36,11,42,13,10,6,1,131,0,1,86,19,140,137,12,14,0,415,4,21,20,12,2,1,96,119,10,9,6331,111,1,7,33,68,14,35,8,77,5,19,94,46,8,236,70,58,4,15,65,73,115,3,51,64,29,26,12,9,316,5,4,49,3,22,3,195,92,15,0,14,65,143,8,16,30,54,409,28,111,40,38,20,19,0,0,35,6,27,8,0,243,17,0,291,1,32,6,25,180,78,13,1,0,18,103,4,2,70,20,0,52,3,33,79,21,14,59,19,1,3,29,131,6,2,45,0,96,66,72,10,24,3490,13,0,0,45,13,49,53,3,177,0,14,31,21,0,679,2,63,100,0,172,78,680,0,0,68,107,47,1,45,322,77,59,1921,26,5,4,74,17,14,204,32,96,17,3,59,0,31,4,2,168,17,6,0,45,15,94,38,94,21,88,69,1541,0,21,192,120,7,123,24,0,126,14,52
cell_131,11,6,5,58,16,15,50,14,52,13,14,5,137,5,21,16,60,10,40,0,59,50,4,4,22,4,0,116,27,2,53,40,109,32,28,581,262,10,185,33,17,198,5,21,1,318,1,20,0,226,6,1,103,13,21,11,5,4,19,8,0,48,116,6,22,41,29,13,5,52,36,9,36,101,1,76,12,0,10,36,0,7,20,90,91,15,13,4,0,15,0,4,0,58,32,27,103,9,58,40,37,8,5,9,157,38,245,5,464,1,38,122,7,3,128,27,46,79,44,21,6,4,28,130,0,29,358,16,0,0,1,33,72,98,17,12,0,2,10,1,58,77,22,0,18,16,261,0,25,1,2,41,11,3263,90,1100,21,2,101,21,42,52,0,50,30,27,5,13,29,145,43,7,20,1,1,20,1,16,12,112,84,16,255,15,8,16,3,79,0,30,3,8,56,0,148,10,33,17,13,4415,0,0,45,1,0,0,15,18,143,0,22,2,1,33,16,86,18,25,0,1196,2,8,10,27,7,2,54,0,83,2,77,98,103,82,29,16,10,17,0,161,36,0,17,0,0,0,19,88,12,16,14,13,1,0,7,23,0,25,9,12,35,163,15,22,0,36,92,151,77,27,30,39,14,7,1,2,436,1469,88,20,35,4,155,273,26,28,122,119,0,22,103,24,254,0,2469,30,18,6,9,6,9,1,155,7,6,42,15,56,101,9,52,0,384,3,19,49,2,8,5,102,30,18,11,6284,88,74,3,31,127,24,37,14,70,2,42,37,0,1,167,5,21,4,6,9,55,0,6,45,81,1,21,5,44,83,9,2,110,14,15,2,54,120,16,0,0,2,121,15,9,54,16,272,1,0,50,11,6,25,0,7,96,2,25,6,0,90,0,0,8,2,0,5,107,35,104,6,3,0,28,45,15,6,37,29,7,48,4,6,11,38,16,34,4,5,0,0,135,3,1,134,0,150,16,44,11,32,3900,43,0,8,33,58,90,73,6,0,1,12,45,12,72,191,2,165,117,0,28,52,577,0,13,93,60,91,0,46,341,7,55,2213,3,0,108,62,90,1,151,40,51,22,0,1,4,9,23,2,120,1,17,0,144,0,106,17,122,26,107,74,1456,0,21,140,105,3,36,37,6,69,21,4
cell_132,15,0,16,41,11,8,63,33,78,104,19,13,129,5,6,7,48,8,0,0,76,70,8,1,5,3,0,99,20,8,33,24,85,43,5,599,378,23,145,13,24,120,19,37,1,130,1,10,9,128,3,31,72,19,58,49,3,0,12,1,2,25,10,3,8,7,59,7,0,48,21,10,90,53,1,44,69,6,23,28,4,0,15,77,220,5,13,0,0,28,2,8,36,1,12,24,117,16,80,103,22,0,0,4,199,37,57,12,767,3,9,113,4,4,53,44,44,92,10,27,40,29,117,125,1,21,171,186,16,0,9,17,80,51,30,11,0,2,8,0,53,39,10,0,8,11,340,0,4,1,6,4,2,1661,10,953,56,0,105,26,58,43,12,15,40,54,15,99,40,69,14,2,26,44,44,21,0,26,20,92,23,61,256,53,22,8,25,78,100,23,10,1,0,3,177,3,231,0,18,4441,3,0,45,0,0,9,5,23,144,0,85,15,0,22,19,124,13,38,0,1338,11,2,3,67,72,4,50,0,59,2,65,143,98,186,49,71,35,40,0,11,29,0,66,0,0,8,49,45,6,20,12,524,31,0,6,0,0,18,32,8,62,226,68,35,0,10,34,444,108,13,13,43,4,6,7,2,405,1175,15,4,3,17,174,258,0,28,149,80,7,4,60,28,314,2,2205,9,8,21,19,15,8,0,78,2,1,94,14,53,138,24,10,1,427,2,20,28,17,0,6,34,83,28,7,5946,76,8,17,3,20,40,63,60,58,9,60,128,30,4,331,65,76,15,11,27,57,1,3,44,69,37,45,6,34,104,10,5,50,21,32,12,94,98,28,0,19,66,154,13,41,40,7,397,0,86,48,27,14,9,3,4,87,6,24,21,10,281,2,2,6,0,0,0,0,0,128,4,3,0,11,126,24,2,43,51,2,75,6,38,89,14,32,31,0,0,0,6,55,0,0,27,0,109,11,76,28,31,3485,13,0,5,35,30,10,73,4,224,3,3,16,11,7,2045,2,26,97,0,78,65,701,0,26,67,86,91,11,34,304,61,106,1945,4,9,21,146,106,12,206,36,81,8,2,16,7,20,24,2,211,1,4,0,39,9,105,98,63,27,308,28,1478,0,13,54,111,5,106,22,21,26,151,61
cell_133,16,2,19,58,25,6,39,37,17,117,34,22,147,10,130,14,47,18,4,6,83,58,10,2,4,15,2,68,20,12,28,21,40,24,38,120,19,28,154,4,82,69,27,33,9,112,0,32,4,242,0,20,128,15,130,47,4,0,3,3,0,29,110,11,18,0,70,13,0,60,5,2,28,52,2,45,83,2,12,30,4,9,12,87,198,10,8,0,0,55,4,12,86,0,19,38,89,0,44,96,86,3,1,13,157,6,103,14,484,4,2,153,1,1,59,24,31,82,47,101,54,51,29,155,0,22,216,6,3,0,2,0,82,24,13,9,0,14,18,22,55,43,28,0,21,43,323,1,21,0,7,14,1,3687,71,952,42,0,82,27,40,62,0,44,8,53,7,94,34,147,23,8,8,22,3,15,10,33,4,87,8,3,269,33,14,8,3,70,1,27,1,1,0,0,168,14,23,86,7,4274,10,0,24,0,0,3,12,7,116,0,181,0,0,58,20,19,5,34,2,1294,2,9,38,39,96,1,58,1,60,0,31,150,131,73,16,35,18,6,6,151,46,15,36,0,0,62,25,23,24,3,5,0,15,0,7,60,2,6,10,19,133,221,38,10,2,3,109,197,80,9,39,11,17,9,7,9,362,1287,9,2,42,21,194,308,6,11,142,94,2,5,8,16,270,0,2376,28,7,14,6,19,7,0,160,0,12,77,12,108,57,5,11,1,389,0,13,7,30,1,7,101,79,4,20,6205,65,88,33,16,42,25,34,94,57,9,33,112,34,0,225,60,72,49,2,43,44,23,1,26,70,0,13,0,12,102,2,13,23,41,29,0,190,20,7,0,6,24,127,5,23,41,56,429,1,57,42,35,9,30,1,1,87,1,21,29,0,200,0,0,206,16,2,14,24,31,107,29,9,0,13,90,8,8,40,42,2,25,2,33,8,41,10,103,4,6,1,30,81,26,4,147,0,43,71,38,14,24,3364,9,0,0,12,25,66,74,42,42,0,4,31,24,27,1110,23,201,63,0,36,52,426,0,21,79,116,44,2,49,142,21,78,2634,6,38,86,100,74,9,181,28,181,23,1,0,2,97,42,2,175,13,2,6,14,1,123,18,88,29,12,31,1353,2,29,85,132,0,42,24,13,99,66,43
cell_134,70,0,4,51,26,0,45,93,92,175,33,35,188,12,0,2,47,16,0,2,95,101,9,41,26,3,1,93,11,17,43,20,156,1,21,584,0,26,149,0,45,79,60,25,1,263,0,4,23,245,8,19,116,11,123,1,0,0,12,1,1,120,5,10,26,30,73,6,0,67,8,6,45,3,4,85,44,1,27,15,15,15,11,54,299,9,0,0,0,26,11,3,2,21,32,4,90,3,25,60,10,5,0,6,164,39,141,1,678,26,56,77,8,0,130,5,0,73,13,111,27,102,98,69,0,36,151,28,10,0,3,0,60,42,8,18,0,14,15,2,54,8,8,0,9,37,356,3,39,7,10,5,0,1295,26,1158,12,0,89,26,22,84,0,56,2,103,13,66,31,144,14,9,0,1,6,17,1,22,10,50,13,10,276,50,31,28,34,68,0,27,1,11,0,0,145,26,27,1,7,4526,0,0,46,0,0,0,4,8,143,0,0,0,2,30,11,11,5,29,0,1090,1,0,2,35,76,3,73,1,42,1,35,133,229,356,31,82,36,8,15,114,76,0,64,0,0,15,56,85,15,5,40,376,12,0,10,61,0,23,2,22,51,205,86,17,0,12,3,186,90,1,22,28,9,24,9,16,414,1433,21,15,68,0,164,289,20,36,91,94,0,14,68,1,266,0,2638,15,1,25,1,18,11,5,62,0,14,24,13,116,137,33,47,3,414,0,11,26,3,0,0,75,124,42,27,6442,6,58,36,47,77,28,61,85,36,0,30,210,44,0,219,81,28,1,0,23,71,169,2,44,21,0,14,0,40,93,12,7,13,55,52,0,184,103,33,0,1,15,116,22,32,27,80,427,2,31,33,28,13,26,0,47,123,5,33,2,10,200,1,82,315,2,0,0,18,0,123,22,3,0,7,32,4,4,12,38,0,3,7,33,0,17,66,93,0,0,0,26,53,21,32,210,0,79,7,101,19,39,4010,7,0,1,9,57,78,68,17,0,7,10,66,12,17,631,25,15,62,0,158,50,195,0,21,111,109,89,3,39,273,63,36,2055,35,0,2,17,106,66,116,28,121,28,9,3,12,28,37,6,92,2,7,0,51,17,81,112,116,33,266,46,1375,2,1,91,154,2,24,40,1,87,0,65
cell_135,11,1,2,46,9,0,59,57,210,107,25,24,138,5,6,20,60,9,1,1,83,80,13,26,22,48,0,13,13,20,23,23,55,18,8,483,236,25,152,27,54,122,2,33,2,335,2,25,6,268,5,32,103,1,157,104,6,15,16,1,3,89,103,17,31,22,92,8,0,50,17,1,39,15,7,35,141,0,31,27,44,0,2,77,248,12,12,4,0,50,3,7,55,15,22,27,107,0,43,46,2,5,0,3,155,15,200,25,613,0,4,143,6,1,69,7,44,90,36,51,34,67,92,158,6,20,49,184,22,0,3,2,78,78,16,44,2,7,8,0,53,53,5,29,9,17,324,3,16,9,10,15,2,3329,7,952,62,1,78,33,18,44,0,6,44,125,0,87,47,120,8,0,37,40,10,10,7,25,10,100,6,40,254,35,15,20,22,67,107,12,4,10,42,8,156,11,218,68,14,4117,13,0,32,0,0,22,15,11,112,0,4,11,5,8,15,82,13,33,0,1169,18,2,2,28,90,5,59,4,26,6,13,47,145,68,27,84,22,16,18,120,53,5,14,0,0,69,22,17,4,4,2,269,10,0,8,11,0,5,23,3,77,214,0,15,3,10,34,225,84,12,16,9,6,13,11,0,440,1468,33,14,9,6,153,307,4,10,86,102,2,6,69,0,266,0,2468,22,15,73,2,15,11,0,98,4,13,73,6,136,133,23,5,0,381,1,19,6,24,20,8,15,14,72,4,6284,68,56,9,1,21,9,44,52,109,8,53,153,30,2,119,46,38,9,8,16,61,74,2,37,43,3,10,22,34,44,2,0,192,10,58,11,45,61,28,0,16,63,130,2,16,20,21,410,2,73,81,39,2,33,1,6,126,0,27,19,30,53,17,0,137,5,1,15,1,938,88,5,0,0,7,77,19,10,34,36,7,124,3,39,17,27,86,32,0,0,4,5,18,8,0,228,0,126,41,42,31,20,2979,6,25,0,13,72,59,61,9,37,2,6,59,14,10,1223,18,276,134,0,37,59,849,0,11,93,98,74,1,44,697,61,51,1115,11,1,108,91,81,59,186,46,108,9,1,10,11,30,15,3,156,16,2,0,85,0,123,133,71,19,268,64,1472,1,35,92,109,4,61,8,1,138,52,40
cell_136,28,0,0,40,16,0,23,4,158,174,21,55,145,5,84,42,62,10,6,2,61,64,4,38,35,22,0,68,15,2,48,2,100,29,7,628,1,10,163,44,65,100,21,34,0,322,0,0,76,246,3,7,91,21,67,29,0,2,35,2,7,70,52,21,25,18,117,2,18,52,23,11,44,11,3,69,27,0,18,45,3,1,17,64,132,8,3,0,0,13,0,3,49,0,18,41,78,0,72,85,10,17,4,1,147,14,235,20,813,4,46,170,8,15,7,0,0,80,37,98,51,74,43,73,1,24,125,132,0,1,3,30,80,57,4,30,0,2,6,2,55,61,25,13,52,19,305,2,20,11,5,20,0,907,46,1023,13,1,120,34,52,79,0,20,38,161,18,67,23,139,1,2,23,39,40,13,0,20,27,58,29,58,298,43,28,16,41,65,67,11,2,0,0,1,131,1,19,0,26,4415,14,0,49,0,0,16,12,18,142,3,3,0,0,21,11,67,37,38,6,1316,3,4,6,51,81,0,35,2,6,0,65,143,34,48,14,85,31,8,0,139,44,0,19,0,0,62,72,25,4,1,14,649,24,0,9,22,0,17,8,20,87,196,16,2,1,28,40,346,104,12,19,21,12,0,9,0,309,1303,14,25,114,8,162,339,8,7,171,102,5,8,88,0,289,0,2261,20,5,68,16,1,0,2,121,1,21,68,15,117,126,8,38,0,402,1,10,22,29,0,5,35,78,24,12,5779,86,65,58,0,90,5,57,42,133,24,33,51,17,0,249,83,49,17,15,15,63,72,3,15,53,0,6,97,12,96,13,3,19,10,116,35,37,75,19,0,10,16,93,6,43,15,24,439,8,91,12,22,6,13,0,42,105,0,19,6,6,199,3,0,239,5,0,2,2,111,89,16,10,0,9,18,6,20,24,22,0,71,0,39,11,30,51,30,2,6,7,1,32,24,4,401,0,160,30,22,7,23,3094,20,0,7,31,63,76,65,16,65,2,36,33,12,55,286,18,13,79,0,16,31,645,0,131,81,74,127,0,5,118,7,81,3291,14,2,0,67,76,11,198,28,52,9,7,18,9,24,40,5,56,0,2,6,90,17,76,19,116,25,263,16,1392,1,25,76,116,17,79,33,0,140,130,66
cell_137,12,0,28,79,13,3,42,4,129,91,29,17,169,22,88,11,54,10,30,12,77,60,27,9,41,19,0,70,23,14,66,82,84,43,10,269,221,34,145,50,215,76,17,38,3,231,0,4,10,181,0,31,94,11,117,129,5,12,3,5,0,33,45,3,25,39,78,35,49,54,22,20,59,1,0,18,181,10,31,31,3,2,15,78,237,7,5,0,0,63,0,4,4,0,3,26,102,4,107,28,12,6,1,8,168,7,163,23,748,1,13,141,8,4,71,0,45,82,21,130,82,145,56,110,0,27,193,63,12,2,0,4,80,7,6,22,0,1,7,1,52,58,10,0,0,9,262,0,0,10,2,8,3,1695,36,1093,82,0,110,16,61,84,0,46,4,145,3,71,38,170,6,0,23,25,10,13,15,24,8,78,21,35,300,60,28,35,7,41,15,0,0,12,0,0,138,17,214,9,9,4393,4,0,30,0,0,0,7,15,153,2,125,2,1,35,45,46,10,13,4,1192,8,5,7,29,12,4,49,2,9,2,15,134,137,85,24,112,56,4,6,23,62,0,11,0,1,25,46,143,21,12,15,467,25,4,14,18,0,5,5,21,52,189,18,1,0,35,27,405,104,30,9,38,7,6,20,15,425,1264,94,10,10,0,187,257,7,46,147,95,0,10,75,23,274,6,2343,8,8,0,10,4,18,4,52,5,3,27,6,150,131,7,21,0,387,5,13,5,11,0,24,26,91,39,20,6159,89,98,41,87,25,29,53,20,52,4,39,125,39,48,162,85,66,12,2,47,63,144,4,45,67,4,23,7,12,48,13,0,150,16,15,0,161,24,6,1,12,28,151,11,9,55,15,375,5,65,48,18,8,41,2,7,92,3,26,0,6,173,19,0,280,14,0,0,0,370,61,18,0,0,0,25,4,5,28,30,5,53,10,51,26,38,28,32,0,8,0,27,28,6,5,159,0,98,59,144,85,28,3977,17,1,24,31,41,20,73,6,145,1,5,49,8,20,451,2,108,24,0,354,65,618,0,49,87,104,128,3,45,956,82,91,1076,21,12,1,41,22,70,188,35,107,14,7,0,1,90,13,3,142,1,2,0,91,0,88,134,103,22,221,82,1345,1,22,42,118,2,97,26,11,93,170,61
cell_138,2,0,8,58,9,5,46,29,78,25,19,11,161,5,41,9,54,9,11,17,82,32,2,11,40,13,1,107,13,8,58,46,124,6,22,603,365,20,171,44,114,71,21,24,0,247,2,6,20,281,10,2,100,10,57,104,3,0,7,8,43,27,75,0,26,0,88,32,0,44,3,11,100,31,2,63,27,10,21,42,12,3,11,41,180,16,2,0,0,12,0,2,35,0,11,33,29,6,71,81,60,4,1,6,170,19,152,20,829,0,4,172,10,9,118,19,32,56,34,57,108,5,141,31,5,26,313,284,0,0,19,0,76,85,10,6,0,2,4,14,55,56,27,3,2,2,363,4,0,0,12,26,5,4193,107,1121,56,3,110,25,59,55,0,7,18,41,17,27,27,147,16,3,2,24,26,3,0,20,2,109,24,32,273,30,27,17,19,61,113,16,1,12,0,39,207,7,199,0,16,4669,16,0,53,0,1,7,1,28,22,0,0,0,0,39,19,32,25,37,0,1175,0,3,0,45,63,9,43,0,40,4,47,91,155,33,41,69,10,27,40,70,63,0,14,0,8,0,56,53,23,15,2,126,12,1,42,12,0,2,37,1,68,200,12,27,3,18,34,223,66,23,34,22,19,4,10,7,446,1055,37,31,1,0,194,249,3,38,157,107,4,8,68,0,329,0,2387,36,2,43,1,14,13,6,100,3,15,71,20,22,98,2,10,7,414,1,26,21,9,0,12,10,121,13,22,5951,50,19,29,25,100,19,15,40,32,3,11,39,6,2,29,73,46,14,11,49,50,93,1,21,74,0,27,4,19,112,14,0,36,0,68,0,51,40,22,0,18,12,127,21,36,58,64,217,1,95,27,30,2,25,0,33,87,2,28,0,9,73,1,0,2,4,2,4,38,21,119,5,1,0,28,56,24,16,71,10,3,114,9,53,24,35,35,52,10,0,4,8,110,25,9,217,0,114,62,114,25,41,3797,7,0,2,41,51,32,89,26,259,0,6,34,9,3,532,0,85,133,0,101,70,241,0,20,42,49,111,13,33,170,94,81,931,5,4,4,119,80,24,187,35,43,15,0,0,1,24,18,1,75,5,6,0,30,20,95,19,59,30,179,52,1478,2,12,150,92,4,77,37,0,141,6,64
cell_139,27,2,10,47,7,0,65,27,244,124,19,44,143,2,49,37,49,31,5,5,80,118,4,6,29,1,7,85,21,6,48,10,45,37,14,611,48,17,183,31,136,37,19,27,1,249,0,34,23,219,5,12,96,14,106,52,1,0,16,5,4,97,107,49,13,1,106,8,3,36,6,29,58,44,0,69,83,20,25,33,42,20,7,93,198,4,7,0,0,30,0,2,4,0,4,48,100,2,74,46,23,2,2,0,173,5,228,0,819,5,38,173,5,5,35,0,4,78,27,77,22,36,51,62,0,18,7,4,0,0,17,3,68,64,20,11,0,7,3,0,58,64,29,338,0,34,329,1,0,5,5,22,1,4115,26,1137,123,8,80,24,36,38,4,50,0,118,2,80,29,138,50,2,13,70,9,17,6,22,19,96,14,50,283,25,24,38,22,69,72,0,0,11,3,5,222,8,49,18,27,3873,3,0,33,0,0,13,10,19,33,0,0,0,0,15,11,15,20,45,29,1235,49,15,4,49,97,2,46,1,53,6,22,120,75,21,38,39,41,5,7,27,43,5,51,0,0,82,88,20,18,0,44,582,30,0,0,33,0,3,34,15,27,215,3,26,0,6,1,250,108,29,17,16,6,13,10,10,435,1406,5,6,2,6,144,298,20,13,120,102,9,16,64,15,318,0,2493,9,37,18,7,14,3,0,122,5,6,114,17,116,117,4,16,2,394,0,19,10,15,9,0,41,32,5,12,5979,73,66,7,24,90,29,55,46,77,12,46,154,38,16,143,38,33,10,16,30,53,47,2,39,61,0,23,19,19,114,7,10,107,1,62,2,35,59,7,0,27,4,146,5,15,8,44,343,2,73,106,7,2,47,3,28,94,1,24,12,1,157,3,4,247,0,0,6,28,74,120,1,6,0,5,56,2,19,32,9,5,27,3,46,21,38,8,22,4,3,0,16,79,34,6,114,0,137,69,75,10,25,3758,5,0,0,36,24,48,41,17,53,1,13,63,32,0,270,8,209,87,0,41,51,443,0,37,99,85,147,3,32,174,106,101,1258,16,30,71,76,57,16,225,36,149,23,1,0,4,80,43,4,143,9,3,2,48,121,95,55,89,27,295,27,1395,1,41,95,97,0,81,41,0,30,28,30
cell_140,31,0,6,47,19,0,40,6,42,51,18,16,126,7,52,21,64,4,1,2,68,171,14,1,34,2,0,16,19,15,36,3,30,3,11,507,16,18,187,29,126,130,9,31,3,301,1,33,3,220,0,17,101,23,92,22,3,8,29,9,10,12,37,40,20,29,75,27,0,63,10,3,30,34,4,25,17,2,0,44,0,5,7,83,68,9,0,0,0,32,0,3,22,0,54,42,58,0,109,35,73,5,0,12,187,29,233,9,564,2,20,179,3,3,52,0,62,60,41,53,21,1,75,102,0,36,59,31,37,15,10,0,63,40,18,25,0,2,3,8,56,58,25,0,26,95,326,0,5,4,3,10,1,4848,81,1122,9,0,95,37,10,70,5,55,14,72,11,97,23,110,3,0,12,13,26,0,1,36,14,105,0,20,258,39,27,20,29,76,85,2,2,2,0,1,178,3,175,0,23,4087,25,9,44,0,0,10,13,23,149,4,178,0,0,25,10,9,3,47,0,1187,2,0,3,55,106,2,28,0,7,4,38,124,126,288,17,102,40,7,16,38,36,8,10,0,0,59,36,53,28,20,7,3,26,22,53,86,0,8,17,10,10,240,21,10,0,11,2,258,83,21,29,38,13,0,10,1,395,1479,2,29,38,0,169,289,7,12,150,103,2,5,72,0,273,0,2245,14,0,100,13,7,30,1,157,1,1,92,14,129,106,20,68,0,394,0,11,18,6,0,7,100,89,10,28,6204,77,0,27,40,165,15,41,58,114,11,28,75,18,31,117,63,73,2,8,63,55,1,1,35,77,5,4,0,28,72,12,1,33,20,44,0,177,72,20,0,28,41,106,12,31,25,31,357,11,79,14,43,3,50,0,33,104,0,37,1,0,188,1,0,122,7,3,0,21,0,78,9,0,0,5,85,20,8,71,9,1,64,4,40,8,27,15,84,3,0,1,0,64,20,18,49,0,127,68,88,76,21,3909,4,0,21,18,62,79,77,28,127,1,18,32,9,26,914,0,163,81,0,115,63,192,0,49,84,106,102,0,25,219,7,76,1681,11,3,33,84,38,20,217,36,55,16,0,10,8,89,22,4,113,5,14,1,54,34,72,78,79,29,236,40,1429,0,17,66,124,3,91,44,0,107,83,58
cell_141,10,0,16,56,22,1,59,29,113,148,20,5,151,7,27,10,51,38,14,1,83,120,11,38,19,4,0,29,21,16,44,65,129,22,5,496,503,22,165,40,17,81,22,25,1,319,0,26,7,264,6,26,116,2,69,50,9,14,8,12,0,75,64,3,27,9,54,7,49,44,18,13,31,5,1,42,165,3,20,32,16,1,13,73,272,21,2,0,0,47,0,5,22,105,23,17,105,5,71,85,50,9,3,12,234,29,96,7,654,10,3,193,4,4,46,43,47,62,30,79,19,65,104,155,0,38,68,1,1,1,1,0,75,83,25,12,0,6,10,0,58,66,18,1,0,3,350,2,9,5,6,9,14,1590,80,1071,9,1,69,24,52,10,0,38,35,56,18,80,26,161,1,0,11,10,28,0,2,23,4,67,35,7,287,41,33,58,3,89,95,17,0,4,0,0,147,17,53,233,9,4752,24,0,24,0,1,2,7,31,131,0,141,0,0,40,45,121,8,26,0,1235,7,3,3,22,66,3,66,0,6,7,40,126,66,294,26,33,18,20,0,113,36,3,4,0,0,71,67,67,4,3,13,203,24,0,31,41,0,8,6,17,170,151,65,15,0,14,0,101,100,7,16,60,18,2,13,3,393,1284,59,13,25,0,193,308,40,17,130,130,0,2,77,72,286,0,2204,15,6,20,0,6,13,3,10,0,5,30,15,111,76,23,18,2,386,0,14,4,10,0,15,94,21,11,14,6178,63,5,19,2,3,18,0,15,110,6,22,53,38,23,271,40,52,6,0,38,43,215,2,30,69,0,25,6,23,61,4,2,79,20,99,2,172,115,23,0,2,49,120,23,9,51,7,417,0,110,44,26,5,56,0,13,7,0,22,3,0,170,6,0,83,2,11,0,21,443,85,9,3,0,21,31,3,7,47,52,2,29,15,28,89,40,15,74,0,1,3,19,135,3,7,21,0,145,70,105,12,36,2725,7,0,0,28,21,46,58,17,187,0,9,51,4,61,1307,10,174,44,6,13,47,549,0,59,98,93,106,8,46,32,69,54,3336,8,0,0,50,72,9,176,40,146,25,2,0,2,71,10,4,5,28,7,0,80,0,78,66,76,28,115,27,1190,0,5,36,116,2,84,46,3,16,55,38
cell_142,9,0,4,40,13,1,69,32,131,183,23,17,147,9,0,10,55,10,5,16,67,41,6,2,27,16,0,118,18,14,38,112,8,25,13,579,464,21,180,20,206,153,12,30,3,390,0,41,29,247,2,6,119,18,124,129,1,0,10,3,18,23,8,2,30,0,24,12,26,51,9,0,124,16,2,42,31,0,3,4,1,0,15,76,188,13,5,0,0,39,4,2,76,24,3,46,96,0,113,53,61,0,0,1,177,9,189,34,726,5,3,165,7,2,88,1,37,85,24,38,80,23,142,49,0,23,151,231,0,3,0,0,71,71,18,1,0,8,7,1,65,50,39,14,19,8,313,0,27,3,1,24,0,4729,74,1048,122,0,102,21,24,87,0,7,1,75,0,64,31,117,4,6,7,18,5,0,4,24,3,122,31,2,268,65,29,44,19,33,105,19,0,16,0,2,140,4,36,92,19,4400,2,0,35,0,0,2,8,30,162,0,165,1,0,60,57,77,16,24,4,1260,8,1,9,23,71,10,41,0,10,6,8,138,167,296,25,109,6,14,12,32,78,35,32,0,0,5,38,59,14,13,7,0,33,5,56,1,0,6,23,19,23,247,86,4,1,11,18,205,116,26,13,17,1,24,3,0,439,1382,34,12,23,4,190,298,12,34,134,102,1,7,70,9,273,6,2548,3,11,93,15,7,2,2,58,0,6,30,16,127,46,47,32,0,418,21,0,4,73,0,24,15,141,17,33,6239,77,55,17,8,83,25,7,16,158,26,61,59,0,8,221,59,51,13,1,66,59,214,1,40,63,1,22,0,22,43,15,0,28,40,57,0,170,7,35,0,25,28,142,20,21,18,106,302,35,83,6,39,0,31,3,5,101,4,25,1,0,291,12,0,22,7,0,1,12,71,83,18,0,0,6,56,27,5,70,54,0,45,13,50,47,30,27,6,1,4,5,0,24,4,5,296,5,118,1,99,96,25,3782,5,0,20,33,0,62,85,6,18,2,16,45,10,56,1265,4,220,30,0,91,71,542,0,72,97,117,104,0,39,228,86,88,592,9,2,44,102,72,114,10,44,65,18,0,8,5,34,15,21,20,7,5,0,112,0,36,39,94,28,215,27,1631,0,17,108,128,5,120,13,19,23,125,67
cell_143,8,0,9,67,16,5,43,25,28,157,19,22,140,15,5,10,59,15,25,0,83,73,74,0,48,33,0,54,25,10,10,53,77,67,12,165,456,19,147,46,72,117,73,18,6,294,2,9,0,67,14,18,119,17,16,75,2,4,11,2,0,37,14,0,30,0,34,65,2,67,19,11,16,73,0,24,11,0,16,41,25,13,10,56,209,17,18,0,0,44,30,0,36,10,27,28,95,5,67,83,84,3,5,10,79,39,236,8,725,0,6,92,6,1,146,25,53,73,38,75,60,40,106,85,5,30,276,121,34,6,1,18,4,68,62,1,0,4,17,1,31,69,16,0,0,23,201,0,1,2,1,13,2,4522,22,1052,56,0,89,21,39,18,0,29,35,146,6,27,31,160,13,0,31,26,30,4,1,18,17,84,36,72,233,48,17,35,7,73,14,3,0,2,0,29,138,2,26,4,10,3983,0,0,37,0,1,1,1,33,126,0,128,2,0,19,13,102,2,19,0,1315,1,5,1,30,1,5,42,0,48,7,13,36,59,262,21,94,9,43,0,121,68,15,22,0,0,0,56,118,21,15,10,162,19,0,17,52,2,20,31,6,113,71,15,7,4,43,67,246,103,11,18,35,6,11,12,4,394,1457,86,29,0,34,149,316,37,56,155,95,0,0,74,0,284,0,2368,24,2,4,11,3,9,0,61,0,12,61,17,101,129,35,23,4,344,2,19,7,34,11,0,3,74,29,36,6158,51,15,8,72,62,48,33,64,119,6,90,78,0,11,243,30,75,21,0,40,47,0,3,29,68,23,27,0,4,108,8,0,122,0,17,0,32,16,34,0,29,26,106,11,16,26,31,352,1,90,22,19,12,6,0,63,71,6,28,2,0,329,6,0,50,12,0,0,29,232,81,4,4,0,7,86,22,40,55,6,11,59,17,43,5,20,85,17,4,0,0,19,133,7,1,125,0,142,16,90,60,41,3497,46,27,25,30,83,52,51,0,205,2,6,44,44,21,0,7,176,113,0,92,70,712,0,25,95,119,114,3,43,79,34,105,1419,0,3,4,87,73,110,37,14,38,2,9,4,3,44,23,5,49,5,10,0,134,0,95,162,131,31,229,33,1281,1,35,117,126,2,114,20,2,126,0,8
cell_144,25,0,2,61,20,0,11,7,95,197,28,42,157,12,0,18,60,35,24,5,79,69,18,39,22,8,0,13,26,7,44,71,159,0,11,575,14,22,153,44,215,34,22,29,2,158,4,11,27,285,28,14,64,13,90,134,2,0,6,0,8,65,26,0,27,40,113,21,0,53,21,8,107,21,0,43,26,0,17,15,38,6,16,54,19,9,0,0,0,24,0,3,1,2,56,31,111,0,131,81,38,18,10,10,209,23,238,0,722,0,46,149,1,12,168,11,50,91,45,110,26,0,25,26,0,29,803,122,1,0,2,0,68,17,0,18,0,4,8,1,58,0,37,0,0,18,346,1,12,0,2,11,4,4597,87,1126,37,2,85,28,60,67,0,5,3,30,3,58,36,155,0,7,33,15,31,35,0,29,12,94,21,5,261,36,28,11,5,85,1,18,0,10,0,0,156,3,133,0,11,4866,34,0,37,0,0,0,10,24,161,5,104,0,0,42,34,31,7,27,0,1111,4,3,2,47,48,1,60,1,12,3,97,117,34,239,21,86,40,8,1,38,26,0,3,0,0,12,63,96,26,1,4,4,10,0,46,25,0,16,11,31,103,223,12,5,1,13,19,324,97,25,31,8,9,4,13,0,395,1317,16,18,40,0,180,286,13,14,89,88,4,0,73,0,307,0,2461,22,59,19,8,7,10,0,127,0,17,72,19,108,58,36,47,0,416,0,20,32,3,0,27,111,104,12,24,6393,26,5,15,44,126,26,43,10,1,2,9,164,33,0,318,64,54,0,0,73,7,0,5,37,72,0,23,1,93,58,14,5,57,38,112,0,83,32,4,0,0,0,143,10,33,29,1,410,4,92,34,31,1,5,0,44,107,0,22,5,10,31,9,0,100,2,0,2,9,210,55,19,0,0,11,88,1,3,61,7,0,31,11,43,84,24,47,10,0,6,5,0,105,19,32,302,0,109,80,119,4,41,3613,22,0,0,29,41,96,94,24,215,1,11,29,15,26,193,5,102,132,0,183,67,697,0,22,25,82,83,6,43,501,103,99,3392,23,0,53,19,67,11,166,34,77,34,0,44,2,32,45,8,56,0,4,0,117,4,119,36,77,23,276,84,1420,2,23,72,139,4,38,37,28,62,129,75
cell_145,25,0,3,43,17,0,59,117,99,216,21,30,185,11,47,68,52,6,14,11,57,123,6,14,11,7,0,106,10,17,36,23,151,47,3,598,3,29,183,24,111,62,11,36,1,304,1,17,13,237,0,1,102,22,86,72,5,4,23,1,1,64,77,19,23,33,66,1,12,53,9,2,82,69,4,72,40,2,37,35,35,7,20,63,232,10,5,0,0,39,0,12,59,1,6,22,99,4,132,112,15,2,9,15,173,30,140,4,759,0,67,136,1,6,25,19,0,86,13,128,45,156,61,50,11,26,21,46,1,0,2,0,92,47,23,30,0,3,19,0,55,37,24,0,7,35,316,3,18,3,0,31,1,5844,26,1033,85,1,114,31,47,80,4,27,7,146,10,119,44,118,0,2,12,25,19,13,0,16,15,92,25,101,265,45,19,20,12,106,52,0,0,7,0,1,163,22,11,4,21,4064,17,7,37,0,0,24,7,13,104,0,40,2,0,21,25,16,13,43,0,1275,9,9,0,69,100,3,48,7,21,10,47,119,128,25,33,71,44,2,4,21,62,0,7,0,0,69,72,65,8,3,22,369,11,15,5,81,0,12,28,16,63,182,38,1,2,13,11,413,114,10,10,38,9,10,13,9,379,1363,2,6,15,29,148,291,6,11,131,92,5,3,65,0,301,0,2238,25,0,72,1,8,12,0,52,8,9,97,7,62,96,9,15,3,413,1,27,10,6,0,8,21,152,23,10,6435,36,28,7,3,40,16,59,23,130,4,10,127,42,2,0,73,54,6,0,11,67,70,1,34,42,0,23,11,37,71,22,1,46,34,43,11,149,65,32,1,6,60,158,7,57,14,33,425,8,87,20,20,10,17,1,44,86,1,26,0,0,234,10,0,46,8,0,3,101,22,91,14,4,7,1,54,10,6,33,6,27,11,6,48,13,23,117,80,4,0,0,15,22,19,13,152,0,40,64,141,26,39,3512,12,2,1,45,49,27,66,15,96,0,9,69,16,27,1289,6,9,88,0,1,50,571,0,46,86,109,83,0,38,21,46,90,1925,10,14,32,119,85,65,204,29,135,34,1,3,3,36,38,1,187,14,2,7,158,23,101,200,85,19,303,18,1462,0,12,101,92,2,24,20,8,126,85,57
cell_146,16,0,4,48,19,0,35,7,46,110,18,71,138,3,0,16,71,27,4,12,59,26,13,11,10,7,2,32,25,12,46,11,97,33,3,586,153,23,187,45,160,90,8,25,2,148,6,12,5,197,9,5,101,5,109,168,1,4,24,1,7,70,7,18,38,3,95,80,1,36,4,1,131,2,1,50,143,0,28,19,15,2,12,60,208,15,7,0,0,38,12,2,34,0,20,54,9,6,72,68,33,2,4,23,214,30,187,0,697,14,43,128,8,11,40,9,50,94,42,62,123,9,137,105,8,14,28,295,5,1,6,16,77,85,12,17,0,6,13,0,62,76,11,0,19,44,337,5,37,0,7,23,4,3021,28,983,13,12,103,27,40,26,0,57,5,140,2,31,26,135,0,6,1,2,38,1,1,35,29,114,0,42,252,46,18,5,6,50,48,0,7,19,0,0,166,4,55,1,17,4419,8,0,53,0,0,7,3,11,125,0,179,1,0,14,55,37,19,28,0,1323,0,1,1,15,75,6,26,8,22,8,66,121,74,61,19,58,45,5,18,239,70,2,44,2,0,19,70,39,19,8,15,78,32,23,8,28,0,13,17,15,32,179,41,2,1,9,0,327,99,22,4,61,0,3,21,6,351,1396,19,1,118,0,144,345,5,26,132,90,1,9,56,0,258,0,2548,60,13,86,1,8,17,0,84,2,24,100,11,149,81,20,41,1,398,1,15,44,0,0,12,114,57,21,5,6719,95,54,11,55,67,31,30,29,50,2,78,93,23,33,383,67,50,3,0,50,76,3,3,35,67,12,12,0,54,329,10,0,130,36,39,1,143,78,11,0,33,15,58,28,36,51,7,377,0,96,5,27,7,6,0,28,93,3,39,4,7,107,6,149,305,3,3,13,1,67,110,30,3,0,0,58,39,0,101,10,0,130,12,42,33,24,63,36,20,0,14,3,56,5,0,107,0,147,34,103,80,38,3473,1,2,2,18,39,52,78,5,287,5,10,57,32,1,768,3,74,5,0,50,54,544,0,60,83,78,50,1,6,470,25,100,1874,14,2,0,154,98,10,210,39,123,3,0,8,8,6,27,18,6,1,5,7,117,11,98,28,73,25,237,40,1261,6,21,66,89,5,70,53,1,139,120,54
cell_147,19,2,7,54,16,12,27,26,70,7,20,50,150,12,17,28,62,138,6,8,46,65,3,0,54,14,0,59,18,3,34,70,51,11,18,554,86,1,138,14,94,63,21,45,15,130,0,0,11,215,12,21,111,6,127,24,4,1,23,5,20,78,67,5,35,0,111,5,6,58,31,34,3,56,0,10,5,12,24,39,7,3,12,1,129,5,9,0,0,24,1,0,91,0,36,37,66,5,30,79,97,7,21,28,85,2,71,6,275,12,11,153,8,8,88,34,53,91,45,53,22,21,72,23,0,25,499,0,1,0,0,0,70,35,16,3,3,8,30,12,76,69,43,0,42,15,301,0,41,0,9,13,0,6044,99,1050,6,0,100,33,37,12,0,61,6,111,6,67,43,130,5,6,14,11,13,2,4,24,12,35,4,19,232,45,17,64,28,80,111,0,0,0,0,0,116,17,338,0,31,4398,14,1,5,4,0,0,18,24,114,0,58,0,0,19,45,122,17,27,108,1188,2,0,1,51,76,2,60,0,25,4,20,123,248,241,3,88,21,29,4,105,188,38,46,10,0,1,68,34,18,9,16,4,12,0,56,24,0,7,0,26,60,231,37,48,0,19,0,223,24,8,23,2,17,2,9,0,370,1225,11,45,21,9,182,295,8,25,109,103,5,9,63,6,241,0,2391,12,38,14,4,0,34,0,144,1,24,33,9,79,68,19,53,0,434,0,3,8,22,0,18,115,132,17,13,6451,48,13,55,23,69,29,27,79,41,7,31,29,28,43,249,87,36,0,16,62,59,127,5,31,73,23,9,0,2,142,8,3,213,19,77,8,144,62,5,3,5,41,85,5,2,11,46,428,18,62,47,30,4,84,0,24,53,2,23,6,9,90,31,0,289,8,13,10,22,603,80,26,6,0,12,51,8,15,16,41,23,138,4,27,12,35,58,161,0,6,2,9,155,2,6,29,0,151,64,131,83,36,3624,44,0,16,34,27,98,52,41,295,9,12,64,30,20,14,0,264,136,0,46,31,616,0,23,72,108,123,1,19,229,16,83,3127,14,2,0,82,23,132,211,33,88,35,1,5,2,40,33,6,15,9,2,0,24,5,21,23,63,19,250,62,1304,0,37,20,113,3,62,24,11,32,18,61
cell_148,33,1,9,45,25,14,54,68,23,49,16,53,150,10,69,30,45,7,1,3,89,30,4,36,24,7,0,136,27,2,61,23,225,1,13,645,0,12,165,50,85,34,52,25,9,224,2,26,98,191,0,27,88,3,20,166,0,15,3,0,0,59,12,0,24,5,31,11,3,44,9,6,116,9,0,9,84,0,38,21,5,0,16,90,230,15,1,1,0,7,9,0,4,23,2,11,11,2,58,77,30,2,0,4,222,23,224,1,868,12,56,120,8,6,15,3,41,84,22,108,57,145,102,68,0,27,755,43,3,7,4,36,62,35,28,14,0,2,13,3,66,0,15,0,1,56,301,2,18,0,3,5,2,4508,89,1024,25,0,108,25,70,46,0,81,11,168,3,46,6,156,0,11,13,3,36,4,0,24,16,55,9,41,270,34,26,22,40,53,6,33,8,10,0,0,87,4,57,0,10,4108,1,0,24,0,0,12,7,11,145,0,184,0,0,57,46,10,7,22,0,1309,2,3,3,70,84,3,63,5,35,8,66,147,29,289,35,116,45,42,3,34,123,3,18,0,0,77,83,91,4,2,4,126,23,4,29,29,0,6,3,24,66,180,85,12,0,13,19,302,101,3,35,27,5,2,4,6,402,1271,4,33,80,5,166,327,20,52,149,102,0,2,77,0,263,0,2705,53,8,56,0,15,8,3,51,3,17,50,11,116,128,24,61,0,410,0,10,55,0,20,14,104,116,107,8,6073,83,21,16,26,32,17,50,58,89,5,8,54,11,19,192,73,17,13,0,15,65,12,2,37,63,0,11,0,28,19,12,5,161,1,91,0,170,96,14,0,15,65,124,26,53,55,44,400,6,89,19,29,9,21,3,58,82,5,31,5,0,220,15,0,315,1,10,4,39,4,120,17,0,0,1,71,10,7,44,3,0,97,4,39,25,31,8,22,10,3,3,7,25,20,3,70,0,99,38,96,38,56,3242,5,0,2,11,40,31,89,3,28,0,6,1,23,62,849,0,32,43,0,281,60,708,32,16,31,118,57,7,5,65,102,106,2361,21,0,6,50,103,0,222,32,117,14,1,6,4,8,42,4,115,12,9,0,146,1,105,33,124,23,185,11,1489,4,7,58,152,0,86,40,0,143,143,31
cell_149,29,1,0,41,9,1,39,5,100,146,26,2,150,11,41,5,65,16,11,21,68,47,9,19,23,1,0,100,19,2,53,90,47,14,7,338,288,8,165,1,166,70,5,32,6,280,0,22,57,185,13,19,79,39,61,97,0,1,31,5,4,34,14,3,36,21,35,3,8,49,25,12,141,4,6,18,50,2,24,35,40,8,16,95,251,4,16,0,0,31,7,0,19,63,1,21,72,2,100,69,72,22,0,2,195,43,136,12,758,2,36,124,9,0,121,0,46,94,31,86,55,98,78,130,0,23,177,2,0,0,4,106,62,39,12,9,1,8,2,6,57,61,23,0,13,1,376,5,14,3,1,33,1,3754,70,1081,10,2,73,25,40,15,0,53,22,78,1,88,4,180,13,16,18,6,7,1,2,19,5,89,3,15,270,45,27,10,6,64,104,0,0,21,0,24,158,8,46,10,7,4291,3,0,35,0,0,0,6,27,122,0,0,1,0,55,31,35,14,45,10,1316,9,5,19,20,80,4,62,0,50,5,64,153,103,29,22,49,26,40,45,34,58,0,40,0,0,36,51,70,0,5,21,0,15,0,35,15,15,0,29,20,42,244,66,3,4,33,1,288,75,17,16,32,12,32,3,2,284,1153,92,31,6,1,206,290,9,57,139,96,1,14,76,0,270,1,2517,19,33,77,22,0,3,1,59,1,29,54,28,63,103,27,26,2,461,6,10,18,4,5,18,10,69,10,30,6347,92,78,9,23,8,13,25,23,81,19,21,40,8,0,204,74,51,6,0,37,43,143,2,25,84,20,30,142,30,187,13,0,95,13,59,0,98,32,30,3,6,1,135,8,30,36,74,124,11,105,28,18,2,15,0,14,92,2,35,0,1,128,14,0,201,1,0,6,1,146,88,44,2,0,10,62,30,4,64,18,0,90,10,42,5,29,14,28,11,5,6,11,76,15,10,44,0,70,14,114,56,45,4051,6,0,6,34,35,20,70,4,84,2,20,46,10,32,520,0,24,127,0,351,54,486,0,26,44,69,119,9,20,173,21,31,1510,16,6,10,127,76,2,190,35,13,15,5,38,2,15,34,11,56,4,9,0,27,0,54,20,92,36,223,76,1709,2,11,95,126,9,144,32,0,140,145,58
cell_150,21,1,9,57,17,17,43,26,142,90,21,10,151,8,58,21,61,5,3,9,116,26,7,2,11,16,0,93,28,11,33,25,75,77,6,217,0,12,164,2,117,66,5,39,0,281,0,0,0,245,2,36,108,4,65,33,5,3,5,9,9,115,25,14,24,27,31,52,13,52,19,9,43,23,7,54,24,6,34,34,21,0,11,60,0,26,1,0,0,52,21,4,2,42,24,40,100,14,98,67,13,13,13,3,214,26,166,4,376,6,28,122,8,2,10,3,55,83,10,61,101,21,99,136,0,14,81,40,23,0,0,18,58,9,18,12,1,7,3,3,23,74,17,0,0,18,314,7,27,2,2,6,2,3314,72,1085,109,1,116,25,49,51,0,19,1,169,4,70,37,79,12,8,20,3,13,0,0,23,9,141,15,52,302,38,19,21,4,53,104,3,0,9,0,0,134,4,66,0,1,3948,0,0,60,2,0,0,5,11,127,0,124,0,1,20,29,55,1,15,2,1470,0,1,9,4,57,3,45,0,35,15,18,128,112,81,25,89,41,7,16,48,29,5,14,1,0,57,39,21,12,3,11,259,36,29,17,51,4,8,23,24,30,217,87,12,0,15,58,186,103,10,7,27,16,6,16,8,416,1213,209,41,26,3,163,315,4,18,120,118,0,12,46,1,278,0,2608,39,15,67,0,7,6,2,57,0,12,27,16,134,98,7,31,1,391,1,18,0,6,0,11,6,112,14,11,5946,53,48,33,13,46,22,35,44,24,15,4,127,5,89,245,68,7,3,1,72,65,208,0,10,77,0,11,0,27,38,9,1,18,7,30,1,193,55,32,0,15,24,134,22,25,44,36,176,2,91,56,24,2,20,0,0,116,6,30,3,0,194,11,4,144,9,0,0,19,50,109,2,1,0,7,68,25,8,7,44,10,31,8,46,2,22,34,65,2,0,0,8,118,7,2,28,0,114,88,127,68,51,4134,21,3,5,39,15,5,77,25,119,2,5,62,21,18,1987,2,98,101,0,163,59,176,0,33,70,123,24,6,60,59,23,117,1118,11,18,0,12,68,156,183,39,41,19,0,50,2,46,32,7,46,31,4,13,85,0,22,36,99,24,224,58,1426,1,26,24,103,4,98,28,0,81,155,45
cell_151,13,0,3,64,18,0,27,7,165,4,20,36,162,21,0,15,36,4,16,23,85,19,2,0,23,10,8,122,25,15,31,0,67,61,45,226,0,19,151,0,73,126,3,30,3,277,0,11,79,271,24,27,122,12,98,14,0,0,16,3,2,74,29,17,22,16,124,26,28,64,24,1,123,47,4,69,71,0,24,28,11,0,13,61,63,8,8,0,0,18,9,3,8,1,2,40,105,12,41,40,9,16,8,1,188,16,253,31,440,5,13,142,0,2,23,20,0,69,29,38,131,97,64,20,3,31,219,151,10,0,7,20,70,21,10,11,8,3,5,0,49,46,27,0,0,69,306,6,25,0,7,12,6,106,73,1048,126,0,88,26,58,88,0,14,9,34,0,67,27,154,21,17,4,25,11,2,0,20,25,95,68,50,288,32,22,55,28,25,92,4,6,5,0,0,221,5,42,0,5,4219,0,1,46,0,1,0,7,21,139,0,0,0,0,27,11,32,2,38,0,1353,0,12,10,34,96,1,56,3,47,2,52,122,256,231,21,73,43,12,0,151,165,7,59,0,0,34,79,66,26,9,13,376,15,0,9,28,2,21,27,17,2,187,25,20,0,29,45,423,101,19,34,11,17,22,16,12,406,1194,121,37,46,0,177,246,4,23,122,81,1,7,75,3,299,0,2338,2,11,66,8,8,0,0,49,0,6,99,11,64,122,58,25,0,425,1,6,1,1,0,5,39,26,101,17,6049,75,72,19,9,59,20,59,16,20,2,108,84,0,1,300,57,60,101,0,38,37,26,2,32,36,8,5,0,56,177,11,5,3,8,105,0,51,121,10,0,9,1,138,8,16,29,23,327,8,84,45,22,12,22,0,0,102,4,23,17,1,52,0,0,240,16,0,0,30,166,96,24,3,0,5,7,5,2,50,14,1,3,12,45,12,27,27,98,0,0,0,21,29,12,9,168,1,85,12,27,27,45,3622,8,2,9,33,2,40,89,11,105,8,16,74,4,12,251,0,74,141,0,430,51,486,91,6,90,70,61,3,44,518,16,107,1984,17,9,0,93,82,14,188,42,22,19,7,32,6,43,42,5,30,4,2,0,87,12,73,55,92,30,256,58,1442,0,13,62,133,10,101,10,7,129,109,46
cell_152,2,1,8,52,17,0,60,22,76,159,28,15,159,15,17,9,56,31,0,16,82,127,5,6,18,3,0,87,23,24,39,35,72,42,4,118,74,21,112,21,207,65,28,24,0,94,1,8,0,261,5,21,102,0,30,116,8,11,8,6,2,21,40,3,23,37,45,22,7,42,10,4,20,4,5,39,132,0,26,20,18,8,17,64,260,18,2,0,0,48,3,1,35,0,7,43,96,1,76,77,10,2,0,20,257,26,73,17,759,3,2,131,2,1,96,42,48,63,29,64,53,162,77,128,0,37,98,238,1,0,0,1,68,33,26,11,0,6,3,8,54,68,33,0,2,9,342,0,44,3,7,30,0,3970,53,983,192,3,83,29,43,36,0,15,1,7,0,65,26,125,7,9,13,41,22,0,2,31,5,100,0,0,239,37,6,24,12,62,79,166,0,2,2,0,159,20,35,140,12,4156,2,0,29,0,0,0,5,20,135,0,177,0,0,44,21,52,4,30,0,1287,9,15,6,13,78,4,69,1,39,9,50,138,25,307,19,96,22,13,15,0,77,9,68,2,0,52,32,130,20,13,1,140,28,0,48,24,0,3,44,27,46,169,65,13,0,1,82,94,80,29,34,7,1,4,14,3,402,1667,43,3,15,0,211,355,0,9,102,110,1,10,94,46,255,8,2668,35,2,2,11,18,10,2,78,8,1,62,14,39,48,5,20,2,410,0,11,22,19,0,11,35,110,28,9,6651,46,74,25,2,9,55,7,31,38,23,13,55,6,1,294,41,45,0,34,68,68,12,2,38,70,0,25,16,31,346,7,2,59,75,75,2,173,26,15,0,0,9,144,18,34,12,55,449,9,107,28,25,0,37,4,10,19,0,31,4,0,214,0,0,147,6,0,1,4,6,66,21,2,3,24,119,29,1,29,43,0,23,14,44,5,32,61,82,3,10,0,3,104,26,23,66,0,87,47,122,69,29,2570,12,1,0,43,0,50,67,11,35,5,3,50,19,61,1438,0,73,24,0,130,67,766,0,70,78,115,91,0,9,228,29,72,2275,6,12,15,72,106,64,204,30,102,26,0,5,3,62,9,11,83,6,3,0,15,1,110,52,104,29,57,55,1407,0,39,86,133,3,121,53,3,21,68,22
cell_153,28,0,7,47,34,0,51,26,11,73,12,10,159,30,54,8,47,13,0,39,82,139,13,0,18,3,0,98,20,4,35,19,298,0,21,576,0,14,175,0,109,132,26,25,20,294,0,1,85,156,21,30,46,9,13,78,0,1,6,10,2,65,0,6,25,30,52,34,0,53,15,9,82,1,6,30,48,3,4,36,18,0,14,95,236,4,0,2,0,7,10,2,97,0,14,7,33,6,59,80,52,16,0,2,224,29,5,4,912,43,27,114,4,3,47,15,42,31,18,30,128,14,151,137,14,7,207,154,33,25,10,16,71,53,0,3,3,4,20,5,62,34,10,0,29,14,305,0,13,5,5,5,0,2004,24,1218,25,7,101,28,54,72,0,49,10,184,3,17,4,68,0,5,11,0,0,6,0,25,12,77,0,37,286,54,28,5,6,18,37,0,6,2,0,0,183,19,59,0,20,4709,4,0,42,0,0,0,1,15,127,0,118,4,0,44,40,82,0,32,4,1212,1,0,4,8,79,3,33,3,39,10,73,126,113,216,29,72,43,5,3,16,81,4,174,7,6,82,60,171,14,8,12,29,8,0,76,41,1,9,50,24,9,213,61,20,0,7,0,120,105,27,19,39,8,7,14,20,392,1184,65,64,14,0,200,262,17,65,135,95,0,0,85,10,303,2,2570,45,0,30,5,3,38,0,22,0,4,20,18,36,133,34,28,0,444,1,1,21,2,0,5,28,85,110,7,6178,4,10,34,56,40,45,47,22,119,4,27,134,0,1,204,65,49,1,0,69,40,227,2,27,78,24,19,0,53,152,18,7,2,32,98,2,109,100,54,0,23,50,63,25,25,9,39,285,15,83,0,27,3,6,1,3,86,10,30,0,2,203,29,0,3,2,56,2,1,0,106,9,3,0,2,119,9,1,74,50,2,2,6,29,7,31,18,59,7,1,1,14,112,25,12,8,0,105,40,93,45,41,3585,3,0,28,14,49,21,89,6,200,0,29,55,1,39,1736,8,3,141,0,320,46,129,0,4,70,104,57,12,15,354,111,95,3480,9,1,0,131,88,52,0,42,18,5,1,18,0,4,33,11,6,1,10,0,57,26,25,8,99,24,126,15,1478,0,16,76,72,10,70,15,7,118,69,86
cell_154,15,0,0,39,12,2,47,54,63,195,17,18,164,3,7,5,60,6,1,8,98,114,0,0,20,1,2,179,20,3,24,46,49,10,13,249,434,17,166,39,197,56,18,35,5,205,1,7,41,217,0,29,114,7,39,29,1,0,0,5,19,77,17,2,13,36,61,27,3,40,10,14,82,44,5,36,74,6,21,0,7,0,16,91,232,3,1,0,0,33,1,1,8,28,24,28,59,10,60,85,17,1,0,7,300,23,52,19,741,5,31,126,2,11,54,2,36,65,16,87,89,19,127,101,0,33,26,30,8,3,1,1,78,25,8,20,0,16,23,0,57,73,49,4,4,6,337,8,20,3,4,32,1,1203,53,1105,27,16,104,26,19,41,0,17,5,82,9,43,28,115,0,6,8,14,14,1,5,7,3,96,33,18,270,4,19,18,24,60,54,224,0,19,0,1,153,11,60,2,23,4219,4,0,45,0,0,0,1,22,29,0,6,0,0,38,54,46,13,32,0,1250,0,1,6,48,79,4,42,1,63,4,35,127,23,179,28,53,18,29,0,86,56,6,54,0,0,40,44,157,9,19,0,168,30,0,33,77,2,0,44,10,7,214,49,50,0,10,13,316,95,21,27,30,3,17,13,19,312,1361,35,26,12,29,167,335,6,30,143,85,3,8,73,0,241,0,2388,97,19,38,4,9,2,2,35,1,13,69,20,16,90,17,25,4,417,6,15,20,2,1,12,4,96,7,16,6471,91,51,43,48,8,10,35,38,32,22,12,82,3,10,272,58,62,35,0,42,60,111,6,33,79,8,32,0,3,24,12,0,18,19,43,0,173,56,13,1,4,22,142,10,42,45,78,427,7,80,14,34,14,18,1,1,83,4,25,6,1,234,5,6,229,9,0,39,0,0,140,13,3,0,3,27,25,6,45,36,0,67,3,38,24,32,39,52,14,1,9,12,45,39,5,146,0,163,11,150,76,38,2327,4,12,0,25,89,29,82,15,98,0,14,39,70,45,803,0,42,80,0,363,64,802,0,43,92,37,28,14,34,244,62,108,148,12,23,0,107,91,62,7,27,136,7,2,28,4,22,18,9,16,18,3,0,71,53,75,43,100,25,89,17,1348,3,24,82,153,2,135,49,3,85,150,48
cell_155,19,0,2,54,18,2,33,16,54,80,22,0,140,20,61,11,52,13,0,0,90,95,11,37,53,8,4,4,20,17,48,29,137,16,10,279,46,25,162,34,53,102,30,26,3,214,0,32,59,246,0,28,104,39,37,12,3,0,13,2,0,24,93,0,23,31,28,12,0,60,3,20,74,8,0,42,125,3,24,41,2,7,15,94,123,21,0,3,0,31,0,0,7,17,8,4,125,13,81,103,13,14,0,3,174,21,282,11,864,1,4,130,4,6,69,0,58,69,62,90,25,165,49,23,15,42,97,28,11,1,2,25,80,52,22,24,0,7,5,8,53,44,19,0,27,2,401,4,11,4,12,25,5,1421,58,972,28,8,114,36,59,87,0,71,27,35,6,51,31,129,21,22,8,1,0,0,3,16,3,113,2,34,300,16,11,11,10,71,113,9,0,6,0,0,168,6,74,0,11,4335,0,0,29,0,0,4,6,7,156,1,124,0,0,38,25,5,7,39,0,1324,0,6,10,74,43,4,70,0,37,6,39,141,87,256,29,65,24,31,1,10,13,9,31,0,0,39,22,3,7,7,6,157,19,0,40,43,1,15,26,11,16,77,40,4,0,50,37,102,94,27,15,7,1,23,12,3,342,1123,51,2,115,0,208,296,0,25,107,99,2,0,59,17,265,0,2581,1,0,73,0,12,3,0,7,0,9,48,12,113,141,18,7,1,407,0,15,52,6,0,10,17,91,111,10,6328,48,79,27,2,8,12,7,64,101,12,36,167,18,0,146,81,25,17,0,9,57,25,0,46,67,20,13,5,10,126,13,1,171,39,127,0,127,134,16,0,0,84,156,10,31,41,28,448,25,83,38,41,3,16,0,0,98,0,29,4,0,178,27,0,11,21,4,4,0,0,92,24,0,0,2,26,19,6,36,31,28,59,4,30,35,37,65,115,16,0,0,10,121,11,0,187,0,102,74,118,23,22,3983,26,0,5,47,68,53,98,8,127,0,22,57,16,56,365,30,22,150,0,294,53,593,0,24,62,107,24,0,44,238,48,118,1459,13,1,31,39,64,27,171,37,126,30,0,1,2,79,51,3,128,0,11,0,135,0,112,26,95,18,21,83,1689,7,43,141,150,1,62,23,0,155,150,0
cell_156,9,0,20,52,14,2,57,40,135,240,12,17,144,11,81,47,65,57,4,12,84,108,5,17,40,10,0,34,23,19,32,54,273,36,5,187,535,20,185,14,68,78,29,26,3,114,0,24,8,212,0,20,97,8,66,46,5,10,3,5,4,93,78,0,22,3,31,27,0,39,4,0,135,18,1,38,226,18,29,3,17,0,12,83,135,17,8,0,0,67,0,9,51,0,9,16,53,4,60,86,96,1,0,4,81,16,98,18,726,4,2,37,4,6,168,4,37,82,10,124,86,35,119,163,1,19,204,41,21,0,5,0,37,15,9,22,0,1,3,0,51,62,16,0,2,1,325,1,0,0,8,11,5,2105,95,1019,158,0,115,22,44,38,0,57,15,98,4,45,37,136,0,2,21,24,39,2,2,36,25,67,15,42,220,51,17,39,14,68,80,19,0,9,0,6,180,0,351,55,22,4326,5,0,52,0,0,6,0,20,111,1,171,4,9,38,33,86,2,47,0,1160,0,2,0,7,33,12,79,1,18,1,29,146,23,223,12,34,41,25,0,13,69,17,68,0,0,30,94,208,14,2,4,309,4,0,31,56,0,16,38,27,144,216,71,8,2,28,7,246,122,9,6,28,26,9,16,17,401,1492,43,19,12,7,149,324,4,55,117,99,1,8,24,96,286,0,2434,43,2,50,1,11,5,0,6,0,8,72,11,110,127,24,22,2,426,5,23,14,40,19,22,10,77,7,32,6596,19,5,7,50,19,48,27,54,83,3,23,191,36,21,72,57,54,22,0,40,66,29,0,33,85,22,25,0,26,80,6,0,83,0,43,3,153,93,18,0,28,9,102,0,5,26,54,422,6,56,26,25,7,20,0,1,90,12,40,8,0,144,10,17,118,7,5,2,0,18,80,15,1,0,6,55,1,9,50,26,0,104,14,47,20,27,60,19,27,0,26,22,27,2,13,173,3,156,93,77,75,38,3378,27,3,12,46,21,12,50,33,338,0,8,43,38,0,496,5,82,69,0,206,79,695,0,8,66,105,76,4,56,28,98,106,2447,4,41,41,51,87,136,1,33,134,3,6,4,1,13,7,5,10,0,1,1,136,34,82,111,122,29,244,6,1620,4,9,56,155,1,75,16,0,90,113,56
cell_157,16,2,20,52,22,0,57,96,47,250,32,3,161,10,17,4,51,10,3,3,77,144,3,0,25,0,0,57,18,11,59,3,194,87,17,387,486,27,164,32,134,39,9,27,10,286,2,3,9,196,5,21,136,38,54,34,1,1,4,11,0,54,67,10,28,26,104,25,10,49,4,18,55,23,3,54,38,14,16,38,59,10,17,90,254,5,7,0,0,46,0,11,36,0,10,24,101,0,96,10,38,17,13,6,182,20,195,13,793,0,19,147,3,2,92,28,47,69,30,94,84,141,74,125,0,27,108,161,6,1,0,0,41,81,22,31,0,8,10,0,40,59,2,0,0,7,333,0,1,10,5,13,3,3856,44,1068,24,0,93,28,50,25,0,73,24,37,6,50,35,140,1,8,20,36,54,0,1,25,15,84,5,53,321,57,29,58,16,79,44,0,0,3,0,0,183,0,73,72,8,4455,29,0,50,0,0,0,3,30,41,5,0,0,0,39,10,53,2,3,0,1315,2,0,3,8,46,1,44,0,37,4,65,45,54,200,24,71,45,11,0,17,24,0,59,2,0,0,86,28,4,6,0,559,14,0,7,30,3,14,31,6,111,75,5,15,5,19,57,365,79,19,10,1,4,3,16,1,410,1210,191,0,5,0,206,302,5,26,131,106,1,7,72,9,334,0,2360,31,0,1,6,8,8,0,88,0,2,80,23,28,98,10,23,1,413,10,11,24,33,0,0,13,52,22,27,6373,10,52,22,5,12,23,0,33,121,2,20,85,2,14,346,48,71,24,1,23,76,39,1,36,83,20,26,7,8,42,8,5,104,30,102,1,158,115,35,1,2,6,134,20,17,25,12,456,5,95,74,3,6,11,0,16,104,2,18,0,7,7,0,0,253,19,0,0,38,326,38,18,2,0,10,71,18,9,34,21,1,35,11,45,26,31,32,9,1,0,0,0,162,12,9,169,0,122,60,144,14,46,3566,9,33,0,45,52,13,55,24,59,0,8,74,17,61,307,25,274,151,0,282,50,642,48,24,82,84,133,3,40,114,22,108,2400,23,13,0,52,92,13,215,12,122,16,2,12,2,33,15,6,118,0,9,0,104,0,92,142,107,22,70,71,1454,2,9,85,103,9,17,39,7,54,113,70
cell_158,49,0,0,61,14,0,41,46,30,176,27,15,130,9,38,9,49,4,4,6,49,118,17,15,20,3,0,76,23,10,40,80,46,17,17,578,599,14,95,10,94,83,7,31,0,152,2,26,19,262,0,27,81,2,153,73,19,4,42,7,0,6,55,8,0,1,40,0,0,66,24,11,65,20,2,76,33,4,16,16,4,1,16,80,218,1,10,1,0,32,0,5,7,28,7,36,28,11,99,66,85,2,1,2,145,29,86,11,803,0,49,49,6,2,110,0,36,79,23,66,21,2,61,57,0,29,165,0,15,0,3,0,96,25,1,13,0,9,36,6,41,48,34,1,40,22,371,3,30,5,5,17,1,5046,89,1012,14,11,104,26,31,43,0,27,27,78,8,46,32,141,2,4,2,22,20,2,2,10,0,115,17,20,277,41,32,10,6,70,32,19,2,0,0,1,60,3,71,10,17,4085,7,1,13,0,0,8,9,5,122,0,167,9,0,57,15,1,9,42,262,1314,11,1,4,72,100,3,32,0,17,7,61,134,242,75,28,44,15,36,12,29,66,0,5,0,0,30,43,110,11,15,38,704,22,0,22,21,0,0,7,19,70,219,25,7,0,54,39,406,103,10,26,28,4,18,22,8,429,1458,19,0,76,1,175,312,26,10,84,89,1,1,30,64,279,13,2509,17,7,92,8,13,4,1,153,6,12,99,8,61,138,20,8,0,408,0,21,11,0,14,21,145,47,10,18,6244,1,71,9,6,43,18,41,96,144,2,19,153,5,28,98,79,21,0,0,8,69,36,5,37,73,20,16,3,37,64,9,2,215,25,92,29,110,18,25,0,1,13,160,1,17,8,13,427,13,32,59,31,9,29,0,40,44,1,46,3,21,151,6,0,0,2,9,2,55,172,85,18,1,0,12,40,0,2,13,31,2,58,5,46,46,36,34,18,3,10,3,0,23,9,11,268,0,143,65,77,41,41,3404,12,0,2,37,80,75,30,21,318,1,11,31,11,11,756,9,46,124,0,3,26,684,0,11,71,73,59,0,46,134,60,61,1198,11,0,2,107,81,171,196,39,133,26,6,22,0,67,26,1,99,3,13,0,119,5,97,37,110,27,175,38,1557,0,9,65,110,0,54,42,0,37,2,75
cell_159,14,1,8,48,21,0,60,84,58,109,25,9,156,4,145,8,56,13,17,1,43,40,5,26,30,14,0,54,21,8,43,38,106,10,8,450,65,15,142,9,135,82,6,27,2,161,0,4,15,245,6,45,105,5,69,115,2,3,14,8,0,31,27,0,1,0,38,12,0,62,3,3,7,46,2,35,33,0,30,27,13,0,13,74,155,15,5,0,0,33,0,6,16,40,13,28,61,4,38,15,73,6,0,12,198,31,142,1,586,2,24,110,1,7,67,13,10,76,23,57,13,53,45,139,0,35,281,33,35,4,8,0,73,59,3,11,0,4,15,8,41,32,8,1,47,23,328,0,13,2,11,4,1,625,67,1054,9,1,98,27,47,54,0,60,11,63,5,85,25,174,20,3,18,25,12,0,4,23,3,66,22,6,311,17,13,9,0,77,0,1,3,5,0,7,173,11,133,0,16,4323,47,0,33,1,0,6,7,27,131,0,118,0,0,26,59,85,6,36,0,1229,6,0,22,85,87,0,44,0,11,1,25,132,115,85,27,61,38,16,21,5,17,1,4,0,0,64,23,128,12,0,25,83,14,0,40,62,0,5,5,29,29,225,1,11,0,19,3,167,98,2,21,14,16,10,15,12,390,1462,32,6,25,2,121,324,13,15,137,97,2,3,68,10,273,5,2249,64,15,58,9,11,13,9,121,7,5,56,28,86,102,40,30,1,412,0,22,11,1,3,14,99,109,3,9,6468,51,18,16,30,95,21,28,65,99,11,11,167,21,0,219,69,49,12,8,8,59,0,0,40,82,0,22,0,90,78,6,4,66,36,128,0,129,88,30,0,24,24,144,11,33,64,11,365,2,100,50,40,15,57,0,50,59,1,23,0,0,48,15,8,0,0,1,6,74,0,104,11,3,0,16,55,13,2,38,45,32,17,3,25,5,24,35,72,30,15,0,18,66,5,13,120,0,74,46,49,32,37,3786,14,0,5,28,7,50,64,7,70,0,14,26,14,15,227,3,270,115,0,27,62,417,0,58,110,90,113,5,10,89,95,57,1542,4,0,9,93,59,137,216,34,44,13,0,5,2,34,30,15,177,0,11,1,72,0,76,3,86,31,121,33,1503,1,12,101,133,7,38,29,13,16,133,48
cell_160,15,10,5,44,8,0,24,75,115,189,23,39,144,10,4,6,46,27,1,9,82,102,11,34,17,2,0,18,23,6,32,18,21,13,9,646,38,23,170,9,113,82,41,37,9,199,1,18,8,215,7,11,109,3,75,1,0,0,10,2,5,111,106,1,17,32,100,1,2,40,35,22,134,18,0,74,86,9,25,35,26,15,8,77,229,11,7,0,1,27,5,6,25,0,43,33,109,13,67,64,40,0,1,0,174,23,144,2,762,5,30,159,0,9,7,26,50,71,2,96,69,97,99,142,0,31,522,96,10,0,1,13,90,48,5,13,0,1,0,3,61,67,9,0,7,17,398,2,43,2,1,31,9,5787,36,988,143,4,97,19,22,72,1,34,7,116,7,78,30,97,0,4,14,33,0,14,0,23,3,79,1,36,298,60,32,52,10,73,96,0,0,4,4,1,184,14,134,15,16,4551,19,0,43,0,0,36,8,17,155,0,0,0,0,14,9,12,28,31,31,1243,19,3,3,20,100,7,61,0,21,0,56,115,86,161,32,20,34,12,25,42,49,7,58,6,0,2,81,11,5,6,1,427,4,0,7,41,1,6,26,1,92,190,43,22,2,15,7,370,100,8,35,30,9,8,3,3,269,1298,26,21,0,0,182,309,10,19,71,104,3,3,46,0,315,0,2425,5,14,50,17,17,5,2,42,2,1,73,17,70,47,19,10,1,410,1,10,33,10,0,9,9,129,18,9,6613,9,21,41,6,76,21,40,31,111,13,15,50,39,8,142,69,52,3,4,49,0,160,2,29,60,3,39,0,17,58,9,0,33,29,61,0,183,31,14,0,0,15,135,20,8,13,17,368,18,95,48,16,5,72,2,49,35,0,22,12,0,168,11,127,261,2,0,6,14,31,108,7,0,0,0,42,1,1,23,14,44,42,1,48,14,21,16,11,5,3,1,19,29,9,3,79,0,67,72,71,39,26,3773,0,0,0,57,24,44,52,10,139,1,11,59,31,45,1289,38,181,72,2,70,79,474,15,40,108,102,94,5,41,22,96,85,3163,19,1,0,77,79,71,208,37,150,26,7,0,0,48,42,2,111,1,11,1,115,26,89,61,109,23,251,96,1563,2,15,63,174,6,10,52,6,12,104,64
cell_161,12,29,7,58,19,1,64,40,44,193,21,29,155,13,43,3,42,31,16,0,82,78,28,33,26,0,0,11,16,5,49,60,28,20,8,662,201,10,158,26,222,37,9,22,2,344,0,3,0,97,14,4,104,5,162,124,0,0,13,0,0,89,12,1,29,38,84,21,9,57,25,1,0,34,11,69,2,11,27,36,10,11,16,53,266,4,0,5,0,32,0,11,116,0,1,30,108,0,36,85,36,1,6,36,237,18,133,10,714,2,65,56,8,1,121,19,44,89,36,111,72,71,80,145,12,27,20,149,21,2,3,2,92,73,10,12,1,14,4,0,55,57,27,1,33,4,354,0,34,11,3,10,2,2597,57,1019,9,3,110,29,36,59,0,42,24,88,20,68,43,157,1,8,21,7,10,0,0,28,10,97,21,17,255,37,22,10,4,81,91,5,0,1,0,0,166,9,141,32,15,4477,4,0,34,0,0,2,11,26,113,0,16,0,0,9,52,25,6,44,0,1250,8,0,3,14,83,10,57,0,19,7,35,145,100,40,17,40,39,29,29,72,87,0,13,0,0,0,76,40,10,0,5,520,2,8,14,72,1,2,35,11,55,190,26,0,0,12,0,386,78,0,7,40,0,10,10,18,414,1371,21,1,14,0,200,325,20,7,163,90,1,5,66,8,285,0,2302,26,3,68,5,0,7,2,130,2,16,72,11,18,115,19,25,5,416,1,12,14,1,0,5,63,11,11,18,6182,120,22,6,34,24,33,62,39,110,1,44,167,16,24,298,68,67,4,0,27,45,0,2,41,77,48,12,0,7,281,13,11,251,28,32,8,119,72,20,0,2,5,123,0,22,14,22,385,6,59,30,39,2,1,2,38,88,1,36,4,22,66,9,0,312,7,4,1,11,65,87,43,3,0,5,62,29,1,74,21,4,10,18,48,0,32,24,67,37,0,7,19,118,4,2,41,0,147,73,114,84,37,3097,2,0,3,27,89,62,63,10,263,2,15,60,59,31,7,0,0,96,0,111,57,770,0,51,35,51,81,4,57,810,56,88,2940,15,9,6,15,108,0,8,30,24,27,0,2,1,41,22,3,100,0,5,2,40,0,75,114,85,30,267,20,1369,0,26,35,85,8,19,40,5,51,19,49
cell_162,18,0,6,56,18,9,48,17,56,50,22,42,96,5,7,16,57,14,2,25,98,145,7,10,41,0,7,68,17,3,55,52,10,22,13,368,226,22,341,31,154,192,17,23,5,402,2,3,47,218,6,19,87,3,71,43,4,2,13,0,0,76,22,1,43,30,96,9,10,59,14,33,65,5,2,7,74,15,18,34,3,6,8,22,170,47,2,0,0,27,0,1,66,12,9,35,148,9,54,53,76,4,3,1,195,25,69,17,327,14,63,142,5,1,163,7,39,45,8,54,15,11,49,124,0,23,73,90,1,0,5,1,160,34,12,8,0,8,20,1,102,26,17,0,12,61,177,12,67,6,1,9,0,1675,56,1117,29,8,129,35,26,28,0,34,13,215,7,42,34,137,0,2,4,32,7,6,6,17,9,89,7,43,296,47,23,4,6,72,0,0,0,4,0,0,133,4,31,30,7,4850,6,10,31,0,0,0,9,5,138,2,7,0,0,19,45,0,0,13,0,424,0,0,2,20,49,19,76,2,45,6,93,77,73,105,25,108,30,21,4,7,98,0,4,0,9,64,40,68,19,14,6,4,47,3,8,27,2,7,11,22,8,241,58,47,0,11,0,183,83,14,3,28,11,9,9,25,258,1454,10,71,53,0,167,222,9,33,260,161,1,2,37,6,319,0,2171,32,3,83,6,14,31,3,19,0,8,34,22,103,82,19,15,0,851,0,25,63,5,13,7,99,0,9,24,5339,18,59,23,1,3,40,23,62,1,4,42,22,3,6,511,58,44,0,0,63,28,99,9,68,60,1,22,21,30,49,8,6,10,46,54,21,82,13,17,0,0,3,96,5,2,21,0,682,5,77,31,37,17,15,0,67,112,4,25,1,4,272,10,3,140,10,7,0,52,152,60,1,1,0,11,78,1,2,29,20,0,18,6,13,0,19,22,27,1,0,0,49,122,55,0,12,0,87,81,162,70,21,479,32,0,5,27,16,132,57,20,57,2,16,93,23,4,999,86,180,85,0,21,122,1839,0,26,72,97,70,13,28,211,48,35,3300,3,6,0,14,89,63,285,28,92,4,3,4,0,77,26,7,26,0,2,5,75,0,121,47,59,37,283,23,1653,3,10,23,63,3,110,29,11,88,24,52
cell_163,14,0,0,55,14,0,56,38,79,261,15,9,133,23,1,33,51,6,2,0,98,123,4,1,10,0,5,79,20,17,39,5,106,0,7,318,0,25,198,3,168,38,10,31,4,250,1,28,30,230,0,13,104,0,52,14,5,0,4,4,11,47,9,19,11,0,90,29,0,53,12,9,35,5,5,18,92,10,28,24,61,5,15,28,231,8,2,0,0,52,2,3,2,5,18,42,69,4,11,87,79,14,0,7,243,17,239,2,691,3,28,103,5,12,64,19,33,87,19,96,57,2,79,107,0,26,94,81,1,1,15,0,77,33,0,4,0,5,13,1,50,53,38,4,10,28,338,10,13,0,5,24,1,1631,109,1024,47,9,21,19,26,84,5,35,3,77,2,25,37,137,33,4,14,29,36,2,3,11,11,89,14,31,295,23,24,56,20,80,71,394,2,9,0,47,162,15,162,0,16,4476,1,0,58,2,0,0,7,22,22,0,27,0,0,53,11,5,11,48,15,1272,0,2,7,54,85,8,27,0,66,1,69,130,143,114,31,46,13,5,11,92,144,0,100,0,0,11,73,40,15,7,7,166,17,0,16,80,0,0,43,10,34,248,22,31,2,14,8,244,106,25,17,18,4,16,19,6,340,1453,0,15,10,0,198,268,7,13,145,100,25,1,68,40,291,0,2314,19,0,35,3,10,18,1,80,0,15,97,17,24,80,37,12,1,417,0,16,2,24,20,8,25,64,6,32,6060,44,32,9,16,8,28,39,9,86,2,9,70,0,77,152,63,97,8,3,53,31,142,19,53,69,14,9,0,24,162,8,5,25,11,102,3,177,30,13,0,1,20,126,1,36,46,48,399,2,83,31,34,15,10,0,33,93,2,23,2,3,206,4,0,230,3,0,3,1,79,117,14,3,0,15,69,6,22,85,31,0,22,4,51,7,37,26,80,24,5,0,5,140,16,1,180,0,144,62,116,59,35,3258,22,0,7,37,48,32,93,19,166,2,15,11,15,50,52,0,152,90,1,62,30,794,0,39,76,105,37,2,46,354,28,111,930,15,7,6,62,86,3,141,33,91,17,9,10,6,51,22,4,170,11,4,0,16,93,75,69,49,36,183,3,1424,1,9,131,155,2,72,50,0,84,13,10
cell_164,8,1,7,62,22,0,44,41,245,55,3,7,126,2,4,3,67,11,0,9,87,52,2,13,25,20,0,70,19,16,38,40,44,5,6,496,0,34,144,3,129,133,4,39,6,291,0,49,24,266,0,3,113,20,51,92,9,4,1,3,6,105,95,5,15,0,62,21,16,41,38,3,96,7,1,15,245,0,33,15,15,0,17,81,132,25,2,0,0,61,5,4,12,84,11,14,123,2,55,97,6,17,0,15,212,33,154,18,397,30,2,162,5,7,64,3,0,84,19,79,97,65,117,14,0,26,363,80,7,1,3,27,68,39,1,49,0,6,7,0,42,53,19,0,0,102,354,1,10,7,0,8,5,2248,37,1026,42,0,127,31,20,88,0,1,10,131,2,43,32,71,5,9,16,0,23,3,0,36,15,86,0,29,247,40,20,27,47,88,11,65,2,11,0,0,183,7,34,0,14,4386,5,0,44,0,0,24,8,12,92,2,55,1,0,10,6,31,17,28,0,1327,0,22,0,36,80,0,64,1,59,9,22,116,209,243,30,70,41,10,1,96,30,6,142,5,0,42,32,6,16,2,20,390,8,1,65,19,0,1,21,29,72,183,67,9,0,22,71,64,93,23,17,12,4,29,15,14,404,1157,19,35,107,2,198,275,0,11,129,116,19,2,69,5,290,12,2515,9,5,92,3,16,0,2,16,0,5,78,14,132,106,46,9,1,429,0,4,0,11,3,4,38,27,22,13,6030,55,66,37,1,133,19,27,32,95,5,20,159,18,15,149,57,37,3,0,16,61,37,2,45,44,1,4,3,56,79,4,3,88,21,12,0,153,52,15,0,0,58,139,17,20,44,18,453,2,94,32,24,3,45,0,2,97,1,31,6,0,191,1,0,3,7,5,28,0,0,128,12,0,0,10,24,14,5,73,41,6,103,4,54,40,25,120,8,11,6,1,20,84,29,7,56,0,112,65,101,1,36,3684,31,3,0,31,35,18,89,4,50,1,9,34,4,7,599,0,31,125,0,105,51,664,0,57,92,109,77,2,27,311,19,65,3791,13,6,54,69,82,1,56,43,126,14,10,9,6,40,16,10,3,40,8,0,124,3,92,31,82,40,223,18,1357,1,15,33,96,1,98,21,0,65,124,13
cell_165,5,20,17,60,17,0,51,7,144,41,24,26,153,3,0,0,67,35,0,5,79,119,11,0,31,8,0,51,15,12,43,42,4,23,17,714,13,19,155,33,52,115,20,29,0,307,0,0,0,244,27,16,89,3,65,138,19,5,26,7,2,44,17,7,27,1,97,20,1,47,1,8,28,2,3,19,70,0,29,7,7,0,18,74,193,9,13,0,0,25,0,3,33,8,12,42,111,0,88,39,9,18,0,5,156,39,252,6,670,2,7,180,6,4,50,4,47,61,34,120,75,68,99,94,0,35,136,210,25,0,2,6,69,54,13,31,0,2,12,1,55,62,4,8,2,14,290,1,8,3,1,14,7,1488,15,1157,22,6,29,18,67,57,0,5,20,107,0,62,37,148,5,0,24,57,19,5,2,31,5,84,11,7,269,55,21,11,12,69,40,77,22,10,0,0,169,26,71,12,23,4068,3,0,46,0,0,16,15,20,35,0,142,0,1,22,31,45,6,60,0,1247,2,1,0,36,96,0,69,1,10,10,41,97,68,231,35,65,21,47,0,119,68,10,19,0,0,33,9,55,4,0,9,0,30,0,15,6,11,4,21,19,23,210,1,5,1,26,14,235,105,26,13,25,16,5,9,8,427,1254,37,5,35,0,193,302,2,29,126,122,0,7,83,1,328,1,2330,54,13,43,9,5,36,2,69,20,1,88,17,113,110,15,16,0,455,2,8,1,14,1,14,63,6,3,5,6266,83,38,24,0,71,52,12,8,88,14,15,43,32,9,347,66,55,14,13,38,68,7,7,27,83,0,19,0,20,315,5,2,13,27,110,14,197,42,34,0,1,38,126,15,27,47,20,408,8,85,43,33,5,9,4,21,82,0,21,4,0,155,0,0,161,8,7,14,0,88,119,29,1,2,10,111,3,6,28,35,0,49,11,49,33,31,117,39,0,1,0,4,107,29,2,101,0,79,43,124,28,39,4105,1,9,9,29,36,43,54,11,127,5,22,32,20,15,2014,9,52,48,0,256,50,623,0,21,103,99,99,5,22,581,29,91,2389,26,1,7,62,74,100,207,39,162,16,0,8,5,37,7,7,27,0,2,1,5,0,81,19,94,37,252,39,1608,1,18,35,131,4,90,17,5,40,93,59
cell_166,9,0,15,68,26,0,60,5,126,28,25,0,149,9,30,3,55,10,7,0,76,101,11,41,25,15,0,36,16,9,49,37,45,29,27,582,325,23,153,17,75,150,40,25,9,289,1,23,15,268,11,27,103,0,44,66,10,5,11,2,0,14,53,2,23,0,101,20,0,51,19,9,52,55,0,41,79,0,27,20,0,1,8,92,211,6,1,1,0,50,0,6,47,5,44,16,41,2,35,9,66,7,2,11,176,18,218,3,764,0,22,162,7,1,112,35,5,31,51,81,15,6,88,1,0,39,480,60,10,5,10,0,73,95,24,28,0,4,12,0,65,62,34,0,82,10,335,3,25,3,1,24,1,4152,67,1064,20,1,95,29,18,63,0,42,24,54,9,47,38,154,2,1,16,6,42,5,0,29,11,70,15,42,263,23,26,28,6,58,59,0,6,14,1,0,127,22,34,0,16,4404,15,0,32,0,0,8,17,18,159,0,109,0,0,34,35,26,5,46,0,1186,0,0,1,57,58,2,70,0,10,11,38,123,143,294,10,58,6,29,0,115,138,17,99,0,0,22,79,84,5,3,5,323,7,0,48,32,6,13,14,17,83,145,45,4,0,34,4,233,97,4,17,39,11,7,18,0,371,1377,12,20,53,2,159,289,32,18,119,75,10,0,24,8,303,0,2470,9,10,23,8,17,10,3,76,1,25,68,9,134,135,26,12,0,431,0,11,5,17,0,4,96,3,0,25,6307,31,44,32,21,130,9,46,52,92,16,33,79,2,0,103,61,48,13,0,32,46,0,5,46,77,0,17,0,13,141,9,0,137,22,92,5,175,105,14,0,1,24,120,2,26,40,1,465,0,67,46,39,17,59,0,49,97,3,36,1,0,223,2,0,6,10,8,0,0,13,127,7,4,0,9,80,3,2,108,41,3,22,16,45,22,37,36,82,28,0,4,17,97,10,12,68,3,74,71,123,56,43,3328,11,0,12,27,51,95,87,10,102,0,20,46,13,38,44,0,393,82,0,59,48,787,0,3,76,93,112,2,44,159,58,83,1799,3,0,1,53,89,107,196,29,124,19,1,8,7,6,19,1,78,1,7,22,83,0,108,86,71,12,257,10,1258,1,0,55,108,0,34,19,0,40,2,48
cell_167,9,0,2,60,15,11,53,20,97,32,25,39,157,19,36,10,41,58,19,10,88,25,12,2,31,23,1,4,25,13,35,130,137,7,29,518,65,23,163,28,37,110,21,30,3,316,1,5,39,241,11,13,99,8,113,15,0,3,18,2,5,141,75,0,32,0,87,3,5,54,17,3,35,13,0,74,24,0,33,11,38,4,18,9,158,17,7,0,0,25,9,0,8,0,82,25,97,2,108,24,44,0,18,5,142,2,122,7,910,5,56,133,3,1,70,36,0,77,44,103,34,33,103,26,0,17,684,18,0,2,0,5,76,62,12,13,0,4,5,2,49,51,15,0,36,21,236,0,2,1,5,22,0,3055,97,1076,3,0,56,16,34,62,0,62,21,110,12,38,37,53,18,1,25,1,39,5,2,24,14,92,19,10,247,41,30,78,4,80,0,0,1,4,0,4,62,8,421,0,20,4296,8,7,38,0,0,2,2,33,115,0,1,0,0,20,7,119,8,34,102,1154,0,0,1,66,24,1,54,1,24,3,20,109,172,394,13,78,51,8,0,140,132,0,23,0,0,4,79,82,10,8,6,266,6,0,64,51,1,26,0,6,23,132,69,5,0,22,21,275,97,1,23,12,8,5,14,12,428,1330,39,62,41,9,202,283,19,32,157,104,4,1,59,0,264,20,2287,11,0,4,4,14,10,0,50,0,9,50,11,74,61,10,89,0,409,0,22,22,9,0,15,134,114,1,32,6036,13,2,16,12,36,13,62,25,23,9,18,251,0,26,323,63,78,3,1,49,61,131,0,45,51,0,29,0,19,29,14,2,46,1,109,7,84,89,4,0,0,60,127,7,20,15,17,437,13,104,71,34,0,70,1,35,11,0,27,1,23,122,13,0,52,22,0,0,69,164,64,6,0,0,2,23,24,43,56,24,19,62,20,39,57,20,58,51,2,7,0,6,78,9,9,223,0,106,90,135,8,43,3508,15,0,3,43,77,70,85,10,338,3,13,48,15,46,1918,0,115,123,0,50,63,598,0,7,35,75,112,6,42,55,70,119,3786,7,3,2,47,73,126,105,33,109,21,2,25,2,9,28,3,6,9,4,8,130,0,69,174,53,25,288,94,1399,0,10,59,102,5,30,38,16,4,17,55
cell_168,30,0,8,66,11,0,48,5,133,194,23,13,146,15,21,41,58,80,41,2,68,86,5,15,19,7,0,56,18,9,47,8,196,2,44,449,63,19,185,43,96,101,23,32,0,364,4,8,0,263,1,29,89,10,13,127,9,0,10,5,16,128,22,12,32,0,93,49,0,54,2,17,18,12,3,61,12,8,24,28,2,3,18,9,274,9,2,0,0,68,0,3,7,0,5,41,68,2,46,83,84,0,10,5,187,6,152,0,714,0,17,128,17,4,122,7,52,83,57,86,92,6,84,11,0,20,104,42,2,0,6,0,81,40,4,18,6,4,24,9,57,61,44,5,0,18,329,1,5,0,3,32,0,723,57,1071,17,0,8,26,49,76,4,21,5,138,0,75,41,131,37,1,2,61,32,11,3,32,3,94,2,14,270,47,22,34,2,81,27,0,1,16,0,0,153,18,169,1,21,4329,32,0,42,0,0,2,19,20,2,0,154,0,2,53,46,15,2,46,0,1222,7,15,6,28,75,6,32,0,47,5,17,119,19,48,24,30,6,12,24,122,146,1,2,0,0,49,70,71,19,8,30,325,23,0,7,5,0,0,15,23,48,209,13,25,2,8,24,373,106,25,17,37,32,31,15,0,353,1286,11,4,10,7,172,306,33,24,142,96,0,22,96,0,275,2,2292,80,30,27,3,2,18,1,69,0,16,62,10,53,7,22,16,5,400,12,12,13,21,0,10,26,111,3,29,6223,64,70,61,25,107,40,9,11,138,4,18,6,1,42,253,80,63,9,8,59,68,10,21,41,73,0,22,0,39,236,2,0,14,15,33,5,159,46,22,0,3,18,117,28,33,19,46,346,11,87,74,33,1,6,0,38,42,1,29,5,1,263,0,0,146,3,1,14,19,18,114,34,7,0,19,107,23,35,121,43,0,102,2,28,0,30,72,6,10,0,0,17,186,4,27,62,0,127,50,148,74,29,3380,1,0,2,39,26,36,90,22,80,7,2,28,87,34,7,0,347,24,0,252,52,419,0,11,97,52,96,1,29,98,15,32,1857,15,0,31,7,76,121,193,25,175,30,0,49,6,72,29,2,138,4,3,1,4,0,109,149,38,17,261,58,1355,0,9,35,108,0,101,48,0,108,43,68
cell_169,24,0,2,42,20,0,54,30,15,146,17,29,182,13,77,35,56,6,10,2,80,46,5,28,43,9,0,62,26,12,33,2,219,30,0,585,92,18,148,12,84,137,35,35,4,316,0,0,15,92,51,11,75,8,9,160,0,4,33,1,1,87,9,9,29,0,93,29,0,48,3,27,5,26,3,62,34,3,22,40,21,0,18,65,158,25,4,0,0,58,5,0,5,0,13,46,43,3,42,84,76,9,0,15,101,35,160,17,785,13,30,70,4,2,26,3,4,65,43,88,68,107,119,101,7,21,214,4,22,4,6,0,73,27,4,8,0,3,16,2,54,42,16,0,27,46,295,2,6,1,0,9,2,973,36,1038,27,0,127,26,68,58,0,37,5,58,12,43,26,161,27,0,17,6,44,3,0,14,25,35,0,44,253,44,16,10,2,66,58,0,3,3,0,4,183,17,23,9,26,4562,6,0,45,2,0,14,4,31,137,0,61,0,1,66,68,109,8,28,0,1236,4,1,2,72,42,2,21,2,10,7,61,132,18,27,39,46,29,8,0,29,64,1,28,0,0,12,77,51,11,6,3,507,7,0,34,84,0,6,45,21,87,195,16,14,1,16,0,254,95,20,27,44,21,6,21,2,423,1238,37,28,21,1,193,289,16,16,111,106,0,6,24,10,285,5,2396,56,14,48,1,12,6,1,155,0,11,87,15,144,129,8,27,1,411,0,22,11,0,6,4,52,41,7,6,5999,78,0,21,62,66,34,48,50,108,2,43,77,8,4,294,71,66,30,1,59,58,112,1,35,77,0,13,0,18,46,18,1,71,5,95,0,169,83,32,0,36,42,140,16,51,46,96,421,8,41,43,30,8,50,1,18,65,2,33,1,0,87,27,18,200,4,31,12,48,32,104,16,3,0,2,95,16,4,110,55,2,93,8,50,22,28,35,38,16,0,0,21,112,17,1,140,0,70,59,127,39,37,3541,12,0,0,12,19,27,77,0,298,0,9,54,28,53,397,0,154,77,0,128,55,88,0,24,77,86,81,5,1,235,88,99,2609,16,12,0,145,94,39,174,33,65,18,0,10,4,27,33,2,91,0,0,5,17,7,76,10,77,23,202,17,1342,0,23,83,132,2,91,28,0,120,78,23
cell_170,11,6,23,40,34,0,64,68,145,115,35,15,160,1,0,6,53,17,27,0,71,43,7,6,40,32,0,62,16,6,16,18,121,44,14,627,145,24,175,48,59,161,10,36,32,276,3,4,0,202,4,9,92,8,60,91,2,10,2,5,1,17,76,13,29,34,50,40,15,59,2,10,17,62,0,26,23,0,24,26,10,3,8,67,84,23,5,0,0,53,5,2,110,28,6,26,94,0,33,68,23,5,26,16,152,30,195,9,216,18,15,139,0,3,37,44,40,44,32,92,18,68,115,119,0,39,298,46,2,2,3,42,46,31,10,14,0,2,18,1,52,25,29,0,0,34,286,1,29,8,1,1,1,4193,22,1088,49,3,105,28,53,62,6,7,16,209,2,86,39,58,3,6,17,0,27,10,1,25,37,105,4,26,236,49,7,3,6,91,8,0,1,2,2,0,180,11,86,0,14,4079,2,0,32,0,0,11,0,22,64,0,169,0,0,16,29,103,9,44,0,1174,3,1,0,21,90,5,69,0,6,3,10,129,121,249,32,94,47,20,5,168,34,9,24,0,0,41,63,72,17,6,20,454,14,21,44,44,0,2,4,28,38,237,82,3,0,3,4,398,113,27,9,43,2,4,6,0,492,1370,81,9,12,34,178,297,5,28,136,108,6,7,87,7,300,0,2544,34,15,16,6,11,39,0,92,4,10,57,13,125,110,12,4,0,403,1,20,0,3,3,13,51,48,7,4,6043,103,8,20,26,83,15,58,28,100,0,63,71,52,34,306,65,25,11,6,61,71,117,16,45,67,39,12,0,7,94,3,16,49,11,9,0,133,2,29,1,3,75,122,26,20,26,11,436,12,92,67,14,3,61,0,2,112,7,24,0,0,90,4,0,231,8,21,11,1,33,113,28,0,2,0,45,0,7,22,42,88,56,2,37,57,31,87,146,7,7,0,24,111,11,1,131,0,143,55,164,69,35,3993,20,11,0,46,2,59,49,9,127,2,19,42,13,54,522,4,204,104,0,34,52,666,0,6,86,114,73,4,25,63,30,129,2680,20,6,12,67,81,141,188,32,50,28,2,2,0,148,14,1,226,0,4,0,97,45,95,71,89,22,261,28,1512,0,25,36,102,8,79,39,2,103,46,0
cell_171,5,0,1,55,25,0,32,102,163,139,22,32,173,9,24,35,36,3,4,20,65,17,3,36,8,4,1,81,8,10,41,12,122,82,8,355,202,10,182,0,98,50,23,36,4,143,1,19,17,255,6,7,104,14,58,112,6,4,2,4,4,43,104,0,22,0,105,36,2,41,37,2,73,55,1,39,78,2,29,13,22,0,13,31,210,7,2,0,0,33,6,4,30,7,5,60,108,3,100,94,42,2,3,10,197,14,188,0,718,2,23,153,7,8,101,49,53,67,29,110,103,179,109,149,1,33,183,147,3,0,0,1,90,28,28,18,0,9,10,3,67,48,35,29,3,9,327,1,34,19,3,19,0,3637,33,1013,42,1,129,18,59,65,0,3,0,38,9,100,33,128,2,10,14,17,46,1,0,29,6,69,18,71,254,42,27,8,8,37,71,0,24,11,1,5,187,11,61,112,23,4531,3,0,48,0,0,23,3,14,145,3,188,0,0,18,59,64,10,38,0,1246,4,4,0,24,85,2,30,4,44,9,13,110,228,136,10,88,32,19,0,35,76,1,35,0,0,72,51,28,15,2,6,363,15,4,10,80,5,13,5,20,71,105,85,15,0,26,48,352,91,16,31,12,15,16,20,4,401,1287,35,7,77,0,189,307,15,7,118,108,12,4,72,3,307,0,2428,18,5,77,6,9,5,0,26,0,13,73,10,66,128,14,19,0,455,1,18,0,17,25,18,106,111,15,24,6142,15,51,30,5,63,10,47,22,137,4,11,39,11,18,197,40,50,2,0,55,72,3,1,41,43,0,15,5,12,109,3,7,22,15,85,2,160,23,11,0,9,16,144,13,30,60,36,421,4,109,52,16,22,12,3,48,81,2,25,21,0,213,2,0,310,13,1,16,6,219,102,30,1,0,5,64,4,2,45,34,17,0,15,50,17,20,92,110,10,4,5,1,43,27,5,85,0,117,78,128,10,29,3448,15,1,0,35,3,33,71,43,296,0,15,60,30,52,319,7,150,103,0,178,57,657,0,94,81,91,35,6,45,72,44,88,3129,10,0,0,97,106,17,75,27,143,23,0,5,2,38,41,3,55,4,1,3,122,23,98,86,78,30,254,35,1337,1,27,67,131,8,136,2,2,23,89,77
cell_172,10,17,9,55,23,0,51,28,191,52,22,40,142,13,0,8,57,9,1,7,80,87,4,1,53,3,0,25,19,5,31,6,58,32,36,647,9,18,194,10,41,138,9,33,3,285,3,3,75,177,26,14,103,28,21,113,1,14,15,15,1,89,22,7,30,5,109,3,0,43,21,20,17,24,9,29,12,0,20,23,8,2,7,1,208,11,0,0,0,40,0,3,11,0,6,29,21,0,35,70,40,2,4,3,240,24,239,0,543,1,48,117,16,8,63,33,39,70,38,92,114,4,29,93,8,28,165,1,3,6,21,2,64,70,0,9,0,3,3,0,51,60,18,0,73,71,294,2,7,0,5,15,9,2157,79,1016,20,9,38,10,69,30,0,42,26,152,1,14,37,108,2,0,3,17,16,9,2,25,24,70,21,29,270,43,21,13,6,77,21,121,13,8,0,8,189,24,274,2,27,4258,7,5,31,7,0,5,24,9,104,9,230,0,1,48,35,22,40,45,2,1159,1,0,0,68,85,0,34,0,46,4,82,30,65,77,11,99,51,9,0,60,28,0,27,0,0,29,66,27,15,6,11,14,9,2,24,10,2,3,4,14,114,213,1,2,0,41,21,331,109,22,29,0,10,3,22,6,332,1270,17,53,20,1,191,279,48,7,104,79,15,0,87,2,323,0,2509,47,21,22,12,9,5,0,141,0,16,79,18,117,70,52,26,0,447,0,14,25,0,29,6,110,24,7,4,6311,61,57,7,42,39,20,22,8,142,1,14,61,10,15,206,35,73,7,6,38,3,6,4,34,72,15,6,0,21,407,16,2,111,8,59,7,108,80,6,0,26,0,109,17,6,40,9,336,1,33,64,27,13,9,0,27,107,3,21,11,0,40,20,24,181,2,23,15,8,46,130,7,3,0,4,96,0,1,52,44,1,57,4,31,102,20,10,1,10,2,8,21,60,1,4,71,0,130,73,34,28,31,3685,5,0,6,27,35,55,82,8,306,8,24,19,55,16,153,4,36,135,0,49,45,767,0,20,31,93,31,0,39,835,76,85,1681,6,0,52,54,84,72,194,35,77,19,0,5,1,129,5,3,2,4,3,0,20,76,91,39,39,21,184,8,1548,0,23,46,118,10,97,1,0,86,135,58
cell_173,27,0,7,44,20,0,41,47,188,68,26,25,176,18,111,24,41,2,0,7,59,0,17,34,22,14,0,12,15,21,47,11,206,55,7,242,544,15,159,42,182,71,19,29,5,270,0,32,10,221,0,35,113,9,51,2,0,7,6,8,0,61,48,1,20,54,89,51,6,43,22,1,5,19,1,11,38,15,16,38,6,8,17,87,245,7,6,0,0,58,9,10,14,1,11,42,77,2,95,82,37,13,3,49,227,13,137,19,525,18,39,156,9,3,65,10,49,78,32,106,56,28,26,94,0,25,103,29,9,0,0,0,80,5,39,8,0,1,13,3,64,82,48,38,13,22,314,0,1,2,6,14,1,3085,76,1075,37,0,31,26,25,23,0,42,9,212,4,54,32,133,1,4,11,25,8,1,1,28,2,92,18,71,270,3,20,24,20,73,67,0,0,7,0,0,163,10,109,0,13,4625,10,4,22,0,0,3,1,20,96,0,165,0,0,24,14,36,7,15,1,1108,5,1,2,49,84,5,39,0,57,6,20,124,260,242,19,88,49,6,7,104,48,11,13,1,0,25,78,41,15,8,1,87,26,4,6,85,1,6,9,11,93,75,24,4,2,3,1,356,109,28,55,49,10,22,18,7,438,1228,14,8,58,0,178,273,0,20,124,103,1,3,81,40,312,11,2260,7,1,107,6,4,13,2,121,0,10,70,9,102,98,1,18,4,413,0,12,19,9,0,7,60,115,21,38,6430,40,4,21,7,81,22,38,23,141,4,16,117,0,41,208,41,33,5,0,62,59,99,2,42,80,0,12,66,31,39,20,1,98,7,7,1,173,44,21,0,10,42,132,23,9,42,19,389,14,98,79,12,3,58,2,6,59,6,22,0,0,165,1,0,181,5,3,0,24,444,112,12,1,1,7,73,16,7,41,10,14,106,13,43,0,40,50,141,8,1,0,25,32,38,10,130,0,110,63,89,28,34,3623,10,3,0,20,52,60,72,2,272,0,26,58,18,29,46,19,363,143,0,395,47,337,0,20,31,47,56,0,53,0,75,89,3664,25,3,41,76,77,75,189,20,162,26,0,5,0,41,24,2,14,9,7,2,165,55,74,109,61,16,259,77,1394,2,50,16,102,2,42,26,0,76,137,42
cell_174,12,0,16,61,28,5,45,20,83,161,11,11,166,1,1,7,47,1,1,35,87,145,3,40,35,4,0,37,28,17,48,18,23,14,13,588,101,23,154,12,108,142,2,36,4,335,0,6,13,222,0,24,116,11,126,26,14,0,13,8,0,20,90,2,10,0,59,21,0,55,17,4,146,16,6,32,245,14,33,36,3,0,14,111,309,10,9,0,0,76,0,4,30,11,7,31,42,1,48,75,86,15,8,0,139,23,186,5,586,6,17,179,6,2,57,0,36,92,25,69,114,6,43,127,1,21,310,7,1,0,8,74,84,12,12,11,2,5,15,4,66,64,50,0,0,28,355,1,19,12,3,9,2,4025,107,1022,22,2,96,25,30,86,0,9,13,104,1,66,9,187,17,1,3,36,36,4,0,21,6,71,33,58,290,50,24,23,10,73,112,113,5,1,0,6,214,8,247,1,29,4715,17,1,33,1,0,5,16,37,139,0,184,0,0,23,10,33,14,55,2,1181,0,0,1,25,93,5,44,0,23,21,32,116,125,38,35,86,10,27,15,89,210,1,35,0,0,25,76,10,18,4,30,360,8,0,18,25,0,1,2,16,104,258,49,3,7,31,97,300,101,8,15,3,17,13,16,6,405,1343,30,4,11,7,190,262,23,21,124,107,11,1,92,0,295,0,2231,12,17,39,0,9,13,1,121,0,17,81,16,99,147,7,18,6,421,0,8,5,0,33,5,113,32,26,38,6270,88,32,4,58,17,16,27,33,107,9,26,73,1,18,384,68,51,22,1,60,53,153,9,46,80,17,30,0,13,353,7,3,4,33,16,8,152,45,12,0,7,1,127,2,30,43,3,413,4,48,62,13,7,21,0,0,84,3,47,43,0,147,22,2,224,3,9,1,12,201,99,29,0,5,15,16,8,5,80,20,0,23,10,49,5,32,9,44,1,1,0,28,60,20,0,71,0,88,80,91,94,41,3547,5,8,13,10,21,82,78,18,317,4,9,13,49,34,1648,6,219,126,0,218,53,653,0,7,58,57,137,2,55,274,7,114,1281,19,3,1,70,94,27,228,31,107,12,8,3,4,69,28,0,124,3,5,0,123,12,19,105,80,37,252,38,1412,0,13,21,98,6,116,22,0,129,36,93
cell_175,27,1,2,47,14,0,22,32,53,187,23,13,155,13,5,8,55,7,30,13,59,48,24,57,12,13,5,2,28,12,41,18,82,20,17,434,41,15,167,0,154,119,23,24,2,267,0,12,4,220,5,20,59,40,13,181,0,3,7,2,2,28,15,8,25,22,19,20,3,54,18,7,30,24,4,12,58,2,30,17,15,0,8,91,214,14,14,3,0,32,0,19,0,76,9,46,115,1,56,79,37,7,0,5,168,52,180,39,809,3,33,67,2,1,39,8,0,61,19,95,2,114,34,86,0,32,406,157,16,2,5,4,83,62,34,7,0,1,3,6,60,37,22,0,20,7,281,10,18,5,3,11,4,1797,12,1005,42,1,86,27,63,29,1,12,9,114,4,21,27,124,3,10,6,3,21,1,4,32,6,83,25,36,227,13,16,1,1,88,2,0,10,10,0,0,79,2,97,15,9,4173,0,0,37,1,0,22,1,7,78,0,175,5,0,40,33,123,10,27,0,1184,0,4,6,44,70,1,57,1,55,1,18,82,74,151,14,113,37,31,28,77,77,0,39,0,0,78,43,134,16,3,13,293,30,0,8,30,1,3,11,21,64,91,33,1,1,41,33,156,98,2,4,77,4,4,15,9,435,1365,65,16,116,12,206,268,0,2,74,95,5,3,79,0,293,0,2503,72,5,57,8,6,25,3,18,0,19,71,11,157,129,30,28,1,430,3,20,0,0,2,15,95,3,14,22,6347,23,13,6,33,63,28,18,47,99,8,8,48,44,23,335,78,14,1,0,33,46,1,0,29,67,0,8,17,48,40,7,0,25,30,69,12,169,91,2,2,6,38,117,6,20,44,37,473,41,98,43,39,13,17,0,0,103,2,26,17,0,109,6,0,285,3,33,0,0,30,101,4,0,0,6,100,1,4,32,29,21,51,7,12,1,34,70,193,17,0,0,0,60,35,8,94,0,122,76,73,43,33,3781,56,0,5,20,9,40,62,8,199,2,10,74,4,30,133,9,126,73,0,81,51,619,0,17,75,113,15,1,33,495,85,73,2690,6,0,39,36,89,74,176,26,91,36,0,9,2,22,21,0,17,10,5,6,93,0,109,32,49,28,186,36,1469,0,20,50,127,3,140,39,0,88,163,3
cell_176,13,1,16,63,8,0,57,8,83,61,27,7,144,6,78,18,63,7,2,1,73,40,8,0,47,13,1,72,20,21,31,48,167,13,40,93,782,32,137,29,54,58,83,18,0,168,1,12,21,208,4,18,97,32,85,131,4,16,11,7,0,26,39,12,31,0,108,14,0,54,1,5,63,48,0,33,81,11,20,23,16,0,10,82,155,15,2,0,0,58,0,2,30,0,1,31,11,2,17,80,116,7,3,4,152,31,119,30,734,5,21,100,8,2,136,15,47,68,51,56,55,27,29,7,0,29,233,4,47,0,2,0,38,37,5,14,0,9,54,9,57,31,27,0,0,0,385,0,2,1,2,46,0,2997,50,960,30,7,90,23,72,49,0,66,0,87,9,74,37,150,8,3,20,29,21,4,1,23,9,92,8,79,285,45,18,32,6,88,36,14,5,3,1,25,149,24,212,0,15,4488,3,3,36,0,0,10,6,27,98,0,154,0,0,67,48,73,6,33,0,1260,8,5,4,60,84,1,64,0,28,0,59,140,73,93,15,80,19,6,0,113,134,23,2,0,0,18,55,25,13,2,11,205,17,0,42,49,0,0,17,12,27,219,3,4,6,11,63,334,120,29,21,4,11,8,15,1,383,1338,33,18,1,7,165,316,3,16,132,105,1,14,52,9,255,6,2345,55,15,50,2,12,2,1,119,1,17,87,14,112,125,2,6,1,469,0,12,5,2,7,9,12,68,9,16,6407,28,41,8,31,95,15,28,65,24,18,34,87,7,15,164,65,48,27,0,50,55,51,4,45,79,31,26,0,15,66,10,1,131,0,20,7,136,35,17,0,15,44,126,1,28,44,91,329,20,22,68,23,21,23,8,9,117,7,23,4,0,194,7,0,77,0,40,12,22,306,120,36,3,0,14,89,5,8,38,34,0,31,3,42,8,31,28,31,3,1,2,26,47,1,4,102,0,110,72,94,81,28,3460,8,0,0,29,1,28,37,32,97,0,5,17,26,2,1,25,236,74,0,34,52,625,0,8,77,100,79,3,42,310,64,105,1034,5,3,114,36,88,63,201,29,131,13,3,17,0,36,34,4,195,4,2,1,72,18,81,102,56,25,249,24,1653,1,21,40,125,2,67,23,0,122,110,69
cell_177,12,12,12,55,21,1,43,48,95,59,26,38,145,18,6,2,53,21,1,1,78,73,8,5,20,2,0,39,18,13,53,24,175,2,9,543,19,29,170,37,130,82,32,26,1,173,1,3,15,242,3,23,93,24,31,90,1,4,3,6,0,26,12,4,18,31,107,12,0,43,31,10,112,31,3,53,43,0,29,32,23,9,14,72,250,7,3,0,0,45,0,11,26,3,11,44,50,6,66,93,36,1,8,6,250,35,224,3,701,0,28,163,9,3,109,3,28,80,28,92,70,55,33,130,0,23,220,17,10,0,11,0,65,33,0,2,0,5,16,1,64,9,18,0,7,3,330,2,0,7,7,11,2,1795,124,1017,32,0,100,33,71,42,0,56,10,92,9,63,34,95,0,0,5,19,26,23,1,22,14,58,40,29,271,32,27,31,30,115,27,4,0,22,0,0,151,6,282,0,19,4525,7,0,19,0,0,9,6,29,116,0,66,0,1,39,20,59,13,43,4,1244,0,0,3,49,91,6,38,0,33,5,64,160,116,246,26,88,36,2,21,47,38,0,2,0,0,7,58,18,27,2,0,0,8,0,34,61,0,5,19,25,49,219,67,3,5,24,8,367,99,34,7,3,18,7,15,0,395,1237,12,32,12,31,179,308,9,27,135,104,7,2,74,15,275,1,2300,6,0,68,9,5,17,2,158,0,7,58,15,102,107,13,45,0,409,0,16,52,0,2,4,116,85,32,43,5896,106,10,16,10,14,15,51,37,39,4,42,40,0,10,337,61,55,1,4,43,16,7,0,39,72,0,43,15,31,96,12,5,29,32,109,1,153,88,54,0,0,1,172,20,24,50,39,365,1,97,12,21,14,26,0,0,113,5,29,0,1,208,34,0,91,5,2,0,62,11,130,17,3,0,4,94,9,9,40,46,0,52,21,16,50,32,10,87,0,0,0,7,46,21,13,27,0,90,65,85,3,49,3324,1,0,10,23,32,20,79,23,194,0,3,37,11,61,1473,0,24,97,0,31,48,225,3,52,40,115,51,2,58,86,87,83,3373,14,0,23,82,78,5,215,36,75,20,0,6,2,14,29,0,213,2,7,0,79,8,103,10,62,29,198,41,1287,5,23,82,120,5,38,44,2,31,97,54
cell_178,26,0,7,54,22,0,62,36,164,225,24,5,157,20,133,7,56,83,0,2,78,70,10,11,39,17,0,43,20,18,36,16,222,17,4,269,161,31,163,45,28,68,43,45,2,221,1,21,0,256,10,28,119,33,43,74,3,1,22,2,5,71,110,20,28,16,87,14,6,50,10,19,139,3,0,42,212,21,25,30,47,47,14,81,264,8,16,0,2,50,0,1,68,2,13,49,84,3,39,105,105,0,3,8,161,19,227,30,188,0,4,74,3,3,129,37,42,78,31,63,19,139,86,122,0,34,245,0,0,1,7,0,59,18,7,5,2,0,41,1,74,61,23,0,0,6,307,0,0,3,5,35,4,2700,76,1054,25,0,55,32,54,60,0,82,12,57,5,105,34,161,30,3,26,41,2,0,2,26,14,57,56,3,252,41,29,41,15,66,110,13,0,0,0,0,182,14,194,0,21,4380,21,0,37,0,0,1,3,32,53,0,13,0,0,64,8,75,4,44,0,1314,1,0,7,5,44,12,68,0,38,2,75,108,89,351,30,66,15,2,0,152,65,3,10,2,0,41,71,37,10,6,26,228,41,7,11,63,0,3,29,17,67,230,2,17,0,6,0,367,93,5,4,21,7,11,9,10,375,1218,68,21,50,11,191,303,3,32,133,91,8,2,73,32,268,0,2366,17,0,21,7,9,18,1,55,0,10,62,18,97,138,5,22,1,432,0,15,22,19,0,23,89,14,18,22,6133,82,56,20,5,21,9,31,53,134,11,3,66,53,7,95,18,31,11,13,52,74,29,8,40,85,0,26,2,12,135,9,0,3,21,95,0,56,67,55,0,0,52,105,14,15,25,69,429,10,88,49,5,0,35,2,38,81,2,28,5,14,148,4,0,216,3,5,25,3,316,111,22,2,1,7,92,4,10,6,32,0,56,10,39,30,32,3,141,3,0,0,25,136,10,37,34,0,122,61,79,47,17,3732,21,0,31,51,77,84,40,13,58,0,10,34,19,40,12,21,89,115,0,103,49,229,0,4,81,115,156,4,53,165,13,58,3437,18,2,0,53,88,142,204,32,154,27,0,9,1,50,18,0,71,1,4,0,88,0,93,79,108,39,249,15,1571,0,25,56,131,3,72,41,0,2,40,6
cell_179,7,0,7,65,11,0,57,1,109,161,23,6,160,4,2,2,53,1,22,14,68,72,3,0,16,2,0,38,16,8,34,44,7,27,21,465,390,19,131,33,39,119,24,39,1,283,1,8,79,252,2,4,111,38,106,31,2,7,7,7,0,37,79,6,19,0,106,3,1,66,9,26,50,2,2,42,58,0,29,2,1,39,12,70,88,5,3,0,0,25,0,6,23,25,10,25,106,14,122,94,70,3,10,1,203,28,139,7,654,7,26,175,0,3,53,43,53,72,17,71,107,44,42,31,0,30,109,33,0,9,6,5,83,58,1,19,0,5,6,1,56,38,20,0,18,16,308,3,1,4,5,22,0,1716,81,1025,22,0,92,26,51,75,1,23,13,95,6,94,33,105,3,3,27,0,18,17,1,14,19,58,17,23,275,47,31,22,1,71,100,0,6,7,0,0,125,1,160,13,13,4682,24,0,30,0,0,6,3,28,128,10,154,4,4,39,26,86,23,45,0,1184,5,12,3,27,83,0,13,0,45,7,68,70,199,100,32,67,28,5,2,48,28,20,25,0,0,0,30,37,15,5,35,243,8,0,7,20,0,3,10,14,85,221,58,6,0,49,83,342,97,18,3,23,15,8,10,2,381,1274,33,26,6,1,177,300,29,18,120,98,7,0,62,4,261,0,2201,4,3,7,15,5,1,0,69,3,6,81,25,38,101,15,21,0,423,0,19,15,5,1,0,100,131,16,27,6197,28,44,10,8,124,8,24,7,111,6,15,181,3,0,300,54,48,29,1,37,71,68,4,28,74,0,34,0,12,176,6,2,57,1,55,4,193,93,10,0,0,1,140,7,21,44,17,421,2,99,20,12,34,29,13,3,67,1,34,13,11,103,16,0,71,7,0,4,3,140,125,19,0,0,8,50,4,2,20,25,53,5,17,52,168,32,23,84,1,0,13,22,45,11,7,102,0,145,68,84,1,34,3286,32,10,9,27,58,82,38,3,212,0,7,51,14,4,1520,25,72,106,0,48,50,670,0,49,80,91,97,4,40,609,32,72,2275,13,21,4,40,28,48,85,32,138,21,4,25,0,51,23,2,68,6,11,9,103,39,82,6,49,28,219,44,1332,2,12,45,106,4,32,19,7,37,13,82
cell_180,2,0,5,26,31,8,43,49,129,85,16,25,130,19,68,9,71,18,2,15,84,106,7,0,29,2,0,89,21,15,36,24,176,13,13,461,612,28,149,30,147,59,69,23,2,294,0,46,26,237,1,8,124,16,148,7,3,0,9,0,0,65,8,0,23,12,105,14,0,45,9,8,44,0,5,69,39,0,37,45,6,9,17,102,237,4,5,0,0,39,2,5,75,0,7,13,54,5,118,89,35,3,3,7,239,29,155,2,715,0,44,86,5,9,72,19,41,72,8,71,114,12,151,41,0,26,117,274,30,4,7,0,85,64,8,10,0,7,6,0,50,10,4,0,11,24,329,1,0,10,5,11,1,4520,81,1022,82,2,112,26,9,33,1,17,11,130,5,37,36,131,3,8,5,13,28,0,0,30,7,91,17,78,286,56,20,38,5,82,107,0,0,5,0,3,138,23,151,106,17,4275,1,0,37,0,1,11,2,18,170,0,200,0,0,44,4,142,5,19,2,1157,0,4,1,28,99,9,25,0,14,9,51,91,137,22,25,97,46,16,0,27,23,15,88,0,0,3,63,40,4,15,0,713,33,0,35,82,7,10,24,8,85,120,48,0,2,25,45,305,88,1,9,0,3,13,24,18,370,1456,7,28,2,0,179,317,17,30,105,85,4,6,72,0,254,19,2640,11,4,55,2,7,3,4,53,0,18,86,22,17,102,26,25,3,401,5,20,3,10,0,2,21,92,25,21,6446,8,54,22,47,123,44,42,68,111,9,48,89,38,22,166,56,48,13,0,22,62,153,2,34,61,2,29,0,10,44,11,1,20,2,127,0,174,33,6,0,23,12,134,4,26,25,146,403,0,85,0,24,3,33,0,35,105,2,34,3,14,71,6,0,74,6,0,3,70,168,51,13,1,0,17,77,17,0,63,46,0,17,14,50,16,30,83,49,4,0,1,2,19,17,20,89,0,62,69,167,36,54,3409,17,0,19,32,66,40,71,4,287,0,19,58,11,44,1621,2,0,114,0,195,60,688,0,43,18,97,92,2,39,59,107,98,1123,6,0,0,63,78,11,97,24,28,9,0,0,1,65,41,3,18,18,3,19,133,0,70,92,87,20,244,0,1437,3,31,40,68,11,26,55,5,3,18,52
cell_181,22,6,12,59,17,2,39,52,11,83,29,34,124,11,165,19,63,43,22,11,76,51,21,47,26,6,0,115,25,15,54,32,129,29,8,272,20,26,157,40,143,77,31,27,2,30,2,39,1,254,2,32,114,32,43,140,3,9,2,11,0,14,31,6,24,0,99,19,19,50,1,7,78,39,2,26,86,0,34,9,14,0,14,79,260,6,4,0,0,16,1,4,42,0,22,31,33,1,20,83,76,1,1,8,194,35,244,19,742,0,37,164,8,4,55,37,45,81,36,109,66,103,87,70,0,35,224,0,8,5,13,0,36,7,12,18,0,5,35,1,52,54,16,2,10,8,356,1,4,2,2,27,0,1055,80,1202,30,0,78,32,41,4,0,72,16,96,2,110,39,169,8,2,2,19,10,22,1,29,3,106,23,21,243,59,25,34,22,82,78,1,0,3,0,1,145,22,60,2,15,4160,13,0,34,0,0,0,2,23,113,0,70,0,6,46,33,64,14,43,0,1221,3,5,3,33,85,2,30,0,8,2,63,119,110,74,21,37,5,5,0,36,27,0,24,0,0,52,73,20,15,10,2,3,14,0,35,52,0,2,31,25,76,199,44,1,0,44,36,348,113,21,9,3,2,29,15,1,423,1349,1,1,13,1,192,279,15,19,130,100,2,6,75,0,283,5,2574,16,19,49,5,8,20,2,162,0,14,101,9,87,159,19,21,1,406,0,23,21,17,8,16,38,9,6,12,6384,88,74,15,16,9,14,37,38,109,23,20,178,20,1,328,54,68,4,13,42,69,16,0,34,90,0,26,4,5,159,13,1,177,48,33,4,89,83,17,0,9,2,127,15,38,44,83,464,0,76,36,26,19,46,0,46,100,1,32,2,0,142,33,0,195,5,0,9,39,61,60,33,3,0,5,67,13,4,62,38,0,112,8,32,31,39,47,130,17,9,4,18,102,18,47,23,0,102,37,117,38,39,4203,0,0,0,31,23,16,71,26,75,1,6,49,38,73,35,0,97,45,0,47,60,495,222,80,77,110,79,3,35,308,55,88,2007,17,8,112,103,56,33,215,27,112,13,0,0,0,52,24,10,124,0,8,5,73,7,106,13,138,25,216,74,1367,5,43,95,118,0,122,20,2,96,51,77
cell_182,9,0,17,36,18,0,58,32,33,111,15,56,142,12,0,48,40,63,17,17,72,85,2,38,10,2,0,52,18,8,54,7,163,7,18,580,1,13,132,1,45,59,52,33,1,316,0,9,3,84,15,15,87,9,22,166,0,10,7,5,2,107,9,7,26,39,57,27,2,37,7,12,58,2,0,50,82,0,31,26,48,0,15,75,221,22,7,0,0,19,4,8,110,9,52,42,75,2,42,76,22,5,1,7,201,12,189,15,255,8,46,153,13,5,56,27,0,74,21,87,31,23,124,138,0,25,88,52,0,0,2,7,71,57,2,17,0,10,1,0,43,64,43,0,1,2,340,2,29,1,4,0,3,1909,49,1142,109,2,36,25,54,56,0,22,11,97,1,107,24,51,5,0,0,32,24,2,4,22,40,71,18,51,286,45,21,47,7,78,0,7,19,5,1,2,159,4,45,0,22,4047,17,3,39,0,0,5,5,16,110,0,0,0,0,16,36,13,12,33,3,1375,3,3,1,11,73,11,38,2,11,5,29,98,19,89,8,52,27,7,0,144,41,2,30,0,2,35,84,59,23,6,21,75,19,0,4,14,0,15,4,15,112,246,45,16,0,23,59,381,101,18,11,15,3,5,16,1,384,1386,8,30,14,1,158,296,25,12,138,79,0,11,68,0,305,0,2325,95,4,31,5,10,5,0,25,2,6,72,19,149,63,34,13,0,417,0,32,44,10,0,6,37,28,2,6,6104,22,61,18,41,23,29,34,55,78,2,52,25,13,14,255,56,58,11,38,50,75,145,3,17,47,0,30,121,73,156,5,6,98,16,34,21,102,79,39,0,30,27,116,25,8,16,45,463,1,86,43,38,25,44,0,46,104,0,24,4,0,117,22,1,300,1,1,21,0,158,123,18,2,0,11,119,7,30,18,24,0,73,4,18,33,22,24,66,8,0,6,33,93,22,8,202,0,127,34,102,46,29,4025,0,0,0,23,54,11,72,38,19,0,12,47,43,49,214,0,644,92,0,26,55,541,0,31,111,82,105,4,50,123,36,42,3048,11,4,1,57,93,48,169,20,141,5,7,25,9,4,18,3,0,5,2,0,25,27,63,49,93,21,307,14,1392,2,23,72,114,0,41,39,11,126,80,56
cell_183,2,0,5,70,32,0,52,53,66,40,20,8,138,3,24,30,60,10,3,1,66,93,7,9,41,7,0,59,20,10,48,49,38,28,8,584,83,27,137,51,182,91,3,25,9,65,0,12,1,221,11,20,133,18,96,51,10,0,11,20,23,44,60,0,22,16,82,29,9,56,2,0,13,35,3,44,62,0,28,25,27,3,7,80,219,7,1,0,0,38,16,3,44,0,11,24,107,0,4,95,4,12,0,34,208,2,220,19,470,1,5,149,4,7,5,39,52,87,20,63,19,114,67,68,0,24,88,249,19,0,0,0,78,43,28,25,0,5,14,3,31,59,13,0,72,20,301,1,48,0,0,5,2,2025,40,1057,22,4,91,22,34,42,1,14,25,43,7,20,44,52,10,12,0,33,18,0,2,27,7,71,24,0,253,28,21,40,25,104,77,1,2,12,0,0,157,5,140,150,26,4134,7,0,36,0,0,7,16,10,139,0,78,0,0,18,39,112,11,28,0,1321,11,2,0,43,86,0,62,1,10,0,33,127,107,250,6,105,32,20,0,71,36,36,112,0,0,71,51,51,15,9,1,0,6,2,40,12,0,18,9,20,36,184,64,6,0,8,17,295,90,13,29,7,11,4,18,0,423,1390,5,17,132,1,191,291,15,21,125,105,0,17,52,22,271,3,2425,25,9,30,1,6,8,0,116,0,7,69,19,109,110,4,11,0,431,0,22,7,21,7,14,142,4,15,3,6258,74,63,4,20,73,16,35,23,86,8,37,48,39,45,393,30,61,14,2,25,69,155,1,43,81,20,5,2,20,52,18,5,221,13,72,2,108,160,22,0,30,51,111,4,21,27,60,461,6,97,47,45,13,11,0,3,45,4,26,26,1,173,0,0,211,16,0,10,0,188,75,3,2,2,16,26,17,6,58,30,14,59,12,39,50,28,123,104,16,0,7,8,121,11,0,35,0,114,88,77,43,30,3868,17,4,0,46,46,61,68,30,64,0,25,52,25,46,210,1,74,65,0,19,43,678,0,21,86,112,27,3,43,68,19,99,3524,13,1,0,76,66,61,164,31,101,20,0,0,1,66,7,12,44,2,6,0,48,15,100,23,97,37,81,15,1554,2,34,32,87,14,1,7,11,69,15,57
cell_184,12,18,13,50,22,11,37,26,221,151,8,26,137,14,17,32,50,57,3,14,83,23,9,9,32,8,0,90,13,11,31,88,289,52,10,574,62,9,151,30,19,34,63,38,1,268,0,14,39,232,0,5,130,6,14,99,9,5,6,4,3,94,8,9,16,5,59,22,46,55,10,18,98,7,4,58,22,19,22,17,8,0,11,90,276,10,4,0,0,61,0,1,57,0,9,23,20,0,22,95,82,29,0,3,127,5,75,2,390,8,5,21,2,2,36,7,33,81,14,69,79,41,95,141,0,11,484,113,25,0,6,29,60,19,11,5,0,12,21,7,35,33,28,0,8,6,400,1,10,0,5,17,2,1175,50,1111,0,0,103,27,35,55,4,56,14,102,2,84,18,89,0,6,12,28,12,18,4,23,10,88,9,35,277,46,25,46,29,73,113,16,1,6,2,0,165,35,45,2,15,4638,2,0,31,0,0,1,5,20,112,0,195,0,0,35,32,21,1,19,2,1171,0,0,2,13,60,11,39,3,23,14,38,120,155,329,21,80,16,18,1,92,136,3,12,2,0,54,88,56,1,5,39,12,13,11,31,19,1,0,4,21,16,187,59,13,0,21,0,285,114,4,7,4,30,30,12,9,198,1302,45,35,18,0,116,266,10,20,123,101,0,6,79,27,264,4,2367,42,1,11,3,2,23,1,35,0,22,42,22,101,97,22,26,1,404,0,6,33,43,1,14,58,2,1,39,6506,53,56,25,2,90,27,33,17,69,3,48,74,21,98,287,51,35,3,3,38,69,116,2,10,80,0,34,0,13,49,9,1,62,13,47,26,139,11,40,2,8,70,138,3,20,9,74,291,4,106,10,29,6,15,0,25,97,4,20,0,0,122,24,9,114,0,4,0,20,585,129,11,3,0,1,54,4,11,26,17,0,130,9,38,13,27,10,75,2,3,1,16,38,45,13,75,0,123,38,118,39,41,3854,9,0,17,12,46,13,89,0,112,4,27,32,8,40,189,4,4,92,0,54,37,153,0,34,77,110,153,9,37,89,49,94,1393,23,2,1,27,90,78,49,34,136,9,3,0,0,4,10,3,13,6,3,2,47,2,11,116,33,26,228,9,1463,3,37,66,152,0,126,13,2,41,37,71
cell_185,10,4,14,52,16,3,31,13,112,119,24,1,133,8,20,24,56,29,0,9,85,150,3,1,13,3,0,78,19,3,39,7,170,20,12,448,0,20,176,25,34,44,16,29,2,283,0,47,86,262,10,17,106,3,81,77,16,0,3,2,2,50,64,6,19,6,69,14,1,60,53,2,81,33,1,78,90,0,21,22,12,0,16,77,253,8,9,0,0,35,0,2,167,26,17,33,77,2,73,28,90,21,0,0,159,22,232,17,802,2,1,157,2,13,105,8,38,50,24,69,120,48,62,124,0,31,7,185,2,0,11,36,67,21,2,15,0,2,21,1,55,61,13,0,0,13,307,0,1,6,1,28,2,2180,25,1031,10,1,124,25,30,79,0,55,23,146,3,85,35,114,1,0,25,13,27,30,2,23,9,43,9,39,259,58,25,7,10,72,99,27,4,1,0,2,173,14,37,35,14,4320,0,0,55,1,0,9,13,21,161,0,159,0,1,54,9,64,27,28,0,1183,18,1,2,15,84,0,59,0,8,1,88,127,86,306,31,83,9,33,0,56,50,7,62,0,3,53,35,90,15,12,16,421,8,11,51,21,7,10,32,18,28,228,15,6,0,27,40,300,90,22,19,7,16,5,8,1,385,1359,35,33,14,12,185,266,21,29,126,99,10,3,82,35,270,5,2525,14,6,19,2,7,2,0,64,1,1,89,20,85,137,13,13,0,417,5,13,16,48,1,6,16,88,31,21,6294,83,52,31,14,96,15,32,34,132,3,56,147,0,0,213,68,42,27,8,25,47,22,5,41,79,13,13,64,21,211,6,2,62,0,2,0,70,55,26,0,5,3,107,10,13,60,17,388,3,110,60,11,0,8,4,47,102,3,32,3,0,221,3,0,187,1,3,39,45,0,113,9,1,11,4,108,2,4,24,40,0,39,3,37,69,37,28,54,6,13,8,3,71,29,6,179,1,112,77,37,32,3,4119,18,0,12,47,25,37,80,1,118,0,16,48,11,28,1253,23,53,46,0,98,63,680,0,47,103,130,108,1,28,436,29,79,2445,9,10,9,59,93,57,133,45,93,11,6,13,2,10,39,14,127,0,1,1,29,39,123,32,122,23,171,4,1542,0,18,87,97,1,47,46,4,107,58,41
cell_186,26,2,9,46,34,0,58,76,59,198,21,41,134,22,30,0,62,22,0,4,90,131,22,3,16,3,6,65,27,8,46,110,145,27,8,667,177,16,146,28,119,103,122,36,12,276,6,18,20,225,8,11,83,5,31,25,5,7,1,2,0,46,12,3,32,28,88,7,4,35,28,1,24,8,3,14,40,27,40,36,1,1,14,40,196,5,0,0,0,55,0,1,26,5,30,25,52,2,65,37,63,9,16,0,185,23,192,2,759,7,63,109,3,3,47,7,35,57,22,114,104,60,121,114,0,35,187,111,30,4,4,0,90,59,10,3,0,14,5,1,51,57,21,0,2,50,389,3,46,0,5,2,3,5803,88,1097,15,0,89,26,14,42,0,68,36,186,0,86,27,161,4,14,8,0,35,1,0,31,8,83,1,54,296,23,24,9,3,66,31,0,0,1,33,0,200,5,99,19,8,3684,43,4,46,0,0,0,7,10,112,1,8,0,0,46,36,10,2,25,3,1245,10,2,9,36,79,5,41,0,40,1,72,111,145,125,20,86,43,7,11,62,30,2,52,0,0,29,74,150,9,10,4,569,29,0,10,89,0,15,7,28,55,214,54,9,1,22,0,368,103,1,29,68,0,8,12,16,291,1420,50,31,12,0,154,268,14,32,113,103,0,3,69,1,267,0,2554,23,37,47,7,13,37,2,123,1,18,97,19,41,90,23,37,3,415,2,13,11,0,2,9,119,47,96,10,6249,54,60,23,16,12,30,42,45,79,6,39,66,58,9,95,58,44,12,0,35,60,197,0,43,74,0,5,15,17,175,18,7,128,36,46,0,151,31,17,1,5,26,118,10,24,23,52,461,1,43,17,40,3,43,6,19,112,5,36,0,0,213,18,16,261,5,10,18,2,116,120,13,1,0,0,37,0,13,38,30,0,80,7,31,2,33,9,170,14,0,0,26,57,28,16,75,0,97,67,115,68,36,4449,4,0,4,29,15,52,79,13,318,5,1,57,19,76,117,0,4,105,4,51,80,739,0,32,30,102,66,5,19,5,101,121,2725,4,2,0,99,88,6,222,16,69,22,0,0,2,97,34,9,74,9,11,0,51,1,100,117,51,34,189,50,1451,0,3,54,110,0,90,53,2,154,77,55
cell_187,19,1,2,51,22,0,43,11,34,266,24,21,102,3,37,21,57,11,9,0,72,126,3,2,36,22,1,26,19,17,49,18,169,22,15,626,80,26,197,37,67,120,34,30,13,213,1,18,58,196,5,4,73,38,130,14,3,0,8,0,1,26,34,0,20,17,95,17,3,68,5,26,37,39,2,9,6,3,22,26,13,51,5,86,272,18,8,0,0,30,0,1,30,1,95,17,75,3,86,48,38,11,2,31,106,43,240,11,551,4,16,94,5,9,87,15,51,55,21,48,111,102,68,100,15,34,21,313,21,1,6,11,53,35,7,20,0,6,10,1,34,43,28,1,60,71,366,0,0,5,6,0,11,1384,30,1039,65,0,121,16,23,75,0,20,16,55,2,4,29,45,24,0,11,19,16,10,5,24,20,38,5,4,292,28,22,9,20,82,1,30,8,12,0,0,153,0,163,6,21,4179,5,0,40,0,0,10,7,32,164,0,88,8,1,12,12,111,8,33,0,1271,3,2,0,55,98,4,1,0,12,0,47,101,85,56,20,80,57,15,0,62,50,7,64,0,0,0,28,60,18,21,11,209,30,0,1,71,0,24,42,4,107,206,4,8,0,5,51,289,96,19,6,8,5,9,21,2,415,1419,10,8,12,7,196,304,13,35,137,83,10,7,49,31,280,0,2699,8,0,79,20,10,12,0,195,0,1,76,17,47,120,43,56,0,424,3,8,33,30,0,7,112,34,40,25,6248,106,41,15,69,189,41,49,45,154,1,40,175,0,10,22,30,68,11,1,21,52,22,0,32,37,29,25,0,24,31,2,14,90,1,52,4,31,27,4,0,3,37,126,13,17,27,46,529,8,70,20,37,3,29,1,13,58,4,27,2,6,149,7,0,267,4,0,0,24,5,65,24,0,0,15,73,3,5,42,43,10,15,9,32,27,30,31,24,39,0,3,31,65,29,11,342,0,139,60,122,61,16,3833,28,8,25,15,35,30,69,18,283,7,11,47,1,28,991,19,95,126,0,11,56,640,7,46,42,73,67,6,46,145,107,117,3828,24,10,26,99,69,9,201,29,131,10,1,24,4,29,20,3,20,4,8,2,55,93,92,139,108,21,199,18,1547,1,48,133,72,6,85,61,13,100,109,66
cell_188,5,0,14,62,25,0,47,37,91,138,21,1,135,8,34,0,56,20,24,5,67,65,2,5,35,14,0,104,20,12,42,19,188,19,12,613,111,25,139,18,215,116,8,31,5,272,4,37,44,81,4,8,80,13,148,33,4,1,3,2,0,24,22,12,16,32,67,14,1,45,35,1,14,48,0,30,11,12,0,24,12,4,6,77,25,19,20,0,0,19,0,5,49,1,28,31,104,3,65,2,57,0,47,12,138,35,165,29,837,3,34,70,10,2,96,6,37,79,39,48,14,11,48,40,0,28,383,147,18,1,0,0,49,69,4,12,0,7,7,12,61,33,23,0,0,75,261,0,6,2,1,4,1,4917,14,1033,37,0,129,26,31,46,0,73,13,122,0,27,30,150,11,5,17,10,6,3,2,16,7,122,8,51,253,28,23,22,1,97,94,0,0,4,0,0,122,8,154,77,0,4011,7,0,17,0,0,0,4,22,132,2,212,9,0,42,6,29,13,8,42,1298,2,2,4,27,38,2,11,0,11,7,66,108,29,28,27,101,29,25,9,10,44,0,31,0,0,0,69,97,35,3,15,158,20,0,49,35,0,8,5,7,25,211,29,23,5,14,102,321,74,29,46,25,3,13,11,0,417,1262,32,53,10,0,169,277,5,29,126,96,0,4,76,20,282,0,2525,22,18,1,10,8,10,0,187,6,6,53,15,25,86,19,48,0,432,0,18,22,5,4,11,80,4,14,8,6018,66,5,30,21,120,18,43,51,4,1,41,132,0,35,342,31,26,11,4,47,16,37,5,38,68,4,14,0,64,21,15,4,104,25,38,2,121,56,20,0,9,14,144,5,5,17,28,396,10,55,35,11,2,18,1,0,88,7,35,0,0,162,22,0,130,5,3,4,13,17,75,4,0,5,2,65,0,2,27,36,31,114,1,33,19,35,22,47,6,0,0,0,151,8,5,11,0,137,95,131,8,27,4293,27,0,0,26,33,53,21,46,213,0,11,68,12,61,797,4,186,125,0,25,58,648,0,17,54,32,137,10,19,58,85,103,3165,11,0,3,66,95,109,113,29,54,32,0,9,2,6,25,3,149,13,9,0,46,16,91,207,83,17,234,44,1391,0,25,27,113,5,1,15,3,77,60,51
cell_189,26,0,8,63,20,0,45,40,25,225,28,43,141,2,18,1,54,5,18,8,89,102,9,17,20,3,5,25,20,5,46,4,36,30,11,531,192,25,152,33,144,150,12,37,2,246,1,17,0,223,2,29,129,14,53,1,0,0,16,8,7,4,20,17,13,0,97,25,21,54,13,2,22,48,4,9,69,18,31,41,4,23,23,49,219,10,0,0,0,31,3,9,14,5,13,24,43,0,87,96,12,9,13,10,167,32,258,0,842,6,64,182,2,6,32,39,43,88,19,85,62,43,33,122,0,42,154,32,24,12,3,0,78,29,18,2,5,7,10,0,54,50,23,0,38,44,348,14,26,0,8,6,1,4172,91,1048,35,13,118,34,14,17,0,37,13,192,0,25,25,157,0,6,23,0,5,2,0,21,34,76,76,43,296,37,11,5,36,89,20,6,0,7,2,46,191,4,72,0,7,4397,1,0,20,0,0,0,4,12,131,0,153,1,0,40,13,75,5,43,0,1369,9,11,5,13,95,6,13,1,36,7,22,112,85,73,42,90,37,10,0,290,7,1,25,0,0,30,48,36,30,18,10,157,31,15,7,106,0,7,30,4,39,221,64,2,0,26,44,430,108,27,31,6,1,7,16,10,424,1061,30,5,25,1,200,237,7,20,131,91,7,5,65,0,316,0,2352,2,3,74,5,3,24,0,143,32,21,84,19,36,130,12,49,12,425,0,19,8,0,31,2,6,11,2,25,6142,65,81,24,49,65,41,51,50,111,5,17,56,2,42,277,39,15,6,0,33,67,1,0,41,57,11,6,0,30,28,18,2,120,14,64,0,134,123,2,0,1,0,125,14,34,35,31,465,2,108,15,30,24,9,0,1,100,2,27,8,0,94,0,0,104,18,5,0,4,0,97,31,1,0,3,43,14,1,61,0,0,108,7,36,30,35,38,246,25,6,2,32,93,28,1,112,0,96,36,55,41,39,4211,24,0,2,13,75,42,67,20,172,0,6,67,0,78,301,8,373,150,0,185,43,500,0,18,89,104,82,1,31,27,19,98,2098,1,3,0,106,93,51,80,19,63,11,4,5,12,43,45,4,25,0,12,2,125,70,26,196,98,23,228,23,1418,0,36,74,112,2,132,25,5,145,169,50
cell_190,14,1,16,49,10,0,42,108,13,150,20,26,144,8,192,60,51,4,19,0,60,76,13,2,17,5,0,70,20,6,27,21,140,86,8,238,91,18,167,24,112,96,17,24,6,297,1,30,7,265,5,7,115,9,108,6,1,0,15,11,0,96,30,0,9,0,52,10,0,55,5,1,21,36,1,54,33,8,29,37,86,0,14,93,290,8,7,0,0,49,9,5,32,0,0,34,81,4,117,68,24,10,3,18,206,23,253,19,650,5,22,201,9,1,117,1,2,80,34,46,110,31,74,22,0,12,77,65,45,12,1,6,61,40,33,6,0,6,6,0,51,48,15,0,9,21,356,1,0,4,3,6,5,3601,114,1093,95,0,74,25,18,44,4,59,21,92,5,36,40,126,0,6,3,31,15,1,2,29,8,103,23,68,285,51,1,48,37,72,110,0,0,4,0,5,165,22,112,0,5,4288,7,0,44,12,0,2,7,25,76,5,172,0,1,43,27,82,15,24,0,1332,1,9,3,13,99,5,54,7,33,8,26,105,261,39,24,49,38,4,6,12,8,1,21,0,0,49,70,191,3,2,19,537,8,0,18,21,0,27,23,24,73,209,88,3,3,8,3,225,104,22,35,11,5,7,15,18,378,1209,30,16,2,6,186,278,0,59,136,97,6,15,82,35,270,1,2343,0,17,87,0,10,9,0,134,1,5,82,31,103,112,27,22,7,435,6,2,8,2,10,4,22,21,25,1,6120,80,53,20,89,2,26,15,26,119,5,12,86,10,47,144,61,74,16,18,8,60,97,1,50,80,0,25,6,46,119,18,5,96,20,25,0,59,33,25,0,13,78,133,11,18,46,38,347,1,9,36,35,5,75,1,8,97,2,27,13,3,51,0,0,27,4,4,0,39,16,93,4,2,0,1,18,26,8,40,46,22,186,2,43,8,33,29,23,11,8,0,11,103,30,18,90,0,131,51,88,39,42,4009,9,5,22,29,69,39,82,16,213,1,6,43,20,40,875,0,61,150,0,59,52,510,0,29,80,51,97,0,32,2,70,99,1597,11,11,62,71,90,0,167,19,60,20,0,4,3,4,21,19,94,10,6,3,171,12,91,84,101,22,267,32,1517,1,24,116,118,0,59,47,0,61,143,6
cell_191,8,0,2,66,12,1,53,29,76,89,7,10,137,3,0,1,64,19,14,5,74,86,15,0,49,19,3,32,18,9,40,32,21,3,33,523,3,18,162,15,147,83,16,34,28,277,0,13,38,1,0,22,68,2,12,17,1,10,9,3,6,32,18,0,6,30,90,63,0,59,22,3,39,5,2,16,130,9,21,25,10,30,11,82,196,5,3,0,0,41,18,3,39,12,11,22,117,6,34,50,20,12,4,7,181,20,162,0,699,2,18,182,12,4,139,22,42,85,17,101,110,5,36,107,0,24,254,206,25,0,1,14,78,0,17,9,0,6,6,1,56,45,19,0,23,16,363,11,2,2,9,8,2,4479,13,923,80,2,118,20,9,38,0,67,14,79,18,6,22,73,0,13,14,2,18,29,0,21,17,71,24,32,278,48,21,12,2,85,19,20,9,8,0,0,181,3,256,36,5,4414,14,0,23,0,0,5,6,16,145,0,33,0,0,20,2,17,14,15,0,1262,12,1,7,7,70,3,7,0,8,5,57,121,133,190,29,77,19,17,8,18,145,14,15,0,6,27,76,69,9,7,1,12,16,0,40,28,0,0,12,3,28,217,80,19,0,10,45,373,95,15,28,25,20,0,7,9,253,1310,16,25,3,7,175,286,6,16,115,65,0,6,58,14,254,0,2420,15,5,98,4,12,13,4,130,8,9,60,15,38,128,2,24,0,370,0,18,13,0,1,8,23,115,43,13,6556,40,103,23,8,67,25,28,40,13,14,27,43,1,15,314,55,46,11,2,66,47,89,11,19,67,0,6,1,9,91,9,5,24,17,33,0,184,33,22,0,0,5,122,7,38,34,25,456,0,108,17,41,7,37,8,25,64,11,22,2,20,240,9,2,171,10,8,0,37,60,46,32,1,3,13,101,8,0,50,37,0,125,3,27,46,34,14,27,4,10,0,9,35,3,2,88,0,103,66,122,46,16,3785,12,2,0,7,68,22,26,54,248,0,30,15,4,7,2052,0,106,24,0,288,49,713,0,15,81,95,40,3,42,237,90,118,1602,17,19,0,30,66,15,74,26,101,20,0,36,0,2,37,1,227,0,8,1,29,20,72,102,94,28,215,78,1365,0,42,59,104,5,21,33,21,34,65,51
cell_192,17,0,25,75,5,7,49,36,115,239,27,13,165,12,133,51,51,10,1,1,108,69,22,0,53,32,0,30,20,22,57,27,77,10,18,128,12,30,155,0,9,84,50,33,0,2,0,34,42,226,0,28,123,38,52,28,4,1,18,12,1,83,120,0,15,0,84,0,1,50,1,32,140,9,1,61,317,5,22,0,6,0,13,87,252,14,28,0,0,67,0,2,1,0,4,44,65,3,89,59,100,13,0,0,99,30,235,13,745,1,6,149,8,5,123,0,0,99,15,84,135,149,82,23,0,17,297,60,15,0,11,1,60,47,8,43,0,10,25,14,47,52,13,0,4,2,313,0,0,1,5,35,1,3392,105,1079,160,0,113,39,30,68,0,30,11,24,9,51,25,121,5,0,26,49,2,4,5,30,6,39,18,26,294,49,26,49,22,84,95,54,0,2,1,5,155,10,289,3,9,3975,8,1,21,0,0,24,2,31,141,0,186,0,0,26,11,124,16,33,0,1159,0,4,0,18,59,1,23,0,44,4,21,132,128,8,3,28,46,19,0,0,32,1,2,0,0,7,76,156,17,3,27,475,6,0,15,21,9,14,18,14,86,216,11,4,7,24,72,313,122,25,6,0,16,4,18,7,394,1470,44,69,1,6,193,274,1,7,125,87,2,6,51,4,303,0,2346,6,24,7,2,11,0,8,88,16,5,89,17,112,99,7,2,6,448,1,6,2,2,2,8,19,126,17,26,6543,91,64,36,27,15,36,7,24,44,2,14,203,25,20,163,68,72,94,43,35,69,237,0,22,63,1,24,0,26,124,8,0,159,0,79,0,171,90,7,0,42,6,134,4,10,17,46,449,1,105,48,7,10,113,0,0,38,2,29,29,0,77,34,0,285,0,0,12,54,85,33,17,4,0,26,78,13,9,58,36,6,38,5,48,21,33,15,49,13,4,0,22,35,25,3,186,0,140,81,60,9,41,3608,26,0,0,29,17,90,79,9,350,0,6,45,5,0,1325,4,106,72,0,110,73,763,0,23,95,94,118,3,51,81,34,96,1970,13,21,3,97,86,58,171,39,156,9,0,0,11,84,30,0,182,24,4,0,137,25,63,191,88,21,293,88,1440,5,41,70,154,5,124,3,0,54,32,69
cell_193,22,0,23,66,58,18,112,11,59,188,11,65,63,13,11,36,69,22,2,26,83,0,11,24,8,22,0,51,38,15,32,50,106,9,20,763,27,14,190,109,154,120,11,24,20,306,2,12,29,192,0,30,88,5,41,60,0,3,49,5,2,20,8,0,54,11,16,77,7,79,12,0,124,1,3,40,208,0,23,78,33,1,12,48,137,28,6,0,0,74,9,11,21,16,21,6,163,2,31,142,63,26,1,4,111,48,172,13,331,14,45,31,17,2,44,0,16,54,33,20,54,108,19,236,0,46,91,10,4,3,0,0,214,13,10,26,0,6,16,8,311,42,35,0,0,0,136,0,31,3,2,20,0,124,23,1712,21,0,137,52,43,77,0,19,9,135,8,140,30,99,4,0,19,0,33,1,0,31,12,38,18,79,148,41,19,5,13,42,26,0,0,11,0,0,174,2,14,0,40,6083,0,1,97,0,0,0,5,49,246,6,25,0,0,27,51,38,2,20,1,930,2,1,11,2,60,9,65,1,22,6,48,113,5,24,16,42,23,2,28,103,17,0,39,0,1,32,20,25,52,5,38,287,7,0,25,94,0,8,44,108,0,92,69,3,0,36,9,172,59,6,8,30,4,22,16,12,60,1646,84,92,3,2,204,104,2,54,210,104,0,2,74,14,243,0,3110,4,2,4,1,9,17,0,29,0,19,10,5,38,87,15,6,6,709,1,29,50,14,0,17,4,58,31,72,3525,114,104,28,11,17,90,51,79,7,1,45,60,49,20,304,67,7,6,0,22,85,117,4,61,9,0,33,35,8,16,28,0,73,62,14,0,188,130,23,0,1,12,71,29,47,11,11,333,3,122,2,76,25,10,0,60,79,4,65,0,2,104,6,0,84,9,0,10,3,8,77,9,3,0,5,68,19,17,26,31,0,18,3,84,1,37,42,7,10,1,1,65,20,23,5,9,0,126,35,99,33,42,897,18,50,11,32,68,100,89,4,134,0,13,22,33,2,6,7,16,106,0,111,84,465,85,66,110,85,75,0,36,17,12,19,273,25,0,0,6,157,27,258,43,21,13,20,9,2,29,88,12,138,0,7,5,65,0,72,12,80,48,232,93,1242,7,31,20,150,1,92,44,7,127,67,84
cell_194,10,3,7,71,23,0,36,6,9,72,33,94,132,7,71,25,79,12,35,6,112,105,29,0,41,8,0,24,22,7,52,31,37,0,19,424,0,7,302,14,263,181,19,24,3,340,1,1,0,306,51,32,62,11,100,109,2,6,8,5,0,118,69,3,59,2,127,7,4,48,36,11,33,32,5,56,2,0,26,43,35,2,12,5,4,17,0,0,0,18,0,7,24,5,15,70,100,3,85,21,50,0,0,0,171,20,164,0,196,12,57,187,3,5,82,37,21,41,40,97,150,55,56,3,0,35,189,62,6,4,2,0,132,28,0,9,0,5,1,0,97,3,20,6,29,21,196,3,5,4,5,13,0,1673,37,1180,24,1,125,24,60,96,0,28,0,126,10,78,38,198,28,6,13,37,10,0,1,19,11,98,1,29,310,80,26,9,0,78,18,0,13,11,0,0,198,9,186,44,7,5365,14,0,41,0,0,0,5,28,91,0,15,0,0,51,38,70,30,56,0,461,2,1,10,62,96,2,92,2,30,3,123,61,38,31,19,117,44,69,0,139,35,0,0,0,0,12,15,79,54,9,5,0,45,3,12,95,0,2,42,33,23,272,47,3,0,70,0,228,86,0,18,9,12,18,19,4,241,1082,14,62,0,0,130,234,9,31,296,178,6,3,82,0,350,0,2220,34,22,136,2,2,18,2,78,0,17,67,16,76,120,20,33,0,868,0,29,4,0,10,4,154,11,18,19,5390,79,73,41,1,91,18,89,38,43,4,32,14,0,94,603,77,55,1,7,61,29,0,0,48,81,0,5,0,40,82,20,4,135,13,64,0,72,30,5,1,19,7,88,1,6,56,51,747,33,85,16,27,41,16,0,3,152,7,21,13,4,23,0,0,77,20,0,6,13,136,74,7,0,0,6,110,1,7,24,5,0,6,0,69,10,15,62,23,4,0,0,48,94,23,3,6,0,70,25,89,34,40,513,8,0,21,39,68,90,55,0,86,6,13,118,24,22,401,13,21,72,0,20,99,291,0,55,44,97,220,11,22,281,24,58,3173,36,38,30,29,0,6,21,42,41,15,0,0,3,8,22,16,41,2,2,4,27,1,87,61,43,34,170,13,1709,7,5,52,70,4,113,17,1,111,50,67
cell_195,15,0,11,119,35,0,65,4,109,326,55,51,161,26,0,1,88,7,7,9,92,155,10,0,64,10,0,43,26,18,41,29,46,30,23,527,0,34,211,21,33,489,4,19,1,516,0,35,13,392,44,0,70,11,37,27,1,6,22,2,0,93,9,5,29,48,94,88,0,50,11,2,28,29,0,9,58,0,32,10,0,54,9,48,278,113,6,0,0,13,0,11,12,2,55,32,72,0,80,0,18,2,0,14,264,33,242,5,467,13,13,153,2,3,10,36,41,42,37,123,89,56,53,32,2,29,30,46,13,5,0,0,153,40,6,35,0,2,2,0,146,1,3,0,5,10,139,4,42,0,0,11,1,909,4,1700,9,0,158,29,36,78,0,31,39,330,0,56,24,107,12,2,8,1,9,10,2,16,24,48,9,9,245,78,19,43,5,85,37,5,3,5,0,0,291,11,59,14,3,6339,5,2,66,0,0,0,7,14,317,0,3,0,0,27,9,46,28,27,0,427,0,0,1,24,85,0,71,0,26,4,105,105,78,131,16,138,27,22,0,121,55,1,15,2,0,8,46,13,30,6,12,23,28,0,27,28,0,6,39,25,5,200,13,13,0,18,38,145,112,8,12,5,10,12,15,0,113,2110,4,115,30,2,140,188,0,38,442,182,1,0,41,0,192,12,3047,1,2,50,44,19,11,0,50,0,3,72,15,111,72,19,30,0,603,0,18,6,12,0,5,24,7,3,72,4039,35,64,20,0,56,21,22,37,53,3,33,7,0,0,444,55,87,18,0,31,23,0,6,81,36,1,4,0,35,24,20,2,111,27,83,0,155,73,22,3,0,13,57,29,9,93,23,521,0,86,32,28,2,7,3,53,143,5,38,1,2,73,0,0,4,40,1,0,0,35,129,31,0,0,0,138,4,1,13,11,53,32,12,58,51,19,34,10,0,1,2,39,27,22,1,13,4,117,55,102,2,31,774,5,0,1,21,3,123,96,9,29,13,6,18,26,48,284,56,5,35,0,93,149,1653,3,29,132,123,246,2,25,92,31,59,1156,10,0,8,41,89,50,233,45,51,14,3,18,3,15,60,9,7,6,9,0,41,0,76,26,72,83,315,11,828,0,3,60,55,0,11,13,28,181,105,46
cell_196,5,0,19,119,31,0,66,20,45,273,37,51,145,16,60,22,90,13,0,17,84,150,4,0,12,1,0,114,31,24,41,15,36,12,8,503,26,28,177,29,267,216,21,38,4,381,0,41,52,393,0,37,62,14,53,114,10,0,3,6,13,65,89,18,28,0,92,73,5,78,16,6,44,0,1,26,149,0,29,21,1,0,20,55,283,20,0,0,0,60,39,11,46,0,2,21,24,0,38,87,7,4,0,20,217,32,219,4,468,0,4,172,0,11,27,29,48,43,16,144,95,18,65,17,21,28,231,134,1,0,0,0,194,9,10,21,1,1,18,3,118,27,18,0,1,13,112,0,10,1,1,13,0,312,53,1748,60,0,216,44,54,86,0,21,4,222,9,52,24,177,16,1,15,4,13,0,1,13,5,63,0,32,227,83,28,10,15,21,123,14,1,37,0,0,296,2,78,0,15,6117,2,0,63,0,0,22,4,20,287,0,58,0,0,24,59,7,20,28,0,417,16,11,4,6,54,0,59,4,30,5,49,131,40,111,19,131,21,29,0,68,12,4,21,2,0,51,33,59,78,2,11,13,14,2,27,90,0,7,95,36,28,199,11,8,1,4,40,174,100,11,27,9,26,4,21,3,150,2097,8,39,6,0,152,189,1,24,517,171,3,7,70,0,212,0,2970,21,18,84,5,15,3,0,10,0,15,97,13,105,98,19,11,0,537,11,19,2,7,0,24,93,111,6,37,4000,77,46,8,9,21,48,22,29,60,6,2,105,36,72,496,62,91,14,26,49,28,109,0,72,99,0,20,10,36,38,7,10,36,15,36,1,142,85,18,0,39,2,66,18,22,47,67,680,10,99,35,28,2,17,0,0,151,5,32,4,2,223,0,0,89,2,1,1,4,11,132,9,8,0,11,128,21,4,48,28,0,6,8,53,0,10,94,25,1,0,6,15,19,66,4,30,0,189,64,103,69,39,753,11,0,0,44,0,15,90,13,65,0,9,3,5,58,78,13,58,88,0,47,153,1375,0,16,127,141,223,7,26,24,36,53,1614,17,4,0,23,103,3,146,45,73,5,0,19,6,40,39,18,120,0,8,0,70,6,113,59,88,67,208,12,714,19,13,20,64,4,120,48,10,33,47,97
cell_197,21,1,12,72,29,3,84,21,63,227,39,49,136,18,3,11,57,0,0,6,74,122,1,9,43,1,0,106,23,31,40,78,23,103,6,429,231,28,172,29,269,238,1,26,10,393,0,10,31,344,42,18,59,21,36,118,8,0,18,3,0,29,30,0,23,38,68,17,0,58,19,12,42,15,1,34,118,5,7,7,0,6,10,51,108,42,0,0,0,45,0,0,51,8,7,21,73,1,90,67,7,7,0,14,248,21,168,31,452,1,8,128,1,12,89,36,52,37,10,41,99,140,22,59,0,30,241,51,2,0,0,0,172,7,6,27,0,3,27,1,159,30,20,0,2,2,116,0,10,0,0,19,2,491,48,1677,50,23,239,37,61,55,0,36,23,66,3,46,28,173,17,3,14,10,9,1,0,22,14,49,29,83,206,78,25,12,15,71,79,0,0,3,14,0,300,4,1,11,39,6037,21,0,54,0,0,12,1,11,273,0,50,0,0,37,47,30,3,28,0,454,24,0,1,37,22,2,58,1,21,1,83,61,22,110,19,36,21,16,37,61,35,21,26,14,0,28,39,26,49,7,40,166,8,0,20,78,3,12,97,30,10,25,26,1,0,30,22,111,109,24,6,13,26,5,16,10,139,2139,86,53,46,1,159,188,3,6,431,151,7,4,11,37,190,1,2793,5,3,18,1,13,6,1,22,0,1,62,10,138,76,16,19,0,669,2,20,8,44,0,6,38,36,13,64,3988,60,38,5,25,58,46,17,16,62,4,32,61,28,24,477,2,95,0,1,22,27,92,1,74,103,1,12,44,14,72,16,2,131,10,42,0,181,43,27,0,4,1,57,31,15,86,37,570,12,74,51,16,10,23,1,2,0,8,27,8,0,129,4,0,75,46,0,1,0,139,59,28,1,0,7,42,6,0,61,1,0,6,7,68,10,23,90,15,4,0,0,19,11,1,3,89,0,157,57,99,45,31,754,54,0,6,55,10,127,112,0,50,0,26,22,18,8,39,9,41,127,0,207,163,1626,76,9,149,127,179,2,76,39,90,70,1598,12,0,0,71,70,3,202,32,47,21,2,7,1,85,46,15,64,0,9,0,147,6,104,9,91,64,140,20,939,4,7,42,76,3,72,33,87,56,48,1
cell_198,14,3,32,97,18,14,45,87,67,388,48,13,163,1,66,3,84,2,2,13,96,186,18,0,22,3,0,54,25,10,47,38,9,29,12,255,122,39,188,1,275,285,38,29,1,61,1,50,0,324,15,29,48,8,20,68,14,4,3,4,7,2,61,0,28,23,88,94,5,56,15,17,77,7,5,7,219,7,1,57,13,8,12,79,251,40,12,1,1,35,0,15,23,0,9,20,71,8,29,101,36,6,4,10,276,35,152,32,444,1,3,134,7,2,147,36,59,46,18,83,121,153,15,16,0,27,206,119,30,5,8,3,184,7,12,41,0,1,7,0,149,25,13,5,0,55,100,7,15,1,0,3,0,1091,23,1631,101,9,222,19,66,74,0,7,0,20,5,52,30,189,41,7,26,42,2,4,6,22,14,49,25,21,231,70,8,2,5,45,11,20,0,12,0,0,288,14,40,54,8,6516,0,0,71,0,0,17,8,34,271,0,25,0,0,43,12,128,1,20,0,403,3,0,8,7,62,1,52,5,25,1,26,138,21,40,11,157,39,14,0,20,11,9,35,4,6,13,29,164,44,2,3,4,32,0,14,55,0,14,104,21,44,177,36,5,0,34,23,99,97,28,13,14,20,7,16,15,164,2173,89,0,0,1,151,162,19,18,381,184,2,1,68,92,171,0,2954,15,3,33,13,23,10,0,18,0,10,77,16,80,96,6,41,0,570,27,20,16,20,0,2,21,65,6,35,4000,21,50,2,34,39,40,1,32,46,28,14,116,6,48,417,20,96,12,45,49,22,33,4,50,103,0,13,2,13,18,5,3,69,32,49,0,187,118,33,0,5,2,61,22,7,113,127,599,3,56,57,16,7,45,0,0,124,4,35,0,0,161,0,0,116,27,25,145,1,8,74,25,9,0,7,128,4,10,17,19,0,22,3,69,3,22,60,35,1,0,2,24,49,65,4,21,0,153,39,64,70,11,674,13,7,0,23,3,49,105,16,34,0,11,13,4,50,284,42,115,62,0,200,138,2075,0,13,90,137,344,1,64,55,60,57,1115,7,2,13,9,65,74,146,32,62,6,9,13,12,48,37,15,58,1,14,0,27,5,95,34,72,80,67,0,777,8,22,46,83,20,104,18,24,194,216,98
cell_199,23,0,7,72,51,0,119,19,31,457,38,56,66,12,15,50,67,12,0,2,76,113,9,5,33,9,0,11,29,7,27,7,41,30,24,781,0,22,156,93,39,105,0,25,9,295,0,62,2,297,8,6,85,11,36,0,6,4,31,5,4,67,41,2,58,12,101,2,21,67,9,19,14,19,5,43,43,0,15,83,70,9,15,80,142,35,2,0,0,89,2,3,31,0,29,17,199,4,123,89,46,15,0,6,186,21,35,13,251,2,9,99,1,3,16,42,1,54,78,39,136,81,7,202,2,48,14,85,16,8,1,1,206,43,12,23,0,16,2,0,307,17,16,0,1,29,144,4,7,0,0,53,5,125,55,1597,20,2,151,54,41,84,0,54,14,133,1,73,98,49,17,1,21,5,9,1,0,22,9,30,9,13,128,58,25,13,27,108,85,0,0,23,0,0,217,5,91,0,53,6082,0,0,117,0,0,8,5,15,36,0,0,2,0,29,31,103,22,38,0,873,0,1,5,4,165,21,55,1,10,11,28,106,41,66,16,23,33,38,8,124,2,0,33,0,0,31,23,30,60,3,5,0,37,17,20,107,0,13,71,121,1,100,41,11,1,14,13,151,32,0,3,23,16,7,16,7,28,1428,3,31,36,43,169,121,7,42,196,115,8,5,20,0,235,16,2882,2,3,89,13,9,31,0,76,11,12,60,13,49,70,18,16,0,712,3,22,5,2,27,7,14,100,0,21,3533,86,72,46,11,84,25,42,33,32,6,10,11,26,91,233,57,40,14,1,20,82,47,6,46,91,0,7,0,8,68,9,3,22,20,105,0,211,23,7,0,4,48,49,7,41,32,19,352,1,93,71,128,9,17,3,49,156,2,56,3,4,27,13,0,137,41,0,0,1,47,74,9,0,2,6,25,1,9,7,14,2,93,10,80,1,23,53,14,23,3,2,62,64,75,3,0,0,139,65,120,57,55,876,3,0,1,16,89,66,76,5,118,0,14,36,66,47,71,13,31,60,0,23,89,310,0,23,80,12,30,7,24,0,11,37,367,26,0,0,80,139,10,254,56,51,31,8,0,2,6,53,23,1,1,7,28,37,6,66,106,57,42,205,6,1401,3,14,27,135,9,135,29,0,2,214,68
cell_200,2,0,7,71,20,0,71,0,105,54,24,77,113,19,0,0,58,4,4,2,105,29,16,0,49,2,0,35,26,12,30,49,40,44,25,897,45,20,228,95,186,178,0,37,5,478,1,52,30,130,13,34,108,12,36,76,0,2,56,8,1,19,4,6,21,46,76,136,0,50,32,5,88,0,3,14,141,0,12,63,1,0,16,43,241,4,7,0,0,62,5,0,95,0,40,21,90,1,58,0,129,8,4,4,263,26,90,0,427,3,28,100,6,9,78,21,45,65,32,65,130,45,46,207,30,33,83,77,82,5,1,0,212,38,9,3,0,4,10,5,247,6,12,0,4,48,173,0,9,0,2,3,2,134,11,1121,58,4,191,27,27,62,0,36,9,427,0,62,44,165,1,2,44,17,4,4,0,24,15,49,5,48,164,51,26,4,2,85,7,0,11,7,0,0,237,0,127,0,14,6043,6,0,63,0,0,6,1,18,298,0,1,0,0,46,22,80,5,13,1,621,0,0,12,18,61,18,13,0,49,0,87,109,31,129,26,89,14,21,0,156,139,7,24,0,0,0,41,66,40,3,3,28,34,19,25,51,3,6,52,7,1,166,25,58,0,3,29,199,36,20,7,20,24,16,13,1,178,1497,73,7,16,47,179,178,5,27,171,196,0,4,35,0,274,2,3921,14,8,89,10,4,0,1,66,0,18,70,19,6,88,50,21,0,510,0,14,8,1,11,7,53,135,0,26,4903,85,34,6,17,187,22,44,11,28,5,57,21,40,2,425,19,45,49,0,20,54,47,1,55,43,1,22,0,33,12,21,16,38,0,109,2,78,64,53,1,15,12,88,20,62,66,1,485,4,97,8,55,3,3,2,12,143,22,28,0,2,128,8,0,33,14,2,1,7,69,66,12,0,2,0,127,4,5,13,9,63,55,14,72,88,18,16,8,0,0,7,2,10,27,1,39,0,201,30,74,38,38,4437,2,0,0,18,20,61,58,6,46,1,32,14,2,46,198,6,11,97,0,87,102,688,19,28,124,149,71,6,40,81,35,50,790,18,0,0,124,115,10,81,46,24,4,9,22,1,35,56,6,69,1,1,0,95,14,113,78,78,47,235,28,1048,2,0,44,104,7,157,23,18,121,270,77
cell_201,13,0,10,93,25,0,86,109,22,621,32,3,199,24,1,15,78,0,0,7,95,288,8,0,45,1,0,128,21,28,46,57,91,48,6,148,0,18,193,3,119,110,29,22,9,405,2,47,8,434,0,45,55,1,39,13,0,2,7,1,5,81,9,0,7,4,92,124,1,53,21,13,39,7,5,15,47,1,36,44,50,5,14,77,199,38,8,0,0,52,4,1,19,60,1,10,135,2,13,78,5,1,2,9,293,34,44,2,424,8,1,212,3,6,110,28,1,34,17,111,138,165,34,45,0,25,138,158,7,1,1,0,147,2,17,6,0,2,21,0,186,20,22,0,0,34,167,6,4,0,3,7,0,5350,51,1256,75,1,168,67,7,72,0,5,2,214,2,53,17,109,11,25,6,2,20,8,5,12,4,71,13,52,433,52,11,13,7,58,97,78,0,5,3,0,249,13,148,0,18,6562,4,0,67,0,0,10,3,16,210,0,83,0,0,26,16,94,21,12,0,409,4,1,0,10,88,3,43,2,23,9,20,163,147,27,28,136,25,27,18,45,30,1,105,2,1,33,60,149,29,11,1,99,6,0,7,59,0,4,105,13,74,310,53,18,5,3,53,132,141,31,2,32,4,14,23,3,121,1939,20,22,2,0,146,151,2,2,431,118,1,1,66,6,165,31,2628,2,0,14,4,16,2,5,19,1,7,76,12,26,92,34,22,4,460,5,16,1,7,0,9,32,154,6,3,4565,42,82,21,0,17,58,30,44,59,19,13,97,47,2,299,77,122,10,26,66,18,22,17,44,95,2,6,0,22,54,7,5,13,52,1,0,182,35,19,0,0,8,70,29,21,47,52,490,7,95,33,55,1,45,0,70,85,1,17,0,3,77,5,0,120,30,1,11,0,28,139,27,5,0,2,39,11,5,25,24,1,9,2,42,3,19,124,11,3,5,0,30,31,21,1,58,0,67,55,132,70,38,1257,0,1,1,31,4,44,98,29,74,5,25,8,41,0,1181,7,9,102,0,34,110,998,0,6,108,99,215,3,64,1,68,82,1119,22,5,13,21,87,0,218,31,37,15,5,17,10,78,83,3,151,37,2,4,96,2,107,85,137,45,195,37,800,5,15,78,41,10,48,33,0,234,152,121
cell_202,33,0,6,89,29,6,113,66,29,588,36,116,145,21,18,8,77,1,0,30,88,120,4,8,51,1,0,48,18,17,37,72,89,47,10,344,121,18,215,17,183,266,11,38,5,318,2,28,22,271,2,2,50,12,28,14,0,5,18,0,0,52,17,7,31,31,53,47,1,53,17,10,99,0,0,13,133,2,17,45,8,6,2,72,211,33,10,0,0,48,1,7,12,22,21,11,26,0,54,7,42,3,0,6,209,25,160,15,448,1,61,100,2,5,184,0,12,10,6,152,86,82,2,13,31,12,38,49,15,2,9,19,144,18,3,24,0,7,0,0,113,26,17,2,12,41,172,2,22,1,0,2,2,8050,42,1257,8,1,161,46,12,51,0,46,26,102,9,80,10,224,1,0,14,7,15,3,5,19,6,66,5,26,492,56,29,14,3,71,11,0,4,11,0,6,286,2,3,9,24,6567,4,0,51,0,0,3,6,9,189,0,60,9,0,29,29,123,16,35,32,506,17,0,1,21,43,0,55,6,13,0,91,122,86,2,4,117,16,8,29,20,63,0,10,0,7,13,83,65,25,9,58,103,7,3,11,140,4,1,29,29,15,294,48,0,0,2,1,97,145,9,17,54,17,8,16,9,111,2059,10,47,45,6,114,186,7,17,556,107,25,3,48,24,136,0,2614,4,3,34,1,10,15,0,20,1,9,34,5,140,74,31,35,0,431,0,25,5,1,44,4,150,39,6,74,4533,26,42,1,18,54,67,45,65,70,7,47,76,43,20,227,60,116,0,0,25,24,144,6,79,14,1,9,0,40,42,15,12,27,36,22,7,40,13,20,0,19,0,64,4,20,33,4,506,29,70,0,46,20,54,0,63,29,1,24,2,3,62,28,0,24,11,0,9,51,17,65,44,7,0,1,91,0,13,70,10,11,58,10,27,0,8,88,18,68,4,0,34,4,33,4,104,0,155,80,118,9,26,1184,7,0,36,25,9,42,97,5,76,0,44,19,17,42,311,8,365,103,0,92,112,1109,0,26,21,99,569,0,47,8,86,80,1513,1,0,0,60,115,2,135,28,40,3,4,4,14,29,45,7,1,0,5,13,105,0,101,51,108,54,243,27,731,6,7,43,33,0,46,39,5,164,179,105
cell_203,33,0,6,96,20,0,58,47,69,252,45,32,171,42,1,13,68,10,5,11,98,68,5,10,37,4,1,59,33,17,67,43,130,0,8,505,93,27,195,2,183,293,34,31,2,284,1,15,48,367,0,19,19,2,17,23,1,4,9,0,0,42,7,0,9,1,32,55,0,62,23,8,128,4,0,32,105,18,19,46,1,2,12,67,283,48,11,2,0,43,12,3,28,2,30,29,36,12,14,55,86,2,0,4,129,37,227,5,463,0,9,44,12,7,224,0,57,7,9,109,32,20,52,43,7,32,201,0,0,3,0,3,164,30,12,1,0,2,9,4,192,17,29,2,2,97,123,1,55,0,6,21,2,2243,126,1704,16,0,210,44,28,64,0,60,17,287,9,78,22,185,18,4,8,128,9,5,1,19,10,56,4,17,203,22,16,1,1,56,117,0,0,21,0,1,302,36,6,52,17,6344,5,0,76,0,0,8,6,25,240,0,4,0,3,34,63,9,11,37,0,420,2,4,12,29,28,15,66,1,83,6,109,89,12,62,33,101,22,67,7,15,75,0,13,0,7,12,48,34,44,5,42,7,24,0,24,53,0,1,34,19,12,202,75,26,0,4,0,69,99,20,5,35,6,11,17,13,151,1918,4,6,37,0,169,157,2,24,394,159,13,10,53,11,200,0,3045,29,9,27,15,16,12,1,23,0,26,51,10,65,88,19,33,3,620,1,19,22,0,0,37,112,92,0,72,3881,24,5,4,10,63,34,16,13,13,0,19,69,5,2,9,71,59,0,30,40,24,3,10,93,102,10,19,4,62,21,15,22,92,2,69,0,181,16,16,3,9,11,60,29,33,101,52,515,19,82,24,29,10,33,1,67,146,4,32,0,0,172,30,0,89,2,0,12,62,5,148,15,3,0,4,116,19,7,65,6,0,12,12,43,0,29,17,23,11,0,0,16,27,31,1,6,0,132,70,155,67,54,695,28,0,15,51,21,198,92,15,14,1,50,23,21,8,333,3,118,103,0,25,127,1229,3,17,73,151,246,8,69,110,10,45,1064,8,2,0,37,60,39,265,54,45,14,0,37,6,24,17,6,174,0,11,15,25,0,105,9,65,59,252,47,790,3,2,44,16,9,57,32,19,127,1,105
cell_204,10,1,20,83,22,16,68,44,97,118,34,21,150,15,0,4,90,7,0,15,102,77,2,31,52,2,1,79,25,27,56,72,55,57,20,296,0,33,206,29,138,164,16,33,17,213,0,5,92,222,0,33,58,0,31,8,11,1,22,2,0,165,24,1,15,31,53,9,6,57,14,0,116,1,0,14,162,27,22,3,4,10,13,72,247,31,2,0,0,56,0,3,37,1,8,28,132,14,13,85,7,7,0,3,258,20,63,6,430,35,4,141,1,4,83,13,57,37,11,125,21,182,67,37,0,13,136,2,0,4,0,0,164,3,0,4,0,1,11,1,146,14,27,0,0,2,151,0,16,0,2,10,2,1189,27,1597,94,0,184,44,18,62,0,33,1,131,6,53,21,90,4,8,26,14,0,6,9,26,12,2,32,32,219,38,22,15,5,77,50,7,2,7,0,2,276,20,7,0,20,5741,1,0,8,0,0,4,7,23,262,0,7,0,0,20,28,24,4,20,0,398,2,0,4,23,70,9,70,0,13,11,69,120,106,115,28,184,22,17,18,9,44,16,8,7,5,18,44,96,67,16,1,112,43,4,37,168,3,2,6,10,6,221,80,76,0,5,1,19,112,26,15,15,18,15,10,0,148,2327,48,67,59,1,164,166,2,72,395,182,0,0,53,48,203,7,3006,9,3,10,3,9,4,3,23,2,4,42,21,81,103,6,11,1,616,4,21,0,10,0,14,32,93,13,96,4251,68,30,6,1,5,13,33,38,8,8,5,83,28,1,346,60,42,10,41,69,18,283,3,43,34,16,20,5,28,34,5,0,11,16,36,2,126,44,30,0,1,15,56,18,17,99,148,518,19,88,59,19,2,53,3,0,92,7,34,6,0,209,14,12,54,2,2,27,8,31,109,36,1,1,17,109,4,6,14,18,232,29,9,15,9,17,63,29,3,0,8,37,28,55,3,35,0,177,70,103,57,35,720,14,0,10,23,21,178,85,10,99,0,57,14,3,6,74,29,246,99,0,122,56,1584,0,7,147,154,304,3,65,28,98,49,510,21,1,0,8,105,41,0,50,46,12,1,39,4,90,55,0,42,23,12,0,28,15,95,6,42,62,239,48,822,4,15,32,67,2,113,40,28,3,142,70
cell_205,1,2,5,103,11,6,60,45,143,28,33,17,205,35,116,3,42,12,16,4,85,75,5,7,9,8,0,63,19,8,47,39,63,25,28,784,59,57,268,71,70,58,33,53,5,509,1,0,29,373,12,1,139,10,159,117,12,20,6,1,0,17,54,1,35,45,79,9,0,42,34,7,60,15,3,31,11,28,7,55,0,0,11,69,224,61,17,0,0,20,2,20,65,2,13,18,94,1,76,126,61,0,9,7,233,27,230,47,82,0,8,57,2,6,66,12,1,28,37,65,60,84,37,37,0,31,546,3,1,4,3,12,183,39,6,12,0,5,12,4,158,25,8,1,3,12,150,1,4,1,1,5,9,1245,18,1691,7,1,153,34,73,110,0,41,16,163,31,105,32,142,168,0,34,75,1,18,0,38,8,33,20,16,240,64,30,3,0,74,100,12,3,1,0,1,197,4,108,70,17,6652,2,0,49,0,0,15,8,26,275,1,67,0,0,32,27,25,12,32,0,419,0,2,7,39,85,3,32,0,28,7,69,59,25,30,36,135,3,40,0,15,20,2,23,0,0,31,12,53,77,1,12,118,34,0,22,119,3,3,56,35,38,102,37,7,6,34,19,108,82,9,3,5,25,15,21,0,184,1544,23,134,28,2,150,177,9,33,404,239,1,4,75,18,241,0,3316,10,0,14,7,5,17,5,27,0,4,92,12,48,101,10,11,3,651,0,23,9,20,3,3,72,57,31,46,4429,88,0,6,23,54,14,47,37,33,10,28,34,31,0,439,40,96,11,9,31,17,134,2,53,96,27,25,87,12,59,9,9,15,1,7,3,37,47,5,0,26,19,61,9,9,79,18,651,9,91,27,42,2,50,0,38,124,1,30,1,0,109,10,0,84,2,15,9,5,110,84,19,1,0,19,125,2,19,45,22,7,28,4,33,6,32,40,20,6,0,2,48,114,64,3,26,0,137,73,109,31,43,880,10,7,3,34,54,140,69,12,64,0,5,17,12,35,209,0,239,131,0,25,164,290,0,15,119,87,235,7,31,34,48,23,936,9,1,1,27,54,21,265,35,22,25,11,4,4,21,21,2,265,16,6,0,25,2,116,13,65,43,42,28,1203,1,6,3,53,6,155,34,8,127,183,54
cell_206,14,0,13,97,19,5,42,8,34,47,32,7,214,19,0,9,43,7,9,9,90,107,12,0,43,0,3,103,32,10,48,109,36,41,21,233,186,38,334,52,315,184,15,43,6,542,1,2,4,420,0,23,103,0,153,48,3,0,9,4,1,22,54,4,13,36,69,24,17,55,36,1,120,13,1,13,91,3,21,67,3,0,11,62,272,43,3,0,0,53,6,1,47,0,3,44,75,6,86,37,43,2,0,3,257,1,245,11,370,0,24,166,8,10,34,0,58,13,39,38,119,26,37,61,0,38,82,23,1,0,6,3,245,6,3,7,15,8,10,2,169,30,14,0,0,54,156,1,28,0,0,18,2,820,100,1640,12,4,150,46,38,71,0,55,9,185,2,120,28,118,22,4,5,27,4,7,5,47,5,53,33,6,176,72,25,17,4,41,2,38,11,8,0,0,272,2,31,55,23,6224,2,0,64,0,0,0,5,11,167,0,3,0,0,42,59,72,7,33,0,426,0,3,7,6,88,0,102,4,27,3,84,109,54,112,20,123,7,46,0,15,95,16,35,0,0,21,27,17,74,0,15,31,1,0,16,14,1,6,44,46,2,159,42,45,1,41,0,103,67,24,4,22,28,0,12,12,198,1642,41,11,6,22,167,202,7,52,372,222,0,9,45,54,218,1,3547,9,7,129,9,5,7,3,16,5,3,43,15,60,88,66,7,0,629,6,25,3,14,0,9,53,56,4,18,4443,64,85,4,27,78,37,15,12,34,11,20,25,29,64,97,72,98,6,0,34,42,3,11,113,104,25,24,5,6,39,6,24,24,50,72,0,46,43,31,0,52,7,70,17,10,87,82,711,13,98,34,42,9,37,0,35,166,3,22,5,0,187,0,2,49,10,2,1,0,400,143,14,4,0,27,143,3,7,67,18,0,12,14,46,0,20,62,4,5,2,1,15,57,2,4,48,0,124,52,112,78,26,630,7,0,11,33,6,93,80,17,10,0,9,7,19,36,1012,49,81,84,0,16,172,977,0,36,104,101,92,4,47,11,51,45,1002,5,0,0,67,105,27,244,41,43,20,2,9,1,15,63,18,236,0,1,0,63,13,128,6,93,44,32,0,1254,2,6,41,51,6,125,14,0,109,110,61
cell_207,13,20,8,81,22,1,60,30,17,247,37,80,163,9,50,17,40,20,19,0,106,126,4,34,24,1,0,88,22,3,38,38,29,46,8,844,266,27,302,40,135,104,8,48,5,381,2,19,8,317,21,16,154,0,123,67,19,0,11,0,0,78,13,0,23,8,93,4,0,49,27,6,12,27,1,27,18,0,27,42,33,7,9,53,167,37,2,0,0,8,0,5,207,0,22,11,24,3,69,103,52,1,2,8,184,3,154,8,267,5,17,161,3,6,58,1,46,29,39,74,84,55,51,96,0,36,200,26,3,13,12,13,179,17,14,0,0,8,9,3,146,16,11,0,51,25,132,1,2,3,2,8,0,2222,154,1616,10,0,33,36,47,17,0,8,6,258,11,78,30,85,0,0,6,50,4,0,1,40,11,60,36,30,256,44,22,24,12,44,0,7,14,2,0,2,210,6,242,50,13,6035,24,0,47,0,1,2,2,21,247,0,52,0,0,11,22,123,6,37,237,408,0,1,5,38,107,13,56,0,6,1,58,123,54,91,11,59,49,40,0,5,36,8,60,0,0,1,36,29,61,12,0,92,22,0,36,31,0,7,21,46,46,184,15,14,0,19,21,164,44,24,5,6,19,3,9,1,175,1757,9,35,4,16,157,233,8,14,344,205,4,12,42,0,205,4,3441,9,5,47,3,1,7,1,92,1,5,68,14,63,29,14,12,0,659,0,7,2,10,20,2,126,75,10,15,4440,65,19,8,64,14,22,47,18,34,2,20,33,5,23,382,83,85,0,19,26,27,80,0,94,110,25,18,0,39,122,12,32,12,15,43,2,153,7,22,3,15,19,46,19,14,55,122,891,16,63,47,67,10,126,0,44,72,1,29,12,1,135,25,0,164,8,27,0,17,229,50,7,1,0,18,146,2,44,104,18,0,33,2,54,32,15,23,26,0,1,6,52,79,84,4,90,0,78,66,59,35,42,859,5,0,5,46,16,168,82,8,124,2,6,13,79,56,614,17,84,33,0,14,140,792,0,13,50,108,176,2,19,34,16,17,1086,25,3,17,108,50,0,297,37,42,17,6,5,3,15,49,14,90,11,3,4,135,24,43,55,92,50,241,6,1252,0,9,27,68,1,55,43,17,75,190,80
cell_208,4,6,25,103,26,5,65,5,79,33,35,13,194,10,25,4,46,9,12,8,74,166,7,0,86,15,0,64,24,6,45,5,4,74,11,785,80,40,260,54,325,198,6,44,2,368,1,8,3,392,0,22,145,5,14,0,1,5,23,5,2,48,55,0,23,1,79,7,0,63,3,16,37,43,2,14,90,1,26,68,31,0,7,87,268,36,27,0,0,36,0,0,34,0,26,13,116,5,72,99,19,3,2,8,240,10,182,2,361,13,3,195,2,3,57,1,50,38,9,74,79,108,8,118,0,33,667,192,13,2,6,27,204,7,1,36,1,0,11,0,185,33,5,0,2,7,128,0,2,1,2,5,1,1042,85,1843,33,5,122,29,22,88,0,68,10,157,1,29,33,18,23,5,25,61,4,13,8,42,10,50,12,11,203,88,27,37,23,56,5,22,0,5,0,2,249,2,61,57,2,7251,7,0,80,0,0,1,8,23,133,0,13,0,1,26,10,60,29,18,0,450,4,6,4,19,30,6,92,0,48,3,17,97,51,122,28,53,44,28,0,20,20,5,12,0,8,4,32,53,20,21,3,72,2,5,7,30,0,3,45,54,25,221,44,15,2,10,3,78,81,15,4,14,30,0,4,20,87,1407,37,21,0,0,122,212,4,50,459,222,15,7,77,39,229,0,3248,1,14,18,11,6,9,1,18,4,3,58,24,81,132,39,18,0,658,1,18,9,29,2,6,32,9,39,25,4321,36,72,22,16,31,22,14,24,13,16,23,31,9,13,152,15,81,18,24,23,24,48,1,64,93,10,29,0,27,47,10,3,53,2,52,0,133,83,38,0,24,3,74,18,7,81,30,771,30,107,24,6,3,85,0,0,107,8,24,0,14,10,0,71,80,7,16,0,3,236,78,43,3,0,12,66,0,12,11,20,0,34,8,69,5,15,13,9,4,0,5,8,67,4,7,62,0,167,58,31,102,18,863,45,1,2,50,70,34,41,11,0,0,17,17,9,24,353,19,32,45,0,48,157,940,0,38,118,91,322,1,35,93,33,61,942,7,0,0,66,89,40,262,30,43,22,1,4,1,16,18,20,311,0,8,0,74,15,77,16,49,34,264,6,1179,1,10,44,83,5,40,29,20,91,172,24
cell_209,59,0,24,74,30,0,78,33,6,107,36,111,158,7,0,19,74,12,5,7,68,106,6,16,48,9,0,150,30,9,44,7,4,35,4,336,256,13,206,19,216,154,10,35,5,344,1,39,5,606,13,44,61,11,36,119,0,11,22,8,4,46,21,3,31,1,38,26,0,41,20,18,15,56,2,29,25,0,23,64,4,1,11,72,126,50,0,2,0,60,0,11,12,51,19,33,126,0,92,49,17,4,2,77,168,25,167,2,368,0,29,282,4,7,30,49,9,38,26,68,28,69,33,19,0,24,138,124,0,0,1,0,129,39,32,27,0,8,8,4,143,18,9,4,50,97,130,3,18,3,0,10,0,2045,54,1436,12,24,124,43,19,30,0,23,12,240,1,89,18,274,6,3,19,12,45,0,1,22,18,87,1,92,471,34,12,14,2,64,107,0,0,4,0,0,308,34,45,60,25,6216,8,0,48,0,0,2,9,12,240,5,81,0,12,38,71,49,10,29,0,416,3,0,35,60,63,0,62,4,32,4,24,96,84,9,5,75,22,33,0,33,27,0,48,0,4,45,76,130,46,5,11,90,11,19,12,3,2,3,69,26,63,368,1,16,0,21,8,116,157,28,6,20,2,11,22,4,117,2019,23,8,154,11,104,132,13,10,420,105,11,2,15,2,174,1,2624,7,8,20,3,9,0,4,124,3,8,114,7,153,105,26,13,0,486,2,12,3,6,0,31,292,28,5,11,4383,72,28,7,25,5,7,17,74,90,3,13,41,8,1,134,61,128,15,1,32,24,76,3,67,115,25,4,0,35,26,18,21,114,40,10,0,173,80,6,0,28,3,90,20,17,58,31,531,11,63,44,48,70,58,4,32,17,5,22,2,0,14,3,0,10,6,1,23,0,29,57,9,2,6,8,62,19,10,99,5,10,56,7,33,4,21,195,46,11,0,2,3,121,10,5,92,0,99,34,143,77,60,1582,18,1,5,36,0,104,127,4,7,1,6,24,19,12,980,1,100,27,0,52,113,923,0,24,90,97,291,0,20,104,44,38,1197,8,5,2,111,25,15,210,43,44,19,0,28,31,7,48,10,97,0,4,0,153,0,93,28,88,48,286,37,965,0,7,102,39,18,40,42,11,108,103,1
cell_210,16,0,19,95,14,0,78,8,6,93,26,138,189,13,25,34,76,8,1,13,76,281,21,18,45,0,0,212,27,22,32,67,70,75,10,323,4,10,192,15,92,136,10,44,1,143,0,25,1,436,0,2,54,8,89,74,13,2,17,8,5,156,24,3,20,41,53,11,0,58,17,2,104,22,3,14,82,20,42,66,10,0,9,86,340,18,11,0,0,50,11,9,29,0,1,16,58,3,44,89,22,0,0,6,177,16,68,0,380,6,31,172,14,1,24,6,10,33,20,180,144,51,66,1,0,31,59,5,7,13,23,11,112,30,0,6,0,0,6,1,190,14,27,0,28,32,157,1,0,4,2,10,0,2394,33,1393,10,2,164,60,24,37,0,46,8,408,0,27,19,270,2,15,22,11,0,3,0,18,4,50,14,23,447,66,30,23,21,61,101,42,0,6,0,0,269,30,83,11,25,6771,6,0,38,0,0,1,7,17,75,0,74,4,0,77,24,101,12,43,0,415,5,1,0,32,85,2,60,14,21,6,80,124,138,104,11,135,19,32,0,6,42,5,28,0,0,0,90,47,32,2,7,108,10,24,22,8,1,11,121,19,49,363,9,34,0,19,0,100,110,42,14,42,13,22,12,15,140,1726,11,3,11,1,119,146,5,15,421,104,1,1,65,62,174,5,2578,10,6,28,9,11,3,3,60,3,10,87,17,139,98,18,17,3,454,0,11,1,19,45,16,16,65,0,9,4397,40,76,6,17,54,38,37,77,94,2,25,131,1,57,18,71,108,24,0,28,21,15,2,72,110,5,8,0,18,68,28,8,58,1,9,0,153,47,17,0,37,27,70,2,3,20,48,540,5,36,36,53,20,24,1,23,105,3,25,0,0,23,9,0,113,7,7,0,3,6,120,5,3,0,9,62,0,32,31,30,0,72,2,33,37,18,49,20,19,0,2,28,62,40,0,132,0,130,63,76,21,30,1529,17,0,1,25,25,38,43,0,39,1,20,10,42,49,735,0,15,82,0,119,163,804,0,7,108,95,448,8,30,19,103,73,738,20,0,21,38,65,30,190,38,35,5,9,15,4,14,42,5,21,11,0,0,16,32,106,173,108,18,326,3,881,8,4,87,38,25,28,56,0,79,3,132
cell_211,7,0,4,96,17,9,77,6,39,170,40,84,171,19,78,4,87,7,5,3,86,251,4,0,20,2,0,113,23,16,53,27,37,18,13,392,2,19,215,0,203,87,5,44,0,347,2,6,10,541,5,39,48,7,59,75,4,0,10,2,34,119,14,5,18,10,94,129,9,54,9,1,4,0,8,27,21,0,32,64,14,0,12,67,357,11,5,1,0,72,26,2,42,0,3,25,79,1,11,38,39,11,3,50,284,7,76,17,345,2,16,243,1,17,77,48,34,31,7,32,100,42,40,54,12,22,6,188,8,0,6,0,133,20,13,22,7,2,3,1,144,23,17,0,51,30,186,7,22,6,4,7,0,3850,10,1409,15,35,117,51,30,72,0,12,11,283,9,50,9,223,48,14,10,22,8,0,2,25,1,59,0,55,444,66,26,8,6,63,0,8,1,13,0,0,213,5,30,14,26,6198,4,1,46,0,0,7,18,19,223,3,7,2,0,16,50,39,22,34,1,441,11,1,3,27,81,0,27,8,29,4,39,135,94,5,17,155,4,33,2,65,76,3,71,3,1,9,48,127,47,3,30,7,35,0,9,17,0,0,54,18,37,384,55,39,0,3,0,103,81,18,8,30,15,15,20,5,99,2173,0,31,19,0,126,144,1,13,440,98,5,14,65,17,147,0,2662,31,15,63,1,8,8,1,24,0,20,98,13,113,54,30,4,12,453,3,21,7,12,40,4,96,113,7,54,4534,32,43,5,45,6,46,22,34,93,4,41,31,46,54,463,63,130,0,26,25,26,138,7,38,76,3,7,0,22,175,7,12,26,30,12,0,154,35,44,1,48,5,30,7,17,73,19,531,21,111,7,48,17,12,0,51,101,1,22,1,18,81,11,0,22,5,51,9,1,52,143,18,1,0,9,87,14,2,53,41,0,23,0,45,0,19,188,31,56,0,7,31,40,45,1,3,0,71,55,119,93,28,1311,23,2,4,17,9,24,106,22,43,2,10,24,20,6,109,3,13,16,0,90,128,1110,0,13,100,94,153,4,60,14,43,46,1035,24,19,18,31,109,22,161,30,32,0,0,28,48,68,32,16,188,0,2,8,20,7,101,123,122,42,251,3,908,5,0,90,35,1,150,19,3,68,43,93
cell_212,25,0,16,78,32,0,85,34,33,867,48,128,175,28,90,17,89,11,15,3,95,289,4,54,50,1,0,75,18,36,38,23,152,1,11,293,74,18,185,7,175,18,7,45,7,173,4,12,0,664,9,47,42,11,25,38,3,14,11,3,6,124,17,6,24,0,59,52,17,47,15,8,25,16,1,18,47,9,24,9,34,0,8,97,246,28,5,0,0,79,5,10,22,23,24,29,1,1,56,111,21,1,0,10,204,15,131,14,285,0,8,209,4,12,23,26,35,47,23,170,122,89,53,37,0,30,83,104,0,8,1,8,110,29,13,4,2,0,8,0,171,32,11,0,2,60,158,0,14,1,0,7,0,5829,43,1390,7,0,121,66,15,73,0,13,0,179,9,74,29,177,7,0,1,38,4,0,1,23,3,97,1,24,458,63,27,38,25,57,5,29,4,17,0,0,273,13,38,0,20,6381,5,0,54,0,4,30,10,19,239,0,89,9,0,27,34,23,2,18,0,432,0,8,0,33,81,2,68,0,8,1,26,151,29,137,3,157,18,11,0,19,17,3,24,0,6,36,41,23,55,1,48,65,15,20,29,130,0,8,13,42,71,307,42,30,0,12,36,14,156,14,5,54,19,20,12,6,134,1970,1,52,53,0,92,134,6,23,406,116,6,7,59,8,178,13,2409,12,1,25,3,11,12,0,0,0,10,16,6,157,59,14,20,1,507,2,8,3,20,5,2,165,158,2,95,4472,1,38,6,10,29,35,5,31,83,4,6,56,2,0,463,75,68,0,1,35,27,4,0,73,96,3,14,11,36,20,6,3,86,5,30,3,122,23,25,0,26,3,84,20,12,70,53,519,52,90,66,48,49,37,0,65,80,7,21,2,0,149,6,0,92,13,8,0,78,0,149,20,1,0,6,60,2,14,66,28,0,66,12,37,1,20,172,43,5,0,1,27,23,49,20,54,0,87,83,110,69,15,1201,13,4,2,26,23,69,85,19,14,0,30,30,127,80,156,31,56,89,0,253,142,587,0,11,60,117,349,1,47,107,73,8,1749,15,1,7,27,73,133,188,24,61,3,12,0,18,83,28,15,0,41,4,5,80,8,100,3,68,48,103,1,816,7,5,59,43,0,99,32,11,199,10,117
cell_213,3,3,13,80,5,2,102,11,36,359,52,26,140,5,85,2,73,14,15,0,90,95,3,6,40,6,0,143,19,11,23,7,109,80,10,80,221,19,206,17,129,57,16,26,0,376,1,45,16,613,0,20,58,12,15,12,3,1,4,4,3,40,65,29,5,9,37,7,6,46,21,11,6,75,0,34,5,23,22,50,12,20,13,81,132,44,7,0,0,28,14,4,34,0,5,34,142,7,55,116,16,3,2,17,163,4,172,2,423,11,9,275,4,0,51,37,27,37,27,108,34,73,54,42,21,25,73,51,3,0,0,11,129,17,29,6,0,9,18,2,178,33,15,3,8,12,147,1,7,2,4,5,4,4568,42,1175,28,0,108,46,19,54,1,12,3,164,4,49,21,162,10,6,27,44,8,5,2,20,10,53,19,40,457,33,3,17,5,60,54,0,0,11,0,2,219,9,146,87,13,6219,5,1,37,0,0,1,1,36,123,11,55,4,0,27,46,105,24,6,0,439,6,2,1,23,31,8,23,0,22,9,27,176,10,2,38,130,23,10,6,1,22,4,11,3,0,36,65,95,52,2,21,50,12,0,41,51,4,6,32,16,47,381,58,26,5,25,25,105,93,19,21,7,7,5,11,6,122,2004,42,2,11,19,109,157,2,13,504,122,2,19,82,2,149,0,2520,14,19,32,9,12,14,1,122,3,5,78,16,30,69,15,13,11,421,1,16,0,19,0,11,73,42,17,14,4355,3,37,14,4,18,25,21,42,71,11,24,20,34,72,336,44,55,34,16,52,17,39,3,62,93,13,11,1,34,27,6,7,105,0,38,0,22,8,19,0,45,11,50,18,7,38,41,542,3,62,75,13,10,81,0,54,88,3,32,2,0,98,3,0,66,1,2,25,16,7,144,13,1,0,10,64,5,52,20,6,72,22,2,47,15,21,48,54,11,9,7,6,123,38,2,15,1,123,65,65,31,34,1240,3,0,1,35,11,100,79,24,15,0,29,26,8,32,1000,30,210,90,2,53,110,648,83,8,104,94,290,0,15,1,50,86,2139,9,3,36,14,101,60,234,29,11,15,0,44,18,22,35,11,147,10,1,1,59,22,105,45,112,34,200,53,784,1,24,70,36,0,21,51,5,16,100,72
cell_214,2,2,10,95,23,0,54,2,51,348,44,48,140,33,43,2,85,6,40,3,80,54,9,8,50,10,0,106,26,21,38,26,23,50,10,344,0,11,197,30,68,66,41,32,3,517,3,11,104,355,9,35,37,7,41,84,0,2,13,6,3,19,18,41,26,35,66,45,0,50,9,13,58,5,6,34,6,24,18,52,18,1,10,65,169,37,6,0,0,12,2,4,15,1,48,16,106,9,14,77,32,4,8,6,131,27,242,27,420,0,35,201,10,9,21,15,40,39,4,114,50,17,27,18,0,20,20,283,0,7,4,4,191,40,0,6,1,0,0,7,131,13,11,4,0,22,136,6,2,1,1,22,0,5,109,1599,18,0,201,42,63,105,0,38,4,251,5,46,24,110,67,0,29,122,11,11,1,25,36,51,40,21,230,76,26,16,5,63,77,0,0,2,0,0,261,6,9,0,15,5875,6,0,57,0,0,0,2,36,24,0,32,0,0,21,31,92,18,43,0,376,3,2,8,16,60,0,53,5,3,10,62,138,26,90,38,174,20,27,0,77,10,0,10,1,1,27,42,27,58,5,32,4,46,0,1,89,0,1,98,33,36,215,28,25,0,6,42,105,96,30,9,3,16,5,20,1,156,2447,6,55,10,9,158,173,4,28,521,181,0,20,86,6,169,1,2810,22,0,5,14,1,13,0,29,9,6,101,17,68,70,4,17,2,543,1,20,33,31,4,4,8,164,2,15,3946,49,33,6,54,9,15,31,12,66,6,29,70,12,2,287,57,46,2,17,14,25,34,7,68,64,0,16,0,31,22,16,4,40,7,14,0,155,34,24,0,13,3,63,18,24,111,27,338,1,73,4,28,19,41,0,26,163,0,33,7,0,25,1,0,110,7,0,54,35,2,106,18,2,0,3,118,10,40,23,10,2,19,12,65,5,12,30,25,0,2,1,27,62,42,11,48,0,234,43,113,25,36,691,5,0,19,45,13,79,87,3,28,1,7,17,15,45,1078,8,251,27,0,104,121,434,6,14,123,155,284,11,58,58,28,38,184,15,22,12,29,93,32,262,32,29,27,11,6,43,33,60,9,64,0,1,0,25,0,59,10,73,60,224,14,739,0,8,17,47,24,92,51,22,99,137,87
cell_215,26,0,18,124,16,6,105,35,59,464,29,97,149,5,6,12,73,15,0,25,98,76,7,0,80,1,0,122,23,25,46,13,14,2,3,363,4,31,267,1,108,120,24,49,0,102,1,19,46,294,0,24,65,2,35,13,1,0,16,7,4,64,15,0,2,0,89,107,3,50,11,16,97,1,8,8,156,11,37,0,66,2,10,78,336,20,5,0,0,55,1,13,22,0,3,36,32,4,18,93,28,0,4,17,230,24,140,14,387,2,36,168,4,2,44,50,24,34,7,163,97,124,31,43,1,17,89,48,18,2,2,0,121,15,6,15,0,8,25,0,148,16,12,1,0,8,165,10,7,7,1,8,1,3174,86,1378,49,3,152,41,3,14,0,12,34,155,0,24,20,294,3,2,14,16,9,0,0,18,11,66,35,23,516,75,10,10,15,66,27,14,2,6,0,0,232,0,123,33,13,6641,1,0,45,1,0,9,1,35,203,0,39,0,0,24,41,65,1,32,0,395,2,0,0,8,85,3,26,0,66,1,30,144,53,39,18,145,26,16,3,47,30,0,38,1,0,0,78,53,31,9,18,5,9,0,17,46,0,2,89,8,4,399,7,12,0,22,22,134,156,34,18,11,9,3,13,6,131,1809,8,12,4,3,113,147,8,7,431,108,7,18,79,1,162,0,2743,23,3,9,3,15,11,2,87,1,7,87,18,13,89,44,2,7,447,4,10,3,1,4,9,80,12,4,46,4438,27,61,1,10,20,35,12,19,82,8,27,51,28,32,156,54,135,16,17,28,22,11,13,68,110,18,18,0,49,30,16,2,124,6,82,0,95,68,7,0,18,1,72,3,27,61,11,534,2,102,43,28,61,19,1,50,117,2,26,19,0,91,6,0,85,1,64,45,44,90,108,4,7,0,1,48,16,11,89,22,0,16,18,66,16,20,134,114,10,15,1,34,28,30,2,73,0,150,44,67,76,35,1602,26,0,0,18,5,78,96,13,40,7,11,9,109,7,237,8,229,89,0,121,109,1033,328,22,138,92,438,7,70,70,12,69,1398,17,4,48,62,91,31,216,26,92,3,2,9,34,63,20,14,61,1,5,2,119,76,92,35,106,32,285,19,908,5,16,47,42,1,26,46,6,170,18,116
cell_216,9,13,2,93,13,0,69,43,64,291,41,25,177,24,17,0,47,16,5,15,101,167,10,7,34,2,0,67,37,2,54,15,43,49,24,436,3,27,329,39,192,146,31,34,12,507,0,35,13,367,21,53,55,20,100,113,8,0,31,1,0,78,12,10,32,30,96,5,0,44,8,45,88,0,6,10,100,0,22,21,13,10,6,85,159,43,24,1,0,16,8,6,44,20,7,20,56,0,47,27,51,6,0,0,256,21,265,9,296,24,7,188,2,7,122,34,44,39,43,79,12,149,27,41,0,45,403,1,2,0,2,21,256,39,14,8,0,2,6,1,153,20,15,0,0,25,141,3,0,0,3,3,0,1631,84,1646,10,10,134,7,20,27,0,20,7,181,2,43,24,111,38,3,2,95,2,11,7,28,5,47,31,28,194,17,42,6,3,50,28,20,8,10,0,1,276,21,140,47,5,6282,9,0,63,0,0,6,8,21,93,0,15,0,0,59,11,93,21,35,0,405,0,2,2,22,36,3,93,0,114,2,123,83,61,49,18,34,14,32,19,23,40,10,13,0,1,16,16,23,24,8,3,59,36,0,2,17,3,4,55,30,38,200,11,77,0,29,1,39,77,15,1,6,4,18,10,11,156,1669,25,75,0,1,128,225,2,20,185,219,1,9,72,2,229,7,3442,9,20,163,2,11,6,0,74,0,9,95,11,78,99,67,6,3,639,4,31,16,2,5,1,30,4,4,58,4294,63,53,14,41,59,28,1,35,22,6,50,12,51,0,532,47,64,3,0,35,35,7,0,93,97,30,21,24,46,4,4,7,91,1,85,3,152,71,9,0,12,3,55,16,5,116,93,831,6,62,36,25,3,30,0,58,142,7,29,2,0,79,2,0,138,6,0,46,22,135,72,17,0,0,33,111,0,6,18,28,0,41,11,37,10,16,10,10,0,1,0,48,53,16,0,12,0,103,70,32,7,8,816,16,0,0,26,47,67,29,0,49,0,20,30,14,40,26,34,56,55,0,57,150,1149,0,5,59,109,227,3,21,125,46,40,748,14,1,31,67,94,12,271,28,59,21,5,2,3,14,53,11,60,9,6,0,78,7,120,38,79,51,78,6,1157,8,3,57,55,7,114,47,0,48,180,59
cell_217,40,2,23,70,24,1,90,60,92,764,12,76,173,8,39,5,70,4,0,3,70,168,4,11,28,9,0,185,29,3,46,0,60,31,24,225,63,22,190,17,100,126,16,41,2,401,0,13,25,636,1,44,54,7,32,37,5,9,0,12,5,193,84,5,5,12,76,36,30,29,19,18,83,23,0,33,116,10,34,67,13,0,3,61,256,45,18,0,0,45,1,3,43,0,1,41,79,4,97,63,26,5,0,14,125,15,113,18,447,1,12,207,3,2,117,0,38,44,7,155,79,106,39,15,0,20,233,28,1,0,1,9,128,9,2,17,0,0,12,2,150,25,14,0,0,34,178,0,3,0,0,7,6,5006,15,1382,12,0,102,44,15,87,0,22,6,423,1,98,16,179,1,4,21,3,3,20,1,15,3,55,3,74,432,75,32,8,16,65,60,5,0,7,0,1,277,8,24,0,6,5586,14,1,50,0,0,4,5,24,190,4,20,4,3,48,45,30,59,28,0,461,3,1,6,17,81,3,61,1,43,1,34,109,78,64,20,176,20,2,1,18,38,6,16,2,0,44,57,84,40,2,50,115,9,0,34,136,0,5,36,20,29,367,68,23,3,31,0,157,144,33,23,10,26,8,5,8,127,2078,11,45,13,20,110,145,5,15,379,108,3,2,63,0,152,0,2506,13,17,33,7,11,3,7,35,25,6,79,17,144,82,0,22,0,418,4,16,0,23,0,24,48,102,1,27,4324,53,30,23,0,4,29,21,36,36,20,27,51,24,16,248,54,52,45,2,20,21,107,2,51,64,3,14,1,38,26,5,2,5,4,79,0,142,32,27,0,14,15,73,15,8,77,29,574,4,62,41,17,5,19,11,10,123,2,21,0,0,113,0,95,45,0,0,44,15,226,187,37,0,0,5,61,0,9,21,37,1,6,1,32,5,14,64,73,0,0,3,36,58,42,0,71,0,125,62,24,65,22,1710,25,0,1,53,0,49,61,7,17,0,19,3,25,69,208,53,71,88,0,89,118,844,0,13,119,121,535,7,6,25,106,63,2055,16,1,3,41,102,76,121,33,78,18,9,26,5,36,66,5,112,35,1,0,16,17,116,65,120,49,316,7,777,1,0,83,40,5,63,36,0,153,98,40
cell_218,12,0,10,91,33,0,90,38,82,394,36,10,145,27,2,1,78,15,2,15,93,201,9,33,13,0,0,170,27,8,53,10,117,50,24,337,49,12,190,21,152,272,9,27,8,402,3,0,62,256,10,2,64,6,48,65,5,0,22,2,0,36,6,0,26,24,42,50,9,45,62,0,76,3,0,45,16,1,19,67,2,11,16,79,112,88,10,0,0,13,13,9,22,22,34,3,99,14,43,48,34,4,4,27,176,37,154,1,89,36,8,55,9,2,72,7,41,21,24,38,36,7,75,10,0,22,178,0,1,17,11,0,140,30,20,1,0,7,1,0,148,21,7,0,17,3,92,0,18,0,3,3,1,4213,28,1257,1,2,191,60,4,79,0,63,64,151,8,16,31,181,4,7,44,15,8,0,3,16,10,70,2,76,455,21,24,3,11,44,0,0,2,1,4,0,317,15,4,287,9,6342,1,0,60,0,0,0,0,6,245,0,52,0,0,25,51,47,3,12,0,460,7,0,4,17,16,2,56,0,50,13,90,101,8,159,21,135,27,18,0,37,89,14,44,0,0,2,115,101,24,14,35,33,5,5,50,32,4,7,78,15,0,125,45,80,0,10,13,94,131,36,5,74,13,6,7,7,118,1757,57,24,58,3,141,126,20,34,448,122,10,2,69,2,186,0,2614,1,11,29,4,1,33,4,30,0,15,29,10,73,109,13,58,0,454,1,13,2,75,0,4,98,3,9,67,4340,70,33,15,0,58,27,21,20,67,3,65,34,0,10,467,66,93,12,0,24,31,20,3,47,87,26,9,0,13,0,15,9,154,5,29,2,148,69,10,1,5,50,82,22,5,52,2,496,31,64,21,41,20,86,1,0,51,18,23,0,1,77,9,0,12,11,2,0,0,0,128,20,2,0,11,47,4,18,59,27,7,38,9,31,3,18,22,68,0,0,2,0,84,22,0,16,1,76,29,110,21,32,1461,68,0,9,20,26,142,53,0,2,3,17,21,0,75,43,17,102,107,0,25,112,884,0,24,114,73,409,10,7,3,30,60,2337,2,0,0,69,96,30,10,46,26,17,1,36,0,1,60,15,12,10,10,0,26,0,105,18,110,52,162,33,844,0,8,56,29,11,15,22,1,183,4,93
cell_219,20,17,20,103,27,2,99,5,81,438,37,71,169,10,0,16,91,3,4,13,86,192,38,0,47,24,0,24,28,19,44,22,19,15,40,313,34,27,171,26,112,236,3,42,12,313,1,31,0,621,1,32,51,7,16,56,5,8,5,2,6,19,82,13,28,1,29,48,0,55,44,0,26,21,0,30,154,10,33,37,0,0,10,78,0,94,49,4,0,42,10,19,32,7,9,21,17,2,16,83,51,0,11,21,174,34,162,8,291,2,19,119,10,11,195,18,31,33,28,135,42,29,59,9,0,30,493,132,6,0,0,1,104,26,8,15,0,1,7,1,146,2,7,0,19,12,92,1,15,6,0,5,0,4364,29,1394,9,0,153,40,40,67,0,22,38,371,13,71,28,240,9,2,30,7,39,6,5,18,18,65,1,61,421,53,18,12,5,23,84,0,8,6,0,0,230,19,251,1,26,6066,5,9,65,0,0,8,0,33,224,5,65,14,0,24,49,57,24,43,0,473,4,0,0,25,49,0,58,3,57,8,41,111,31,133,26,86,15,13,0,44,11,3,34,0,0,17,75,38,46,0,46,5,6,17,24,27,1,6,21,21,98,283,4,17,1,24,61,147,139,22,5,60,11,7,27,2,141,1838,11,89,15,15,127,138,16,19,511,142,4,0,60,0,171,6,2458,14,21,2,1,18,17,0,19,25,12,89,17,135,70,9,27,1,449,2,12,14,0,21,27,161,35,10,50,4153,25,44,10,0,79,20,14,52,6,10,22,25,0,17,366,56,48,18,23,59,19,133,1,60,93,2,13,0,26,17,13,7,132,11,41,4,31,71,16,0,33,27,43,22,6,64,25,612,15,78,39,7,12,9,0,14,53,8,17,0,0,33,15,3,0,6,52,7,0,22,87,26,1,0,1,75,4,40,13,2,0,66,12,36,13,15,127,106,0,0,3,3,73,0,5,93,0,112,72,59,40,51,1653,53,0,2,42,18,81,78,0,69,5,8,3,5,52,533,43,86,144,0,39,117,1023,0,6,49,84,607,9,39,13,18,83,1795,9,3,0,23,83,107,193,28,65,11,0,11,6,28,69,2,24,0,8,0,131,0,99,49,45,42,309,0,826,0,9,28,48,8,43,7,12,179,221,107
cell_220,27,17,20,78,24,0,121,25,35,16,55,60,195,11,1,16,51,29,5,18,90,246,30,14,37,1,0,132,20,12,48,27,82,20,5,277,3,9,238,0,71,49,11,34,2,267,2,2,0,179,4,12,59,10,27,95,2,6,8,4,1,173,35,20,28,0,25,6,4,49,21,11,14,1,3,6,17,19,33,47,26,5,8,77,0,53,4,0,0,41,0,2,1,0,8,36,103,4,65,13,11,0,16,29,226,25,140,0,289,3,9,239,11,1,152,19,32,38,8,140,31,73,35,43,3,19,164,23,5,6,10,2,133,23,18,27,0,3,2,4,166,17,32,0,1,0,136,0,6,0,0,11,0,876,57,1430,14,0,148,58,33,17,1,55,4,205,4,115,7,122,31,3,0,21,11,9,0,22,20,84,24,3,454,58,15,42,24,72,59,4,1,1,0,0,272,40,87,63,3,5952,10,14,26,0,5,2,14,33,236,0,0,0,0,49,23,42,51,34,16,433,2,6,5,25,65,4,68,0,14,2,88,125,58,59,7,125,37,34,2,30,27,0,3,1,0,47,60,103,65,1,53,49,11,0,11,4,0,0,15,21,29,391,40,47,0,9,7,105,156,10,6,9,10,10,3,2,82,2072,2,69,23,19,127,126,27,15,475,107,4,6,74,25,157,0,2563,5,42,46,1,18,6,7,122,14,1,20,14,143,59,29,4,0,456,0,9,13,51,2,3,33,137,1,36,4256,80,47,4,4,56,12,25,51,74,3,17,12,16,34,348,54,77,3,38,69,17,97,8,73,116,0,1,1,40,79,13,1,20,16,18,0,129,28,9,0,1,10,79,14,7,64,41,525,5,93,40,30,40,51,3,3,17,0,31,6,2,56,20,0,25,6,0,10,29,80,100,26,2,0,10,93,14,37,14,26,19,154,0,37,8,13,15,21,0,13,0,25,155,36,1,9,0,153,43,112,26,7,1416,3,0,3,13,23,40,101,4,0,5,3,22,77,57,222,0,16,17,0,150,149,907,0,3,54,105,479,3,18,15,25,24,1515,10,20,20,27,82,6,106,36,43,20,10,22,24,27,9,2,6,24,1,0,24,43,97,24,92,38,195,22,849,2,8,29,45,1,19,47,4,202,87,47
cell_221,37,3,13,104,17,3,96,28,1,228,58,3,176,29,84,32,74,16,2,0,76,118,9,47,68,14,0,137,29,17,35,6,101,26,26,51,48,19,220,3,154,111,63,41,0,407,0,0,15,490,2,9,42,19,65,120,7,0,5,2,1,37,3,3,31,5,11,29,0,37,13,6,117,30,8,16,27,1,37,40,19,0,9,96,279,23,16,0,0,37,0,7,30,1,8,35,51,1,37,106,66,8,0,16,225,22,151,14,383,0,15,243,4,0,101,43,38,43,36,185,27,218,24,32,0,32,45,0,0,2,1,0,107,4,4,15,0,1,28,1,193,23,39,0,23,12,164,1,6,0,2,15,0,4107,97,1249,15,0,161,63,26,12,0,75,2,89,8,101,24,262,39,0,5,22,28,10,3,16,6,99,9,5,425,29,21,4,4,74,79,1,0,0,0,0,229,46,5,17,14,6215,6,0,56,0,0,0,4,29,196,0,59,0,0,69,61,100,3,40,0,434,1,1,10,57,28,0,80,0,15,6,114,177,66,83,31,139,0,30,1,1,74,1,22,2,0,3,67,2,63,0,23,0,16,0,47,29,0,0,80,26,43,420,5,10,0,8,0,71,151,22,6,9,21,22,18,0,130,2098,19,1,29,45,119,127,31,41,448,116,0,4,50,10,189,0,2398,12,6,11,0,4,12,1,82,0,6,80,11,184,97,9,5,2,449,0,15,10,9,0,11,104,27,13,68,4588,59,127,9,20,10,25,30,45,82,15,13,43,16,1,321,40,106,48,1,34,20,178,5,81,106,46,16,0,15,71,20,5,42,3,55,0,151,59,10,0,26,16,54,1,29,14,102,527,28,91,17,21,29,65,0,38,141,2,27,5,0,104,34,0,90,9,6,0,78,2,152,24,0,0,18,100,7,21,38,21,0,40,2,34,11,16,27,48,31,5,0,42,69,4,4,164,0,86,55,60,48,35,1363,5,0,27,31,4,80,107,2,0,3,26,31,86,22,161,67,259,141,4,92,131,1001,181,35,101,95,380,2,73,80,45,27,1434,7,1,1,53,103,33,219,42,41,12,0,45,3,83,99,4,145,0,5,0,34,1,105,0,146,29,73,0,913,0,8,16,47,0,116,25,0,187,12,71
cell_222,31,7,12,75,27,0,94,52,59,960,51,128,141,9,6,1,90,3,0,9,74,318,24,43,51,1,0,64,21,33,41,43,150,65,14,207,4,19,196,19,171,109,34,44,2,184,0,42,32,287,10,34,9,11,45,13,1,2,2,9,1,154,60,5,9,29,90,86,0,23,10,19,27,12,2,11,126,12,24,29,187,2,13,90,327,7,2,0,0,70,0,13,20,31,31,40,82,14,22,13,4,1,2,12,253,17,115,2,347,5,7,128,9,12,97,22,34,32,31,149,77,94,69,29,6,19,10,142,0,1,3,0,89,9,0,6,0,4,10,2,196,25,37,5,22,29,182,0,3,1,14,10,2,6752,0,1182,34,17,150,53,10,86,1,14,2,130,5,60,22,182,13,5,7,46,6,8,1,19,14,105,33,48,466,31,32,5,6,67,63,80,1,10,0,0,276,31,106,0,20,6570,6,0,56,0,0,13,2,22,1,0,0,1,3,58,16,1,16,17,0,464,11,0,0,3,77,4,58,0,41,3,89,134,58,70,21,106,29,27,24,14,37,3,19,0,11,3,74,77,50,12,18,97,4,11,8,76,1,6,86,6,79,340,4,34,4,32,59,67,144,25,12,17,9,3,1,19,143,1947,9,2,0,0,97,158,19,10,156,110,10,9,54,4,174,3,2457,12,2,28,0,14,5,8,27,1,5,93,12,123,77,8,6,5,456,2,20,8,3,27,9,88,106,2,56,4592,23,47,0,29,15,36,32,85,13,4,4,41,28,0,259,39,65,19,2,62,24,74,2,71,115,23,12,1,24,41,21,2,80,43,113,1,143,124,30,0,0,10,71,10,10,65,56,516,9,76,86,21,4,19,2,37,114,1,31,2,16,122,0,3,76,2,0,26,76,30,149,2,3,0,4,112,0,2,33,28,0,64,3,38,4,22,17,27,12,0,3,8,69,29,9,108,0,149,55,76,0,9,1443,21,0,0,27,1,51,64,22,40,3,22,11,41,15,428,0,101,106,0,44,122,803,0,8,109,70,288,7,76,83,80,60,988,15,1,62,47,92,22,212,36,79,12,2,14,5,68,61,3,144,1,1,0,41,56,127,45,117,47,290,1,839,9,18,153,23,16,23,42,0,187,2,60
cell_223,14,3,23,88,13,0,83,8,55,527,29,3,117,2,31,16,88,6,1,6,91,123,4,0,88,9,1,262,26,12,47,0,81,39,18,132,90,21,237,0,95,216,22,36,1,399,0,65,2,579,0,44,71,4,21,42,5,3,9,7,1,10,25,10,8,0,75,68,9,44,0,4,50,3,0,16,37,0,28,62,51,1,11,92,185,85,2,0,0,22,0,2,3,0,34,35,128,1,30,80,20,2,0,8,258,28,144,0,446,15,4,258,4,2,72,59,33,40,27,151,97,147,2,45,0,24,36,33,4,6,16,2,153,9,2,12,0,0,11,0,176,20,33,0,0,13,170,8,0,1,3,6,0,879,43,1231,89,0,140,57,20,78,1,41,1,252,0,26,27,109,32,0,7,139,0,11,6,20,3,78,0,7,463,79,4,6,5,58,86,34,0,4,0,0,286,11,13,5,7,6682,0,0,47,0,0,0,8,34,177,0,28,0,0,39,34,121,5,31,0,415,15,1,11,19,79,0,25,4,16,11,27,141,69,11,27,127,18,3,0,37,11,4,5,2,9,29,19,50,61,6,61,0,7,0,14,44,0,0,98,24,23,404,53,7,0,5,39,88,165,35,3,2,26,12,17,0,139,2161,6,41,2,0,132,155,9,2,349,120,0,9,60,16,188,0,2846,10,1,39,4,11,7,1,147,10,3,49,18,41,95,4,7,5,475,0,23,0,52,4,0,9,88,2,15,4671,22,117,9,23,44,44,21,31,11,2,57,32,8,1,576,37,104,76,46,54,30,103,8,53,102,0,4,0,35,128,16,2,63,9,26,0,154,82,20,1,16,1,81,15,22,51,95,509,22,76,27,29,19,71,0,0,100,2,20,5,1,104,7,0,32,9,0,9,95,0,131,3,1,1,6,106,7,24,31,43,1,58,1,30,3,20,195,19,40,11,0,30,90,4,10,36,3,141,3,98,71,36,1447,5,0,4,10,3,21,111,17,0,2,4,13,15,86,737,22,598,59,0,238,66,251,0,40,114,89,428,6,12,23,16,94,1116,19,15,66,62,93,32,204,42,51,6,2,20,49,71,101,17,165,19,1,0,2,52,52,29,136,38,120,24,781,5,24,33,25,4,108,20,0,249,88,128
cell_224,33,3,11,108,25,0,83,12,16,472,52,122,154,13,24,9,96,7,4,11,102,80,6,33,48,3,0,107,27,8,38,6,29,27,8,341,89,26,195,2,230,140,15,46,8,197,0,24,33,563,3,23,67,18,37,130,2,1,18,7,0,48,42,1,1,0,83,86,5,75,34,8,27,9,3,21,168,0,31,49,6,0,6,77,8,29,17,0,0,40,2,6,53,0,9,29,19,0,75,93,62,0,0,16,191,32,80,21,304,11,24,220,1,7,66,0,42,37,20,170,68,122,38,28,0,32,195,0,1,0,4,0,138,4,18,4,3,1,4,1,199,18,29,0,5,7,157,5,23,1,5,7,1,7429,80,1376,18,0,144,56,8,43,0,50,16,222,6,107,24,235,1,0,5,12,13,2,0,15,1,72,6,64,480,14,14,5,13,70,2,5,0,0,0,16,287,15,194,0,11,6349,6,3,29,0,0,1,12,21,126,0,74,0,0,29,16,24,16,32,0,424,16,0,0,33,85,6,40,2,65,12,49,181,44,9,27,126,16,14,0,43,83,2,21,0,0,38,99,82,67,8,34,22,7,0,14,87,5,0,62,13,9,403,38,18,1,26,6,117,114,24,14,18,12,10,10,6,69,2022,19,3,38,0,136,158,7,8,382,90,13,4,48,0,165,5,2831,7,6,39,1,14,3,7,156,0,18,83,10,128,86,3,30,4,408,0,12,5,2,32,10,189,1,1,71,4432,6,25,7,11,56,35,10,113,84,21,22,69,45,63,180,61,105,20,0,53,18,85,9,85,109,4,10,0,28,33,13,2,99,2,68,11,150,107,5,0,8,2,57,12,14,49,25,617,5,52,52,51,8,51,0,0,94,1,30,1,0,73,8,6,115,5,5,72,58,0,85,3,0,0,3,82,9,15,60,8,0,32,5,48,26,10,18,99,19,3,1,15,55,66,1,31,0,170,91,49,97,19,1509,22,0,0,20,28,110,90,37,56,3,14,13,37,0,67,3,92,42,1,242,92,973,12,19,57,78,431,4,57,1,64,91,1870,10,0,18,67,86,4,197,39,65,9,0,0,1,34,13,1,83,16,3,9,142,57,145,2,126,46,258,22,774,0,8,22,39,6,32,32,0,231,15,131
cell_225,17,4,5,63,14,0,51,2,125,49,18,15,152,23,0,13,46,7,6,26,81,78,2,0,39,14,0,70,27,16,35,54,13,19,44,347,25,28,172,24,160,109,14,38,5,266,1,1,6,217,1,25,106,15,79,158,16,7,13,13,1,86,38,3,25,46,99,29,7,47,10,27,93,4,2,56,22,0,32,35,20,0,7,72,210,7,3,0,0,32,0,10,27,0,16,50,91,3,20,0,72,0,0,6,168,30,248,4,387,0,6,156,2,9,118,3,53,83,25,118,138,150,54,6,0,18,112,58,7,0,11,19,69,1,0,22,0,2,13,1,47,47,15,3,0,11,309,0,0,4,4,8,5,793,35,1060,39,0,128,28,47,74,2,10,5,13,1,75,30,99,1,1,15,8,7,10,1,32,3,83,6,22,279,51,29,37,31,71,30,10,0,1,0,0,187,7,248,6,16,4313,3,0,42,0,0,7,5,26,131,0,4,0,0,30,9,98,15,26,0,1362,1,0,30,15,83,3,35,0,9,10,27,143,236,312,21,77,17,33,18,104,200,9,37,1,0,44,71,25,17,9,1,0,13,0,39,6,1,3,30,9,90,223,63,15,0,12,3,380,108,33,41,5,25,17,14,0,308,1207,29,20,7,2,157,261,15,19,132,91,3,6,67,7,310,2,2119,28,4,86,11,5,0,1,70,0,16,71,18,39,131,32,52,0,433,0,13,0,9,0,13,96,2,29,22,5760,57,85,24,3,19,18,44,10,104,2,30,37,0,0,350,37,72,6,1,79,29,186,5,19,31,6,24,0,16,65,7,0,70,11,35,0,50,39,10,0,7,15,134,4,14,37,34,388,10,79,67,22,9,5,1,1,74,2,19,2,0,114,0,198,82,16,0,21,0,55,97,33,0,0,8,79,3,4,33,35,0,2,12,49,77,23,46,10,0,6,0,20,52,13,5,107,0,132,40,95,32,35,3507,7,0,21,49,0,15,40,26,188,2,17,41,64,23,1394,4,44,48,0,296,70,309,5,25,58,93,101,3,57,177,36,94,3061,17,0,8,95,45,13,194,42,95,10,9,24,6,36,20,7,130,6,3,0,19,71,64,36,65,25,324,8,1622,1,24,115,109,10,66,34,10,4,162,62
cell_226,14,3,17,53,18,0,52,24,98,287,18,35,144,9,40,2,55,14,6,9,57,40,9,37,31,6,0,171,20,14,45,38,49,24,31,525,121,10,161,35,166,51,0,34,4,297,1,0,2,36,27,31,113,2,50,5,5,4,2,20,5,119,32,2,31,4,21,61,12,37,6,0,9,1,3,52,109,2,20,27,25,0,17,107,172,13,5,0,0,71,8,21,50,20,4,47,106,3,14,64,30,20,3,11,253,12,128,12,472,32,25,185,5,0,10,46,27,76,49,49,25,48,168,107,0,31,153,13,10,10,5,52,80,77,35,9,0,5,5,9,65,33,20,35,0,4,259,2,33,7,1,3,2,102,18,1115,27,5,41,34,48,14,0,10,11,151,14,98,38,195,5,2,4,15,7,0,4,22,14,91,22,61,266,19,19,16,13,19,75,0,0,9,0,0,147,14,36,11,7,4638,9,0,63,1,0,3,12,29,130,3,0,0,0,10,28,72,3,11,0,1208,10,8,2,19,76,3,66,1,59,4,9,120,163,260,15,100,31,11,7,69,89,6,27,4,0,21,75,115,13,18,12,207,9,0,43,27,0,4,11,19,39,211,18,51,0,12,3,179,117,11,13,81,11,10,10,6,428,1315,65,18,7,0,164,284,5,14,95,107,0,7,86,1,280,0,2454,51,22,43,16,0,27,0,27,3,14,4,11,116,74,1,23,15,430,12,21,6,15,0,13,2,10,16,9,6223,95,86,22,2,28,52,40,16,152,6,62,48,27,17,358,67,56,0,8,29,84,58,0,37,80,3,24,8,29,43,9,0,116,63,40,0,137,72,38,5,15,66,115,28,39,45,12,342,10,81,23,26,13,15,0,28,94,7,24,1,0,114,1,2,155,0,27,6,0,507,122,8,0,0,6,81,17,13,50,7,0,13,1,39,0,32,131,82,0,0,7,20,65,0,12,6,0,60,30,126,57,36,3537,32,3,8,9,0,14,46,13,25,1,11,44,40,41,709,6,6,42,1,98,60,591,0,19,97,100,143,9,4,678,14,24,1685,18,0,0,17,91,99,153,48,92,9,1,2,1,105,37,11,210,15,1,0,22,0,51,103,107,27,265,25,1385,1,6,22,123,1,85,28,4,110,37,77
cell_227,5,4,15,61,17,1,56,19,45,202,25,13,140,5,14,40,58,38,13,8,77,126,22,35,34,8,4,68,23,3,49,22,8,64,19,494,105,23,154,43,207,99,11,30,2,211,1,1,2,216,5,31,108,26,59,58,31,0,10,10,0,63,72,0,27,0,90,14,10,43,4,8,94,12,0,7,168,0,31,0,1,15,13,91,163,8,21,0,0,41,0,1,14,17,32,32,100,0,72,100,12,18,0,27,233,37,153,1,708,0,10,164,0,1,130,5,45,58,23,92,60,149,9,116,0,24,370,126,3,0,2,10,98,43,13,30,0,5,5,2,48,68,13,0,14,125,270,2,2,5,0,3,8,3342,44,1047,16,0,100,27,31,68,0,55,2,82,1,40,32,158,0,7,13,40,5,0,4,24,2,53,13,8,300,50,18,14,41,85,0,27,0,10,0,0,182,13,3,16,15,4283,0,8,4,8,0,15,25,29,119,0,7,0,0,26,10,77,14,4,1,1271,1,9,17,26,40,0,71,0,27,13,23,90,226,105,9,93,52,27,7,11,13,1,7,3,0,1,16,43,7,20,16,62,14,13,39,23,0,12,12,19,114,238,35,15,0,4,4,237,106,13,42,35,5,27,11,0,257,1197,50,8,47,0,187,250,7,18,122,84,0,16,75,4,345,3,2296,31,56,73,0,18,5,1,194,16,7,72,17,128,130,33,48,0,408,0,10,36,15,0,3,131,11,23,13,5928,97,103,19,72,49,2,17,40,115,2,36,76,30,7,93,25,41,0,5,19,54,23,1,46,72,0,32,0,31,78,2,2,84,83,94,2,184,14,19,1,0,9,128,24,16,40,54,444,9,109,37,9,8,23,0,0,44,2,17,0,16,9,3,1,69,1,0,1,11,655,64,14,8,0,4,96,7,0,29,53,6,37,7,18,24,30,7,31,1,6,11,0,37,31,12,156,0,95,8,110,51,18,3498,21,6,23,21,72,84,57,3,18,0,17,49,13,39,20,14,48,106,0,448,50,717,25,50,91,37,137,2,33,26,71,102,2679,30,0,8,34,73,33,200,24,136,24,0,12,0,85,16,6,130,19,9,1,100,10,115,73,75,20,281,32,1356,4,51,17,129,6,101,46,3,111,118,4
cell_228,43,4,17,43,21,0,64,22,49,227,20,56,190,15,60,13,42,16,11,16,79,27,17,23,36,9,0,68,14,9,59,49,266,12,8,170,667,14,175,43,171,121,29,29,0,42,0,6,41,9,23,26,98,19,14,77,4,21,5,8,0,34,13,2,29,0,45,65,25,56,24,32,17,15,2,55,114,1,33,39,12,3,9,86,188,3,5,0,0,25,0,0,9,0,14,27,3,0,15,81,108,11,0,0,206,24,223,0,810,20,53,159,27,3,142,0,68,60,26,114,34,50,69,153,4,24,146,0,84,13,10,0,77,33,9,16,0,2,13,1,39,34,10,0,8,17,297,2,17,0,2,0,4,4182,29,1195,46,0,100,29,53,0,0,97,3,175,6,80,22,160,4,0,18,24,15,13,5,22,28,84,41,84,249,51,19,18,9,72,56,0,0,7,0,10,162,18,83,34,9,4188,8,0,25,0,0,9,8,22,121,0,92,0,0,62,37,67,0,20,1,1426,5,11,17,15,57,8,48,0,65,4,67,132,95,60,6,65,37,25,10,65,127,3,16,0,3,32,104,82,11,9,10,0,3,0,4,83,0,5,10,22,108,208,62,2,2,45,1,247,145,17,18,50,19,1,7,6,332,1193,49,21,11,0,125,283,9,10,153,99,0,4,55,7,270,12,2383,42,29,63,5,5,8,0,109,0,18,22,22,136,158,9,33,0,427,1,26,37,3,9,2,21,0,10,19,5790,75,71,20,24,50,31,58,37,66,1,28,63,4,0,309,37,28,0,7,22,65,157,0,48,68,20,3,75,43,43,18,1,195,45,53,7,144,116,25,1,50,15,105,16,43,48,30,406,2,113,34,26,34,22,0,41,108,10,20,1,15,111,22,0,238,2,14,21,117,24,95,10,2,0,1,95,0,3,9,15,0,130,3,10,0,22,10,93,27,1,0,9,32,8,30,27,0,100,58,97,4,44,3841,33,0,1,8,56,1,16,15,135,4,29,64,76,26,198,0,205,23,0,125,55,473,0,32,25,82,104,3,47,78,118,95,3117,8,1,11,51,79,153,228,8,86,3,0,6,0,28,32,4,90,0,3,2,47,8,64,11,134,24,206,82,1656,5,35,167,122,0,54,2,1,135,100,65
cell_229,17,4,16,57,8,1,44,5,32,98,10,7,149,5,205,15,56,1,5,14,79,32,3,0,6,15,0,56,21,22,53,34,120,47,10,235,213,23,169,13,21,142,13,18,0,326,0,7,21,259,0,4,121,6,22,4,10,1,18,27,1,34,97,5,7,47,75,20,0,63,6,1,77,120,0,60,75,1,22,26,4,2,22,87,1,9,8,0,0,54,0,4,4,2,0,46,43,7,116,75,75,19,5,10,213,24,235,10,675,8,23,154,9,0,138,18,41,75,18,70,46,0,90,133,0,24,252,20,52,0,10,0,78,61,4,21,0,2,12,3,59,74,34,0,33,1,308,2,5,0,2,23,0,3372,118,1170,122,0,90,26,29,45,0,12,9,150,5,54,32,105,5,1,7,0,26,10,0,30,2,82,31,65,239,37,10,47,22,83,100,4,0,5,5,1,149,14,116,0,9,4055,1,0,42,0,0,15,4,24,128,0,206,0,11,38,38,120,18,49,1,1274,0,6,0,12,102,2,47,0,43,6,23,127,310,68,22,41,35,18,0,71,38,8,29,0,0,10,52,123,17,4,32,136,6,0,11,12,0,19,1,17,42,224,65,10,1,17,10,265,109,14,5,2,22,8,25,3,373,1319,18,40,24,7,171,272,10,32,140,94,1,1,46,23,254,0,2523,22,11,79,1,10,10,2,74,15,14,97,9,130,100,15,0,1,401,5,25,14,1,0,15,52,66,18,2,6209,12,19,6,38,11,24,31,71,112,3,12,84,1,40,15,67,40,15,3,45,56,0,3,34,79,0,22,0,40,190,5,0,87,7,29,0,42,6,13,0,26,39,98,17,33,67,29,345,2,82,31,7,17,83,0,18,139,7,24,0,0,106,3,0,4,6,17,12,83,20,132,19,5,0,11,15,27,3,69,20,35,22,5,51,22,27,42,36,2,2,4,33,54,0,13,83,0,118,60,63,18,44,4010,14,0,3,54,10,33,87,7,320,3,2,29,15,6,1870,8,241,124,0,18,47,620,0,7,75,98,91,1,51,5,30,74,2811,3,27,13,46,61,2,198,37,121,25,0,1,3,10,53,4,162,3,4,2,149,7,94,98,72,37,239,47,1634,1,29,69,107,0,6,22,0,54,23,40
cell_230,30,13,1,45,23,0,38,25,90,37,36,38,152,4,103,20,46,36,1,1,83,90,27,47,30,5,1,67,21,5,53,59,134,38,56,518,366,5,166,26,65,117,65,27,0,242,0,8,3,226,10,28,94,20,61,59,2,7,3,4,0,32,51,4,31,0,18,0,0,58,5,3,51,9,0,14,102,3,37,35,1,18,5,76,118,13,0,0,0,6,0,2,37,36,20,22,57,10,36,20,86,2,2,6,179,24,255,0,789,3,54,185,5,3,151,1,43,69,23,69,58,7,146,30,0,26,146,1,0,4,10,0,95,65,6,3,0,0,18,7,35,0,21,18,8,9,306,0,21,1,5,20,4,4179,18,1147,0,0,63,24,30,15,0,78,2,161,5,71,30,137,5,9,6,0,8,7,0,21,0,36,0,2,302,14,30,8,50,83,71,21,0,8,0,2,123,15,48,143,3,4435,0,0,34,7,0,0,6,4,128,2,227,13,0,46,17,74,9,51,0,1318,4,0,16,60,87,0,78,0,50,11,49,130,242,282,14,93,13,16,9,155,90,1,34,3,0,71,47,37,21,6,14,38,18,1,21,27,2,19,7,15,123,192,34,14,0,12,0,206,102,8,35,40,4,29,8,4,220,1281,30,14,49,0,207,314,46,27,110,87,3,2,73,0,262,0,2414,8,6,116,15,6,12,3,117,0,22,78,12,72,107,14,28,0,410,1,18,20,3,20,4,96,0,19,19,6052,24,74,36,0,147,9,29,44,79,5,25,88,27,0,279,25,22,0,23,39,13,57,1,26,23,25,10,4,23,123,13,1,228,28,103,1,32,57,9,0,16,33,121,9,9,32,52,411,2,51,40,26,9,15,4,37,122,4,25,4,0,274,7,118,0,4,8,5,0,32,77,4,0,0,3,15,2,2,48,3,0,25,6,40,19,28,5,104,29,0,1,27,29,33,28,14,0,135,59,85,11,44,4175,14,0,13,25,37,16,48,18,112,1,5,45,5,29,1757,14,188,43,0,12,58,206,6,32,59,100,52,14,6,159,97,63,1709,2,3,2,192,83,28,28,44,30,20,1,32,1,36,34,15,95,11,18,0,58,13,100,99,102,26,94,61,1321,1,6,71,125,1,73,30,0,12,4,61
cell_231,22,0,12,53,22,0,48,48,45,41,23,32,157,4,85,1,48,44,20,7,81,65,4,37,20,7,0,70,20,3,49,7,65,8,24,580,31,18,182,31,35,63,13,28,4,329,0,2,36,216,22,12,69,24,77,89,4,0,4,1,1,90,26,19,20,1,104,5,0,49,1,7,2,11,0,39,21,0,29,56,10,0,21,70,204,7,0,0,1,11,0,5,39,5,9,11,107,6,99,109,73,6,0,6,221,35,237,0,746,2,9,127,0,2,72,7,57,2,43,63,17,66,101,100,0,27,139,2,20,11,2,0,71,66,4,9,0,10,14,4,63,37,16,0,0,23,288,2,8,1,2,7,7,3710,86,1106,22,6,100,35,35,73,0,36,17,75,17,87,35,137,20,4,2,48,44,10,0,30,7,92,0,35,263,11,22,1,2,90,0,0,18,3,8,0,152,31,27,0,15,4056,34,0,70,0,0,0,9,15,127,2,169,0,0,47,52,28,3,60,0,1193,0,1,7,17,83,2,62,0,71,2,57,138,21,1,25,38,50,28,31,0,8,0,21,0,0,3,30,45,10,2,29,461,11,14,16,33,0,13,19,20,24,241,58,2,1,38,0,105,96,17,9,18,23,10,17,0,385,1307,33,15,0,0,203,323,40,22,121,92,0,0,33,0,274,5,2278,13,27,21,0,16,43,0,106,0,13,77,7,153,139,22,33,1,448,0,12,17,0,0,2,86,50,19,9,5937,84,42,8,51,88,33,7,23,126,5,45,138,5,0,312,70,75,10,1,8,52,74,11,54,58,0,17,0,39,34,6,7,18,1,125,0,99,39,14,0,5,69,129,15,22,14,39,409,0,84,42,36,11,55,0,68,97,2,38,7,0,170,3,7,37,1,3,1,48,21,115,8,0,0,2,75,9,5,89,32,2,41,1,27,0,40,78,66,44,1,0,15,174,3,1,252,0,108,66,160,7,28,3738,18,0,25,31,65,45,83,23,131,1,2,63,14,41,44,32,129,149,0,8,38,642,0,45,77,135,73,2,4,305,73,30,3490,20,0,34,36,90,0,211,43,116,20,2,0,2,56,19,6,202,7,6,1,57,0,99,31,107,30,75,93,1553,0,7,44,51,0,38,43,0,102,40,62
cell_232,13,0,2,61,25,3,39,12,126,138,10,41,138,5,0,0,69,17,1,8,78,86,9,47,32,19,1,68,21,9,46,20,60,1,29,504,291,30,192,28,57,169,1,21,4,134,0,20,82,240,0,26,123,28,144,19,1,1,15,2,4,104,48,0,11,3,70,27,0,59,6,25,154,3,0,36,324,11,19,17,1,0,16,29,259,13,0,0,0,49,1,13,27,0,36,29,16,8,87,9,83,21,2,4,98,4,197,3,730,8,13,159,1,3,134,16,55,77,27,104,111,100,148,0,0,29,232,60,16,0,6,7,68,73,4,6,1,11,1,0,58,58,21,2,2,21,347,3,20,9,11,28,5,3469,76,1074,11,0,94,23,13,55,0,50,31,107,0,27,21,189,1,7,7,6,15,10,2,25,5,75,0,21,280,30,26,29,14,20,75,15,0,4,0,0,164,4,105,6,20,4848,11,0,39,0,0,12,2,4,132,0,29,6,0,23,32,89,13,33,0,1248,15,0,3,8,80,3,70,0,26,9,39,132,57,199,22,90,29,18,17,85,148,0,149,2,1,26,79,78,10,15,4,193,12,0,44,4,8,0,14,11,145,183,71,34,2,59,0,273,107,8,40,52,21,20,16,14,340,1363,7,11,19,2,217,264,4,35,119,117,1,12,58,0,279,2,2588,18,8,57,13,12,13,1,76,0,22,58,9,144,143,16,15,0,415,2,17,19,0,0,16,19,68,3,30,6375,15,52,10,18,31,24,28,40,85,11,51,92,55,5,365,66,73,15,0,37,77,217,3,38,54,14,11,0,15,42,3,0,14,0,72,0,103,99,4,0,33,4,107,9,14,3,16,376,8,41,18,47,3,29,1,1,100,3,27,9,2,197,8,17,252,2,0,22,0,0,92,6,1,0,5,62,3,4,23,34,0,69,6,46,16,34,54,93,10,4,3,26,7,19,0,107,0,89,80,103,25,29,3785,15,0,7,23,11,16,85,21,348,0,13,35,32,9,1478,14,198,127,1,212,51,607,0,24,106,103,65,13,23,229,102,106,1435,12,0,0,30,75,56,90,42,158,3,16,1,0,31,34,11,51,2,2,0,39,50,124,61,122,32,224,27,1406,9,0,129,129,2,84,20,0,137,21,89
cell_233,30,13,1,48,19,0,39,19,48,22,14,16,139,7,13,1,50,57,2,18,72,129,1,45,12,5,0,30,21,8,41,0,63,37,39,507,0,19,182,29,48,159,15,29,4,328,2,6,8,163,9,19,72,35,68,10,32,0,32,6,0,106,26,44,36,41,83,0,0,45,19,1,35,6,3,38,98,1,39,14,5,1,14,29,202,25,1,0,0,33,0,2,25,29,18,3,105,1,16,83,9,15,13,9,217,30,229,10,516,20,5,132,0,0,25,9,11,73,35,85,12,153,60,17,0,18,307,91,8,1,0,64,72,79,2,10,0,0,2,1,55,13,18,0,0,37,312,12,27,1,5,2,6,950,78,1083,49,15,105,18,36,62,0,33,22,54,2,17,28,88,9,11,9,8,7,1,2,18,3,77,6,16,303,14,28,37,3,70,1,0,1,34,0,0,133,9,293,135,0,4326,16,0,55,0,0,0,14,1,3,1,125,0,0,8,18,127,7,22,3,1228,0,1,12,25,103,3,65,0,79,10,22,155,80,125,25,83,33,11,13,24,95,5,73,0,0,5,53,52,18,2,17,388,22,0,6,17,2,21,5,19,8,216,49,60,2,13,0,61,121,23,55,24,5,8,11,0,440,1378,195,25,69,0,193,323,11,29,125,84,0,9,64,12,281,0,2682,43,15,52,0,8,51,1,24,3,12,31,8,103,107,34,61,0,419,0,7,0,11,0,13,84,3,25,9,6047,65,28,23,3,16,37,4,44,120,2,38,92,2,10,388,46,25,13,0,36,69,241,1,28,74,0,0,0,26,33,8,0,10,49,98,2,61,57,12,0,4,96,152,2,9,35,69,451,12,78,46,29,3,31,1,0,79,1,34,16,0,82,9,0,270,9,28,0,0,68,75,0,4,0,8,90,0,6,10,30,13,125,1,40,55,23,40,123,0,2,0,15,167,22,0,82,0,155,58,143,39,24,3536,23,2,8,26,8,29,73,0,201,0,5,60,7,20,1150,3,51,88,0,364,68,712,0,13,36,79,36,6,30,140,35,76,2682,24,0,0,227,79,12,151,25,143,28,3,6,2,107,19,1,0,10,1,0,47,0,104,55,35,24,205,113,1500,0,27,106,141,3,44,15,0,67,48,29
cell_234,16,0,1,90,19,0,54,5,59,162,50,9,218,23,93,32,47,0,9,2,102,119,19,20,25,7,0,13,22,13,43,13,42,83,7,764,80,46,270,38,152,200,17,28,1,587,0,19,20,394,6,14,138,1,77,164,18,5,54,0,9,88,7,27,29,0,94,50,10,74,13,21,76,28,3,50,29,0,12,47,9,8,9,87,101,70,3,0,0,50,3,0,58,37,26,14,75,2,70,109,69,5,0,8,208,20,244,15,280,22,12,170,4,1,32,1,0,46,31,51,35,20,57,4,1,39,266,47,12,1,1,2,267,39,25,45,0,0,13,0,161,6,10,55,13,84,158,1,2,4,0,13,0,2089,3,1644,23,0,188,25,20,131,0,30,8,282,9,72,29,165,40,0,22,12,6,4,0,35,3,41,11,61,253,47,28,17,7,58,49,0,0,6,0,6,248,8,60,1,23,6639,0,0,74,2,0,17,1,18,226,10,5,0,0,41,22,37,10,24,0,394,3,4,6,42,60,2,87,0,35,24,39,95,16,58,32,56,14,14,7,28,75,1,31,0,0,16,39,5,40,24,4,115,61,0,16,63,6,0,56,23,15,152,11,23,5,8,7,75,69,20,4,15,3,36,26,17,178,1631,5,72,30,5,138,209,1,30,374,224,4,9,58,0,233,0,3422,13,2,22,12,10,4,1,19,0,20,77,16,152,107,50,15,3,618,1,9,8,18,2,3,8,90,3,64,4436,17,87,23,19,36,35,37,10,30,3,25,75,2,0,259,85,51,17,0,23,27,191,0,48,20,12,16,6,27,10,7,65,50,26,38,3,173,93,28,0,0,9,46,11,53,82,65,817,10,96,21,31,2,37,5,50,144,11,32,0,5,122,0,2,17,2,0,0,10,27,75,19,1,4,7,94,9,3,35,8,1,2,4,69,12,9,37,7,0,0,1,7,33,39,0,38,0,61,44,130,11,22,863,28,0,0,31,58,88,53,3,49,0,26,26,1,26,2,13,311,69,0,198,131,447,85,39,111,93,333,3,17,11,13,25,836,13,0,2,109,84,35,3,35,33,17,3,16,9,8,21,4,131,22,2,10,102,80,105,27,46,50,332,19,1169,2,4,77,64,16,135,8,0,64,0,50
cell_235,2,13,2,93,19,0,15,17,67,63,31,75,118,1,13,3,63,2,13,8,107,94,9,0,23,2,9,95,16,3,48,13,38,11,6,297,0,23,271,21,86,114,40,30,4,432,1,53,23,257,18,15,100,15,24,65,0,5,10,3,5,102,19,26,64,16,108,26,0,55,13,39,33,10,5,48,10,0,8,43,32,3,16,74,246,45,12,1,0,9,0,5,13,0,54,25,138,3,58,71,63,2,5,1,203,46,177,0,404,4,70,191,1,7,68,48,35,51,23,116,108,33,2,93,0,26,118,182,6,2,2,1,156,16,2,31,0,4,6,0,103,26,12,2,0,82,187,0,9,0,1,5,0,1493,18,1080,16,0,106,39,43,84,0,13,21,175,13,23,56,61,113,2,32,35,19,60,0,23,12,99,10,33,311,71,23,1,7,68,69,0,4,5,5,0,236,5,278,0,1,5782,2,17,42,1,0,0,10,29,131,0,5,0,0,71,18,69,16,7,0,439,2,3,15,9,102,3,35,0,56,1,20,123,63,12,24,85,17,39,0,80,26,0,24,0,0,82,16,70,38,2,6,56,56,0,10,102,0,9,74,28,3,280,5,6,6,51,119,226,78,24,11,15,7,8,18,5,121,1253,19,34,9,0,141,234,4,19,251,178,1,13,63,5,361,0,2169,11,52,55,4,13,12,0,5,8,8,88,14,18,92,58,27,0,761,0,16,14,0,1,0,65,151,35,15,5410,83,82,17,58,74,47,85,36,29,8,72,36,3,7,447,51,66,43,1,41,42,201,4,13,83,0,8,0,83,10,11,2,25,0,56,4,38,21,6,0,0,10,109,6,9,49,26,508,0,113,4,44,7,1,2,43,140,1,18,2,5,133,0,96,69,6,2,20,19,5,75,15,0,0,9,118,2,49,27,46,5,2,2,48,33,20,91,12,0,0,2,1,107,34,1,5,0,99,26,87,22,34,530,7,0,0,7,44,72,73,7,31,1,3,80,4,54,866,0,39,42,0,22,89,610,0,26,66,73,197,1,11,53,39,48,3461,3,0,0,24,91,71,244,50,28,23,3,20,12,20,57,14,101,16,2,0,51,38,126,57,45,51,335,18,1379,10,22,30,90,12,78,55,0,112,122,60
cell_236,9,1,18,61,30,1,53,31,54,21,22,22,139,9,48,17,60,4,21,6,101,80,24,3,47,6,0,58,18,12,43,90,50,38,33,298,231,15,263,17,60,89,66,21,7,341,5,31,13,262,1,0,42,16,55,143,30,3,10,0,0,18,19,0,40,21,47,14,0,40,0,14,62,12,0,19,38,0,23,35,10,15,15,79,196,46,4,0,0,43,0,0,8,44,14,21,143,3,93,49,35,2,16,15,101,27,79,44,366,0,57,86,10,1,65,31,26,44,34,38,3,34,28,6,7,27,244,324,6,2,1,1,126,24,17,34,0,1,10,2,94,33,15,0,0,26,143,2,35,0,0,4,4,1131,110,1238,12,1,112,27,41,31,0,43,2,158,7,28,52,138,0,1,13,30,46,6,2,25,21,72,13,39,268,69,20,4,8,71,26,100,5,3,0,0,165,9,41,0,18,4807,2,0,19,0,0,1,2,31,89,4,105,0,0,48,32,88,3,25,17,430,2,1,3,51,82,0,68,0,62,14,92,26,103,152,27,120,29,36,1,2,68,0,17,0,0,44,35,131,33,1,4,242,58,0,37,67,0,6,42,36,22,216,19,9,0,28,39,140,87,24,5,7,3,6,16,4,280,1519,53,5,22,0,134,205,6,69,260,179,1,3,74,2,311,3,2359,48,14,93,7,20,6,0,112,0,3,91,21,59,102,72,11,1,855,0,13,18,12,0,9,68,21,3,11,5459,12,11,7,3,86,30,38,36,20,4,3,176,3,15,77,57,39,24,0,12,48,0,5,47,90,23,26,0,11,39,16,14,299,5,64,1,44,134,19,0,0,13,84,11,14,44,64,652,0,74,35,27,7,20,1,17,140,1,27,0,1,256,2,0,0,3,1,7,45,21,32,17,1,0,10,39,3,8,18,18,46,75,7,51,70,21,67,23,0,2,3,19,24,65,5,70,0,105,69,127,31,43,548,74,0,0,33,74,111,87,0,166,0,28,34,18,18,43,9,72,106,0,119,104,1254,2,5,52,106,278,4,21,446,56,60,1830,8,21,14,44,92,29,194,14,68,18,1,17,6,67,38,0,72,0,13,0,158,11,115,71,69,44,340,39,1660,2,20,44,91,9,128,24,4,69,158,0
cell_237,14,0,17,38,25,0,37,38,77,143,22,23,145,13,0,32,58,23,8,4,49,86,13,27,13,2,1,119,22,10,40,4,328,31,11,621,3,19,169,8,178,77,19,28,1,134,0,0,1,61,6,8,53,3,37,91,10,4,9,8,3,102,11,34,18,11,24,67,20,48,13,8,20,27,1,72,59,0,20,47,24,0,11,87,243,5,5,0,0,43,9,4,33,0,19,37,42,0,49,89,2,15,0,3,170,17,63,21,736,2,4,62,3,8,87,35,55,72,17,79,70,35,37,150,0,31,154,273,11,5,12,2,73,62,0,19,0,7,7,0,53,59,2,0,23,13,346,2,7,0,4,2,5,1343,35,1074,79,0,131,25,68,32,0,63,9,87,2,93,24,42,0,9,15,34,6,1,2,24,5,103,10,34,288,54,25,9,30,53,0,95,2,17,0,7,142,10,114,98,24,4385,6,0,53,0,0,23,11,12,118,0,152,17,3,34,43,26,5,4,0,1271,18,0,0,9,93,1,59,1,18,19,49,135,44,174,17,10,23,57,26,34,59,9,8,1,5,26,60,40,9,3,12,0,6,1,4,6,0,7,19,21,25,229,73,28,0,11,3,90,96,17,16,89,22,4,9,3,364,1140,44,16,0,4,154,347,32,42,149,88,0,12,91,21,290,3,2414,73,3,51,4,9,12,4,87,9,7,11,11,138,57,21,17,0,413,1,19,18,5,1,4,11,74,14,3,6107,26,38,14,20,62,45,30,69,84,3,31,56,23,37,297,73,35,8,13,26,72,199,1,39,68,0,10,0,48,23,5,0,114,16,105,38,165,112,48,0,30,21,126,11,10,37,35,443,13,120,11,28,8,13,2,25,101,1,25,5,1,105,1,0,261,2,21,0,0,69,110,8,2,0,11,117,10,5,11,11,0,94,3,41,0,22,10,66,0,1,6,7,32,23,16,36,0,139,47,71,43,41,4056,7,0,6,26,1,5,64,34,17,3,34,59,44,28,220,0,51,31,0,172,53,430,0,19,76,44,67,4,12,56,50,51,3461,14,4,26,41,78,76,175,32,93,2,10,37,1,2,5,13,80,7,3,0,36,30,101,39,80,31,235,12,1493,1,40,83,139,5,11,15,2,134,167,64
cell_238,1,1,24,77,3,9,53,47,119,98,21,7,172,2,35,29,62,17,6,6,89,4,8,6,26,14,0,175,23,3,46,23,102,32,6,173,163,32,156,2,70,88,20,24,1,27,0,7,0,196,3,35,32,18,16,123,13,1,5,9,2,22,67,39,22,13,37,17,8,55,4,13,62,29,0,34,227,12,34,6,38,0,15,88,171,2,19,0,0,60,4,3,147,0,0,24,56,5,19,89,59,0,0,5,172,50,122,4,784,3,35,144,5,3,103,42,50,56,25,105,81,39,129,134,10,29,50,77,2,0,6,9,72,38,5,26,0,1,19,1,62,59,23,41,0,0,329,1,7,18,12,31,0,1538,41,1110,85,0,113,29,81,65,0,10,16,189,7,93,39,180,11,0,25,4,11,12,0,31,6,84,16,26,264,56,35,1,2,9,105,16,5,2,0,18,172,14,28,0,26,4776,2,0,44,0,0,13,2,33,134,0,132,4,0,45,61,55,10,55,0,1235,2,0,7,14,94,6,70,0,32,4,17,106,35,30,12,7,14,12,3,43,23,2,2,6,1,41,59,159,25,7,26,187,7,0,51,1,0,5,41,35,114,297,5,5,5,17,18,332,90,18,3,10,16,8,10,1,366,1172,5,4,2,15,177,311,50,27,150,110,2,0,81,39,306,1,2427,76,44,58,12,10,1,0,29,14,19,70,18,139,131,4,2,3,382,0,18,6,45,3,8,1,133,1,15,5905,48,66,1,4,50,19,43,59,141,10,57,93,34,22,270,66,28,13,39,37,65,151,7,30,65,24,37,4,28,297,2,24,68,5,19,44,170,38,28,0,24,5,108,14,26,54,43,417,6,99,51,12,20,22,1,20,104,0,26,2,0,64,17,0,93,0,2,22,10,51,128,24,0,0,3,130,18,2,60,55,0,42,3,32,6,19,63,51,3,5,9,32,50,24,17,42,0,121,74,97,51,48,3965,9,2,15,30,0,64,48,47,88,0,2,60,16,0,928,26,360,106,0,465,59,604,0,22,106,102,110,6,19,455,7,53,2003,3,136,4,32,52,120,203,39,157,2,2,20,2,108,36,9,187,7,2,0,16,1,109,65,69,17,255,35,1360,4,21,30,129,3,35,37,0,45,13,64
cell_239,1,0,14,54,31,0,54,6,248,19,31,24,149,5,115,1,61,12,5,0,101,70,4,6,39,38,0,89,15,21,22,1,173,17,47,525,71,24,178,31,38,18,33,34,15,275,0,3,4,273,1,19,114,25,24,28,2,3,12,5,0,96,61,15,21,0,115,61,0,40,1,5,0,73,1,47,66,15,35,48,13,0,8,86,245,18,2,0,0,40,1,1,64,1,15,44,95,3,37,88,16,19,4,12,158,13,242,9,496,1,8,181,6,3,12,40,6,85,34,60,85,20,33,86,0,27,245,44,9,0,2,0,81,38,10,23,0,5,67,3,54,42,15,0,15,53,293,0,1,1,3,9,7,1312,34,1100,7,0,67,27,44,67,0,36,18,138,6,60,31,116,23,5,24,55,30,25,1,30,29,100,1,58,266,29,24,58,31,76,2,9,12,3,4,0,157,7,249,0,3,4435,31,0,37,0,0,15,1,27,166,6,88,3,0,33,33,109,31,35,0,1262,19,5,0,23,65,0,43,0,57,7,15,103,72,210,13,67,39,12,0,44,23,6,38,0,0,17,61,83,21,0,1,325,15,0,6,20,0,5,12,24,28,210,0,4,0,23,53,266,115,25,14,12,26,6,22,22,410,1302,16,2,14,0,164,314,10,35,138,122,0,6,85,2,244,0,2429,26,3,48,8,4,11,0,52,5,5,84,19,108,103,5,25,0,379,0,15,5,30,2,2,32,7,4,6,6165,92,1,29,1,25,34,43,46,121,1,22,74,35,11,379,45,45,65,2,43,53,135,3,22,69,0,4,0,30,44,12,4,141,0,27,4,184,107,25,0,1,64,139,5,19,55,74,392,0,93,58,24,5,38,1,43,108,1,31,1,0,134,0,0,198,2,14,0,22,36,93,9,1,2,11,85,1,20,12,6,54,117,8,40,38,36,73,95,0,0,3,25,137,10,0,57,0,150,82,80,2,37,3697,3,0,0,29,31,12,76,13,109,4,18,44,10,26,249,16,76,79,0,278,41,692,249,17,100,115,54,7,17,233,42,108,2696,26,5,11,36,92,19,211,25,123,26,0,2,5,53,24,0,57,0,0,0,78,13,95,86,42,24,170,56,1315,1,23,6,125,2,76,33,0,73,53,43
cell_240,8,3,17,78,17,0,28,10,39,80,33,93,102,23,18,34,55,4,33,21,101,51,25,2,43,8,0,27,20,11,36,14,181,5,42,75,85,26,309,33,287,191,10,19,1,40,0,85,8,92,17,46,88,2,68,92,0,6,7,7,2,57,7,0,54,23,73,30,0,41,21,0,53,14,2,53,34,5,25,24,3,2,8,92,179,21,1,0,0,33,8,5,30,0,3,44,87,7,39,25,165,10,0,0,128,12,114,27,467,8,71,137,9,7,90,51,25,44,20,66,86,65,38,95,18,22,59,25,2,1,0,2,76,16,6,11,0,3,3,0,77,27,17,0,18,60,179,5,26,0,3,22,0,891,164,1181,79,2,120,29,30,23,0,49,10,196,2,109,58,158,0,13,9,25,15,27,0,21,13,129,8,42,308,77,27,9,2,73,23,0,2,7,0,5,212,7,132,0,20,5145,7,0,42,0,0,4,3,28,106,0,2,0,0,49,29,57,0,22,1,473,6,1,48,30,101,1,79,0,36,1,61,87,67,19,35,126,15,19,10,38,141,8,18,3,3,13,44,60,59,18,19,49,26,0,39,88,4,8,18,6,37,247,45,6,5,12,11,278,84,13,6,5,4,9,15,0,278,1401,1,15,16,36,130,255,5,11,210,184,2,5,32,1,263,0,2487,34,33,113,10,10,14,0,43,0,15,69,7,90,119,15,5,13,800,5,19,24,4,9,5,17,78,5,35,5448,84,101,15,31,34,43,72,43,54,4,71,56,19,44,301,89,43,5,6,59,49,22,0,64,84,6,40,0,39,63,8,0,285,76,11,0,47,94,6,2,27,14,85,15,18,41,60,612,6,97,34,35,34,11,0,2,21,7,20,0,0,297,32,0,42,4,15,7,25,116,71,32,0,0,0,99,16,23,63,18,0,37,6,43,11,16,75,15,9,0,8,49,23,3,5,20,0,67,78,103,57,40,563,15,0,18,26,89,120,53,13,212,3,19,108,16,11,499,16,139,81,0,112,127,1375,0,29,14,107,101,0,44,165,37,43,477,11,26,20,65,58,24,44,32,65,9,0,0,0,44,48,0,223,8,5,11,58,18,117,30,41,33,281,14,1629,8,14,20,80,0,48,13,0,62,15,35
cell_241,29,4,10,44,28,10,54,3,106,37,33,53,155,9,37,19,61,3,15,7,74,46,19,0,25,20,0,117,31,8,44,14,35,32,2,567,3,33,174,2,213,157,16,22,1,281,0,2,7,242,12,29,123,21,65,37,5,0,21,12,0,20,96,0,18,48,96,4,0,64,28,14,76,12,5,67,87,0,19,32,2,0,6,20,0,16,24,0,0,20,5,6,35,0,23,16,79,0,54,73,23,5,0,3,71,37,235,24,391,0,38,130,1,9,23,1,42,90,20,89,128,21,60,49,0,16,370,273,6,0,3,0,76,74,4,17,0,3,0,0,50,47,26,19,1,47,356,0,0,0,9,19,2,702,70,1090,68,0,95,31,45,87,0,32,41,72,3,43,31,173,1,1,11,28,16,0,0,17,22,103,69,8,297,58,23,11,19,33,93,0,0,5,1,0,198,3,69,8,16,4196,0,0,46,0,0,11,6,24,144,0,2,0,0,17,36,90,6,39,19,1207,7,5,4,21,92,0,64,1,7,5,50,127,33,46,23,35,28,22,1,54,37,0,20,4,0,10,44,57,13,2,37,80,6,14,20,20,0,21,28,15,68,223,8,0,1,12,101,373,99,7,39,8,22,2,14,3,448,1251,29,21,20,7,155,286,13,30,151,94,0,6,60,1,260,0,2369,24,7,21,17,6,11,2,75,15,11,94,15,114,145,6,26,1,432,0,17,7,9,6,2,113,123,14,4,6204,18,26,26,32,70,43,42,37,27,0,37,69,1,25,155,56,39,47,0,63,59,13,2,42,78,0,27,0,27,36,10,2,99,10,43,0,163,105,11,0,36,26,121,24,4,8,41,394,11,84,8,39,15,61,0,0,92,4,23,0,0,8,9,0,196,1,0,0,1,68,62,17,2,0,3,113,13,25,34,12,0,6,4,45,1,18,18,136,0,0,1,1,55,28,7,167,0,113,65,44,6,50,3815,17,0,7,36,1,33,72,4,103,0,18,49,6,71,1033,0,127,113,0,155,56,623,0,17,85,74,135,4,42,3,14,118,3716,2,0,7,97,96,54,0,35,80,22,0,0,5,63,43,12,55,5,16,0,127,16,103,60,90,28,280,23,1585,2,28,43,152,7,33,21,3,162,67,68
cell_242,21,9,8,59,26,1,38,31,3,54,26,37,129,1,5,7,56,3,5,14,70,57,17,20,8,2,0,69,21,10,30,13,79,12,20,639,104,13,138,28,211,164,25,40,4,150,0,35,1,217,2,15,135,0,100,121,4,0,23,10,7,9,52,0,4,0,29,7,2,56,8,5,111,4,0,43,128,1,28,13,9,5,14,87,0,7,1,0,0,13,15,11,37,44,6,34,58,13,110,64,11,14,2,13,135,31,169,3,772,10,43,150,16,4,37,0,40,26,15,31,14,16,138,21,0,19,386,145,5,1,12,0,74,58,2,4,0,5,16,1,55,45,36,0,67,9,345,4,11,6,6,4,2,2965,102,1136,148,15,133,27,4,66,0,6,8,70,8,22,23,141,0,12,5,5,25,1,6,25,5,77,27,25,294,22,27,4,24,74,97,0,0,7,0,0,155,31,20,10,3,4808,10,0,38,0,0,25,5,18,97,0,192,0,0,36,12,13,13,7,0,1318,3,2,10,14,82,0,78,0,43,14,39,127,92,55,47,58,42,33,12,81,27,14,21,4,4,4,43,43,22,23,28,496,12,0,57,7,5,20,18,6,11,268,87,18,1,21,42,253,64,34,25,65,9,15,2,0,425,1058,15,2,22,17,174,316,2,9,108,89,7,0,66,4,261,0,2336,16,40,39,11,5,22,1,138,8,13,68,10,114,87,41,15,0,428,1,14,40,3,0,6,59,102,73,12,6231,78,20,28,4,63,14,35,47,98,6,39,218,5,9,337,89,33,0,0,67,28,0,3,33,85,1,30,0,26,33,17,14,29,39,15,3,54,18,3,0,19,6,109,25,9,23,72,403,23,37,6,31,4,47,0,0,109,5,38,8,0,36,2,9,238,3,15,22,0,0,72,28,0,0,0,32,25,0,20,21,0,66,2,46,49,10,39,89,0,0,2,2,64,0,6,245,0,105,33,103,31,29,3756,34,0,27,36,0,91,79,3,109,2,44,73,13,24,1189,0,157,103,0,23,70,595,0,39,46,65,111,5,8,213,28,36,1149,14,0,3,93,53,42,28,34,128,20,3,10,3,26,31,8,57,7,10,11,138,95,85,30,86,19,260,58,1589,3,47,114,111,9,19,39,3,52,12,47
cell_243,21,0,14,46,16,2,39,21,140,216,22,4,159,3,10,23,72,0,0,0,76,129,13,0,29,5,0,81,26,16,58,3,100,75,12,225,185,26,169,33,64,155,78,24,0,188,3,37,40,225,0,19,101,11,23,49,2,0,3,4,0,36,76,11,0,0,66,15,13,54,8,0,70,28,0,36,204,3,13,8,4,1,10,97,154,10,3,0,0,49,4,1,17,55,10,40,71,11,76,64,14,17,0,6,260,34,213,10,763,10,6,129,0,3,80,0,54,42,18,87,59,38,41,152,0,31,53,84,8,0,8,3,81,20,7,22,0,4,9,2,65,53,19,0,3,11,329,0,4,1,6,9,0,3317,41,1066,51,2,94,23,34,101,0,30,8,61,1,57,32,46,8,10,5,0,8,17,5,14,8,25,14,13,287,20,11,25,28,101,62,161,3,18,0,1,162,17,4,7,8,3724,0,0,35,0,0,10,2,24,141,0,141,6,0,18,14,32,3,38,0,1178,1,1,3,23,92,1,59,3,91,2,17,102,272,291,28,109,37,9,3,22,30,9,29,0,0,66,15,92,8,4,35,550,17,0,14,27,0,17,36,6,61,185,24,42,1,14,0,256,107,27,4,19,12,29,16,28,358,1398,2,19,12,0,175,303,12,20,102,82,3,0,86,0,249,4,2497,1,3,35,8,8,8,0,78,1,2,102,22,123,131,42,12,5,405,0,12,6,12,19,0,10,36,43,25,6281,39,94,24,12,57,25,34,17,97,2,46,231,0,0,94,22,38,17,0,23,23,0,1,42,15,24,25,78,34,104,10,4,31,9,52,0,11,59,20,0,6,2,143,16,6,40,107,443,0,75,46,13,25,28,0,0,75,10,33,2,0,238,3,0,260,1,4,0,6,225,123,41,1,0,13,37,7,0,59,46,0,8,5,44,23,23,64,138,2,1,9,26,25,30,20,36,0,75,28,53,2,6,3855,38,5,0,11,47,30,71,11,45,0,12,20,13,34,94,7,160,142,0,266,61,645,6,36,102,102,120,7,41,280,44,93,2965,15,27,14,51,71,58,125,20,166,3,0,19,1,58,33,13,184,20,18,0,63,88,109,9,111,31,206,17,1440,6,14,34,138,2,61,37,17,136,19,44
cell_244,33,0,13,53,2,0,44,50,38,143,24,11,124,1,41,26,63,1,0,6,80,135,3,3,11,0,0,186,21,16,43,56,46,61,10,130,109,20,185,2,17,59,49,39,2,291,0,26,29,214,0,1,103,8,147,51,12,0,29,17,19,76,16,0,20,17,10,18,5,49,25,2,132,11,0,17,102,0,30,2,7,3,9,68,279,15,8,0,0,9,0,7,14,46,3,11,73,4,85,85,10,2,2,5,187,23,224,2,794,6,17,119,3,3,89,0,44,63,37,84,54,6,61,76,0,18,113,135,30,2,1,102,70,10,16,19,0,8,13,4,46,17,18,0,20,41,334,0,9,0,1,14,3,4923,77,1141,12,0,90,44,40,53,7,57,7,34,0,98,41,152,0,4,2,23,5,13,7,27,7,92,28,64,290,43,10,24,30,87,38,256,0,5,0,22,155,35,6,3,7,4510,0,0,57,0,0,0,9,22,54,1,162,0,0,63,7,10,3,19,0,1251,13,9,1,23,46,4,70,0,37,4,64,60,240,217,15,40,37,34,21,50,11,6,17,1,0,58,41,40,0,5,20,110,9,0,16,3,0,10,39,18,69,172,49,8,4,42,0,209,131,12,21,18,13,31,2,17,390,1193,48,12,12,1,212,310,2,14,119,108,1,7,78,33,254,16,2663,2,19,75,4,10,1,0,11,16,1,51,21,127,112,62,10,0,453,7,10,4,22,0,6,22,51,5,6,6135,87,107,15,3,62,26,39,25,150,13,13,186,0,0,93,34,53,10,0,4,60,0,3,42,57,5,14,7,40,79,8,5,21,35,33,0,52,62,16,0,5,55,134,20,3,22,16,452,9,88,9,11,7,29,1,0,93,2,27,1,0,244,3,0,0,0,3,0,68,132,91,5,0,0,4,24,12,3,8,37,0,40,2,34,20,18,25,48,7,3,5,32,71,6,9,168,0,103,41,84,7,27,4016,39,0,29,24,71,3,78,10,0,2,9,12,17,57,1046,11,17,90,0,90,42,424,0,40,90,96,148,9,17,35,99,46,605,15,3,20,4,70,3,204,23,106,23,0,17,1,63,45,15,128,7,4,0,117,13,103,27,119,25,144,47,1539,1,5,69,145,5,95,38,0,154,131,78
cell_245,15,0,24,61,18,0,70,17,89,60,16,55,159,18,1,44,71,1,0,10,67,58,16,0,12,8,0,48,20,16,37,63,85,23,7,463,521,23,170,32,30,209,15,30,2,311,4,19,46,147,2,19,128,27,72,93,1,6,32,0,0,96,44,12,24,21,99,37,0,44,38,25,73,18,0,22,154,0,20,25,1,0,14,71,220,1,12,0,0,43,1,17,30,0,1,40,67,19,109,98,86,3,5,0,176,24,169,36,770,11,48,122,2,4,47,8,53,69,22,55,143,7,109,117,0,34,99,294,8,0,4,0,62,72,26,17,0,14,5,1,55,51,19,0,6,3,345,4,9,6,12,5,2,2399,43,1049,60,0,119,26,71,41,0,23,36,162,1,47,33,137,0,9,22,12,74,4,1,25,19,94,4,87,310,48,21,14,4,64,45,0,3,5,0,1,99,4,258,0,28,4401,38,0,30,0,0,18,7,37,26,3,5,0,0,7,59,61,14,29,0,1305,2,0,0,30,47,3,19,1,29,1,64,116,121,67,33,52,28,30,30,90,214,0,17,0,0,1,43,113,16,14,4,541,16,0,36,12,0,13,9,7,82,145,45,12,2,44,25,432,107,32,5,15,2,8,17,4,422,1240,114,16,4,4,138,304,19,28,140,81,0,0,51,0,287,0,2287,41,4,24,9,12,9,1,48,0,13,92,15,69,126,24,17,0,378,0,19,4,2,0,4,93,152,1,18,6193,0,42,11,48,29,15,40,66,88,10,78,59,2,42,197,74,72,6,4,21,63,159,6,39,73,0,14,2,30,75,13,0,13,10,62,1,206,63,24,0,22,5,107,10,36,38,10,433,0,108,19,27,7,7,2,51,36,1,32,0,0,282,17,9,165,5,6,0,0,258,108,9,2,0,2,49,7,2,46,25,0,30,16,46,44,21,32,16,0,6,1,31,35,0,4,136,0,119,75,114,17,36,3320,19,17,0,39,26,82,70,0,305,2,13,60,24,1,830,12,64,89,0,234,64,709,0,35,95,40,121,1,46,317,64,112,2252,22,10,4,62,46,37,213,36,151,19,1,6,1,39,20,1,112,0,3,0,167,2,90,153,46,13,267,62,1402,0,6,31,84,6,69,30,0,123,166,26
cell_246,20,1,5,54,24,13,61,13,62,73,26,50,134,5,0,16,59,17,2,33,83,111,15,15,17,4,1,103,21,3,40,9,39,16,6,500,5,18,155,16,210,122,15,27,4,216,0,8,16,194,20,6,90,22,95,27,4,1,7,3,3,111,81,2,22,16,56,5,53,55,25,11,77,20,0,28,79,5,17,34,25,0,16,81,0,11,0,1,0,45,0,4,43,0,14,49,103,0,87,63,32,4,1,4,59,15,216,15,780,0,12,150,5,6,47,0,10,80,35,83,26,85,95,142,1,34,311,110,2,0,2,16,68,42,5,17,0,8,3,3,53,51,27,0,1,9,308,3,41,0,7,8,0,2998,76,1156,12,1,111,27,33,59,0,62,8,38,5,75,31,82,0,20,4,36,14,16,0,25,7,78,32,41,296,32,27,6,11,86,96,0,0,0,0,1,164,23,126,26,18,4590,9,0,39,0,0,4,12,4,89,0,184,0,0,18,37,80,16,35,0,1204,0,3,8,8,83,1,55,2,58,3,52,140,78,72,24,90,45,35,8,9,60,7,45,0,0,51,65,84,13,22,14,447,13,0,10,40,0,9,8,25,21,209,40,2,0,16,14,157,104,12,25,37,24,1,3,4,432,1142,43,29,11,2,168,254,3,27,120,86,3,10,65,0,310,0,2362,4,71,107,1,8,10,1,53,0,15,65,14,110,126,10,18,0,393,0,25,19,9,0,3,90,85,64,16,5783,101,8,13,7,22,21,21,50,5,12,92,30,48,23,314,87,23,11,0,52,69,28,2,52,70,8,29,62,38,36,12,5,7,1,52,0,92,37,33,0,10,22,138,6,6,30,13,349,15,34,29,35,4,6,0,3,96,5,17,10,0,40,5,0,131,2,0,4,5,407,90,10,1,0,5,81,1,14,49,48,0,53,5,28,0,28,29,105,3,1,1,29,130,1,20,54,0,129,72,114,48,20,3818,18,0,30,38,10,47,56,5,130,0,26,58,40,1,308,4,124,135,0,246,64,610,19,5,93,117,96,2,24,101,76,71,2694,3,0,0,114,42,30,199,38,96,30,0,13,1,21,18,16,20,2,1,4,96,67,123,29,84,24,250,8,1434,5,16,110,136,1,30,40,0,128,121,60
cell_247,3,0,4,60,18,0,51,45,126,38,17,7,145,21,6,12,64,2,2,17,77,43,5,0,8,8,0,105,12,22,36,55,139,29,10,367,106,36,139,30,87,150,10,32,0,296,0,22,2,233,3,0,91,36,140,158,14,2,11,3,0,33,10,1,28,14,81,22,0,49,28,5,146,45,1,17,133,0,9,22,1,0,8,73,186,7,6,0,2,58,0,2,20,4,8,33,73,0,103,44,87,7,0,11,160,38,204,17,545,0,10,62,12,3,78,2,46,45,14,22,132,9,70,147,0,34,220,113,28,2,17,0,72,54,11,26,0,20,16,0,63,29,32,33,9,0,353,5,0,1,2,13,7,3001,39,1170,22,1,90,14,45,46,0,8,15,83,0,73,30,157,23,1,18,10,13,7,6,27,1,95,24,46,287,40,33,35,13,64,66,154,14,1,0,8,155,0,165,6,23,4085,20,0,44,0,0,3,6,29,117,2,215,3,0,12,32,73,2,41,0,1216,1,15,3,29,55,6,38,0,71,5,31,53,95,83,19,70,3,23,6,69,119,12,40,0,0,6,52,32,24,4,15,259,25,0,10,5,0,6,30,17,60,156,76,10,2,42,10,334,125,20,3,14,15,32,11,4,427,1306,27,13,6,1,195,315,19,17,113,98,4,2,75,34,273,3,2398,67,1,3,9,9,2,2,78,0,5,87,28,57,102,32,11,0,458,1,23,26,16,0,29,33,45,3,29,6370,49,55,7,2,64,63,50,16,114,21,26,96,0,0,98,46,64,5,0,33,62,11,0,45,27,1,37,14,60,112,11,0,27,3,2,0,27,28,24,0,34,45,133,1,11,12,39,374,3,76,21,24,28,35,0,10,75,6,25,1,0,141,14,70,1,1,2,0,0,130,111,2,0,0,14,89,1,2,72,46,0,27,6,30,109,14,100,5,6,0,0,11,8,2,7,226,0,110,72,88,25,35,3938,11,2,5,33,0,4,65,20,144,1,7,8,4,25,70,1,515,130,0,31,53,502,2,18,115,121,122,11,50,790,39,102,2015,17,0,2,63,75,124,46,43,72,4,4,13,5,47,23,4,193,19,5,0,85,18,114,104,112,21,303,1,1369,1,0,108,150,7,53,18,7,111,41,49
cell_248,2,0,13,33,22,2,52,18,63,96,24,30,158,14,13,10,46,3,6,21,77,47,9,1,35,4,0,11,18,8,22,23,108,33,7,336,146,19,118,36,193,60,1,25,6,263,0,2,23,242,2,27,112,20,32,44,0,0,11,3,2,21,27,5,29,28,58,37,0,48,14,0,2,63,1,61,41,0,23,24,36,1,15,107,268,13,1,0,0,48,20,5,155,28,3,29,61,6,24,85,50,23,0,11,73,18,215,17,680,2,43,159,1,3,77,12,50,73,26,63,19,114,84,77,0,31,328,206,8,0,0,0,49,15,6,3,0,9,11,2,35,40,30,0,3,4,322,4,28,8,0,8,1,3396,47,1101,70,10,125,32,24,59,0,36,17,79,0,42,37,150,7,0,33,18,11,0,0,26,26,113,37,34,313,46,20,6,4,54,60,0,1,2,0,8,179,22,184,4,21,4535,0,0,46,0,0,2,1,38,133,0,119,0,2,37,43,129,0,25,0,1187,6,1,2,16,38,3,40,4,8,6,32,135,54,194,27,54,43,12,21,92,51,28,52,2,0,7,63,189,20,8,13,294,10,0,46,43,2,15,35,19,53,232,40,14,1,6,25,307,96,16,29,47,14,4,15,0,413,1369,15,10,6,2,192,295,4,57,135,108,0,1,72,3,273,0,2256,8,9,55,1,14,6,0,91,0,17,51,11,101,116,0,18,3,421,7,9,20,10,0,7,21,64,85,13,6239,48,17,13,17,35,57,42,55,10,4,58,110,0,25,313,60,54,6,0,51,61,0,0,40,74,15,22,4,25,96,14,2,275,1,19,0,80,139,6,0,26,11,137,7,17,21,65,391,4,91,6,16,9,14,0,14,65,7,33,1,5,17,16,10,158,11,7,0,27,99,73,20,0,0,0,72,3,3,79,2,0,102,16,35,2,32,52,8,16,0,10,12,97,3,23,105,2,144,71,103,48,51,3977,22,1,13,36,9,67,79,2,302,2,21,48,12,50,112,1,100,131,1,169,72,645,1,56,68,117,116,0,53,23,45,76,3046,20,3,3,56,70,49,206,30,28,18,0,0,0,6,34,13,98,0,14,4,141,32,101,76,76,31,242,59,1242,0,42,42,109,4,16,43,24,143,65,46
cell_249,9,0,1,53,24,0,48,15,46,253,27,5,112,1,1,25,63,6,0,0,68,144,39,20,19,0,7,101,17,11,58,7,5,19,21,407,580,28,166,6,196,59,9,25,2,333,0,8,11,221,7,25,111,10,119,28,5,0,2,1,27,63,107,11,4,27,103,68,0,68,12,4,72,27,1,12,37,4,30,38,1,1,12,103,173,6,0,0,0,48,5,11,76,0,4,27,92,3,52,36,37,1,2,14,235,20,212,1,667,3,5,136,9,8,42,5,47,61,27,105,132,101,75,126,0,29,14,85,22,1,0,0,82,26,3,4,0,4,28,3,55,48,21,5,1,50,337,4,3,3,0,22,1,3158,49,975,44,2,59,24,8,23,0,45,4,28,5,66,43,123,6,30,10,15,3,16,1,22,1,120,4,29,268,22,24,23,38,84,12,131,0,4,0,8,179,11,120,134,9,3945,8,0,36,0,0,5,16,9,136,0,24,0,3,40,17,1,11,45,0,1215,24,1,4,15,73,2,52,0,114,4,36,147,249,63,36,93,30,20,5,30,66,4,55,0,0,18,10,55,19,12,0,184,23,0,8,18,4,6,32,4,32,173,29,57,1,51,0,355,89,5,14,38,19,18,19,24,364,1425,45,3,2,0,185,255,11,24,125,103,2,13,74,0,261,0,2435,10,12,93,3,8,6,3,135,0,5,78,7,32,100,4,14,0,392,5,9,6,4,5,4,92,1,11,27,6525,98,89,5,1,86,40,39,36,123,4,35,45,50,10,215,40,70,5,0,20,72,26,3,39,92,36,20,10,29,39,2,2,57,5,39,0,154,81,27,0,0,18,126,7,19,52,52,423,10,17,55,25,5,19,0,12,79,1,26,8,0,124,0,1,118,12,1,4,0,70,111,7,2,0,25,22,9,0,100,32,0,12,3,43,18,34,46,47,1,0,8,6,69,34,2,83,2,61,36,92,60,13,2591,13,4,0,27,27,24,71,13,46,4,11,51,5,22,1235,1,1,118,0,314,66,703,0,36,79,84,24,5,46,15,53,77,3116,4,3,0,60,23,1,211,39,107,19,0,50,6,65,5,14,141,0,4,1,73,101,122,45,92,32,37,17,1648,1,1,70,129,1,66,53,0,116,38,60
cell_250,28,2,16,54,17,0,50,113,77,75,23,32,150,10,200,7,46,5,5,16,81,43,6,11,36,12,0,48,15,9,42,42,54,17,13,154,4,19,135,0,96,25,64,21,18,163,0,10,13,217,2,31,71,6,50,158,1,20,5,2,1,56,54,0,22,36,75,11,43,50,13,23,80,0,5,49,228,10,31,21,17,0,16,84,227,15,2,0,0,62,1,6,3,150,1,50,121,1,12,66,44,8,0,8,165,24,146,11,714,15,8,100,7,6,61,46,48,73,14,66,62,164,113,79,0,23,62,0,15,0,2,6,75,22,0,22,3,7,17,3,35,41,14,0,14,37,299,3,11,9,10,18,1,1671,19,1113,25,4,106,41,47,80,0,51,0,111,6,107,32,140,10,1,7,9,17,32,0,23,6,52,20,60,290,30,20,7,26,77,107,54,0,6,0,3,164,4,34,6,12,4121,0,0,13,0,0,0,9,32,105,1,13,1,0,47,43,10,25,11,0,1270,0,16,4,56,73,4,68,10,18,4,39,127,152,313,18,72,38,3,79,46,29,10,118,0,0,79,20,63,6,20,12,377,10,0,65,91,0,2,19,29,3,205,63,1,0,23,37,292,118,14,36,26,10,26,18,5,407,1268,58,51,30,2,158,239,21,52,124,105,1,1,70,1,297,0,2371,46,3,83,6,17,3,4,111,0,12,69,13,99,141,7,11,1,412,0,20,0,3,0,7,34,79,2,24,5981,86,23,16,22,67,5,36,52,52,1,5,202,41,0,164,51,63,8,0,22,44,205,0,44,74,0,26,0,3,86,9,2,12,2,82,0,102,98,23,0,19,52,129,2,23,22,101,309,9,103,35,30,6,56,1,4,119,8,24,3,0,170,8,0,105,2,2,24,16,0,119,46,3,0,10,37,6,4,23,19,39,0,0,15,42,32,54,85,3,8,1,9,54,6,6,86,0,136,16,121,46,46,3621,3,7,28,11,37,13,82,7,39,0,23,66,3,5,1461,1,31,87,0,123,29,119,107,27,91,114,81,2,46,101,109,111,3117,19,23,5,103,68,2,212,20,116,16,9,34,2,27,24,1,95,2,1,2,25,4,85,40,84,34,128,57,1353,0,37,26,100,1,76,12,0,89,62,56
cell_251,2,0,3,66,32,9,42,39,49,19,22,51,114,5,41,4,55,57,17,20,73,90,7,30,26,3,1,61,20,8,49,69,25,27,18,560,419,22,127,34,96,101,14,31,12,237,0,49,22,225,6,28,114,12,45,82,11,0,9,1,3,81,25,0,29,11,84,25,3,58,2,17,38,2,0,42,106,13,28,23,13,5,18,56,241,5,0,0,0,9,0,0,147,81,57,40,91,3,49,77,35,4,0,13,119,19,229,23,509,13,32,145,2,4,110,17,45,78,9,108,100,60,113,37,0,20,39,258,4,1,9,1,81,21,0,15,0,5,2,0,42,46,35,20,17,81,352,1,37,17,8,14,1,4781,48,1039,32,1,129,34,22,50,0,17,5,112,1,61,11,153,10,3,6,10,7,0,3,15,34,92,15,4,275,61,24,8,26,70,2,26,2,5,0,0,207,4,37,1,26,4213,3,0,32,0,0,12,17,6,134,0,183,0,0,20,8,71,14,54,4,1127,5,1,1,24,106,2,80,0,17,10,28,123,174,308,11,107,42,40,0,254,62,10,52,0,0,69,59,26,15,7,13,673,14,15,45,67,0,17,4,18,56,206,36,6,0,16,99,192,53,13,30,2,3,10,15,1,342,1378,9,9,66,11,186,307,41,19,116,91,0,6,76,3,296,0,2545,21,3,85,4,15,4,1,116,2,14,46,13,112,105,33,52,2,410,0,7,20,8,23,0,115,67,0,21,6317,34,77,38,33,234,24,32,81,141,25,26,51,4,0,235,59,36,4,1,42,74,177,8,32,60,1,0,0,29,92,2,2,15,47,7,12,178,75,3,4,16,1,112,13,27,47,26,427,3,67,17,29,3,36,0,30,76,5,23,1,0,147,1,21,256,7,3,22,48,199,63,15,0,0,6,67,3,2,42,39,0,58,5,48,21,27,46,76,1,9,0,3,21,32,1,84,0,116,48,117,54,39,3728,6,1,0,10,21,44,73,27,79,0,15,60,20,64,530,0,57,94,0,108,53,666,0,41,97,90,72,8,4,160,78,88,3929,30,1,27,30,78,5,152,33,78,3,8,5,7,35,30,20,4,5,5,0,56,27,73,14,120,24,229,89,1660,5,15,118,127,13,48,22,5,89,133,63
cell_252,7,6,12,39,21,0,55,5,95,12,22,48,119,5,0,8,56,2,36,0,102,114,1,10,42,4,4,65,12,13,47,10,21,22,24,150,184,17,146,40,218,97,24,29,1,289,0,42,15,181,23,28,70,14,15,31,6,0,28,5,10,41,18,8,25,0,79,45,1,20,7,2,56,82,0,6,1,5,3,40,10,19,11,84,254,5,4,0,0,11,12,1,46,4,32,48,101,4,110,74,15,16,0,9,149,16,232,1,632,4,10,171,2,9,107,18,46,49,41,36,1,49,122,148,0,22,131,83,0,0,3,1,86,6,16,4,3,3,5,2,62,56,29,93,1,19,308,0,40,3,3,19,0,628,37,1010,161,1,57,16,11,60,7,12,0,19,2,108,37,137,15,0,25,64,21,7,1,16,20,109,5,11,261,42,24,19,38,86,52,0,6,9,0,14,160,23,25,2,18,4394,26,5,45,0,2,3,3,19,129,0,56,0,0,18,8,110,1,50,5,1142,0,0,4,72,95,3,65,1,11,1,17,107,74,277,26,108,43,28,6,88,117,6,30,1,4,35,49,145,30,19,16,241,5,10,38,16,0,12,3,7,53,199,35,0,0,23,17,102,100,28,7,36,3,1,12,0,368,1325,0,35,5,7,182,325,3,22,127,92,4,3,82,8,272,9,2339,29,2,38,2,9,4,1,78,1,3,37,14,88,125,34,42,3,434,8,19,1,12,0,3,80,58,16,32,6337,108,27,2,19,168,18,60,14,0,1,24,36,0,0,365,59,70,9,5,63,38,0,1,41,22,20,24,10,57,268,11,0,20,19,12,4,43,53,8,0,15,0,144,17,43,22,93,322,5,101,87,9,11,20,0,14,25,1,26,13,6,249,8,0,176,2,0,1,58,146,96,21,2,0,4,108,7,4,136,34,65,2,14,34,8,36,111,37,0,0,8,7,31,6,15,290,0,61,43,74,72,24,2908,15,6,35,47,0,71,79,39,13,0,8,43,45,14,588,6,316,72,0,274,62,328,0,30,36,105,112,5,26,141,80,52,1837,15,6,23,114,70,41,189,29,23,5,1,37,3,101,33,4,224,10,2,1,45,161,33,5,68,24,251,55,1752,4,38,53,108,4,104,31,6,120,90,25
cell_253,8,0,4,51,27,10,67,36,48,31,7,6,153,17,0,31,52,11,6,2,66,51,16,1,43,10,5,131,18,11,35,41,215,96,24,433,112,24,160,33,173,163,7,33,6,287,4,14,61,231,0,30,73,11,115,57,9,7,0,5,9,41,12,12,19,28,15,45,7,56,2,3,123,12,1,44,44,9,28,41,4,9,20,83,215,2,19,0,0,55,13,5,134,0,27,28,57,4,116,49,91,7,0,11,172,27,230,9,457,0,24,54,4,9,62,9,41,75,0,94,115,15,42,108,3,32,27,3,2,9,4,2,73,22,10,6,1,2,10,3,47,41,18,0,4,16,258,1,40,4,4,35,1,4335,10,1087,11,1,104,18,37,66,0,52,3,98,0,31,22,118,39,4,8,19,14,7,7,32,5,94,29,30,306,38,25,13,7,59,67,0,13,2,0,1,218,8,46,16,28,4038,9,0,43,0,0,12,7,23,114,0,76,0,2,51,6,86,11,48,0,1293,38,0,8,18,21,1,16,2,40,7,48,105,16,88,26,69,1,27,26,180,87,18,37,3,5,95,47,16,20,30,24,186,4,19,22,25,1,11,29,4,102,248,48,2,4,0,1,317,106,17,11,37,8,28,10,3,443,1291,56,10,17,3,172,290,3,71,142,84,8,6,62,6,316,2,2335,34,0,113,1,3,7,3,95,0,28,67,16,11,113,10,11,2,453,1,14,39,18,9,5,1,85,108,29,5744,80,86,9,15,44,31,18,77,6,7,85,35,0,0,260,11,18,7,3,22,55,169,4,53,21,28,29,141,21,93,5,2,17,1,1,0,58,29,50,0,28,22,138,9,5,30,47,357,10,65,9,5,6,5,2,20,111,0,26,1,8,161,9,2,120,6,0,8,67,55,121,25,0,4,8,102,2,1,30,25,0,13,13,36,19,33,15,73,16,0,3,39,14,7,3,170,1,60,23,79,58,29,3724,23,2,27,53,37,26,47,50,47,2,34,66,0,11,340,20,131,155,0,169,62,595,105,30,89,104,65,4,68,299,21,105,1578,4,6,0,123,93,122,200,33,10,10,3,29,0,82,39,9,231,2,9,1,58,53,87,214,85,30,248,0,1594,3,35,46,79,4,33,59,3,85,127,62
cell_254,25,13,6,61,17,0,58,13,35,155,28,41,141,5,40,7,43,47,10,6,83,121,1,46,27,3,0,43,8,5,47,12,72,7,14,181,235,12,201,13,50,16,59,30,1,254,0,11,16,241,9,33,117,7,144,148,0,1,7,8,1,107,33,5,30,0,106,0,4,54,10,29,34,6,5,38,109,2,33,27,95,9,14,69,18,11,5,0,0,10,0,4,29,0,51,16,79,3,44,60,85,0,0,22,181,36,181,0,722,6,45,147,1,1,57,25,35,66,19,96,68,160,29,17,0,30,148,7,0,4,10,2,84,21,2,30,0,3,0,0,40,40,22,0,10,51,335,0,1,7,7,19,0,1892,78,1123,22,0,76,33,24,23,0,43,0,35,0,79,34,169,3,0,7,31,6,10,4,27,14,105,12,17,304,43,18,27,9,87,16,115,0,6,0,2,196,3,91,0,3,4264,23,2,44,5,1,2,16,30,144,2,1,0,0,42,19,55,5,40,0,1245,1,20,26,40,92,1,58,0,62,4,16,118,172,28,20,97,57,16,3,95,23,0,13,0,0,9,66,6,17,22,34,22,11,0,8,74,0,6,20,19,110,227,3,0,2,51,65,328,108,4,27,0,3,31,13,0,58,1364,10,20,13,0,168,310,20,5,129,115,12,8,53,0,264,0,2436,13,18,43,9,2,13,0,120,0,7,81,21,93,111,33,37,2,402,0,6,32,3,0,6,15,9,14,30,6021,99,88,30,58,84,28,29,24,121,0,20,98,0,0,232,67,55,47,1,39,15,9,0,20,72,0,12,0,47,171,11,0,249,62,25,0,180,179,5,0,0,8,138,4,4,35,62,406,2,60,32,18,10,8,2,35,26,2,31,0,12,96,9,0,212,1,0,14,72,375,95,8,0,0,7,46,1,8,77,44,0,41,7,45,7,35,14,46,7,4,0,5,80,42,47,38,0,87,39,62,0,41,3810,1,0,0,24,26,80,71,14,40,0,6,55,33,35,32,6,67,15,0,315,54,265,0,87,82,95,137,0,21,882,106,91,262,14,0,33,109,61,5,93,13,144,25,0,0,9,3,13,19,57,0,3,11,80,4,41,5,86,33,177,39,1501,2,14,72,133,2,106,8,1,16,6,11
cell_255,58,7,5,59,33,7,41,1,108,47,25,39,182,5,3,25,53,10,5,9,58,55,18,0,25,4,0,126,18,6,43,36,110,74,17,497,182,23,143,39,60,128,22,33,0,322,0,10,1,196,4,0,101,22,70,87,2,17,28,17,0,33,95,18,17,20,86,2,0,55,9,25,94,25,0,25,117,0,17,25,17,0,14,83,0,10,4,0,0,26,0,8,11,2,18,37,74,0,62,59,76,13,12,14,193,25,243,31,633,0,32,76,5,8,24,3,31,54,35,81,90,42,4,78,4,38,90,40,1,7,3,0,73,101,5,35,0,3,16,2,36,60,19,0,17,34,161,5,18,1,8,20,2,534,24,1059,16,20,108,28,81,81,0,77,3,90,4,30,23,96,9,5,5,2,12,25,2,31,22,105,5,19,298,43,26,13,2,77,0,2,2,12,0,1,136,10,80,33,7,4833,20,0,49,0,0,5,20,5,54,0,150,0,10,47,57,1,23,48,0,1208,10,4,6,16,12,0,46,0,75,7,57,69,30,86,18,53,33,45,1,158,77,1,41,0,1,0,48,126,8,24,23,431,39,0,1,35,0,20,39,19,40,221,69,1,1,31,10,246,103,26,10,58,12,10,9,27,386,1195,103,0,28,0,145,299,10,28,141,113,5,1,3,40,281,0,2454,43,63,54,21,22,3,0,132,0,2,70,11,119,130,15,42,0,382,5,19,13,0,0,5,144,1,4,3,6109,72,53,16,6,106,41,37,61,94,0,35,93,10,0,39,10,39,2,0,11,54,137,9,45,69,0,22,0,49,226,15,0,55,8,21,7,84,64,25,0,48,30,93,7,3,40,40,388,6,0,12,25,12,28,16,6,98,1,41,9,0,26,8,0,29,7,0,35,0,243,82,5,0,0,3,32,0,5,28,26,0,127,6,43,15,28,9,51,6,1,0,5,147,4,12,258,0,129,80,81,75,37,3685,31,0,15,36,70,8,65,3,282,2,2,53,27,17,98,22,95,81,0,14,59,583,6,67,76,43,72,3,29,232,86,78,2871,1,0,12,76,88,34,203,21,133,36,3,6,1,64,35,17,5,0,2,10,106,5,113,69,102,9,57,0,1353,0,38,112,107,0,87,11,10,133,71,63
cell_256,45,0,5,53,20,0,53,63,97,75,25,53,155,10,10,57,58,7,25,13,59,158,4,28,10,6,5,38,28,18,32,39,165,2,24,244,49,27,184,9,69,88,29,28,9,152,5,14,0,255,11,31,63,25,139,138,12,2,7,1,0,92,10,0,8,2,32,26,0,51,40,2,114,9,6,39,239,0,31,0,83,0,14,112,240,25,0,0,0,49,24,16,35,74,24,29,22,4,126,85,28,0,0,10,234,26,175,3,372,3,17,155,2,9,130,1,13,68,15,85,18,29,130,99,14,13,276,17,11,0,17,0,78,23,23,9,0,2,7,0,63,58,25,2,39,51,329,1,17,0,6,5,1,2415,99,988,105,0,109,19,12,43,0,19,3,53,2,30,42,155,0,13,15,0,48,0,1,18,14,76,13,64,282,43,22,14,41,78,50,24,19,17,0,2,184,4,150,0,22,4079,2,0,47,0,0,4,2,8,137,4,179,5,0,49,37,8,6,26,0,1127,0,8,0,54,83,0,76,2,15,5,41,68,62,375,5,88,41,16,6,18,56,13,87,0,1,77,59,100,25,14,4,577,10,0,44,57,0,12,6,19,110,102,69,2,0,12,31,447,119,23,4,35,11,4,13,16,385,1621,3,6,117,0,80,268,14,48,137,99,3,1,71,39,287,2,2336,49,0,86,1,9,7,0,2,0,4,81,1,140,101,29,9,0,413,9,24,19,8,0,18,154,22,13,28,6575,36,23,1,16,83,25,43,22,32,3,20,123,17,15,18,51,56,5,0,40,28,13,0,45,78,2,19,15,79,22,14,7,93,8,102,6,75,79,4,0,28,22,134,14,51,27,31,403,6,90,88,29,19,21,0,7,88,0,28,8,2,290,2,0,30,6,2,23,19,554,110,9,0,0,14,67,5,4,93,6,5,27,21,34,40,17,44,19,20,8,10,15,14,19,0,26,0,157,74,86,18,21,3304,20,0,0,26,24,31,80,0,152,0,37,28,20,0,759,4,86,132,0,140,74,598,0,3,71,66,28,7,57,181,106,80,4223,16,0,45,69,70,0,206,40,122,3,0,20,5,37,12,0,0,4,5,0,124,66,97,43,76,23,290,6,1432,2,13,39,136,2,78,0,6,35,116,54
cell_257,38,32,23,68,8,0,37,16,114,147,17,12,149,21,37,0,53,17,1,7,70,99,7,14,48,2,4,58,19,9,41,45,485,38,21,293,407,26,216,37,34,54,21,33,1,321,0,15,19,207,15,18,136,4,108,18,5,8,8,15,0,127,19,6,23,0,109,38,17,41,8,15,31,25,2,14,17,0,21,34,27,0,10,109,247,10,12,0,0,32,0,0,11,0,23,23,105,0,67,28,101,2,0,4,202,26,138,24,453,3,8,62,5,0,105,7,38,91,33,85,16,42,44,84,0,17,85,0,32,2,3,1,74,53,1,8,2,0,7,0,62,50,22,0,10,33,397,1,0,0,3,9,11,5613,39,1149,17,0,77,27,36,28,5,71,4,140,0,43,32,100,7,1,7,30,6,2,2,25,12,90,34,37,262,33,31,50,4,93,96,22,0,8,0,0,154,4,155,113,2,5266,7,0,20,0,0,1,6,22,20,2,10,0,0,49,28,78,4,19,0,1106,0,0,2,17,37,3,64,0,18,4,51,109,204,331,29,60,53,15,7,85,165,12,12,0,0,67,64,8,27,0,29,58,22,0,3,6,4,1,2,26,7,161,11,47,0,26,0,143,113,12,18,9,13,20,22,16,386,1095,66,20,4,0,178,304,16,24,107,97,0,9,83,26,280,2,2460,27,2,122,2,8,5,4,23,0,4,59,13,105,155,52,17,0,440,0,8,46,20,0,1,88,15,34,28,6379,12,90,9,34,21,15,36,85,21,28,45,118,0,0,331,23,4,24,0,51,59,171,0,39,56,10,11,4,39,130,10,1,104,38,36,0,34,90,28,0,3,55,151,12,14,13,19,372,12,120,16,21,9,27,0,31,128,12,24,1,0,52,17,0,167,2,11,0,8,88,97,7,3,0,6,29,3,13,0,43,2,204,11,19,71,35,18,32,1,0,1,29,139,10,13,142,1,157,76,100,16,18,3795,9,0,15,7,54,48,66,7,62,3,11,59,14,79,12,20,266,68,0,91,57,119,0,5,70,65,104,11,52,274,72,89,2213,21,0,178,19,39,24,129,38,126,35,2,0,0,28,12,1,8,9,1,0,94,21,75,49,59,27,170,48,1721,1,25,53,158,0,49,59,0,79,70,6
cell_258,24,4,15,56,20,15,61,23,209,96,27,56,141,9,54,7,56,7,0,12,80,53,11,11,17,3,0,123,25,7,52,75,163,41,12,530,634,23,154,51,89,62,2,33,2,60,0,22,31,231,28,21,105,35,68,11,0,0,21,14,3,62,51,2,8,0,86,1,2,25,11,12,94,26,1,16,37,4,26,26,13,1,16,87,264,15,8,0,0,51,2,6,41,2,12,61,66,3,24,88,46,21,9,8,227,12,191,16,714,1,23,158,2,10,56,26,49,86,24,98,65,46,77,71,0,12,56,7,6,0,4,2,78,42,15,9,0,6,2,3,63,47,10,0,2,66,270,0,2,2,6,6,0,4050,85,1121,49,0,34,25,28,17,0,37,0,72,2,92,22,107,1,0,7,82,28,3,0,23,16,102,7,82,281,59,20,39,5,76,0,36,0,8,6,0,164,10,46,0,16,4473,9,0,27,0,0,10,10,24,125,0,193,0,24,18,38,61,12,34,11,1284,1,7,3,19,54,2,18,0,57,0,47,75,71,33,9,77,39,14,0,98,18,0,4,0,0,35,60,45,14,7,8,429,24,21,16,58,0,23,8,20,72,223,62,13,0,32,10,344,93,22,12,3,14,4,13,17,456,1077,17,13,9,5,146,285,4,16,135,85,9,19,46,42,272,0,2179,7,23,101,13,4,3,0,131,1,5,98,14,25,79,11,28,1,453,0,24,24,11,2,8,148,14,12,17,6208,64,56,13,21,147,17,23,25,112,1,39,35,6,70,299,37,73,15,27,26,61,218,2,36,65,2,35,6,25,35,6,6,41,14,21,6,56,17,11,0,23,5,149,19,13,25,82,433,1,89,32,6,28,39,0,19,69,3,24,2,8,45,7,24,88,0,0,27,82,113,87,4,13,0,2,46,4,3,56,55,17,104,3,38,19,33,41,92,11,0,7,26,74,7,24,157,0,105,62,95,19,21,3693,7,0,0,61,18,38,45,8,204,3,12,55,16,22,1711,8,194,132,0,27,52,549,0,20,46,87,109,5,16,197,55,54,3370,8,19,36,159,83,23,176,24,115,5,0,15,1,32,45,3,81,11,2,16,121,85,89,135,74,27,272,19,1596,0,17,42,39,0,39,16,16,90,125,67
cell_259,7,0,14,59,19,7,40,57,25,30,15,60,148,6,119,36,33,21,1,9,87,72,18,25,16,16,0,112,27,14,34,0,43,41,13,597,6,11,176,0,169,117,14,34,10,201,0,10,8,216,4,15,123,2,118,63,7,1,12,10,7,111,46,7,25,0,86,7,0,55,31,1,19,49,2,22,21,0,15,56,40,0,10,93,163,16,8,0,0,48,2,9,12,0,6,36,93,1,105,28,27,3,9,7,61,24,178,3,783,8,27,187,4,3,63,0,26,35,19,73,26,75,105,12,0,25,175,162,2,1,1,3,76,14,18,24,0,2,3,0,35,47,29,0,11,16,293,0,5,0,1,4,7,336,41,1193,99,0,99,30,56,65,0,42,0,72,4,57,37,99,38,5,22,50,7,0,1,29,12,32,2,18,285,46,26,28,36,20,23,0,0,10,0,0,197,23,192,0,10,4871,5,1,48,0,0,22,3,19,110,0,87,3,0,10,53,57,11,32,0,1116,0,0,0,57,75,0,61,4,18,7,16,118,57,146,12,29,31,39,1,19,35,7,90,0,0,46,65,66,16,7,14,478,8,7,39,14,0,18,11,26,33,208,54,15,0,43,5,112,90,26,50,43,21,11,21,1,426,1133,24,45,18,3,178,284,15,26,121,109,1,4,80,25,288,0,2318,20,20,7,0,9,19,0,123,33,9,68,22,90,149,3,18,1,390,0,10,5,5,2,7,73,60,25,3,6221,66,12,43,27,47,29,38,44,17,6,18,137,3,26,313,103,63,21,4,69,59,271,1,36,77,20,25,0,19,135,12,14,19,1,20,1,77,32,31,0,21,41,151,10,10,8,89,424,21,41,26,34,3,106,0,0,31,8,29,0,0,43,10,0,134,1,4,4,14,38,98,14,6,0,5,108,4,21,49,36,0,20,11,37,16,7,80,38,11,14,2,9,49,27,11,394,0,107,72,96,26,43,3812,16,1,0,22,8,18,79,1,263,0,13,60,17,0,1252,0,145,132,0,127,68,271,0,28,90,89,130,5,5,40,70,79,2816,3,0,1,46,75,22,184,49,66,19,0,0,8,49,37,11,224,2,6,0,54,1,100,52,67,29,282,70,1543,1,31,51,126,7,40,40,8,69,139,56
cell_260,15,0,5,53,16,0,33,13,272,35,9,55,138,4,25,31,63,42,26,19,72,38,26,14,49,18,0,39,21,12,36,107,24,39,33,456,0,15,188,52,69,17,25,23,11,18,1,17,3,224,17,21,77,6,135,171,0,14,7,8,3,116,101,6,28,29,98,13,38,44,11,8,114,8,5,54,212,0,20,27,44,0,7,63,199,11,9,0,2,68,6,11,33,0,47,31,105,9,75,71,50,1,18,0,116,9,157,14,376,0,10,108,0,13,50,0,0,86,20,65,123,127,50,80,1,16,210,280,0,0,12,27,74,16,3,24,0,5,7,1,44,65,15,28,3,10,332,1,0,4,5,30,5,3131,4,1077,35,3,59,26,43,66,4,3,15,126,1,46,39,105,7,16,10,28,3,16,2,29,22,48,50,25,264,47,18,53,8,45,68,44,4,10,0,2,146,1,439,0,22,3729,23,0,47,0,0,25,6,7,118,3,4,6,12,34,16,42,23,39,2,1150,5,3,0,7,81,1,67,2,26,4,17,136,104,190,11,140,25,21,0,73,99,0,31,0,0,27,56,60,19,1,0,12,30,4,12,21,0,7,21,22,47,200,82,2,0,15,81,309,130,17,15,58,4,9,7,19,311,1541,26,31,17,0,155,292,2,17,62,102,7,6,27,0,243,3,2463,33,0,60,3,0,0,7,23,0,13,89,13,154,71,32,28,12,402,2,12,0,3,0,34,80,22,2,9,6487,14,43,8,37,40,21,30,30,136,3,6,61,9,14,97,37,42,33,0,44,38,161,2,27,76,1,32,3,36,29,5,2,93,1,65,0,209,129,18,0,15,26,131,0,4,45,29,398,6,75,35,39,10,27,13,48,112,3,33,20,0,268,0,46,301,2,0,10,6,262,79,15,0,0,0,113,0,18,37,3,0,2,8,46,10,26,71,144,7,0,4,26,29,10,12,86,2,84,79,79,73,49,3932,4,0,0,49,10,1,41,20,156,0,10,17,17,3,1941,0,94,82,1,55,92,531,4,9,100,122,39,5,45,132,85,113,1911,14,0,18,93,60,81,178,44,134,22,9,6,8,68,13,10,93,15,0,3,32,15,93,88,101,4,211,21,1455,5,6,87,88,5,77,46,4,23,89,45
cell_261,12,9,3,30,18,8,42,49,79,93,20,13,134,10,10,37,60,11,10,13,43,128,17,52,21,5,0,11,25,23,53,72,14,24,10,642,282,28,94,17,157,109,13,31,18,157,3,3,3,252,0,4,140,34,59,39,6,0,19,16,4,13,81,5,22,16,58,16,0,49,14,0,56,52,0,57,66,1,31,29,8,11,12,70,218,10,14,0,0,50,1,5,19,54,20,39,129,1,21,66,19,2,2,25,115,25,176,25,335,2,13,158,6,2,129,3,50,57,31,94,7,72,3,69,0,24,483,228,6,2,1,0,64,21,5,42,0,9,9,1,34,51,19,0,22,40,270,1,29,0,4,18,5,4474,101,1146,51,0,77,26,13,12,0,28,7,31,7,68,38,115,31,8,1,1,13,8,2,22,5,88,78,23,291,31,15,47,40,74,53,13,0,10,0,0,150,4,93,161,21,3980,12,1,22,0,0,13,5,20,130,1,200,0,0,41,3,21,7,41,0,1065,2,0,2,8,60,7,69,0,85,6,43,132,43,232,4,23,50,18,33,91,36,0,20,0,0,33,69,24,7,4,7,0,4,0,4,46,0,10,9,14,65,197,9,13,1,36,17,196,85,24,3,9,3,6,10,0,424,1367,49,12,78,1,159,229,12,21,119,88,3,0,75,44,260,7,2369,7,2,22,0,9,16,0,55,0,6,58,10,142,126,14,17,2,421,3,16,8,7,35,9,142,6,23,35,6390,13,22,30,102,16,21,12,48,89,3,25,76,21,39,122,28,47,13,7,45,52,1,2,41,90,28,20,5,47,115,5,3,242,0,60,40,104,157,1,0,0,16,135,11,7,28,75,394,1,2,23,25,6,46,0,40,44,3,34,16,6,68,35,0,279,2,0,0,47,119,19,25,3,0,19,40,10,3,90,53,2,58,6,41,18,28,31,163,7,5,1,6,107,9,8,223,0,103,65,77,8,55,3932,47,0,1,59,57,57,67,53,179,2,4,31,33,58,62,0,183,138,0,8,72,708,91,21,61,55,65,0,51,399,67,59,3550,13,1,5,31,74,89,205,35,70,28,6,22,2,10,1,4,175,0,15,6,100,8,70,9,90,24,191,48,1576,1,24,20,122,1,3,33,17,126,118,45
cell_262,12,0,6,60,21,0,39,11,144,223,22,26,112,5,168,28,52,19,1,8,82,37,14,24,11,5,0,94,28,17,50,21,23,28,45,156,270,19,168,24,82,107,46,20,5,185,0,31,11,241,20,24,108,29,52,52,13,0,2,17,28,69,126,5,39,24,73,25,2,51,19,8,80,24,0,6,189,0,17,13,8,0,4,106,38,13,6,0,3,44,0,7,42,2,9,26,26,0,106,76,69,4,0,4,153,42,220,3,592,4,20,132,3,10,24,15,50,86,23,33,83,32,68,62,0,29,112,174,4,0,8,2,55,22,8,20,0,5,6,2,65,44,21,7,8,23,322,3,14,2,3,21,5,255,21,1026,40,11,85,27,35,37,0,6,26,23,1,56,36,102,7,10,2,6,15,2,3,23,6,63,52,14,213,42,40,15,17,21,12,0,1,3,3,0,177,9,103,72,24,4215,11,1,27,0,1,12,6,9,137,2,133,6,1,28,34,70,9,56,0,1155,8,0,0,28,78,3,47,5,37,4,14,138,205,123,16,84,8,64,1,158,98,20,53,2,0,61,32,184,21,5,28,88,37,0,23,13,0,18,18,24,89,148,61,6,1,45,14,186,92,23,15,11,20,7,13,0,411,1284,43,11,17,1,187,277,7,11,82,99,2,1,69,1,286,0,2423,65,3,77,2,12,5,2,32,1,4,52,14,129,155,3,2,3,445,0,17,1,3,11,14,59,7,33,21,6371,63,108,22,9,27,34,9,20,102,9,71,92,1,50,201,49,23,0,0,31,89,52,4,33,34,0,27,0,46,320,5,0,72,7,10,4,14,77,8,0,30,5,145,1,5,25,72,438,6,80,47,26,14,19,0,0,83,6,34,4,2,288,8,0,118,7,9,30,1,187,61,11,0,0,8,83,0,0,19,34,1,54,14,39,18,22,70,97,40,0,11,26,91,17,12,84,0,119,79,18,23,26,3300,3,1,1,16,0,19,54,4,320,0,8,54,14,45,1774,6,107,75,0,369,40,605,0,33,60,107,54,3,53,16,52,91,1251,18,2,0,100,85,15,159,41,131,25,1,46,6,108,19,5,103,16,2,0,49,89,106,33,81,18,235,61,1605,1,17,97,97,3,103,12,5,160,4,42
cell_263,13,6,3,45,10,3,49,64,19,148,22,4,145,12,0,23,47,3,52,18,63,15,4,4,11,5,0,103,20,12,35,114,88,59,4,666,97,20,195,27,61,147,13,30,5,332,1,40,9,219,0,10,131,11,40,122,0,0,8,18,6,12,9,1,7,6,8,16,5,55,25,2,121,99,1,56,19,0,33,0,1,0,21,68,209,27,7,0,0,40,12,2,9,0,2,36,88,0,76,53,58,6,0,13,207,31,230,15,391,2,17,108,9,3,16,0,53,78,31,41,17,26,78,127,0,33,572,0,0,6,0,0,66,24,22,15,1,3,30,5,72,44,26,0,15,0,315,2,7,0,3,31,1,3535,124,1072,78,0,109,25,40,16,1,27,13,22,0,65,30,112,0,2,1,38,7,0,1,29,2,98,78,58,294,39,26,13,13,43,62,28,0,3,0,1,156,9,41,0,19,4200,3,0,16,0,0,0,4,29,96,0,156,0,0,53,21,114,9,23,0,1113,0,0,2,62,46,0,38,0,39,4,65,106,116,248,30,97,14,36,3,47,97,42,9,0,0,36,66,54,5,1,3,186,9,0,51,15,0,9,3,23,54,166,66,18,1,41,24,311,98,32,30,13,12,26,8,0,378,1362,156,57,46,39,189,274,2,34,131,95,4,2,78,12,235,1,2335,30,6,64,1,4,0,0,86,0,12,43,18,3,98,48,13,1,458,2,24,14,7,0,17,84,10,3,9,6349,105,41,10,80,17,3,54,14,107,19,35,125,0,21,336,72,70,18,0,53,58,0,4,45,77,16,30,6,45,19,9,0,41,9,12,0,181,80,15,1,0,20,128,7,49,34,13,331,20,89,18,30,2,28,0,13,87,2,30,1,0,293,17,0,37,8,0,0,103,130,142,7,3,0,8,39,30,7,69,19,0,73,7,28,117,34,7,64,0,5,0,0,104,6,0,210,0,91,4,126,25,29,3031,37,0,3,33,26,49,104,9,10,3,15,35,10,59,846,0,105,126,0,42,35,623,0,100,77,113,68,4,44,72,97,67,2749,20,2,1,101,77,36,214,36,54,23,0,27,0,19,13,1,218,9,15,0,144,0,68,3,96,23,300,16,1711,0,35,124,147,0,68,43,0,100,73,35
cell_264,13,0,1,53,26,0,59,111,178,45,31,45,160,9,14,12,66,41,29,4,86,1,3,17,15,21,0,47,15,20,32,61,73,66,23,574,87,23,179,26,69,77,15,33,6,292,1,6,19,235,7,1,115,4,37,128,3,0,30,13,0,101,59,7,19,10,77,16,8,44,6,3,116,12,3,66,154,0,18,6,15,0,19,92,278,10,0,0,0,58,3,2,29,3,13,36,117,2,35,91,60,9,1,15,212,1,203,7,490,17,15,110,1,3,36,5,54,91,39,20,15,133,140,0,0,26,436,0,0,0,0,0,86,22,35,19,0,1,12,4,28,1,28,0,6,17,390,0,14,7,3,24,1,1209,100,1036,54,4,90,29,30,68,0,14,2,29,0,91,43,135,2,3,17,5,28,1,6,24,11,76,42,54,270,21,18,76,2,84,89,2,0,14,0,0,169,25,43,0,13,4428,12,0,27,0,0,3,7,10,137,0,17,0,0,30,34,96,12,48,0,1213,0,0,3,35,41,1,78,1,47,5,8,125,247,187,34,92,40,8,1,296,202,4,30,1,2,13,87,27,20,1,14,306,15,0,18,57,0,0,1,24,25,176,79,5,0,37,0,331,113,28,26,41,1,25,17,0,365,1262,110,32,130,0,191,309,1,22,160,93,0,9,83,11,278,3,2439,14,2,61,0,10,0,0,41,0,16,42,15,130,117,41,21,0,455,0,7,1,12,0,14,133,0,4,21,6153,10,68,4,3,39,23,28,30,130,11,74,61,45,1,303,64,41,8,0,44,72,9,11,29,8,29,27,0,57,246,8,1,13,45,50,0,62,33,26,0,16,41,121,5,47,44,38,443,4,88,72,32,15,41,0,20,100,4,30,2,0,223,17,0,120,0,0,2,0,198,120,17,2,0,6,9,3,12,73,36,93,14,22,49,27,31,86,15,13,0,0,27,18,6,9,262,0,91,33,96,50,47,2883,11,25,0,63,3,76,63,2,297,3,8,70,20,52,233,0,97,132,0,39,23,594,0,92,80,118,75,4,33,38,73,82,3336,18,0,46,128,88,83,18,34,67,28,0,0,1,44,16,0,48,8,1,8,162,1,97,52,88,24,269,30,1555,0,37,110,137,0,111,43,4,141,138,44
cell_265,28,0,6,56,23,0,58,12,59,107,23,47,159,5,0,48,49,7,0,3,80,113,5,9,3,7,0,97,19,12,38,0,68,22,5,624,8,29,175,43,51,180,10,28,12,280,1,17,18,253,0,27,120,7,69,7,13,0,41,1,4,81,40,0,17,49,81,14,0,53,7,3,66,10,0,57,178,0,28,18,0,0,21,84,259,15,0,0,0,60,0,1,36,27,32,40,75,0,58,92,9,6,0,25,262,21,164,12,424,1,6,135,6,15,47,0,0,50,19,53,37,68,121,129,1,13,192,269,49,0,20,28,55,86,4,11,0,2,2,0,53,51,14,0,15,29,295,1,5,3,1,13,2,2576,87,1009,86,4,123,20,39,76,0,14,5,67,7,27,37,63,0,2,1,7,20,21,3,31,14,107,5,29,291,36,25,10,39,88,89,2,2,1,0,1,178,9,58,0,30,4555,37,1,50,0,0,11,0,17,121,0,139,3,4,29,29,57,24,20,0,1240,0,0,1,68,96,5,64,2,30,2,28,109,99,240,22,24,55,3,0,47,7,6,101,1,0,63,51,39,14,14,9,535,15,16,43,9,0,18,30,26,35,131,33,20,0,35,8,149,104,24,9,13,11,6,13,14,434,1136,22,9,68,0,150,284,8,24,131,120,15,1,43,20,291,7,2336,28,10,27,10,6,9,0,19,1,3,109,10,129,112,28,16,0,397,4,16,11,20,0,16,140,34,13,8,6204,12,2,15,70,38,8,21,20,134,6,21,64,24,53,7,84,60,5,0,43,36,210,5,44,84,3,17,0,10,91,11,12,1,13,82,1,195,57,18,0,5,29,132,20,26,39,51,382,12,91,29,28,5,26,0,2,102,2,31,3,0,101,9,0,55,3,3,9,0,104,117,0,0,0,6,10,14,0,107,37,2,28,0,52,14,8,46,86,1,0,7,17,130,8,1,250,0,136,62,84,46,28,3968,18,0,8,47,22,77,96,7,175,0,9,51,13,17,707,3,10,126,0,43,51,565,0,26,92,110,51,9,7,119,10,69,3717,14,2,10,175,73,0,193,38,160,7,0,7,2,58,9,10,22,12,3,0,139,90,111,102,70,26,271,10,1511,0,13,63,133,0,73,28,11,60,25,54
cell_266,8,0,25,42,19,3,54,42,88,110,26,6,177,4,0,6,53,20,13,5,53,27,16,10,34,13,0,66,14,11,41,120,86,24,32,381,128,26,178,14,166,75,11,35,17,314,0,2,0,199,9,29,109,5,45,166,2,3,0,6,0,2,35,1,34,23,83,8,2,53,14,6,39,18,2,31,47,0,26,3,8,6,20,107,267,17,2,0,0,42,1,3,43,15,43,45,123,1,45,49,82,1,0,9,119,30,213,0,755,0,14,106,0,2,176,36,48,68,51,27,96,22,92,136,0,24,259,4,11,0,0,0,48,62,20,35,0,3,28,4,58,62,28,0,0,0,288,0,0,14,2,20,2,930,12,1114,72,0,104,34,55,66,0,20,7,80,2,88,37,64,1,0,30,33,17,5,0,27,19,91,19,42,262,42,30,48,2,89,20,0,0,0,0,0,179,1,64,1,14,4200,2,0,31,0,0,5,5,28,143,1,0,0,0,30,34,109,7,9,0,1207,12,0,17,3,4,0,83,0,12,3,44,73,18,333,22,102,27,3,1,39,54,4,6,0,0,7,76,83,15,2,18,28,13,2,59,20,1,4,39,16,111,167,45,25,1,47,90,402,101,22,18,12,10,11,11,2,367,1314,193,44,11,43,186,243,33,41,135,110,2,7,61,0,272,3,2437,92,14,0,8,12,3,0,101,5,9,52,18,25,89,11,17,4,406,2,22,12,65,0,4,22,83,15,23,6415,1,30,10,10,35,22,37,14,46,11,24,159,0,0,90,11,61,15,0,48,42,0,5,27,80,2,32,0,10,29,10,6,47,0,79,0,152,35,4,0,0,42,134,24,36,48,21,434,11,89,69,13,20,9,0,6,32,1,25,0,0,80,0,0,42,14,0,0,0,158,100,3,1,0,11,96,27,8,105,18,42,2,20,20,100,33,73,31,1,0,1,13,139,3,3,191,1,147,21,140,32,37,3498,15,0,2,23,2,68,71,0,5,0,26,55,29,45,1371,10,201,131,0,73,66,646,0,32,108,109,114,2,51,84,81,98,2675,17,8,11,33,23,66,170,43,122,31,3,10,1,21,22,1,138,1,14,0,114,0,122,10,85,21,241,76,1299,3,34,58,119,6,37,35,21,121,18,5
cell_267,5,0,17,52,33,12,71,11,253,42,12,35,153,3,75,7,48,19,1,2,82,27,2,0,42,1,1,155,17,9,42,43,273,16,11,555,121,22,132,34,60,76,2,20,4,11,1,4,53,233,0,15,82,12,17,38,6,8,6,1,0,19,52,11,6,0,110,62,54,34,0,19,41,74,6,24,176,24,23,36,10,14,14,61,292,1,0,0,0,52,1,4,43,0,8,57,41,0,26,35,63,7,0,4,180,25,233,20,777,9,5,120,3,10,78,30,43,34,9,43,115,60,40,142,10,18,34,230,48,5,7,13,79,29,3,30,0,5,22,1,44,45,23,0,32,12,329,2,11,0,1,9,5,5,5,1067,12,8,109,30,56,45,1,40,5,25,8,62,36,122,34,5,24,107,24,15,1,23,7,91,3,26,247,63,32,21,24,66,90,4,0,4,0,2,191,9,123,0,12,4445,10,0,44,0,0,18,3,15,68,5,134,0,0,9,52,59,10,34,0,1380,12,4,5,32,87,1,59,0,34,8,24,128,24,109,20,66,22,30,0,34,61,3,8,0,0,58,63,36,12,2,18,406,12,0,9,67,0,1,30,29,21,233,40,15,0,19,56,267,114,17,8,35,30,3,14,17,381,1218,11,3,11,0,91,302,18,23,155,101,0,7,77,25,277,0,2330,48,9,71,5,11,56,0,42,4,9,79,11,77,111,11,10,0,415,0,21,7,9,12,3,6,23,28,2,6057,27,43,8,62,70,28,24,34,112,2,100,39,23,6,266,53,42,31,0,23,68,6,4,39,66,6,19,0,14,38,3,0,289,7,98,0,149,44,13,0,43,7,113,2,19,48,6,409,2,101,35,32,26,12,0,32,95,6,22,14,0,53,3,0,36,2,3,13,29,71,118,24,4,1,8,60,0,1,42,28,0,24,10,57,0,26,68,54,6,1,0,9,37,16,14,6,0,157,62,66,72,47,3567,1,0,14,12,12,30,74,19,159,0,3,56,31,18,364,0,30,120,0,120,59,516,18,39,81,105,101,5,33,37,34,113,2826,24,1,0,59,73,105,170,28,127,2,7,11,12,30,5,15,79,0,6,0,35,175,82,64,87,29,73,5,1400,2,9,53,127,5,70,51,27,133,0,67
cell_268,60,30,17,68,16,6,56,16,45,262,30,30,151,7,0,41,41,29,1,5,84,29,1,32,19,0,0,27,17,8,34,35,249,55,18,514,476,23,172,4,43,77,12,30,7,272,1,30,60,179,2,0,41,4,71,46,2,5,12,4,0,14,18,0,28,16,21,11,14,50,9,6,147,9,0,37,129,4,25,0,0,6,12,67,252,3,0,0,0,40,0,6,19,100,20,33,87,2,107,55,34,3,45,6,176,21,196,37,636,1,57,104,5,4,16,12,46,80,27,59,4,0,76,100,1,27,256,0,0,2,3,0,62,62,2,12,0,12,7,0,53,0,11,0,30,13,296,2,21,1,1,8,3,347,99,1094,52,17,104,38,50,21,0,68,6,154,9,60,28,109,0,8,4,0,32,0,0,33,27,76,30,65,284,18,26,9,14,69,18,1,3,26,0,0,81,14,0,23,22,4682,8,9,8,0,0,2,16,8,66,1,159,0,13,54,18,1,1,26,0,1083,23,1,6,33,88,1,80,2,27,4,72,76,78,437,31,92,52,0,26,130,79,0,52,1,0,32,55,135,11,12,5,443,30,17,66,28,3,9,3,28,7,176,66,10,0,21,0,370,108,29,46,9,11,8,3,1,418,1231,108,0,156,1,195,156,11,41,110,101,0,0,70,5,326,1,2318,21,48,77,4,14,45,3,115,0,17,26,14,127,128,41,22,0,441,0,6,59,2,5,2,100,26,0,36,6381,112,17,12,23,6,8,33,36,106,6,27,89,9,25,298,54,5,0,0,43,53,188,2,39,82,2,14,24,26,84,17,5,73,72,111,9,193,72,21,0,0,16,144,6,22,38,4,378,20,81,55,34,1,17,2,0,100,12,24,12,0,200,44,0,105,2,11,5,11,603,117,26,0,0,8,96,1,0,25,34,58,176,20,36,99,35,0,77,7,0,3,13,71,28,30,201,0,115,87,89,34,39,3605,20,2,10,13,18,63,41,18,220,0,16,50,15,35,60,25,48,71,1,375,42,607,0,18,21,95,33,4,60,160,41,22,2290,21,1,98,14,65,90,228,25,152,31,0,7,0,109,33,2,6,5,15,0,115,0,120,4,68,33,297,47,1666,1,9,52,138,0,93,52,5,107,153,49
cell_269,9,1,14,75,22,21,33,9,70,232,20,18,155,10,0,28,58,3,20,3,93,62,4,8,12,21,0,6,19,2,41,3,5,16,6,603,13,14,157,38,184,170,0,20,7,292,0,0,0,201,20,29,94,5,75,68,40,1,16,1,1,59,26,4,30,33,69,19,0,56,29,0,2,36,1,46,0,11,8,45,1,1,16,103,228,21,7,1,0,62,19,5,61,56,28,32,111,6,98,45,35,10,21,38,179,36,189,13,252,0,6,115,11,8,82,40,45,81,47,71,36,31,46,142,0,24,171,57,19,4,0,0,74,64,34,11,0,4,14,3,22,59,17,0,21,36,270,1,10,5,0,18,2,1200,14,1034,51,0,110,11,47,75,0,1,2,7,8,99,32,117,19,4,10,57,9,0,2,26,8,89,18,4,282,29,24,8,4,93,97,0,12,8,0,0,117,1,19,9,19,4471,7,0,28,1,0,2,8,28,158,5,175,0,0,16,37,76,14,23,0,1125,0,1,2,52,83,1,30,0,32,7,31,73,24,220,28,124,18,29,0,85,51,11,29,0,0,47,13,132,19,15,9,0,29,0,56,2,0,4,17,21,39,167,50,23,0,25,109,184,85,20,6,2,12,9,14,0,348,1370,29,50,92,60,162,274,17,41,121,89,0,6,58,20,274,1,2457,37,0,16,1,2,10,0,173,0,5,61,25,133,126,21,68,0,436,0,23,7,7,0,12,112,136,10,12,6520,90,10,21,14,134,16,21,59,84,18,22,23,0,51,283,54,39,7,1,58,70,49,1,30,74,3,16,0,26,17,5,3,71,19,20,2,43,42,25,0,18,51,113,4,18,35,5,370,7,96,48,24,11,21,0,0,106,2,34,6,0,124,2,0,121,4,0,0,0,12,101,21,1,0,16,100,14,7,32,35,100,37,4,17,10,35,38,42,0,0,1,0,137,3,2,172,0,85,37,61,65,43,3360,26,0,0,19,45,65,76,8,127,5,30,50,68,40,362,16,102,101,0,137,54,627,29,13,90,70,95,0,13,126,61,63,3485,9,0,30,95,87,38,206,37,81,30,1,17,3,0,43,4,132,7,6,0,52,0,85,18,99,16,232,59,1655,0,40,71,82,1,77,39,0,24,121,0
cell_270,17,0,17,68,18,0,45,32,127,62,16,21,182,11,13,18,49,6,0,9,103,74,9,0,18,5,0,82,18,4,36,5,40,12,10,306,28,23,137,25,63,59,50,30,0,290,0,55,5,229,36,20,93,13,126,45,1,14,12,1,6,45,35,0,13,10,98,0,34,59,22,16,54,13,1,15,24,6,15,10,15,0,18,65,123,14,15,1,0,27,0,5,47,2,8,19,117,15,106,66,56,2,0,2,105,28,228,5,850,6,10,17,0,5,45,15,45,68,51,42,25,31,136,73,0,36,51,256,17,0,2,0,58,56,34,6,0,5,9,0,72,57,26,6,0,1,365,0,5,0,7,22,3,3262,6,1102,93,0,96,26,46,86,0,13,15,61,9,60,32,60,10,2,17,18,9,26,3,23,9,81,2,39,237,36,28,10,6,67,30,10,2,15,0,1,138,2,128,0,15,4453,5,0,40,0,0,6,1,33,139,0,127,6,0,40,38,77,14,26,0,1205,1,5,4,58,76,0,25,0,88,3,33,112,43,118,26,34,26,13,0,18,49,7,3,0,0,6,8,174,25,1,22,620,21,23,48,95,2,15,27,5,62,168,35,32,1,51,84,365,105,14,33,20,15,7,12,1,395,1268,17,45,1,48,177,291,50,11,150,124,0,4,75,45,253,0,2520,38,15,10,2,15,1,0,62,17,1,64,17,25,88,8,17,0,397,0,19,6,16,0,10,43,119,12,3,6581,13,45,12,8,172,13,42,30,111,9,50,235,0,1,255,59,34,23,34,38,62,2,4,41,59,1,25,1,40,56,4,4,19,2,47,3,40,47,3,0,9,49,122,14,11,4,65,475,1,79,36,13,4,26,0,14,8,4,16,0,0,262,5,2,111,0,0,37,0,137,98,13,2,0,18,118,8,12,42,50,104,2,5,38,68,16,105,65,0,4,1,0,90,2,29,86,0,136,56,93,15,47,3657,26,0,2,22,0,64,27,1,93,2,8,13,10,47,726,24,97,112,0,10,53,505,0,34,104,78,128,7,21,93,117,123,2974,25,16,6,42,74,14,2,23,141,22,1,8,1,27,56,4,125,6,1,0,48,29,110,76,81,21,323,135,1265,0,36,51,124,4,61,14,7,20,136,29
cell_271,24,0,3,40,25,0,34,67,86,270,30,44,167,18,59,46,55,0,6,0,43,13,25,22,52,7,1,23,15,15,36,32,268,19,26,600,66,28,163,39,94,96,24,29,1,228,4,0,61,284,7,16,79,22,70,26,5,8,0,6,8,12,40,1,9,0,90,31,1,59,7,4,36,50,2,83,37,2,35,19,29,0,5,102,304,7,22,1,0,43,8,5,0,0,16,34,60,3,28,94,79,18,0,25,182,25,193,5,537,0,28,81,1,7,75,1,30,86,32,74,28,25,66,75,0,27,288,220,7,1,0,0,83,21,10,3,3,1,46,5,35,56,20,0,54,46,372,2,15,1,7,23,10,3224,17,986,10,0,91,17,44,86,0,47,2,71,19,44,45,86,14,6,20,37,3,13,3,25,4,60,24,53,273,7,25,17,38,61,3,12,3,7,0,0,96,15,101,14,24,4629,4,0,15,0,0,2,1,19,137,0,184,0,0,24,41,35,1,47,20,1082,0,0,0,64,80,2,22,0,44,2,31,162,59,279,26,80,20,10,0,66,173,1,30,0,0,58,73,165,17,2,12,84,3,27,19,110,0,11,1,26,127,116,21,10,0,10,19,280,104,0,37,14,16,3,16,20,365,1313,3,17,130,0,168,312,3,35,111,103,8,0,72,9,296,0,2260,47,0,9,1,7,5,0,37,0,26,83,14,30,133,4,67,0,398,0,20,38,21,0,19,144,0,58,36,6722,0,1,16,8,34,29,47,30,79,5,8,77,0,35,96,24,23,2,1,37,64,143,3,37,79,0,26,8,43,19,16,3,141,0,109,0,165,117,0,0,34,47,158,3,12,37,53,362,4,47,58,26,11,9,0,0,93,1,30,0,0,183,5,0,232,1,0,0,37,180,97,9,0,0,8,46,9,9,32,19,7,0,8,47,4,29,30,128,1,0,0,26,18,19,25,16,0,130,65,38,20,29,3230,15,0,9,40,20,107,35,22,288,0,10,58,12,5,6,6,190,120,0,18,24,309,2,9,106,29,56,2,34,167,86,121,4020,3,1,3,59,71,222,90,47,142,34,0,1,3,28,11,3,134,3,12,0,42,13,85,93,45,30,259,6,1421,2,8,63,116,0,48,43,8,20,3,46
cell_272,9,0,15,57,26,0,54,5,206,130,27,53,157,6,28,13,61,10,3,3,79,51,7,11,14,32,0,23,25,13,33,11,36,48,4,525,1,25,177,36,96,109,96,25,7,269,0,31,15,252,0,17,117,10,63,39,0,6,4,2,3,66,40,14,10,9,40,4,0,47,3,0,129,30,0,25,212,12,25,0,6,3,14,59,246,20,3,0,0,50,0,12,19,13,2,41,91,3,60,68,24,3,2,5,53,39,153,3,778,0,35,51,2,7,40,42,40,81,51,100,53,90,131,150,0,30,165,69,1,0,0,0,73,15,1,30,0,6,34,4,47,0,22,0,0,62,354,4,14,3,1,31,3,2759,69,1026,185,4,106,26,27,49,0,13,17,188,1,86,30,45,0,0,2,28,40,16,0,23,29,100,13,96,269,51,24,8,23,80,0,0,2,4,0,2,194,6,50,0,25,4430,2,0,51,0,0,20,5,22,57,0,132,2,0,43,11,17,9,31,0,1162,0,0,0,29,91,0,62,1,19,3,55,101,18,335,28,63,48,21,0,86,42,3,91,0,1,63,82,71,15,8,4,674,5,0,39,3,0,6,31,20,66,205,34,6,0,11,25,400,102,30,36,32,2,1,9,2,368,1219,23,0,28,31,203,279,3,17,105,84,1,0,76,22,262,0,2364,29,0,54,3,16,15,0,14,0,17,81,16,92,116,27,4,0,431,3,10,3,2,0,10,1,136,30,27,6349,44,18,9,31,15,13,35,48,57,4,21,110,1,0,198,79,67,15,0,63,50,0,15,38,63,0,34,2,51,61,9,2,56,3,79,0,155,28,33,0,0,15,135,7,31,43,100,462,0,81,29,20,14,8,0,44,127,1,23,0,0,255,6,1,285,1,0,0,0,168,84,17,3,0,5,85,11,7,72,0,3,32,8,51,73,32,46,67,4,1,1,1,17,25,5,260,2,125,45,105,38,46,3442,14,0,0,33,8,78,82,11,47,0,28,42,4,0,544,3,146,124,0,158,72,703,0,11,80,109,93,9,42,120,36,122,1385,19,12,34,129,93,131,226,38,147,25,1,15,0,14,41,0,147,5,1,0,138,84,104,14,89,30,280,5,1607,1,8,25,145,3,11,43,0,50,14,3
cell_273,4,8,0,79,31,0,55,16,6,130,43,111,190,2,0,12,85,11,23,10,92,250,12,2,41,9,0,115,26,4,52,47,0,29,8,246,9,21,220,28,171,65,19,42,0,311,1,31,1,563,13,39,60,12,61,98,6,1,13,5,13,109,6,2,28,23,76,17,0,43,13,27,68,29,6,32,4,0,31,66,14,0,7,65,273,56,12,0,0,13,12,1,15,0,28,26,98,9,99,107,15,0,0,47,257,20,146,0,186,9,6,196,15,14,89,43,11,41,28,53,33,44,68,43,0,28,358,3,13,0,0,0,121,14,3,4,0,3,8,4,154,17,18,1,0,34,206,4,0,0,6,4,1,1131,69,1367,13,1,108,22,30,66,0,18,26,264,2,33,27,151,1,21,10,9,23,0,8,18,17,71,17,28,427,89,25,21,24,64,0,28,2,17,0,0,253,3,257,0,15,6329,3,0,59,0,0,1,1,25,238,12,65,3,0,50,45,74,51,35,0,426,8,0,2,33,35,3,42,0,58,4,103,87,12,43,12,172,26,21,1,18,59,2,11,0,0,29,67,130,59,6,1,20,19,2,9,6,8,11,99,26,22,299,1,25,0,16,18,132,129,33,7,7,8,5,17,10,127,1817,20,76,14,35,114,131,4,29,409,110,2,1,56,7,155,1,2801,31,9,23,9,7,3,1,120,0,7,102,11,57,107,30,72,0,514,0,22,3,2,0,16,267,0,9,3,4392,50,90,4,14,16,44,29,41,73,1,5,71,61,43,401,13,88,10,0,54,26,189,5,60,125,3,15,3,43,32,14,2,26,0,52,1,26,101,7,1,29,7,76,8,10,43,81,568,8,81,72,25,7,29,5,97,103,1,25,4,1,128,6,0,43,5,51,14,11,67,145,2,2,1,6,94,1,22,57,32,0,71,2,40,82,23,62,31,9,0,6,21,146,28,2,194,0,138,80,68,49,46,1524,2,0,11,35,7,17,85,4,12,0,14,4,29,4,834,9,275,116,0,326,123,748,1,6,68,104,157,11,40,122,97,54,1639,6,0,17,75,96,2,188,40,49,9,3,3,2,128,32,6,134,13,3,0,80,54,138,42,120,45,135,6,996,0,23,61,41,2,147,30,17,200,143,80
cell_274,5,2,7,119,18,0,39,7,86,8,40,56,127,10,0,30,45,1,1,10,97,112,37,2,38,0,1,0,26,14,35,38,35,54,12,702,0,53,309,31,177,229,6,36,6,511,2,42,5,296,31,2,115,7,141,98,16,16,11,1,3,49,47,1,26,38,59,9,0,57,28,20,92,1,3,11,101,0,13,57,3,2,5,70,24,18,2,5,0,37,0,7,28,20,10,18,48,0,63,6,43,0,6,1,208,32,37,0,173,0,18,122,0,4,37,18,47,36,8,71,106,3,24,78,11,38,120,6,10,9,13,4,222,71,0,27,0,3,8,2,177,8,4,0,37,40,169,1,36,0,2,15,5,701,28,1624,13,3,148,16,27,85,0,41,45,128,2,21,14,185,7,2,1,0,5,5,3,43,9,59,30,31,208,88,37,9,16,47,74,49,15,23,0,0,170,8,55,41,20,7474,9,0,27,1,0,14,14,9,317,0,57,2,5,19,9,43,18,39,3,414,0,2,7,33,107,1,87,0,9,16,108,101,51,44,34,99,10,66,30,23,74,5,49,0,0,0,14,35,46,7,12,91,29,4,35,8,4,3,33,28,28,64,24,10,3,20,2,123,80,19,13,9,31,4,15,0,74,1397,16,65,71,2,140,169,16,33,330,224,11,0,23,34,271,0,3055,15,8,63,3,6,5,2,14,0,12,82,17,102,104,40,1,0,628,1,22,23,0,12,14,113,18,0,67,4449,92,112,6,6,74,14,51,41,17,17,54,36,11,22,259,38,66,1,0,28,0,135,2,42,90,8,9,0,28,38,8,0,307,3,41,0,118,112,31,0,4,8,70,0,20,94,18,789,6,107,13,40,10,8,2,0,62,0,22,3,0,269,10,0,13,4,3,0,6,66,57,19,2,0,11,94,4,4,38,19,0,20,5,61,55,18,24,3,2,0,3,4,19,70,0,41,0,140,71,34,5,11,792,18,0,12,28,66,114,35,3,72,0,14,3,3,4,205,17,155,114,0,7,164,1078,0,0,19,84,156,1,37,63,23,43,1208,12,0,0,32,28,18,65,34,53,3,2,2,2,4,20,1,152,15,21,0,95,8,94,36,29,43,340,11,1125,8,9,12,69,4,72,13,0,3,63,60
cell_275,5,0,12,87,39,0,88,83,37,351,42,70,192,12,4,26,43,0,0,1,89,324,20,33,15,10,0,33,16,8,28,202,64,16,6,329,137,22,258,19,94,145,10,44,10,269,0,4,8,474,1,24,75,25,70,97,11,3,21,0,0,122,30,0,27,39,56,33,2,59,59,25,14,9,1,24,26,8,18,69,24,3,6,82,274,21,0,0,1,18,1,3,31,63,11,18,64,0,59,52,26,1,0,12,228,23,80,3,415,5,0,131,16,10,119,7,35,38,30,177,9,127,48,41,0,31,242,12,13,3,2,11,111,22,1,18,0,1,5,0,180,22,16,0,33,6,209,1,14,1,3,7,2,4501,25,1283,1,6,182,41,16,91,0,25,22,129,21,131,28,213,0,7,27,3,4,4,14,18,4,75,7,53,452,52,26,36,21,64,11,112,0,8,0,17,310,15,150,12,25,6106,12,0,47,0,0,12,4,14,285,0,51,0,0,54,51,16,16,10,0,438,9,1,0,39,72,0,58,0,12,5,90,150,47,131,17,100,17,17,33,3,18,6,24,0,1,51,67,18,17,1,0,33,25,8,45,75,4,11,55,29,93,274,27,22,0,5,57,123,138,17,18,3,26,4,4,0,100,1993,7,58,15,12,154,166,11,6,471,104,0,0,46,1,155,4,2768,5,3,47,1,11,3,0,48,0,1,75,10,137,86,6,10,0,532,0,15,4,16,9,6,220,175,1,67,4397,68,3,2,0,52,9,22,64,55,8,8,200,8,48,333,53,118,17,0,17,28,157,2,65,96,16,10,3,11,17,18,13,56,30,48,0,165,32,20,0,17,4,69,1,6,50,36,666,69,111,61,53,15,36,0,52,23,2,23,2,6,125,0,31,103,12,0,0,41,117,115,11,2,0,22,77,4,22,41,21,0,33,7,32,33,7,72,15,0,0,12,30,83,13,7,105,0,122,66,68,18,34,1185,3,0,8,31,18,149,88,10,30,0,61,8,103,47,750,0,15,65,0,29,144,515,0,30,112,64,295,0,29,59,110,67,1760,18,0,0,25,69,3,195,46,18,19,6,7,0,32,69,1,57,5,5,0,18,7,122,52,142,42,202,36,1008,0,13,36,45,4,20,10,6,210,101,102
cell_276,23,0,11,45,31,0,114,13,56,374,46,160,179,35,139,11,84,11,0,1,80,195,32,12,67,0,2,125,18,25,51,24,156,12,24,317,0,20,232,21,99,124,28,21,11,90,8,55,17,513,23,2,9,5,113,131,1,7,4,2,4,166,6,2,14,23,80,95,2,7,5,9,13,6,4,16,42,12,34,70,24,11,10,71,274,22,18,0,0,37,25,3,73,5,10,12,109,4,31,90,32,5,0,39,223,23,101,10,377,12,19,35,5,6,25,23,19,47,18,116,65,238,56,15,45,28,0,204,2,6,5,0,83,21,8,28,0,2,26,0,171,11,20,0,36,26,178,1,5,1,6,8,2,452,18,1466,2,16,145,67,14,75,0,31,14,460,3,90,29,132,1,8,16,53,5,1,1,21,34,52,1,26,433,24,29,3,28,63,0,80,16,7,1,0,255,54,89,0,13,5874,1,0,58,0,0,21,4,24,218,0,32,8,0,38,32,7,7,13,0,432,1,0,2,57,97,6,51,0,32,3,88,131,54,147,12,168,31,25,1,71,115,6,85,0,0,49,97,74,64,10,22,53,27,0,62,141,0,4,88,27,38,244,23,8,0,17,3,94,125,28,40,7,1,19,12,2,72,2346,0,31,5,0,139,152,27,23,458,118,12,9,79,0,152,4,2732,10,1,28,3,21,6,2,51,0,10,113,21,109,93,25,5,0,484,0,17,31,42,13,0,94,80,2,55,4658,68,34,8,7,107,50,32,42,103,6,9,116,9,2,273,63,111,14,21,0,33,279,0,81,30,3,10,0,13,74,25,18,52,1,25,0,134,75,2,1,38,26,61,9,11,43,35,505,0,80,90,56,14,25,5,86,52,2,19,4,0,147,0,0,1,3,0,7,61,22,164,18,1,0,0,105,3,9,35,5,6,33,15,50,3,24,63,71,11,7,3,26,38,55,7,77,2,136,22,48,6,44,1350,1,0,0,12,2,56,90,28,25,1,34,24,41,7,84,0,73,60,0,29,140,540,0,44,139,58,529,2,64,35,84,64,1571,20,0,57,82,39,27,227,45,51,5,0,50,6,53,62,17,28,15,2,2,31,30,114,33,159,48,322,0,840,4,2,20,52,18,120,30,0,12,100,135
cell_277,13,15,11,90,22,1,67,58,80,250,40,52,235,14,0,2,55,12,31,0,78,167,29,37,14,2,0,54,31,6,62,39,116,61,44,847,124,45,297,49,194,176,6,47,3,557,0,4,5,403,30,41,135,14,118,19,17,15,9,3,4,56,60,0,25,35,83,84,0,54,51,2,0,52,2,44,9,1,4,35,1,0,6,64,108,28,24,0,0,36,11,1,20,2,86,18,102,2,57,88,59,0,6,28,249,14,178,70,0,1,4,130,0,8,49,3,52,42,59,96,12,21,24,38,0,54,384,253,4,2,0,0,194,54,14,4,0,2,11,5,155,20,3,14,25,44,134,0,8,1,0,1,1,1535,89,1800,17,1,202,29,54,114,23,3,17,214,23,53,22,96,65,3,25,8,0,0,4,36,5,56,60,13,222,106,29,21,10,62,2,0,19,1,0,0,122,8,123,85,6,6437,7,0,28,0,0,34,6,26,289,3,70,1,0,17,27,10,4,18,0,410,6,0,3,18,61,0,92,2,24,4,48,105,21,92,27,73,21,32,0,170,105,0,15,0,0,1,19,42,93,2,6,0,2,2,10,41,0,10,10,25,46,130,10,97,0,9,19,130,91,9,11,19,11,4,8,4,201,1517,11,51,15,0,162,206,3,15,292,218,0,1,82,0,209,9,3538,25,43,3,8,10,8,0,44,0,5,62,10,95,104,31,41,1,619,0,18,4,2,2,8,118,0,3,38,4400,53,18,18,31,46,30,57,53,41,6,22,49,0,15,584,21,17,4,0,42,38,0,5,102,111,0,14,0,24,51,9,1,109,9,60,0,178,75,5,0,1,12,62,24,0,81,16,894,10,36,68,26,3,37,0,0,168,10,39,7,0,110,0,1,160,2,42,0,9,452,109,3,4,0,47,119,0,12,19,30,0,45,6,43,30,16,16,30,0,1,0,34,108,45,5,18,0,158,57,110,40,32,836,8,8,0,9,45,177,41,2,102,3,4,22,34,34,14,55,162,92,0,1,166,1112,25,3,113,67,138,2,42,5,9,35,1356,35,0,2,32,91,121,167,36,80,28,4,3,5,11,21,8,23,43,14,0,118,0,108,47,60,18,232,5,1211,0,1,25,99,6,103,23,11,163,58,59
cell_278,16,17,9,94,37,0,93,45,26,462,51,103,118,20,39,28,91,21,6,9,100,334,4,8,11,7,0,8,26,16,50,36,66,54,18,357,140,14,206,12,179,166,32,33,15,347,0,9,1,548,23,10,61,3,37,67,1,3,10,0,0,133,4,0,24,1,92,39,0,40,60,17,43,9,0,33,56,0,27,35,1,32,6,37,169,22,43,0,0,26,0,5,51,38,61,10,94,3,51,104,21,0,2,55,192,26,49,0,382,2,28,144,13,3,50,38,36,37,25,119,37,218,77,6,1,25,422,13,5,7,0,0,120,36,6,20,0,8,8,8,165,27,9,0,3,43,179,0,12,1,4,8,0,7936,32,1398,12,0,147,39,5,32,12,41,6,434,13,41,28,279,0,0,5,11,24,0,1,21,20,60,9,30,419,24,15,13,13,67,56,1,0,7,0,0,252,2,12,0,14,5775,1,0,65,0,0,12,2,28,210,0,7,0,0,63,21,50,18,14,40,422,0,2,5,40,62,6,60,0,39,8,94,70,56,181,6,126,22,30,0,13,29,6,36,0,0,0,58,51,16,4,0,31,21,0,64,94,9,6,59,24,38,363,28,29,0,12,0,101,137,3,17,26,0,15,11,0,62,2094,27,46,23,1,139,156,5,19,509,124,6,3,75,1,151,0,2652,1,9,32,8,12,27,1,68,0,28,75,8,137,54,15,56,0,449,3,13,16,68,0,12,283,5,6,85,4390,40,37,23,4,62,19,11,23,72,29,23,32,6,0,330,32,104,0,1,26,18,0,0,67,94,3,14,1,21,80,19,6,117,3,50,12,181,35,13,2,13,17,57,19,19,42,40,605,3,84,32,33,4,15,3,66,81,2,16,0,2,84,0,0,57,7,0,22,81,17,156,15,6,0,3,72,5,31,17,8,0,70,9,34,20,14,59,123,0,0,0,6,52,48,6,121,0,128,34,138,25,33,1521,58,0,0,34,6,66,94,19,0,0,26,33,42,60,89,0,2,49,0,12,141,1023,67,35,47,108,461,1,6,41,94,78,2140,18,0,0,22,109,8,240,31,64,27,2,21,1,20,27,12,4,22,6,0,56,0,118,67,130,33,304,1,772,0,0,89,44,1,57,22,7,92,39,76
cell_279,61,18,17,96,19,0,109,63,83,886,55,111,157,7,164,19,76,5,2,3,54,306,12,53,7,1,0,96,24,23,51,38,67,69,8,65,427,26,164,0,211,68,7,40,0,204,1,45,19,573,18,40,53,9,46,50,4,14,16,18,5,174,58,0,23,8,47,13,2,63,9,0,47,56,7,29,84,4,27,49,12,0,13,24,276,25,9,0,1,76,3,6,27,44,0,28,68,0,78,82,31,2,1,17,238,10,129,34,404,20,20,251,7,7,187,6,6,52,12,172,36,54,13,22,0,18,140,259,0,1,6,0,126,30,12,25,0,10,0,0,161,21,27,1,1,6,179,1,44,0,7,9,0,6699,77,1344,38,1,195,51,22,44,0,3,1,141,0,97,28,211,10,2,41,35,10,0,0,21,8,50,33,27,465,25,29,7,7,61,59,35,1,3,0,0,281,29,9,3,18,6164,5,0,20,0,0,16,3,20,149,5,100,0,0,33,39,28,4,12,2,443,2,2,1,19,65,1,75,1,24,6,5,128,145,39,3,42,28,5,16,0,56,10,37,1,1,32,75,62,35,11,16,62,5,0,44,147,0,12,56,22,6,359,68,4,5,11,76,35,145,7,16,36,3,7,5,14,146,1969,7,75,64,0,75,168,13,11,446,97,3,2,66,8,150,1,2674,4,1,47,0,13,8,2,15,1,18,88,18,162,53,22,26,5,455,1,20,0,12,22,20,93,116,0,32,4428,15,43,4,11,19,16,8,48,80,21,7,116,45,106,68,47,21,0,0,31,24,174,0,80,109,10,13,8,31,22,8,1,45,48,106,0,170,73,7,0,17,1,89,4,3,60,60,547,31,69,35,42,13,91,1,17,100,1,18,8,5,108,3,0,100,2,0,0,156,98,172,20,0,0,1,30,4,10,18,21,6,10,11,38,0,22,68,62,11,0,5,6,36,28,12,127,0,154,54,67,109,52,1267,1,0,5,24,6,34,95,6,13,0,24,24,88,35,1076,15,209,84,0,35,107,939,0,20,56,43,305,2,62,97,108,41,1337,8,6,106,40,106,133,215,29,50,16,0,0,11,68,61,16,131,0,2,2,131,50,111,24,124,36,247,10,937,5,17,68,44,0,24,46,0,17,208,80
cell_280,9,0,6,77,29,0,37,18,57,159,43,101,147,21,26,12,92,23,5,3,80,139,37,0,93,1,2,58,26,14,42,13,11,21,5,616,161,24,216,2,172,334,27,32,5,433,7,0,50,338,3,1,90,3,18,43,12,1,6,3,0,60,27,2,23,26,103,32,0,61,21,1,32,38,13,4,16,3,21,46,14,10,8,67,218,53,4,2,0,37,17,0,89,0,26,17,71,6,18,109,29,0,4,33,228,22,199,0,59,7,19,99,2,11,79,9,49,19,27,33,123,48,36,42,3,24,63,241,22,14,2,1,170,42,0,0,0,4,11,9,135,15,15,0,11,85,138,2,48,0,4,2,1,2731,38,1533,33,3,187,35,42,80,0,7,22,177,1,25,29,141,2,13,9,17,1,9,3,23,11,24,12,10,212,84,20,5,19,82,66,0,4,9,0,0,280,1,175,0,24,6814,5,5,85,0,6,4,6,23,237,0,1,5,0,28,62,25,41,34,0,413,14,0,7,25,81,3,7,3,12,35,57,112,119,14,23,166,23,68,0,109,48,0,17,0,0,4,33,50,43,13,9,107,22,0,7,33,5,5,63,12,17,210,33,44,0,9,0,116,105,24,7,3,5,0,17,7,129,2256,10,65,25,1,160,184,40,17,363,158,9,1,51,22,165,3,3106,5,8,37,5,11,3,2,54,1,10,109,10,27,121,21,25,0,603,1,25,5,24,0,14,132,85,2,4,4158,18,41,8,18,74,40,37,21,9,3,29,89,2,48,131,50,117,6,12,25,25,28,4,38,87,28,15,0,20,103,7,18,12,18,16,5,155,67,8,0,16,15,70,6,12,53,4,470,3,28,29,26,8,75,2,58,113,11,26,5,2,31,3,8,44,17,13,14,0,13,108,4,0,0,3,61,4,16,33,20,0,6,2,58,6,20,63,43,0,0,0,37,34,28,1,35,0,81,20,137,97,29,685,9,0,25,41,6,170,98,33,125,5,26,18,8,43,396,24,0,81,0,0,135,1858,50,19,110,121,122,12,40,72,68,54,923,9,1,0,49,45,20,93,38,35,18,0,2,14,24,30,7,63,24,14,26,16,8,89,32,64,53,260,6,762,1,1,36,45,2,38,8,29,123,11,100
cell_281,36,2,4,44,2,1,41,32,54,181,18,26,160,14,21,27,41,34,9,5,73,37,0,18,36,1,0,83,13,10,37,39,94,12,23,467,144,20,173,10,175,25,6,32,6,7,4,7,40,193,1,10,114,8,56,97,0,1,0,11,1,6,5,1,5,0,38,25,2,50,9,15,117,25,5,5,157,6,22,6,4,10,15,95,187,6,4,0,0,24,0,0,24,3,0,23,17,0,86,60,40,2,0,3,268,24,133,1,737,5,45,95,5,1,80,0,41,82,12,113,99,74,28,81,0,26,69,0,8,11,9,3,81,13,1,22,0,13,26,3,60,19,21,0,20,12,368,1,15,0,8,10,0,5519,83,931,12,4,129,33,13,107,0,72,3,125,0,83,24,133,0,5,1,4,10,26,0,33,1,72,7,65,276,16,33,5,53,58,71,63,0,2,0,43,174,11,35,38,22,4856,4,0,38,0,0,4,10,19,155,3,184,0,1,67,14,15,3,25,1,1174,6,14,4,13,85,0,79,1,25,8,55,128,221,332,18,74,13,7,40,10,61,2,31,0,0,56,93,11,0,12,1,17,9,5,51,4,0,1,26,20,177,184,55,3,4,22,1,367,111,15,39,40,12,25,5,7,337,1173,6,4,9,6,168,301,13,18,136,94,0,1,81,8,288,7,2429,29,4,42,3,14,13,0,23,0,14,68,19,33,115,42,2,0,403,0,10,72,10,18,4,10,125,15,22,6100,69,50,6,6,52,29,45,18,89,7,40,151,0,3,40,55,40,17,0,20,70,1,1,44,56,11,33,0,23,189,11,0,48,13,31,1,163,19,20,0,3,1,150,18,23,44,42,359,2,71,20,30,20,19,0,42,113,5,28,1,0,191,6,0,229,1,1,0,42,114,115,29,6,11,4,92,11,0,13,17,0,16,15,32,23,26,28,92,1,4,26,11,7,41,13,12,3,92,43,56,5,31,2461,5,0,10,11,20,39,66,28,99,1,20,23,3,49,900,16,0,79,0,172,51,620,0,75,85,113,80,1,31,80,76,111,448,20,0,2,31,65,75,165,24,73,8,1,20,0,18,34,2,133,1,12,0,81,6,84,50,80,21,268,41,1294,1,24,58,122,2,86,66,2,93,4,66
cell_282,7,0,0,56,18,0,40,38,64,45,9,29,116,8,39,18,60,9,1,23,80,103,11,8,11,2,3,111,19,5,39,23,41,23,17,518,22,19,161,2,116,118,1,23,3,270,0,13,42,207,1,11,121,1,110,0,5,1,6,2,2,47,56,3,6,0,68,26,10,49,21,5,133,9,4,40,118,0,36,44,0,9,7,88,110,8,1,0,0,16,5,5,55,0,31,41,33,7,31,93,58,7,2,4,212,15,240,12,375,8,5,155,0,4,91,3,48,55,3,97,100,60,43,96,0,25,84,7,1,3,6,33,73,31,15,7,18,12,3,1,60,59,39,0,46,44,316,4,15,5,1,11,3,3121,91,998,15,3,90,36,11,51,0,46,10,52,1,12,24,127,0,10,6,18,4,2,0,16,1,128,78,17,280,23,22,14,26,61,88,0,3,6,12,14,185,7,16,34,15,4488,1,0,42,7,0,4,6,13,156,0,127,0,1,20,8,62,11,21,22,1156,0,0,12,3,76,1,70,4,36,2,45,142,140,226,36,90,26,8,11,59,60,16,104,0,0,33,71,10,16,21,7,0,6,0,55,50,0,9,9,18,44,202,81,9,5,39,0,301,92,34,24,31,17,13,9,0,324,1107,0,48,38,14,192,264,1,70,142,104,6,3,68,18,331,0,2379,0,3,61,0,4,28,3,82,0,13,35,11,105,137,6,10,0,414,0,16,50,11,8,2,51,97,39,16,6258,68,53,6,33,209,27,35,38,26,8,80,93,1,1,354,82,44,3,1,50,80,218,0,41,68,30,23,1,3,79,9,11,12,23,47,0,81,48,11,3,0,6,153,21,20,28,31,388,11,80,11,26,9,20,0,0,57,5,22,15,15,60,15,7,110,6,0,3,82,147,80,21,2,0,5,14,5,5,89,33,1,26,5,40,3,33,8,79,21,33,7,21,15,16,4,186,0,46,21,37,4,21,3958,3,0,7,30,31,84,64,2,103,0,36,88,0,9,1187,3,121,134,0,157,44,572,0,44,57,66,85,3,22,190,26,61,4072,10,0,0,139,74,7,163,38,76,6,0,9,2,31,43,17,207,0,6,5,68,59,72,18,87,23,211,112,1322,1,18,71,84,3,32,23,4,69,116,66
cell_283,5,0,9,54,2,1,58,40,72,207,29,18,187,10,3,18,49,5,8,19,85,48,7,0,24,14,0,41,21,9,51,68,64,55,13,216,159,32,164,18,198,85,52,20,0,288,0,25,45,240,6,17,122,12,29,107,2,16,4,7,4,36,5,1,29,0,50,0,1,50,9,5,107,7,0,58,12,6,27,17,0,3,14,27,245,7,3,0,0,48,0,5,99,10,0,41,89,4,91,78,67,2,1,8,156,27,245,22,804,0,37,120,5,5,83,26,39,83,32,91,62,46,146,135,18,42,425,7,0,4,0,0,76,44,10,13,0,0,9,4,58,38,19,0,2,0,334,5,13,4,10,28,3,4125,33,1005,35,1,100,20,65,17,0,46,11,124,4,68,32,78,4,6,26,12,17,10,0,19,4,66,6,54,255,41,20,59,2,90,88,8,0,3,0,6,192,6,58,0,25,4326,2,1,39,0,0,11,4,31,128,3,86,0,0,18,51,36,7,32,0,1234,1,4,4,51,1,15,57,1,11,25,83,128,9,233,8,30,15,9,0,5,96,3,44,0,0,1,79,61,13,8,0,171,3,0,54,14,1,11,31,16,58,197,70,14,3,16,14,427,122,1,36,6,2,2,14,0,383,1222,70,29,17,17,167,277,44,50,161,103,1,8,80,11,279,2,2467,99,7,27,8,13,6,1,62,0,12,56,13,102,104,22,4,1,382,1,16,16,12,0,17,4,135,60,21,5940,25,4,24,12,11,17,23,44,135,27,18,44,7,20,171,58,48,13,0,45,73,172,0,31,76,0,27,14,6,187,11,0,35,0,54,9,182,26,25,0,11,17,129,0,28,19,31,416,11,109,35,29,2,30,1,43,112,1,21,0,0,214,17,0,102,13,0,0,0,88,82,23,0,0,5,68,22,4,29,22,0,16,14,53,50,24,38,51,4,0,6,28,42,0,0,163,0,117,62,136,71,40,3726,31,0,1,48,1,23,85,18,88,0,15,53,28,70,93,27,129,118,0,124,57,466,1,18,49,106,56,1,25,109,89,92,1234,14,4,6,74,101,229,43,45,147,18,9,6,2,23,22,1,21,8,3,0,53,5,107,43,94,28,224,45,1553,1,8,111,112,0,50,35,1,106,80,15
cell_284,12,0,4,84,17,16,70,19,171,46,26,77,106,23,35,66,34,7,4,9,110,20,19,7,64,8,1,21,25,12,40,14,18,8,9,713,14,23,264,106,205,23,57,38,4,564,1,42,5,180,24,16,51,7,31,38,2,0,3,4,2,83,26,0,36,50,53,50,1,53,70,9,55,28,3,6,29,13,19,56,27,19,27,70,257,20,6,0,0,52,0,4,97,0,35,37,80,14,30,142,118,4,4,7,162,11,150,0,145,0,7,151,5,19,72,30,65,45,46,103,6,5,61,289,2,31,217,13,0,0,7,0,217,40,6,2,0,3,1,6,213,26,26,3,0,73,192,1,29,0,1,16,3,768,80,1116,51,1,50,19,41,141,0,25,0,64,6,76,27,140,12,6,8,42,13,3,1,19,22,54,9,16,159,16,25,7,11,66,17,0,17,6,0,0,212,1,196,13,18,7197,28,0,90,1,0,2,4,8,292,0,15,0,4,15,66,86,21,45,1,610,0,1,1,44,26,15,66,0,89,6,36,138,25,20,19,83,21,43,0,80,141,2,16,0,0,5,30,199,30,8,5,174,19,0,3,103,0,2,3,55,12,159,39,83,0,16,34,67,44,10,3,16,11,3,11,2,254,1373,13,36,20,6,122,195,18,10,116,233,5,11,69,0,293,0,3919,17,25,121,19,10,8,3,68,0,15,42,11,41,93,22,32,2,473,0,21,6,0,0,25,99,0,8,24,4608,82,3,4,34,43,54,54,43,0,0,17,8,43,38,348,35,33,0,3,22,61,121,1,60,83,7,14,22,39,98,13,3,185,11,84,17,231,49,8,0,19,18,113,11,67,65,54,532,4,65,84,10,7,13,0,67,101,4,23,13,22,131,3,0,229,0,13,26,11,72,92,2,0,0,7,108,0,18,33,20,0,21,2,72,0,26,32,40,2,0,0,32,87,53,3,37,0,175,82,85,88,30,4309,21,0,12,27,22,36,88,6,188,1,11,5,47,10,395,24,314,48,9,35,81,919,0,16,59,140,26,4,27,116,41,43,661,10,0,1,51,103,4,231,50,47,16,6,0,1,73,43,7,34,12,6,0,107,40,64,109,47,43,223,4,928,0,24,32,128,10,65,5,5,24,33,79
cell_285,80,0,14,96,33,0,105,24,46,706,39,22,198,17,11,2,75,6,4,3,89,90,6,47,41,7,0,39,20,15,45,19,79,34,7,309,13,22,249,0,134,277,11,45,2,366,1,3,14,594,13,13,62,6,84,100,2,2,6,2,0,13,23,3,22,1,62,52,0,66,25,12,63,3,2,38,156,2,20,73,0,2,13,56,127,5,15,2,0,27,0,22,20,0,8,33,83,0,100,74,61,2,8,8,259,29,162,25,495,1,49,82,22,2,151,0,7,34,14,163,96,75,13,61,0,32,214,0,2,4,4,0,135,10,2,10,0,3,15,1,172,25,7,0,1,7,173,0,15,0,1,1,2,1301,63,1329,10,0,173,43,23,47,8,67,40,222,13,94,28,229,20,3,22,4,21,2,1,24,6,88,26,15,464,61,22,4,3,47,23,2,5,1,0,0,279,13,184,0,15,6184,7,0,36,0,0,2,11,21,78,0,81,0,0,55,74,15,3,37,0,444,15,0,8,9,56,0,22,0,15,4,116,169,20,23,32,53,29,14,2,2,49,0,4,0,3,3,67,58,28,4,19,30,6,0,8,98,0,2,66,35,16,331,21,14,0,29,2,179,160,11,4,2,28,5,18,8,127,1991,72,0,17,1,139,153,5,15,520,114,2,2,43,14,167,0,2638,16,5,3,7,7,8,4,134,0,6,98,11,62,67,9,23,0,476,7,13,9,0,0,32,301,12,1,56,4188,10,85,4,1,46,34,22,38,41,8,8,177,0,37,315,46,126,4,0,37,13,0,7,91,103,5,8,0,29,12,12,7,247,30,108,2,138,124,6,0,11,16,83,3,11,61,26,697,1,56,38,50,9,24,4,11,95,8,22,0,1,111,15,0,98,8,68,1,0,86,157,27,0,0,8,93,11,2,15,15,16,28,3,48,8,27,20,9,33,0,0,8,147,27,8,276,0,118,47,122,15,39,1304,18,5,0,38,34,14,94,12,74,1,20,1,0,44,94,40,8,113,0,173,138,1068,0,24,111,9,281,1,64,38,65,75,1944,20,0,2,56,81,3,232,32,58,20,1,11,2,13,71,2,130,1,10,11,98,0,125,70,117,43,261,14,912,0,13,57,42,1,3,37,8,165,91,106
cell_286,12,0,19,110,37,0,61,51,85,5,49,145,115,17,122,24,54,4,0,0,104,172,16,3,60,0,0,25,18,7,54,3,37,12,11,559,226,24,181,30,186,184,25,24,12,346,0,22,12,319,16,26,71,5,26,82,0,6,28,2,2,103,31,2,19,44,105,43,0,60,5,12,13,1,1,32,28,25,36,86,0,12,9,50,254,64,3,0,0,60,1,1,90,0,37,15,78,2,32,121,71,1,6,40,236,30,194,5,441,30,11,136,10,8,87,14,0,40,28,27,108,40,66,32,0,24,263,35,15,0,0,0,147,31,6,28,0,0,12,9,98,21,24,4,24,49,129,0,0,3,5,3,0,1599,50,1649,31,0,210,51,12,63,0,8,0,438,27,90,29,214,78,1,18,19,16,1,0,28,44,47,0,20,234,65,26,4,10,62,21,0,4,1,0,0,397,27,74,0,26,6518,4,0,59,0,0,21,2,23,245,1,40,2,0,38,26,82,20,52,6,371,1,1,4,30,69,3,67,0,78,21,16,121,82,105,22,144,33,5,36,54,27,0,19,0,0,9,60,64,33,4,10,100,18,0,35,220,0,5,116,20,18,201,3,30,0,0,26,137,88,13,7,14,5,15,15,4,151,1967,3,2,8,18,141,162,20,52,507,164,13,1,53,0,220,0,2569,7,17,23,3,14,6,1,74,7,20,105,19,94,58,20,22,5,622,0,20,10,8,0,0,134,98,4,112,3938,46,0,4,42,118,35,37,21,21,2,9,77,36,71,363,79,105,5,24,23,26,0,3,69,87,71,25,0,7,72,10,40,29,46,42,0,169,34,6,0,0,20,55,19,24,91,76,587,4,82,87,22,16,68,0,30,54,0,26,0,3,161,0,0,5,2,0,3,9,1,94,46,6,0,7,129,10,6,77,13,3,6,6,63,5,23,98,41,2,0,1,29,43,87,14,53,0,135,44,127,66,58,756,5,5,1,32,22,192,100,8,31,0,46,9,66,16,18,3,195,98,0,9,164,1541,0,7,116,145,331,6,31,22,51,57,1660,22,0,2,73,89,0,259,42,31,11,1,0,31,74,50,7,204,0,7,7,89,10,101,40,59,81,332,7,833,4,7,13,50,17,103,35,0,33,1,80
cell_287,3,6,14,75,6,3,80,61,112,163,24,11,107,61,1,55,49,11,8,7,97,138,6,4,54,31,1,17,23,12,39,0,108,84,37,447,0,32,220,86,89,89,0,44,7,646,0,6,0,109,0,33,114,11,63,15,3,3,11,8,9,93,43,10,33,75,65,66,2,70,12,1,79,10,1,8,150,21,16,53,35,2,17,67,250,40,17,0,0,50,15,3,29,0,25,34,95,0,72,110,41,2,1,3,187,24,240,4,252,3,6,73,4,3,35,11,0,48,73,57,96,36,42,192,0,28,358,55,0,0,2,7,211,44,34,18,13,8,13,28,263,34,11,0,0,29,146,6,20,1,3,23,4,287,100,1054,193,0,50,34,76,143,2,29,11,124,2,33,46,133,100,6,33,45,2,0,1,32,7,57,37,24,177,48,16,33,30,76,97,0,3,12,0,0,262,10,62,31,16,7485,12,0,88,0,0,0,5,20,55,2,39,0,0,27,3,44,7,33,0,624,2,1,0,16,94,2,71,5,30,6,22,134,12,116,13,68,34,23,22,262,60,3,51,4,0,4,46,100,47,5,7,1,0,19,2,8,3,0,39,51,32,209,27,107,0,19,0,79,38,3,12,15,10,3,12,2,207,1270,47,39,22,6,189,189,1,33,134,198,11,10,76,76,313,0,3806,14,9,2,0,9,15,0,5,2,6,39,10,64,117,110,8,44,454,0,21,0,7,0,8,24,24,2,15,4556,61,61,24,13,27,46,8,50,9,5,8,31,2,26,264,69,29,16,31,50,60,75,14,41,74,4,19,1,12,68,1,3,28,80,5,0,221,131,12,0,0,30,91,12,6,30,40,616,12,93,48,27,0,25,0,0,115,7,35,0,0,93,3,0,183,7,12,0,0,51,72,14,1,0,26,122,10,18,17,24,24,30,5,71,2,27,4,53,0,3,0,33,108,3,2,14,0,58,41,97,72,24,4155,10,0,8,32,32,71,96,17,107,0,14,18,10,48,176,24,229,39,0,99,103,760,0,7,132,118,65,5,40,48,2,51,542,23,23,1,37,66,102,4,49,77,22,2,1,3,52,28,1,217,30,7,0,32,5,85,46,52,32,263,12,1065,2,22,5,112,2,55,29,2,74,10,77
cell_288,8,0,25,93,10,0,59,8,88,35,35,13,192,8,196,36,49,0,0,8,76,144,8,8,103,7,0,0,19,10,43,18,5,76,23,127,160,51,271,80,205,108,9,56,7,193,0,21,70,359,0,37,66,7,153,157,7,8,19,1,13,83,53,3,26,11,88,49,0,75,3,16,15,16,3,21,96,10,13,33,4,0,17,68,263,23,3,0,2,51,2,2,25,22,3,32,45,7,81,91,8,5,0,0,201,14,192,9,391,1,0,110,1,9,68,20,27,15,43,48,103,98,76,19,0,30,538,259,13,0,5,1,167,40,2,24,0,9,10,7,171,18,4,0,8,21,117,0,0,6,4,8,2,2073,37,1819,103,2,170,22,57,111,0,12,15,109,12,49,31,94,4,1,16,3,15,6,1,35,8,41,0,53,214,87,26,9,13,58,95,68,7,1,1,0,266,15,70,0,21,6699,8,3,66,2,0,33,6,35,275,0,11,1,0,29,35,48,9,31,0,376,26,0,0,51,101,0,102,2,26,7,47,72,54,90,21,61,21,36,4,1,2,15,18,0,0,19,16,146,26,3,3,120,36,0,59,34,7,0,48,39,23,198,14,4,2,21,41,54,75,20,6,5,18,0,11,9,214,1552,10,23,7,5,137,181,10,23,372,228,19,0,50,23,238,2,3319,12,17,73,2,10,12,1,29,20,5,100,18,118,109,50,1,1,670,9,29,4,13,10,8,17,31,3,17,4567,40,6,7,33,46,13,47,12,21,5,8,106,27,81,461,77,91,26,7,46,35,28,0,78,124,34,16,5,26,13,3,14,161,17,116,5,119,110,13,0,40,17,75,31,24,81,64,782,22,73,99,33,0,18,3,3,56,4,36,0,0,34,9,0,6,1,1,2,48,6,89,6,0,0,19,130,14,8,53,13,11,26,0,65,29,22,108,7,3,0,14,36,36,41,5,50,0,127,77,31,96,13,861,12,3,0,21,3,105,82,6,93,0,37,5,15,0,939,49,44,135,0,74,158,929,0,0,81,108,284,4,18,116,39,32,516,24,7,0,38,62,39,297,35,89,17,0,6,0,9,34,4,254,6,3,0,131,26,96,26,31,39,270,6,1174,1,9,31,63,5,83,3,0,32,13,62
cell_289,43,0,7,58,23,0,325,21,16,811,20,96,118,43,96,89,33,7,5,1,97,175,13,51,55,28,2,21,34,3,31,54,14,16,16,418,238,10,108,34,26,125,50,38,1,7,2,16,11,278,27,0,20,18,98,88,4,18,2,10,4,3,70,0,33,19,67,3,0,86,1,24,110,31,3,17,305,2,20,5,79,0,38,64,276,5,2,0,0,41,0,1,198,0,17,20,36,2,155,781,57,0,1,33,155,49,199,1,262,0,15,108,1,15,18,10,117,52,121,79,22,378,26,704,15,51,32,29,0,1,4,0,107,19,6,6,0,1,14,4,854,73,13,0,3,3,133,2,30,2,2,49,0,40,15,831,12,0,166,42,40,50,2,30,0,125,2,114,64,96,6,0,43,1,8,16,15,35,110,8,3,28,82,82,23,1,26,77,77,112,9,4,0,0,362,8,36,0,51,5960,13,3,142,0,0,7,5,33,363,3,52,2,0,47,85,97,70,68,0,2337,8,2,0,63,194,15,60,5,7,6,54,62,20,29,5,19,69,1,0,65,14,0,34,0,16,14,34,41,70,14,4,296,6,0,14,79,0,9,44,171,26,105,14,0,1,10,0,208,76,25,2,12,2,9,23,12,110,2373,0,10,78,2,357,103,2,13,92,88,44,0,23,102,310,7,2765,4,0,33,7,8,1,9,37,0,1,51,20,30,91,36,21,1,546,0,14,16,6,0,18,101,28,35,8,4712,24,93,6,4,62,33,24,28,98,5,1,32,37,2,0,31,20,25,49,16,39,12,1,117,67,0,11,0,41,60,10,3,45,8,133,12,188,230,2,0,30,26,92,6,143,55,26,389,5,117,101,119,11,35,5,116,30,0,48,1,1,204,11,0,18,4,0,191,12,17,56,2,0,1,21,167,1,0,20,13,2,17,13,124,7,35,47,47,19,1,2,29,36,17,19,16,2,794,78,63,91,43,878,32,0,5,15,16,20,76,15,150,3,121,14,114,28,290,3,28,40,0,3,110,491,0,33,50,61,35,0,54,12,13,33,115,59,40,2,48,136,35,85,51,83,16,0,0,8,3,28,13,30,0,3,0,76,0,78,27,50,22,64,3,566,1,39,42,36,0,70,30,4,9,73,121
cell_290,11,0,4,98,35,0,116,18,95,106,33,5,63,26,0,21,77,2,1,19,96,175,13,6,30,19,9,2,15,7,34,79,15,7,10,377,132,18,130,84,162,173,20,24,1,17,1,40,2,96,41,26,46,26,56,227,17,20,23,2,2,42,8,2,45,43,95,12,1,64,6,21,82,1,3,7,179,2,17,57,5,2,8,76,135,5,4,1,0,36,0,0,45,23,33,22,81,4,181,11,25,3,0,2,246,28,130,4,453,0,11,99,4,7,58,19,119,74,60,42,107,206,32,232,2,35,209,58,9,6,1,2,134,40,2,17,0,29,11,0,292,39,9,7,2,0,147,3,28,5,1,49,1,253,30,1290,92,12,153,17,56,60,6,14,19,36,0,126,95,113,1,0,23,9,10,27,12,29,8,26,0,7,141,69,24,4,30,98,102,118,14,1,10,4,233,18,20,40,28,5686,25,0,133,0,0,15,13,54,324,24,0,4,0,32,35,45,41,32,0,1846,7,4,10,20,137,0,43,2,10,10,90,73,9,21,18,28,4,4,6,44,40,1,2,1,6,1,34,25,43,13,9,23,30,0,26,1,1,2,51,80,28,88,2,3,0,21,0,305,35,19,5,5,2,21,18,4,113,1237,4,35,0,5,168,192,17,24,168,57,6,3,83,6,464,0,2979,6,1,97,41,17,6,1,25,6,0,65,19,31,92,23,14,0,536,4,15,19,16,5,9,1,149,34,23,4601,70,41,11,15,28,56,12,46,27,2,23,18,36,0,157,73,52,45,38,10,107,44,1,15,39,23,21,0,5,116,4,7,23,47,70,7,225,152,7,0,18,0,73,20,37,17,34,291,4,107,21,69,16,1,3,28,85,0,44,0,1,200,9,0,29,13,7,6,8,39,43,19,6,0,0,84,1,2,8,6,0,49,18,107,37,44,67,1,0,5,8,19,13,16,3,33,1,113,66,73,5,14,835,0,0,20,29,48,54,41,9,155,1,31,28,15,1,338,9,56,42,2,271,72,480,0,38,83,94,70,3,16,429,30,33,16,16,3,4,69,40,24,221,47,26,5,5,20,6,85,14,1,40,0,6,2,22,6,80,24,121,34,202,24,1139,3,0,20,89,23,186,3,12,114,123,67
cell_291,18,0,4,64,62,0,138,24,123,124,32,8,74,1,58,5,69,18,6,2,117,182,3,11,20,2,2,34,24,3,31,93,1,126,3,1302,91,11,142,61,59,235,15,30,2,248,5,10,7,349,9,20,63,17,76,3,1,0,39,8,0,37,63,1,45,18,73,4,0,70,16,19,26,39,7,25,41,2,19,15,5,8,16,66,150,7,8,0,0,36,2,1,11,23,74,12,247,9,282,192,8,4,1,4,169,23,209,0,100,26,17,69,0,3,33,9,99,36,117,23,43,42,15,490,0,41,282,103,5,1,2,0,184,91,6,9,0,21,5,1,319,56,36,1,5,40,197,0,11,0,3,36,0,275,106,1135,6,1,163,41,8,122,0,7,19,32,9,115,97,101,47,2,1,3,10,0,4,19,10,37,18,27,147,58,29,20,43,111,0,3,0,1,0,0,271,5,76,37,10,5358,6,10,148,0,0,10,7,63,352,0,16,0,0,24,23,133,36,34,0,1714,0,0,0,23,137,7,54,0,91,3,62,122,18,84,22,31,30,26,0,64,11,0,49,0,0,19,10,23,22,1,3,410,9,20,0,10,0,10,21,94,23,76,10,22,0,15,33,332,56,8,1,6,1,12,15,14,121,1449,50,84,16,1,203,201,11,36,132,73,25,0,74,53,456,0,3063,2,14,13,13,8,3,0,37,0,4,65,22,23,92,10,48,0,613,0,12,13,12,15,5,72,31,36,18,4916,75,68,9,19,37,52,16,12,38,0,25,40,18,0,206,44,52,9,0,19,117,2,0,39,85,18,11,1,13,59,7,21,122,0,73,10,250,5,1,1,0,23,83,15,17,37,35,509,5,113,41,50,22,13,3,0,64,0,32,2,3,245,7,1,170,0,0,0,31,48,39,4,3,0,2,38,5,15,34,22,4,8,11,126,1,46,19,26,0,0,0,23,68,17,0,12,0,154,42,109,22,44,862,34,0,5,27,50,118,72,1,13,2,20,15,31,74,38,0,14,110,0,43,72,646,0,44,117,86,64,10,23,103,6,40,327,35,0,1,179,157,66,19,48,28,19,13,0,2,10,3,4,18,21,11,0,69,11,82,23,95,39,172,6,1228,1,11,22,123,2,194,44,7,131,43,67
cell_292,47,0,19,53,18,1,170,43,72,101,21,101,95,19,10,9,32,29,12,20,141,170,11,12,41,10,0,21,36,8,28,86,5,18,74,1062,9,24,88,58,123,56,2,36,9,98,4,8,0,155,13,33,35,18,80,122,3,2,5,1,13,41,13,12,30,55,39,61,34,81,7,6,31,10,0,4,337,1,17,31,70,1,24,87,258,24,22,0,0,70,15,3,200,6,9,32,113,0,97,465,43,2,1,83,195,29,295,7,435,28,17,97,4,16,48,39,136,56,66,109,28,131,47,111,1,39,123,0,0,1,0,0,162,47,36,6,9,3,21,1,177,68,53,0,0,15,111,0,3,2,2,29,0,85,15,820,0,0,144,38,28,72,0,16,5,143,0,202,83,147,55,4,18,3,13,9,11,28,87,23,21,38,57,13,25,5,73,86,1,0,0,2,0,0,303,10,15,1,11,8017,12,0,259,0,0,6,0,36,401,0,2,0,0,39,53,143,14,63,0,1540,3,0,12,4,118,8,62,1,247,4,32,148,46,140,24,29,9,2,5,596,62,0,19,1,0,22,20,12,35,10,25,2,3,25,12,41,0,0,6,106,6,113,24,31,1,5,1,241,49,5,3,90,21,56,14,10,112,2208,71,39,48,11,207,135,3,7,117,71,0,5,102,1,352,0,3045,5,8,0,77,11,1,0,30,0,25,29,11,26,59,24,26,0,386,0,12,21,1,0,20,25,0,4,62,3620,142,102,20,12,60,103,16,38,21,2,22,49,51,2,279,32,30,1,32,30,27,0,1,80,30,80,13,0,37,80,12,8,53,37,30,1,155,15,13,0,30,17,89,18,78,40,8,800,36,60,138,52,10,10,1,11,108,6,33,0,0,221,0,0,166,11,0,6,15,6,131,10,2,2,0,122,1,2,11,30,0,22,5,140,2,42,22,148,1,2,0,9,18,6,6,107,0,201,11,90,74,51,2447,10,0,0,27,6,54,69,27,31,0,6,13,95,11,0,17,58,50,0,262,89,989,0,30,132,70,21,7,60,7,19,27,281,5,0,167,26,179,26,1,69,62,8,0,13,4,18,36,7,195,5,3,5,7,15,65,30,65,26,262,6,740,1,23,5,98,6,140,53,3,173,0,90
cell_293,1,0,0,106,53,2,82,10,33,103,5,59,69,14,0,3,65,5,5,40,106,158,3,0,24,5,4,14,29,4,41,43,52,22,15,1156,15,21,138,87,253,259,5,27,11,240,0,0,9,292,8,29,80,15,90,4,9,1,13,1,16,84,16,0,40,1,87,13,15,72,37,5,141,2,0,7,208,33,6,52,11,0,14,71,0,18,5,0,0,55,18,11,74,11,17,31,153,28,276,126,32,2,3,2,205,18,237,15,396,3,6,35,4,11,25,14,106,51,34,47,107,21,45,465,0,21,609,93,26,1,0,12,160,89,3,5,0,18,0,10,265,33,30,1,13,3,161,1,30,1,6,4,1,432,46,1330,49,2,83,12,7,86,0,20,46,46,14,18,22,89,0,0,27,6,18,0,20,26,5,18,0,22,115,64,24,17,102,49,0,30,2,12,0,0,216,2,182,117,41,5733,6,0,133,0,0,16,2,18,366,25,9,1,1,22,90,32,51,27,0,1703,13,0,9,18,49,4,19,0,87,1,83,12,5,73,21,44,19,17,0,97,68,6,39,0,0,0,20,115,19,3,2,392,37,18,18,13,0,27,49,6,15,74,49,94,0,31,0,364,35,7,2,30,19,7,29,14,140,1350,25,37,3,6,201,155,6,59,160,42,27,5,66,42,459,1,3198,1,1,71,27,14,1,0,12,0,1,64,21,12,60,12,29,0,571,1,19,6,3,0,29,79,5,14,22,4713,40,103,42,5,70,69,39,58,2,4,15,9,28,39,89,56,43,0,0,27,101,112,0,39,62,18,25,0,6,2,9,1,0,7,18,1,217,155,16,0,39,12,75,0,25,5,56,548,14,62,11,78,20,2,1,79,55,8,37,7,0,153,11,54,18,6,0,0,0,20,58,7,5,0,19,86,3,3,24,13,0,35,11,131,16,52,13,17,8,0,0,0,16,26,0,59,0,118,85,65,42,24,826,15,3,12,29,202,46,34,3,473,0,33,4,12,75,166,9,7,79,0,40,88,579,0,40,94,105,53,10,26,198,23,36,299,1,0,0,36,166,55,189,49,25,10,3,12,2,81,21,3,4,36,1,0,34,39,71,76,132,28,247,2,1072,3,2,51,94,7,77,13,7,17,0,68
cell_294,4,0,19,65,13,24,409,27,33,1381,22,27,82,8,43,1,22,5,4,5,58,248,0,22,64,4,0,7,29,1,30,14,34,76,9,699,80,22,153,98,13,59,25,41,3,310,1,28,1,730,1,15,72,2,68,21,14,0,9,0,0,9,47,0,29,262,53,2,3,101,18,2,33,10,3,18,98,3,0,1,2,3,53,59,252,8,3,2,0,16,0,5,65,17,39,17,260,0,222,926,46,3,0,15,160,38,284,2,302,9,10,143,0,6,16,19,117,34,662,91,8,45,38,833,0,44,77,11,5,5,14,21,136,214,8,3,1,15,3,1,4252,75,62,0,1,10,118,0,10,2,0,32,2,117,71,813,45,0,133,48,28,111,1,3,38,66,5,52,55,73,0,0,4,4,13,12,15,33,15,14,2,71,108,68,11,12,730,64,76,23,2,2,0,0,171,35,3,0,35,6648,0,7,254,0,0,11,6,77,372,0,101,1,0,14,19,41,7,37,0,3159,5,11,7,62,182,1,41,0,36,24,9,23,4,57,12,13,96,9,14,24,8,8,67,2,0,6,20,39,16,6,9,384,10,36,23,36,1,17,27,198,11,97,13,7,1,23,57,74,71,9,10,5,10,37,21,2,69,1424,0,64,7,4,226,125,35,10,137,94,109,2,53,0,382,0,2792,1,11,14,1,10,50,1,37,6,6,48,24,19,90,188,42,0,510,0,16,41,19,28,0,28,98,17,55,3879,103,236,12,17,7,41,20,16,148,3,9,17,0,2,204,34,45,18,0,11,65,1,0,63,47,0,9,48,26,24,8,0,70,48,117,0,102,32,14,1,2,12,78,19,247,8,21,452,0,49,62,139,1,41,0,246,145,19,86,5,0,238,0,0,0,18,4,14,45,7,119,32,5,0,7,25,21,0,22,23,5,53,11,128,28,24,22,9,0,0,0,0,53,80,8,67,0,434,73,99,68,28,3838,36,0,40,6,36,148,61,5,56,0,35,12,63,9,4,1,48,107,0,52,116,382,0,26,34,58,19,3,28,8,15,54,25,31,0,1,50,369,0,179,44,116,16,1,0,10,25,39,0,101,2,28,1,81,10,70,19,49,27,93,19,642,1,1,16,51,0,260,21,4,119,97,58
cell_295,1,0,8,61,91,1,87,23,27,74,44,79,25,22,15,51,89,12,5,1,70,202,0,14,27,2,5,14,40,16,45,19,34,92,16,359,18,27,152,164,73,31,27,38,20,211,3,74,6,151,3,32,29,21,31,82,6,0,66,3,0,36,41,7,23,2,67,48,0,65,71,14,74,13,4,13,36,2,24,101,27,1,18,56,109,8,3,0,0,85,6,1,3,11,29,58,141,6,59,89,16,11,0,83,157,11,147,35,176,6,4,65,6,18,28,6,87,54,75,74,30,42,43,144,0,74,59,92,4,1,1,0,116,85,27,8,0,25,13,2,198,37,102,3,10,21,113,1,36,4,0,66,0,41,79,1133,40,2,136,57,73,39,0,20,10,29,2,164,81,82,29,4,8,3,10,0,3,9,5,42,13,5,96,17,5,19,112,106,103,1,0,8,0,0,185,6,3,75,86,5678,2,0,81,0,0,7,8,19,304,4,2,0,5,28,48,38,17,33,0,786,0,7,4,75,65,5,23,0,57,11,24,109,54,57,28,31,29,21,33,87,6,6,25,0,1,47,21,0,30,8,5,593,33,0,3,98,3,13,18,87,6,33,2,52,0,66,0,51,46,3,12,4,2,55,10,0,89,1427,8,73,28,1,81,70,4,19,162,96,28,6,48,11,246,0,2557,2,5,42,15,6,5,1,103,0,4,39,26,27,62,24,26,0,569,1,9,20,9,3,5,36,2,21,113,2523,118,31,5,1,197,58,61,39,63,8,15,5,5,77,29,24,55,1,2,2,67,59,2,38,47,71,60,74,2,73,26,34,100,44,25,10,164,116,4,0,1,1,76,51,55,95,99,262,14,107,111,29,6,10,0,1,96,6,121,2,11,98,3,0,36,18,0,1,52,22,25,11,9,0,15,9,19,16,34,22,1,29,28,89,4,36,12,15,0,0,0,57,28,89,5,15,0,101,40,99,21,36,759,18,19,0,39,56,347,74,9,53,1,7,49,50,37,7,0,73,88,0,0,57,348,0,64,99,97,25,15,31,8,17,17,176,51,2,8,18,83,0,158,79,25,60,0,3,0,46,34,5,11,10,27,4,51,22,73,10,61,51,86,73,1100,0,44,16,114,4,166,43,14,111,81,10
cell_296,5,8,18,84,53,3,60,30,11,33,81,3,68,11,0,3,118,5,20,1,68,100,5,1,7,2,0,22,54,35,65,10,11,67,8,79,0,63,62,55,15,14,6,70,14,113,0,8,1,109,3,12,39,8,28,65,22,85,33,45,14,73,42,9,63,7,45,0,0,73,55,5,30,24,9,58,22,11,70,73,4,0,24,85,71,44,15,9,0,44,0,7,6,0,5,69,78,6,63,58,5,1,0,22,83,35,33,6,83,3,10,63,23,11,31,19,79,84,56,61,24,5,47,37,0,69,37,15,10,16,7,0,97,71,9,21,0,37,9,14,126,80,43,0,11,19,67,6,1,4,8,56,2,63,40,1618,9,0,38,68,119,49,2,29,4,10,8,29,53,22,23,13,17,9,2,18,9,46,2,72,14,6,71,43,68,36,60,89,9,13,5,0,0,0,31,29,79,46,45,3441,18,4,69,0,0,7,58,25,78,0,49,0,0,46,19,74,65,33,0,1692,9,6,7,39,68,3,65,3,9,13,16,83,11,44,75,45,25,5,0,13,0,5,10,0,0,80,20,11,20,0,5,27,16,0,31,0,0,18,36,112,9,73,33,40,0,78,0,31,58,38,17,17,18,47,17,50,41,1597,16,15,1,6,59,63,19,12,53,51,1,4,67,5,84,19,2028,53,5,3,1,44,1,6,37,13,3,62,67,56,62,19,26,9,1122,3,54,23,12,0,25,33,18,41,7,1800,53,35,15,1,15,33,56,67,66,1,6,31,1,22,17,38,60,9,0,24,110,60,5,63,82,14,56,0,20,14,55,27,6,0,8,4,23,40,28,0,21,48,69,23,6,79,6,87,3,64,33,74,17,3,2,63,67,4,103,5,13,49,4,17,3,0,0,4,16,5,86,0,12,0,30,24,29,9,13,68,0,32,11,36,45,51,5,26,0,10,2,32,35,70,4,10,0,64,61,38,0,45,91,15,0,22,39,52,45,27,3,6,16,12,48,13,65,17,0,12,64,0,17,47,94,0,19,73,57,59,28,27,23,29,26,94,8,4,14,20,68,5,45,74,34,87,8,5,7,28,1,7,6,99,7,0,11,2,78,3,69,83,22,5,1270,2,37,17,66,10,54,67,1,32,51,81
cell_297,9,0,17,78,52,22,66,43,58,156,20,15,44,37,10,19,115,1,10,14,31,128,19,17,20,5,0,31,47,22,29,60,3,49,11,397,5,41,146,0,57,20,13,39,31,317,2,20,8,151,0,31,33,20,32,33,4,0,56,16,1,9,12,0,34,85,58,30,0,79,64,1,96,10,2,35,30,0,19,16,19,0,15,81,41,46,39,0,0,40,5,14,14,0,3,49,137,6,97,81,8,1,0,17,216,60,108,24,236,3,10,89,2,7,15,0,63,74,34,72,89,2,47,85,1,62,133,126,14,0,2,10,110,85,12,1,0,38,23,0,222,39,117,0,0,8,126,5,9,2,2,88,2,66,73,1122,15,3,148,46,56,66,0,4,16,40,2,95,79,70,48,5,19,3,37,5,1,17,4,48,35,69,105,39,37,1,41,82,103,0,1,12,0,0,161,1,72,7,25,6063,17,0,189,0,0,1,5,44,197,0,38,1,0,46,44,82,16,14,6,774,0,4,0,12,35,16,20,2,103,6,6,122,30,29,42,23,6,13,25,64,3,10,38,0,0,34,10,9,32,1,2,296,36,0,29,39,6,11,84,52,1,39,25,40,1,66,13,80,33,10,2,11,5,43,8,33,90,1217,56,36,7,0,92,91,20,27,119,104,24,3,53,1,240,0,2548,2,7,71,12,11,4,0,16,0,10,38,33,13,70,41,15,3,616,18,44,0,11,0,5,12,9,50,89,2514,128,29,5,8,27,90,33,52,77,4,9,18,23,90,116,51,82,12,0,31,74,88,2,46,48,92,55,1,12,4,33,10,4,12,48,46,71,88,9,0,0,3,78,9,77,63,28,227,6,104,20,63,9,8,0,0,110,17,135,16,1,237,12,3,64,57,9,0,17,1,90,3,2,0,11,6,38,16,18,9,0,65,19,100,11,16,35,26,0,2,0,17,30,87,0,25,4,101,20,112,33,34,920,19,2,4,29,15,262,49,1,53,0,11,25,32,64,94,0,39,103,0,33,80,348,56,88,109,22,14,23,43,15,59,44,101,37,0,1,19,60,0,154,93,19,37,24,12,7,18,9,12,165,23,18,0,53,3,47,30,60,52,178,109,1238,13,25,14,98,15,211,31,8,27,294,78
cell_298,18,0,16,90,43,5,58,19,48,8,94,16,71,61,0,6,92,5,1,1,61,77,8,49,43,10,2,14,70,87,42,24,27,15,17,68,0,58,73,135,2,33,13,77,11,106,10,37,5,114,6,2,55,11,7,11,9,11,4,22,0,71,28,4,68,18,72,45,0,63,12,22,7,49,15,17,9,0,83,30,13,3,61,67,31,38,21,0,0,76,0,6,1,0,11,45,77,15,22,88,24,5,0,45,95,31,13,11,46,4,16,77,11,1,32,92,11,79,96,74,9,19,44,36,0,60,4,41,3,10,10,0,77,53,7,49,5,4,48,0,132,34,19,1,17,2,73,1,0,11,1,73,6,7,41,1787,5,0,40,72,76,54,4,23,17,11,0,46,72,9,18,2,13,13,10,26,20,46,3,108,24,84,94,35,66,55,68,117,48,10,2,3,0,2,52,3,65,0,50,3410,0,0,97,0,0,17,16,28,44,0,23,1,0,85,28,11,7,59,0,1728,0,0,0,24,79,17,59,6,9,32,4,91,35,49,72,57,26,7,6,57,35,3,31,0,0,89,73,16,38,0,22,15,36,0,18,4,0,1,9,81,6,90,4,8,1,39,6,42,76,48,8,57,11,75,37,21,41,1539,8,6,0,5,47,57,3,18,63,50,9,2,70,12,82,0,2123,7,1,39,1,35,29,0,7,1,58,38,48,94,51,52,34,0,1322,0,26,39,9,13,0,4,0,5,76,1963,5,91,70,1,37,59,51,44,76,22,18,29,0,136,32,67,28,5,1,10,128,1,49,78,64,2,25,0,30,2,38,6,37,6,37,53,19,27,16,0,0,113,75,46,19,33,8,93,2,53,54,75,15,4,1,56,98,2,110,2,1,23,2,0,14,15,7,0,52,7,64,1,5,0,2,24,4,36,20,32,50,17,13,73,16,92,35,10,0,1,3,67,70,37,11,11,0,59,65,96,18,33,103,10,10,0,10,59,57,51,26,4,26,12,119,16,3,16,22,2,75,0,79,41,79,0,15,66,49,46,10,39,4,0,35,71,25,0,21,28,77,17,81,45,48,73,0,3,18,38,27,2,23,36,11,3,22,0,75,0,68,54,79,10,1584,4,14,10,84,0,61,31,0,52,94,60
cell_299,24,0,33,101,58,21,52,31,40,85,96,25,64,38,4,16,108,2,0,11,54,80,34,31,14,0,0,29,70,29,59,17,28,53,4,77,7,77,50,0,64,36,16,76,10,24,0,58,5,102,2,43,35,40,19,19,17,64,14,14,13,54,55,12,60,80,43,10,10,63,69,16,70,3,4,12,56,5,76,61,4,0,48,72,43,28,38,0,0,20,2,15,3,2,18,66,77,10,85,59,18,15,0,10,81,48,55,26,89,0,7,59,5,25,19,0,80,87,56,77,13,38,16,50,1,71,19,43,0,7,3,0,92,32,2,29,0,12,5,3,150,80,75,0,0,0,83,6,4,19,9,42,14,22,27,1583,30,3,46,79,77,73,0,20,12,21,26,60,59,46,7,14,8,12,16,1,2,59,7,77,9,5,70,45,61,8,29,89,9,2,7,10,0,0,39,7,23,0,67,3424,2,0,54,0,0,36,10,48,75,0,15,0,1,28,51,26,29,41,2,1606,2,1,6,21,69,6,52,18,11,21,35,93,12,14,104,36,36,12,4,15,16,0,2,0,0,63,23,26,41,3,11,62,13,0,12,26,0,56,31,100,28,70,19,16,2,35,25,38,71,16,23,37,33,6,17,7,45,1620,11,9,1,3,63,58,11,12,51,49,35,18,67,5,80,0,2078,24,6,19,19,49,9,0,31,20,14,53,35,97,62,8,15,2,1157,0,45,27,4,77,22,31,49,9,19,1969,46,95,3,10,19,34,63,36,79,16,15,11,86,1,36,48,46,1,0,22,114,4,7,49,72,3,72,62,22,2,24,8,3,34,52,7,49,21,18,0,2,5,72,25,30,35,10,94,2,74,38,68,4,6,1,50,83,6,134,1,1,87,9,0,9,1,0,2,9,9,87,3,0,1,40,44,14,3,11,17,0,14,4,65,7,91,8,18,5,1,0,12,43,84,8,24,0,48,64,58,27,57,109,13,0,11,16,82,15,54,11,21,0,10,37,19,52,18,8,0,92,0,15,48,99,0,45,75,21,61,23,32,7,73,30,82,73,2,33,13,64,7,86,63,51,85,5,19,5,26,88,31,31,1,11,1,33,0,68,3,93,43,82,12,1337,2,54,5,61,5,63,37,7,62,144,92
cell_300,51,0,56,56,55,8,91,96,54,193,42,65,37,78,80,30,110,9,9,5,32,173,0,81,20,29,1,20,47,20,51,9,98,35,26,280,1,45,137,167,107,18,19,42,4,88,1,50,39,162,2,49,51,40,61,44,4,11,27,9,0,90,20,1,56,0,23,26,1,73,9,2,18,3,0,26,144,0,19,22,9,0,15,63,136,23,12,0,2,81,3,0,13,1,9,22,12,2,56,83,76,2,0,8,79,70,92,6,212,12,2,19,28,8,24,14,2,61,29,84,34,88,26,99,0,60,174,9,7,9,1,1,105,86,3,23,0,46,5,4,238,35,21,0,19,11,111,1,0,0,0,44,2,22,34,1203,13,0,103,52,110,17,0,43,4,126,0,174,87,137,17,0,20,1,12,2,24,22,8,14,0,15,100,73,49,14,94,99,72,2,0,1,0,0,144,8,29,0,75,6416,20,0,146,0,0,7,10,58,243,10,12,2,0,44,50,109,1,51,0,767,0,5,3,15,105,0,36,0,77,27,19,126,16,42,18,21,22,3,1,67,10,2,18,0,0,11,29,13,16,1,36,574,1,1,13,77,0,20,16,100,22,50,8,8,1,76,0,45,39,2,9,141,15,28,9,2,69,1247,0,24,7,1,101,83,15,14,171,108,5,5,32,3,219,0,2552,14,16,10,12,16,7,1,11,0,20,29,9,67,75,33,9,4,594,1,11,15,6,24,1,13,17,2,115,2559,5,111,33,0,50,83,52,53,78,8,11,23,3,1,97,49,63,5,5,6,82,7,0,33,55,13,52,0,25,4,9,15,152,134,148,0,139,205,11,0,30,17,71,22,34,69,9,333,1,82,37,66,30,9,3,37,45,10,161,7,19,88,1,0,140,2,11,0,123,2,72,1,16,0,16,14,10,35,1,15,0,11,20,100,1,28,71,16,2,0,0,21,19,42,12,1,0,81,70,24,26,27,936,31,1,0,4,75,192,59,7,37,4,2,14,20,87,16,23,81,76,0,20,69,280,1,16,117,74,65,9,15,6,26,14,195,23,2,0,13,87,40,107,89,36,16,1,3,39,4,49,20,96,0,19,0,16,1,80,30,67,47,215,35,998,3,10,42,113,0,18,32,1,65,13,34
cell_301,26,0,1,46,14,10,136,12,142,135,27,66,99,6,9,1,33,9,0,8,127,179,6,2,63,22,5,10,32,14,41,47,7,4,16,1793,50,35,132,44,65,116,7,32,2,194,0,19,45,188,4,31,74,19,92,4,6,11,23,3,0,31,49,7,27,8,68,42,0,98,11,7,78,7,0,4,565,2,24,5,63,2,26,77,232,17,3,0,0,93,1,6,78,2,10,15,116,1,148,0,10,2,2,21,311,62,386,1,459,19,12,109,5,11,33,35,144,45,28,45,91,141,64,638,0,39,24,34,12,2,17,2,189,200,30,19,0,21,6,1,188,22,31,0,24,24,171,13,15,1,4,48,6,87,30,790,79,8,205,36,29,46,0,1,38,80,0,125,77,85,30,3,9,0,10,43,1,22,52,10,17,37,63,54,19,11,284,90,81,3,5,8,47,0,232,0,7,24,28,7336,0,12,73,0,0,3,16,34,225,0,57,3,0,0,21,15,29,42,0,1564,0,0,0,27,133,9,60,3,211,5,44,73,36,54,23,39,54,16,0,512,26,1,42,0,0,24,20,66,36,11,26,200,24,0,3,12,2,10,31,12,10,88,18,45,1,12,28,369,42,22,13,9,4,5,18,0,128,2275,62,33,35,1,192,138,13,5,100,82,17,0,73,10,336,0,3213,8,7,105,13,15,1,1,52,0,11,37,20,36,82,26,13,2,387,2,19,44,0,0,2,15,48,4,52,3755,65,68,3,13,116,69,23,59,135,1,38,56,17,8,107,64,51,7,11,22,32,104,7,48,32,0,10,0,51,58,8,0,8,36,39,2,177,128,3,0,1,7,82,10,85,31,14,728,1,74,66,70,11,15,0,74,103,3,44,0,1,373,7,0,205,13,0,23,13,100,92,12,0,0,5,19,10,1,20,9,0,5,15,118,32,37,32,114,0,0,3,13,24,31,0,98,0,328,56,71,51,36,3584,27,60,0,27,0,68,101,12,113,6,16,13,129,4,432,0,112,62,0,54,99,1010,0,27,140,55,10,11,78,80,20,68,96,9,0,0,83,211,21,105,111,114,8,18,0,21,16,10,2,0,42,16,0,64,56,63,34,66,30,299,41,872,0,42,18,99,4,156,40,2,231,0,101
cell_302,5,0,30,45,51,9,103,52,75,71,43,18,39,20,7,29,83,6,20,9,60,98,4,35,13,16,0,16,57,14,18,6,89,59,4,386,1,36,146,369,59,19,2,28,2,365,0,22,5,167,4,51,53,27,33,35,3,1,21,8,11,107,32,0,64,50,16,43,26,84,5,1,125,0,3,43,109,1,15,63,3,14,18,72,87,44,27,0,0,60,2,11,13,7,7,40,121,2,72,60,53,1,0,19,119,62,90,6,224,0,6,83,8,8,11,18,59,59,47,102,88,51,42,221,0,32,59,28,0,0,7,27,110,88,0,31,2,20,20,0,239,40,14,0,0,3,129,2,0,4,1,126,0,43,18,1100,53,0,114,37,86,78,0,37,28,80,4,61,43,34,5,0,48,0,28,15,3,16,9,43,0,25,76,52,38,1,8,59,22,0,6,14,0,0,123,6,115,0,56,6342,2,0,192,0,0,3,8,41,252,0,0,0,0,9,83,169,37,48,0,814,0,17,0,8,25,0,22,1,28,60,33,150,8,14,54,28,18,4,0,53,6,8,19,2,1,23,21,8,28,0,34,349,11,3,21,26,0,6,65,90,19,68,25,6,0,21,4,67,44,0,6,5,5,16,17,5,33,1293,9,27,16,1,88,81,3,22,137,128,17,16,63,34,193,9,2746,18,7,51,10,17,7,2,54,3,44,19,21,47,53,21,18,8,549,12,21,5,0,0,16,4,38,4,124,2465,38,14,47,0,65,58,29,73,68,2,22,8,13,27,124,28,46,9,5,27,97,31,2,30,48,0,72,0,19,4,21,4,64,0,177,0,108,98,9,0,21,43,71,25,34,75,22,311,0,78,9,69,0,4,0,5,102,6,132,0,12,34,0,0,11,16,0,5,7,6,51,19,0,0,2,43,11,25,11,6,0,121,6,82,0,43,54,14,3,2,0,14,33,33,0,2,0,104,66,96,36,31,893,13,24,3,34,40,72,47,0,65,0,9,42,2,0,111,1,34,77,0,41,71,387,2,31,67,72,40,4,12,0,17,38,172,25,0,0,23,106,29,151,79,52,40,1,16,2,1,7,20,57,21,17,11,10,3,85,76,78,50,173,31,1072,5,22,16,48,15,73,35,12,52,76,73
cell_303,8,0,8,86,37,24,80,45,18,3,102,5,68,66,8,5,103,2,33,10,69,92,21,109,19,0,11,46,57,51,54,36,44,27,14,35,18,84,61,116,90,22,9,86,11,104,0,1,8,79,9,69,57,16,47,12,1,0,6,26,0,39,31,0,62,63,39,12,0,67,17,17,19,10,3,70,3,15,27,73,0,1,65,80,51,16,7,2,0,57,3,5,10,0,17,49,84,13,23,63,66,4,26,15,58,28,60,2,80,0,24,54,19,19,46,49,95,97,79,65,49,42,59,28,1,66,23,49,0,6,5,0,93,38,6,9,0,29,10,13,140,121,73,0,16,4,73,2,9,18,0,86,0,71,56,1805,26,0,26,70,14,58,1,31,7,6,24,42,66,71,0,4,7,20,11,2,2,41,3,81,10,34,78,24,75,23,16,87,33,0,0,5,0,5,59,9,4,6,69,3181,0,0,88,0,0,3,16,56,93,6,0,0,0,69,10,46,4,31,0,1809,9,0,19,24,44,8,50,1,18,14,47,86,5,26,67,73,32,5,78,0,12,0,22,0,0,75,44,12,43,0,17,45,49,0,46,22,25,77,60,6,56,42,93,13,4,28,56,55,72,45,7,33,10,12,12,3,46,1670,28,5,0,59,57,62,0,36,76,47,18,1,60,1,72,0,2225,2,0,48,1,22,5,6,50,0,19,55,52,18,12,5,16,9,1191,4,71,24,12,0,22,10,89,16,66,1921,74,27,4,4,6,48,87,92,58,14,13,30,41,6,45,59,64,0,0,37,110,49,5,64,59,49,116,8,5,0,34,4,15,34,19,2,57,27,3,0,0,16,67,46,55,65,19,106,2,70,17,52,18,11,0,38,30,6,112,4,54,57,5,0,28,17,0,0,51,3,70,5,6,0,14,43,40,18,45,39,0,30,37,53,0,79,23,9,8,0,0,21,36,110,7,69,0,43,59,86,48,59,121,12,12,18,27,81,129,61,3,16,9,9,91,18,57,51,5,8,76,2,38,39,81,0,21,64,73,41,7,44,10,62,72,30,57,1,0,18,64,10,20,40,39,65,5,1,2,14,102,4,69,12,24,0,59,14,99,3,97,44,59,0,1358,1,55,14,41,22,49,70,4,12,29,15
cell_304,55,1,28,83,36,1,41,25,47,28,92,14,88,41,3,5,131,1,8,5,66,75,18,49,35,8,0,8,67,93,70,0,30,50,7,13,13,94,45,0,59,50,6,79,22,71,2,34,4,111,0,64,54,24,4,31,1,31,77,66,12,15,43,9,63,51,22,0,0,55,31,51,54,25,5,25,32,11,40,48,9,2,42,17,9,33,15,0,0,35,0,13,5,31,7,49,92,3,58,63,6,22,14,1,91,53,76,47,100,7,12,63,21,22,23,0,11,85,78,39,38,16,5,15,0,58,41,96,0,3,4,7,73,5,1,3,2,33,1,10,138,45,40,0,0,4,69,3,9,4,21,69,4,36,51,1823,61,14,42,66,114,52,0,10,7,17,0,25,62,38,23,9,8,3,9,15,10,64,4,80,14,17,98,61,74,16,23,86,94,43,1,10,0,0,44,1,19,6,73,3207,2,0,73,0,0,19,21,27,92,3,37,0,6,64,33,93,13,44,0,1819,1,4,2,29,67,10,53,9,16,28,32,43,7,0,83,5,39,10,1,2,7,0,21,0,1,42,34,4,85,2,29,113,16,6,4,9,0,21,39,99,25,53,42,20,9,59,6,13,73,84,1,16,7,13,19,18,40,1492,35,35,12,0,59,40,7,7,34,58,53,2,47,29,92,25,2217,11,0,12,10,52,10,0,13,2,6,32,7,94,53,39,16,5,1189,25,16,1,1,98,40,2,64,24,1,1902,2,25,28,6,0,57,19,52,57,2,4,10,11,13,5,61,23,0,6,47,110,103,16,61,78,0,80,4,30,30,28,4,26,12,1,1,65,59,37,0,2,2,70,83,14,60,33,80,36,44,11,25,22,9,0,33,66,5,101,6,3,45,3,0,29,1,0,11,2,4,54,21,3,1,13,34,6,29,18,61,6,18,7,71,3,79,23,9,6,0,1,53,43,2,27,48,0,29,55,62,10,53,121,56,0,4,35,12,48,53,5,25,23,8,37,17,11,17,80,23,82,1,6,43,64,0,0,26,72,13,3,21,35,47,30,6,22,5,30,27,66,0,71,45,35,91,9,3,10,79,64,11,21,93,6,0,50,7,66,0,58,46,21,34,1409,9,53,17,92,0,63,14,0,72,107,28
cell_305,11,0,4,49,3,4,478,46,135,1067,14,6,60,47,0,79,24,3,0,18,50,218,25,0,79,3,0,10,30,9,18,74,12,23,20,817,24,17,189,76,38,123,20,38,8,195,6,54,5,447,1,23,60,6,93,2,9,0,13,7,0,8,23,1,6,0,66,66,0,88,13,4,132,15,1,0,272,19,9,0,4,0,43,61,277,10,42,1,0,38,0,1,89,1,28,10,92,6,74,339,67,2,0,5,219,22,196,27,289,0,16,76,7,10,18,0,119,77,218,45,47,216,7,848,8,51,99,13,21,2,2,42,91,169,9,12,0,8,6,0,4281,55,33,0,3,1,121,0,9,3,2,63,0,113,69,800,12,0,96,52,56,59,0,7,77,48,0,123,53,102,0,0,17,11,7,13,9,56,5,23,9,16,102,52,20,9,666,68,33,16,0,0,0,2,211,8,54,31,41,6351,6,0,301,0,8,5,16,73,176,0,116,0,1,22,16,65,0,47,32,3180,8,0,12,21,266,17,33,1,54,41,22,48,4,58,16,13,35,20,19,62,23,5,10,0,8,10,46,91,9,10,15,5,27,0,22,2,0,1,43,5,8,107,25,86,10,7,8,121,70,15,16,46,11,70,23,3,64,1557,2,4,1,16,222,112,4,14,98,101,40,4,53,27,335,0,2887,8,0,2,31,14,21,0,7,1,8,23,19,4,85,209,34,0,522,1,9,85,19,0,8,6,65,44,55,4072,15,232,39,48,6,122,22,99,111,1,57,7,0,1,48,61,33,1,1,6,76,0,2,71,24,3,22,15,40,35,21,0,93,23,35,0,59,118,14,14,8,0,73,14,235,7,5,279,2,103,6,164,5,8,0,52,109,1,83,9,59,160,16,0,0,12,1,1,35,20,112,22,11,1,7,116,1,0,19,24,0,66,15,141,8,47,35,20,1,2,4,7,8,28,1,54,0,377,63,80,19,28,3836,12,0,27,19,36,114,67,43,37,4,65,11,55,14,25,6,50,86,0,66,102,394,0,14,47,41,20,3,20,17,11,62,72,21,0,0,39,377,24,186,90,81,15,43,2,2,9,16,7,77,1,29,3,73,5,75,18,53,21,140,3,721,3,5,28,60,1,38,8,1,60,62,95
cell_306,41,0,9,72,20,2,336,142,17,34,22,31,100,67,0,6,21,21,22,3,91,194,14,15,47,1,2,17,24,6,19,25,15,13,13,623,5,14,106,15,35,157,21,32,6,203,1,0,2,78,29,10,15,12,179,54,24,0,18,4,0,14,1,0,35,88,30,23,1,67,4,2,29,93,18,18,123,4,27,31,2,0,48,81,330,21,0,2,1,58,58,4,31,2,52,11,193,5,31,538,69,5,1,13,197,38,98,0,114,0,13,29,4,8,10,24,96,55,102,112,8,62,42,176,2,34,49,0,28,8,1,0,140,71,5,0,7,8,10,8,605,81,35,0,22,1,119,11,22,0,4,22,2,134,44,712,6,2,79,46,39,38,0,19,18,48,2,149,64,104,2,2,56,4,1,0,4,36,58,21,6,9,81,22,10,4,37,49,34,30,14,10,2,0,364,7,15,14,41,5802,31,0,184,0,0,0,15,19,278,0,106,0,0,16,43,92,6,29,0,2492,0,0,2,73,125,3,65,2,57,5,53,49,0,127,19,27,33,5,2,169,30,26,28,29,0,16,26,13,70,2,18,142,10,20,11,13,3,2,26,187,15,51,29,100,0,5,0,36,72,9,12,26,23,40,28,0,87,2031,26,6,58,20,367,96,1,40,134,85,0,1,40,77,311,10,2374,4,0,9,2,8,16,6,14,0,2,24,9,4,49,18,25,9,597,0,16,25,27,0,13,93,34,13,26,4582,83,56,6,4,22,39,16,39,82,1,52,10,6,0,252,64,24,2,2,26,27,88,4,130,55,149,5,0,20,32,4,14,3,78,48,5,204,207,18,0,22,18,96,3,138,38,47,339,10,106,29,103,2,35,0,0,89,28,37,10,2,132,10,0,39,25,5,45,42,1,101,4,0,0,22,155,3,3,12,20,0,31,31,150,9,37,46,36,55,0,0,17,23,6,6,11,2,210,57,63,108,37,1003,4,0,8,20,73,90,87,4,202,0,86,7,85,39,439,3,57,70,0,34,91,167,0,9,126,83,2,1,91,12,4,41,78,41,3,0,23,41,30,153,83,61,19,3,2,5,26,16,1,14,4,11,0,10,2,21,11,40,26,37,3,614,0,15,21,73,9,223,1,1,68,44,68
cell_307,25,0,11,39,23,6,627,57,41,2162,16,99,88,79,64,42,29,4,14,0,51,159,6,25,65,42,0,8,34,8,26,9,15,87,4,111,32,17,162,20,13,29,46,36,0,270,0,11,8,697,2,38,75,12,125,79,0,15,19,6,3,28,60,2,33,0,74,1,1,74,9,1,85,12,1,18,59,9,21,40,35,0,48,7,274,14,28,0,0,41,0,3,39,0,24,25,271,6,259,910,94,0,0,15,77,33,275,9,290,2,26,130,4,17,13,16,118,67,326,106,29,224,36,364,0,46,158,6,0,2,7,4,123,89,5,5,0,3,12,1,4049,73,58,4,0,1,125,3,0,1,2,116,6,64,37,797,59,0,87,41,32,65,0,18,7,168,6,132,62,90,0,1,44,1,20,10,9,73,57,14,7,63,101,61,27,9,156,60,101,0,0,10,0,0,318,9,55,8,55,6367,6,0,246,0,0,4,10,54,254,0,32,0,0,22,55,127,64,60,0,3079,0,5,5,55,128,1,59,0,24,1,34,42,3,46,24,7,96,13,0,26,9,0,2,0,0,20,51,76,90,4,5,81,23,0,20,12,1,8,37,259,14,96,0,33,4,13,3,177,65,26,6,5,12,2,42,5,78,1499,9,59,3,4,280,96,13,29,109,96,16,4,45,2,380,0,2662,5,0,38,15,4,0,3,16,2,8,37,21,28,76,60,8,3,564,1,19,22,13,5,26,18,113,64,26,3985,89,263,10,28,17,18,20,29,55,3,17,11,20,0,128,52,32,79,2,24,71,74,1,85,67,40,14,5,12,26,26,0,26,0,26,0,139,161,3,0,26,15,96,9,261,37,16,254,0,109,23,48,10,31,0,212,110,15,78,0,0,136,35,0,265,5,0,37,87,57,123,5,9,0,2,56,5,14,8,1,8,68,8,140,6,18,45,20,4,0,1,19,27,16,8,15,0,417,74,81,26,35,4215,7,0,2,19,61,67,72,6,85,0,21,12,112,42,322,0,140,70,0,98,102,292,96,87,66,39,14,7,16,46,11,42,48,28,6,2,13,270,44,180,95,40,23,18,0,8,40,14,5,10,1,9,0,77,2,50,11,41,20,126,58,778,3,18,8,70,4,359,24,0,93,115,75
cell_308,28,0,5,44,24,0,623,116,93,2399,5,4,97,15,16,32,27,0,2,21,71,193,7,4,79,0,3,18,35,2,33,8,1,2,6,895,3,14,175,87,11,80,26,44,1,202,1,58,48,610,3,32,66,4,53,2,0,5,12,2,1,11,94,2,12,264,79,22,10,85,28,17,56,4,3,12,245,6,24,50,38,0,52,60,207,7,2,0,0,82,8,0,9,3,7,29,329,7,76,715,15,0,4,6,181,31,261,7,243,0,9,184,3,8,4,6,2,66,106,127,92,752,34,844,0,35,0,9,1,0,3,11,137,14,1,4,19,3,4,5,4109,88,85,1,0,7,119,15,27,0,2,94,4,23,15,809,47,0,117,49,43,72,0,6,9,47,11,79,83,91,0,6,5,2,7,17,3,25,44,25,2,10,106,56,24,1,242,50,83,8,13,6,1,0,291,0,35,2,55,5921,1,0,337,0,0,60,9,35,357,3,24,0,0,32,49,7,60,71,0,3374,0,0,5,5,382,3,20,1,67,14,45,44,6,19,22,16,117,12,0,73,12,1,34,5,0,18,23,17,73,4,12,155,20,0,0,6,0,2,26,104,0,98,11,34,5,19,0,204,57,25,1,12,20,12,38,2,68,1365,18,49,48,11,311,97,0,13,113,102,185,0,41,30,363,0,2651,2,1,77,15,6,4,0,18,3,10,37,26,3,90,38,18,4,575,0,19,35,1,0,17,48,111,20,15,3758,114,36,19,1,17,39,27,32,133,0,39,5,31,15,214,68,38,27,120,27,72,90,4,52,34,19,7,0,32,145,23,3,23,16,43,4,188,17,7,0,0,7,75,27,651,40,7,422,6,86,85,190,8,15,2,1,129,9,70,1,1,282,25,4,317,11,0,11,0,0,106,4,5,0,11,128,14,1,31,24,2,5,6,131,6,39,49,89,1,0,0,20,57,97,0,22,0,322,54,94,90,36,4264,42,0,0,23,12,50,84,60,10,0,31,16,4,33,556,0,15,81,0,63,64,349,0,10,86,58,14,1,20,2,7,75,76,58,2,0,65,314,0,107,57,127,18,31,0,23,20,19,6,107,1,12,2,16,3,63,11,59,27,90,50,787,2,28,14,44,20,280,43,0,68,137,48
cell_309,26,0,12,48,33,10,171,67,115,439,30,23,84,4,65,20,28,16,1,31,133,111,13,4,25,8,0,11,34,6,36,86,12,63,16,1327,11,27,101,21,64,40,11,31,9,69,15,46,1,237,2,2,87,9,23,130,4,4,2,3,0,13,49,17,27,0,72,3,1,99,3,3,103,5,0,7,663,0,20,44,1,3,17,60,194,12,1,0,0,86,0,0,263,0,7,7,276,1,144,454,16,1,5,37,241,20,307,1,465,0,14,113,2,8,46,9,150,65,64,100,32,27,91,816,0,55,113,33,0,2,2,0,173,138,5,18,0,15,8,0,133,67,22,0,0,1,163,4,13,0,1,33,3,159,111,831,89,2,252,30,35,56,1,12,3,79,5,162,42,122,16,3,15,2,16,1,0,30,160,23,10,24,65,62,22,16,122,57,0,60,0,21,0,0,373,2,74,0,19,6594,2,0,152,0,0,4,33,36,240,0,101,0,0,20,85,22,11,61,0,1651,2,1,10,12,105,9,66,1,11,21,32,155,42,210,13,22,55,17,0,127,5,2,104,0,0,17,22,77,12,8,12,161,3,0,40,19,2,12,17,109,1,116,11,4,0,1,0,335,45,5,5,5,2,10,23,0,171,2497,60,8,80,0,229,124,14,9,144,65,5,1,82,2,405,0,3203,8,6,87,8,13,7,1,69,0,5,31,10,47,96,16,13,0,402,0,13,32,8,0,42,83,28,14,12,3682,67,31,4,48,9,62,18,27,140,1,17,29,54,0,85,49,52,0,8,45,27,0,2,66,58,63,24,0,21,40,5,2,145,33,146,0,217,149,23,0,31,11,83,19,296,38,18,759,2,26,126,79,4,56,0,22,108,8,31,6,0,111,27,0,374,47,0,69,29,4,73,8,6,0,3,28,19,1,15,3,6,36,16,151,13,31,22,83,5,0,0,22,68,33,3,12,12,355,69,136,88,52,3030,13,0,0,34,28,31,99,26,81,0,36,10,25,35,785,1,243,30,8,105,124,1004,0,93,67,73,19,1,52,52,28,49,181,8,7,2,114,180,27,232,84,97,23,4,2,17,20,16,5,136,0,16,0,74,0,74,12,81,41,175,40,835,1,39,18,112,2,126,40,31,166,38,129
cell_310,11,0,6,122,11,0,103,36,9,217,37,0,57,4,70,25,56,61,8,0,88,119,5,40,20,5,0,25,14,13,30,147,19,38,12,1247,475,14,167,70,39,260,16,21,1,233,2,21,26,252,3,1,74,9,99,67,6,0,42,6,0,11,31,0,41,0,26,26,2,65,19,10,19,14,4,22,30,32,15,27,1,4,26,95,261,7,3,0,0,42,0,14,59,5,0,13,161,4,115,233,69,24,1,5,232,25,194,31,479,15,10,90,13,2,85,2,109,59,84,51,11,58,5,492,0,33,213,11,3,1,3,0,159,112,35,35,0,14,28,2,382,63,30,0,14,5,152,0,39,1,1,43,1,407,95,1281,13,0,115,29,40,59,0,8,80,20,2,146,92,141,0,7,23,8,4,13,11,23,2,27,5,22,147,67,27,8,30,115,83,5,0,0,0,4,167,9,11,81,19,6648,25,2,46,0,0,9,24,42,246,0,4,0,0,33,27,47,21,19,0,1743,7,0,26,38,49,3,43,0,5,5,75,100,25,43,29,24,6,4,51,200,50,2,1,0,0,0,30,23,7,7,19,1,30,14,72,6,1,4,37,54,14,65,9,8,6,10,10,359,34,26,10,21,3,51,17,0,94,1136,28,18,75,10,165,154,1,23,151,80,12,0,67,17,406,0,3023,3,2,71,2,17,6,2,67,1,4,53,20,24,29,3,5,0,574,1,16,34,38,0,6,4,117,18,40,4631,63,67,42,48,44,31,0,60,38,1,52,56,0,5,171,77,25,6,0,13,87,44,1,38,65,22,15,0,15,38,4,2,9,71,37,6,137,15,23,0,0,7,85,15,102,8,1,530,17,120,49,101,16,3,0,28,121,2,36,0,5,349,39,3,4,9,0,0,12,41,89,5,1,0,13,37,19,17,22,20,1,29,17,29,5,48,14,9,2,2,0,12,50,0,1,82,2,277,53,76,46,31,716,13,12,5,17,202,143,92,4,197,3,12,26,51,74,0,4,19,45,0,67,49,499,0,84,129,35,80,0,29,31,9,28,152,15,1,0,87,136,12,206,50,56,28,2,0,1,42,18,5,60,3,25,9,98,1,84,17,132,44,260,101,1177,0,16,73,176,7,126,45,0,2,28,3
cell_311,17,3,1,50,15,1,205,33,80,449,7,12,63,68,91,5,20,10,29,21,54,156,2,47,90,0,4,6,22,7,17,40,3,0,25,802,10,15,156,91,24,55,59,24,10,235,3,37,35,731,7,1,58,14,73,12,27,0,16,6,3,4,106,0,29,154,100,9,4,85,15,15,73,37,4,10,152,4,25,38,10,0,55,52,180,11,1,0,0,24,0,3,94,1,61,19,260,4,32,723,32,15,2,12,103,9,203,15,313,11,6,150,0,3,10,12,53,64,216,40,41,192,29,98,0,51,100,7,8,2,8,27,129,154,2,1,7,14,8,2,4236,64,80,1,0,7,129,1,40,3,2,59,3,75,76,824,24,2,119,50,9,103,1,5,16,65,4,66,79,69,11,0,15,2,15,7,26,41,12,23,15,38,106,22,19,12,152,59,116,0,0,7,59,0,320,7,55,18,62,6390,17,0,276,0,2,8,9,20,65,0,60,0,0,41,6,84,8,53,44,3267,0,3,0,13,135,4,58,1,19,23,13,36,10,76,19,14,74,7,3,51,8,4,25,0,0,5,37,9,28,7,25,210,16,47,7,88,14,8,60,133,5,58,11,8,0,14,4,58,51,17,5,17,19,63,24,4,10,1330,84,14,4,0,292,83,16,4,110,111,87,0,41,14,336,0,2767,4,0,3,21,7,52,6,26,0,3,23,26,11,50,136,16,0,519,1,17,17,11,0,3,17,105,6,52,3823,30,58,24,45,77,43,3,20,106,1,21,6,6,0,250,15,6,11,0,15,51,27,3,64,22,116,14,1,11,33,10,2,142,5,46,0,136,76,11,12,0,5,78,4,54,26,0,436,5,121,10,190,2,10,0,77,154,4,63,5,0,80,26,0,274,47,0,8,29,26,83,13,0,0,10,24,2,5,20,1,1,51,23,140,21,27,26,21,5,0,2,19,37,64,7,32,0,341,81,70,0,34,4262,14,57,29,26,94,44,60,18,130,0,85,12,55,39,84,2,46,105,0,7,98,266,0,48,17,51,11,9,23,31,12,56,29,60,0,1,34,458,17,155,77,84,23,87,0,5,24,22,2,40,14,13,11,56,0,50,1,39,30,25,54,733,3,25,21,45,2,394,18,1,163,94,79
cell_312,17,1,27,41,18,22,646,44,94,788,16,26,102,73,89,6,31,8,4,25,69,184,3,23,30,13,0,11,35,12,17,89,10,38,50,518,16,15,182,9,20,44,45,37,2,285,0,38,3,593,11,31,61,1,207,64,4,1,15,13,18,41,91,3,32,277,85,67,0,96,42,2,55,20,2,21,297,0,13,3,212,0,52,44,268,22,8,0,1,58,5,5,118,0,30,28,298,1,95,819,102,2,1,47,164,5,150,13,307,0,1,141,0,16,14,2,152,75,320,88,48,155,30,631,0,39,82,23,0,0,4,0,124,86,35,17,0,27,3,2,3652,84,90,0,0,0,89,0,0,6,1,93,3,13,45,886,9,0,79,45,45,73,0,2,1,112,2,118,88,87,35,0,34,1,7,10,14,61,45,34,2,16,108,55,27,14,226,60,110,0,10,6,0,0,308,2,52,5,49,5955,18,0,256,0,0,50,23,64,220,1,7,0,0,35,62,57,13,49,0,3201,11,3,0,13,228,2,39,0,29,20,17,41,0,70,18,18,23,3,0,79,50,3,18,0,0,1,56,72,69,0,15,30,20,7,34,22,0,6,34,235,20,100,6,57,0,10,5,52,57,34,3,28,22,21,29,1,62,1381,9,6,0,0,242,82,3,11,118,105,1,0,47,2,383,10,2883,5,6,16,0,21,11,0,14,0,4,11,13,22,56,89,15,6,525,0,15,0,16,0,13,31,83,4,63,3883,29,45,6,13,16,54,16,77,5,0,6,5,8,2,228,40,42,6,1,30,75,27,9,69,40,1,9,2,65,41,9,0,14,0,43,1,169,46,17,0,6,13,89,8,289,46,41,442,18,117,54,196,2,9,0,0,20,33,65,4,0,221,10,0,102,12,0,55,131,28,107,3,2,0,40,125,3,4,20,47,0,41,17,136,11,29,53,7,2,0,1,28,62,19,3,59,0,322,80,73,27,34,3906,11,0,1,22,11,66,87,14,134,3,15,14,113,7,241,9,114,68,0,128,97,328,0,37,65,44,21,6,22,35,16,21,54,24,9,0,29,299,52,98,95,135,25,133,1,3,12,14,11,4,28,3,0,57,8,79,7,16,23,142,6,843,3,14,25,59,5,232,40,7,146,35,83
cell_313,18,8,16,112,9,0,63,17,46,139,39,27,201,10,0,10,32,4,0,0,95,141,25,10,90,0,0,27,18,5,41,72,12,60,18,870,377,34,275,0,269,286,3,36,2,308,1,10,13,154,3,43,151,2,172,33,4,0,56,5,1,71,26,0,23,61,71,19,5,50,56,16,38,39,1,21,60,3,10,23,4,2,19,80,386,23,2,0,0,20,0,2,5,0,2,44,126,2,131,14,24,0,2,3,248,3,294,36,357,17,4,206,4,1,160,7,52,38,67,53,47,56,31,15,1,45,174,152,1,0,0,10,206,23,10,31,0,0,2,0,179,23,18,7,16,30,130,1,8,4,0,11,2,1798,98,1694,33,0,97,40,22,114,0,8,28,98,0,143,42,160,4,5,6,47,6,0,10,52,0,44,23,6,206,66,31,28,19,43,104,28,0,4,0,5,244,10,89,53,13,7360,18,0,18,0,0,8,15,29,296,0,6,0,0,10,44,19,17,24,3,413,7,0,6,63,87,1,105,0,3,7,15,68,135,11,34,79,29,14,7,18,135,2,8,0,2,10,22,96,50,10,10,15,33,0,12,2,0,9,8,34,21,169,4,72,2,21,6,96,76,10,13,31,8,1,22,0,204,1572,0,38,23,0,161,194,18,11,402,222,3,12,78,0,215,1,3390,1,4,100,18,11,6,1,34,9,1,42,7,89,115,90,21,1,621,0,32,14,14,0,24,90,39,9,4,4389,42,135,8,18,28,17,4,45,39,23,60,44,25,4,371,79,65,3,15,37,28,35,4,95,109,31,12,0,43,103,8,1,224,78,70,0,69,64,33,0,14,3,61,28,10,75,56,707,5,106,87,34,2,36,0,18,183,2,33,3,6,57,5,0,131,3,3,0,10,203,62,5,7,0,3,9,12,8,18,17,11,39,8,47,20,23,73,6,0,1,0,53,42,0,0,84,0,153,14,43,14,37,798,0,0,13,2,6,163,90,8,116,10,15,32,81,1,277,84,348,139,0,44,127,1087,0,15,114,127,315,2,45,39,26,27,437,22,0,12,41,102,0,317,30,46,16,0,8,5,41,16,4,177,0,1,8,134,1,64,10,68,46,316,55,1021,1,12,11,64,3,13,19,0,175,81,67
cell_314,13,0,19,89,52,1,116,28,52,223,32,69,62,25,9,15,60,17,0,14,101,127,7,13,34,1,1,26,40,4,38,22,27,34,10,505,2,26,163,7,57,116,1,24,2,385,0,53,19,158,8,18,84,5,63,22,11,12,38,0,7,55,62,14,58,27,79,13,20,65,15,1,56,0,2,2,180,14,16,28,11,36,17,41,147,13,0,0,0,56,0,3,36,0,14,43,133,14,9,108,73,5,8,3,206,24,182,14,374,15,14,80,3,7,16,42,75,62,57,57,96,78,30,107,0,27,52,1,0,0,9,0,164,40,7,17,0,5,3,0,304,12,42,2,0,17,133,5,11,10,1,39,4,22,57,1660,21,0,137,47,29,109,0,30,28,79,5,91,21,38,22,3,8,7,19,7,3,22,6,28,0,27,96,73,26,19,63,42,35,0,0,2,0,0,209,0,71,0,25,5546,2,16,89,0,0,6,7,29,119,0,1,0,0,43,35,14,12,64,52,970,0,1,11,1,132,12,59,3,28,29,46,83,24,129,30,51,27,29,1,108,56,1,14,0,0,0,26,72,108,2,36,461,45,0,12,143,0,12,17,8,22,83,63,40,1,19,11,198,59,5,11,13,16,10,14,5,60,1491,2,47,9,25,173,110,6,19,227,104,4,7,59,0,303,1,2978,5,7,57,0,18,42,4,76,7,12,17,11,45,81,44,17,0,766,0,12,27,11,0,0,24,133,15,70,3297,36,45,17,13,23,29,28,41,16,2,18,5,55,4,198,73,53,0,12,19,57,148,3,45,29,1,42,0,18,208,3,7,10,62,20,1,20,35,27,6,3,36,36,19,39,25,47,423,14,81,87,59,5,21,0,71,51,0,54,7,11,319,6,0,52,8,5,2,7,49,66,13,3,0,20,42,28,4,25,9,0,1,16,85,10,32,53,13,15,0,2,61,32,101,19,5,0,152,79,124,62,27,821,12,2,18,30,33,96,79,20,204,0,3,27,28,56,16,24,2,93,0,143,116,432,0,16,71,76,97,7,20,12,4,18,177,28,29,0,47,157,5,0,50,40,15,30,0,30,61,77,5,2,11,15,0,34,4,78,25,55,45,256,98,1427,4,10,18,109,2,193,51,2,64,164,67
cell_315,22,0,41,89,30,28,72,18,18,45,97,0,70,33,31,10,91,16,5,11,68,64,5,24,53,11,2,15,64,41,43,0,60,54,9,88,59,61,60,86,12,12,18,62,4,100,0,43,15,106,0,37,9,6,65,8,11,83,23,13,1,39,70,11,40,51,20,14,0,70,3,57,11,5,3,7,68,41,59,84,0,1,46,78,58,22,19,5,0,97,0,8,19,3,12,28,93,8,19,99,63,3,0,3,68,57,54,4,89,8,9,63,13,2,33,24,79,57,75,33,21,16,15,25,1,60,5,72,1,1,3,0,73,25,3,24,7,9,47,0,148,84,46,15,1,17,72,4,6,0,11,71,1,57,3,1888,15,0,48,59,18,78,0,44,32,37,19,62,64,50,12,0,8,5,19,12,7,74,2,65,2,25,74,52,90,7,15,92,93,0,1,0,0,1,65,15,4,0,74,3084,12,0,28,0,0,22,47,39,73,0,42,0,0,41,23,7,47,50,0,1710,17,5,4,34,56,3,66,0,8,19,42,69,19,20,95,61,1,4,2,1,9,9,12,0,0,86,34,5,60,1,70,83,108,0,66,36,0,7,50,75,9,72,62,21,2,33,0,12,88,32,13,11,37,33,34,20,43,1588,7,8,3,7,66,54,14,24,75,56,2,4,35,15,101,4,2212,4,0,4,1,57,40,10,35,0,17,39,59,94,51,0,26,6,1125,0,41,17,15,0,16,2,70,10,57,1886,31,20,32,1,52,47,8,49,20,5,42,46,28,0,56,61,13,8,3,18,96,96,16,61,43,18,81,0,5,10,15,13,9,5,43,3,61,18,17,0,3,79,59,5,22,50,7,109,6,69,27,52,22,11,1,0,13,12,91,0,1,50,18,0,24,2,0,1,20,5,88,7,7,0,6,66,4,10,21,83,1,14,17,49,0,83,10,20,7,17,1,5,29,6,8,29,0,52,80,79,81,10,119,22,0,7,18,69,40,12,3,14,1,24,107,6,13,2,66,9,58,0,24,44,75,0,5,77,71,79,6,19,7,41,39,34,52,0,0,16,66,53,17,51,48,63,0,2,11,92,9,5,44,3,14,0,40,15,98,23,111,71,20,33,1497,7,87,8,33,2,64,44,0,24,106,76
cell_316,19,0,10,57,51,27,71,15,55,73,25,81,44,44,0,27,114,1,9,6,48,129,9,105,59,5,2,30,45,28,43,56,87,33,35,400,0,46,151,336,108,49,34,47,14,84,2,31,23,102,12,16,14,37,38,39,9,1,27,5,0,34,11,0,24,0,66,73,0,89,44,8,42,33,4,8,105,24,20,53,17,0,17,62,131,12,6,0,0,71,2,1,2,14,77,43,49,8,9,30,11,1,0,12,98,51,145,14,109,0,5,25,28,26,29,0,2,72,78,88,54,46,25,67,5,69,267,3,4,1,0,0,83,64,0,4,0,13,18,6,230,25,66,0,3,29,111,2,14,13,4,7,3,87,22,1126,54,1,113,41,79,91,0,4,28,27,43,193,69,67,12,0,23,2,38,0,16,20,6,30,11,3,87,12,52,8,108,97,0,24,4,11,0,0,73,0,130,9,101,5825,11,0,153,0,0,12,1,30,195,1,30,0,15,16,42,26,13,42,0,676,1,0,3,34,85,11,22,1,62,26,44,103,8,89,45,74,13,27,7,25,40,4,10,0,0,1,16,28,7,11,2,174,37,0,4,33,0,12,2,75,15,26,7,91,0,43,19,36,43,7,18,75,7,20,13,2,63,1534,3,11,18,24,78,68,5,35,140,117,4,0,52,0,237,0,2701,34,3,70,4,21,29,3,26,3,3,15,28,57,70,58,21,0,683,0,30,12,1,18,24,42,0,0,111,2646,109,29,10,10,26,76,71,93,52,0,3,10,49,19,106,42,36,0,3,17,36,88,4,44,46,89,64,17,14,8,4,11,62,34,76,7,58,82,33,0,12,15,62,11,96,60,13,332,5,66,59,96,29,13,0,17,96,10,144,0,0,254,18,8,140,0,19,0,4,14,74,3,13,1,9,32,1,9,8,15,0,50,42,49,11,44,22,16,1,1,4,1,5,44,0,33,0,114,77,51,14,22,873,33,4,34,22,48,140,21,37,70,2,10,0,50,5,34,0,21,33,0,40,64,402,0,2,74,83,4,14,38,23,50,33,133,20,0,0,5,89,13,216,75,35,35,4,4,9,32,49,6,36,40,19,3,54,1,100,19,84,36,145,94,1266,6,12,23,105,8,128,21,7,96,47,67
cell_317,43,3,9,96,56,0,147,26,35,128,37,44,34,1,9,8,66,97,4,4,108,169,3,6,26,5,2,5,16,4,33,27,4,59,9,1324,1,14,163,53,117,88,8,31,31,236,1,53,6,380,7,5,82,3,66,124,0,2,32,0,0,108,29,1,43,27,81,12,0,89,9,24,54,10,12,20,47,30,14,44,69,9,26,56,147,23,4,0,0,38,3,1,100,0,51,35,243,0,133,278,30,0,1,16,228,17,41,0,311,18,18,101,10,9,8,7,68,54,122,61,59,17,32,226,0,36,241,6,1,0,0,0,185,16,27,16,0,18,2,0,312,50,32,0,1,12,149,1,9,4,2,21,2,229,133,1323,34,0,118,29,17,172,0,18,0,78,0,14,103,78,0,2,7,0,14,0,1,23,30,39,19,29,131,86,28,11,41,125,77,0,13,11,0,0,226,13,215,0,24,5683,18,0,138,0,0,0,21,55,237,0,28,0,0,28,13,6,42,21,0,1872,0,4,12,20,159,1,45,0,5,2,61,136,8,179,23,33,45,13,0,248,60,7,58,0,0,7,34,25,74,0,0,209,27,0,48,30,0,3,7,74,7,107,9,13,0,14,2,403,52,7,12,25,3,3,13,12,61,1240,9,11,42,0,221,192,2,13,164,77,34,12,46,0,457,10,3167,3,22,35,5,19,14,0,76,0,8,70,12,39,64,20,30,0,605,0,9,4,1,0,3,76,97,0,15,4459,74,58,32,76,118,36,45,13,35,4,16,31,8,38,35,52,38,39,6,47,79,9,5,39,92,2,15,2,20,75,12,18,24,14,119,0,245,54,13,12,0,44,66,6,54,35,58,618,16,115,116,100,1,10,0,53,117,2,31,10,1,210,18,1,97,9,0,20,26,126,83,4,0,0,5,48,3,10,49,24,23,37,6,141,22,46,10,19,1,0,0,43,96,34,2,30,0,218,74,106,78,47,841,0,0,0,28,60,105,70,5,403,0,20,27,68,26,566,9,16,30,0,72,75,434,0,5,39,117,23,0,24,42,17,53,283,24,0,31,102,84,0,215,40,79,37,1,2,2,60,16,9,0,1,6,17,99,21,73,21,71,37,239,27,1304,0,65,24,143,15,188,28,6,2,50,58
cell_318,24,0,26,37,3,3,132,42,135,96,20,2,79,10,98,6,48,0,5,56,136,44,15,18,44,22,0,8,14,7,16,27,23,53,23,815,163,25,125,48,17,53,44,17,6,171,17,31,38,112,1,10,70,19,75,123,14,3,3,8,1,31,21,0,19,0,39,3,0,98,17,15,50,11,1,13,622,3,12,63,44,8,21,69,231,7,15,0,0,89,4,3,215,7,0,19,35,0,105,450,43,11,0,10,61,53,244,14,502,16,1,95,2,0,89,0,147,49,25,120,75,38,90,796,0,41,381,3,46,0,14,35,140,79,46,6,1,5,11,0,157,78,7,0,1,0,175,2,1,0,2,7,1,407,76,747,40,0,239,20,23,125,0,1,33,46,12,119,57,127,39,0,34,1,33,12,8,23,0,17,0,87,71,62,22,3,88,59,97,0,1,5,32,7,187,4,227,0,17,7335,29,1,159,0,0,12,4,48,472,14,71,8,0,23,26,105,17,30,0,1661,0,21,2,31,67,16,34,0,94,19,25,58,39,47,11,33,22,13,23,3,22,14,29,3,3,7,6,18,1,6,20,624,22,0,62,29,4,16,35,22,35,66,23,0,33,4,54,264,45,9,3,4,15,24,27,3,96,2271,86,43,0,3,212,152,16,24,123,72,6,2,90,67,344,0,3562,0,15,48,50,12,6,7,20,19,5,34,20,30,79,5,1,1,347,5,8,5,9,25,21,0,122,71,34,3515,10,0,20,61,0,31,2,72,23,2,16,64,20,9,314,67,33,69,9,41,27,6,0,37,40,93,19,99,5,58,12,0,154,1,102,6,234,41,26,4,13,8,64,9,105,55,15,687,0,111,32,52,12,64,0,48,78,11,34,0,0,137,65,0,399,18,37,10,25,62,78,8,8,0,12,48,10,6,6,9,20,25,14,120,70,41,18,14,11,1,1,24,10,24,1,30,0,745,66,100,9,40,2615,27,3,16,11,36,49,64,37,401,2,88,17,68,48,62,4,219,78,0,71,74,851,0,90,68,84,15,10,78,55,63,55,22,39,15,0,18,145,32,216,26,74,2,5,3,0,25,6,0,93,10,12,3,78,2,75,8,59,52,140,113,811,2,19,39,130,3,246,54,0,98,89,130
cell_319,11,0,16,90,58,18,96,50,27,19,28,32,65,10,3,23,69,13,0,5,103,108,3,6,25,19,0,24,25,6,44,125,28,112,14,899,42,22,137,93,96,93,10,28,2,196,0,42,0,127,2,28,56,10,10,58,0,6,9,9,0,31,17,0,31,15,51,17,0,88,9,20,29,51,0,37,42,0,15,2,13,2,26,82,204,20,5,0,0,60,0,0,16,8,18,14,83,2,191,262,19,18,0,3,213,22,163,4,549,12,29,27,0,4,66,62,102,67,120,58,4,29,14,550,0,39,594,16,22,0,2,8,158,53,4,21,0,27,19,3,304,64,8,0,0,21,165,4,9,10,1,4,3,318,62,1360,105,4,119,31,42,78,0,8,7,96,2,34,111,146,7,0,11,0,20,23,4,24,11,20,18,43,120,62,7,19,56,125,72,67,3,3,0,0,239,1,96,62,22,5796,1,0,113,0,0,4,3,79,371,0,25,0,0,35,7,95,5,14,11,1864,0,0,1,23,47,2,49,0,45,16,58,86,6,193,12,21,28,7,2,48,16,0,3,0,0,3,29,56,11,6,0,249,4,0,58,30,0,27,47,65,31,101,42,16,1,13,12,307,55,13,2,8,5,8,5,4,153,1201,21,49,4,12,176,199,27,36,142,85,8,2,58,10,465,5,3028,3,9,0,16,16,21,0,48,8,8,55,19,31,112,33,11,0,536,0,16,22,10,27,7,31,9,42,11,4460,5,137,18,33,24,48,23,71,18,2,5,29,49,1,113,32,34,14,0,23,86,0,1,33,75,0,15,0,21,19,9,6,111,11,150,2,128,150,44,0,6,19,65,7,80,10,63,567,1,106,69,84,10,11,0,25,121,1,32,1,24,151,3,0,1,5,6,0,54,12,83,11,1,0,5,49,1,24,23,13,19,31,8,98,96,55,6,2,0,0,3,2,38,40,2,47,3,233,66,63,17,49,885,6,0,23,7,100,103,94,2,57,2,30,1,45,88,191,0,51,110,0,73,70,525,2,14,117,101,78,1,37,126,22,41,205,6,0,15,53,118,71,207,28,49,8,3,17,5,17,19,1,103,3,10,1,89,16,74,12,100,43,247,10,1194,0,20,10,161,5,74,42,1,105,183,22
cell_320,2,2,0,90,61,0,70,35,30,90,25,17,77,10,97,48,74,25,0,13,116,141,4,1,9,9,0,42,20,3,49,98,47,0,8,1229,1,10,140,91,131,115,51,33,0,243,0,1,3,398,4,0,58,22,67,201,7,2,15,1,7,72,32,3,49,39,92,19,11,66,30,6,77,0,2,23,36,1,20,56,16,7,10,81,70,4,3,0,0,24,5,7,97,0,51,33,252,6,289,366,96,13,1,14,164,15,204,1,256,0,12,42,5,9,29,62,96,32,30,25,84,32,28,487,0,50,151,0,11,0,6,1,154,72,1,2,0,11,17,12,216,51,6,4,3,20,176,1,6,1,2,48,2,211,23,1194,0,20,46,39,52,71,0,31,7,68,20,165,92,117,137,3,6,2,5,10,19,15,4,20,0,11,82,55,17,4,14,33,6,0,2,5,10,0,204,5,166,77,34,5590,14,0,107,0,0,3,37,13,365,1,42,0,6,38,52,100,67,48,0,1748,14,2,19,12,160,7,19,0,23,7,76,115,7,8,10,18,2,29,0,230,52,17,15,0,0,38,15,36,18,7,0,32,13,0,42,74,0,10,15,110,3,80,41,26,0,18,1,285,27,17,2,36,15,51,23,3,155,1375,25,41,13,0,208,180,10,22,163,66,21,9,23,13,485,1,2996,2,6,16,22,4,8,0,84,0,9,49,5,10,67,16,20,3,581,0,20,7,3,1,32,98,55,9,28,4487,72,0,36,27,62,31,28,48,35,0,14,33,5,1,302,26,34,1,7,15,16,54,0,40,74,37,7,0,16,27,12,4,19,14,30,15,130,85,11,0,38,72,87,0,25,51,63,521,7,117,39,101,19,7,3,75,132,1,37,5,5,385,0,4,58,10,0,1,0,16,83,1,5,0,32,56,0,12,27,25,0,3,8,84,1,16,19,26,29,0,0,35,76,63,3,16,0,105,82,84,27,22,815,1,0,0,28,47,25,71,21,427,0,15,23,17,62,497,0,16,50,0,3,95,226,0,55,20,62,2,1,5,114,19,23,334,13,0,0,56,167,18,238,29,18,37,0,0,0,32,13,18,33,26,0,1,0,0,96,40,77,18,3,43,1249,0,14,65,107,7,234,44,8,148,2,69
cell_321,15,0,10,45,18,0,589,8,103,45,12,42,111,9,27,14,17,1,1,5,49,140,6,18,158,10,0,22,28,0,24,39,11,16,29,790,4,11,172,86,16,57,29,28,2,220,1,26,59,756,23,46,52,6,226,14,9,2,3,8,0,20,6,1,18,0,97,3,3,99,13,6,3,43,16,4,174,30,16,47,0,0,43,55,277,12,12,0,0,14,3,0,32,1,12,6,323,4,120,749,40,2,0,26,127,38,232,3,294,1,25,166,2,26,1,3,0,64,234,82,44,370,16,249,0,50,48,18,3,3,6,29,121,152,2,2,0,12,7,0,3773,83,20,0,13,3,92,2,15,0,0,26,3,13,9,960,7,0,126,47,69,107,1,12,19,55,4,58,91,104,9,0,10,7,6,21,4,59,35,19,0,13,95,63,24,0,365,59,4,0,0,0,0,0,267,21,6,13,41,6122,0,0,342,0,0,12,12,64,261,1,50,0,0,19,90,102,33,53,2,3154,9,3,7,86,368,0,54,2,60,11,17,42,1,26,8,5,89,6,0,8,7,3,146,0,0,7,68,47,9,1,7,96,5,0,12,18,4,15,29,282,4,112,14,32,0,16,10,101,72,36,2,4,20,3,48,1,79,1343,0,21,1,0,262,78,4,12,129,98,119,1,49,1,313,0,2752,9,2,3,13,3,26,0,15,9,7,22,20,21,78,36,50,0,559,0,8,36,1,0,6,8,65,99,18,3888,33,365,30,0,8,77,18,11,180,0,72,13,0,0,167,56,41,38,33,12,54,50,1,76,44,96,8,0,16,34,11,1,74,0,81,1,48,70,7,0,14,29,69,5,113,10,33,335,0,79,29,204,8,5,1,2,140,3,83,0,0,98,5,0,157,1,0,0,2,6,117,5,1,0,27,160,2,8,11,32,0,6,2,68,2,30,109,28,0,0,0,30,40,31,0,39,0,318,49,106,89,41,4179,8,46,11,17,42,94,78,6,39,0,36,18,72,25,241,16,9,56,0,120,69,426,181,28,86,58,15,3,9,18,21,56,46,32,0,0,32,440,18,83,84,134,18,12,0,30,75,29,9,4,2,2,0,27,0,77,33,27,25,85,57,734,0,46,3,61,13,318,1,1,147,117,71
cell_322,43,0,0,98,0,0,247,98,77,36,19,8,137,59,0,2,33,2,3,1,88,254,12,35,41,28,0,16,22,10,41,48,14,75,23,404,8,16,119,20,56,146,37,28,0,179,1,5,1,92,0,23,27,3,205,111,6,11,18,2,1,45,55,2,24,60,24,23,0,94,51,11,29,38,2,10,227,2,13,28,0,0,47,55,260,4,3,0,1,70,0,8,71,8,2,17,168,2,73,843,63,5,0,8,196,27,261,3,233,0,5,56,0,12,55,16,95,34,120,123,80,297,23,262,0,52,24,0,1,1,3,8,166,49,5,6,0,5,40,0,860,81,48,0,1,0,147,10,24,1,2,43,1,264,13,807,50,5,159,49,20,90,0,3,9,79,1,121,73,78,4,6,25,10,1,7,2,56,6,21,11,31,83,45,21,9,175,55,89,47,0,19,0,1,349,24,21,69,45,5428,10,0,141,0,0,25,11,10,98,0,34,0,0,43,28,2,5,48,0,2219,2,1,0,38,133,1,85,0,24,22,48,51,12,95,19,8,2,9,26,33,53,13,64,0,0,9,32,20,44,4,1,219,2,0,1,0,0,0,61,148,6,121,3,43,2,3,1,112,73,9,3,86,11,79,8,3,86,2394,26,2,6,4,388,95,25,6,45,65,76,2,61,123,297,16,2910,6,0,3,7,18,3,2,5,0,17,49,9,15,80,114,5,3,592,0,15,15,10,2,18,5,44,1,77,4843,51,23,1,1,6,87,4,32,31,1,47,23,81,0,279,73,23,8,9,31,32,78,5,130,60,105,12,7,16,38,11,0,60,19,44,10,221,92,33,0,0,9,87,0,40,34,21,357,3,43,90,78,10,23,0,62,92,2,56,0,1,110,0,53,179,11,0,0,9,26,97,8,0,0,17,173,2,1,15,25,0,37,18,155,30,46,24,55,0,0,0,26,26,4,3,115,0,644,81,39,18,56,974,9,16,5,22,4,118,42,16,126,7,105,13,131,15,0,12,142,64,0,13,128,401,0,26,135,88,30,5,64,11,19,42,99,35,0,21,58,237,60,131,87,120,19,0,0,0,9,5,4,133,2,1,0,30,0,81,2,54,26,82,7,596,0,12,39,86,1,153,66,0,131,3,143
cell_323,8,0,10,81,39,0,153,3,69,143,25,26,72,11,0,1,75,20,4,1,101,17,6,24,26,7,0,6,14,14,37,23,38,14,18,1009,33,12,160,87,71,304,3,30,1,269,2,52,18,329,10,33,87,15,34,92,0,7,26,2,1,65,8,3,36,0,65,0,0,63,42,2,86,22,1,20,31,12,26,28,5,5,23,37,212,20,18,0,0,34,0,15,25,0,35,31,230,4,222,330,52,2,2,1,180,17,186,25,391,20,24,74,1,2,12,21,86,44,128,57,35,95,25,531,1,33,282,82,2,0,14,1,171,55,7,4,0,7,4,1,338,6,54,0,1,1,152,3,0,0,0,49,0,357,14,1316,17,10,140,29,43,140,1,7,5,69,1,145,94,109,20,1,24,0,27,14,2,22,31,5,4,75,135,47,20,2,3,98,78,0,2,9,0,0,219,0,21,7,31,5948,12,0,70,0,0,1,3,69,333,0,64,0,0,21,55,45,59,37,0,1788,0,2,2,55,91,22,28,0,35,5,55,117,13,52,26,35,29,14,2,63,47,2,20,0,0,0,29,50,100,7,2,255,8,0,62,18,0,7,38,34,8,98,0,4,0,26,50,344,49,28,2,15,3,8,27,0,151,1394,45,54,20,0,183,172,5,17,204,73,4,5,83,15,501,0,2934,3,1,10,21,15,3,0,80,0,14,63,16,19,92,2,12,0,545,0,12,0,23,0,14,11,101,20,40,4553,65,109,46,6,26,6,37,57,27,2,41,51,46,14,189,58,57,57,4,33,70,146,1,48,80,15,16,10,18,69,14,8,44,0,125,14,230,204,13,0,4,12,91,8,77,32,39,452,0,107,107,51,1,4,0,65,141,2,34,1,0,331,25,231,31,10,0,18,37,10,80,3,0,0,1,59,5,14,34,21,6,15,3,118,77,42,24,11,3,1,1,3,49,45,2,88,0,348,65,120,28,51,883,18,0,0,22,9,113,61,10,305,0,35,16,4,80,103,1,72,85,0,205,41,528,55,40,137,44,74,3,35,159,8,41,260,27,0,0,134,149,21,238,47,30,24,6,9,1,16,8,1,127,26,1,8,74,8,67,6,90,45,272,51,1054,0,29,20,146,1,193,38,26,114,3,66
cell_324,7,0,15,74,8,0,313,107,196,161,8,16,125,25,68,15,27,0,6,6,92,165,5,5,45,11,0,15,18,14,34,3,9,66,8,300,144,17,87,3,71,167,8,42,8,135,6,39,6,250,12,30,44,7,64,11,5,0,6,20,1,36,83,0,9,117,73,17,8,96,1,0,72,25,3,11,512,19,11,23,9,0,33,68,18,10,0,0,0,70,53,3,24,0,18,5,251,5,158,887,16,1,0,3,179,31,234,13,200,16,4,128,0,5,27,0,100,48,80,114,82,247,39,117,0,51,44,42,56,1,16,6,142,92,12,7,0,5,7,5,851,90,69,10,6,3,140,1,7,3,2,2,0,269,18,735,66,0,167,59,2,113,0,4,1,26,22,60,63,67,29,4,46,2,5,4,2,47,8,20,7,37,83,21,18,20,465,64,78,45,0,2,0,3,337,3,53,84,16,5163,2,0,207,0,0,38,24,18,213,0,0,0,0,16,26,7,25,7,0,2260,0,3,4,26,178,5,59,0,26,4,4,50,34,41,12,28,33,3,8,2,24,24,74,1,0,1,4,18,70,6,8,213,7,0,23,21,0,8,57,111,20,72,26,41,9,0,2,128,62,40,3,77,33,38,12,6,97,2525,13,20,7,6,388,107,14,20,125,99,31,1,54,45,318,0,2578,1,21,47,20,9,14,4,26,3,2,51,14,30,89,20,10,1,465,0,12,7,16,25,11,6,112,37,27,4767,65,39,2,10,24,81,24,35,71,2,26,35,25,1,104,64,27,20,0,21,18,7,0,142,43,119,9,17,11,4,6,14,11,0,30,0,203,30,8,0,14,16,83,13,32,39,28,342,8,110,37,125,11,132,0,0,19,19,44,4,0,87,24,12,201,25,3,22,1,0,80,4,0,3,14,12,5,8,33,12,1,8,8,121,14,24,92,29,0,2,0,9,25,23,1,11,1,705,58,93,55,43,899,13,39,42,2,7,102,109,15,56,0,137,14,63,0,386,0,107,85,0,28,132,281,0,44,118,91,45,28,90,0,18,59,24,40,0,0,11,298,9,4,88,65,2,31,0,4,40,38,3,9,5,1,0,71,48,83,19,54,15,36,32,565,4,22,20,73,22,218,54,0,179,66,130
cell_325,66,0,6,37,24,0,126,9,22,115,28,82,71,10,37,11,42,14,15,9,87,97,9,5,103,4,0,16,29,13,34,12,23,57,31,1396,35,12,117,49,60,10,5,23,7,223,0,20,4,209,13,13,52,16,142,146,0,7,14,10,8,52,9,5,27,0,45,48,5,72,5,12,15,30,1,15,97,5,23,96,19,1,11,101,164,3,3,0,1,60,0,1,72,3,19,31,35,0,159,249,23,1,4,36,164,34,319,8,380,4,14,90,5,25,45,7,142,53,67,32,30,101,90,748,0,55,194,0,8,5,5,0,145,23,10,4,7,11,36,6,163,81,20,26,2,9,138,1,5,5,0,25,2,235,17,862,20,0,90,32,37,60,0,22,2,98,3,155,66,95,9,0,46,0,8,3,0,43,45,17,9,86,62,63,26,11,193,71,93,34,0,3,0,1,279,5,188,0,21,7880,6,0,284,0,0,9,27,32,309,15,34,3,3,39,29,88,30,56,0,1533,32,16,2,48,126,2,79,0,91,13,20,111,68,190,16,41,27,5,1,394,84,3,7,19,0,13,20,17,17,0,31,63,6,0,24,45,0,17,16,101,9,77,20,16,3,22,3,244,53,11,22,42,8,33,4,11,95,2082,14,60,16,0,201,111,2,8,113,56,7,0,69,0,358,10,3463,6,3,102,91,4,2,0,51,0,16,13,21,43,92,4,23,0,390,0,19,0,3,42,16,32,0,5,51,3662,9,73,13,4,193,118,27,36,79,2,17,21,1,7,307,24,3,3,13,27,23,24,0,63,56,0,8,14,19,12,23,1,139,0,101,1,66,205,30,0,40,26,90,0,144,34,71,641,17,73,61,24,3,2,2,87,71,5,35,1,1,158,1,0,88,6,12,0,51,24,96,3,5,0,9,39,0,0,6,22,0,198,12,152,8,15,18,40,1,0,1,0,19,2,13,32,0,468,57,78,41,66,3312,31,4,28,13,90,16,13,9,102,4,19,1,47,29,90,1,183,55,0,37,98,120,0,6,100,73,14,9,46,26,48,43,135,8,4,7,65,55,66,180,73,42,8,3,11,6,35,31,1,78,28,1,0,65,2,63,16,45,23,243,0,772,1,21,10,92,6,178,20,1,179,2,87
cell_326,21,1,11,49,19,1,408,36,200,2922,22,94,69,48,0,17,24,3,8,13,59,123,3,2,65,16,0,5,37,4,21,54,10,69,11,595,108,25,156,78,24,62,155,30,11,262,0,85,7,182,9,13,58,12,158,89,1,8,9,14,1,23,3,0,18,239,44,24,0,66,8,7,71,20,1,5,126,18,12,39,30,0,25,36,260,26,11,0,0,28,0,2,80,2,34,22,255,1,294,545,61,3,10,4,197,55,201,21,281,0,14,57,4,20,19,30,111,52,184,113,37,380,19,581,24,40,131,23,7,5,19,53,132,63,9,1,0,5,24,22,3875,35,44,0,0,4,109,0,33,2,1,32,10,41,10,820,25,0,84,33,22,62,0,8,14,104,4,99,71,28,9,0,33,6,6,74,9,57,64,22,2,60,114,45,27,9,182,54,81,0,2,7,0,0,292,33,66,9,53,6052,23,1,227,0,0,3,7,36,349,0,99,1,1,26,7,50,9,20,0,3057,4,3,5,10,132,1,26,0,40,16,46,16,0,27,13,7,66,7,1,9,16,2,50,5,7,18,54,10,76,27,6,275,29,0,16,12,4,8,55,98,17,70,25,7,0,16,17,143,68,24,2,17,13,40,20,1,63,1501,16,12,3,10,217,101,14,9,109,92,43,4,36,48,402,1,2814,2,4,74,11,19,16,1,50,1,5,40,21,18,38,101,34,0,528,5,9,41,20,44,35,27,45,22,58,4029,142,24,10,23,23,38,27,97,110,0,60,5,57,7,196,38,25,18,146,17,37,93,2,76,20,12,9,2,36,46,12,1,1,19,90,2,31,18,29,3,10,14,69,30,102,26,34,365,8,73,92,116,3,5,0,264,108,8,74,0,19,264,5,0,91,15,0,2,23,3,94,17,3,2,1,134,7,1,12,21,0,103,8,141,55,25,6,41,2,0,1,0,40,53,2,96,0,389,67,37,21,45,3881,5,48,26,12,36,59,60,4,83,1,52,5,18,27,143,2,98,79,0,19,126,243,0,82,79,56,15,2,15,25,11,49,66,30,27,24,23,332,11,188,70,54,4,39,2,0,10,31,3,48,8,6,2,58,2,91,21,38,17,114,22,734,1,24,20,47,1,336,54,11,203,96,76
cell_327,3,0,23,49,22,10,521,3,233,346,6,78,53,83,0,0,25,9,0,14,60,181,0,0,109,4,0,12,24,11,26,16,7,2,29,706,3,22,151,96,52,35,10,42,14,53,1,24,43,636,47,35,69,1,181,2,4,5,36,10,5,22,86,4,21,0,106,57,20,81,29,0,102,0,1,12,685,3,20,32,14,2,52,38,264,8,7,0,0,54,8,1,127,0,7,34,342,2,333,922,3,3,2,18,223,4,172,11,317,4,5,160,1,6,3,19,119,77,525,86,85,333,21,423,0,9,15,13,0,0,10,96,120,4,25,4,1,3,3,1,4216,99,59,0,0,3,101,4,30,0,1,26,0,35,29,879,72,0,88,49,49,88,0,15,10,113,2,76,34,60,0,5,53,8,7,1,2,43,50,9,3,7,99,79,23,16,931,68,0,87,7,0,0,0,256,3,81,3,43,6264,33,2,80,0,0,17,8,58,323,0,39,0,0,11,39,12,24,73,91,3318,0,3,21,30,355,4,48,1,30,1,19,37,17,83,30,13,105,2,13,103,16,7,89,6,4,19,48,50,94,21,0,329,20,44,29,8,0,6,1,117,3,99,32,37,0,2,0,185,71,24,2,2,11,24,38,2,67,1457,12,13,48,0,247,72,5,8,112,65,101,9,42,19,324,0,2945,0,8,36,34,9,41,2,36,6,7,48,16,10,87,46,38,0,475,1,10,37,21,4,26,93,11,25,37,3932,99,165,27,0,91,36,12,23,32,1,24,0,75,11,174,56,33,41,192,25,57,55,2,39,20,72,16,0,10,126,22,6,25,95,128,0,68,47,19,0,0,13,65,24,510,20,6,386,15,114,54,143,9,66,0,228,120,13,104,3,14,242,0,0,194,42,0,0,9,16,48,69,27,0,15,67,13,0,21,35,0,10,10,128,65,25,40,29,7,9,4,24,12,68,2,11,3,225,44,93,98,20,4083,6,125,17,9,14,55,98,36,58,0,64,2,21,34,133,16,47,59,0,36,49,422,1,16,67,45,16,1,14,1,6,31,79,41,1,0,23,393,0,201,77,123,2,29,3,5,59,38,2,86,0,2,0,69,1,60,29,27,25,122,17,726,4,19,7,48,0,567,13,19,151,77,80
cell_328,14,1,20,33,11,0,513,40,313,1222,15,30,105,62,74,1,21,9,5,2,50,258,5,2,79,4,1,13,25,9,25,8,8,44,25,598,50,20,204,1,44,28,62,25,6,160,0,54,1,630,11,25,68,13,156,44,11,0,17,18,7,21,84,1,22,218,73,5,0,82,1,26,58,20,1,16,230,0,21,25,15,0,26,39,183,7,25,0,1,65,0,4,3,0,50,23,208,0,154,533,120,10,0,2,242,49,260,5,242,10,4,142,6,10,11,1,82,17,300,74,22,26,19,865,0,51,111,0,6,0,4,0,158,21,3,5,0,15,6,6,3938,75,98,0,0,5,77,0,10,0,1,78,2,31,21,907,18,2,52,22,20,62,8,10,0,4,0,60,73,68,106,0,3,0,6,78,27,65,29,21,10,8,113,29,22,20,46,61,96,130,8,11,0,0,285,2,55,64,69,6193,10,1,188,0,0,14,13,43,340,5,0,1,0,53,37,16,21,66,100,3148,4,1,15,7,234,0,57,0,125,23,43,38,5,13,12,6,32,12,0,22,28,5,176,0,0,3,34,23,70,3,29,56,0,0,7,53,2,7,54,246,2,93,15,44,16,19,20,79,67,26,1,67,12,4,21,3,31,1560,5,30,1,1,257,121,14,4,47,90,303,5,7,35,343,0,2880,5,5,2,31,12,10,1,27,0,4,28,20,16,65,151,15,4,551,0,11,31,11,0,5,38,18,9,65,3972,65,150,15,4,23,88,10,47,128,11,17,7,14,16,165,9,21,7,0,38,50,38,2,95,39,15,8,0,22,65,8,2,50,0,43,3,132,175,10,17,0,1,80,3,149,8,29,344,3,91,30,91,9,15,0,2,110,6,81,1,0,78,13,0,260,3,1,4,26,29,107,7,0,0,39,131,1,2,31,39,0,24,10,139,28,34,30,17,12,0,4,2,30,55,12,50,0,341,75,29,25,14,4234,13,1,8,17,4,48,39,41,17,0,24,16,40,32,484,1,149,101,1,15,102,161,0,62,11,34,8,10,25,35,17,32,67,7,20,8,35,393,33,186,56,120,23,143,0,12,41,22,1,143,7,6,1,9,19,74,9,35,9,30,29,725,1,35,29,52,9,271,25,0,195,1,75
cell_329,6,10,21,106,57,37,61,36,18,50,81,13,68,15,10,8,91,3,6,1,60,22,3,5,8,8,2,17,64,67,75,14,16,52,6,23,9,55,56,12,59,42,42,60,18,96,1,36,1,112,0,42,45,12,9,36,10,4,21,39,22,38,15,2,85,105,26,44,3,62,5,2,18,32,8,32,8,7,79,20,23,0,57,103,49,30,37,2,0,80,14,3,10,1,13,35,88,6,14,94,64,15,0,50,31,49,52,20,27,37,15,76,12,21,12,66,90,88,54,51,3,13,24,51,0,52,45,32,3,0,0,0,98,16,18,4,0,44,31,8,139,84,69,0,0,9,57,3,14,1,2,31,7,12,48,1656,27,2,52,85,90,59,2,14,9,23,15,77,74,32,51,9,56,4,23,0,15,45,6,105,45,36,84,15,60,44,45,73,0,0,3,9,0,0,71,0,17,29,69,3225,22,0,103,3,1,2,22,20,59,0,46,0,0,60,30,56,1,33,0,1827,0,6,0,9,48,19,56,0,19,5,8,80,9,39,42,22,41,3,0,47,7,19,21,0,0,56,30,6,78,8,18,36,53,23,13,35,0,31,73,85,40,78,19,17,4,34,12,29,72,25,9,42,28,29,4,24,43,1601,32,25,25,45,56,68,0,31,84,54,0,5,72,1,98,19,2194,43,3,12,8,43,23,0,5,0,49,54,55,67,31,28,41,4,1211,2,49,1,12,2,54,3,28,18,31,1801,12,5,9,3,3,64,13,48,1,6,25,27,17,15,39,15,35,0,8,51,128,3,7,44,81,6,62,6,24,18,10,28,11,60,7,1,70,18,19,5,4,9,73,21,20,74,15,116,10,79,15,36,72,4,0,3,79,9,83,8,0,71,8,0,54,16,0,7,0,1,85,6,1,0,7,15,16,60,4,49,0,29,31,65,0,44,23,51,1,4,1,43,58,37,9,26,0,44,35,61,59,50,100,15,0,0,26,0,34,47,2,2,2,23,59,12,82,32,0,25,69,0,16,55,26,0,7,62,57,22,44,46,14,21,39,70,3,3,0,35,66,27,10,46,37,55,4,23,19,45,105,31,0,11,19,0,42,13,98,3,60,86,13,4,1463,2,70,14,84,4,98,89,25,65,7,50
cell_330,10,0,13,79,44,10,127,66,43,299,38,88,57,46,36,18,68,0,9,1,93,175,31,49,33,0,10,13,24,8,39,29,176,87,5,624,74,23,166,104,159,154,16,28,13,201,1,1,13,264,33,33,96,24,40,23,0,0,11,5,0,9,11,4,37,0,8,80,1,66,18,2,81,44,2,11,86,9,15,5,0,1,15,71,221,31,14,0,0,39,6,4,22,3,29,29,11,10,83,149,85,0,1,12,194,15,130,7,332,7,27,106,3,5,38,23,61,64,64,60,51,17,21,122,0,41,294,2,1,11,7,0,227,85,45,9,0,23,6,6,353,31,42,0,5,18,120,0,55,2,5,14,5,75,131,1694,23,0,166,40,40,37,0,53,1,43,8,100,91,104,0,7,5,3,41,14,3,22,2,33,21,42,114,25,22,17,102,57,77,0,0,0,9,0,179,4,25,52,27,6702,5,0,110,0,0,0,3,21,248,1,5,2,0,38,91,28,0,0,0,978,0,1,1,31,53,15,65,0,33,27,53,97,14,109,32,36,26,13,4,23,63,15,14,0,0,18,27,29,105,10,1,313,15,0,19,34,0,20,5,114,18,28,44,63,0,35,95,124,52,7,10,54,18,19,19,3,62,1346,15,15,9,8,54,122,3,29,212,117,1,4,80,8,228,0,3140,11,18,46,1,6,19,5,43,0,2,24,15,20,69,18,13,2,665,3,12,14,4,0,2,26,109,59,53,3244,79,67,2,13,3,60,58,46,30,0,23,35,39,23,186,70,7,0,0,19,43,0,0,69,86,0,35,126,17,4,6,8,96,35,125,0,207,137,13,0,41,0,38,31,9,55,41,376,9,95,28,46,49,38,0,12,131,29,70,5,0,53,7,0,136,6,19,0,9,5,80,13,1,0,3,35,11,16,31,0,0,67,34,80,19,34,7,6,4,0,1,59,24,104,12,5,0,187,80,58,19,46,844,26,0,1,26,18,278,90,20,118,0,12,30,82,69,45,5,26,93,0,124,103,422,0,17,79,95,45,4,52,24,12,34,213,26,1,3,43,86,6,20,54,39,16,0,1,0,3,39,3,6,7,41,1,66,3,58,6,55,55,139,52,1124,0,5,25,187,2,54,36,34,110,0,45
cell_331,22,0,9,93,24,2,85,13,105,9,46,3,34,44,1,21,112,0,11,9,64,123,5,10,32,6,0,36,40,26,38,1,5,70,12,75,16,34,153,305,113,50,33,65,8,272,0,38,8,153,3,64,60,39,52,14,17,2,27,9,13,78,17,1,71,0,58,49,18,88,26,0,80,0,4,33,23,16,2,84,36,2,12,74,107,29,10,0,0,98,44,5,3,0,7,42,64,0,65,41,101,8,0,1,160,53,82,0,194,14,1,92,7,5,49,13,76,63,54,111,91,77,18,63,0,69,93,0,3,1,3,5,119,31,30,5,0,12,11,2,260,25,105,0,0,6,108,4,4,11,0,112,1,45,70,1194,59,0,127,56,49,61,0,26,3,126,10,65,76,85,11,3,63,5,19,6,1,20,1,27,0,48,81,49,40,7,39,74,96,0,1,3,0,4,176,4,30,42,109,6514,6,1,131,0,0,7,2,42,302,0,21,0,0,31,94,50,9,36,0,766,16,12,2,37,110,14,27,0,44,26,16,127,25,19,38,26,9,5,27,23,32,7,26,1,0,19,36,1,33,14,23,81,39,2,20,35,2,4,40,77,3,55,40,22,3,31,54,72,40,10,4,55,17,35,27,2,69,1183,25,93,25,16,97,98,0,32,168,117,9,1,40,0,246,0,2737,16,1,93,2,9,14,6,31,0,24,47,10,45,69,25,8,10,593,0,18,3,5,0,10,1,119,3,116,2489,92,20,8,2,20,68,25,51,0,3,23,1,2,36,136,67,41,14,0,37,60,92,0,29,41,0,43,0,13,10,9,0,11,91,85,1,152,32,13,0,15,17,61,10,52,74,44,247,19,92,10,59,3,15,0,0,128,7,128,2,0,97,9,0,113,20,0,0,10,2,56,11,8,0,4,8,28,2,4,15,0,50,4,89,4,39,21,8,10,0,1,15,15,7,2,14,0,95,61,82,63,45,864,15,0,28,34,15,246,55,0,53,2,21,35,12,87,0,22,54,83,0,26,65,138,0,34,84,39,41,2,30,2,46,60,61,35,0,0,16,77,9,49,68,24,55,0,32,8,15,72,5,46,6,10,17,35,15,81,40,69,69,192,27,1204,2,50,0,98,14,171,47,0,0,89,100
cell_332,3,1,28,87,52,5,66,35,13,22,66,5,59,68,6,1,103,3,9,7,59,63,10,111,9,0,10,26,45,67,59,35,79,49,10,83,24,38,29,140,77,61,30,67,44,107,16,0,38,89,19,26,16,12,12,45,8,0,25,5,1,3,2,0,21,87,10,29,0,58,19,38,70,11,13,25,14,1,44,70,10,0,62,86,68,26,21,10,0,89,3,15,10,13,55,76,66,6,72,85,28,17,5,32,62,48,47,41,57,5,11,19,10,22,55,1,77,86,76,87,14,5,34,15,0,43,29,57,1,2,1,4,73,49,5,7,0,51,9,3,65,104,87,0,0,5,90,1,4,2,1,19,12,69,35,1599,2,2,70,86,67,57,0,22,3,3,5,78,67,55,7,22,13,26,21,2,6,29,10,87,26,35,88,9,89,10,9,99,0,2,27,5,0,0,62,26,5,12,58,3508,8,0,80,0,0,2,20,28,85,6,13,0,0,55,77,90,2,10,0,1697,0,11,3,45,7,33,60,4,15,9,50,31,5,27,103,68,33,17,0,9,19,15,15,0,0,45,60,15,14,0,2,66,49,2,41,25,0,22,17,95,24,16,108,20,5,73,3,15,57,53,18,56,30,25,39,52,45,1611,68,11,14,7,32,72,6,7,66,48,4,14,51,38,92,71,2211,85,1,0,2,52,12,0,15,0,15,13,68,53,72,13,70,0,1156,1,48,11,9,6,44,36,18,30,19,2018,64,6,5,24,8,33,68,73,71,15,11,27,4,62,13,29,21,2,0,24,134,0,10,66,70,86,68,39,33,0,24,59,1,12,79,15,50,62,40,0,29,15,73,46,47,71,8,106,26,80,37,77,20,4,1,31,71,32,109,1,6,64,11,0,41,8,0,15,1,2,104,2,3,0,11,44,2,14,32,50,4,10,53,31,4,84,10,7,7,0,0,33,44,24,16,18,0,54,85,79,68,48,105,53,0,35,24,9,61,42,12,11,1,43,75,24,69,71,7,7,66,0,1,33,67,0,12,62,35,51,21,34,17,73,48,107,46,0,5,42,63,20,92,50,35,84,0,12,1,61,47,11,16,11,17,0,50,1,84,3,97,43,19,34,1318,4,63,35,31,61,71,103,3,84,52,0
cell_333,14,1,5,65,16,0,45,12,136,46,19,37,114,35,30,69,50,6,8,5,91,26,6,12,35,16,1,61,24,5,47,10,97,133,11,923,86,38,182,13,210,152,9,40,4,484,0,0,3,235,1,0,105,18,37,11,0,0,7,3,2,15,55,0,39,13,68,5,0,66,71,7,83,25,3,44,2,0,19,64,0,0,10,35,213,38,28,0,0,32,0,4,70,0,33,24,111,8,119,111,14,10,0,28,189,22,236,54,37,0,30,138,3,15,91,41,71,29,55,27,33,23,46,208,0,48,296,223,1,2,1,8,215,52,12,14,0,0,23,1,231,31,7,2,14,22,158,0,5,2,1,50,1,903,73,1063,61,0,194,43,37,150,0,27,8,97,16,101,34,65,50,0,41,7,4,1,0,25,28,61,72,75,165,56,27,3,9,77,127,0,3,0,6,1,231,4,25,42,22,7092,0,0,70,0,0,5,2,16,316,0,35,0,0,6,56,120,35,24,0,554,0,1,0,31,22,2,46,0,39,2,74,85,36,30,26,39,47,5,0,85,10,0,4,0,0,9,31,14,30,0,24,68,5,0,12,56,0,17,54,55,14,194,65,18,0,13,14,167,36,29,2,1,12,6,10,17,212,1395,84,41,34,0,190,156,9,29,137,209,13,0,51,5,342,0,3723,8,0,99,10,2,1,0,47,0,5,57,7,17,113,22,30,0,493,0,18,15,7,11,28,103,85,15,6,5121,35,50,15,17,36,29,56,18,25,1,9,59,0,36,198,44,13,14,3,22,74,16,1,29,83,1,22,104,23,24,16,5,76,9,97,4,158,47,10,0,27,3,77,4,20,49,146,432,4,106,39,10,8,25,0,5,160,2,22,0,6,170,0,0,107,2,0,0,13,33,76,10,1,0,41,113,6,13,5,21,9,0,7,74,0,17,55,47,0,0,0,2,126,2,5,28,0,194,53,97,19,42,4188,37,0,2,34,27,131,67,0,114,1,20,28,20,44,137,0,130,118,0,6,94,331,8,93,113,30,63,5,39,46,30,33,1071,2,0,0,64,103,40,232,42,31,36,0,4,0,5,41,18,158,0,8,0,116,0,104,22,66,34,184,19,1040,0,15,59,94,4,81,33,24,5,320,1
cell_334,38,7,2,42,12,0,20,57,218,171,26,32,150,2,109,1,58,17,16,1,66,21,19,7,17,5,0,62,14,4,40,5,125,19,10,595,7,21,159,19,48,130,15,38,0,261,1,1,1,222,5,5,104,6,37,59,0,5,5,12,6,97,40,5,26,2,86,14,4,63,10,11,19,7,1,55,8,3,34,38,52,0,13,76,215,14,2,0,1,15,0,12,6,25,0,14,102,1,67,90,48,0,0,11,203,48,199,1,723,4,42,92,1,7,130,22,23,75,25,113,70,148,95,76,1,30,402,84,3,13,9,1,93,43,3,11,0,2,41,5,57,46,31,0,16,0,302,3,5,0,5,24,0,465,43,944,22,6,97,32,51,75,0,19,17,78,10,81,25,119,5,6,1,20,19,0,3,19,4,74,22,42,284,17,21,4,14,70,94,5,0,11,0,11,194,11,67,0,9,4099,9,0,39,0,0,13,4,12,133,0,111,0,0,22,49,46,30,55,0,1222,0,6,3,67,78,4,71,0,13,2,35,151,182,53,18,55,41,13,3,71,52,8,38,0,0,6,62,89,22,2,13,281,5,0,5,48,0,7,28,21,44,217,28,8,0,5,0,266,128,23,20,48,22,8,11,2,365,1253,15,14,44,0,193,309,10,13,126,107,1,0,65,0,305,0,2419,58,3,58,1,13,13,2,79,3,16,93,24,139,105,10,17,2,384,0,17,0,0,3,19,75,74,8,8,6315,33,15,7,75,19,17,36,57,107,16,31,71,0,18,345,70,47,12,15,36,60,26,2,39,96,0,5,0,16,158,2,1,17,15,76,0,67,30,21,1,28,56,144,17,17,29,26,234,12,75,18,38,3,25,0,20,80,0,25,2,0,62,13,0,302,5,0,0,0,53,97,40,6,0,7,74,11,7,43,24,0,14,2,52,0,21,62,53,9,5,0,26,116,8,6,76,0,143,18,67,27,29,2634,9,1,25,41,3,45,84,14,215,0,9,58,9,49,24,0,2,129,0,19,56,352,12,13,83,100,85,1,18,9,32,64,2718,24,15,0,125,84,2,192,26,91,30,1,0,8,25,13,1,103,0,4,0,49,7,97,87,56,35,126,8,1700,1,34,141,144,2,44,50,0,77,153,68
cell_335,13,3,10,80,46,5,111,4,78,75,33,20,68,8,0,12,82,1,4,3,93,61,9,12,38,1,0,27,34,5,52,4,32,73,29,873,17,23,184,109,21,205,42,25,2,335,6,63,10,272,1,7,63,0,80,27,4,2,80,1,1,23,24,1,31,0,6,6,0,76,9,21,78,39,0,24,120,4,10,66,1,1,10,71,157,16,8,1,0,66,1,1,41,47,11,4,210,23,109,159,31,16,0,2,141,38,172,5,310,8,10,85,4,9,38,0,54,41,59,13,21,24,30,78,0,50,68,111,0,10,5,0,237,54,3,18,0,5,5,0,324,43,27,0,0,7,150,4,71,0,6,65,2,152,11,1583,14,2,170,55,20,82,0,18,40,122,4,71,83,115,24,1,13,3,9,2,0,15,12,12,0,55,108,5,26,2,37,70,54,0,0,3,0,0,184,12,2,0,65,6713,5,0,103,0,0,3,0,36,217,3,22,3,0,26,17,34,48,55,0,959,5,1,2,40,99,28,48,1,74,25,83,54,26,28,33,41,23,35,0,18,9,0,9,0,0,8,13,5,42,5,25,424,60,0,31,12,0,3,31,53,16,89,30,97,2,38,19,55,42,15,0,63,4,30,10,9,53,1268,25,7,62,2,183,114,6,7,232,129,12,7,68,0,269,4,2980,3,3,109,12,13,12,3,82,0,4,31,17,43,91,50,18,1,736,2,21,33,9,2,4,23,36,34,66,3393,82,31,32,5,58,47,24,78,14,2,19,17,62,17,51,56,12,3,0,15,79,2,4,57,19,84,36,86,15,11,12,13,173,21,49,1,16,143,28,0,47,28,48,25,58,42,12,319,2,102,14,83,6,4,0,2,154,6,68,0,0,154,10,8,0,6,7,16,0,5,67,6,0,0,14,39,4,8,2,15,0,82,14,79,25,31,81,2,4,0,0,23,39,51,0,10,0,210,64,80,4,12,851,54,0,39,33,45,183,41,2,80,0,31,21,7,21,67,4,4,95,0,37,86,434,69,19,126,76,128,3,7,22,13,40,202,15,0,10,59,149,7,0,71,37,34,8,11,4,20,34,1,5,11,22,8,79,26,92,12,57,51,211,46,1289,1,46,7,107,18,223,47,3,117,5,54
cell_336,22,1,2,89,26,5,57,22,53,336,21,39,171,17,144,10,41,3,8,6,85,86,11,18,23,2,2,61,29,12,54,95,9,12,20,641,0,24,259,3,177,285,3,31,2,480,3,10,77,420,1,34,86,12,16,105,19,3,17,2,29,18,19,3,20,12,25,12,0,49,28,2,122,8,2,36,28,0,23,6,0,2,11,80,69,79,2,0,0,52,9,7,72,6,34,34,22,5,82,57,95,2,0,16,177,27,218,31,69,7,6,158,1,13,69,0,52,36,51,27,34,6,36,115,0,41,142,0,10,2,5,2,260,13,14,19,5,4,8,7,174,14,18,1,18,34,156,0,0,1,0,10,1,1151,135,1630,12,3,171,41,37,94,0,2,32,167,6,92,14,121,96,4,3,4,1,23,4,36,10,43,28,8,213,69,39,9,0,40,88,4,5,23,0,1,318,0,24,24,20,6474,13,0,52,0,0,4,2,26,236,0,44,0,0,33,42,28,27,41,0,442,5,0,5,39,75,18,27,0,46,4,90,117,32,75,32,78,16,9,2,101,68,3,43,0,0,32,11,123,82,6,20,0,39,0,44,70,0,0,36,44,11,182,39,19,0,31,23,112,78,28,7,13,5,14,6,16,189,1556,6,73,113,4,119,187,3,34,312,233,5,2,65,24,235,1,3098,15,5,70,8,16,13,0,40,0,15,44,14,56,113,43,22,1,670,0,26,5,11,0,15,138,31,3,44,4437,88,65,8,6,73,16,18,20,26,6,20,69,3,53,156,89,11,1,0,39,15,9,6,89,83,11,23,0,61,19,9,4,3,11,30,3,129,69,19,0,14,0,56,11,33,83,12,842,8,29,32,44,15,55,0,60,146,5,23,0,0,159,19,1,22,3,44,62,16,0,130,18,0,0,19,77,4,2,87,36,0,12,4,50,8,21,29,33,5,0,13,0,73,41,1,60,0,124,39,69,12,48,791,45,0,11,53,73,154,95,6,71,0,7,12,53,15,161,3,85,106,0,71,125,1112,0,21,78,67,107,4,47,121,13,18,1568,8,0,31,45,87,93,287,34,31,24,3,28,0,44,7,9,129,3,8,21,21,0,105,16,55,49,216,10,1257,0,3,20,62,3,106,25,2,24,84,59
cell_337,23,11,16,65,26,3,37,52,19,73,32,104,118,25,5,73,60,10,24,0,123,24,3,2,67,2,0,106,16,10,48,21,54,37,14,224,186,25,153,19,234,145,24,28,1,262,2,40,10,232,11,43,91,7,128,123,0,4,16,13,1,18,56,2,45,0,50,15,0,55,7,37,49,54,1,36,17,12,19,38,10,3,9,90,179,31,1,0,0,32,2,1,16,25,34,38,48,2,151,27,96,2,0,5,140,26,147,26,395,5,77,151,7,14,161,36,30,33,44,82,11,26,50,18,0,31,169,27,0,0,1,0,123,12,14,2,2,2,9,0,92,32,22,0,0,118,193,0,33,0,0,30,4,741,157,1088,14,0,111,29,18,85,0,39,1,210,2,93,51,128,74,0,12,141,11,5,1,25,17,116,33,62,289,4,35,15,11,53,21,3,0,12,0,1,209,14,48,0,19,4982,4,0,48,0,0,1,0,27,24,6,24,0,1,64,13,26,3,42,0,431,9,0,10,62,110,5,91,4,99,0,88,83,57,102,47,134,31,21,3,53,76,0,7,0,0,5,46,17,48,4,14,152,10,0,20,38,4,0,42,26,38,244,48,4,0,32,14,127,71,36,8,11,0,13,5,2,231,1469,22,17,15,0,134,221,3,41,180,197,3,3,85,0,267,0,2633,16,4,51,14,8,17,0,81,1,21,58,7,82,133,56,9,0,990,3,19,20,4,0,13,57,81,28,19,5709,80,34,10,17,38,30,81,22,26,0,13,125,52,0,176,92,7,0,0,28,23,0,7,42,90,25,30,12,34,28,11,2,59,0,147,0,51,22,15,0,14,4,96,32,10,93,68,660,26,76,39,22,38,16,0,20,142,4,24,6,0,209,8,0,76,0,0,5,40,23,74,12,4,0,8,63,4,12,54,13,0,15,11,55,1,19,25,20,2,0,0,42,31,31,17,73,0,106,69,11,69,41,554,24,0,21,40,33,127,60,4,38,0,15,76,30,27,299,76,76,143,0,7,106,818,0,12,77,117,172,2,25,33,40,40,1798,7,0,59,70,79,105,8,35,58,27,1,25,2,87,65,9,194,1,6,0,113,13,132,24,62,37,294,18,1851,3,19,41,102,7,147,53,2,141,42,41
cell_338,24,1,1,50,13,0,57,12,81,231,29,8,142,2,4,0,55,12,1,6,92,114,9,6,31,5,1,80,27,4,44,37,163,46,21,550,48,25,145,42,148,64,15,24,3,315,2,19,7,85,4,0,46,4,132,168,4,2,15,13,0,95,36,7,37,36,37,13,1,40,13,2,54,6,0,30,110,1,39,38,15,19,11,76,182,7,4,0,0,27,1,8,16,1,20,47,99,5,103,6,51,5,0,4,205,16,250,6,652,9,10,106,7,0,137,23,42,77,23,97,24,37,61,23,0,31,202,4,3,2,4,0,93,81,38,17,0,5,5,4,53,54,15,0,0,6,271,2,24,1,2,20,3,4210,42,1032,46,3,104,31,39,19,0,96,33,66,2,51,37,113,3,0,15,12,19,15,4,25,15,118,0,12,266,25,27,23,9,74,0,1,0,6,0,0,214,8,50,35,9,4332,26,0,39,0,0,1,26,11,55,0,11,0,0,47,20,27,9,53,0,1155,29,2,5,5,30,4,70,0,39,2,80,143,16,48,25,70,3,35,10,47,159,0,11,0,0,0,51,25,14,4,13,26,24,0,9,10,2,8,27,24,35,224,57,23,0,21,0,167,101,10,14,82,14,5,4,5,396,1322,14,9,9,0,172,275,11,12,161,114,0,2,87,11,277,10,2202,12,14,42,4,6,9,0,83,6,1,24,10,119,69,18,23,1,427,0,24,20,34,0,14,14,103,1,24,6274,106,30,6,7,124,25,61,39,120,7,61,7,4,1,249,76,74,2,1,21,59,158,2,49,57,37,16,4,61,39,9,0,27,18,35,0,64,138,3,0,3,78,163,8,11,52,16,382,20,65,7,33,2,2,0,3,89,1,20,0,0,81,2,5,183,3,0,19,0,51,78,5,1,0,13,122,6,1,20,32,0,67,3,35,10,28,19,10,7,0,0,16,123,0,2,35,0,120,67,107,32,11,3547,2,1,22,49,54,14,42,12,13,0,9,57,18,57,1540,4,53,69,0,67,72,649,21,40,68,111,130,8,16,245,23,15,1764,1,0,17,7,67,40,199,31,81,23,8,2,2,79,21,12,50,12,2,0,24,0,92,37,68,28,123,23,1397,3,3,41,79,4,59,36,1,110,148,50
cell_339,23,0,4,65,36,9,145,80,41,93,36,29,60,6,26,28,41,1,4,9,86,34,7,9,23,0,4,29,29,9,39,42,43,65,13,659,91,17,152,117,143,62,14,25,6,37,3,20,13,60,11,5,39,15,109,5,0,0,14,2,0,21,33,1,13,4,17,25,1,57,29,33,115,9,5,30,129,6,7,24,2,0,14,66,153,6,1,0,0,70,0,10,33,2,13,45,157,9,118,80,35,10,0,7,159,24,198,13,274,0,67,91,16,15,8,17,75,42,39,36,67,41,3,155,15,37,125,45,0,0,5,2,220,20,4,19,0,22,5,12,327,22,49,0,0,25,84,9,53,1,2,24,6,147,55,1698,76,19,127,57,16,46,0,31,11,125,0,50,64,97,27,7,1,1,17,29,6,29,3,35,13,61,102,28,31,5,18,101,98,0,0,6,0,6,149,1,24,8,23,5771,10,0,105,0,1,16,3,18,62,1,10,0,0,39,20,0,1,26,0,849,3,9,17,13,77,10,66,0,145,17,67,80,16,7,9,42,15,1,6,17,14,8,14,0,14,34,35,10,59,16,17,346,41,0,7,63,0,3,72,78,7,84,65,8,0,35,1,125,46,16,2,92,4,19,7,11,74,1687,22,5,9,17,134,104,15,18,215,112,25,10,33,4,225,2,2826,3,5,108,5,12,5,1,72,0,6,38,11,52,18,51,6,0,758,0,17,40,1,6,3,0,148,39,69,3428,115,45,0,22,64,87,37,65,7,5,39,51,54,0,217,51,47,3,0,8,67,14,2,62,60,0,35,26,17,9,4,0,24,45,7,0,140,39,8,0,20,0,42,21,45,48,41,261,9,78,15,78,51,19,0,61,114,3,41,13,3,160,28,78,103,10,0,10,48,11,90,1,21,0,2,42,4,2,22,0,52,14,23,63,1,28,22,0,12,0,0,4,5,16,5,26,0,132,59,66,13,47,831,21,0,5,23,16,29,73,10,91,1,42,22,48,52,327,5,3,83,4,17,110,416,0,49,102,91,41,12,42,19,27,17,219,31,0,0,66,139,5,248,27,37,34,9,9,4,32,71,21,151,1,3,0,52,17,70,8,60,42,229,27,1283,11,15,52,86,12,53,66,10,111,326,62
cell_340,7,0,10,64,34,3,46,14,29,8,14,70,84,33,1,41,71,11,5,28,140,53,10,23,46,10,0,14,22,22,57,80,155,56,8,499,379,16,286,28,111,206,53,41,3,289,1,37,57,212,0,17,113,4,122,72,0,5,44,3,0,90,6,0,46,0,118,12,17,56,18,23,61,0,0,58,48,2,23,15,7,1,11,76,247,32,7,0,0,31,0,2,42,0,4,26,88,1,65,44,89,1,0,7,143,16,116,16,438,3,24,142,3,2,71,0,12,57,10,86,75,30,35,9,0,13,569,2,0,1,7,13,129,21,7,51,0,2,3,1,90,24,17,0,8,20,214,0,1,0,1,11,2,838,134,1145,33,0,119,25,25,57,0,14,35,98,0,47,40,88,0,0,12,114,21,5,0,33,1,27,23,28,282,79,32,41,26,54,65,8,0,8,0,1,156,6,49,16,20,4810,11,0,27,0,0,18,4,21,163,0,52,0,0,39,16,11,6,6,24,468,0,0,2,49,98,15,67,0,14,5,41,107,38,185,18,116,20,24,26,1,220,0,27,0,0,5,51,14,18,4,9,12,32,0,57,71,6,5,32,13,13,183,43,9,0,4,75,106,80,9,16,11,19,15,18,4,183,1387,24,121,17,1,157,244,30,35,274,186,17,5,86,2,293,2,2397,22,3,36,6,12,6,1,35,5,15,32,13,82,90,40,17,1,922,0,7,7,18,13,1,9,123,13,44,5441,81,37,18,11,22,29,66,60,27,0,21,127,1,2,473,84,57,16,0,28,40,142,3,39,22,5,36,1,10,5,12,0,104,0,123,0,147,13,5,0,11,15,102,19,24,29,21,593,6,97,11,31,13,65,0,53,96,8,22,2,1,311,23,0,48,12,0,2,91,54,60,14,1,0,2,18,13,38,53,31,0,47,9,47,61,12,49,1,0,11,4,3,18,58,3,14,0,75,33,110,61,31,609,11,0,8,34,38,51,70,11,103,2,20,91,36,28,950,3,23,33,0,89,98,1106,0,7,73,113,295,0,48,6,52,63,1291,23,0,3,121,79,32,264,39,101,10,1,10,3,12,20,3,86,12,0,0,130,0,71,18,33,48,312,23,1792,4,3,52,122,1,118,51,0,84,89,26
cell_341,19,5,9,75,25,0,52,15,33,104,11,49,94,33,0,5,64,21,2,2,87,75,4,0,37,6,0,18,27,24,42,21,24,1,9,889,7,27,192,45,45,160,0,35,23,615,7,28,1,54,37,5,71,0,144,110,10,0,30,6,2,113,5,25,45,72,63,77,2,79,46,0,58,14,3,7,8,0,23,88,0,1,17,48,96,19,3,3,0,54,28,8,42,0,33,17,47,0,27,67,116,14,2,20,173,22,91,11,146,0,7,134,4,11,137,5,61,21,56,53,110,57,55,232,0,27,247,127,6,2,4,9,230,65,26,12,0,2,3,0,151,26,12,0,14,22,148,1,45,0,0,10,1,230,82,1052,46,0,204,26,52,73,0,14,9,150,1,30,32,131,0,2,28,1,19,0,2,29,7,57,2,8,178,64,26,16,23,74,106,0,1,27,0,0,232,1,318,0,19,6977,9,0,78,0,0,4,4,12,229,0,37,0,0,36,27,89,10,15,0,562,0,0,2,7,107,0,46,3,3,11,22,171,16,110,22,80,27,9,4,229,94,5,89,0,0,0,54,30,46,1,4,2,7,9,13,43,0,8,49,80,6,213,27,10,0,2,0,114,33,21,6,27,1,6,15,0,204,1519,14,14,44,0,186,194,12,46,161,205,1,4,64,0,307,0,3483,9,3,61,7,6,7,0,98,0,20,36,18,57,110,112,32,0,485,0,6,16,4,3,19,114,12,43,42,4829,109,43,12,18,39,45,35,66,72,3,31,100,30,59,245,69,50,4,26,41,50,0,10,45,87,15,4,0,28,109,15,7,62,24,32,23,55,52,20,0,18,25,51,3,21,15,37,505,9,102,87,44,1,22,5,2,108,4,30,19,7,117,1,0,99,21,29,2,0,15,33,24,5,0,0,53,25,5,68,19,6,28,21,70,12,10,19,20,4,0,1,5,79,69,1,74,0,250,16,117,97,31,4256,1,1,21,12,29,128,77,1,262,4,24,31,25,22,38,0,100,125,0,60,115,859,0,10,39,35,57,3,34,7,17,37,915,3,19,1,78,41,10,222,55,31,4,3,1,0,7,25,4,10,2,8,3,83,11,103,107,32,30,263,52,990,0,23,21,115,1,36,52,2,81,8,84
cell_342,7,0,40,61,55,16,69,26,63,57,21,3,37,27,28,3,107,7,0,14,61,171,12,89,52,12,0,29,46,11,28,28,19,44,7,391,3,45,150,248,56,35,4,50,57,140,2,0,58,152,7,27,32,31,92,0,8,0,26,0,2,60,54,0,15,0,73,67,1,90,10,21,5,0,2,3,68,23,23,93,62,16,23,51,162,12,0,0,0,32,9,17,6,1,27,10,125,24,32,39,7,7,0,4,106,30,125,0,203,3,3,63,17,1,60,0,66,39,46,56,62,99,44,47,0,66,73,74,8,1,3,0,104,144,0,24,0,14,8,10,194,39,35,0,27,13,101,3,36,10,0,62,1,3,12,1125,3,1,93,46,61,90,0,14,44,10,48,114,55,105,41,12,54,4,69,17,0,18,6,20,0,19,110,18,56,13,93,93,8,0,0,2,0,0,154,3,15,0,51,6050,6,5,160,0,0,10,4,16,155,0,0,0,0,48,70,12,15,72,0,709,0,2,2,51,98,4,18,0,39,25,7,135,29,61,26,57,22,17,6,48,10,1,10,0,0,0,21,5,19,4,24,342,37,0,16,14,0,4,70,87,16,50,4,87,0,98,5,9,48,7,2,75,17,35,22,10,73,1676,1,16,27,1,73,82,8,16,162,107,3,6,38,3,201,3,2490,11,7,32,8,11,16,0,85,4,2,41,9,31,68,23,22,0,563,0,19,19,12,0,3,26,121,10,56,2572,56,66,22,4,77,54,35,59,75,3,29,28,45,0,105,42,55,4,2,7,97,57,1,28,30,76,10,0,6,10,19,18,18,42,208,0,43,10,21,0,23,13,70,29,80,41,22,332,11,99,116,90,0,23,0,37,112,4,148,2,7,192,3,4,52,36,1,0,0,0,80,1,4,0,8,6,13,5,16,28,0,5,12,69,3,46,52,20,0,6,0,29,24,86,5,9,0,136,65,60,20,7,890,30,0,0,24,43,319,69,37,4,0,16,29,18,19,12,4,0,58,1,69,76,389,0,19,113,86,44,8,8,10,26,27,182,25,0,0,20,62,0,113,109,25,20,9,8,50,5,89,17,220,0,19,0,1,8,73,25,79,73,125,159,916,3,7,14,118,12,46,49,5,66,22,98
cell_343,6,0,11,101,50,2,66,32,122,404,5,19,71,10,2,61,60,0,11,19,85,99,1,10,8,2,0,43,29,5,33,7,4,2,10,838,7,19,186,10,116,184,7,28,4,363,0,7,11,276,8,27,81,12,16,37,0,0,14,3,8,32,16,3,3,0,59,79,3,75,51,8,54,2,2,18,140,9,22,51,1,0,8,72,169,37,30,0,0,24,0,7,30,0,23,18,137,8,169,145,20,5,0,2,127,40,170,11,179,8,58,74,0,8,30,0,0,38,32,32,92,1,13,191,0,37,348,59,7,1,3,25,196,13,3,12,1,13,16,1,332,17,61,3,0,4,150,9,1,5,1,18,1,107,88,1624,32,7,166,47,39,113,0,2,34,63,14,88,74,116,24,1,18,6,44,3,1,32,8,28,9,71,125,42,23,1,51,78,10,0,8,5,0,0,217,0,302,0,29,6428,32,0,162,0,0,13,12,48,200,0,22,0,1,8,71,87,26,44,0,936,0,8,1,12,101,15,45,0,107,6,22,105,5,7,18,33,38,29,0,86,12,0,8,0,1,52,30,1,130,0,18,249,5,0,1,19,0,13,42,124,31,81,16,37,1,33,42,164,46,10,2,52,13,6,16,8,58,1508,49,26,2,8,158,121,5,10,209,119,7,2,71,7,220,0,2896,12,8,12,3,5,5,0,0,14,3,32,12,9,68,17,25,0,708,2,27,0,1,0,18,51,63,39,41,3305,0,47,23,24,33,69,46,37,16,0,21,33,26,23,333,67,53,30,7,33,5,141,3,44,60,0,30,0,26,27,7,51,27,4,44,12,70,11,20,0,11,17,57,4,69,15,16,301,0,73,45,58,33,24,0,66,37,10,56,0,0,97,0,4,90,2,7,0,0,5,61,2,3,0,4,39,2,8,22,16,0,9,6,76,5,14,60,6,0,8,1,62,19,49,1,20,0,208,55,99,10,39,882,40,9,24,36,0,26,52,9,227,1,16,0,10,78,125,1,50,103,0,35,86,281,0,9,92,65,66,25,30,19,14,46,197,45,0,0,42,185,7,256,58,25,9,5,20,23,42,22,6,146,2,4,2,65,26,64,69,52,51,237,96,1266,3,9,53,153,8,97,55,0,123,41,72
cell_344,23,13,86,77,11,12,56,3,5,78,102,24,64,82,15,10,108,18,11,13,74,29,7,11,13,5,0,23,56,112,49,20,84,36,18,61,0,58,68,0,35,23,18,82,3,62,10,65,41,70,13,13,68,27,43,31,55,36,4,61,0,77,8,4,86,5,52,11,0,53,22,34,11,21,6,28,21,0,56,50,8,0,25,88,22,11,26,0,0,58,0,15,3,1,4,14,67,4,54,72,62,28,2,15,72,47,0,9,63,28,24,53,23,8,15,1,71,87,59,76,52,22,26,45,0,55,16,89,24,30,16,0,92,56,8,16,0,38,21,3,101,79,29,0,5,6,91,10,2,5,0,5,7,27,48,1615,1,0,52,103,85,45,2,20,3,35,0,62,76,32,0,28,13,3,10,5,11,36,1,77,21,22,91,56,73,36,67,89,75,0,0,1,0,0,34,11,64,94,38,3209,15,0,7,0,0,0,12,34,44,0,18,8,8,54,30,59,6,42,0,1810,7,1,4,37,82,5,42,0,7,24,22,77,30,52,33,33,32,3,0,20,44,10,28,1,0,99,72,22,45,0,7,6,17,0,29,17,0,11,15,87,32,78,59,6,0,36,0,44,84,14,23,16,5,67,33,16,50,1515,4,4,7,0,56,56,2,5,79,56,2,0,37,49,77,48,2084,43,1,12,21,23,9,6,44,0,16,47,52,74,51,47,6,0,1258,1,2,0,16,12,19,8,67,4,56,1796,10,40,64,4,19,54,41,47,67,7,13,36,4,43,30,46,22,6,0,32,102,4,4,61,81,8,8,0,18,20,50,21,17,8,27,0,54,7,22,0,19,54,68,9,4,28,18,101,5,78,21,82,28,12,0,20,76,19,96,8,0,64,7,1,40,25,7,0,0,15,79,25,3,0,12,42,1,10,13,71,2,21,47,68,31,84,6,34,3,4,1,54,13,72,12,3,4,64,68,30,20,33,83,16,0,2,14,5,36,26,20,58,8,7,98,30,22,10,11,0,14,0,42,62,56,0,25,61,2,30,17,45,15,33,74,76,54,2,6,9,67,38,0,49,56,100,1,0,8,6,71,12,1,69,10,0,42,0,84,11,88,68,80,13,1373,5,33,10,53,0,35,13,4,6,23,70
cell_345,15,7,2,51,20,0,55,50,107,107,33,14,143,22,0,2,62,14,26,7,79,40,7,40,7,4,0,107,17,23,37,13,179,36,37,589,0,21,167,36,168,164,16,27,3,292,0,0,10,245,5,15,70,12,61,51,23,0,18,4,3,35,74,2,24,17,105,1,3,42,18,5,120,25,0,64,34,0,20,25,0,0,8,80,189,14,0,0,0,30,0,9,27,0,48,50,99,2,127,45,60,17,0,5,159,35,181,12,320,1,5,98,1,8,42,2,15,60,39,83,74,32,84,0,0,20,231,0,1,0,1,15,87,80,2,11,0,5,1,0,51,51,15,0,0,30,340,3,43,0,3,28,2,2956,70,1038,3,0,94,37,38,63,1,64,16,36,1,65,37,159,9,6,32,31,3,3,5,25,8,94,15,13,258,14,27,9,6,77,3,0,0,3,0,2,177,7,64,61,20,4061,33,0,24,0,0,0,12,28,144,0,1,0,0,10,43,40,20,37,14,1151,1,4,1,58,27,1,46,0,31,1,109,118,66,136,30,97,6,11,25,24,74,1,22,0,1,0,43,95,19,3,12,182,6,20,54,20,0,0,12,24,8,218,50,28,0,20,0,138,86,5,52,21,17,13,20,0,377,1409,161,10,34,0,184,287,1,47,131,87,1,8,70,45,268,0,2377,41,0,1,16,2,10,2,124,0,4,70,14,19,107,4,55,0,419,0,11,12,4,5,15,127,38,26,20,6746,12,13,39,3,45,7,19,48,97,11,49,39,4,0,14,19,18,5,0,43,55,107,3,47,57,8,30,0,24,42,3,1,13,4,54,0,208,44,8,0,3,10,102,10,3,56,6,377,17,102,36,31,0,0,1,0,112,1,22,0,0,114,8,0,21,3,0,0,8,119,100,11,0,0,13,81,1,5,47,39,0,42,24,29,12,35,13,85,37,0,1,2,109,8,9,173,0,48,68,80,32,29,3464,35,1,7,52,1,50,75,1,81,0,16,72,19,58,113,14,271,91,0,201,52,463,0,17,61,113,120,1,38,447,77,61,3712,14,0,6,103,48,114,173,47,26,29,0,24,0,6,6,8,41,14,12,1,12,1,92,27,88,20,39,18,1325,0,0,94,55,1,48,41,0,6,15,23
cell_346,3,0,18,72,27,0,46,1,68,133,10,38,143,16,9,1,61,10,2,11,88,143,5,1,38,1,1,50,15,11,45,12,125,43,9,603,289,21,126,14,53,135,31,35,8,100,4,10,0,128,1,22,27,20,42,35,7,2,15,4,0,70,45,4,26,17,98,25,2,50,3,18,64,1,4,0,153,0,39,22,53,3,12,92,266,3,2,0,0,61,0,0,101,0,15,41,88,7,22,0,6,17,13,8,164,34,227,4,616,0,28,108,3,8,27,32,41,44,22,56,70,18,90,90,0,22,60,200,2,2,20,8,62,43,0,23,0,1,15,1,63,45,11,0,4,11,328,5,59,7,11,8,10,1402,11,1133,22,13,110,33,42,87,3,17,20,161,2,38,32,70,0,0,4,50,9,13,1,23,32,82,26,20,288,45,26,14,17,88,61,10,5,15,0,0,200,17,46,0,11,4314,21,3,63,0,0,3,9,14,72,5,157,0,0,18,5,108,0,38,0,1202,17,0,2,10,98,0,65,1,6,10,63,109,85,346,8,104,38,1,3,25,119,0,80,0,4,0,107,42,17,15,5,540,5,0,7,22,8,15,38,21,16,211,13,9,0,5,1,257,113,23,9,39,16,0,2,11,435,1331,45,2,10,0,159,266,25,23,74,89,1,0,75,27,252,0,2276,13,6,49,8,16,38,0,27,5,6,47,10,102,153,16,30,0,411,2,10,28,10,0,1,67,81,68,9,6283,41,15,13,5,30,35,44,26,45,3,35,75,47,25,244,48,23,0,1,40,55,20,9,33,18,2,10,165,7,383,5,9,4,38,74,7,216,83,25,0,0,2,146,10,10,45,11,396,0,55,25,34,6,18,4,59,113,2,26,11,6,52,0,29,153,13,30,0,1,241,82,13,0,12,0,97,0,9,33,29,0,59,8,53,13,39,31,17,0,0,5,30,38,9,17,147,0,110,64,74,81,31,3817,12,15,15,33,25,33,87,18,200,2,37,53,44,44,1864,5,9,22,0,52,34,540,0,19,88,118,112,1,50,351,50,84,1740,9,10,16,38,79,66,219,40,58,28,11,17,3,108,20,1,141,0,2,1,96,5,94,5,79,16,234,4,1358,0,3,21,119,22,70,41,19,143,55,66
cell_347,10,5,4,99,15,4,15,30,45,101,32,46,220,1,17,12,46,13,24,13,90,119,3,3,29,4,0,76,16,2,49,222,0,87,9,835,112,31,297,21,250,174,7,42,1,543,0,0,2,464,4,25,128,8,74,10,7,0,8,8,13,28,57,1,27,4,37,0,68,51,71,11,25,15,0,14,3,19,17,20,5,1,15,88,312,75,0,0,0,18,0,6,35,26,16,36,121,4,105,2,48,5,13,1,46,24,259,14,419,0,50,150,1,1,56,22,34,29,57,53,79,11,25,46,0,28,283,115,0,0,6,0,261,33,10,10,0,1,4,10,190,14,6,20,9,1,158,1,50,3,1,11,1,1406,82,1708,18,0,173,39,65,110,0,3,17,149,4,68,32,136,24,3,7,7,0,8,2,30,5,64,4,35,241,81,25,12,5,45,86,0,0,12,0,0,275,34,75,0,12,6695,1,39,45,0,0,0,6,21,320,0,0,0,0,26,51,61,24,39,12,430,5,4,13,45,64,0,103,0,15,13,59,91,38,48,25,94,42,43,0,42,25,0,23,0,0,45,12,61,20,7,8,7,17,0,21,33,0,8,21,36,16,181,36,45,0,59,47,139,88,11,7,5,8,12,4,0,180,1469,33,128,60,9,127,202,6,7,396,218,3,9,79,0,249,0,3366,28,12,36,5,2,11,0,28,14,13,17,14,15,58,73,21,0,880,0,22,1,8,1,26,78,44,0,19,4489,40,37,11,8,67,13,31,8,35,4,14,26,4,20,225,72,82,3,0,31,26,35,9,111,103,4,14,0,41,17,19,9,31,12,14,0,174,11,12,0,1,3,70,25,4,70,35,798,10,44,43,47,4,32,0,50,59,3,34,0,0,224,24,0,2,6,0,4,0,199,88,4,1,0,11,50,11,3,55,10,3,5,2,59,2,14,99,16,0,3,0,56,104,4,5,54,0,140,39,139,77,42,883,22,0,13,45,29,187,105,17,153,2,21,28,5,38,203,0,28,120,0,17,172,1159,0,20,91,106,231,4,14,19,34,32,1354,19,0,0,23,83,79,85,39,53,23,7,0,3,26,38,27,85,8,6,8,10,2,94,34,56,41,307,30,1387,3,4,51,79,6,56,47,6,124,180,77
cell_348,15,0,12,63,19,1,45,5,98,59,17,50,164,10,0,0,56,26,2,6,80,17,3,14,15,21,0,46,19,12,45,33,7,44,25,640,69,17,162,33,90,64,14,25,20,167,1,7,0,128,15,23,102,32,9,135,1,8,8,4,0,98,5,0,21,41,101,10,1,56,20,22,58,1,1,67,65,0,26,5,44,0,12,121,230,18,1,1,0,52,1,0,54,0,16,22,107,0,98,77,3,11,2,14,176,9,142,8,671,2,50,131,4,9,51,49,22,84,16,69,85,35,33,78,1,25,639,266,14,1,1,24,65,7,9,22,0,5,6,6,65,20,18,4,0,21,363,2,4,4,7,2,4,4729,18,1007,41,0,50,31,51,45,0,2,0,241,7,93,27,60,1,1,20,5,17,4,2,22,34,71,44,44,274,46,21,58,29,45,0,13,10,16,0,0,152,9,147,0,10,4328,5,0,21,0,0,6,6,32,126,8,232,5,0,44,28,92,7,12,4,1132,4,2,0,18,78,1,59,0,6,5,33,106,122,337,1,98,40,20,22,83,69,3,40,0,0,28,71,42,6,8,0,403,7,0,20,22,0,23,4,19,154,205,73,6,0,4,31,374,110,36,9,22,16,10,5,1,423,1209,35,23,53,0,203,289,31,11,136,77,0,2,68,0,329,13,2380,59,25,43,0,8,18,1,42,3,17,34,5,137,38,33,14,0,424,0,20,14,2,1,27,135,106,31,4,6599,98,51,32,9,28,11,50,41,57,9,21,40,15,10,290,63,64,14,8,46,63,112,12,34,85,0,11,0,45,91,17,8,20,21,31,0,155,17,11,0,12,22,114,25,36,43,23,453,1,99,32,33,32,16,0,43,90,1,30,5,0,190,0,0,262,4,2,0,1,22,108,17,0,2,4,58,0,8,36,10,11,98,2,34,160,27,50,8,0,1,5,27,44,10,6,144,1,116,37,137,12,45,3452,26,0,8,25,2,51,103,19,123,4,22,18,18,41,280,1,30,56,0,174,38,680,0,0,76,109,79,1,21,65,91,107,4143,12,0,4,5,94,38,206,34,128,3,10,32,0,50,46,0,10,4,4,0,139,0,76,29,89,19,271,41,1719,1,49,87,111,5,40,51,7,97,79,74
cell_349,33,3,21,73,46,0,55,94,29,223,36,34,34,73,0,28,105,2,10,18,51,122,4,7,34,6,0,9,62,11,47,0,54,119,4,191,42,37,154,202,82,35,19,49,11,348,2,0,12,141,7,72,35,39,81,28,3,9,10,2,3,109,29,13,79,62,70,15,0,44,68,42,61,17,12,11,17,18,24,18,31,3,17,10,138,14,11,0,0,80,0,31,8,0,12,50,100,6,60,90,43,24,12,1,205,45,120,12,208,1,10,93,30,15,27,45,68,61,73,133,59,16,23,173,0,69,7,3,0,0,1,14,99,63,6,10,2,18,9,1,205,31,116,23,1,0,99,5,41,0,0,103,1,22,60,1144,57,1,26,33,164,22,4,8,4,10,1,106,64,62,22,12,48,4,128,16,3,21,23,38,14,26,77,14,36,10,11,95,74,11,4,2,0,0,156,3,14,2,106,5988,7,0,106,0,0,2,1,22,158,29,7,0,0,40,67,58,50,56,5,785,0,2,2,30,75,42,22,2,30,8,54,101,14,21,32,41,30,1,15,16,6,0,5,0,0,0,26,11,34,12,1,744,25,0,0,26,17,0,41,74,18,60,10,45,1,71,2,47,32,19,35,0,14,8,18,29,90,1391,38,29,21,0,66,47,5,10,138,108,0,6,62,23,252,0,2564,54,9,23,13,5,2,1,84,0,1,44,27,20,39,37,16,8,557,2,32,10,6,20,13,18,67,8,53,2477,101,18,9,0,8,23,30,79,4,2,4,6,43,45,20,20,54,5,2,35,66,79,28,30,51,115,80,0,2,82,9,9,5,15,15,0,177,41,11,0,23,0,71,2,63,56,57,353,9,91,99,3,15,16,1,46,124,10,120,12,10,50,40,11,110,2,0,60,13,4,106,25,18,0,8,24,8,23,17,28,33,17,37,78,14,29,9,3,0,0,0,48,40,84,2,37,0,133,73,110,48,39,915,8,4,4,41,0,150,72,31,119,2,1,32,48,28,25,12,56,46,0,86,70,334,0,20,102,93,16,8,56,18,32,43,69,40,4,7,10,61,3,153,70,37,53,16,40,6,14,35,2,21,9,3,6,23,27,50,21,77,51,49,84,1087,0,27,11,91,3,101,61,2,46,151,51
cell_350,21,3,4,82,17,5,52,52,131,244,11,45,87,24,0,0,40,12,4,7,88,30,2,10,44,20,2,7,20,15,23,42,36,47,13,900,9,28,190,21,48,100,29,30,9,581,0,39,62,199,9,30,103,12,66,8,0,3,29,5,0,100,7,0,20,49,66,17,0,41,71,18,68,35,4,46,49,4,28,73,21,3,20,73,286,40,13,0,0,68,3,1,77,0,80,39,102,5,27,123,40,14,0,7,215,17,277,21,143,16,10,113,0,12,31,22,67,55,31,93,53,12,39,260,0,41,816,171,8,0,5,38,215,58,0,2,0,0,7,10,223,27,19,0,4,44,196,4,4,1,3,16,2,861,21,1129,11,0,182,41,12,123,0,0,20,158,0,76,33,170,8,1,5,8,1,28,0,31,28,32,71,56,173,40,25,13,2,88,0,3,3,4,0,0,258,2,247,0,18,7026,6,0,94,0,0,12,6,24,182,0,9,0,1,28,18,111,39,18,0,630,12,1,0,24,132,0,39,1,18,1,55,124,40,156,26,40,29,16,0,59,84,5,72,0,2,3,54,25,8,5,0,20,11,0,17,59,14,10,16,24,8,145,41,16,0,11,5,141,35,18,9,0,4,3,12,11,217,1291,18,50,23,3,206,172,13,28,74,256,47,2,29,6,300,23,3762,3,1,44,4,2,3,0,24,9,1,65,13,37,65,29,12,0,433,0,12,10,3,4,17,31,78,6,18,4797,23,73,27,2,52,15,52,14,53,6,21,4,12,0,169,70,32,38,11,36,48,106,1,61,67,0,5,0,7,4,17,6,12,0,44,1,240,31,38,0,0,2,111,0,17,66,17,506,0,106,29,59,8,8,0,81,146,0,30,2,0,116,3,2,246,5,1,9,16,149,90,3,0,2,2,118,2,23,20,22,116,9,1,67,95,14,27,29,1,0,4,6,13,16,0,45,1,169,70,64,0,31,4331,16,0,0,18,30,88,74,10,101,1,43,2,20,27,879,8,265,125,0,11,72,564,0,44,137,100,66,7,38,202,57,53,793,21,0,7,100,98,103,213,35,27,26,7,11,1,0,59,10,135,27,1,0,67,8,92,61,53,34,215,16,856,0,0,27,105,11,57,12,1,84,207,77
cell_351,14,0,5,119,25,0,55,17,73,409,47,67,198,11,127,74,53,0,9,0,110,40,16,29,12,1,0,17,30,17,52,4,11,61,20,557,399,40,244,37,375,197,11,51,3,87,0,37,1,396,13,45,129,10,28,57,2,0,31,2,7,80,37,2,25,16,81,11,0,75,47,13,78,53,1,39,129,3,24,59,15,0,11,76,101,14,15,0,0,54,1,7,38,20,17,27,36,2,72,75,54,6,6,6,221,3,270,1,404,0,29,187,6,3,37,40,34,49,35,72,41,82,25,61,0,26,511,40,3,0,1,0,238,12,13,43,0,6,6,11,180,19,19,0,1,4,172,8,32,0,3,18,0,3111,156,1610,107,1,59,24,55,8,0,6,5,180,6,96,39,147,5,9,7,6,5,10,2,37,6,70,8,44,225,57,15,8,4,49,0,0,2,13,0,0,264,21,118,6,28,6490,17,5,59,0,0,6,6,12,301,0,71,0,2,15,23,21,11,32,10,388,3,2,3,21,95,7,83,2,53,8,36,105,88,13,12,112,42,13,6,68,64,0,9,0,2,15,28,21,98,15,21,23,60,0,12,43,1,6,21,40,12,208,45,16,1,20,48,164,76,30,7,17,17,5,14,2,193,1556,13,0,18,2,150,165,0,14,389,232,5,4,35,0,240,0,3285,21,2,125,11,13,6,0,80,0,14,76,2,117,28,28,7,4,788,13,23,22,0,0,22,121,47,1,48,4707,87,38,3,18,21,29,6,23,34,6,15,45,42,80,378,93,58,0,30,63,22,134,4,87,73,0,17,10,75,137,3,1,154,76,17,4,158,36,21,0,4,1,73,11,41,78,63,812,19,96,62,23,7,26,0,44,147,1,28,6,0,179,3,0,163,5,20,9,24,58,93,14,1,0,11,74,8,5,33,8,0,68,5,54,19,24,54,50,6,0,0,17,25,86,8,98,0,111,59,120,24,44,877,7,0,0,41,35,77,83,19,155,2,8,15,41,35,774,0,25,30,0,20,163,1152,0,66,51,98,70,0,38,16,9,23,638,16,5,0,72,105,0,261,35,81,17,1,0,3,9,46,2,234,5,1,5,150,28,97,38,54,58,383,26,1277,0,13,13,72,3,75,36,6,50,77,3
cell_352,24,0,3,93,30,3,67,43,77,153,36,114,151,26,10,10,85,5,14,0,93,191,2,11,29,9,1,106,34,11,40,6,36,62,10,325,108,13,173,18,85,96,9,32,6,332,2,34,62,509,15,7,55,6,57,40,7,4,24,7,14,142,54,23,27,41,75,102,2,41,7,17,36,48,0,25,21,15,33,62,17,6,9,80,83,85,50,0,0,45,8,5,10,0,39,31,144,3,44,76,14,0,6,40,164,31,163,17,258,3,10,167,23,2,55,24,31,27,25,135,25,79,24,47,0,19,162,72,4,5,0,0,140,33,28,6,0,4,9,0,108,28,18,0,2,38,165,0,0,0,3,14,1,3694,12,1405,17,5,171,36,9,98,2,55,18,192,1,31,36,229,41,0,25,80,8,3,1,19,37,42,43,48,438,59,31,22,18,66,101,0,2,0,0,1,242,8,45,31,16,6361,17,0,54,0,0,3,6,30,248,0,73,0,6,11,6,48,35,31,0,439,0,4,1,27,22,2,51,3,30,4,71,119,7,10,12,104,20,29,0,49,33,1,81,0,0,13,89,111,63,4,32,49,3,2,3,63,0,7,12,15,38,269,20,11,0,18,3,119,139,5,17,5,0,7,14,7,109,2112,2,70,33,2,123,128,1,3,473,106,10,10,65,17,177,0,2641,12,13,1,9,4,11,2,64,0,4,93,21,97,61,11,33,13,420,0,27,11,3,1,7,100,73,3,88,4650,12,26,7,11,112,20,19,22,76,13,14,25,4,21,177,54,90,37,21,48,23,349,6,80,105,0,20,0,15,53,10,7,29,0,41,5,74,37,17,1,7,26,76,12,3,23,56,470,12,56,74,19,7,31,1,54,58,0,29,0,1,61,9,4,39,6,0,3,77,215,51,15,4,0,19,49,7,114,24,17,149,21,7,8,13,10,35,74,7,0,0,3,100,27,3,87,0,23,50,71,5,29,1575,4,0,4,28,18,114,89,21,19,1,31,20,73,5,325,78,136,69,0,126,134,886,63,11,27,83,500,0,53,8,15,82,2036,3,3,70,22,46,53,208,45,50,13,0,8,9,51,56,1,20,6,1,5,150,10,110,12,119,43,305,47,739,4,21,46,36,6,69,15,14,128,121,55
cell_353,47,7,5,96,19,0,81,74,25,840,49,143,163,3,24,7,74,1,6,5,73,299,4,40,65,1,2,21,23,19,48,39,25,21,6,314,14,19,201,9,95,174,16,33,7,354,0,29,17,639,7,38,69,13,36,30,7,4,5,1,0,107,19,6,26,31,51,39,4,56,16,0,50,15,1,24,69,0,21,0,68,0,24,22,324,57,5,0,0,27,14,4,59,16,26,28,61,2,84,93,42,1,8,45,170,44,153,0,408,0,47,267,8,4,145,6,27,36,14,187,60,25,54,26,0,29,466,186,1,1,0,0,131,46,15,4,1,5,5,0,186,32,27,0,15,26,177,2,25,1,4,5,0,8009,78,1449,17,18,171,50,25,60,0,5,7,261,6,58,23,281,0,11,5,0,21,11,0,20,22,77,7,78,446,61,15,11,14,66,16,1,8,8,0,0,241,2,268,17,20,7234,5,9,65,0,0,2,6,20,214,0,73,4,0,7,20,71,5,21,3,454,0,3,1,35,73,1,56,5,53,4,51,110,53,150,21,123,25,16,0,13,29,2,16,0,2,8,79,70,32,4,2,59,10,2,33,42,2,22,16,27,35,266,44,12,0,6,0,102,161,6,39,60,2,6,10,7,129,1608,13,19,90,57,126,166,6,15,471,123,4,4,56,1,167,0,2384,13,13,63,2,9,10,4,51,0,26,71,12,131,98,43,25,2,466,1,17,13,0,0,26,315,74,3,17,4381,8,23,3,2,66,33,27,36,82,14,1,65,2,34,260,60,110,0,0,74,22,39,0,74,123,1,6,1,43,37,18,8,156,36,89,11,11,147,14,0,3,9,68,6,12,31,13,663,13,76,62,45,8,35,1,84,64,3,23,10,0,86,8,1,29,4,0,3,147,142,133,20,6,0,4,71,12,8,34,3,8,62,11,46,16,12,38,74,0,1,0,34,77,10,4,113,0,132,67,101,78,44,1236,16,0,3,33,18,112,98,0,63,0,29,10,40,64,1172,1,81,126,0,102,114,961,0,0,15,70,247,2,34,22,83,99,1973,5,0,5,54,72,0,218,33,68,19,1,3,5,28,54,1,0,8,5,2,178,3,109,45,57,46,307,31,873,1,13,35,46,3,6,18,4,119,142,122
cell_354,40,38,10,107,13,0,69,73,67,221,41,66,220,6,39,47,42,5,2,0,82,160,14,22,43,4,1,13,18,11,44,49,130,27,15,678,161,27,301,21,187,74,23,43,12,259,3,28,13,418,2,23,71,3,46,48,5,17,24,2,8,53,38,2,21,15,23,31,47,69,30,4,43,45,1,22,3,8,16,45,13,10,6,71,203,29,16,0,3,38,1,0,43,28,20,38,142,7,80,87,20,7,9,19,203,19,138,64,385,4,17,170,2,3,49,14,57,37,42,64,14,27,41,16,0,44,133,296,0,6,0,0,272,26,6,3,0,1,26,0,170,27,19,0,0,11,131,0,14,2,2,14,1,3517,106,1606,19,2,184,39,24,91,1,24,4,380,5,49,30,84,4,3,10,21,2,1,0,37,14,51,24,19,233,42,21,2,24,54,88,0,7,0,0,0,263,26,19,23,26,6178,2,0,67,0,0,1,5,17,253,0,68,0,6,44,16,25,31,33,0,429,2,7,0,33,95,5,108,1,15,13,44,135,67,121,26,160,48,1,10,69,24,2,24,0,0,55,29,14,74,19,0,57,15,3,32,138,1,11,29,26,41,186,49,12,0,16,3,85,86,34,3,20,5,7,2,6,232,1628,4,18,8,0,162,198,2,9,182,189,25,0,79,7,243,3,3382,5,5,89,0,11,22,1,22,6,10,61,11,69,111,29,7,3,710,0,19,40,1,0,17,96,75,27,28,4494,67,43,5,18,13,45,43,31,28,1,16,72,33,61,234,84,7,0,39,39,28,195,1,103,97,7,25,5,8,43,13,6,147,5,2,12,146,82,26,0,0,8,56,4,9,80,63,842,6,87,65,12,5,57,0,7,179,0,21,19,2,181,0,0,79,1,0,3,9,16,107,22,4,2,10,136,0,3,24,2,1,38,1,65,8,21,19,29,0,5,3,31,64,42,13,27,1,184,51,85,26,44,829,25,0,0,31,29,136,72,5,67,2,25,37,27,20,565,42,66,119,0,66,171,1871,30,5,55,134,181,1,51,5,22,35,1980,28,27,41,19,106,24,293,28,54,27,0,5,3,29,34,4,19,0,10,5,111,43,83,33,58,44,307,23,1356,0,19,11,50,0,86,35,3,0,245,51
cell_355,21,1,1,84,20,0,80,7,19,229,48,67,184,21,13,22,70,16,8,6,86,305,6,3,47,5,0,10,23,18,37,32,133,23,13,354,275,28,240,26,115,233,20,53,5,95,1,1,28,456,0,26,59,44,42,113,2,8,13,2,0,80,26,0,20,30,109,27,4,44,4,27,91,17,5,15,31,0,31,92,21,0,6,93,258,33,5,0,0,61,0,4,68,0,14,24,74,3,104,11,6,0,0,1,217,24,141,10,387,1,7,113,15,10,167,0,23,45,11,165,96,94,33,20,0,26,91,224,2,14,2,1,117,30,3,20,1,1,6,0,175,21,10,23,21,40,191,2,7,2,1,13,1,4407,26,1295,19,0,170,37,23,80,1,40,9,125,6,67,30,271,0,0,21,42,0,20,4,16,4,59,16,25,479,65,26,14,25,60,61,41,6,13,0,0,323,7,48,1,19,6261,3,0,39,0,0,8,11,36,228,0,59,0,0,27,8,62,27,27,0,432,0,0,8,41,59,1,37,6,8,5,98,151,161,142,25,143,22,22,1,2,5,5,6,0,1,1,104,30,5,4,13,0,9,0,50,34,5,7,131,22,65,387,24,15,0,24,1,119,132,24,14,0,19,8,18,23,115,1948,2,82,6,1,105,134,6,8,485,105,2,0,38,38,164,1,2559,17,0,53,7,12,9,4,142,0,2,109,23,121,85,8,9,0,489,0,18,4,9,0,9,150,110,0,57,4524,53,8,5,4,73,17,25,73,71,8,27,31,14,0,427,65,117,11,5,6,15,91,1,66,103,39,13,0,4,17,6,12,97,2,80,0,158,87,27,0,17,1,73,6,3,66,46,556,15,90,19,54,12,23,0,2,130,0,21,0,1,19,46,0,59,14,1,0,86,65,134,7,5,0,1,98,1,0,20,28,1,38,12,45,72,12,72,20,3,2,8,10,21,8,2,129,0,119,68,79,10,41,1161,1,0,28,50,30,97,110,7,11,1,66,18,103,53,825,0,297,77,0,72,93,686,1,5,92,81,606,5,59,36,79,98,1528,10,0,1,73,110,20,232,37,27,6,1,28,0,47,43,10,86,1,9,0,84,51,115,112,98,43,275,18,876,3,1,15,40,9,52,39,17,0,143,81
cell_356,1,4,10,61,21,6,81,68,42,396,41,56,81,11,20,13,64,6,3,43,103,325,17,38,33,0,0,162,29,32,41,68,20,23,5,336,0,25,236,3,212,64,23,31,3,108,0,51,18,379,9,31,42,2,19,20,1,6,2,13,4,55,12,3,20,0,46,20,4,48,29,3,91,8,5,10,151,6,14,22,71,4,13,74,338,39,0,0,0,40,0,11,93,0,30,36,31,0,36,95,26,1,0,12,256,11,40,7,431,6,5,179,8,9,106,64,28,35,21,166,136,182,82,2,0,20,310,25,4,2,13,0,114,2,7,5,0,1,4,2,200,16,21,2,0,52,192,2,8,8,0,5,0,7197,16,1274,86,0,122,31,2,12,0,6,4,213,2,54,4,248,0,5,6,14,6,0,0,13,5,67,5,25,458,57,27,8,5,63,15,12,12,6,2,1,254,20,58,3,16,6936,0,0,33,0,0,3,5,28,170,0,16,1,0,44,15,138,5,19,61,420,5,0,1,17,85,1,57,7,14,22,113,112,43,142,13,169,22,34,12,1,57,14,29,6,4,52,67,54,57,4,10,105,14,0,59,54,3,5,73,12,57,356,14,44,1,26,0,69,136,22,27,35,2,5,10,0,111,1915,6,60,6,0,134,145,5,10,317,81,2,1,66,39,178,25,2693,4,0,20,2,12,0,1,54,13,5,36,8,50,87,12,16,0,464,9,17,4,53,51,7,50,16,3,61,4769,4,67,8,9,12,29,14,100,60,27,11,99,2,42,474,60,101,2,18,46,20,308,0,79,129,9,10,0,54,41,22,14,232,56,28,1,149,137,18,13,1,0,71,9,13,64,65,565,7,73,9,19,11,20,0,68,62,2,28,2,0,77,10,2,55,11,2,5,153,7,26,22,1,0,7,121,1,14,39,36,0,61,6,47,62,14,192,69,0,0,1,20,11,52,4,224,2,38,85,76,30,22,1183,43,0,5,11,22,42,103,16,23,0,36,15,8,50,371,5,158,95,2,49,105,1032,55,6,42,95,506,1,13,138,111,68,1207,11,2,1,48,100,112,189,51,50,4,0,24,1,28,22,8,63,41,4,3,49,33,51,50,127,44,261,7,831,2,7,66,30,4,14,16,6,55,81,109
cell_357,9,8,18,105,15,0,100,36,13,200,52,44,184,8,51,1,67,8,6,1,91,72,8,35,46,7,0,158,31,5,40,14,20,25,4,357,101,20,185,19,102,144,31,43,6,75,1,25,54,206,0,23,54,11,39,94,0,0,30,3,3,114,21,8,15,4,77,86,0,37,14,18,18,45,1,47,25,5,31,58,38,4,10,98,246,44,0,0,0,35,5,3,41,0,13,31,134,2,91,54,26,7,0,4,110,13,200,10,436,4,5,243,15,0,69,26,40,31,35,81,42,85,54,35,15,27,77,261,6,2,1,12,152,44,17,16,0,1,2,2,179,26,6,1,18,1,193,2,15,2,0,6,0,3944,57,1345,33,5,147,48,17,16,0,40,31,252,6,73,24,245,0,1,28,14,18,10,8,15,6,85,17,76,426,51,7,2,1,67,92,9,0,7,0,0,315,34,87,11,6,6430,5,0,32,0,0,3,1,19,30,0,94,1,1,29,31,16,57,10,0,423,10,0,1,37,23,2,58,3,7,5,90,154,16,23,22,65,21,14,17,5,12,0,16,0,0,10,99,20,48,2,12,127,9,0,38,21,1,3,79,19,22,396,25,37,2,28,0,146,105,25,24,4,9,13,21,2,152,2044,4,7,5,78,126,138,9,12,478,121,0,4,62,79,181,15,2654,11,24,19,6,12,1,0,124,0,7,62,13,120,100,34,9,0,467,0,13,11,3,28,0,5,146,0,13,4463,62,37,19,43,44,11,18,73,65,4,54,25,50,121,156,79,106,72,10,17,11,34,4,79,103,6,4,4,40,30,9,6,70,2,75,0,170,32,21,0,21,7,77,17,15,68,64,589,16,72,61,33,8,27,7,71,130,2,31,0,0,35,38,79,64,11,0,47,123,15,159,8,1,0,2,64,1,60,40,32,35,179,1,37,36,8,57,10,25,9,1,19,79,7,0,72,0,137,79,106,11,45,1192,1,0,0,10,35,142,90,5,34,0,47,23,55,1,274,1,130,67,0,253,132,975,0,20,116,68,604,3,38,30,58,75,2004,26,1,46,32,100,101,205,45,43,16,0,2,3,35,43,4,133,25,2,2,57,12,108,12,113,34,285,38,714,0,18,53,37,4,5,30,0,224,154,111
cell_358,33,7,11,121,21,1,90,16,42,601,34,44,170,28,139,12,54,2,30,4,93,53,9,36,18,4,0,85,24,41,22,6,101,58,27,51,44,13,194,6,74,151,5,36,14,360,0,35,57,631,10,33,49,29,32,42,5,0,16,13,15,129,48,12,29,2,17,27,1,53,34,1,55,43,3,50,36,4,21,27,27,0,9,88,14,74,20,3,0,37,28,9,18,76,1,18,50,5,99,100,71,1,0,13,262,32,142,38,281,8,14,172,3,4,190,5,3,32,16,109,19,13,51,35,0,32,212,6,7,3,5,0,107,18,25,13,0,5,3,2,187,26,35,12,0,19,165,3,1,2,2,5,4,7477,61,1401,16,0,145,58,10,76,0,22,2,78,13,118,25,274,45,2,21,12,5,1,3,18,7,82,18,72,472,60,34,7,12,46,101,58,21,0,0,12,196,13,77,22,4,6330,15,1,21,0,0,3,2,33,196,9,68,0,1,46,24,42,4,9,0,395,0,2,3,39,77,0,66,1,18,1,3,106,53,69,16,64,5,1,5,20,36,1,57,0,0,21,29,69,41,7,27,15,13,17,46,143,0,1,38,28,47,266,46,2,3,14,39,137,157,20,20,51,7,10,9,13,130,1929,23,86,2,0,120,148,1,21,351,104,4,0,72,5,166,0,2682,3,2,16,3,17,4,3,78,0,21,88,12,191,96,7,12,4,425,5,20,2,5,0,12,42,44,2,89,4615,78,21,0,20,63,15,25,51,60,6,2,155,0,66,291,77,74,12,0,42,32,39,1,57,85,6,13,2,39,0,5,4,47,0,37,5,48,95,9,0,8,23,99,1,8,27,27,542,16,86,26,44,7,40,0,1,69,4,24,3,1,132,6,0,6,5,1,5,137,15,133,7,0,0,19,104,9,23,48,23,3,80,9,39,8,19,28,26,13,6,0,26,59,39,4,62,0,93,74,35,4,26,1333,20,0,1,22,22,26,56,1,25,0,13,21,18,44,73,12,344,123,0,104,127,249,2,29,89,24,391,5,69,47,92,30,981,9,7,41,24,98,59,67,22,57,22,1,12,3,8,77,3,9,2,2,1,112,0,95,13,97,40,292,32,804,5,2,63,40,4,134,35,0,45,150,70
cell_359,33,0,1,78,27,0,36,23,74,309,59,137,192,12,63,0,98,2,6,1,41,23,8,6,78,0,2,62,22,11,50,6,16,47,10,281,236,25,185,13,179,85,32,46,7,248,0,12,37,538,19,45,74,6,111,123,1,1,14,7,6,66,83,3,25,18,102,13,1,50,18,17,1,19,2,33,29,8,22,51,35,14,5,53,269,26,3,0,0,26,0,4,9,0,4,39,129,1,81,6,9,7,5,23,223,11,173,17,431,5,27,257,6,1,34,23,28,44,39,46,72,57,62,40,0,36,64,128,3,6,0,0,147,21,2,16,0,3,9,0,176,33,32,28,1,13,158,14,25,2,6,11,1,6243,24,1259,8,43,150,51,12,42,1,12,7,172,19,111,26,183,9,8,16,43,15,0,0,15,10,62,1,51,426,17,33,31,24,72,93,0,0,10,2,0,247,3,57,2,11,5894,34,0,46,0,0,10,7,15,179,0,25,0,0,0,40,23,14,12,0,453,9,0,2,52,67,3,50,6,77,4,48,116,134,52,23,190,24,9,0,14,78,0,26,0,0,1,59,28,44,13,0,73,28,0,3,34,0,2,38,8,12,299,1,28,0,11,32,164,120,26,4,24,13,0,17,27,121,2218,50,53,1,0,138,143,3,3,468,111,0,12,78,0,152,0,2567,7,0,43,9,13,9,1,136,0,15,85,7,122,71,9,43,6,428,2,13,4,3,0,2,92,69,2,33,4545,43,22,12,22,44,26,10,45,4,0,23,85,32,27,478,47,121,14,1,33,24,191,1,32,111,31,14,0,13,14,22,6,189,15,33,1,180,80,36,0,12,5,78,12,18,52,33,506,19,98,79,39,17,62,0,71,87,1,21,1,0,138,1,3,94,8,0,1,30,74,155,26,2,0,4,58,11,19,30,5,15,129,8,53,1,15,178,72,5,0,0,12,78,37,5,84,0,159,64,103,14,38,1472,6,3,0,22,12,135,109,16,44,3,2,24,49,54,4,4,142,41,0,59,108,1086,0,26,128,100,188,2,56,20,56,74,1358,15,0,0,45,106,1,184,28,48,14,2,13,31,78,74,4,44,0,4,5,162,29,99,15,106,36,277,46,815,2,16,17,36,0,6,33,6,132,99,36
cell_360,19,1,26,126,21,0,56,17,46,244,23,19,161,16,0,30,70,7,2,24,101,145,5,7,21,2,1,148,23,15,74,22,34,86,5,546,22,18,196,9,54,282,3,26,4,431,0,0,52,377,11,1,70,1,52,36,10,0,26,0,0,143,16,5,23,32,95,10,5,53,33,4,106,0,1,25,87,3,11,60,0,0,13,4,278,54,9,0,0,36,11,14,105,5,6,20,81,8,61,103,32,5,3,11,211,17,202,17,234,42,6,177,8,2,225,2,52,25,4,29,63,27,58,28,0,15,171,97,7,0,4,20,175,25,7,2,0,0,8,1,164,16,19,0,10,5,131,0,14,1,0,8,0,1015,103,1636,28,0,197,30,36,65,0,28,13,97,4,67,4,155,1,11,5,34,5,0,9,13,9,31,14,29,215,93,24,24,19,71,7,7,11,16,0,0,238,30,11,37,9,6739,0,0,67,3,2,2,2,22,99,0,23,0,0,30,52,61,8,40,1,405,0,0,12,31,26,5,83,3,70,6,18,105,46,97,24,75,17,35,0,41,53,12,33,0,0,3,48,63,38,6,28,102,18,11,22,31,0,4,28,18,13,217,37,64,0,7,47,61,102,8,2,10,7,5,8,35,160,2030,75,87,30,4,156,174,3,36,377,185,1,1,65,46,188,2,2957,27,21,36,0,8,6,0,58,0,8,25,9,19,95,36,20,3,574,6,17,29,39,0,23,132,21,12,19,4136,11,65,11,16,66,27,4,43,4,22,21,49,0,25,123,57,86,12,33,28,20,75,4,65,87,3,20,5,21,10,12,5,4,42,91,1,111,31,38,4,16,11,46,18,19,40,28,600,30,35,8,21,1,147,8,62,149,1,26,13,0,106,5,31,59,2,2,1,28,57,130,19,4,0,13,14,29,21,25,35,0,23,0,57,8,12,39,70,5,1,3,3,72,1,3,114,2,104,8,133,81,40,664,37,0,22,35,5,207,100,1,6,3,15,21,44,34,102,47,10,115,0,31,117,1669,0,1,150,159,339,19,6,12,11,41,1601,11,3,1,59,95,44,11,44,59,12,0,3,3,1,54,19,10,9,3,3,58,0,51,59,66,56,284,18,765,5,6,23,72,17,25,37,2,134,17,90
cell_361,17,0,6,76,34,8,93,28,30,419,57,10,140,15,76,13,79,18,20,2,84,257,14,51,54,5,4,9,28,11,13,15,105,43,8,236,58,21,122,20,261,75,7,41,1,305,0,22,40,543,0,31,50,11,84,96,19,10,13,1,4,30,3,3,35,15,28,51,5,47,1,2,46,45,0,40,23,0,29,89,3,13,11,95,258,41,4,0,0,13,38,4,20,0,62,28,90,0,82,80,16,3,0,58,155,10,158,16,360,18,12,236,5,4,72,27,27,24,28,177,126,182,52,24,0,23,54,0,9,12,0,0,154,9,18,6,0,4,5,0,166,22,4,0,23,77,148,4,32,2,0,4,0,7809,22,1257,9,3,168,61,6,37,0,56,5,278,2,4,18,268,58,0,14,15,20,0,0,16,4,72,1,31,444,43,21,4,4,52,89,43,6,11,0,3,326,38,2,0,9,6722,10,15,63,1,0,0,5,13,279,0,89,1,0,61,31,44,9,6,40,414,18,1,3,55,12,0,68,9,4,5,44,148,0,71,8,126,14,13,9,17,30,1,40,3,0,14,104,49,45,7,5,79,20,5,50,101,2,4,102,16,53,294,32,9,0,46,23,54,154,41,8,30,2,2,5,11,141,2151,7,27,50,8,122,153,13,23,450,119,6,5,54,16,178,0,2642,1,4,40,1,12,13,6,118,0,6,74,2,123,83,6,15,3,433,8,14,1,21,33,14,31,84,5,28,4416,62,44,2,12,87,32,27,51,51,0,13,121,0,0,494,54,125,30,0,32,33,28,1,74,104,51,0,0,4,34,32,2,124,2,58,0,148,107,5,0,15,14,68,26,12,83,33,480,10,61,16,49,7,67,3,0,16,1,31,2,12,105,10,0,51,33,0,0,128,2,49,6,0,0,10,35,13,36,77,1,8,82,5,41,8,23,43,36,43,0,2,2,76,21,0,4,0,63,42,86,42,42,1382,22,0,0,25,14,121,117,20,6,0,37,20,6,67,561,26,212,93,0,86,143,730,0,42,53,118,243,2,21,15,62,69,1548,8,3,1,79,81,13,234,39,18,7,0,1,4,20,51,13,122,3,8,2,43,15,78,12,118,61,66,13,845,5,21,45,33,1,48,22,18,247,106,100
cell_362,64,3,16,89,30,0,86,24,43,29,35,24,174,16,38,9,67,10,1,1,65,181,11,17,34,1,0,82,19,19,43,39,32,82,1,78,78,13,196,0,33,104,12,41,2,330,1,35,107,453,0,39,53,10,93,96,3,0,10,3,0,112,17,3,23,22,29,101,12,52,18,19,18,30,1,16,16,1,11,66,0,0,16,95,318,28,0,0,0,10,9,3,2,14,7,15,91,8,62,93,45,2,0,14,166,17,135,1,360,73,14,234,13,3,76,19,32,39,17,62,45,26,60,3,6,29,178,143,17,12,4,4,140,17,12,4,0,11,10,0,183,26,43,4,22,13,193,6,36,2,2,8,0,2167,49,1524,9,2,172,54,4,61,0,14,0,246,0,47,31,305,42,14,12,1,34,0,8,10,5,84,3,80,453,23,28,20,23,40,112,45,0,14,0,0,248,15,11,0,4,6295,0,0,65,0,0,0,9,16,140,2,58,0,9,58,10,19,3,6,0,445,1,1,0,31,41,0,59,2,99,1,8,118,105,51,25,121,13,40,16,26,63,8,68,0,0,37,63,21,39,8,7,115,7,14,17,102,3,12,74,25,13,115,23,33,2,15,14,55,132,36,31,19,2,29,16,10,112,2128,44,44,24,12,130,140,14,4,446,124,1,16,76,0,165,0,2564,5,22,33,2,15,2,10,52,0,19,57,10,105,105,48,21,3,476,0,2,10,0,5,14,75,55,19,64,4623,16,94,9,10,38,48,40,32,13,3,12,130,1,0,541,54,119,16,1,35,21,0,0,44,102,24,4,21,22,11,13,0,135,37,46,0,101,84,8,0,15,13,91,16,3,43,39,257,4,74,27,39,15,21,0,14,51,17,28,2,6,122,6,1,39,3,42,0,12,2,134,7,0,0,8,5,10,9,47,18,0,5,1,46,6,14,92,22,3,0,4,1,46,16,15,47,0,133,15,113,11,35,1681,29,2,5,4,3,77,100,1,28,4,1,20,45,11,627,7,50,126,0,171,135,762,0,4,153,44,110,15,36,82,82,82,1174,12,24,2,78,66,0,105,19,29,7,2,63,7,30,61,5,35,13,1,0,137,21,45,17,109,41,143,64,914,6,27,37,45,10,81,11,1,188,44,103
cell_363,21,8,5,111,25,0,92,9,31,248,22,124,164,13,11,3,107,13,0,11,88,137,1,22,43,1,0,37,21,13,38,20,48,83,16,297,174,23,190,17,78,121,8,54,3,304,1,27,93,585,0,19,64,20,95,29,10,1,17,8,2,105,28,6,26,0,75,26,18,61,14,7,24,38,4,19,22,2,35,40,4,2,7,74,319,25,3,0,0,27,10,2,57,0,30,11,98,2,58,75,67,3,5,39,232,9,177,36,245,2,44,253,11,3,205,25,31,43,16,118,97,14,59,33,0,31,81,78,3,4,17,0,116,7,15,3,1,1,15,1,151,6,11,7,70,14,186,0,6,0,2,14,0,6774,39,1432,5,1,154,56,12,45,0,39,2,245,1,59,25,243,0,7,41,15,4,3,2,21,17,85,3,60,475,86,23,22,22,60,0,3,0,12,2,0,236,1,37,0,8,6288,5,0,55,0,0,4,3,16,115,0,71,1,0,14,20,36,9,28,0,408,2,1,12,12,80,0,19,5,9,0,38,127,71,67,23,196,17,13,9,127,37,4,31,0,0,18,57,57,53,15,28,19,24,0,15,131,0,10,25,21,22,316,55,13,0,10,5,183,140,8,12,12,9,6,14,11,120,1958,7,30,49,10,136,121,2,27,551,116,0,10,66,1,169,0,2577,3,2,40,2,7,16,0,48,0,18,102,16,36,81,11,31,0,451,1,17,30,3,0,5,251,86,12,66,4573,19,71,5,8,69,18,28,35,109,6,43,103,0,41,340,56,113,11,1,19,31,337,1,75,89,0,11,0,17,31,30,6,21,5,66,0,40,11,21,0,3,15,60,7,16,77,4,522,2,51,12,29,24,47,0,74,108,0,22,5,3,80,5,0,79,16,26,0,12,89,134,16,2,0,8,104,10,13,39,27,0,36,4,43,4,12,45,59,10,0,2,31,75,61,3,71,0,132,5,58,26,42,1949,17,10,3,25,1,104,79,2,20,1,8,22,16,40,387,25,244,133,0,70,127,899,0,20,117,100,331,2,47,17,24,57,1413,11,3,0,76,92,12,139,36,48,6,0,14,4,18,73,9,62,0,1,5,130,0,93,39,118,37,290,2,760,2,11,35,27,0,33,17,3,97,29,112
cell_364,18,13,12,98,22,3,98,21,99,126,25,139,165,1,0,28,86,8,6,22,88,142,2,1,66,1,0,203,32,16,44,33,7,73,7,343,126,13,201,13,62,244,1,44,3,317,0,35,10,530,1,28,65,31,57,13,2,0,16,4,1,115,64,16,29,0,103,0,0,52,55,8,138,8,2,32,113,8,35,30,3,0,9,72,16,37,22,0,0,24,0,8,35,0,20,27,54,4,66,70,35,2,2,15,220,10,82,0,106,1,6,292,5,10,73,65,36,37,10,72,146,3,37,34,0,19,202,69,0,3,8,8,128,39,22,20,4,3,1,16,158,27,32,0,3,8,163,1,18,0,8,16,1,5326,85,1292,12,0,158,34,24,59,0,8,2,178,1,107,12,309,0,0,4,23,2,13,1,18,14,27,26,21,460,73,22,13,8,60,0,0,7,35,0,0,330,16,204,45,6,6819,13,0,44,0,0,16,8,29,224,0,9,0,0,22,29,41,54,37,11,441,1,0,2,12,84,2,55,3,33,1,47,133,100,38,20,105,25,21,1,65,40,3,41,0,8,0,73,33,48,4,39,38,3,24,16,35,0,8,14,23,48,326,18,9,0,19,0,163,108,25,15,0,25,0,7,0,120,1984,8,110,49,12,116,148,18,6,445,130,30,9,44,0,145,0,2603,9,19,20,10,6,2,0,103,14,10,68,13,132,51,19,17,0,439,0,9,4,1,0,17,339,98,0,39,4382,38,55,6,16,65,3,20,27,61,14,40,31,46,1,6,51,122,18,10,68,14,73,5,76,85,1,9,0,29,81,7,4,95,7,43,0,180,35,9,1,25,0,59,21,14,68,8,547,12,89,31,19,30,70,0,19,37,1,27,6,0,141,30,1,45,0,7,74,0,208,146,61,7,0,2,39,8,24,107,44,0,36,0,38,16,24,18,88,0,4,0,34,20,4,0,115,0,74,68,54,46,28,1403,54,0,5,38,7,158,86,14,12,0,12,14,5,9,424,82,138,76,0,6,122,1080,2,8,63,32,574,1,40,310,48,33,1271,12,2,5,119,112,30,154,39,61,11,7,15,5,101,88,14,0,44,5,4,127,18,42,14,90,39,290,9,728,2,4,41,32,0,22,3,23,4,46,120
cell_365,14,0,9,102,19,5,53,7,54,828,8,51,172,14,32,5,79,3,0,11,66,291,7,10,19,0,4,41,22,15,47,14,61,43,1,190,0,18,198,0,78,173,27,38,6,297,0,16,35,482,0,31,65,11,15,0,5,0,17,4,0,151,33,9,2,0,69,8,0,44,34,2,41,11,3,16,12,9,17,61,7,2,19,74,0,71,1,0,0,48,3,5,27,47,3,11,126,13,84,81,7,1,0,3,225,26,83,2,179,25,3,296,9,1,166,2,20,41,10,138,101,175,67,31,0,15,100,219,3,4,22,7,101,17,9,9,1,6,10,0,204,29,46,37,0,8,178,2,33,3,8,4,1,6085,67,1374,56,0,159,44,4,90,0,12,10,65,27,54,10,130,1,24,5,0,9,22,1,9,10,78,0,74,434,13,23,4,26,70,97,3,0,12,0,1,277,21,114,0,15,6823,0,0,51,0,0,8,1,10,212,0,96,0,0,10,23,31,24,14,28,424,23,3,0,35,93,9,54,9,24,4,21,135,183,75,26,131,24,14,18,7,13,6,73,0,0,0,43,35,75,9,14,117,20,0,7,78,0,17,47,8,58,354,16,59,0,22,13,104,162,43,4,55,15,0,12,4,128,1908,0,30,20,2,90,144,2,26,419,104,7,1,71,22,172,0,2407,5,3,34,0,7,0,1,12,0,0,95,14,91,113,11,18,3,409,1,13,0,27,22,1,89,139,6,40,4567,6,20,7,30,10,33,24,71,13,18,15,65,16,79,140,66,130,15,4,45,17,0,7,93,101,32,7,0,19,44,7,8,27,10,13,0,165,92,24,0,1,4,72,10,14,10,35,499,8,80,48,51,20,83,0,0,25,4,27,3,6,88,3,40,86,5,4,5,3,2,117,23,0,0,13,23,14,13,72,15,34,3,1,38,10,11,80,38,0,2,1,47,90,59,0,140,0,126,76,119,24,39,1423,24,0,4,16,21,90,91,19,56,5,16,4,15,1,844,19,133,106,0,164,152,959,0,1,134,68,323,4,57,69,40,49,1213,6,2,0,34,34,0,213,47,44,8,8,4,5,53,7,3,34,2,2,0,102,64,76,8,92,52,178,38,798,3,18,33,48,4,19,51,0,37,78,89
cell_366,52,3,5,110,27,0,114,54,38,972,34,110,105,15,1,21,77,9,1,2,79,301,9,0,82,3,1,108,30,0,35,5,46,14,6,314,55,18,215,25,105,136,34,27,6,376,0,24,4,332,12,34,62,22,16,67,2,4,29,1,28,190,10,1,31,6,75,71,5,26,7,16,36,7,11,13,23,3,30,32,36,0,7,70,301,69,24,2,0,40,27,2,4,3,41,35,116,2,39,114,18,0,0,23,244,29,111,0,183,37,2,270,3,6,133,45,41,40,18,162,84,195,62,5,1,20,140,38,1,1,0,11,131,11,45,8,0,1,8,2,141,32,17,0,6,53,173,3,0,0,0,16,0,2456,6,1279,2,0,87,20,6,51,0,55,14,73,2,35,20,183,0,5,53,105,7,3,4,19,4,72,12,20,441,55,12,9,14,61,3,15,18,7,0,0,319,5,220,9,12,6387,0,0,54,0,0,0,17,38,33,3,0,0,2,47,7,106,70,34,0,407,2,1,1,50,68,3,52,0,41,1,95,103,35,76,12,100,22,39,0,17,69,5,20,0,7,28,95,39,30,11,0,35,18,20,19,13,13,6,117,7,60,347,25,92,2,3,2,103,123,12,9,5,5,6,27,0,30,2006,3,57,22,0,130,135,19,8,394,127,8,31,61,4,146,2,2403,16,7,32,3,3,6,3,109,0,19,104,15,83,61,33,31,27,450,0,24,10,15,0,14,214,14,5,26,4634,34,91,4,1,40,9,19,1,24,37,14,9,35,4,214,20,127,79,12,57,17,135,3,70,109,13,18,0,29,62,16,6,29,5,94,1,144,146,26,2,14,11,90,9,10,23,14,466,23,92,21,29,2,15,0,83,111,0,29,12,5,1,3,18,74,15,0,132,103,40,100,0,4,0,4,104,1,50,20,22,2,137,0,39,44,19,47,60,0,3,1,21,113,22,3,103,0,95,12,59,55,10,1278,1,0,0,23,14,125,77,4,0,9,36,15,74,57,291,3,94,46,0,43,108,1079,4,1,123,88,503,1,8,109,51,79,2018,11,0,32,13,87,3,216,40,15,12,3,62,3,8,12,5,5,15,0,2,48,41,87,52,92,38,322,18,837,2,20,85,31,13,57,3,0,18,46,127
cell_367,18,11,8,118,23,0,105,58,14,500,51,103,126,5,7,5,73,19,1,15,90,84,5,7,11,3,1,86,20,19,42,23,6,3,26,306,0,19,211,0,98,127,43,54,3,242,2,22,10,522,8,11,62,19,29,71,1,0,11,6,6,154,75,18,33,4,96,12,1,56,5,4,137,16,8,33,164,3,49,2,8,0,17,38,272,35,0,0,0,45,0,9,89,2,17,20,105,3,33,56,18,0,12,7,263,15,77,16,398,0,17,266,29,9,57,23,28,47,16,151,91,1,47,51,0,23,130,67,1,0,0,0,144,24,0,25,0,1,3,5,201,11,22,1,0,15,207,2,20,3,4,12,2,832,62,1296,50,27,174,40,28,48,0,24,27,98,0,39,4,179,29,10,11,9,6,2,4,11,5,78,5,8,478,74,13,51,19,47,6,48,0,13,0,0,183,8,89,27,11,6346,1,0,23,0,0,12,13,16,92,0,21,1,1,47,23,0,31,30,0,432,4,2,9,5,68,8,58,4,18,3,106,134,55,116,14,50,21,34,0,71,12,6,11,2,0,15,57,62,65,6,12,69,17,0,16,10,0,18,38,18,35,361,69,29,0,2,0,54,50,22,16,12,6,19,14,3,133,1891,11,10,79,68,131,130,14,15,509,102,4,9,15,8,157,0,2660,17,12,33,3,12,17,3,139,0,4,106,12,161,51,46,11,11,425,4,16,5,13,0,15,306,119,1,35,4173,5,72,13,0,11,18,7,91,15,10,3,75,21,7,26,46,96,0,12,50,15,243,3,92,85,10,11,0,47,130,6,2,8,36,1,0,2,15,47,0,8,1,69,11,12,54,42,663,25,62,47,41,26,55,8,87,121,2,26,5,0,54,5,43,26,15,2,6,1,0,128,54,1,0,12,65,10,12,11,30,0,5,9,37,65,8,41,62,50,0,1,17,71,38,12,102,0,155,66,82,96,40,1523,1,0,14,40,10,27,79,1,27,0,16,19,16,24,1020,15,62,11,0,59,133,873,0,4,37,49,166,8,51,70,20,54,1312,4,8,0,16,94,14,197,34,65,12,5,13,19,48,97,16,0,10,5,0,66,24,119,35,114,29,108,4,842,7,14,128,49,0,20,40,19,4,31,100
cell_368,20,0,6,93,11,0,84,51,95,717,32,20,140,8,21,6,68,13,7,3,109,215,22,13,55,2,0,93,30,5,48,63,100,60,42,251,221,12,214,26,62,95,28,31,7,382,6,0,1,449,2,44,40,11,82,63,13,16,0,2,5,157,64,13,23,19,101,74,10,52,9,9,122,0,2,11,56,7,35,53,1,0,10,51,295,29,3,5,0,59,1,6,33,0,3,8,117,2,24,103,83,5,3,11,179,15,68,5,400,15,13,165,0,0,141,18,30,42,17,122,99,53,48,7,0,26,8,0,1,0,1,6,125,7,14,13,2,3,28,5,176,22,48,0,0,1,173,2,22,9,0,8,1,8074,7,1382,2,3,177,54,27,74,1,27,17,436,19,52,16,250,23,3,18,141,10,1,0,23,4,37,14,68,493,76,16,12,15,59,69,3,6,0,0,14,341,17,60,0,12,6417,11,4,51,0,1,7,8,13,255,0,26,0,2,67,24,64,11,44,1,497,8,1,4,1,77,2,54,0,58,1,16,111,126,102,10,126,3,35,3,68,123,1,46,3,0,53,65,100,5,3,16,97,21,1,16,69,12,0,84,19,93,277,35,11,0,2,42,101,136,5,4,50,14,26,4,6,22,1804,68,62,44,4,126,138,33,22,469,141,0,12,64,0,169,0,2764,12,17,33,2,4,6,7,3,8,24,70,13,79,93,3,10,2,481,1,12,3,20,0,21,51,78,16,65,4360,7,74,10,1,21,21,10,56,65,17,19,70,23,1,508,42,108,58,11,25,31,331,0,50,69,16,9,0,0,56,19,3,12,10,27,1,159,44,28,0,1,37,75,0,10,27,68,719,4,76,65,37,10,32,5,48,63,5,21,5,1,93,0,100,129,21,30,7,13,142,104,11,1,1,3,98,2,22,17,26,0,35,2,39,0,18,119,67,0,0,1,25,106,68,0,26,0,100,46,127,69,46,898,15,7,16,33,13,85,22,7,53,3,14,19,76,33,0,56,91,35,0,243,162,915,0,9,126,99,425,4,50,0,32,71,1108,10,0,2,7,44,46,106,39,36,22,0,63,2,155,69,4,51,0,1,9,25,0,147,77,138,58,226,43,906,4,1,54,38,12,101,39,0,74,0,92
cell_369,6,0,14,44,14,2,51,7,183,107,9,7,151,10,25,0,49,9,0,11,84,63,18,0,25,2,0,128,20,4,15,3,57,14,9,564,28,17,143,37,207,161,10,25,15,324,0,5,28,212,0,18,123,10,44,4,3,1,19,16,26,81,57,0,27,0,46,33,3,51,44,0,49,22,0,22,117,2,11,41,4,1,16,82,0,16,0,0,0,21,4,4,162,13,8,48,104,2,133,100,23,5,4,14,140,19,134,24,572,8,4,156,5,5,107,21,44,91,25,60,146,52,137,59,0,24,200,107,27,2,0,4,65,35,17,3,0,4,8,0,57,47,17,0,0,26,311,1,14,2,1,11,2,4346,72,1047,58,1,104,30,12,85,0,46,4,59,10,34,31,174,5,9,12,46,19,5,2,22,2,117,2,56,250,48,23,12,4,39,75,0,0,4,0,9,196,16,106,49,0,4329,12,0,43,0,0,3,9,15,108,0,157,0,0,42,55,33,14,4,0,1117,2,3,5,9,68,5,44,1,16,6,10,117,159,54,21,17,36,5,8,7,16,13,42,1,0,27,11,45,23,2,16,244,20,24,53,5,3,12,42,9,95,201,16,7,1,30,11,376,103,25,9,19,20,2,3,0,364,1213,76,78,0,6,201,276,26,51,142,103,1,0,60,38,279,1,2368,6,56,34,0,7,16,0,32,4,2,28,12,126,122,9,9,1,455,5,2,0,16,0,14,7,135,17,10,6314,34,22,30,89,197,33,47,35,105,12,92,66,1,54,230,74,60,54,0,62,48,30,11,44,65,2,13,0,13,79,11,0,42,3,36,0,195,14,26,1,12,28,175,25,11,39,33,354,6,87,4,22,4,73,0,0,18,14,22,0,0,19,30,23,209,7,0,2,0,30,72,13,0,1,5,62,9,13,46,32,0,41,4,55,32,22,20,55,10,0,11,22,110,4,6,97,1,118,75,117,50,14,3841,17,1,3,47,1,31,86,6,197,0,9,50,1,49,454,23,39,128,1,113,55,536,27,9,71,90,91,4,1,25,65,57,2553,14,0,0,77,83,41,224,26,60,19,2,5,1,126,35,16,5,19,1,0,86,6,80,78,72,28,106,38,1603,0,13,80,125,0,71,16,0,130,100,66
cell_370,13,9,5,51,16,0,50,77,41,12,33,40,166,19,26,7,49,11,26,21,84,69,8,0,20,12,0,27,23,6,45,14,53,3,13,619,38,26,173,17,75,120,19,22,4,308,0,12,48,54,17,31,91,17,129,93,0,3,12,4,0,125,1,0,27,0,95,7,0,55,17,26,154,9,5,9,44,2,11,21,51,1,20,64,72,12,17,0,0,8,0,1,11,0,14,28,19,0,89,78,51,11,0,7,105,37,233,17,512,3,13,112,11,2,228,6,20,75,16,75,141,20,98,30,0,28,384,92,62,1,4,13,80,47,0,4,0,2,0,1,54,71,14,3,0,8,285,0,0,0,2,2,1,6096,82,1049,15,0,119,22,53,99,0,43,35,53,0,87,22,132,11,0,6,5,10,2,5,19,7,115,39,27,289,52,17,25,7,86,1,2,0,5,0,7,153,1,256,21,7,4050,14,0,30,0,2,0,6,40,127,0,56,0,0,57,20,107,13,20,0,1218,1,0,0,20,79,1,66,1,25,11,82,137,33,128,24,74,33,13,0,44,17,10,17,0,0,4,66,73,15,8,11,356,11,0,8,9,0,14,40,18,34,220,41,3,0,49,12,326,95,21,46,10,10,7,17,20,320,1398,94,54,0,0,194,316,15,58,126,100,2,9,81,19,250,0,2483,9,28,51,1,1,6,1,81,0,4,35,12,141,115,10,19,0,435,11,4,20,3,17,0,36,56,24,27,6362,18,6,7,15,13,52,30,35,61,19,19,107,0,9,229,39,42,11,0,62,58,240,2,31,69,2,28,14,7,9,15,1,55,0,43,4,106,65,11,6,13,5,101,2,4,42,33,429,17,75,34,19,1,60,0,45,117,2,29,1,0,20,49,0,307,10,30,9,12,171,94,40,1,0,2,105,13,24,37,54,0,46,8,46,52,24,33,67,1,0,2,9,42,18,0,165,0,127,54,68,47,26,2429,8,0,16,10,34,18,99,0,62,1,33,56,29,39,120,3,182,61,0,284,55,243,0,19,24,114,106,5,50,393,100,95,1860,2,1,31,64,72,174,200,31,137,11,3,0,2,26,6,9,0,11,1,0,44,3,30,54,101,19,180,60,1692,1,16,100,165,4,35,12,4,108,67,60
cell_371,8,7,3,48,16,2,15,57,120,175,22,10,145,9,2,47,62,0,2,17,86,150,3,13,2,8,0,67,21,5,41,14,51,48,15,539,0,20,156,35,98,211,6,42,5,333,0,6,15,236,3,13,124,22,41,9,4,0,10,6,3,107,7,1,28,23,36,5,23,34,47,0,115,24,1,89,55,0,27,15,8,0,14,85,219,18,2,0,0,33,10,10,16,51,6,42,108,2,60,69,2,0,0,10,183,26,202,2,386,26,8,149,1,5,22,0,41,91,5,40,33,16,131,132,0,28,633,104,17,5,9,128,84,74,7,13,0,8,0,0,42,40,22,1,4,32,308,2,11,0,3,6,14,3560,81,1105,60,0,111,37,2,59,0,16,9,106,0,56,22,95,0,9,5,8,4,3,5,23,4,80,31,15,274,23,16,42,45,92,84,103,0,14,0,0,142,17,170,17,5,4489,1,0,35,0,0,5,10,13,112,0,28,0,0,16,25,40,26,18,0,1238,0,1,1,27,80,1,65,1,32,7,12,120,159,389,17,18,41,15,9,84,27,9,46,0,0,1,22,38,3,5,10,29,16,2,61,4,0,1,9,21,43,203,61,31,0,31,4,412,109,4,11,30,21,3,2,14,359,1217,16,33,91,0,219,245,9,31,156,93,8,7,87,27,233,4,2362,14,1,71,1,8,5,4,23,0,3,52,16,114,103,33,26,1,456,0,21,1,2,0,9,36,58,34,13,6317,74,29,18,32,42,5,35,18,126,12,9,129,1,38,376,77,42,0,0,42,21,58,2,29,77,0,12,29,54,13,20,1,19,1,73,3,101,16,33,0,13,19,132,15,10,20,70,332,6,109,52,38,10,48,0,0,96,4,25,4,0,141,22,0,155,2,0,2,0,7,118,2,0,0,11,65,24,7,30,24,8,14,5,33,74,16,28,113,0,0,0,12,73,1,1,33,0,114,23,62,22,29,3805,17,0,6,49,25,13,80,8,66,0,29,56,17,41,801,2,46,131,0,95,56,256,0,2,53,69,15,4,42,212,103,94,3727,23,0,33,23,86,2,188,34,120,8,0,18,3,4,0,1,0,21,3,2,34,4,76,70,79,30,140,18,1592,0,9,75,154,3,78,29,1,66,84,52
cell_372,7,18,15,49,1,2,44,54,28,30,23,44,137,4,4,1,57,24,11,1,89,50,1,6,31,7,0,58,16,5,38,5,46,13,16,431,18,22,122,42,30,44,17,29,0,7,1,29,35,58,13,37,86,20,41,71,37,7,3,12,0,93,90,4,23,21,103,13,0,43,1,22,86,33,0,61,177,10,27,0,38,3,16,81,268,14,21,0,0,47,0,5,9,0,6,35,79,3,79,31,55,0,0,1,143,20,203,7,743,3,23,154,2,5,81,38,32,59,35,75,104,81,124,119,3,13,347,117,0,0,38,1,80,57,6,30,0,10,3,0,56,53,39,0,0,33,365,6,7,10,2,24,4,3015,86,1002,132,0,109,30,60,71,14,19,2,87,0,23,26,147,18,0,1,45,0,9,2,21,34,74,89,15,272,44,28,21,18,68,108,0,4,1,0,2,195,11,97,42,12,4894,13,1,8,0,0,21,2,23,4,0,167,0,0,23,9,70,2,34,0,1090,2,3,3,17,92,7,68,5,16,15,77,118,83,67,10,54,47,36,4,56,71,9,28,0,0,64,86,107,25,0,35,224,1,0,18,22,0,0,28,21,68,249,2,2,0,36,33,329,95,25,2,2,7,1,10,1,318,1137,29,9,26,3,172,264,24,18,89,103,3,6,67,31,310,0,2285,74,25,54,16,12,6,0,142,5,11,61,15,104,148,21,31,3,434,0,8,24,17,2,7,14,134,50,21,6564,72,19,4,53,52,43,19,17,45,5,37,79,49,0,281,45,55,3,11,71,34,1,2,34,83,0,17,0,50,409,9,2,197,3,17,4,183,94,23,0,8,0,127,13,7,28,70,367,7,93,76,6,25,31,3,14,119,0,23,4,2,2,75,0,220,8,0,9,105,572,97,33,2,0,11,126,8,2,73,34,0,56,15,30,36,30,46,39,12,0,6,22,42,6,7,65,0,116,62,137,10,38,3640,2,4,0,15,16,78,48,11,137,0,17,73,44,29,662,0,267,97,0,444,59,623,0,24,18,87,132,2,52,446,66,106,2094,27,129,18,71,85,104,160,35,143,20,2,15,3,36,16,3,62,9,1,0,76,69,106,27,65,31,259,51,1391,7,14,20,80,11,9,33,5,87,28,50
cell_373,35,7,6,43,21,5,58,25,83,124,12,22,156,11,2,19,69,39,0,12,85,93,15,41,29,3,0,47,18,2,42,14,98,29,12,703,22,22,175,28,122,74,6,24,1,277,0,1,5,194,3,19,94,5,34,13,11,1,24,0,0,103,38,4,25,2,77,36,43,49,3,16,36,3,2,12,95,7,19,31,19,0,7,52,278,10,2,1,0,18,0,3,3,0,12,51,37,8,63,82,16,5,2,4,173,10,204,8,816,5,8,46,4,2,40,1,0,75,21,106,62,148,55,45,0,21,545,221,2,1,12,109,63,81,0,26,0,8,12,0,66,52,10,0,19,15,375,0,27,0,1,9,6,3845,67,1017,13,7,81,40,44,51,0,60,61,79,12,90,25,78,6,0,7,70,20,1,1,25,1,80,14,16,306,60,21,57,24,76,0,0,5,4,0,1,172,14,26,4,22,4219,7,0,29,0,1,16,17,8,67,0,198,0,0,35,27,22,15,41,2,1218,5,0,1,17,58,4,67,0,35,2,65,82,53,158,37,72,18,16,12,54,137,0,11,0,0,32,74,61,4,9,16,312,19,21,21,0,15,5,6,16,62,91,34,15,4,48,25,55,98,9,78,49,16,2,6,2,363,1219,40,33,42,0,172,264,4,25,136,101,4,3,83,14,260,0,2330,12,9,29,9,7,11,0,13,0,5,65,8,125,131,5,45,0,395,0,15,37,34,0,3,99,13,3,19,6347,52,3,30,33,67,17,7,30,149,6,14,31,16,49,178,76,46,1,0,3,63,185,2,44,67,3,20,65,24,75,9,1,18,13,123,7,167,83,12,0,7,95,134,11,6,44,14,442,18,83,22,31,4,13,2,37,110,3,29,6,5,187,24,26,223,1,0,8,42,458,54,6,4,0,15,68,0,4,15,36,1,94,2,43,5,37,25,28,0,4,0,9,136,26,10,98,0,56,74,98,9,11,4166,6,0,6,35,54,36,61,0,41,1,17,73,21,21,159,36,0,125,0,332,46,635,0,14,81,96,135,4,4,455,77,44,2265,25,0,12,146,93,15,211,37,149,24,0,5,1,37,6,3,35,11,1,1,60,0,71,67,51,24,258,17,1607,1,0,42,188,11,102,13,0,119,206,40
cell_374,10,0,7,50,23,3,37,26,60,46,18,12,147,13,7,12,74,2,15,5,84,89,8,0,26,8,0,69,21,17,21,5,20,43,23,443,136,37,195,41,204,128,40,24,9,303,1,3,15,212,5,9,116,19,179,7,0,2,4,1,0,23,20,0,15,0,88,66,0,48,11,0,15,17,2,13,53,5,21,27,0,1,20,64,242,5,3,0,0,67,4,8,19,0,15,19,54,0,40,70,73,6,0,17,209,21,75,32,669,15,21,122,5,4,58,4,5,79,29,109,68,60,140,58,0,23,288,53,56,1,2,0,74,65,5,8,0,8,21,0,45,65,23,0,0,61,353,5,25,2,1,23,3,2820,91,1028,51,0,114,30,8,36,0,83,4,80,4,79,38,147,0,4,15,11,14,2,0,12,7,94,26,36,285,15,19,27,31,95,0,43,0,2,0,0,152,8,66,2,20,4016,8,0,44,0,0,5,1,25,64,1,172,0,0,30,32,35,10,9,0,1143,17,5,3,22,28,3,58,0,51,3,14,111,74,282,34,106,40,2,12,7,78,31,67,0,0,36,64,70,22,6,12,77,19,19,47,28,2,4,33,12,20,205,22,28,0,36,0,405,92,14,31,20,22,22,25,1,368,1489,44,13,13,7,151,287,0,43,115,114,0,3,75,3,272,0,2360,44,12,48,3,12,14,0,110,14,10,82,10,56,115,15,40,2,436,0,7,2,8,4,11,30,20,8,33,6837,104,2,21,28,87,48,38,30,107,4,31,214,0,17,328,47,61,25,0,54,49,7,0,33,65,0,22,0,27,70,5,0,116,21,32,0,181,60,23,0,3,21,114,1,19,16,8,403,6,84,70,29,12,49,0,0,25,12,20,0,0,133,6,0,215,5,4,0,0,27,115,6,1,0,2,15,22,11,54,30,0,123,8,44,21,32,33,27,0,5,12,4,75,9,4,43,0,129,62,79,50,26,3412,17,2,0,4,43,53,86,0,79,0,25,50,22,1,955,17,113,101,0,333,55,637,0,15,104,129,92,8,48,52,63,137,2634,22,0,0,57,70,13,38,31,171,11,0,28,1,4,9,3,89,5,9,3,140,63,68,56,40,17,223,1,1618,1,4,36,133,8,72,30,8,73,12,54
cell_375,3,0,2,73,19,0,38,6,46,157,21,46,118,8,53,20,62,5,2,0,113,159,5,0,36,0,0,204,24,6,33,46,23,70,20,362,20,19,309,29,208,120,16,33,3,294,0,56,5,292,0,5,96,10,153,36,9,2,9,10,1,20,66,0,29,0,80,2,0,62,16,10,48,25,1,42,33,20,15,29,6,0,13,92,255,16,1,0,0,39,1,2,10,0,11,44,48,8,157,44,98,2,0,4,213,38,180,5,477,0,48,191,2,7,140,0,30,61,30,122,25,24,37,25,1,34,202,379,0,0,2,0,129,25,9,10,0,2,59,4,88,27,37,0,0,106,193,2,10,0,0,36,0,683,150,1182,17,3,104,23,38,56,0,31,3,244,3,79,64,178,8,0,4,82,1,17,0,20,8,96,17,37,309,17,35,11,19,67,59,54,1,11,0,0,186,15,41,5,20,4911,6,0,23,0,0,9,3,24,138,0,6,2,0,56,33,76,28,34,0,455,5,6,3,53,81,9,67,0,95,8,117,101,138,75,15,127,3,25,0,27,96,2,9,0,0,77,42,70,38,11,1,112,17,0,19,20,6,0,32,32,37,257,27,9,1,43,59,257,82,40,4,0,21,12,14,14,172,1446,10,66,19,33,139,293,12,25,284,183,11,4,87,0,278,0,2423,39,5,85,3,12,4,1,101,0,16,115,9,6,46,17,17,0,858,0,21,25,0,0,9,107,50,9,27,5555,74,70,18,18,41,15,33,30,46,19,22,80,34,0,758,40,56,17,0,15,38,138,6,34,88,1,37,3,48,50,7,41,23,0,51,0,137,13,3,0,14,0,107,4,5,84,101,691,8,93,61,30,16,9,1,22,114,0,25,23,0,118,4,15,6,10,0,0,19,294,83,6,3,0,14,77,4,17,77,48,17,24,2,42,25,19,74,24,0,1,0,49,40,39,0,45,1,106,51,133,35,32,525,15,0,0,48,13,145,74,2,42,0,8,13,21,0,2,32,35,100,0,28,88,1662,0,16,68,137,323,3,43,42,49,55,2428,31,14,9,52,94,18,282,36,98,18,1,1,0,76,40,3,117,2,3,2,127,39,103,23,74,38,276,5,1555,3,6,10,122,5,106,50,1,61,8,34
cell_376,14,0,15,61,18,0,62,4,127,104,13,12,137,4,11,41,50,20,0,12,65,64,6,0,26,6,2,116,23,14,27,39,175,4,14,472,10,29,182,28,75,58,4,18,7,103,2,35,0,151,10,5,51,7,26,146,24,10,4,1,0,39,28,0,29,16,21,10,1,56,8,0,27,51,1,20,186,14,23,2,13,2,8,78,0,17,5,4,0,61,7,3,93,3,10,35,63,9,48,96,25,9,0,5,178,47,178,7,667,0,16,64,6,3,69,39,45,81,29,91,81,22,113,63,1,30,356,173,27,1,5,0,62,88,4,20,0,2,8,1,59,60,17,5,1,23,337,2,0,2,3,22,1,3099,87,1073,75,7,130,28,19,28,8,52,33,190,2,91,46,127,1,14,23,20,29,1,0,18,6,99,4,47,283,26,10,8,7,88,113,24,0,7,40,11,193,10,174,1,20,4475,14,0,44,0,0,7,4,21,160,6,208,1,0,73,20,20,7,16,0,1133,5,1,29,5,79,0,66,1,43,2,53,81,99,72,14,33,40,19,32,21,45,7,18,0,0,70,64,33,8,12,5,425,6,0,40,4,0,3,39,24,59,240,3,8,6,15,3,380,92,0,21,25,3,18,8,6,213,1294,40,0,16,9,190,253,15,29,132,111,12,2,62,32,307,0,2304,12,29,52,8,12,5,3,53,2,9,81,11,139,121,20,18,2,424,6,17,43,2,3,4,41,105,4,18,6649,99,24,0,79,15,19,26,43,80,14,14,104,49,80,172,76,65,7,2,24,48,0,1,34,71,2,28,0,31,27,7,0,85,26,23,3,116,71,23,0,15,12,129,6,25,42,17,332,26,80,26,33,15,19,0,27,75,3,23,0,0,11,0,0,1,8,3,4,23,3,57,31,1,0,1,123,18,5,116,21,0,103,1,35,24,30,31,41,12,9,4,7,69,9,4,96,0,126,64,116,8,33,3471,16,0,1,26,43,64,63,6,138,0,14,27,6,30,391,0,7,117,0,50,69,648,0,22,75,89,58,8,19,512,29,78,1362,21,4,3,40,44,1,208,27,80,6,0,31,3,27,29,0,153,2,2,2,61,13,104,88,99,29,290,0,1548,0,23,61,94,4,30,46,0,47,5,70
cell_377,6,12,24,92,20,14,61,6,46,69,48,39,152,4,57,0,75,1,15,3,104,92,2,2,68,5,0,84,20,22,59,52,28,35,8,534,126,23,205,11,49,269,19,35,4,478,0,39,1,255,1,13,20,0,119,126,2,2,26,10,0,52,12,17,30,40,24,31,0,62,1,6,47,24,0,34,40,4,19,100,3,0,16,72,35,53,1,1,0,31,4,3,40,72,1,2,132,4,23,92,17,4,0,2,104,26,239,12,462,4,4,165,1,1,143,30,44,30,23,9,54,33,28,54,0,35,78,268,12,5,4,1,170,27,6,57,0,1,2,0,169,26,7,0,0,1,120,2,10,1,2,5,1,2116,32,1805,37,13,230,41,36,75,0,1,15,115,2,102,25,21,57,0,11,10,2,1,1,34,12,54,27,59,247,73,25,4,1,76,59,7,0,12,3,3,257,9,24,0,5,6508,0,14,52,0,0,7,4,23,55,4,64,0,0,21,55,107,3,28,0,404,3,0,1,14,56,0,62,0,17,6,55,49,75,88,22,171,18,17,36,30,19,21,3,0,0,16,7,10,40,6,41,59,34,0,26,21,0,3,71,27,15,211,46,10,0,10,34,29,103,17,10,23,30,4,4,4,120,2313,45,54,10,2,182,198,6,9,453,170,0,2,38,100,151,0,3060,7,10,114,5,9,13,2,5,28,5,40,28,149,100,36,14,0,602,1,18,4,39,1,0,5,144,0,31,4061,81,5,4,17,7,39,32,13,21,0,19,164,0,10,480,87,64,2,0,27,25,0,5,88,83,3,14,10,20,8,1,16,70,3,6,3,30,13,11,0,32,16,63,21,2,72,111,579,7,56,9,31,17,39,0,0,134,6,36,2,0,58,3,0,0,0,6,35,1,7,106,6,0,0,10,141,4,7,18,29,4,24,7,70,21,12,78,4,0,0,0,29,36,7,2,37,1,229,57,92,89,35,677,40,3,22,7,3,68,72,4,7,0,8,22,17,54,1002,6,142,109,0,44,142,978,0,24,113,120,286,4,68,133,38,47,239,17,0,10,54,77,37,272,31,28,21,2,7,10,51,62,1,135,13,5,0,37,0,123,4,115,67,182,46,845,3,3,82,68,16,106,50,11,183,189,101
cell_378,2,0,28,100,30,8,38,14,41,307,43,126,162,30,0,0,88,16,21,28,90,57,2,78,44,6,0,39,19,35,47,56,53,17,19,577,144,26,194,29,143,389,32,27,0,467,2,2,17,276,19,21,53,23,99,38,0,4,30,8,2,82,21,1,21,54,49,7,0,53,28,11,83,3,0,48,67,0,14,99,14,3,18,93,297,34,6,0,0,25,0,10,33,0,49,16,88,8,42,91,32,0,0,4,103,17,213,12,451,7,25,196,3,3,114,8,48,41,27,48,82,16,65,10,1,39,180,348,0,0,0,4,171,42,2,36,0,2,0,0,154,25,11,0,0,17,141,1,13,4,2,10,1,2714,8,1647,16,3,198,44,70,79,3,4,8,178,0,101,25,236,76,0,13,12,6,1,1,18,28,70,53,38,254,87,27,15,0,81,0,0,1,8,0,0,265,29,11,0,16,7508,1,0,66,0,2,17,6,29,35,0,0,0,7,10,44,83,8,37,28,410,2,0,2,10,31,4,69,0,15,5,21,118,24,40,35,136,23,32,2,93,28,0,9,0,0,0,57,42,49,4,48,123,17,0,7,49,0,11,90,17,41,199,38,26,0,29,1,110,89,24,13,5,0,7,7,12,159,1866,45,33,1,1,149,193,5,15,419,136,4,14,83,5,205,1,2967,19,6,0,28,13,5,1,4,31,5,10,24,158,75,16,37,0,548,5,9,8,15,0,0,8,116,2,111,4081,85,12,5,34,57,34,44,20,62,19,38,89,0,0,436,83,43,2,4,39,17,61,2,94,68,0,17,0,43,15,22,12,59,2,26,3,73,31,6,1,12,0,68,11,10,22,72,610,4,83,17,21,8,19,0,54,42,0,28,0,5,175,17,1,92,3,0,4,0,155,92,35,0,0,0,95,2,34,38,28,0,1,13,61,0,4,114,10,2,1,0,50,80,48,8,146,0,189,76,120,46,44,725,26,2,9,55,39,170,68,3,159,0,27,19,19,21,143,16,82,103,0,114,155,1315,0,42,121,123,431,3,81,70,67,47,1011,22,0,0,34,65,146,201,43,39,17,6,17,17,29,26,20,2,15,8,0,70,0,83,32,78,54,313,48,778,11,8,27,56,1,16,46,45,139,245,94
cell_379,32,0,7,97,26,5,62,27,25,76,40,95,200,15,16,16,44,7,5,6,85,46,14,5,67,3,0,98,26,8,38,19,3,40,34,752,2,43,307,45,136,223,16,51,13,546,0,5,49,364,5,1,136,3,75,161,6,0,35,0,0,72,25,0,35,0,85,36,2,49,16,24,13,0,3,13,79,0,15,32,0,0,13,89,117,38,1,0,0,44,4,2,20,6,21,25,73,0,38,108,26,0,0,4,263,22,137,0,272,26,6,205,3,2,107,16,49,56,36,28,37,80,46,112,0,52,271,46,1,0,1,1,273,49,10,22,0,1,15,2,97,18,11,0,0,3,126,1,2,1,0,7,3,721,141,1599,22,0,168,34,39,85,0,10,16,119,1,106,20,90,117,5,3,6,1,0,0,49,9,58,22,26,211,73,25,23,19,35,75,26,0,5,0,0,247,11,32,0,18,6695,8,1,46,0,0,8,3,23,263,0,5,0,0,38,36,126,15,21,0,411,15,1,1,41,103,3,81,3,44,1,48,105,91,100,24,95,25,21,10,101,36,8,37,0,0,22,15,112,31,0,26,81,5,1,41,3,5,11,7,71,12,150,73,60,0,10,9,81,78,11,3,16,23,22,7,3,134,1861,33,90,58,2,130,215,3,27,397,226,1,5,60,0,238,6,2965,13,72,33,8,11,3,4,37,0,20,72,10,131,101,99,8,0,640,2,8,1,14,0,7,118,58,13,29,4637,64,34,15,25,130,16,68,8,30,6,19,103,12,24,254,76,64,4,2,35,35,98,0,95,93,3,18,0,53,9,10,11,45,16,71,0,128,20,21,0,19,15,75,40,9,31,127,633,11,103,82,47,8,21,0,29,119,13,27,1,0,202,14,2,0,5,7,5,3,64,114,11,6,0,11,16,12,16,22,28,0,60,3,51,50,12,34,17,1,0,7,67,74,36,1,68,0,155,22,26,46,36,740,15,2,20,16,73,84,95,0,30,3,23,34,35,0,0,16,30,129,0,84,176,1468,0,2,114,115,167,11,34,52,41,27,1845,12,1,3,40,62,14,173,35,74,8,1,13,2,16,30,3,20,20,3,0,154,0,71,59,49,56,365,28,1110,1,15,52,58,1,94,37,1,67,190,38
cell_380,7,1,27,66,41,4,141,6,84,99,28,13,88,0,5,41,61,9,4,14,100,85,13,0,21,0,0,60,24,3,50,23,23,0,4,807,31,33,209,0,102,98,14,32,3,91,0,9,24,152,8,33,85,13,29,93,12,1,3,3,5,20,19,4,19,0,73,56,1,84,39,15,8,25,8,1,181,6,21,8,37,1,19,71,96,7,5,0,0,71,12,2,16,0,15,25,100,2,42,152,27,17,0,4,231,30,107,1,177,6,4,104,0,5,102,17,68,35,16,9,116,2,25,223,0,36,88,74,47,0,9,0,225,30,20,15,0,7,21,4,274,36,32,3,0,10,132,0,4,0,1,4,0,75,142,1625,143,0,160,44,82,132,0,9,17,5,13,82,18,94,62,6,7,4,3,0,0,24,6,37,1,4,123,49,25,7,88,68,3,69,1,7,0,0,160,4,155,5,19,5687,1,0,133,0,0,4,8,43,212,2,4,0,0,46,123,22,30,47,4,992,0,0,7,21,126,17,56,0,35,13,15,131,20,6,17,21,26,14,0,19,16,10,15,0,0,37,2,8,113,3,8,448,13,0,12,22,0,7,57,99,12,94,2,103,0,19,65,144,44,3,9,23,20,28,20,5,60,1581,8,22,5,5,124,135,6,31,171,112,0,13,84,22,245,2,3047,10,90,126,12,22,14,2,67,0,8,57,21,45,73,60,11,0,797,0,16,8,5,33,8,45,43,28,25,3354,61,82,36,24,7,78,44,36,6,5,28,40,74,50,236,69,46,34,4,43,87,144,1,33,69,46,31,0,29,21,5,4,159,22,109,4,83,124,34,12,44,4,48,7,58,50,33,352,3,77,2,92,51,9,0,14,141,16,65,18,1,178,1,1,27,5,21,28,1,9,97,9,7,0,27,79,29,12,47,19,0,30,8,80,3,20,75,15,0,3,2,48,34,11,0,5,0,175,73,83,79,35,776,4,0,0,7,0,107,90,9,80,1,12,16,13,1,40,0,69,80,0,118,121,558,0,9,101,97,49,24,43,59,7,44,288,5,2,0,12,169,0,219,56,41,3,5,13,14,10,10,27,155,0,21,0,16,29,76,28,66,40,75,28,1516,6,24,36,191,13,95,7,27,103,83,52
cell_381,2,0,2,69,5,2,65,56,267,49,24,1,99,44,10,17,44,6,20,5,84,88,11,0,85,29,0,53,33,13,55,56,124,73,15,918,66,26,165,42,106,115,12,45,1,496,0,17,22,189,11,28,127,9,33,38,17,0,11,7,9,22,56,4,14,0,62,9,4,60,26,7,18,8,0,32,49,5,0,47,1,22,13,44,70,28,33,0,0,24,5,6,53,9,32,4,69,3,92,78,103,4,0,0,174,10,233,5,412,12,0,138,4,6,56,0,34,49,50,22,65,12,15,2,0,36,804,134,17,4,7,2,220,74,6,18,0,1,12,4,208,33,20,0,2,18,200,2,32,2,5,15,3,662,112,1070,8,0,85,28,1,52,0,16,36,164,4,48,46,181,40,1,19,24,2,5,1,33,1,26,25,39,167,54,20,28,8,60,129,26,0,24,0,9,220,2,160,40,3,6581,1,0,28,0,0,17,1,32,339,1,40,0,4,35,5,88,23,26,75,622,5,1,2,20,15,7,37,0,52,7,27,146,66,26,22,53,6,17,5,14,57,17,10,0,0,0,41,81,33,7,27,95,1,0,30,39,0,1,6,9,20,152,6,15,1,28,23,95,44,16,13,20,6,22,26,0,210,1468,7,106,20,3,223,212,6,25,126,226,4,8,66,74,283,23,3656,0,3,47,29,13,3,4,86,1,12,48,15,38,59,31,19,4,478,4,9,9,46,3,3,3,10,2,49,4952,46,14,22,72,23,26,5,30,53,8,39,17,0,2,249,39,47,11,13,30,38,26,2,25,84,0,19,0,28,41,14,0,171,1,98,0,191,106,21,0,40,2,78,21,12,25,108,377,3,113,39,21,4,44,0,0,115,8,33,0,2,58,31,0,50,5,10,1,60,39,37,12,1,0,14,94,18,34,39,22,4,59,15,78,48,24,40,3,4,0,0,8,35,39,5,11,0,160,70,50,9,18,4394,11,0,11,23,27,114,71,3,74,0,5,21,34,60,51,1,297,124,0,15,88,654,3,15,79,111,86,1,18,60,25,47,903,12,0,17,19,112,101,84,48,50,14,1,9,4,15,14,11,68,20,8,8,41,21,45,20,40,36,199,34,881,2,9,62,120,1,22,17,0,100,34,65
cell_382,6,2,14,118,22,6,49,43,98,72,27,106,127,9,51,1,47,28,11,0,96,76,11,1,13,4,1,54,16,13,55,126,9,33,5,752,167,49,285,29,27,278,20,40,6,366,4,34,42,341,27,3,149,4,97,6,13,7,29,1,0,87,69,0,26,28,74,4,2,67,25,5,42,12,1,32,103,0,16,11,31,1,10,10,116,68,10,0,0,31,0,5,119,1,50,5,129,0,80,9,29,0,5,27,90,9,184,55,239,0,7,169,0,5,69,37,9,31,49,73,31,118,44,38,0,30,186,310,8,1,4,5,30,37,23,47,0,4,2,4,190,14,5,0,3,33,132,0,11,1,0,10,1,541,102,1715,23,0,181,45,20,78,0,1,40,147,0,26,23,149,8,0,10,77,8,1,0,37,16,55,36,33,224,81,26,39,0,67,0,0,1,9,12,0,176,10,36,15,7,7588,3,1,74,0,0,21,7,27,232,0,0,2,0,23,16,76,15,24,0,419,5,2,6,17,48,2,118,0,10,1,49,77,30,107,14,36,51,12,8,147,42,0,30,0,0,4,25,85,28,1,20,85,66,10,51,93,3,12,29,26,11,174,0,15,5,16,19,128,64,30,6,9,0,15,11,0,193,1479,17,42,8,7,144,216,1,22,390,214,6,3,76,1,231,0,3451,1,27,1,32,11,1,0,16,27,3,107,25,99,117,93,17,0,704,0,15,4,21,0,16,86,24,16,53,4440,103,86,23,73,112,7,5,37,50,20,28,67,6,88,168,78,85,6,12,12,29,32,2,57,90,46,16,0,43,51,5,10,178,47,37,0,17,58,2,0,8,17,69,20,10,18,3,786,23,111,70,27,1,67,0,36,41,7,32,2,2,40,7,42,0,8,0,2,21,101,40,18,3,0,6,70,6,23,56,8,41,101,10,75,51,17,116,37,1,2,0,15,139,69,3,90,1,158,34,132,25,34,805,30,0,0,36,127,192,73,0,125,3,17,30,13,21,63,2,5,101,0,81,170,1095,0,48,73,110,301,2,37,57,15,27,1535,21,11,43,26,66,1,0,27,80,17,7,1,5,18,24,18,26,3,5,8,141,0,89,41,69,33,380,36,1200,0,16,26,67,2,114,34,10,16,277,6
cell_383,4,0,5,37,41,9,105,64,66,6,34,52,86,31,6,39,61,3,11,8,71,138,14,2,69,8,0,27,23,15,46,75,42,37,14,356,55,19,187,103,109,77,8,24,0,325,0,50,5,219,1,15,83,8,53,70,0,1,9,17,6,17,15,3,43,23,17,84,47,53,4,9,67,10,0,41,45,2,10,16,10,2,17,92,204,9,21,0,0,50,7,5,40,1,29,31,21,2,31,168,86,0,0,5,91,9,219,11,306,9,30,102,5,4,110,26,77,50,14,43,20,43,19,0,1,45,180,0,2,0,2,0,230,28,22,18,0,15,17,3,316,41,34,0,1,6,117,1,2,0,1,60,2,48,99,1731,4,0,76,40,28,86,0,26,2,32,0,111,65,108,89,3,30,15,4,1,6,22,10,35,19,37,144,39,39,18,91,53,70,22,2,9,0,0,178,0,33,0,39,6019,0,0,125,0,0,5,5,26,193,1,6,0,0,57,46,100,1,57,0,945,2,2,3,17,77,17,57,0,34,4,7,100,8,109,20,27,2,35,3,150,43,28,7,1,0,5,33,30,40,0,4,58,10,17,33,46,2,7,78,115,14,84,27,13,0,18,32,74,48,15,24,78,3,49,2,1,72,1439,1,22,11,4,157,113,5,27,192,110,10,3,79,0,236,8,3093,0,0,85,12,10,1,0,10,0,17,37,21,27,87,49,6,4,754,4,8,16,1,14,4,0,20,5,66,3494,17,120,18,13,59,74,37,45,36,1,6,31,0,0,259,42,46,19,0,19,75,14,1,76,84,43,27,8,22,7,10,2,204,0,164,0,26,203,4,0,10,3,71,18,14,16,15,302,5,92,37,87,13,15,0,80,147,18,68,0,4,125,0,0,84,5,0,1,47,14,75,1,6,0,18,33,16,35,7,6,2,11,10,85,1,34,18,8,0,0,1,54,20,34,10,18,0,236,10,59,29,56,855,4,0,6,24,53,183,84,10,0,0,11,13,15,59,32,0,23,82,0,97,91,420,0,11,138,88,132,11,47,0,25,29,360,23,1,24,23,134,43,13,67,13,11,21,0,9,1,78,19,51,6,12,0,34,17,34,59,69,68,177,7,1372,9,55,21,209,3,70,40,3,61,80,81
cell_384,35,0,18,68,40,10,111,7,53,181,33,70,55,14,89,9,58,4,7,27,89,70,7,5,42,9,0,48,23,14,53,21,97,16,22,411,133,25,171,2,117,80,31,32,12,17,3,59,53,278,21,7,74,74,76,28,9,2,6,3,6,14,65,0,24,0,26,8,2,67,6,18,125,7,2,22,197,8,25,1,56,1,8,77,84,5,10,0,0,24,10,6,51,2,74,27,61,26,50,139,69,1,3,8,160,24,128,5,352,17,30,124,9,16,64,0,78,53,20,46,22,8,20,59,1,44,39,0,1,2,23,0,208,19,78,5,0,9,6,3,329,35,25,0,0,16,115,0,12,0,2,43,0,140,88,1619,14,2,117,45,17,26,0,77,11,49,3,62,51,93,22,2,9,0,13,25,4,19,26,24,9,24,111,14,38,7,82,71,68,0,12,12,0,1,177,8,16,18,20,5895,3,0,103,0,0,2,4,34,67,7,25,16,0,49,32,39,27,41,11,971,14,3,8,12,139,13,51,4,103,19,74,85,27,93,27,45,29,8,7,80,14,3,7,0,11,2,33,30,57,13,12,295,28,5,26,139,1,16,32,102,27,83,59,76,0,18,0,198,36,5,0,33,12,25,5,21,72,1457,6,11,32,0,177,113,10,16,213,117,78,3,72,11,250,0,2784,1,7,41,58,20,6,0,24,0,20,66,12,24,29,34,25,9,640,0,21,28,3,16,22,65,23,8,70,3372,23,52,47,2,120,59,24,46,20,0,5,20,13,2,57,8,17,0,0,15,62,106,0,50,68,3,27,0,30,9,9,22,26,1,35,1,210,24,10,0,28,6,42,15,17,8,49,374,11,79,24,83,26,6,0,19,50,13,57,10,2,208,7,30,13,4,1,1,81,28,86,7,3,0,28,45,1,1,13,4,0,14,6,81,2,39,16,15,4,0,1,9,19,66,18,4,0,162,64,63,3,22,891,53,0,7,26,87,76,54,20,92,0,11,7,5,18,291,4,56,85,0,26,107,455,0,44,110,69,101,11,12,5,24,35,370,12,0,0,48,150,23,43,57,53,27,1,11,1,11,71,29,29,5,6,7,28,11,72,37,56,32,37,5,1195,6,2,61,113,9,96,7,20,29,42,33
cell_385,23,1,18,81,18,9,84,7,23,385,47,30,162,17,15,1,66,1,2,5,100,242,8,9,91,4,0,105,27,17,39,49,130,26,7,133,180,19,226,18,198,54,62,29,1,149,1,42,74,599,6,37,49,11,17,42,5,4,5,5,0,101,4,1,15,0,65,25,0,42,44,6,25,25,1,1,15,3,35,27,11,2,9,15,324,41,5,0,0,30,4,10,17,8,3,13,124,4,100,42,33,5,0,15,211,31,116,31,454,7,18,214,20,3,167,45,29,45,25,101,89,116,42,53,0,27,32,209,8,5,3,0,133,2,0,3,0,4,10,1,162,15,21,0,42,2,151,2,12,2,0,3,0,3461,36,1481,22,0,103,45,1,38,0,15,2,27,0,38,16,199,7,2,8,42,13,11,2,21,5,85,0,15,510,35,27,4,21,63,92,36,0,10,0,5,270,16,36,8,3,6228,0,0,48,0,0,3,8,33,205,0,58,3,0,51,42,46,9,10,0,392,15,2,3,59,108,1,42,2,86,3,26,81,162,10,6,132,28,14,33,0,62,3,7,0,0,57,4,52,54,4,21,7,9,0,29,41,1,3,94,30,9,354,20,17,0,18,5,57,152,30,3,32,12,21,17,7,102,2042,7,50,0,1,104,121,7,12,400,109,0,6,75,2,171,4,2912,0,7,54,9,6,4,2,102,1,8,90,15,103,88,46,9,2,490,2,3,17,11,40,5,17,37,18,35,4590,66,104,2,49,40,33,23,32,67,8,49,137,31,0,166,58,132,5,0,19,36,49,0,85,113,2,16,0,35,48,8,0,117,9,19,1,83,95,28,4,28,0,98,17,5,68,28,516,18,67,45,24,43,9,0,15,98,10,28,13,3,162,6,0,27,6,19,8,17,39,135,1,1,0,3,74,5,8,78,28,0,10,5,33,17,22,111,5,1,1,4,0,38,59,15,161,1,119,43,103,71,39,1652,50,8,20,9,5,18,91,10,12,7,12,20,87,8,2,5,168,111,0,146,112,931,0,29,110,100,437,3,36,148,117,67,560,21,0,159,46,85,1,86,9,11,11,0,12,5,91,57,11,163,10,5,0,23,41,122,51,165,59,119,28,1024,2,4,20,45,3,153,23,3,224,204,43
cell_386,3,1,9,100,11,0,54,4,43,81,41,56,207,16,25,18,56,21,7,11,99,75,0,6,61,4,0,126,38,1,34,9,32,26,48,838,48,42,287,3,265,132,18,39,17,468,0,0,28,78,19,44,159,4,47,27,16,2,14,4,1,82,31,5,25,0,112,36,56,49,39,2,35,13,3,7,46,13,13,57,0,0,9,21,157,40,4,0,0,6,1,5,68,0,2,29,17,4,34,100,124,1,0,1,270,6,56,25,203,6,7,165,7,6,83,34,36,45,33,78,111,163,29,16,0,42,46,0,13,6,8,1,189,21,1,1,0,1,14,6,154,11,10,0,54,31,140,0,37,2,1,1,0,2224,154,1598,8,0,88,34,59,70,0,21,18,88,4,70,17,142,0,0,0,77,6,0,2,47,4,7,0,12,218,83,27,29,17,14,3,5,5,8,0,0,219,21,195,18,18,7517,5,0,39,1,0,6,10,23,259,0,65,1,0,25,63,63,7,26,2,436,1,6,4,21,97,0,39,1,17,0,42,110,85,20,29,88,4,43,7,38,166,18,24,0,0,3,33,53,63,3,0,3,52,0,61,13,0,5,11,13,44,164,41,117,0,29,0,121,82,7,16,12,20,7,17,0,141,1549,3,29,10,10,145,207,7,23,359,226,1,3,68,52,202,0,3355,46,59,47,16,6,13,2,67,14,15,51,11,51,106,18,2,4,661,4,9,4,7,27,7,47,27,1,22,4393,34,65,6,101,6,18,11,34,40,16,68,1,6,35,424,70,79,6,29,51,23,66,4,41,103,2,13,0,37,79,15,1,49,3,48,1,148,41,11,0,32,11,38,5,18,43,103,859,16,86,38,35,16,30,0,44,122,1,24,6,0,237,7,3,51,6,102,0,1,287,61,8,2,0,19,82,14,19,51,17,0,28,3,68,17,23,24,21,0,14,1,36,21,63,0,25,0,105,46,74,42,31,782,0,0,21,8,0,99,88,4,60,0,19,25,41,42,0,59,133,34,0,67,153,1643,0,14,100,113,188,5,14,5,18,48,281,13,0,0,107,92,4,249,36,39,7,0,0,0,43,10,10,49,1,3,0,64,8,22,22,56,50,281,40,1279,4,5,23,87,4,127,7,0,28,6,80
cell_387,5,1,0,99,4,23,33,7,34,66,38,14,147,12,68,78,37,2,61,13,70,157,11,0,79,14,1,40,23,10,38,3,1,19,26,512,82,45,252,55,252,179,1,37,2,487,2,40,13,463,2,50,146,14,23,0,9,9,17,7,30,48,48,0,25,0,112,24,73,70,22,10,47,47,0,12,15,15,1,48,0,7,7,81,281,42,1,0,0,26,6,2,5,0,14,33,86,0,122,25,29,1,0,3,145,16,224,64,428,0,6,214,4,2,88,1,54,29,45,45,33,59,3,3,0,51,524,241,7,0,1,14,216,20,13,12,0,2,17,3,171,30,16,3,0,22,127,3,4,0,2,24,0,2909,128,1795,54,2,123,25,14,120,0,5,48,15,1,39,32,171,106,3,12,68,2,1,3,28,8,16,11,14,245,95,16,38,10,52,105,44,0,2,7,4,358,6,231,43,25,7625,2,0,45,2,0,6,8,18,190,0,9,0,1,40,11,61,23,43,2,427,0,2,13,33,92,3,51,1,28,3,4,120,70,39,35,88,8,22,5,28,87,4,4,0,0,20,11,12,66,9,2,0,48,0,29,51,0,0,23,5,10,210,29,33,4,7,8,122,88,23,7,11,28,4,21,0,218,1308,28,69,22,6,151,172,2,32,456,248,8,4,69,0,240,4,3052,8,24,22,3,15,16,1,43,6,22,64,17,76,119,11,10,9,620,4,23,4,11,0,15,24,144,3,55,4384,27,83,31,50,9,10,10,31,29,10,11,9,0,51,413,101,76,26,20,69,37,195,3,26,96,0,29,0,36,8,3,0,75,14,105,0,163,61,8,0,0,11,49,4,12,103,148,720,51,90,41,23,4,29,0,0,95,4,26,2,1,90,15,0,25,4,0,0,0,280,82,18,5,0,36,89,18,7,48,33,0,22,2,55,5,18,18,16,0,7,5,37,84,7,0,24,0,116,70,89,62,13,855,17,0,11,51,55,125,86,3,60,0,15,24,24,10,5,59,183,76,17,214,125,1120,0,19,28,123,146,1,11,0,26,36,351,9,0,3,37,93,75,261,29,37,37,0,0,2,53,39,5,101,23,3,1,72,59,81,28,49,51,220,44,1020,1,5,40,39,6,113,19,0,102,205,61
cell_388,15,0,3,93,23,0,38,56,46,135,57,59,145,14,0,12,72,6,12,0,108,179,6,49,16,6,5,18,17,5,48,14,26,42,10,597,7,2,195,26,38,381,14,24,30,432,1,1,4,240,16,30,67,4,40,38,1,3,36,3,0,140,5,0,23,8,31,10,12,53,36,5,2,47,0,13,20,0,24,47,0,1,12,82,0,70,0,0,0,4,7,8,7,17,35,15,75,3,52,87,16,0,0,28,184,13,191,2,249,82,7,127,1,2,263,8,11,24,36,121,2,145,70,8,0,36,417,59,2,11,0,0,125,40,11,10,0,2,3,1,140,37,10,23,44,31,168,3,13,1,4,2,2,2131,55,1787,9,1,172,46,8,35,0,36,41,257,1,97,23,199,8,2,5,38,12,0,6,28,12,45,3,42,186,3,22,5,6,86,115,0,2,10,0,0,297,34,91,2,9,6508,7,5,61,3,0,0,7,5,281,0,39,2,0,27,20,97,17,32,0,371,0,1,2,70,79,3,84,0,28,8,54,141,72,101,12,58,38,9,5,23,30,3,71,1,0,35,38,14,17,0,19,60,13,4,21,49,1,15,51,26,26,132,46,27,0,17,0,71,101,19,11,49,3,8,8,4,106,2205,0,38,128,0,150,149,8,21,410,168,2,9,40,111,196,5,3125,12,5,17,11,6,13,5,23,0,9,62,5,166,120,15,25,3,562,0,8,15,0,8,6,99,4,18,25,4188,29,18,7,13,71,21,6,23,38,7,24,87,7,4,253,79,36,3,0,33,26,0,1,88,106,37,3,8,9,6,26,18,94,64,101,1,44,119,4,2,34,28,47,20,6,32,60,527,11,90,82,34,2,23,0,6,107,3,32,0,0,76,1,0,77,6,2,3,1,107,48,10,0,0,14,35,2,7,33,19,17,58,3,57,17,24,81,12,37,3,4,38,36,8,0,18,0,119,28,66,11,37,722,3,0,20,21,38,270,107,2,52,7,65,20,51,11,215,40,57,93,0,62,142,1107,0,17,72,137,227,5,5,26,84,25,1580,12,0,21,65,25,0,171,55,21,12,0,5,0,4,15,3,6,6,3,1,27,3,107,17,84,54,203,53,768,0,8,62,38,11,32,31,0,136,34,7
cell_389,11,0,27,122,36,0,79,23,121,197,24,106,180,18,3,5,85,11,2,22,92,186,9,0,50,1,1,97,34,21,44,4,4,7,2,392,21,26,201,3,43,48,28,22,8,415,0,52,0,641,13,2,63,17,11,23,1,7,11,6,0,175,48,4,32,1,116,90,0,37,55,5,17,5,3,15,122,0,28,72,6,0,15,49,18,103,15,0,0,56,0,4,20,0,49,27,136,0,11,96,8,3,15,26,223,27,149,10,260,6,2,192,7,4,109,61,0,38,39,87,119,0,25,43,0,15,283,113,11,0,21,0,116,12,5,25,0,4,15,0,191,12,2,8,0,60,143,0,0,0,2,3,3,2953,51,1552,24,2,161,54,8,95,1,2,5,300,3,40,31,107,52,1,32,1,9,9,5,26,29,77,1,33,438,72,12,15,9,76,66,0,7,2,0,0,242,1,335,0,5,6408,7,0,72,0,0,5,6,24,205,0,64,0,3,27,6,52,7,19,0,430,4,3,0,8,81,1,30,3,8,2,39,127,81,67,20,106,32,17,0,20,81,0,37,1,0,20,46,87,62,3,12,64,6,0,22,180,0,12,49,26,11,340,0,6,0,11,9,158,154,18,5,26,5,3,18,15,131,1635,8,8,43,0,119,132,12,20,532,121,1,7,44,23,146,2,2659,3,6,16,3,17,16,0,13,0,7,90,19,150,81,20,38,0,453,2,13,0,5,44,13,300,86,2,37,4302,27,51,5,14,161,43,31,18,22,36,23,58,10,38,255,82,153,51,1,64,27,0,12,59,90,0,4,1,65,31,5,39,14,5,18,3,118,9,14,0,0,17,92,10,17,53,67,640,2,90,19,50,11,36,0,73,101,2,22,0,0,112,0,0,19,24,1,20,29,7,142,13,1,0,2,34,6,25,86,24,15,32,4,52,17,15,185,49,23,0,5,18,98,42,2,26,0,124,75,122,8,41,2039,23,0,0,16,28,72,106,4,61,0,27,23,1,0,417,0,54,102,0,16,128,702,0,5,99,75,293,3,35,42,52,62,1983,2,0,4,24,98,39,237,31,50,8,8,25,1,38,71,21,54,13,4,4,104,21,118,49,118,37,272,14,881,3,1,35,37,2,45,19,15,123,101,111
cell_390,13,2,20,83,24,0,115,18,31,92,46,13,172,34,22,11,90,16,2,2,73,303,37,22,17,3,0,92,34,29,31,20,120,27,12,65,0,13,216,0,24,144,30,36,5,296,1,7,10,611,6,39,65,3,24,139,11,2,5,3,1,158,10,12,23,28,27,14,3,56,22,9,23,13,1,32,32,0,39,71,48,0,4,78,171,36,11,0,0,34,1,5,23,17,7,4,119,2,27,46,29,7,0,5,212,13,148,17,432,6,4,47,4,5,112,11,34,25,25,72,19,245,30,10,0,14,20,11,0,6,2,13,128,27,6,30,0,5,10,0,134,25,9,0,11,11,94,0,28,0,3,14,2,728,25,1386,16,1,124,42,28,84,0,34,25,60,11,83,26,269,65,7,24,54,0,9,5,10,3,64,0,3,301,50,23,31,13,54,77,69,2,22,0,3,303,39,93,153,13,6074,1,0,56,0,0,7,8,9,136,0,1,0,0,51,17,8,20,37,0,402,1,0,2,20,67,1,67,3,12,5,23,150,51,144,7,56,5,25,6,27,67,0,48,0,0,10,64,106,16,3,51,0,2,1,6,55,0,7,104,30,11,315,2,3,1,10,0,37,144,7,7,54,9,17,9,8,71,2155,13,46,24,0,114,116,1,13,369,125,0,9,51,8,133,1,2517,8,0,8,4,5,11,1,2,0,9,23,7,129,101,23,12,1,440,3,11,5,34,0,11,50,91,24,53,4345,12,84,8,2,26,36,1,26,35,4,33,88,9,0,355,43,129,10,0,13,6,263,1,72,27,16,1,9,9,73,10,3,115,23,84,0,37,41,22,0,17,12,82,16,4,33,24,339,19,79,42,66,4,58,0,14,107,1,8,16,5,72,14,14,0,2,5,14,4,33,137,1,0,0,12,97,3,13,26,24,0,10,4,41,2,4,128,7,5,1,3,23,51,14,4,38,0,45,26,79,23,28,1267,19,0,5,27,7,12,74,6,24,4,23,20,16,33,612,0,30,54,0,279,120,304,1,21,99,93,243,5,42,131,62,19,805,9,3,27,42,51,53,144,42,11,14,0,17,32,84,43,27,202,0,4,0,0,0,141,60,113,54,94,38,850,14,0,55,53,8,86,37,3,148,48,96
cell_391,32,0,25,81,27,2,85,27,66,600,40,104,190,12,46,11,95,6,0,0,87,143,0,28,53,2,0,110,22,21,38,56,149,14,4,241,91,26,199,17,116,59,52,36,3,163,1,26,61,672,11,40,45,13,90,76,2,0,4,5,0,131,49,17,21,1,38,82,6,48,2,23,36,11,2,21,109,22,23,50,45,2,9,77,312,40,18,0,0,71,0,4,11,10,8,33,139,3,27,61,33,12,6,12,216,17,103,31,425,22,8,295,7,1,57,16,39,44,24,122,52,108,60,35,0,28,39,132,0,1,4,4,127,32,29,7,0,3,2,1,195,20,30,27,2,63,202,0,18,7,4,8,1,610,43,1467,6,0,148,48,18,96,32,7,0,135,8,91,30,315,73,5,1,60,4,0,0,14,4,92,16,6,436,19,42,23,12,66,57,0,0,0,0,0,277,9,18,15,8,6582,6,0,39,0,0,6,2,21,230,0,11,0,0,52,48,3,15,22,0,441,1,7,4,10,87,0,59,0,31,5,4,137,124,90,28,119,20,11,10,47,55,1,3,0,0,33,10,92,53,0,62,40,17,23,8,132,0,4,39,34,28,333,15,28,0,14,5,23,168,24,11,41,11,30,8,11,118,1908,16,34,20,0,108,153,0,9,522,117,5,3,67,0,134,0,2423,16,17,19,2,9,26,0,8,0,6,30,11,144,92,27,43,8,450,0,15,17,17,2,9,199,110,12,68,4352,69,91,8,5,83,32,25,51,98,7,24,163,7,1,563,64,39,0,0,35,31,0,0,74,57,39,14,3,43,7,5,17,71,31,8,0,161,125,6,0,29,3,77,24,10,66,80,502,58,92,64,43,16,34,0,31,106,3,24,7,0,97,11,0,34,1,0,3,73,50,164,14,0,0,5,55,5,13,21,28,1,13,4,29,0,22,42,54,4,0,0,21,48,48,19,9,1,101,79,58,77,38,1728,21,5,18,6,27,56,97,21,10,0,19,30,62,5,301,0,66,111,0,355,129,933,25,22,110,89,315,10,29,216,65,13,1679,14,0,85,33,96,13,2,19,56,21,2,0,55,31,61,14,0,25,11,0,72,16,93,2,96,69,111,18,824,4,3,85,46,1,129,37,2,236,117,101
cell_392,19,1,4,100,17,0,101,42,28,201,36,138,209,37,9,6,75,2,11,5,75,109,15,0,53,2,0,59,29,25,44,44,88,14,19,343,98,32,230,11,159,236,22,37,5,158,1,60,6,696,1,17,56,4,39,123,0,18,14,1,0,38,41,1,23,1,107,52,0,56,9,15,110,27,0,37,150,8,20,25,7,3,10,73,289,54,0,0,0,60,5,4,29,0,17,25,13,0,79,57,59,1,1,5,222,23,127,3,405,0,48,265,5,16,69,19,22,51,9,120,96,16,7,23,0,20,453,0,0,0,0,3,154,23,0,17,0,5,10,2,188,26,12,0,19,20,169,1,7,0,2,12,1,5423,53,1420,5,12,121,33,17,84,0,55,5,303,5,68,28,255,9,3,26,6,49,10,7,16,7,80,8,5,459,55,22,18,5,55,3,18,1,8,0,0,254,2,206,18,7,6620,10,0,33,0,0,7,4,47,204,2,42,1,0,58,42,38,16,27,1,442,4,0,3,55,65,0,40,3,24,7,107,146,25,84,29,96,15,8,0,7,57,3,0,3,0,1,96,29,16,7,29,50,8,0,34,162,2,5,38,23,62,271,66,1,0,12,9,151,120,16,13,9,10,4,14,11,133,2226,1,36,9,0,117,174,10,6,458,116,4,1,9,0,163,0,2514,6,2,28,12,10,14,0,109,0,8,110,16,107,48,9,29,4,452,0,22,4,18,34,25,264,141,0,64,4575,31,35,12,0,43,29,19,33,42,1,8,52,41,16,455,43,150,23,0,28,1,6,0,78,93,1,20,0,39,13,15,6,19,41,41,1,130,20,1,0,23,1,72,15,18,69,8,513,7,80,16,47,7,45,0,55,91,1,28,4,1,116,8,0,5,10,1,2,108,37,161,16,5,0,10,82,0,2,43,5,0,69,15,40,29,20,17,5,14,1,8,10,29,35,12,135,0,153,69,95,65,29,1338,22,0,0,37,33,36,101,3,75,0,34,14,35,24,1463,11,119,66,0,0,139,1039,0,5,39,109,245,2,56,46,88,68,1471,9,0,16,57,91,20,226,43,54,18,4,9,28,65,69,2,1,22,4,0,113,0,104,79,93,40,252,3,761,4,3,51,40,0,23,50,12,1,167,53
cell_393,22,2,4,71,31,0,55,38,78,108,40,12,166,7,54,1,87,0,12,7,65,315,5,0,48,0,0,166,28,7,50,47,64,31,18,210,57,8,219,16,33,80,38,37,0,301,1,59,1,702,8,18,50,30,39,16,6,0,11,0,0,12,30,6,33,36,98,26,0,52,4,29,32,48,7,23,20,4,30,26,0,2,10,81,257,30,8,4,0,15,1,3,8,1,7,13,104,4,68,107,58,1,5,21,215,31,98,1,378,3,17,251,14,14,146,8,0,42,12,39,91,65,19,25,2,30,49,167,2,5,4,9,138,49,10,5,0,1,14,5,76,18,14,2,4,16,188,1,24,0,4,29,0,2037,43,1455,4,21,162,47,33,46,0,14,4,165,10,61,23,255,104,8,13,42,8,3,3,16,5,68,21,39,371,41,29,1,2,54,83,18,15,11,0,0,274,8,84,8,13,6075,1,0,67,1,0,4,9,19,226,0,115,0,0,47,28,103,11,32,42,446,0,1,4,18,63,0,44,1,111,0,64,103,99,24,25,149,6,11,0,24,50,0,17,0,0,34,37,46,15,2,39,7,28,0,1,116,0,3,91,27,4,221,17,8,0,11,55,56,156,44,4,53,9,8,24,15,123,2096,78,41,18,2,141,152,3,15,654,113,15,10,53,0,169,0,2500,2,17,31,1,6,12,0,37,0,20,131,19,17,84,6,44,3,401,0,11,4,0,3,13,160,168,30,29,4319,14,46,5,4,41,47,5,43,63,13,31,51,1,12,406,41,77,11,44,19,32,133,4,9,81,32,18,0,23,47,3,2,80,3,68,1,152,27,9,0,17,15,68,14,3,86,27,277,1,97,23,38,19,8,0,55,37,6,18,13,0,34,1,226,66,2,2,34,38,4,127,12,3,0,8,61,9,39,28,21,0,15,4,51,0,14,28,30,3,0,0,34,155,48,2,10,0,148,29,75,37,48,1244,26,2,23,33,8,114,64,0,76,7,1,27,29,49,599,30,1,109,0,20,138,1022,0,4,167,53,364,6,48,64,23,99,689,15,13,1,92,69,4,187,32,33,16,2,10,36,65,75,4,7,0,17,1,135,2,97,21,119,42,55,52,704,4,21,28,39,9,119,62,1,54,151,74
cell_394,14,0,6,88,15,0,102,16,57,546,46,25,144,28,10,0,76,17,15,4,79,242,11,15,37,7,1,92,21,18,47,9,130,14,5,346,214,24,264,24,17,279,9,38,5,443,0,5,31,518,16,22,56,9,35,8,6,1,35,11,0,99,38,5,13,27,90,68,3,34,43,13,16,37,0,47,39,2,23,77,4,2,5,81,294,45,16,0,0,51,0,10,6,3,8,34,135,4,10,87,52,10,0,16,185,15,186,26,374,12,5,217,10,1,72,6,8,48,34,107,15,51,29,26,1,33,105,184,3,0,3,4,146,12,6,4,0,3,14,4,197,16,24,15,13,22,165,1,38,2,4,18,0,2061,12,1429,2,38,121,58,10,53,0,21,22,292,9,64,26,243,43,4,13,10,26,5,2,11,3,29,13,12,433,15,27,33,2,67,78,1,5,14,0,0,256,5,93,3,21,6416,24,0,6,0,0,6,1,22,154,0,42,0,0,28,11,122,26,29,0,466,3,3,0,23,51,6,34,0,83,8,26,158,67,17,26,101,11,20,1,33,141,0,17,0,0,1,90,85,50,0,2,66,14,0,7,97,0,1,15,10,44,271,1,28,1,6,3,118,142,20,10,23,8,4,14,0,89,2129,27,32,13,1,125,139,18,17,513,124,0,5,90,7,175,1,2687,4,0,6,19,10,17,7,55,0,14,99,17,27,83,1,28,0,517,0,12,3,4,0,11,21,9,12,82,4264,77,16,18,0,3,25,23,46,32,0,60,15,3,1,591,67,78,16,11,43,25,405,6,83,69,5,5,49,10,98,15,5,44,0,32,0,182,28,37,0,1,8,65,4,11,66,11,608,18,87,62,34,1,27,9,52,114,3,19,0,15,81,13,0,104,7,0,6,0,64,147,4,1,0,2,33,3,20,26,14,4,48,7,39,5,14,66,54,4,1,0,12,87,51,4,42,0,186,65,154,22,28,1271,3,1,5,25,11,69,94,23,86,0,13,27,47,56,126,2,94,104,0,13,80,962,18,15,93,88,418,1,72,37,12,78,1825,22,1,9,54,91,79,243,50,28,9,2,14,3,43,30,2,77,0,1,7,25,0,114,74,44,32,276,30,938,1,6,29,32,0,76,34,0,157,0,106
cell_395,8,3,10,104,14,0,45,19,32,10,44,19,160,16,2,1,96,10,8,8,92,20,10,2,56,32,0,61,17,21,31,79,20,77,5,303,5,37,184,29,55,213,50,41,2,505,1,33,39,332,0,36,72,3,87,73,11,0,12,5,0,157,61,5,40,26,67,4,0,67,0,22,130,29,0,30,48,0,19,40,1,0,9,76,252,84,9,0,0,67,1,9,19,2,26,41,107,18,84,83,80,4,0,12,46,25,226,25,420,3,0,147,0,1,144,46,46,24,33,78,29,96,43,30,0,41,277,130,2,0,1,0,190,40,14,40,0,6,8,0,173,19,9,0,0,18,113,0,0,0,0,11,2,306,41,1689,54,6,202,49,40,67,5,24,1,6,0,120,30,190,142,4,27,37,4,22,5,20,12,39,18,10,192,79,23,29,2,69,33,7,1,13,0,0,278,45,69,52,13,7065,15,5,59,0,0,3,0,26,1,0,5,0,0,42,20,78,66,38,0,398,0,1,2,55,56,5,73,0,15,2,81,124,1,34,27,138,16,24,0,37,36,0,19,0,0,5,19,57,55,1,17,9,29,0,22,46,0,0,71,33,15,213,27,12,5,27,47,95,105,17,11,10,6,11,19,2,153,2002,46,18,16,24,174,136,7,29,403,156,0,2,66,10,200,2,2913,27,4,0,7,18,0,0,72,0,1,75,25,84,113,17,19,1,586,4,20,3,28,0,28,12,111,1,60,4040,73,60,13,0,62,6,20,43,40,8,2,76,13,0,168,90,87,51,6,55,20,0,3,82,102,14,6,0,50,9,10,8,45,0,26,0,76,72,16,0,0,38,51,5,3,88,45,600,11,81,85,28,3,16,0,37,144,0,26,2,5,139,18,0,10,15,4,14,8,21,102,16,2,0,12,77,21,65,30,23,127,2,4,27,12,22,52,23,29,0,0,41,87,40,0,101,0,151,45,104,49,47,704,15,0,0,32,0,244,86,4,8,1,19,23,121,0,996,12,273,75,0,4,153,1857,36,22,133,92,233,1,77,107,29,50,1105,9,0,47,22,78,66,8,43,77,20,0,1,20,4,63,2,238,13,3,0,26,0,120,15,80,49,225,70,855,0,3,38,66,3,63,44,0,186,184,0
cell_396,25,0,6,102,16,0,53,8,34,115,20,103,126,18,40,14,98,21,2,9,82,96,12,4,44,0,0,73,19,14,40,30,74,0,11,549,0,23,184,6,77,140,12,22,6,238,0,57,36,295,15,33,59,8,25,34,14,0,14,5,0,169,18,3,25,7,94,25,4,55,12,2,83,3,2,30,129,6,25,48,12,0,6,5,227,41,10,0,2,33,0,5,84,0,4,11,45,23,4,80,68,16,0,17,229,20,87,0,408,29,2,166,3,6,70,35,2,43,17,76,118,73,76,3,14,29,0,336,0,0,17,8,165,37,0,11,2,3,6,2,163,25,5,0,0,13,172,0,8,1,2,22,0,244,58,1621,4,0,206,48,36,17,0,30,0,297,3,42,13,124,19,1,1,47,12,13,5,30,24,46,0,47,213,82,22,3,14,63,83,0,2,3,1,0,275,11,49,0,22,7030,12,3,95,0,0,3,2,17,55,0,35,0,0,15,12,105,22,39,0,400,0,1,3,6,64,3,44,3,10,5,100,150,66,44,26,140,26,33,10,82,56,7,71,0,0,0,49,28,61,1,25,43,20,0,31,69,0,4,85,24,9,211,54,8,0,17,0,126,70,18,7,10,8,10,18,8,72,2091,35,49,26,0,151,202,21,51,412,169,10,14,74,49,218,0,2851,14,10,21,3,11,10,1,47,3,21,69,9,123,112,6,5,0,563,5,19,16,3,0,6,55,75,7,85,4143,57,37,6,6,61,32,30,26,6,14,36,22,5,1,491,70,76,1,26,44,25,230,3,53,97,13,11,10,22,179,16,0,53,5,107,8,175,26,12,0,10,10,45,15,18,82,62,528,2,86,4,19,3,32,0,47,61,2,31,22,3,134,40,3,18,4,7,13,17,108,112,46,2,0,8,118,5,8,66,25,0,56,4,56,1,14,14,35,8,6,8,25,44,32,7,10,0,134,67,101,43,48,711,23,0,3,25,53,164,95,2,76,0,38,17,34,57,831,5,3,74,0,115,167,1491,0,28,95,127,301,6,35,108,15,49,605,21,0,0,63,74,0,208,46,43,6,3,1,2,44,43,14,104,4,6,12,63,6,85,41,102,64,303,2,791,3,1,20,32,15,131,45,0,79,32,127
cell_397,16,0,23,80,23,13,99,32,73,94,50,53,147,11,5,8,82,5,1,0,95,287,10,25,31,3,0,74,31,14,50,61,183,10,4,222,94,23,239,22,249,196,68,45,4,180,1,15,8,719,1,54,20,43,12,57,10,6,19,7,6,32,4,17,22,4,37,104,3,43,61,16,29,20,0,5,74,17,12,8,4,3,14,85,106,75,24,0,0,61,10,1,21,69,41,36,37,2,61,91,40,2,9,24,236,35,122,25,416,1,2,144,10,8,132,0,29,53,4,161,122,0,22,40,0,27,570,32,1,7,1,0,141,21,3,16,0,8,4,2,168,9,33,0,7,28,161,0,10,0,4,10,0,4351,70,1392,27,0,157,30,18,25,0,19,21,101,5,46,26,190,8,0,16,2,23,2,7,25,8,44,5,17,424,58,23,10,20,68,80,70,3,1,3,14,257,2,58,0,21,6991,9,12,44,0,0,15,9,39,236,1,84,3,3,54,6,51,17,22,0,483,0,1,3,38,74,1,52,1,24,5,104,149,14,104,22,64,27,9,11,1,23,0,5,0,0,23,20,55,70,4,49,3,8,23,78,45,0,4,19,24,22,352,9,19,0,13,59,82,132,27,7,24,7,17,18,17,141,1872,1,176,28,12,137,152,23,5,485,124,10,3,64,37,160,0,2487,10,1,5,9,17,15,0,64,0,0,106,12,135,68,27,16,3,456,0,15,11,14,5,2,202,32,3,77,4155,37,56,2,14,70,35,7,54,50,1,9,117,0,0,233,52,101,1,23,69,9,7,0,69,107,0,18,0,73,39,11,1,109,24,6,0,165,139,1,0,10,0,68,27,17,59,30,571,20,102,3,29,9,16,0,0,31,4,23,0,0,123,0,0,6,1,1,0,26,1,109,29,1,0,19,95,9,11,39,36,0,66,8,25,3,15,30,37,0,1,2,0,46,72,10,106,0,121,68,84,10,3,1511,33,0,4,45,16,62,104,7,11,1,14,1,39,9,82,0,119,124,0,87,123,1016,0,14,71,95,411,1,20,118,39,29,1996,5,2,180,34,61,19,250,40,46,3,2,12,10,22,29,3,17,33,7,0,57,37,105,27,93,54,267,7,853,2,12,26,47,4,42,17,23,185,88,82
cell_398,40,0,3,107,43,1,99,6,23,168,33,84,180,23,16,1,83,2,4,18,82,47,11,0,38,5,0,147,26,15,54,39,5,38,6,410,33,19,223,16,143,286,4,37,0,348,0,1,89,189,10,9,69,16,100,40,0,2,34,0,48,125,12,12,29,0,61,42,8,39,37,15,123,20,1,42,109,0,28,84,0,0,11,26,225,27,3,0,0,27,6,0,34,34,15,38,36,4,23,25,31,1,0,8,130,22,163,13,443,0,38,276,5,12,142,33,33,49,18,124,90,160,21,21,0,29,4,170,0,1,5,1,143,24,3,18,0,3,2,1,171,28,37,0,24,9,156,3,5,0,2,17,0,1,23,1453,11,9,171,49,24,47,0,54,13,132,0,44,16,105,19,10,21,92,9,5,1,12,19,75,25,61,476,64,22,7,17,58,0,16,3,25,19,0,276,4,1,40,9,6556,0,0,67,0,0,17,7,22,71,0,11,0,0,18,3,62,4,28,23,426,1,0,0,6,46,4,68,6,51,4,90,114,11,93,27,66,9,6,0,109,133,1,9,0,11,35,59,57,72,10,37,105,12,24,13,29,0,14,108,24,4,280,57,27,0,6,0,133,135,40,4,69,12,2,18,0,126,2132,9,10,31,1,122,147,4,15,603,107,1,21,70,8,159,0,2507,2,4,24,5,13,0,2,43,0,20,77,14,120,92,11,38,0,421,5,20,8,25,12,6,21,121,0,64,4427,69,90,17,11,40,42,21,57,1,17,73,53,0,0,593,68,98,82,0,11,28,69,4,68,43,3,7,5,8,29,10,1,110,7,24,2,139,107,31,0,6,0,70,19,8,59,2,586,1,88,8,42,25,10,3,24,137,2,20,8,0,96,1,0,101,8,0,0,0,112,150,34,2,1,6,107,2,2,35,13,0,30,8,38,5,8,59,21,0,0,0,6,85,6,4,109,0,203,9,72,34,44,1508,25,2,12,34,12,89,75,10,12,5,44,20,18,71,575,7,147,46,0,179,121,1060,0,34,133,87,565,2,57,74,34,66,1528,20,0,0,30,108,38,1,50,22,8,5,22,29,32,82,17,79,0,1,3,46,10,63,11,126,40,270,18,739,5,7,25,42,6,38,38,19,195,19,103
cell_399,47,1,22,89,32,1,138,62,84,809,45,33,183,2,7,0,65,6,2,5,73,314,6,32,34,5,0,26,19,17,49,30,90,42,8,384,227,27,219,20,39,125,12,37,0,395,0,9,1,563,1,12,68,2,65,133,1,0,11,1,0,139,56,8,32,21,53,45,5,50,5,18,16,23,0,4,45,0,24,81,0,0,8,40,293,32,0,0,0,39,0,11,13,34,16,22,123,0,4,17,20,10,0,6,158,23,190,0,370,0,11,283,0,2,176,3,31,40,21,127,17,42,37,52,0,33,9,167,1,4,0,2,111,14,30,35,0,3,13,1,171,13,17,0,0,36,161,0,2,6,3,9,2,5148,16,1505,21,0,173,49,44,84,0,17,3,135,10,113,22,312,26,2,3,21,5,11,2,28,5,76,4,50,418,84,26,9,19,67,79,15,0,3,0,0,226,54,24,48,7,6315,0,0,67,0,0,4,14,30,113,0,87,0,0,26,33,48,4,23,0,422,4,0,2,13,75,0,70,0,14,7,6,155,74,77,20,75,14,78,16,13,51,0,24,0,0,9,29,65,29,8,63,78,11,0,4,4,0,14,101,26,8,314,3,16,1,4,25,43,133,18,6,31,10,18,4,0,139,1930,8,16,8,0,94,140,3,19,519,142,0,7,78,0,168,0,2473,2,10,64,0,26,14,1,93,5,7,28,15,164,109,10,4,6,462,0,9,11,23,10,8,7,104,11,30,4274,61,73,21,11,12,27,30,97,78,7,49,71,42,3,353,96,113,1,1,23,23,0,3,67,132,0,7,19,24,23,9,7,171,22,81,0,40,69,7,4,1,9,91,28,22,40,53,491,23,22,28,55,7,70,0,2,59,1,22,2,0,106,0,4,135,6,0,14,0,4,158,26,0,0,7,75,8,17,33,8,0,14,1,43,1,13,173,10,0,3,1,32,96,29,4,41,0,119,33,166,89,44,1698,8,9,7,11,15,47,102,13,0,2,7,17,112,21,1821,16,155,143,0,86,118,742,0,5,117,101,517,1,68,16,55,14,687,12,4,18,34,86,4,240,40,61,11,1,1,57,31,15,13,84,0,6,3,108,0,100,22,118,46,255,29,903,2,14,54,52,0,16,41,0,186,229,100
cell_400,88,1,12,107,21,0,85,52,61,833,51,119,174,27,3,12,104,7,0,20,77,90,12,1,26,0,1,146,18,9,45,17,93,29,8,388,64,18,215,0,47,88,12,35,2,442,0,0,25,597,1,0,58,4,21,46,9,10,16,3,1,201,20,27,21,0,97,39,3,59,11,12,77,0,0,46,32,3,38,81,0,0,11,39,236,23,31,1,0,61,1,5,22,0,1,29,38,2,104,19,49,0,5,14,290,18,161,0,345,6,3,194,8,0,85,0,14,43,7,173,96,180,73,37,0,10,52,0,7,21,5,7,129,24,13,8,0,0,2,7,117,22,4,24,4,4,186,0,6,1,0,22,1,36,49,1267,3,0,113,51,43,88,0,79,23,263,12,103,18,198,6,22,19,2,21,12,0,21,4,52,0,20,417,61,30,38,8,65,88,0,0,3,0,0,158,33,88,0,6,5958,33,0,59,0,0,0,6,27,233,0,0,0,0,32,61,58,77,30,3,460,4,2,1,25,64,2,63,0,32,1,93,119,59,35,14,89,26,10,0,26,79,8,41,0,0,40,80,29,17,2,35,68,14,1,24,57,0,11,20,30,9,299,49,40,0,2,10,82,139,16,34,17,27,3,12,25,120,1861,10,69,24,0,103,155,12,19,567,122,0,17,67,2,168,0,2619,9,5,65,2,13,10,0,26,4,7,73,8,167,60,6,27,4,504,0,28,0,10,1,13,263,163,1,25,4115,42,23,19,4,14,27,29,87,73,6,9,51,52,10,292,48,118,20,8,20,33,362,1,84,129,0,16,0,29,35,15,4,1,9,96,3,145,26,20,0,30,37,74,21,8,44,48,682,16,95,29,50,17,66,3,67,132,0,28,0,1,50,23,298,40,3,6,5,0,9,149,24,8,0,5,19,0,24,16,23,11,57,1,57,15,16,39,32,7,0,0,25,56,23,3,29,0,126,69,123,88,31,1264,8,0,0,56,25,27,113,0,55,1,1,10,10,8,75,62,75,42,0,38,137,858,0,10,121,93,266,7,51,2,66,69,2035,10,0,0,28,77,18,208,40,68,10,1,1,6,26,44,15,41,3,0,0,97,0,107,23,77,22,219,51,971,4,18,73,57,0,39,38,0,77,211,77
cell_401,6,3,0,71,19,0,89,13,13,103,29,88,144,33,0,1,82,5,2,9,86,289,10,4,63,0,0,135,27,17,46,18,14,30,23,276,5,27,241,23,147,150,2,36,3,132,0,6,3,476,24,23,56,7,66,79,14,0,19,10,0,136,65,0,33,1,106,56,12,28,36,16,126,23,1,28,136,2,27,29,0,4,5,73,277,15,25,0,0,40,0,1,23,0,7,28,82,2,110,24,24,0,0,6,235,17,152,6,431,0,17,93,12,6,127,7,0,41,43,138,51,216,34,51,0,24,143,6,0,1,2,1,133,25,0,23,0,7,17,0,174,21,8,0,0,18,213,2,20,4,1,20,4,3390,1,1345,7,31,182,29,14,50,6,37,46,208,3,56,23,193,5,27,23,31,3,8,0,25,12,89,23,25,428,28,30,23,5,65,52,0,0,9,0,0,262,5,76,51,13,6078,6,0,33,0,0,0,4,24,40,0,2,5,0,56,13,72,54,42,1,441,8,0,7,16,63,0,51,1,7,3,101,158,54,125,19,20,8,11,18,23,88,0,53,0,0,28,97,15,17,2,0,60,5,0,50,4,4,0,104,9,59,331,16,16,0,31,17,153,131,24,2,6,5,2,5,3,69,2103,23,25,24,8,121,132,1,11,394,116,2,14,66,14,135,21,2731,19,0,20,5,13,1,1,109,18,13,70,22,82,71,31,5,1,469,2,16,15,28,0,15,79,93,16,77,4545,19,64,0,3,60,11,7,75,102,25,23,19,24,0,299,46,99,45,0,11,7,190,0,56,107,0,7,0,44,13,9,1,48,0,106,0,132,86,7,0,8,9,79,0,3,58,1,519,14,85,73,42,16,7,0,78,81,0,21,2,7,50,1,0,60,14,0,1,87,227,105,12,6,0,11,111,4,23,19,35,0,8,7,34,27,19,35,28,17,4,2,19,38,6,4,120,0,133,24,78,39,21,1341,5,0,0,31,18,108,67,31,6,3,53,22,18,40,26,50,21,114,0,65,138,881,0,0,149,98,652,6,37,87,127,67,1579,12,0,39,53,78,126,193,36,75,19,1,18,5,53,26,10,57,13,1,0,5,0,129,26,128,39,288,24,906,1,0,71,18,8,14,53,7,44,17,111
cell_402,41,0,4,81,23,0,107,43,116,100,41,40,173,27,2,1,79,2,0,31,93,81,25,0,20,7,2,63,20,21,50,121,99,0,16,308,283,21,200,20,195,141,31,24,14,388,0,7,29,598,12,41,5,6,71,130,2,11,8,2,2,44,1,0,29,7,61,73,44,39,52,1,58,32,1,33,101,8,22,42,0,0,10,92,198,25,8,4,0,51,8,0,13,32,1,10,111,3,90,8,18,3,2,7,181,25,52,13,427,7,41,210,18,6,138,2,35,35,0,47,66,22,78,1,11,43,475,0,32,6,6,3,136,21,0,7,0,3,13,11,172,1,23,0,30,0,174,1,5,2,1,3,0,7341,6,1443,20,2,159,40,6,25,0,44,12,607,36,69,28,251,0,6,31,0,37,10,0,20,3,81,0,85,444,53,22,9,12,36,87,1,2,6,0,5,183,2,99,0,27,5927,1,2,20,0,0,7,1,24,210,1,87,1,6,47,49,82,21,12,7,392,5,4,1,33,68,5,55,2,47,8,97,37,29,127,20,197,4,4,0,1,95,1,15,0,3,52,68,26,5,0,0,116,38,0,60,85,1,11,82,18,31,189,69,6,1,7,14,167,127,18,5,18,2,11,16,12,111,2133,11,26,13,1,152,125,7,22,468,100,4,2,88,0,154,5,2518,23,0,43,5,8,5,15,7,0,22,90,17,94,74,21,4,0,481,1,14,1,0,0,32,47,95,1,87,4461,26,1,5,0,105,37,27,73,7,7,5,106,0,3,362,47,98,7,0,41,7,208,3,73,56,2,18,2,21,0,15,0,68,0,42,2,138,53,5,0,11,6,81,0,12,51,50,409,16,59,10,51,17,14,0,84,95,14,27,0,0,78,7,56,10,6,26,10,0,0,140,8,3,0,16,107,14,8,4,8,0,3,15,45,39,20,79,35,38,0,2,0,13,15,1,9,0,104,69,101,31,36,1468,17,0,0,11,8,37,32,0,73,0,58,23,1,13,588,61,68,54,0,79,145,654,0,9,106,110,122,4,62,295,124,62,533,9,0,0,4,56,90,205,35,40,2,5,15,4,104,77,2,21,24,6,0,89,1,116,63,31,40,313,21,835,4,0,29,35,14,86,5,9,58,67,108
cell_403,23,0,9,91,28,0,79,57,16,320,53,48,168,12,8,23,94,14,0,22,97,322,15,12,52,8,1,154,31,15,52,36,24,6,20,331,25,38,176,17,149,137,18,39,1,156,1,2,32,448,3,19,64,10,16,92,4,8,16,0,11,24,53,2,37,0,65,86,2,67,35,6,124,3,2,36,151,11,23,2,8,4,17,83,317,21,10,1,0,40,17,3,14,0,1,35,31,3,89,83,13,3,5,15,235,17,109,15,415,2,22,162,9,3,209,21,17,45,25,146,44,75,20,34,0,27,55,0,0,0,0,0,130,2,8,10,0,7,11,3,170,21,27,0,0,9,163,3,8,1,0,19,1,6001,62,1327,17,1,144,40,38,83,0,37,1,104,0,55,27,307,85,0,11,40,5,1,3,16,4,65,8,15,441,80,29,30,27,41,78,20,0,14,2,1,277,16,74,39,17,6370,10,6,15,0,0,12,16,26,22,0,0,0,0,48,31,11,20,44,0,415,4,0,3,20,65,2,68,4,44,3,97,112,50,46,27,33,6,76,3,7,30,0,8,0,0,34,79,153,50,3,25,4,21,0,31,21,0,8,60,26,10,346,10,28,4,7,24,76,139,17,21,7,8,14,11,13,127,1858,20,100,15,0,117,129,35,19,518,114,1,2,71,0,185,0,2321,10,4,43,10,16,4,1,134,0,10,61,9,59,104,43,19,11,479,0,16,15,0,0,2,145,56,5,63,4401,63,86,19,15,9,32,29,64,41,16,21,68,4,5,377,54,122,1,2,41,25,232,0,70,117,0,8,5,51,71,17,3,105,25,88,2,33,139,20,0,10,0,71,21,8,14,72,454,27,34,38,37,7,62,0,0,103,1,24,2,4,72,7,0,81,17,0,0,51,8,176,14,4,0,1,30,24,2,27,11,0,9,1,17,24,19,80,65,3,1,0,26,61,37,1,224,0,125,37,44,41,32,1427,15,0,19,47,25,30,88,10,12,3,1,13,94,47,248,0,141,71,0,195,142,863,1,10,131,106,393,4,54,38,78,79,1670,15,1,1,25,69,6,231,30,52,19,4,18,13,83,11,5,84,0,1,0,33,20,101,17,93,48,187,37,855,2,18,27,35,2,54,35,0,192,198,107
cell_404,13,0,13,103,15,2,67,15,26,425,46,148,175,6,94,1,97,11,3,2,95,365,10,18,63,3,0,75,21,24,26,1,89,85,13,279,153,32,221,38,110,222,18,38,11,172,0,44,47,541,9,34,70,38,93,45,7,0,11,7,0,133,27,0,5,15,91,28,0,62,7,15,66,58,1,17,70,0,39,70,7,3,12,104,307,35,8,0,0,63,1,14,55,19,28,31,57,5,56,80,69,7,0,45,207,15,162,12,190,6,15,281,10,10,204,25,27,30,25,185,59,8,58,7,13,24,98,23,2,2,0,0,119,35,15,7,0,5,4,0,189,19,29,7,37,51,179,0,11,0,5,7,1,5473,72,1401,30,0,148,52,10,94,8,42,8,214,0,26,25,165,0,11,9,55,5,1,1,20,15,62,3,5,431,13,23,23,18,54,97,0,0,1,0,0,201,20,49,0,14,6243,6,0,34,0,0,12,3,21,49,0,69,1,0,46,28,3,5,19,0,406,0,1,3,50,58,0,40,0,18,2,37,131,169,59,10,180,24,15,0,11,44,9,17,0,0,0,99,93,59,3,3,69,9,0,46,20,0,3,44,15,59,417,61,19,2,20,0,126,122,23,6,22,13,19,25,0,108,1944,0,19,3,2,131,125,16,18,429,101,26,10,50,5,174,1,2497,7,10,22,5,13,8,0,133,0,16,109,16,116,83,16,17,0,511,0,15,3,9,62,5,220,0,0,53,4309,34,83,6,5,59,6,13,33,56,10,46,109,0,32,256,49,149,19,1,48,25,2,4,84,116,25,18,0,12,85,7,8,25,0,30,0,165,39,12,0,43,1,68,5,5,69,50,574,3,61,89,30,15,41,0,0,122,4,27,0,0,10,19,0,77,15,2,47,47,56,136,6,4,0,5,42,4,12,23,25,0,73,12,42,24,18,79,21,88,1,2,18,30,9,4,79,0,114,103,63,62,38,1343,25,0,6,30,5,151,89,7,64,2,35,22,48,10,599,60,292,114,0,50,106,982,0,34,119,84,395,0,68,121,71,71,1460,15,0,10,45,105,51,239,35,54,6,6,3,2,114,48,4,51,10,2,3,71,88,127,155,110,41,284,7,868,1,10,50,22,0,54,35,25,55,1,103
cell_405,13,0,27,69,10,0,95,12,18,557,50,16,176,9,0,31,74,4,2,14,68,370,26,1,41,4,0,74,22,26,40,42,51,59,12,310,307,24,183,8,83,203,69,36,1,264,4,50,4,329,24,44,36,28,52,94,5,11,0,5,0,17,4,2,22,8,54,13,0,44,12,15,62,24,4,3,18,0,11,2,1,0,8,87,200,65,0,1,0,64,0,6,0,53,3,31,83,0,74,6,16,0,2,7,173,37,93,35,383,9,24,107,5,3,97,59,28,37,20,101,71,46,23,35,12,32,111,104,42,21,4,2,80,31,0,14,0,5,8,0,173,21,10,0,6,19,167,1,9,1,6,6,5,553,14,1355,30,4,157,62,21,53,0,24,26,100,0,63,15,165,1,0,19,1,5,22,5,17,2,60,39,16,467,79,22,6,17,61,81,64,2,3,0,5,289,13,69,18,11,6670,0,0,31,0,0,2,7,33,163,1,41,2,1,49,37,57,0,14,0,441,0,3,1,34,46,3,70,0,26,3,104,63,41,34,15,137,16,59,0,8,25,4,8,0,0,42,12,213,16,7,4,18,25,14,8,9,2,11,80,25,14,357,18,6,2,23,1,82,150,18,8,28,9,14,12,13,140,1953,43,32,1,3,112,159,17,3,490,104,0,4,41,16,173,0,2459,20,10,19,10,10,23,3,75,0,0,81,15,122,109,56,4,0,501,3,14,11,7,21,7,41,24,2,24,4563,80,29,2,19,26,56,2,15,26,4,25,80,13,0,467,47,91,7,3,5,38,0,4,50,114,0,12,0,38,43,22,3,99,20,46,5,9,20,42,0,7,3,75,13,2,44,18,442,1,49,18,42,42,15,0,0,108,8,34,0,0,130,5,0,6,8,33,0,1,5,144,11,0,0,10,91,5,3,17,14,19,59,11,24,42,16,36,16,1,0,0,19,37,57,3,59,0,134,62,74,65,41,1295,29,0,25,10,11,38,91,5,0,1,10,27,29,86,128,0,83,55,8,121,114,980,0,9,113,104,356,5,58,226,97,89,515,17,0,105,23,106,50,223,27,39,9,5,17,7,63,11,4,27,11,14,0,60,14,115,35,90,46,142,5,855,0,1,46,40,2,108,37,5,220,109,67
cell_406,8,2,28,83,23,5,60,64,73,119,34,89,153,3,149,10,87,18,8,0,86,133,4,8,35,2,0,90,19,12,42,2,21,5,14,568,2,24,77,2,215,147,18,34,9,203,1,18,3,288,31,6,80,6,35,129,16,4,12,5,9,146,35,9,18,0,109,72,0,56,9,13,1,19,2,4,55,7,19,95,39,0,12,84,231,39,13,0,1,67,0,12,47,0,20,30,102,4,19,86,42,2,0,21,172,16,187,16,289,27,1,95,2,12,201,5,1,40,19,102,59,35,59,15,24,24,204,185,9,10,5,4,149,31,7,39,0,2,7,1,145,24,26,0,14,66,92,3,0,4,7,3,0,1848,53,1742,20,0,190,37,28,56,0,24,10,47,6,67,31,145,36,4,10,21,16,1,7,29,15,67,6,30,241,84,21,9,14,53,0,0,7,11,0,0,290,16,82,63,16,5995,0,0,67,0,0,22,5,24,246,0,44,0,0,48,36,18,5,13,0,399,0,0,0,18,88,1,78,0,40,10,30,133,46,70,15,140,28,34,0,59,49,1,46,0,0,25,42,89,19,1,11,0,9,0,33,28,0,2,80,37,21,223,0,3,0,24,0,99,91,30,25,9,6,7,20,41,147,2122,0,18,15,1,156,149,10,14,367,159,2,13,71,3,176,0,2938,1,30,26,13,19,2,1,40,5,6,81,7,159,102,2,25,2,594,0,3,5,18,43,1,10,49,6,23,3802,19,28,1,43,127,42,3,34,40,9,18,49,24,2,103,64,84,21,16,15,12,76,1,95,105,1,4,0,31,51,10,20,60,0,49,0,155,43,6,0,25,14,54,4,8,105,57,600,10,51,96,26,23,32,0,45,130,3,39,0,5,58,5,0,55,7,13,8,50,0,79,1,0,0,26,101,2,45,52,22,0,36,4,57,10,23,58,30,5,0,10,29,88,49,0,13,2,146,80,105,46,35,701,9,4,0,10,32,193,108,27,5,1,42,14,97,0,200,0,2,85,0,71,169,1615,0,11,116,95,330,1,13,55,22,27,1316,6,27,13,38,88,99,250,36,44,10,0,0,28,53,7,26,39,5,1,15,21,0,94,66,84,65,265,12,881,6,3,30,62,6,11,34,0,92,16,86
cell_407,26,0,6,103,26,0,78,20,42,325,49,44,165,11,5,3,73,5,8,0,75,82,36,9,27,2,0,170,23,20,46,39,24,0,8,265,49,12,216,0,209,138,18,31,5,319,1,1,69,565,0,19,58,3,115,53,0,0,3,9,4,74,36,11,37,31,22,4,0,57,38,2,44,25,2,36,31,2,40,45,0,0,8,83,225,35,2,0,0,59,24,12,78,14,0,39,112,5,12,25,59,0,2,24,197,18,168,1,399,0,56,264,16,0,114,16,37,39,25,37,7,4,59,6,0,28,78,68,1,0,0,1,127,5,0,2,0,11,6,1,156,11,52,0,1,14,167,2,38,0,7,24,0,8325,89,1358,13,1,168,57,18,66,0,26,0,229,0,107,28,211,33,8,3,0,3,2,1,24,6,87,19,49,453,24,22,2,3,64,43,0,0,6,0,0,216,35,8,0,16,5955,4,0,47,0,0,4,7,21,22,0,77,0,0,17,71,18,10,30,0,465,1,0,0,23,91,0,44,0,24,4,63,144,101,99,13,169,10,39,8,9,36,2,29,0,3,7,55,20,37,2,60,0,15,1,53,34,0,0,82,25,13,399,38,44,1,9,0,104,116,27,5,53,7,9,7,0,115,2123,6,26,9,2,120,162,48,6,618,111,7,1,68,0,146,3,2624,22,6,31,4,10,18,1,123,4,21,92,13,73,84,20,18,1,448,0,28,0,10,2,3,5,165,3,22,4300,31,36,12,28,3,19,23,83,0,10,34,64,0,0,279,58,67,5,13,49,17,0,2,65,92,30,18,0,10,12,14,4,169,3,0,0,30,14,29,0,3,2,61,1,16,48,9,536,10,35,21,28,15,54,0,0,100,2,28,1,0,152,11,0,55,2,1,11,0,0,154,28,0,2,1,93,7,2,37,7,0,52,15,36,0,19,116,75,12,6,0,2,125,18,4,29,0,149,22,107,30,34,1443,11,0,2,49,0,104,79,27,46,8,22,17,37,53,552,0,240,59,0,53,121,1158,0,47,131,68,372,7,62,33,16,46,674,6,1,0,24,67,37,46,32,40,22,2,20,8,14,18,8,50,1,3,0,27,1,109,11,156,41,275,16,863,0,27,77,40,0,43,25,3,27,65,95
cell_408,4,0,5,77,17,0,92,19,36,126,48,83,156,24,120,10,96,9,0,1,66,277,6,13,56,3,0,89,24,8,48,29,87,60,20,204,100,19,213,17,94,39,15,45,0,259,0,17,1,568,18,39,53,48,55,104,1,7,25,5,5,171,11,0,29,0,97,12,7,45,0,20,17,6,9,15,31,0,25,72,63,2,6,7,233,51,4,0,0,70,1,2,45,26,11,21,45,0,70,95,7,9,0,11,245,31,38,18,439,1,11,157,6,5,67,12,32,38,23,168,55,166,40,15,0,31,77,257,5,12,1,0,25,14,3,15,0,0,5,0,151,30,26,0,18,11,168,2,0,1,1,11,1,3732,18,1381,9,3,127,55,26,27,3,59,3,114,0,37,30,72,5,2,4,31,1,2,2,21,4,46,0,22,470,50,25,27,19,75,102,48,0,5,7,16,252,9,64,1,24,6011,3,0,21,0,1,1,6,31,158,0,0,1,0,65,18,48,10,23,0,437,0,4,2,57,77,1,42,0,24,5,39,86,148,126,9,165,20,5,30,10,27,5,10,0,0,8,41,43,15,3,6,23,28,18,53,44,2,4,66,33,63,276,2,0,1,25,4,22,147,16,2,0,18,13,10,11,121,1996,0,16,22,0,105,169,6,14,498,141,22,5,69,11,164,7,2651,5,5,29,2,4,19,3,103,11,6,107,16,180,83,35,29,1,504,0,16,0,79,6,4,127,2,0,32,4308,67,38,2,9,68,12,23,12,108,2,8,73,36,18,119,23,103,10,8,9,20,172,0,73,97,1,12,1,4,30,10,9,77,24,111,0,146,41,23,0,8,9,81,17,0,50,49,570,36,96,62,37,2,51,0,5,111,6,22,2,0,56,8,0,9,12,0,34,65,99,129,9,2,0,7,47,12,2,18,17,10,81,11,18,8,18,148,2,1,4,1,36,44,57,5,130,0,158,27,88,52,38,1322,12,0,2,22,13,23,110,8,53,5,28,22,47,9,89,40,14,156,0,89,107,222,6,12,119,125,495,5,31,93,130,67,2057,31,0,99,36,79,0,241,31,43,9,1,2,2,140,44,4,11,9,4,0,87,9,106,5,119,46,159,28,948,4,3,72,47,5,40,18,0,186,231,113
cell_409,37,12,29,108,22,1,88,30,39,206,63,57,154,2,65,1,89,27,0,1,61,223,9,24,79,1,0,64,22,7,30,45,80,19,21,330,148,24,178,20,167,68,24,40,6,112,3,22,3,107,5,26,30,20,34,127,0,4,15,0,0,59,38,0,32,26,110,27,12,58,0,26,24,59,4,8,149,2,30,0,22,8,9,73,304,33,21,0,0,44,0,5,12,0,26,22,137,2,51,82,30,5,0,8,263,41,61,2,430,0,9,183,9,5,115,37,41,43,28,66,18,226,20,58,0,23,51,3,10,0,0,0,120,27,0,24,0,10,37,0,178,22,14,0,0,21,199,5,29,1,5,1,4,3643,22,1410,12,12,165,66,5,93,0,70,26,214,6,76,36,187,24,9,25,200,12,4,0,18,5,91,20,21,436,45,24,17,8,55,36,1,1,3,0,0,250,44,64,7,14,6451,9,0,27,0,0,3,21,16,31,0,11,2,0,19,21,0,1,36,0,437,12,2,5,29,84,0,53,7,42,10,73,145,120,37,16,84,5,6,25,24,42,2,16,0,0,4,85,25,8,5,28,39,6,15,28,92,0,7,45,28,51,370,78,7,0,11,1,76,133,4,13,21,10,8,17,5,60,2016,16,5,15,0,116,154,14,15,489,108,3,1,65,0,161,0,2504,20,18,21,1,12,57,1,113,2,27,83,9,156,86,16,8,9,447,3,23,12,3,0,1,57,0,14,76,4505,52,17,5,3,42,28,11,75,71,6,56,179,50,0,595,11,104,18,0,10,23,15,11,75,114,32,20,0,23,32,11,2,127,9,113,23,92,100,12,0,0,12,75,3,4,13,3,522,29,54,75,48,35,33,0,40,97,1,28,0,1,34,2,0,46,4,6,34,95,19,88,51,9,0,0,53,5,3,16,28,51,47,6,16,12,18,31,13,250,9,3,1,59,8,5,23,0,148,63,106,54,39,1239,12,0,7,11,16,100,41,20,1,0,57,30,20,13,58,3,38,107,13,204,120,995,0,24,128,109,463,0,61,161,116,84,1355,17,0,5,35,88,0,216,17,72,16,1,22,8,56,40,4,74,0,11,0,125,0,124,207,136,36,114,65,856,12,15,57,38,2,117,17,52,73,90,112
cell_410,46,1,7,87,13,2,86,13,29,591,49,35,139,8,0,15,89,6,6,15,76,257,23,50,35,0,3,210,41,13,54,14,48,0,8,234,0,15,205,8,235,209,17,36,0,270,0,2,16,592,1,42,36,22,48,21,5,1,21,2,5,130,11,7,27,0,53,17,0,37,61,0,121,10,12,10,114,5,34,32,46,0,9,46,149,40,0,0,0,26,0,4,16,4,10,28,20,13,70,87,23,0,0,7,236,21,126,2,431,19,8,204,10,1,75,28,35,32,2,165,58,152,55,22,0,45,316,0,3,0,2,48,126,12,0,4,0,5,5,1,189,15,30,26,2,19,151,11,28,1,5,19,1,6150,92,1484,19,15,162,60,13,24,0,41,3,235,0,104,12,268,6,20,8,41,11,0,3,18,3,18,10,61,417,15,30,9,24,41,89,18,1,2,33,11,253,3,80,88,24,6103,1,2,28,0,0,5,3,15,205,0,73,0,0,52,56,0,19,27,0,452,4,0,3,39,85,3,50,2,66,7,130,130,91,79,13,86,12,14,11,4,84,3,8,0,12,0,78,75,77,6,6,100,15,0,56,2,0,0,17,15,47,386,39,88,0,23,0,123,148,11,5,59,23,4,16,0,53,1922,0,89,50,6,157,141,39,7,505,123,1,0,71,0,157,6,2537,13,28,38,4,13,5,2,73,0,8,102,12,103,92,45,4,8,446,0,13,4,0,0,15,97,56,0,59,4248,35,84,2,4,23,4,22,6,0,22,32,56,52,0,279,59,101,22,0,55,19,312,1,81,98,1,13,0,61,57,7,4,18,16,77,4,148,60,12,0,26,0,60,17,3,63,25,441,19,77,20,25,31,26,0,77,114,1,13,7,0,73,25,153,49,1,1,0,24,23,145,6,0,0,9,85,13,0,27,1,0,19,1,36,36,17,37,85,15,4,8,36,19,33,0,118,0,94,68,89,7,48,1293,3,0,1,38,1,91,68,1,17,1,23,16,23,7,17,0,219,92,0,85,125,945,0,11,121,119,415,13,11,355,63,35,1143,25,0,4,62,91,6,81,43,24,3,0,32,6,30,13,3,0,35,7,0,28,32,82,104,79,47,179,3,860,3,2,33,46,1,135,13,1,51,0,89
cell_411,21,12,10,105,21,0,99,26,58,247,45,163,153,6,65,26,87,0,7,17,90,274,17,13,75,4,0,17,25,16,55,1,15,43,7,287,94,21,186,22,92,191,27,34,0,98,0,22,0,508,2,11,43,6,98,43,4,3,42,4,0,144,71,4,36,0,74,9,0,41,39,28,110,55,1,9,198,4,28,87,1,1,6,93,0,19,4,0,0,50,0,7,39,23,3,27,13,0,43,83,6,0,0,4,163,29,170,2,475,1,13,289,2,14,162,18,37,24,11,107,118,16,46,46,3,23,57,191,11,3,11,59,134,40,3,36,0,2,3,1,156,20,28,53,13,6,156,1,1,1,4,11,1,3890,15,1705,16,6,177,46,13,61,0,18,25,283,3,95,28,292,7,2,1,0,4,1,0,11,3,63,11,78,473,60,33,4,20,74,33,1,0,5,0,17,256,23,117,90,26,6167,2,0,45,0,0,17,2,15,168,0,37,2,4,18,11,26,11,39,0,438,3,2,1,10,74,0,50,10,63,6,62,34,156,25,19,108,21,5,30,25,32,2,25,0,0,0,52,43,45,8,61,107,10,0,0,27,0,3,109,10,21,252,6,6,1,29,7,111,148,27,1,28,15,8,12,17,149,1820,36,14,10,0,129,138,6,9,270,128,20,2,42,0,167,0,2557,5,1,38,0,21,14,0,63,18,5,90,16,132,134,25,7,13,484,3,21,12,4,16,22,119,10,0,98,4274,68,16,0,5,59,46,17,23,110,12,3,124,21,0,373,66,69,13,0,22,18,5,1,67,76,0,16,0,17,108,12,3,202,12,17,8,165,159,3,0,39,0,73,11,5,47,11,598,13,96,19,7,57,15,0,59,89,3,18,3,3,91,2,0,69,2,11,9,106,44,134,15,0,0,4,70,2,27,15,16,0,6,16,39,1,3,65,17,2,0,0,25,19,37,1,55,0,81,61,56,9,30,1874,45,0,6,54,8,32,67,2,43,0,33,25,97,0,131,10,83,128,0,100,148,894,0,16,110,56,695,4,70,258,86,59,415,20,0,4,103,75,15,233,45,58,4,0,1,4,29,28,2,1,4,1,2,148,47,97,55,115,25,240,13,784,10,4,102,46,11,19,14,0,161,1,125
cell_412,45,0,10,71,25,11,110,81,38,281,42,76,161,14,2,4,89,1,0,12,96,146,10,10,22,1,0,94,20,9,51,29,113,57,13,337,17,19,260,0,65,127,55,27,1,314,1,11,16,508,0,45,18,15,125,104,1,4,35,1,0,43,18,2,7,35,41,6,8,42,7,21,46,13,1,27,8,1,34,64,2,1,11,58,316,37,0,0,0,37,4,9,8,13,11,13,116,1,44,94,8,1,1,7,127,23,140,17,458,10,24,164,19,5,95,14,25,56,17,120,24,58,35,48,8,29,60,146,0,5,0,18,135,22,4,10,0,3,7,1,170,28,24,0,4,50,142,4,37,0,2,7,4,1853,22,1488,12,11,151,61,29,66,0,28,5,111,2,80,15,247,26,2,9,45,22,8,2,17,25,75,0,10,376,50,23,9,2,63,86,31,1,8,0,4,224,4,50,0,20,5907,0,1,41,0,0,18,8,21,207,0,88,0,0,40,47,32,7,35,0,454,5,2,2,31,68,4,49,0,20,3,95,129,21,20,29,65,12,20,0,19,16,0,52,0,0,16,76,66,30,6,53,151,33,0,6,31,0,13,70,30,12,251,9,16,1,19,34,124,154,22,13,28,6,7,16,9,113,2148,12,79,14,4,134,150,4,18,596,113,0,7,75,4,155,1,2604,3,2,50,5,10,13,0,28,0,1,68,3,56,105,7,19,0,463,1,11,6,29,6,19,97,158,7,8,4159,72,2,2,13,35,37,37,24,46,0,21,117,38,0,99,65,117,31,0,13,22,122,12,86,89,0,14,0,25,23,6,18,67,12,29,6,165,52,0,0,10,3,81,6,16,50,30,523,10,62,7,47,13,13,2,63,59,0,21,6,1,174,15,0,114,6,0,35,31,0,90,16,1,0,2,84,8,5,39,24,18,34,6,46,13,22,69,20,20,0,0,22,53,17,0,193,0,105,54,101,25,40,1396,23,0,12,36,31,60,98,16,38,0,12,18,9,48,587,0,39,103,0,46,98,1138,0,26,131,103,287,4,55,278,40,62,1432,12,2,0,23,102,28,200,48,61,14,8,9,36,123,46,12,51,0,6,0,108,0,118,1,140,24,178,26,921,0,19,35,55,2,80,12,31,206,168,96
cell_413,4,11,10,78,29,0,52,28,88,340,61,24,151,3,11,17,61,0,11,0,91,305,12,15,23,7,0,59,20,17,39,3,6,95,15,299,166,26,252,18,84,63,17,39,5,323,0,11,0,609,12,9,58,17,14,17,9,2,3,0,7,137,89,2,22,24,114,18,2,53,8,4,14,42,2,1,57,1,33,70,16,2,0,78,273,42,25,1,0,23,0,0,27,25,6,11,117,10,67,88,1,3,0,9,73,17,143,2,376,5,12,266,0,4,72,6,28,37,33,140,23,168,30,45,0,33,162,205,6,0,0,11,120,22,24,35,0,4,11,0,146,25,11,17,2,12,183,0,0,3,1,10,6,3005,13,1495,21,0,153,50,19,85,4,4,16,184,0,79,25,40,20,7,27,40,6,1,3,14,7,83,8,42,452,86,23,50,26,54,86,6,0,9,0,1,263,24,79,127,7,6076,3,0,57,0,7,12,9,6,113,0,0,0,0,23,6,97,21,28,0,432,0,0,1,9,45,5,57,1,19,7,8,142,129,67,22,129,24,39,0,7,25,2,27,0,0,2,57,138,45,1,3,37,7,0,5,45,12,13,43,9,34,297,0,16,3,7,51,96,135,19,23,9,5,4,10,3,109,1941,18,35,7,4,134,164,7,14,439,117,0,12,77,27,141,6,2468,7,9,38,2,6,7,0,56,3,2,82,13,95,106,10,13,1,468,10,17,0,12,0,4,25,89,17,22,4412,17,49,8,0,33,32,7,61,69,7,28,144,16,26,571,22,79,22,1,14,20,287,3,75,37,34,6,3,33,53,8,3,63,5,96,0,54,32,7,0,0,37,69,17,7,73,46,592,7,100,65,11,6,27,0,84,92,1,18,0,0,107,4,7,58,13,0,12,0,37,51,20,1,0,12,52,1,9,3,28,36,17,3,39,4,12,169,32,1,13,0,30,77,23,2,26,2,116,79,99,13,8,1517,13,15,0,46,2,36,87,20,15,0,58,28,21,5,1499,11,216,82,2,150,111,1142,0,2,94,121,399,6,62,16,100,84,1987,16,2,24,69,77,13,233,34,56,24,4,21,15,51,24,9,6,4,1,2,67,7,121,44,119,29,185,49,844,7,11,74,46,5,16,31,0,137,79,19
cell_414,18,5,6,94,21,0,94,29,63,544,39,94,148,8,0,7,67,5,13,0,85,229,0,23,26,7,1,103,19,16,38,31,68,55,15,338,16,18,189,32,184,249,6,32,4,405,1,1,33,632,4,30,53,11,33,4,8,0,42,2,2,121,61,15,17,11,77,11,0,51,8,8,25,24,2,36,34,2,28,46,17,0,13,89,80,48,5,5,0,19,8,1,51,17,2,24,131,13,69,77,14,10,7,80,224,25,34,10,288,0,3,253,1,11,42,37,6,36,24,57,52,144,65,17,0,18,178,157,0,0,0,0,140,47,25,3,0,1,11,0,225,18,26,24,2,11,195,0,0,0,0,15,0,1337,42,1370,29,1,144,48,17,100,9,4,9,110,3,68,25,270,7,6,13,3,6,0,0,17,9,87,32,44,446,19,28,15,5,55,93,0,2,8,0,0,294,27,90,0,15,7249,4,0,62,0,0,7,8,21,248,2,28,0,0,8,31,112,32,43,0,476,0,2,1,31,78,0,45,2,30,0,49,119,98,127,35,105,29,14,2,67,20,2,27,0,3,35,51,24,71,3,5,94,9,0,17,28,0,8,95,27,41,256,0,48,0,29,2,127,127,10,3,33,22,5,8,0,135,1837,21,11,11,21,145,147,8,2,488,111,9,16,70,4,169,10,2461,6,18,14,5,11,5,2,65,0,10,99,14,95,85,14,4,5,446,1,12,1,16,0,18,212,167,10,56,4199,75,5,6,7,64,37,19,38,68,0,14,30,2,22,570,61,54,15,0,51,37,0,2,93,114,4,14,2,10,44,9,0,111,2,60,0,133,20,19,1,29,16,78,16,4,53,39,542,25,59,47,27,2,16,0,3,86,4,15,1,0,54,0,0,1,3,2,24,1,52,140,10,1,0,3,94,8,42,46,25,0,50,2,45,2,18,39,53,19,7,5,29,126,16,1,88,0,99,85,58,78,29,1433,2,0,9,52,14,112,80,5,57,3,6,21,75,17,100,14,23,105,0,5,119,814,0,34,122,91,565,4,37,1,46,33,1877,12,0,14,95,99,22,71,33,44,19,0,0,1,167,27,11,12,36,2,12,133,16,109,11,102,35,267,6,851,0,4,27,33,5,124,31,0,255,15,88
cell_415,10,0,7,62,17,10,64,77,29,307,49,39,134,23,42,29,64,0,21,0,87,113,0,8,22,33,0,16,16,14,40,7,70,23,7,482,0,23,204,24,51,316,28,29,3,510,1,8,101,380,0,37,51,28,22,62,28,8,8,3,0,83,29,0,20,7,28,36,0,54,12,28,11,13,1,15,4,3,26,94,6,0,12,92,287,106,5,0,0,41,1,9,16,0,15,29,86,9,70,1,52,7,0,0,89,26,186,8,350,2,7,145,5,3,97,28,62,35,21,132,21,140,41,44,11,49,139,62,2,18,4,2,153,26,12,9,0,2,8,4,135,26,22,2,42,4,146,3,0,0,1,5,2,1482,14,1688,25,3,229,30,28,63,0,43,11,130,3,84,26,157,6,0,15,0,9,15,0,27,19,47,5,80,222,68,23,6,6,78,38,1,9,5,0,1,294,17,50,0,17,6710,6,0,67,0,0,1,2,30,265,0,61,0,0,15,47,50,32,12,0,394,0,2,0,52,32,0,20,0,20,11,112,90,23,76,23,134,21,29,0,0,20,2,4,0,1,18,26,58,33,7,8,35,36,0,33,51,20,4,51,38,42,185,77,9,0,35,0,201,110,13,16,5,29,10,28,27,150,1937,5,83,47,6,91,168,10,44,524,161,5,1,61,49,195,0,2737,12,1,74,12,7,3,5,17,1,5,88,19,123,101,16,19,0,626,0,18,38,10,0,7,8,122,15,37,3904,77,15,10,1,18,16,30,27,39,2,10,67,27,0,74,83,55,49,0,13,26,22,3,73,103,2,6,0,11,2,16,5,28,0,30,0,195,14,44,0,11,23,63,24,15,98,92,503,5,51,65,25,27,36,0,71,98,9,22,0,0,94,52,7,63,5,0,13,16,37,121,7,0,0,4,84,2,30,32,12,13,71,3,25,7,16,25,19,4,1,14,31,80,16,0,22,0,200,73,86,90,32,693,37,0,1,33,38,241,107,5,62,3,69,24,20,2,490,36,126,127,0,232,161,937,0,6,130,144,216,1,90,110,86,54,1126,9,0,2,49,61,105,90,27,37,13,0,27,2,8,11,3,80,0,2,2,23,0,112,5,64,80,237,52,844,1,20,40,49,1,75,13,1,201,199,109
cell_416,30,17,13,96,27,0,83,6,43,83,24,144,153,19,61,6,72,6,30,4,86,178,22,4,48,1,2,74,21,22,43,40,84,15,40,386,153,9,224,21,70,64,8,36,3,391,9,13,0,477,11,44,52,45,80,36,1,8,27,10,0,121,71,9,31,0,87,63,0,52,38,4,52,3,0,18,53,0,29,37,36,19,3,96,70,31,9,0,0,11,0,4,26,0,51,16,42,0,89,39,35,4,9,14,275,18,156,33,173,19,42,96,1,1,134,0,0,40,21,161,67,25,2,5,2,29,109,213,5,4,0,25,135,7,5,11,0,2,1,1,155,6,11,0,1,43,122,4,14,4,0,6,1,4546,32,1288,0,3,81,54,5,16,0,61,13,401,3,84,22,144,3,1,18,13,6,10,2,26,12,74,6,26,447,58,24,12,14,77,92,2,5,15,0,0,284,11,233,30,1,6593,14,11,28,3,0,0,6,6,185,0,60,0,3,64,7,42,12,41,0,444,4,0,3,8,84,3,41,0,52,1,24,147,74,94,18,181,30,4,0,91,76,1,9,0,0,0,65,67,54,7,11,0,0,0,3,27,0,5,11,19,57,338,8,4,1,19,0,164,124,42,12,22,0,16,10,14,139,1864,25,9,52,0,156,145,23,22,169,112,6,3,54,9,155,2,2572,8,4,15,8,8,20,3,103,1,23,85,18,133,84,28,35,1,482,0,0,12,0,20,12,280,0,15,84,4308,11,93,7,0,56,26,33,102,69,2,46,80,26,1,506,17,18,8,4,29,34,174,4,83,58,24,7,0,30,54,25,12,158,6,37,0,53,123,1,0,2,16,79,10,2,45,19,603,19,65,22,30,11,51,4,50,119,1,24,0,18,9,23,0,49,18,41,0,35,10,60,21,1,0,2,45,0,4,18,7,0,23,5,42,47,16,116,55,4,14,0,46,39,41,3,59,1,153,49,64,5,29,1305,8,0,2,27,11,38,75,10,29,3,19,13,47,47,33,19,167,115,4,58,130,920,20,10,56,87,278,0,56,178,42,75,1981,25,11,122,21,103,45,236,32,39,17,0,62,9,22,32,4,56,16,2,6,51,13,98,10,64,36,316,37,987,12,4,58,38,17,45,51,6,169,138,69
cell_417,5,2,5,104,18,0,58,9,29,346,45,97,152,46,0,22,86,5,28,6,78,27,3,3,51,14,0,17,26,26,43,32,26,81,57,477,15,19,198,18,29,372,22,39,7,395,0,2,74,390,4,16,87,7,66,73,14,8,11,6,4,194,9,1,31,22,87,25,30,43,49,3,71,34,0,33,72,0,17,73,7,0,6,74,338,16,11,0,0,29,32,13,23,0,12,32,75,7,73,21,30,17,0,10,206,18,164,0,210,14,12,167,4,6,130,42,59,39,26,141,92,149,64,44,30,28,93,17,3,3,6,14,168,17,6,34,2,3,3,3,175,7,19,0,88,19,100,0,0,5,3,3,0,1229,9,1766,62,0,156,42,39,55,0,26,3,206,0,87,18,173,0,0,16,4,0,11,1,20,2,6,41,23,213,85,23,32,18,62,1,16,0,23,0,0,190,5,33,23,22,7016,5,0,26,0,0,9,1,15,274,0,46,10,0,18,61,50,37,39,0,389,1,1,1,42,59,1,41,1,18,15,58,125,149,140,19,153,25,16,0,73,64,0,23,6,0,33,39,75,55,2,14,0,22,0,42,24,1,4,3,22,13,195,58,15,0,11,0,173,105,42,7,7,22,28,17,7,143,2067,10,43,79,1,150,176,2,22,456,148,1,1,63,0,200,7,2775,16,0,105,5,3,4,0,25,0,10,61,15,111,87,6,24,0,569,0,14,2,24,10,17,96,14,1,94,3955,87,47,20,1,46,11,41,21,47,2,29,31,0,1,452,80,77,14,2,33,27,191,2,60,24,1,2,0,51,43,21,1,5,8,19,0,74,25,10,0,27,13,66,3,14,97,49,605,5,94,41,20,16,14,2,0,140,3,24,0,3,252,16,0,15,8,3,0,0,38,127,21,0,12,20,29,0,16,6,11,5,21,10,27,40,17,75,55,0,1,12,5,18,56,0,45,0,161,54,57,27,28,695,22,0,1,36,5,69,85,15,45,4,33,17,5,29,722,35,270,65,0,263,65,957,0,18,142,109,216,0,70,26,28,37,1308,31,0,0,82,63,35,264,52,25,3,0,12,5,40,25,3,40,16,5,0,6,0,82,29,64,64,300,30,755,5,0,38,52,6,142,44,0,141,62,123
cell_418,15,0,2,116,18,3,49,0,29,52,44,21,197,13,8,51,68,0,14,2,84,42,8,3,17,11,0,65,30,26,37,14,102,61,26,811,351,72,282,51,69,317,24,42,6,583,1,27,10,393,1,13,137,21,123,110,11,0,32,2,2,19,27,0,17,0,21,85,2,46,64,11,67,15,0,32,88,0,15,64,0,11,4,68,157,77,2,0,0,52,0,11,36,19,27,39,53,2,71,115,67,5,0,1,152,12,235,35,370,4,12,112,5,2,51,0,55,33,55,33,54,3,35,92,0,50,255,93,25,1,3,8,214,58,36,16,0,11,16,2,195,15,9,0,70,5,130,5,32,0,1,3,3,2030,158,1627,43,0,162,26,30,45,0,52,14,155,2,30,25,129,16,0,15,0,13,9,4,35,4,54,16,65,199,35,41,5,5,66,3,10,3,8,0,0,193,7,31,0,25,6385,11,0,74,0,0,1,4,4,296,0,66,0,3,30,29,81,13,24,0,440,0,1,0,18,31,8,43,0,40,5,28,100,32,24,25,59,17,28,0,106,112,1,3,1,1,0,38,14,104,7,43,118,77,14,8,21,0,4,11,59,30,36,20,24,0,58,0,92,88,19,1,12,15,16,13,6,136,1726,31,24,40,3,46,170,4,45,433,188,1,0,53,91,204,0,3283,11,2,141,20,15,28,1,51,0,1,60,2,105,94,55,18,0,605,1,13,2,21,12,20,24,31,0,54,4404,84,15,6,13,18,23,33,20,26,4,78,31,26,17,294,91,23,8,0,18,22,152,2,61,110,15,8,57,73,10,14,4,63,8,12,0,177,33,16,0,47,18,60,33,25,88,15,826,20,91,69,45,16,28,0,63,176,13,29,4,0,207,14,14,14,7,24,61,3,76,96,3,0,0,0,40,2,5,39,18,0,112,6,41,30,29,24,5,18,0,0,0,31,36,2,47,0,159,73,83,29,34,883,50,0,22,28,120,78,77,0,103,0,1,27,29,1,944,1,25,109,1,178,201,1149,4,31,86,68,123,4,30,41,28,29,855,15,0,0,88,59,20,266,40,82,7,0,6,2,8,5,10,90,42,3,16,166,6,87,11,71,39,331,7,1115,4,1,58,60,2,96,27,1,173,233,24
cell_419,41,2,7,109,23,0,74,10,59,61,35,5,184,34,0,5,78,2,3,13,82,63,2,1,25,4,0,132,28,28,34,29,59,74,21,80,67,30,206,0,112,119,21,33,15,354,0,43,8,392,0,31,76,5,19,106,16,5,14,9,6,155,7,17,7,49,98,74,0,58,19,13,81,5,4,31,84,0,23,63,52,0,16,21,263,62,23,0,0,27,0,5,2,24,1,27,106,2,44,9,20,5,2,9,277,23,169,4,431,14,3,196,37,0,226,0,35,53,18,83,14,15,15,16,0,9,123,31,1,4,8,6,122,31,5,2,10,6,20,0,178,23,31,0,34,12,178,17,20,1,1,5,0,935,48,1353,27,2,148,46,40,41,0,17,20,176,0,88,30,300,0,14,35,3,37,7,9,13,4,86,1,27,364,32,22,20,15,64,56,154,1,12,0,0,227,12,42,1,7,6634,48,0,40,0,0,0,5,16,199,19,58,0,0,52,35,2,0,12,7,420,0,0,2,29,58,1,53,4,27,1,57,96,174,81,16,101,5,16,18,16,70,1,49,0,1,47,68,28,19,6,11,41,18,0,13,10,15,4,15,23,1,322,47,15,4,18,1,81,127,55,4,13,5,12,20,7,114,1927,62,53,38,0,102,137,5,10,360,122,0,3,81,61,139,6,2554,13,7,19,10,9,4,2,59,1,8,91,11,137,97,59,15,0,463,0,3,6,11,0,9,40,81,6,25,4384,29,94,12,8,108,51,7,64,63,25,23,40,22,32,82,61,109,23,0,57,36,3,2,54,54,31,3,1,52,76,10,20,111,52,89,3,82,72,43,0,16,1,68,15,16,53,30,204,1,86,8,36,10,15,2,39,107,4,25,12,0,60,31,0,28,17,4,8,2,119,150,26,1,0,11,45,5,10,24,22,205,44,2,48,44,17,43,36,10,6,0,18,73,2,1,192,0,148,21,44,47,41,1533,2,0,3,15,10,73,100,7,8,12,11,18,21,13,247,64,335,95,0,163,99,959,0,8,122,51,409,8,61,86,61,78,1329,13,1,52,36,89,23,224,30,41,12,2,13,7,27,68,4,58,2,0,0,129,4,92,7,116,40,207,51,758,1,20,85,52,11,26,9,0,135,185,66
cell_420,12,0,14,99,9,3,102,28,34,677,26,7,168,6,12,3,82,6,24,8,78,233,11,43,32,0,1,61,20,22,48,43,43,70,12,282,256,22,225,20,173,257,14,34,1,364,6,6,47,629,4,14,70,34,78,5,4,0,14,2,1,66,99,5,19,2,59,6,2,51,29,10,54,44,0,18,55,2,38,31,9,18,11,79,275,30,10,5,0,45,4,13,34,121,24,6,129,29,64,47,28,3,6,18,227,18,138,43,319,11,4,244,4,3,64,33,30,40,22,108,35,37,45,15,0,32,0,235,1,0,1,0,106,41,4,24,0,4,10,4,144,34,35,29,6,11,150,3,16,3,0,12,1,273,34,1361,20,23,171,43,18,75,2,10,39,24,8,68,19,168,36,15,46,59,19,1,3,16,10,41,27,34,412,50,23,43,11,50,77,0,0,4,0,0,260,16,76,69,10,6231,1,0,13,0,0,3,10,40,134,0,0,0,1,23,23,55,6,36,0,444,0,1,0,22,44,7,68,2,88,2,37,58,117,24,27,121,20,33,1,86,26,0,61,0,0,0,26,88,57,3,42,107,12,14,1,13,2,5,98,11,70,332,4,57,0,16,51,82,95,16,22,4,5,13,16,10,128,1925,47,36,15,25,122,138,14,11,507,108,11,1,73,32,183,0,2540,4,17,62,3,18,0,0,88,0,2,113,13,54,82,13,18,14,503,2,16,3,45,0,0,8,33,7,81,4315,62,103,2,20,6,10,1,58,103,19,41,45,26,12,247,30,70,1,11,12,35,0,7,78,115,4,19,4,24,130,1,12,37,4,6,0,135,114,0,0,5,3,82,13,8,48,13,711,1,78,27,6,43,45,0,0,103,2,31,3,4,38,12,0,94,3,4,80,5,49,112,20,7,1,7,48,16,14,84,24,50,47,12,32,1,15,127,75,12,0,1,26,150,22,13,162,0,82,43,101,25,40,1343,60,7,3,51,32,127,39,18,50,1,0,14,30,36,228,4,197,133,0,63,100,1120,0,51,123,91,590,2,57,321,0,18,407,24,5,3,57,124,20,241,46,44,15,0,12,35,126,14,6,70,29,10,7,110,9,111,43,125,37,250,4,844,2,4,16,26,1,21,32,13,121,170,91
cell_421,59,0,2,92,24,0,100,30,19,992,50,73,169,6,72,41,78,3,3,0,73,125,9,47,14,13,0,101,24,16,37,7,10,76,6,330,99,23,246,11,63,179,18,43,0,103,0,34,9,594,0,2,80,11,50,26,0,2,16,6,0,65,65,4,21,0,30,49,3,45,5,2,77,17,0,22,52,0,38,30,2,65,6,83,238,32,10,0,2,14,0,16,6,41,17,7,45,1,64,12,8,0,0,24,233,20,89,16,338,13,34,224,1,6,88,11,30,30,4,86,45,44,23,48,0,27,59,243,0,2,6,0,156,3,5,34,0,1,6,0,163,11,22,0,17,25,171,8,13,6,0,13,4,4140,25,1359,6,7,171,44,26,23,3,54,13,278,2,68,28,152,14,2,13,5,5,2,1,20,8,9,3,27,442,64,21,21,22,80,64,57,7,22,0,2,247,17,28,243,31,6360,12,0,13,0,0,11,4,9,224,0,82,12,0,23,27,6,24,38,0,424,6,2,6,36,93,0,57,0,19,10,95,123,154,144,2,63,22,8,0,93,20,0,20,0,1,39,48,31,55,3,49,21,30,1,11,38,0,4,10,25,76,333,51,14,4,31,0,136,157,16,30,37,12,15,16,12,87,1925,3,36,157,3,82,142,34,12,445,101,10,15,51,9,164,0,2649,9,1,60,2,15,5,7,140,0,2,104,13,151,45,13,15,1,498,0,8,7,28,8,1,107,85,3,53,4179,21,48,8,6,124,10,24,49,85,13,8,88,36,0,133,31,54,16,0,12,22,75,1,85,91,4,3,16,58,93,13,0,35,27,22,0,138,28,2,0,10,0,67,15,6,60,15,580,12,18,39,47,60,44,0,7,75,2,24,7,0,71,10,0,29,9,0,0,59,87,122,24,6,0,29,30,2,15,49,12,0,92,6,27,2,15,74,48,23,4,5,15,41,39,7,41,0,151,47,37,17,19,1357,40,0,1,21,12,75,126,22,0,7,5,26,35,1,1169,24,615,48,0,36,80,812,0,27,111,77,402,5,23,27,22,23,1704,13,7,17,77,134,4,44,20,77,14,2,1,13,23,52,8,47,2,6,0,123,25,115,27,104,34,220,9,955,1,4,88,51,2,45,13,6,104,47,89
cell_422,21,0,1,82,24,0,84,20,28,343,47,111,139,10,0,37,78,2,4,0,83,23,21,35,55,1,1,185,20,9,36,102,43,11,9,290,85,9,205,24,204,183,11,38,6,245,0,43,66,595,18,32,21,8,52,61,1,1,16,0,1,17,13,0,32,30,17,26,2,53,18,2,45,10,1,36,60,8,24,38,2,17,15,84,323,64,0,1,0,29,12,0,20,10,16,27,102,2,53,88,21,5,0,87,171,35,136,27,431,0,25,207,8,3,19,56,41,42,19,103,30,238,67,32,56,37,144,14,0,0,0,0,143,0,9,3,0,9,19,1,166,25,40,0,2,21,205,4,30,6,5,14,1,4004,34,1375,42,1,172,62,21,10,0,16,1,186,0,62,22,281,0,12,41,27,21,0,0,22,10,98,5,7,409,25,21,1,7,50,28,0,3,7,0,2,282,13,48,0,20,6394,12,0,64,0,0,1,13,23,246,0,85,0,0,49,52,31,5,10,0,447,7,3,1,40,50,0,59,2,45,6,89,123,91,68,7,149,22,7,42,18,47,8,7,5,5,42,100,49,48,7,21,16,17,0,51,53,1,2,49,30,12,299,34,5,0,13,12,127,128,5,8,48,8,15,4,1,113,2093,3,32,75,4,113,124,4,16,502,113,3,5,63,0,141,11,2598,17,11,54,11,6,1,3,94,3,13,63,10,65,79,9,30,0,487,1,27,28,25,0,30,164,69,6,28,4544,52,28,3,16,21,38,32,102,65,14,26,135,10,5,498,62,87,0,11,69,26,0,0,54,109,1,17,0,16,12,14,1,170,36,31,1,152,139,1,0,10,4,87,23,31,50,60,528,13,86,19,33,5,12,0,8,16,2,26,1,3,183,0,0,38,9,0,30,117,19,128,16,0,0,1,83,11,5,52,3,0,99,4,38,2,22,36,80,4,0,0,31,44,69,1,114,1,140,1,106,80,36,1453,10,1,0,36,12,118,89,15,19,0,64,22,75,49,327,1,43,93,0,211,155,918,277,43,117,82,294,6,24,98,54,81,1577,24,0,4,81,20,14,181,36,23,21,0,12,1,47,25,5,75,0,8,4,156,1,122,9,128,49,267,28,911,0,15,45,42,1,123,36,56,170,83,98
cell_423,30,11,2,103,28,0,95,28,16,837,47,148,203,15,0,13,82,43,1,2,90,60,7,14,37,3,0,108,23,4,39,65,129,13,9,401,43,19,249,24,60,53,18,49,4,199,0,26,4,151,16,9,67,2,30,125,1,7,23,4,5,171,27,0,18,4,72,3,5,35,10,3,41,22,4,10,26,1,25,38,6,0,12,12,296,21,5,0,0,47,0,4,20,0,2,24,110,0,90,114,27,0,2,18,210,14,147,0,397,0,24,241,4,4,120,50,1,26,33,154,66,40,33,51,0,31,62,0,0,0,11,0,160,18,9,12,0,1,12,0,181,25,29,0,14,6,155,1,4,0,4,4,3,7000,58,1402,5,4,109,34,36,5,0,49,20,129,5,62,25,174,1,11,2,41,12,3,3,30,4,84,6,54,384,68,25,28,4,62,47,12,2,7,0,0,147,13,218,3,18,6702,8,0,31,0,0,2,15,34,171,0,4,0,0,26,83,22,37,21,0,485,0,8,3,64,58,2,36,0,22,3,102,99,79,23,2,161,13,40,0,3,48,5,11,0,0,38,85,27,30,1,0,45,25,0,13,6,8,3,13,32,16,371,60,6,0,13,24,113,123,14,4,8,10,1,19,31,123,1820,2,62,64,1,135,140,11,11,518,101,9,18,79,27,149,8,2606,47,52,57,4,12,3,6,134,2,3,94,12,164,65,20,26,0,489,0,16,2,15,0,7,357,11,1,4,4324,73,7,4,30,20,3,31,46,82,4,35,14,36,23,112,61,114,46,5,31,17,72,3,78,115,0,4,0,26,32,16,10,82,22,64,3,138,27,8,0,14,34,74,12,16,14,30,606,29,41,66,54,37,18,0,77,92,2,21,9,1,28,14,0,66,8,0,0,18,91,122,9,7,0,5,70,9,21,30,35,5,177,1,8,25,17,15,3,7,5,0,26,145,18,0,37,0,146,51,148,63,32,1330,1,0,2,30,14,120,97,15,23,13,42,17,120,48,194,2,277,74,0,13,115,1025,5,16,123,43,192,2,22,148,90,46,1205,14,0,52,72,51,0,214,45,37,12,0,9,1,84,16,3,48,23,1,0,78,0,106,83,72,46,225,23,992,0,1,28,36,5,51,45,3,160,61,0
cell_424,40,0,3,90,10,3,93,14,16,507,48,9,180,28,79,10,61,7,5,4,86,253,51,17,32,4,0,77,22,22,44,113,159,6,7,228,0,22,194,0,136,162,69,41,0,233,3,26,0,584,2,29,45,13,39,113,6,12,4,4,0,146,38,12,26,25,10,1,0,49,1,6,132,38,1,26,73,3,31,0,16,0,13,73,339,40,0,0,0,50,0,5,18,6,7,32,134,7,70,36,34,3,0,7,175,6,158,24,469,0,14,256,8,3,221,32,37,34,29,198,17,137,65,25,1,11,43,275,2,3,4,29,111,17,1,9,0,3,0,0,177,20,29,0,3,39,197,2,13,0,0,14,1,8064,46,1354,73,3,161,63,25,85,2,21,0,121,6,93,26,282,60,3,14,83,6,5,3,19,1,96,17,48,383,31,14,8,1,62,95,1,0,3,5,0,298,26,76,22,20,7039,2,0,45,0,0,9,3,4,157,0,8,0,0,44,53,61,6,33,4,431,0,0,2,27,9,0,73,1,7,2,121,142,34,23,16,149,20,30,19,0,13,3,26,0,6,1,85,43,46,0,50,112,32,0,54,29,3,3,99,33,8,308,62,20,6,36,60,20,145,30,6,22,5,7,10,13,119,1823,64,49,6,12,129,170,10,17,450,119,6,0,55,8,179,8,2395,13,0,28,3,12,6,1,0,0,2,33,10,120,103,38,13,1,445,4,22,1,22,0,10,15,163,7,23,4514,39,86,1,52,49,17,16,58,42,5,32,80,17,5,123,63,62,17,0,24,24,336,1,64,75,10,9,4,45,25,7,0,1,43,27,0,36,42,9,0,16,1,69,3,7,67,46,288,17,78,18,54,22,11,0,35,113,0,22,3,0,124,52,0,76,6,0,8,38,1,146,7,0,0,4,104,2,30,47,50,0,8,8,48,9,18,63,14,92,0,0,24,31,19,5,56,0,152,67,101,33,34,1419,5,0,5,38,5,124,92,3,62,0,55,24,60,76,655,0,94,119,0,131,128,908,0,32,85,97,428,6,45,314,103,14,284,15,0,52,33,101,18,37,37,25,12,0,13,4,98,70,3,147,22,1,0,62,23,100,0,116,46,257,29,851,5,7,54,9,0,47,12,0,115,112,107
cell_425,46,0,22,92,29,0,78,4,70,54,52,17,174,2,7,2,84,11,0,5,94,113,21,0,57,1,0,97,32,2,41,54,12,63,2,275,142,23,209,7,42,225,6,41,2,375,0,56,19,620,0,22,59,19,46,55,0,10,6,4,0,118,18,7,9,0,50,14,1,53,42,11,58,16,1,31,109,5,36,77,0,0,6,63,0,70,7,0,0,32,0,0,30,27,9,31,151,1,69,94,7,12,6,12,208,28,182,6,322,27,1,221,14,3,17,0,1,37,28,90,69,6,72,43,0,28,111,32,53,0,1,0,123,10,13,15,0,0,12,0,165,22,19,0,0,4,184,2,0,2,1,7,1,2380,73,1405,28,0,139,54,13,68,0,27,11,219,1,83,19,91,0,4,7,0,9,8,0,25,4,72,7,83,448,61,26,14,0,63,103,0,17,6,0,0,310,37,117,12,5,6186,0,6,47,0,0,14,5,17,236,0,53,0,0,10,51,32,19,21,0,407,1,0,4,32,72,3,53,0,6,7,52,143,206,23,19,161,18,29,4,12,21,3,36,0,0,5,19,15,42,1,26,74,28,0,58,36,0,11,15,27,7,326,58,33,4,33,0,133,139,32,7,18,18,8,5,8,124,2092,86,17,4,0,134,122,5,14,305,108,10,1,32,20,175,0,2701,13,18,54,1,15,21,2,2,1,4,81,21,161,91,24,15,0,490,0,18,7,1,36,8,218,23,6,35,4574,4,51,3,13,71,42,27,47,73,9,33,86,39,103,315,74,38,15,1,59,23,57,2,69,113,24,11,1,25,32,5,10,72,43,29,0,62,32,6,0,21,20,74,20,17,67,39,425,0,68,10,43,13,45,1,12,86,11,26,5,0,180,8,2,0,1,74,11,0,47,129,8,0,0,2,50,0,3,22,24,0,50,4,54,40,25,41,54,9,10,0,3,77,23,4,31,0,146,59,90,0,38,1542,52,1,0,19,11,37,91,9,75,0,30,10,22,0,928,7,7,101,0,6,139,755,0,1,70,103,280,8,24,13,68,52,1319,8,0,11,57,74,1,153,36,39,20,0,8,3,68,77,3,86,10,4,2,166,1,131,3,58,42,245,19,883,0,19,69,44,0,165,5,0,145,192,69
cell_426,12,0,9,74,26,18,104,15,55,240,4,101,168,22,8,7,71,15,10,33,79,110,26,0,77,0,0,37,26,23,42,11,117,29,13,343,6,21,218,22,60,151,68,35,4,399,1,1,4,619,8,0,17,13,67,16,1,3,23,3,0,185,34,1,29,39,115,32,0,30,3,1,79,21,1,16,59,0,39,60,24,5,11,94,297,59,8,0,0,51,2,0,2,0,12,33,130,12,42,14,32,0,7,11,230,33,57,19,316,6,7,243,11,13,49,29,0,43,11,44,45,47,62,19,3,17,11,67,3,1,3,0,141,34,16,5,0,8,17,7,112,26,15,0,7,20,197,0,3,0,2,7,2,838,13,1352,7,0,103,60,26,79,0,55,2,264,16,118,24,175,17,7,25,133,32,1,0,18,33,55,2,31,443,59,39,31,3,46,0,0,9,1,4,0,340,15,72,0,18,6378,6,0,50,0,0,0,1,35,56,0,10,0,0,11,41,85,28,36,8,459,0,0,0,45,41,1,55,5,52,10,113,132,93,149,25,121,28,9,2,18,47,5,22,0,0,17,99,85,57,1,21,57,29,0,8,82,6,4,95,25,29,337,15,36,0,15,32,74,143,21,25,8,23,0,21,11,128,1624,57,116,4,1,114,148,1,33,594,117,2,4,57,9,147,0,2314,19,0,48,0,6,21,0,15,0,3,96,18,63,88,17,41,0,498,5,18,0,7,0,6,281,17,4,31,4073,36,0,8,3,55,56,21,57,18,19,23,133,6,0,305,21,116,19,0,44,22,57,1,62,67,60,16,7,21,18,11,69,0,9,46,8,65,130,12,0,31,14,65,14,10,28,40,535,7,106,20,22,30,46,3,26,112,2,30,4,0,82,0,0,41,15,0,0,3,34,116,2,1,2,13,119,0,12,26,13,0,128,21,34,4,16,101,79,36,0,2,13,66,14,1,49,0,126,70,73,67,46,1505,13,0,12,82,19,60,86,4,24,2,35,6,14,21,1158,0,32,137,0,79,137,564,0,0,117,72,403,14,65,128,81,109,2975,20,1,0,46,68,9,181,25,22,15,1,44,14,29,27,4,35,2,3,1,163,0,81,31,86,58,281,0,960,2,0,44,34,1,115,34,35,23,51,56
cell_427,14,11,13,82,19,2,71,23,23,548,29,68,174,24,52,10,80,8,11,42,94,288,8,0,44,1,2,245,21,1,30,9,139,0,28,146,0,16,213,27,71,53,16,22,0,328,0,18,42,656,0,16,32,13,56,98,11,0,1,15,9,36,22,39,20,23,107,22,9,43,15,12,123,30,11,9,5,15,24,27,88,0,13,91,282,48,3,0,0,41,3,3,6,0,1,34,47,6,66,66,51,1,0,4,219,17,160,0,247,0,42,272,16,14,55,10,31,42,5,148,132,40,11,3,0,19,101,0,0,11,22,11,149,12,2,1,15,0,3,10,157,11,18,1,3,41,151,3,4,0,2,14,0,81,86,1257,4,3,117,49,26,65,0,50,4,263,0,35,4,263,113,2,36,34,14,10,4,15,6,83,25,17,391,67,25,22,11,29,43,50,15,10,0,0,296,0,139,41,28,6756,9,0,44,0,0,0,6,32,251,0,76,0,4,65,54,62,44,43,84,475,0,2,8,15,80,0,32,19,25,2,77,115,16,32,10,145,9,32,0,17,20,0,12,0,0,19,108,57,66,1,18,63,6,4,9,38,7,6,80,26,10,394,44,16,1,6,33,86,138,13,12,1,23,1,15,7,112,1645,20,113,28,1,122,107,14,29,719,119,2,9,63,27,177,1,2216,21,4,59,1,1,21,2,123,0,11,73,11,28,76,9,23,8,443,0,11,9,2,6,14,311,113,2,17,4222,17,67,6,11,35,23,27,36,67,3,14,56,13,7,272,22,143,42,3,60,16,214,2,64,96,0,11,1,41,26,6,9,6,3,78,2,45,22,43,0,24,10,70,7,8,57,90,374,16,14,20,37,31,17,4,2,124,2,24,19,0,5,19,12,16,20,27,8,63,4,158,27,5,0,14,32,1,30,41,21,0,12,5,49,12,10,11,54,38,4,12,40,64,63,2,39,0,127,58,112,76,38,1288,4,0,18,44,24,39,85,19,22,2,18,6,10,17,1171,19,455,118,0,215,97,204,0,3,73,105,234,5,41,48,58,101,1964,9,7,0,13,60,70,157,36,21,2,0,47,31,8,70,7,1,11,3,0,29,11,35,10,85,44,22,12,822,5,8,44,34,5,68,40,32,92,58,92
cell_428,13,4,2,93,5,0,64,19,21,162,51,43,137,22,25,4,62,6,8,0,62,42,20,21,42,8,0,79,24,24,47,92,22,71,10,268,262,21,192,30,98,218,11,20,4,141,1,44,14,387,0,22,81,7,52,54,0,0,14,12,0,15,63,0,21,0,25,18,2,57,11,19,28,52,0,31,59,0,17,0,11,1,13,67,280,22,3,0,0,27,1,1,49,5,9,21,94,5,32,0,53,7,5,19,237,10,217,21,440,27,16,189,5,5,215,39,57,37,30,136,6,98,19,5,0,28,8,36,0,1,0,0,173,15,11,6,0,3,29,3,165,16,28,0,20,23,133,10,15,1,1,18,2,702,83,1769,6,7,86,32,34,15,2,14,5,114,4,56,23,129,4,8,4,16,0,7,0,31,4,42,10,28,205,32,22,28,10,66,52,0,0,4,1,0,293,16,37,52,15,6515,6,0,14,0,0,2,0,6,293,0,8,0,0,47,80,64,7,34,0,407,9,4,2,57,63,4,57,0,13,1,38,109,150,110,9,96,19,46,0,107,48,8,18,8,0,32,48,23,41,8,4,0,10,0,20,75,8,9,31,27,20,201,87,20,1,19,11,124,81,28,14,20,8,18,5,0,142,2140,25,7,52,8,139,170,2,17,331,178,15,11,41,8,148,18,3101,13,8,72,19,8,4,2,84,0,18,77,6,28,61,38,13,1,612,0,12,1,5,0,17,27,3,1,31,4022,52,68,6,3,6,15,26,24,34,25,32,65,8,0,572,35,26,12,0,21,22,2,2,92,101,3,2,0,32,39,13,6,129,42,16,1,96,18,15,0,19,6,49,8,15,86,22,521,2,69,85,37,8,49,0,52,171,1,41,1,0,245,0,1,47,11,58,10,0,32,121,14,5,0,5,13,1,5,20,0,23,64,13,58,32,27,50,66,24,9,2,24,53,22,3,122,0,222,18,17,90,39,756,8,1,28,29,5,177,100,10,6,8,11,14,22,68,119,24,185,48,0,22,76,1250,0,38,146,130,117,4,67,37,58,54,749,17,2,22,58,26,39,157,37,59,22,2,13,2,28,58,3,95,6,2,0,80,11,118,27,103,87,182,14,896,1,11,37,72,0,40,25,2,105,1,59
cell_429,19,0,28,91,11,11,94,22,37,542,59,86,176,9,30,35,82,14,24,2,84,28,4,61,39,0,0,59,22,14,42,115,120,19,16,316,96,21,148,21,230,168,1,29,10,315,0,6,13,479,8,24,58,5,19,41,1,3,12,11,0,13,21,0,32,0,4,19,15,57,20,6,10,66,0,12,54,15,36,5,0,1,13,67,239,85,11,1,0,50,8,1,34,10,2,8,76,4,40,106,64,0,9,16,129,12,116,9,472,10,17,242,6,1,13,50,29,36,28,139,40,82,45,23,0,35,409,7,7,1,1,0,142,45,10,9,0,5,3,0,154,20,33,0,39,1,241,4,59,0,0,1,3,5236,103,1360,16,0,136,48,15,52,0,18,16,249,11,112,18,319,0,5,5,10,8,0,0,16,10,76,38,50,426,31,19,42,12,48,6,0,0,0,1,5,241,39,35,1,21,6379,17,0,5,1,0,4,0,9,243,1,74,0,0,58,52,25,1,8,4,387,0,1,13,15,62,1,57,1,20,5,12,144,52,110,20,128,18,40,13,59,115,2,42,0,0,49,75,36,17,5,33,113,12,0,39,175,0,0,2,17,69,341,62,11,0,12,73,94,141,6,16,40,12,2,1,0,133,1863,16,18,44,26,121,156,7,16,511,104,0,4,62,6,190,0,2383,12,19,8,0,20,45,2,62,0,25,39,6,132,55,12,19,4,475,0,18,3,14,0,27,30,43,0,16,4335,69,64,4,9,9,5,32,14,50,26,31,33,37,35,377,61,54,42,4,70,27,117,2,48,88,0,11,0,19,71,16,3,56,37,21,0,132,2,22,1,2,13,84,17,12,65,25,599,9,97,52,49,39,66,0,64,115,1,18,2,0,35,12,0,43,29,14,0,14,150,100,25,2,0,0,4,7,20,57,7,33,97,8,38,0,21,27,106,0,0,0,35,54,73,3,5,1,56,64,93,51,34,1416,15,0,3,22,15,122,102,42,40,0,29,27,25,44,119,65,95,94,0,291,115,1085,0,24,100,87,568,0,46,5,57,50,714,19,0,8,51,108,17,229,36,24,18,15,7,4,15,71,2,107,16,5,1,134,0,94,16,124,42,254,34,789,1,4,20,61,0,77,24,22,81,1,74
cell_430,11,0,1,90,19,0,81,22,107,45,26,45,157,1,0,3,85,6,0,5,77,59,6,16,49,1,0,128,19,21,35,15,6,11,7,428,19,27,217,20,98,244,10,40,15,270,1,64,13,657,20,31,63,10,113,51,1,0,15,5,1,59,12,1,8,9,85,112,7,52,4,1,4,24,0,30,109,4,27,69,18,0,11,84,252,63,9,0,0,46,14,1,27,29,4,1,109,4,53,84,15,13,0,25,185,20,145,15,491,38,15,122,9,8,48,20,14,43,10,36,29,58,65,15,10,24,225,224,17,8,2,8,134,46,3,4,0,2,22,1,151,19,42,0,18,42,201,1,16,0,1,10,0,6869,20,1556,7,3,181,39,11,94,0,5,33,482,3,28,26,142,16,3,39,6,11,6,0,21,11,76,7,75,436,20,30,17,18,59,104,27,8,8,0,1,261,4,19,45,23,5928,1,0,50,0,0,28,3,6,225,0,31,1,0,39,23,21,14,19,0,472,0,0,3,21,77,0,39,0,40,2,8,108,73,72,21,152,13,36,19,78,52,1,64,0,0,14,97,13,11,4,35,129,26,24,35,20,0,6,51,12,0,281,53,79,1,2,42,120,149,30,10,20,8,27,18,0,91,1819,19,68,17,9,99,170,17,24,549,116,4,4,69,0,155,1,2793,10,3,28,2,13,31,4,31,0,19,128,15,49,99,13,6,0,465,2,11,14,17,1,4,35,113,0,49,4122,1,27,1,14,64,28,9,63,64,11,55,117,22,34,600,57,86,77,0,13,27,56,2,32,55,9,16,4,17,5,7,12,6,1,44,1,144,27,10,0,19,20,74,27,18,44,22,687,17,97,43,38,44,3,0,21,135,3,22,0,0,78,0,5,39,16,4,2,0,5,163,12,3,0,2,41,15,5,15,15,109,50,7,39,35,19,156,40,3,2,8,25,13,41,0,156,1,174,35,67,68,32,1570,9,2,0,26,11,122,99,7,69,0,56,22,16,8,1065,1,355,127,0,45,101,924,0,27,161,89,313,11,46,27,58,87,1184,14,0,0,83,92,22,211,42,34,5,5,18,14,80,73,3,41,4,2,0,110,21,143,68,133,42,256,30,834,1,13,44,33,5,129,16,1,82,95,97
cell_431,12,1,4,109,2,0,39,41,103,262,47,20,159,12,2,12,95,7,7,0,76,242,7,18,68,25,0,13,16,34,16,46,40,16,12,294,0,22,226,19,46,235,26,35,5,374,1,3,13,740,1,37,56,55,45,29,10,11,8,0,1,137,72,0,22,0,86,28,3,43,1,13,29,75,0,15,27,21,30,89,14,6,7,68,94,77,6,0,0,40,1,9,5,0,11,23,133,2,33,75,13,1,0,12,155,16,173,19,288,4,9,191,6,4,144,4,0,31,32,115,64,5,34,15,0,33,331,68,2,0,0,37,127,39,8,36,0,3,2,0,160,25,25,0,37,28,170,10,3,0,6,14,4,8124,17,1416,12,0,167,48,8,87,1,21,36,390,8,19,24,167,29,3,43,12,0,8,5,18,10,69,22,1,503,25,23,42,9,57,92,0,0,11,0,0,199,2,302,8,11,6586,2,0,47,0,0,18,2,21,183,0,85,0,0,17,14,72,23,21,0,411,0,2,1,46,62,0,45,0,3,2,12,120,84,103,20,112,7,2,4,7,57,3,15,0,0,21,37,32,16,0,5,0,18,0,26,1,0,1,25,7,49,381,0,16,0,11,37,101,132,30,3,12,13,3,16,25,149,1995,7,20,36,32,105,161,21,14,353,108,10,1,82,2,170,2,2580,0,1,9,3,15,18,2,14,6,9,132,16,128,81,17,9,0,418,0,24,0,7,0,11,11,179,4,86,4421,5,24,8,9,87,15,5,16,67,6,37,33,22,0,192,76,84,96,1,53,17,22,16,66,36,0,3,16,11,15,12,0,27,0,69,0,155,32,5,0,0,27,77,0,2,63,31,522,2,76,65,57,3,45,0,71,95,3,26,0,0,63,4,3,67,27,0,12,7,92,121,10,0,0,14,65,1,49,30,23,8,48,2,27,40,21,112,27,2,26,0,26,103,39,0,10,0,114,63,119,5,15,1665,23,1,0,31,26,175,99,34,26,2,24,34,4,20,444,2,428,126,0,2,110,948,0,12,122,120,121,0,71,119,30,67,638,12,8,22,9,107,51,28,44,42,22,2,4,8,57,80,4,75,10,9,1,26,19,124,87,108,41,288,63,785,0,4,43,38,5,58,31,1,145,27,106
cell_432,5,0,23,107,14,5,92,31,37,207,32,81,162,9,3,21,66,2,1,2,69,57,9,6,91,4,0,21,19,11,43,67,8,2,12,385,9,27,192,6,11,168,24,31,0,140,0,36,3,405,8,55,51,26,31,56,5,0,20,3,1,43,19,2,24,0,55,23,0,50,49,19,27,30,0,31,77,1,22,34,9,15,11,76,55,52,6,2,0,13,0,0,0,13,9,28,101,2,44,1,9,2,2,15,229,17,104,2,398,0,8,143,9,0,81,1,17,34,15,62,68,38,59,39,0,17,436,170,16,4,9,4,124,42,0,28,0,2,3,2,194,17,6,0,11,12,179,3,14,0,5,0,0,2382,43,1406,30,15,153,45,17,47,0,2,45,116,5,84,18,291,37,0,6,45,9,19,2,18,6,61,34,24,386,50,8,51,8,57,89,68,1,6,0,27,117,35,107,25,27,6940,0,48,28,1,0,19,5,33,219,0,78,0,0,10,23,66,5,24,6,419,11,0,4,46,74,1,69,2,20,2,40,116,53,27,21,30,21,39,1,14,77,1,2,0,0,34,32,95,58,1,53,15,9,2,11,1,0,0,21,21,13,355,0,16,0,17,66,91,147,5,9,35,9,0,17,4,93,1949,1,153,33,3,134,139,18,2,578,131,1,2,50,6,176,1,2323,3,2,13,1,13,9,5,49,17,2,72,24,138,51,15,7,0,422,0,7,0,3,0,10,30,66,1,26,4347,62,2,11,13,113,31,11,33,43,29,41,31,40,86,558,53,144,26,39,47,18,6,4,30,91,0,8,6,68,47,9,1,232,3,24,20,140,89,14,0,15,5,72,12,11,94,23,453,6,88,8,55,31,17,0,14,74,4,20,0,0,76,8,0,26,0,5,1,20,113,53,10,0,0,7,60,16,21,30,27,26,18,4,38,23,9,124,41,0,2,0,12,45,19,7,14,0,79,63,80,39,21,1320,5,0,1,9,11,130,95,8,17,3,16,5,23,2,414,0,74,77,0,87,94,1157,0,4,113,90,491,3,3,214,29,40,2276,8,4,0,45,91,7,180,37,41,8,3,11,52,42,34,1,40,26,8,0,83,2,62,29,92,41,278,57,763,3,12,28,44,4,8,12,20,94,68,111
cell_433,43,1,18,103,32,0,94,73,24,194,53,145,169,38,14,23,72,5,0,1,81,278,29,4,23,4,0,110,28,29,50,8,145,71,8,125,234,14,128,18,204,68,45,30,13,127,0,48,0,376,29,25,61,10,20,10,1,4,6,6,0,205,44,30,22,0,90,80,12,46,4,18,52,51,0,13,40,9,34,9,14,0,1,70,318,31,54,0,0,57,18,2,46,0,24,32,68,5,82,74,57,0,1,49,216,5,139,14,302,6,14,207,16,4,78,16,32,46,36,83,31,117,34,25,2,26,278,11,9,0,0,0,124,29,27,6,1,0,20,0,158,14,46,40,2,13,174,1,36,9,1,15,1,5891,39,1301,2,3,39,56,15,10,15,60,0,274,1,132,21,244,47,0,17,51,31,0,0,25,16,50,30,38,436,5,17,41,20,65,64,4,0,4,0,4,228,46,86,2,7,6651,20,0,43,0,0,2,1,9,125,0,6,1,2,60,4,47,0,17,8,420,1,0,1,2,37,5,53,0,98,0,54,167,76,129,6,39,22,18,23,77,144,8,28,1,0,3,77,19,51,13,27,9,2,14,4,63,1,13,46,20,36,320,6,93,0,6,9,83,165,27,7,73,4,23,7,0,135,1868,17,57,4,0,128,160,0,5,390,109,4,7,69,2,168,0,2551,1,15,3,2,6,14,1,15,0,16,90,9,171,26,25,48,0,474,9,6,14,14,5,8,68,0,4,88,4386,55,26,9,0,90,68,19,43,17,8,46,12,45,9,333,27,52,0,25,42,31,0,0,86,52,12,14,51,28,30,14,16,82,28,10,0,72,48,10,3,36,7,77,10,1,66,41,524,12,81,49,4,21,35,0,69,92,3,24,2,4,64,0,17,98,3,10,0,38,62,149,42,3,1,9,78,1,82,26,8,0,79,16,48,0,14,34,83,0,0,1,11,23,54,18,75,0,137,27,72,26,31,1250,5,0,0,30,6,56,75,17,1,2,15,25,131,10,0,0,45,88,0,72,130,1032,16,23,119,40,412,6,50,2,69,53,3112,11,6,78,95,56,71,193,20,27,18,0,24,1,29,99,15,64,6,4,0,85,21,125,28,144,33,310,12,848,1,17,16,51,1,73,28,3,99,4,97
cell_434,8,1,15,107,26,6,96,16,62,11,24,34,193,19,22,1,79,1,4,6,96,134,4,8,65,3,0,131,20,30,30,21,50,66,19,391,8,23,223,20,87,216,61,35,0,318,5,8,67,370,0,20,50,4,9,16,12,0,16,3,0,124,22,3,9,2,43,57,0,41,33,20,39,43,1,29,142,1,24,4,4,0,11,89,93,48,7,0,0,35,18,2,16,18,12,17,95,4,83,78,17,8,0,6,67,28,130,18,324,20,4,201,6,3,93,44,2,36,40,113,90,87,67,17,0,35,17,83,14,2,3,7,123,34,7,18,0,1,9,0,167,22,19,1,23,19,186,0,0,0,1,6,6,2649,17,1393,10,0,126,45,12,77,0,28,11,82,10,89,25,243,16,1,23,44,24,2,1,22,10,79,17,19,464,16,22,34,5,67,79,0,8,0,0,9,249,11,3,6,21,6308,1,0,44,0,0,11,4,47,21,0,87,0,0,22,21,105,9,12,1,440,1,1,6,35,49,4,56,0,122,3,40,108,8,68,24,106,8,24,0,6,63,2,6,0,0,21,49,41,7,3,14,61,21,2,15,2,0,3,98,12,60,180,10,82,2,16,58,71,134,28,5,32,22,10,6,13,116,2287,58,15,9,10,109,147,9,14,459,133,0,10,86,1,143,0,2448,11,2,0,5,14,3,0,31,5,9,69,13,155,95,5,10,1,504,4,9,20,27,0,4,20,65,4,65,4621,73,70,0,14,27,44,19,35,65,13,38,34,16,9,588,66,115,58,0,13,24,0,0,59,97,27,10,0,7,0,13,0,263,0,67,4,168,105,13,0,12,21,95,16,13,67,71,528,5,101,16,12,38,19,0,10,87,13,24,4,0,96,11,151,62,6,1,62,2,26,133,0,1,0,5,61,2,45,34,14,42,81,8,48,8,13,96,45,0,0,4,15,55,8,2,57,0,102,28,67,30,34,1345,56,3,1,13,25,92,76,0,1,0,33,15,93,46,32,16,58,129,5,124,140,952,0,34,135,78,483,8,78,339,24,65,738,21,0,0,72,78,18,217,27,55,12,8,8,13,22,59,9,10,11,2,0,38,0,100,48,107,38,203,20,797,3,2,21,41,1,105,5,0,223,20,69
cell_435,37,0,22,83,24,0,76,64,27,327,33,122,160,11,52,16,96,15,0,0,63,197,6,21,22,4,0,42,22,11,49,9,57,20,2,198,64,17,213,15,60,70,14,36,2,226,1,15,5,370,2,14,47,16,95,105,6,7,30,12,1,165,1,5,36,38,92,15,11,47,3,5,18,6,1,43,17,5,23,73,23,0,4,0,298,19,5,2,0,64,10,6,18,0,2,33,83,0,44,74,31,0,3,9,255,19,65,13,281,1,20,155,9,4,159,35,1,35,22,150,76,169,35,29,5,21,23,59,3,7,3,26,111,2,7,21,0,3,4,0,128,29,1,13,19,30,174,0,0,0,3,14,0,525,8,1254,13,0,131,45,39,52,1,18,14,260,8,72,21,149,51,8,10,39,13,8,8,15,5,82,0,52,416,39,28,32,15,45,48,30,1,13,0,0,255,16,82,95,23,6288,9,0,45,0,0,6,13,16,93,15,0,1,0,49,33,33,23,24,0,435,0,1,2,51,54,2,64,2,22,1,31,146,112,33,11,114,22,62,11,20,59,6,36,0,0,33,88,58,25,0,44,22,0,0,11,82,0,4,69,31,35,333,21,21,0,21,11,57,110,16,7,21,5,13,24,15,126,1891,10,51,18,0,83,136,3,7,535,100,3,11,61,0,188,15,2444,38,9,54,4,11,0,0,83,3,13,43,18,157,123,30,12,1,481,0,3,7,17,8,2,282,49,4,14,4422,61,106,6,5,37,11,35,38,79,15,15,154,4,0,325,68,123,17,9,18,21,374,4,59,129,36,6,3,34,132,12,70,155,43,90,13,71,114,15,3,29,33,78,11,18,46,46,500,28,72,58,51,23,28,7,53,38,0,25,2,10,123,3,2,57,3,18,9,43,11,151,8,7,0,2,46,11,30,14,22,18,22,2,50,0,9,151,24,5,0,16,24,60,22,11,256,0,134,23,87,58,58,1229,8,0,2,11,22,38,101,5,3,12,21,9,69,16,227,0,46,75,0,259,57,325,0,4,120,59,419,7,15,57,23,32,1798,18,2,34,7,34,2,187,28,20,7,1,30,31,71,43,2,160,3,1,0,22,7,102,68,100,31,333,52,1037,1,22,59,28,1,12,47,0,162,104,133
cell_436,15,1,1,84,25,5,94,50,19,771,42,42,185,19,32,4,74,0,14,10,65,320,16,0,40,5,0,96,28,10,41,96,6,23,11,352,135,21,283,22,156,244,23,42,2,424,1,0,28,569,7,30,59,14,59,17,6,18,8,6,0,23,20,2,26,17,61,31,0,43,53,9,18,32,1,21,4,0,4,62,4,0,7,74,286,40,22,0,0,16,22,8,9,35,5,22,20,1,102,109,39,1,0,20,167,34,119,3,397,7,24,183,3,2,52,4,39,33,23,148,57,23,39,55,0,25,316,25,16,10,0,0,138,28,4,1,0,1,9,0,139,20,12,4,28,18,166,2,18,1,0,7,3,4515,75,1377,1,0,167,18,20,53,8,20,32,49,5,56,26,193,13,6,25,24,14,10,3,16,9,70,45,4,430,58,28,3,19,53,0,25,3,9,0,0,259,8,185,5,10,6539,1,0,24,0,0,2,8,21,183,0,38,0,0,21,51,90,5,31,0,424,0,1,4,58,28,5,26,0,46,3,79,129,57,27,33,83,22,24,0,10,19,1,12,0,1,0,61,284,32,2,7,50,8,0,29,13,0,0,20,21,36,336,12,24,0,19,33,140,158,1,21,7,21,8,15,6,150,1836,22,96,11,32,105,161,52,12,484,118,1,0,72,35,185,3,2424,16,14,35,11,1,37,2,125,0,10,86,27,15,106,7,28,0,491,0,19,0,10,14,11,324,13,6,48,4329,3,13,5,30,42,32,39,89,42,9,33,132,0,9,108,18,134,34,0,20,31,3,2,92,120,0,10,4,35,1,25,0,145,2,50,7,104,124,5,0,27,2,78,9,9,29,35,562,6,25,69,49,22,38,0,0,60,12,20,2,2,72,7,0,71,10,14,1,71,111,122,1,2,0,7,57,8,34,77,19,0,12,5,20,2,18,15,61,0,4,11,8,63,41,0,99,4,178,21,49,23,38,1272,25,0,16,19,1,122,116,6,34,13,17,14,37,70,249,3,371,142,0,80,102,1140,0,8,116,107,237,1,57,101,81,91,2591,3,0,0,58,102,143,159,37,34,11,9,21,26,72,29,8,149,5,8,0,58,37,40,63,96,58,206,8,904,0,6,34,37,0,37,46,20,180,11,56
cell_437,18,6,35,91,27,10,95,26,83,260,48,11,175,14,55,17,67,22,0,4,76,115,2,6,25,22,0,102,18,10,45,17,49,15,3,328,107,26,200,12,95,133,3,28,1,393,7,24,5,561,0,5,60,20,59,42,1,5,9,7,0,85,67,15,24,5,85,90,0,46,4,0,46,6,0,39,117,1,29,40,12,0,14,80,29,64,55,0,0,45,0,5,27,6,0,3,106,6,29,87,30,2,7,11,234,31,151,2,401,2,20,211,27,4,164,27,42,29,18,116,103,16,46,37,0,31,189,9,9,0,14,2,134,31,14,35,0,7,5,0,185,13,10,0,3,2,188,3,2,2,4,20,1,2102,63,1367,11,0,145,55,14,35,0,74,61,394,7,57,17,156,31,0,26,0,16,7,0,22,8,77,12,32,435,61,22,43,9,65,46,0,0,5,0,0,171,39,125,0,2,5875,16,2,35,0,1,12,12,40,169,0,67,1,0,28,23,21,36,7,0,452,1,3,5,2,24,0,57,9,20,2,41,131,63,70,4,117,22,31,0,19,17,0,20,0,0,6,72,119,20,1,15,4,2,0,39,7,0,3,70,25,22,323,20,10,4,6,9,155,157,33,4,0,18,3,16,7,109,2155,46,52,13,0,146,145,2,13,460,97,0,3,40,0,153,0,2493,26,41,50,3,16,14,4,120,0,13,87,16,145,85,20,13,11,481,1,21,9,7,0,2,8,69,4,36,4375,48,19,6,32,10,49,15,52,45,17,26,80,7,42,486,53,143,18,10,45,8,76,2,45,111,0,4,0,15,32,18,5,73,5,57,1,97,42,54,0,6,10,80,22,9,56,39,534,31,84,24,38,23,69,2,0,60,6,20,0,0,14,16,0,4,26,22,6,0,1,137,24,0,0,17,62,25,3,58,21,0,94,4,47,29,22,53,25,22,5,0,5,139,3,3,65,0,137,69,126,30,34,1387,18,6,0,15,22,46,96,2,35,1,15,14,35,40,135,9,99,48,0,111,137,993,0,8,50,10,484,0,46,2,30,57,2605,3,0,0,37,107,78,89,35,45,4,8,13,6,59,47,7,108,0,1,0,95,0,118,108,37,44,230,23,844,0,5,68,36,3,40,37,9,93,26,15
cell_438,13,0,11,77,28,2,85,16,62,382,40,97,167,26,38,11,83,1,3,5,84,94,18,14,79,2,0,15,30,19,38,57,86,98,3,389,126,19,179,17,108,145,19,31,3,391,1,16,8,570,0,13,45,30,74,123,0,0,5,1,1,44,62,1,9,37,88,87,0,34,31,6,15,23,2,20,76,8,16,56,6,0,9,28,281,29,4,0,0,50,3,6,26,7,2,24,99,10,83,48,35,2,4,18,154,18,102,9,430,1,19,116,2,7,178,0,36,41,25,62,48,14,37,43,10,29,168,228,0,0,1,0,128,26,6,3,0,1,35,2,154,17,17,0,44,33,145,2,17,7,6,1,0,3397,20,1458,32,7,158,57,29,61,0,1,13,117,18,79,24,271,82,5,5,8,31,8,0,20,15,56,19,92,445,46,18,17,3,84,0,1,1,9,0,0,214,25,156,1,19,6152,2,0,56,0,0,12,1,10,206,0,44,0,1,30,28,0,2,40,0,419,0,0,0,42,36,6,39,1,47,1,65,83,57,55,32,204,19,18,0,45,88,0,24,0,0,31,89,84,55,4,10,150,15,0,4,84,0,3,35,13,26,83,21,13,1,14,69,146,126,32,23,20,25,3,19,25,137,2037,8,54,27,3,67,172,32,2,372,76,6,8,22,23,152,0,2627,11,0,46,7,13,2,1,93,0,4,100,9,23,82,4,41,0,506,0,11,2,0,12,31,237,124,2,18,4360,45,60,5,23,91,38,27,47,31,11,13,56,15,74,403,59,129,29,2,27,21,190,6,74,117,16,12,9,13,77,15,8,74,5,58,9,153,39,11,0,25,10,48,11,19,52,21,542,6,93,73,33,11,18,0,77,112,9,30,3,0,137,1,34,128,10,0,0,0,12,133,11,2,0,10,105,1,9,87,16,34,32,7,40,4,27,81,32,18,0,1,34,23,11,5,97,0,133,70,78,79,40,1582,30,30,27,33,13,121,113,44,70,1,33,19,17,0,234,4,182,123,3,256,121,1130,0,8,131,110,171,2,69,126,113,88,1405,7,0,24,44,89,1,224,27,30,22,1,34,15,87,28,2,137,0,1,2,137,5,101,44,150,48,282,25,983,0,2,28,49,4,85,13,11,170,36,59
cell_439,30,5,0,76,16,0,36,6,41,784,37,180,161,11,18,1,79,4,12,19,100,120,12,36,65,4,2,68,21,3,35,109,6,49,13,355,28,13,206,17,174,81,8,30,17,404,1,7,0,454,16,27,45,1,26,71,0,3,7,5,1,144,40,1,20,0,96,1,3,68,17,14,20,9,1,27,42,15,45,47,24,3,8,63,257,46,7,0,0,19,0,0,21,2,9,21,59,0,41,13,16,7,9,13,155,15,180,18,421,6,55,173,16,3,132,0,0,55,14,125,45,45,45,32,0,29,262,196,17,8,5,18,130,19,5,5,3,5,6,1,87,14,15,9,50,14,194,4,16,8,0,1,1,3601,49,1352,11,0,55,46,17,26,0,30,9,418,4,98,19,115,6,14,8,8,53,3,0,18,31,61,11,85,464,54,21,32,30,64,38,6,1,24,0,19,228,46,36,0,12,6073,1,1,58,0,0,3,2,6,116,0,43,0,0,14,30,58,6,36,6,465,3,1,7,38,75,3,63,1,20,1,17,101,101,104,7,182,20,39,23,30,88,0,20,2,0,0,66,68,10,3,1,90,5,0,0,86,0,2,17,17,76,293,1,14,0,16,71,142,125,18,13,24,8,10,4,0,106,1972,25,49,22,2,100,159,3,9,452,128,17,8,79,0,126,0,2687,4,11,49,2,2,18,0,21,5,21,45,12,122,83,22,55,0,477,0,13,4,7,0,2,129,0,2,43,4084,44,68,5,30,7,38,33,19,113,7,25,25,2,58,287,65,84,1,0,17,26,16,0,81,81,0,12,1,13,7,30,20,217,3,37,2,61,106,17,0,0,20,87,11,16,12,35,739,0,71,17,45,46,8,2,49,102,1,23,3,13,117,0,8,85,8,3,1,1,123,112,25,0,0,9,45,2,14,58,0,1,120,4,41,10,16,66,26,1,0,4,33,133,35,2,146,0,131,44,116,45,41,1534,22,0,4,34,17,22,92,27,78,2,17,6,91,21,71,8,116,127,0,91,129,1067,0,14,112,91,194,5,57,7,110,70,880,12,0,2,73,37,5,235,41,26,13,19,14,4,76,73,1,123,0,3,3,118,19,58,4,119,44,268,35,949,2,6,13,64,4,70,14,0,210,87,92
cell_440,48,0,4,87,19,0,91,2,39,574,56,57,184,5,5,14,56,11,0,10,81,318,11,31,17,1,0,149,26,23,40,20,66,18,6,309,0,19,186,1,57,77,21,36,0,368,0,21,0,658,2,57,31,19,84,96,0,4,9,1,17,97,1,25,30,14,27,30,0,45,43,11,127,2,3,21,58,0,15,2,4,5,12,87,317,27,15,1,0,18,0,4,7,37,20,30,54,4,119,67,13,0,2,9,240,27,132,19,156,1,9,214,5,4,162,17,33,47,2,180,97,62,43,43,0,25,157,129,0,4,11,0,128,3,14,13,0,2,11,1,182,28,30,36,0,15,177,4,3,1,5,28,0,3503,23,1477,12,8,137,43,27,70,0,23,4,86,0,41,21,267,7,7,2,0,6,19,10,27,4,80,7,13,475,75,22,3,16,74,96,88,1,13,46,0,287,25,61,141,17,7104,8,0,58,1,0,2,23,17,189,1,77,9,0,61,25,47,30,33,0,443,11,0,3,17,82,1,58,2,28,6,94,80,45,63,23,117,10,9,0,14,15,16,11,0,1,45,64,108,59,6,56,0,2,14,4,16,0,8,95,22,48,382,46,9,0,5,0,81,161,33,12,13,1,31,10,15,155,1860,2,3,27,0,119,148,4,13,249,104,11,2,72,21,162,17,2491,7,2,14,16,4,0,1,45,11,3,106,14,79,86,57,29,3,465,1,17,9,8,0,22,259,35,9,20,4416,32,109,13,12,66,27,19,16,52,4,3,103,0,0,8,28,90,2,6,47,27,33,7,61,71,3,7,3,58,231,14,11,29,21,1,2,35,122,19,0,5,2,74,5,3,25,61,457,15,98,36,28,4,28,5,0,114,3,23,1,2,151,10,0,38,8,0,12,77,8,85,14,1,0,5,120,0,0,21,29,0,24,4,40,21,26,7,3,6,26,1,27,68,37,3,212,0,134,15,51,37,17,1455,3,0,12,30,15,49,64,10,7,14,4,4,24,53,969,12,207,75,0,118,107,346,40,17,117,19,388,3,39,319,46,27,1338,10,10,39,54,87,16,43,32,59,16,5,18,10,29,12,15,107,7,3,1,16,27,116,14,125,45,235,1,912,2,12,105,46,3,36,17,0,2,86,125
cell_441,22,0,18,105,29,0,102,41,31,653,60,12,213,3,3,0,83,9,15,13,94,109,23,0,18,17,0,47,27,12,44,11,59,0,6,323,78,23,246,9,39,242,2,27,0,291,0,16,61,565,2,22,57,8,28,12,19,7,11,0,0,37,12,9,38,0,42,81,3,58,12,17,71,4,0,6,16,0,25,50,23,23,13,113,306,49,22,2,0,35,1,22,54,3,1,29,107,0,35,0,40,4,0,25,110,33,182,14,351,1,53,191,6,6,54,5,33,31,26,122,87,54,23,3,0,24,54,208,0,4,6,4,144,29,9,37,0,2,8,1,172,22,20,0,3,6,150,4,3,10,0,3,0,1145,32,1416,7,0,154,54,21,29,0,44,16,276,3,59,23,226,9,0,24,4,5,2,4,26,11,79,0,16,463,65,17,9,5,64,23,0,1,9,0,0,241,13,18,0,3,6630,1,0,55,0,0,1,5,40,204,0,77,0,0,34,31,45,13,38,0,446,3,0,3,11,67,1,22,2,14,3,79,109,54,18,11,114,23,5,0,47,10,0,2,0,0,38,72,34,49,11,47,0,21,0,20,25,5,5,87,10,44,362,40,1,2,7,11,145,156,33,13,9,2,4,16,9,126,1834,7,26,42,20,123,146,5,17,487,120,10,3,81,0,153,0,2488,11,2,65,7,12,17,3,85,0,20,127,15,122,115,11,25,1,489,3,11,22,4,0,7,12,102,7,68,4388,35,3,15,33,33,37,28,67,86,5,55,83,0,32,481,64,127,25,35,44,26,0,5,78,97,0,5,0,46,41,10,7,72,21,52,0,77,13,1,0,16,5,73,15,24,28,20,530,3,31,33,54,5,25,0,24,125,1,30,3,2,77,5,0,17,24,19,0,0,9,147,5,0,1,0,113,20,22,66,4,0,117,6,27,1,12,52,34,14,8,4,19,94,47,1,130,0,123,41,108,24,32,1522,5,0,1,24,12,106,93,12,44,5,27,27,21,61,1273,9,43,66,0,94,140,902,0,30,98,19,389,0,7,3,20,72,1285,14,40,0,73,106,7,233,50,65,10,0,0,22,25,49,14,50,0,20,0,11,1,108,31,107,31,301,15,934,6,6,23,48,9,21,51,13,145,133,122
cell_442,30,5,9,19,28,0,87,34,29,581,48,143,147,10,68,11,79,5,7,1,77,40,5,27,46,2,0,173,21,13,45,21,114,61,7,254,468,2,216,10,66,169,43,42,3,345,1,41,99,627,4,26,58,31,22,101,0,15,0,4,1,74,0,8,30,9,21,27,2,40,9,14,6,39,3,21,3,0,34,66,19,0,11,50,166,33,8,0,0,23,4,4,23,28,5,14,83,8,34,84,37,7,3,32,147,23,20,10,372,57,21,292,8,5,54,9,31,40,24,69,64,20,83,39,16,28,138,161,36,15,8,1,126,28,26,11,0,6,17,0,163,2,15,0,10,13,198,2,4,1,0,4,1,2183,64,1433,8,0,143,52,25,23,0,21,0,387,1,104,21,279,0,6,4,9,33,7,0,14,10,79,0,38,447,51,29,7,11,50,92,16,0,10,0,4,257,17,36,1,12,5948,6,0,73,0,0,3,2,23,206,1,39,4,0,13,69,86,16,8,0,480,3,2,7,68,76,3,70,0,39,7,7,119,83,67,20,84,28,2,2,9,42,1,27,0,0,34,29,40,40,6,8,32,19,0,45,42,0,14,32,23,10,364,47,6,0,7,2,99,144,8,6,6,6,11,16,10,134,1876,23,78,6,0,63,132,22,8,517,119,0,0,81,2,179,7,2431,22,6,44,10,7,12,2,116,13,13,84,12,141,89,6,31,15,510,0,8,1,13,22,21,48,74,2,5,4473,21,43,21,14,47,26,31,16,77,7,5,100,3,0,188,72,108,4,2,41,29,24,0,78,105,1,4,0,23,45,29,6,134,13,102,0,154,31,26,1,48,16,67,18,14,59,46,437,1,77,33,42,49,59,0,72,120,6,18,1,0,75,1,2,69,6,73,29,120,11,149,1,2,1,3,44,16,21,27,13,21,30,3,34,20,21,100,135,2,2,8,30,29,31,7,97,0,44,36,82,57,29,1753,18,0,9,15,9,58,121,9,15,5,30,25,7,28,1596,14,445,56,0,160,123,303,0,12,99,112,362,0,7,79,42,56,1420,16,4,10,167,8,3,186,6,74,0,0,0,16,73,49,9,41,6,2,3,100,18,67,52,71,54,174,31,1017,1,4,67,44,4,41,8,4,75,90,22
cell_443,10,1,18,90,7,12,103,7,34,381,33,32,162,24,12,17,74,9,11,7,77,104,7,20,42,7,1,180,31,10,38,21,36,100,17,373,79,22,174,13,80,124,14,43,1,387,1,8,33,186,0,18,52,35,59,31,1,2,13,2,5,109,16,0,21,29,45,11,4,44,26,4,29,21,0,7,6,16,44,70,7,0,5,91,245,24,20,1,0,33,7,4,23,0,4,10,88,7,102,35,42,4,1,4,134,16,112,24,399,6,19,271,8,10,108,43,0,35,15,146,22,30,40,43,0,25,215,236,4,8,3,15,132,28,13,8,0,2,5,0,179,8,4,0,56,0,169,1,9,3,0,4,5,5842,82,1365,3,0,88,52,18,50,0,35,43,145,3,66,12,163,0,3,8,84,10,9,1,16,6,44,26,33,431,63,22,30,24,54,18,18,3,0,0,5,190,24,65,3,17,6352,1,0,48,0,0,0,9,34,69,0,81,0,0,61,28,114,17,32,0,397,8,0,7,34,63,14,42,0,37,10,35,137,93,54,18,169,8,40,0,20,61,0,3,0,0,38,74,58,15,1,3,75,3,0,28,0,0,20,18,10,70,410,36,56,0,3,0,120,106,15,11,6,32,5,5,6,114,1968,3,45,9,58,128,137,12,31,511,118,7,6,77,1,155,2,2320,14,59,49,4,10,20,1,160,9,12,71,16,112,98,28,20,0,480,6,16,5,1,16,18,21,0,21,23,4396,59,66,17,2,6,26,30,89,59,14,20,148,38,13,428,51,103,5,3,22,20,322,3,75,105,0,23,10,10,13,11,0,75,19,71,9,36,10,15,0,41,25,77,5,3,3,35,563,26,47,19,40,22,26,2,79,131,2,20,10,0,52,15,6,35,3,18,22,7,14,151,4,5,0,9,30,2,23,10,26,0,123,3,48,0,11,60,50,0,0,1,42,100,55,1,12,0,121,24,33,6,28,1517,37,3,0,26,19,26,46,14,1,0,47,10,5,49,251,11,141,120,0,178,113,1143,0,11,124,91,479,7,23,1,75,102,871,7,8,0,28,103,9,215,29,52,15,0,12,13,38,60,2,170,23,1,0,56,2,101,198,113,31,289,24,835,0,16,49,46,1,61,44,1,89,0,76
cell_444,26,0,14,82,27,1,108,11,75,366,42,63,158,18,4,5,73,1,2,5,89,288,19,0,37,4,0,87,22,32,52,5,34,43,22,84,128,13,240,4,149,163,57,32,10,254,0,36,0,405,25,17,59,8,22,39,8,4,4,6,1,195,26,25,21,0,105,52,0,30,62,14,18,91,2,33,16,0,27,43,19,5,6,81,178,51,24,0,0,66,0,2,23,0,5,23,139,3,55,82,9,3,0,18,222,10,164,0,208,6,11,249,9,9,56,21,29,45,21,104,121,115,14,43,0,33,40,220,0,0,3,5,122,11,6,16,0,0,14,1,150,24,41,1,9,4,158,8,1,0,4,5,0,2087,43,1429,59,0,53,36,16,31,0,15,4,203,0,42,27,60,34,2,47,10,25,8,5,27,16,80,6,29,445,68,30,25,13,63,104,71,4,3,0,0,227,25,143,36,21,5914,11,0,46,0,0,19,8,27,175,0,76,3,4,25,13,61,5,13,12,393,9,1,1,7,87,2,40,0,29,3,32,129,165,29,19,166,24,10,16,18,54,2,69,0,0,46,72,205,79,4,11,139,10,0,0,30,0,6,75,29,64,322,0,18,2,8,74,90,162,32,2,30,12,7,15,6,136,2412,7,53,3,0,119,129,5,8,392,118,15,10,63,4,147,0,2621,4,17,43,6,12,6,0,79,4,4,67,13,166,58,20,39,1,464,2,8,0,15,6,3,58,17,4,15,4608,54,59,7,16,34,40,31,67,46,6,44,58,38,3,356,48,140,16,22,43,28,1,5,81,100,4,4,4,23,145,6,4,204,5,9,0,175,12,11,0,10,15,71,14,8,58,20,481,26,88,56,23,11,26,1,42,108,2,19,3,1,54,1,391,135,9,19,0,14,113,119,9,3,2,3,88,3,11,57,21,0,25,4,44,10,14,124,25,0,0,2,36,83,23,7,69,0,116,49,59,24,29,1246,22,5,0,16,0,26,107,6,51,3,14,19,26,7,608,9,44,78,0,100,170,854,10,13,122,88,431,1,58,13,31,52,2044,7,57,36,65,112,10,222,36,33,14,2,1,11,46,44,16,178,0,0,5,49,12,96,23,121,41,288,11,941,2,24,37,57,5,7,45,3,136,168,94
cell_445,24,0,4,99,39,0,70,43,30,526,47,166,185,19,36,13,101,8,24,8,51,156,8,0,19,4,0,154,28,18,39,66,45,82,10,341,116,11,203,19,205,253,101,40,2,344,0,9,19,552,11,6,62,16,15,67,0,0,22,4,3,85,22,0,27,19,84,87,0,49,56,13,31,34,0,46,11,0,27,41,10,0,11,60,248,51,9,0,0,30,2,5,42,0,4,28,12,6,65,32,42,9,0,33,226,6,174,22,422,0,47,215,4,5,145,20,29,37,19,121,78,15,65,9,0,25,220,0,14,0,2,0,119,21,10,0,1,3,19,2,121,21,48,0,10,15,177,4,4,0,2,6,0,4515,71,1321,10,0,91,33,25,19,0,39,0,534,1,46,25,188,0,5,38,2,60,1,1,19,12,96,14,66,472,61,26,15,19,52,16,0,0,3,0,0,245,1,75,0,24,5929,1,3,65,0,0,0,3,38,222,0,27,0,0,68,52,135,25,25,0,425,9,0,2,49,43,5,18,1,24,6,71,81,33,26,23,71,30,49,0,30,48,0,5,0,0,4,87,63,50,10,19,59,26,0,31,45,0,19,112,28,56,355,19,9,0,17,2,148,151,30,5,6,9,9,15,1,123,2229,12,7,3,0,107,138,12,4,471,113,11,2,57,0,179,0,2698,15,18,32,4,10,3,1,130,1,15,96,21,115,66,31,21,0,455,0,11,0,14,10,24,221,2,0,33,4418,60,60,4,33,59,52,30,71,59,12,22,23,0,114,435,57,106,12,0,31,24,0,0,56,117,24,14,0,30,28,23,1,76,3,25,0,87,110,31,0,45,0,81,21,21,40,30,598,6,103,36,33,18,32,0,69,92,2,19,2,6,89,4,0,41,4,24,0,11,82,135,5,8,0,13,46,8,18,41,19,0,99,4,46,28,11,19,20,34,6,6,1,29,25,14,202,0,180,21,103,55,34,1200,13,9,1,35,20,34,103,22,87,3,8,4,13,32,136,14,128,89,0,27,125,935,0,17,138,67,484,3,19,0,90,66,2100,25,0,19,76,44,33,155,35,23,10,0,11,6,54,76,13,128,10,1,0,129,11,117,88,156,38,296,4,796,1,11,86,50,0,70,43,15,229,67,83
cell_446,8,0,12,49,33,12,49,9,31,194,42,46,164,7,19,3,67,0,3,4,101,115,32,1,4,0,0,57,19,22,28,20,94,26,6,292,440,21,155,14,203,184,93,29,3,364,3,46,26,586,3,24,70,5,59,27,5,1,18,5,20,0,20,2,3,0,67,1,0,55,13,18,51,33,0,7,7,8,0,31,0,15,1,98,249,40,18,0,0,9,0,6,12,109,20,18,158,0,69,43,31,2,5,6,162,25,109,20,418,6,29,215,0,4,139,0,27,30,6,80,15,18,9,36,0,25,282,162,1,4,2,0,127,4,7,5,0,3,4,2,153,19,28,25,2,13,169,0,13,2,5,2,0,6954,39,1345,12,0,148,45,4,82,0,3,16,339,3,48,15,195,7,0,3,0,7,31,0,23,3,30,25,23,434,72,37,3,23,64,83,31,0,11,0,0,295,0,39,21,20,6791,7,16,14,1,1,19,14,35,219,0,82,4,6,11,4,87,5,28,0,444,37,0,2,64,65,3,26,0,61,11,39,137,180,58,27,118,9,32,0,21,47,1,1,1,0,32,26,175,55,27,22,47,29,0,55,20,26,7,20,14,23,371,22,22,0,36,30,155,144,32,17,6,5,22,12,10,129,1674,10,57,22,12,109,159,32,15,336,91,8,0,72,14,193,2,2523,7,1,3,16,10,9,3,84,13,1,86,11,29,77,12,32,0,503,4,14,0,1,58,17,61,80,2,69,4259,0,50,6,3,19,19,24,107,21,34,12,103,0,0,78,33,36,17,0,47,23,362,3,20,19,35,12,9,26,50,9,4,43,1,21,0,15,33,24,0,8,0,72,11,18,37,82,570,6,76,12,2,36,22,0,0,115,1,27,2,0,135,30,33,42,6,10,0,8,5,80,13,0,0,5,37,0,0,12,30,0,7,11,42,90,14,101,24,0,0,0,7,17,50,3,242,0,138,81,22,86,36,1153,48,1,26,20,21,46,68,13,28,2,12,2,0,71,65,6,289,114,0,117,26,931,0,5,110,85,496,0,34,122,62,66,554,4,0,0,54,83,71,178,22,12,3,4,45,6,128,32,3,115,11,12,8,168,50,37,7,117,57,230,30,980,6,20,31,52,7,64,47,34,106,158,91
cell_447,7,5,14,84,29,0,85,5,82,759,59,77,189,5,86,4,73,11,0,1,84,226,18,0,32,3,0,149,25,4,51,22,9,51,7,311,0,22,228,13,10,89,8,27,0,365,0,9,10,670,4,0,64,3,9,32,13,11,29,2,2,150,63,3,26,0,111,87,0,53,11,10,7,38,2,43,19,1,27,50,1,1,8,91,299,51,0,0,0,16,6,5,6,1,17,11,48,1,108,85,27,0,3,21,262,32,40,4,42,4,2,207,8,7,68,24,1,26,32,94,32,78,35,20,0,27,130,175,3,0,0,0,134,24,0,15,0,0,29,8,167,12,10,4,0,13,177,1,1,6,2,16,1,701,26,1377,1,12,100,22,17,43,0,36,24,260,3,61,29,270,31,2,12,57,11,4,2,21,3,60,2,25,342,51,22,24,5,65,0,58,5,19,0,0,226,2,123,137,12,6232,3,0,66,0,0,1,19,19,207,0,42,5,0,56,22,107,48,34,0,435,7,3,2,33,81,1,51,0,65,10,67,134,58,67,16,112,6,65,0,29,35,1,25,0,0,41,19,118,45,7,28,21,12,0,15,7,1,7,9,14,42,334,2,102,1,5,24,73,143,14,11,15,25,5,12,0,100,1972,20,52,14,0,120,153,20,10,406,100,5,3,23,0,157,0,2626,44,76,37,0,14,3,1,108,0,2,89,13,109,72,4,19,0,451,0,20,17,16,0,9,290,32,5,16,4553,14,52,12,5,32,25,8,72,63,2,17,2,33,11,526,13,92,9,6,24,23,347,5,40,113,11,9,3,40,16,3,8,36,1,19,5,71,94,38,0,29,28,55,9,13,39,24,515,3,73,49,25,27,11,0,19,66,1,15,1,2,19,1,6,27,0,9,57,101,33,151,5,0,0,45,49,1,17,23,18,0,10,1,28,30,17,111,22,0,2,15,27,145,1,5,64,0,138,36,80,6,17,820,14,0,0,30,30,78,102,11,9,5,29,4,74,48,0,10,184,99,0,36,93,1097,0,2,102,54,436,5,9,102,73,35,3553,16,1,2,111,87,38,184,43,85,18,8,19,9,29,92,7,105,3,1,0,95,18,137,50,106,45,53,34,922,4,14,55,43,8,51,10,5,38,50,81
cell_448,13,0,13,98,32,1,87,29,52,193,35,10,160,13,59,8,75,14,1,9,87,221,13,3,81,4,0,223,15,8,54,72,86,7,14,183,0,20,196,24,35,79,13,41,7,248,1,3,29,652,1,12,14,16,83,97,2,5,7,6,1,130,31,9,25,21,73,96,52,31,4,3,42,43,2,46,37,0,35,14,24,0,0,69,284,19,19,0,0,38,40,3,69,5,5,20,90,3,56,75,44,11,0,28,212,17,135,3,391,1,2,291,4,7,54,53,32,43,34,64,52,96,46,34,26,25,3,70,9,2,0,6,90,11,5,21,1,1,25,4,188,22,21,5,0,17,175,1,8,0,1,21,0,1121,8,1427,8,0,184,48,28,51,0,35,1,203,10,87,22,88,16,12,9,43,4,13,1,17,1,83,1,10,425,54,16,6,10,57,64,46,21,5,0,0,292,11,150,4,13,6265,1,0,48,0,0,3,7,30,109,0,26,17,0,41,52,110,32,35,0,460,14,0,0,22,79,2,63,1,9,8,70,131,64,103,24,33,2,13,0,53,70,7,40,0,0,25,37,194,57,4,33,0,1,3,62,32,0,0,97,24,25,363,63,12,0,3,0,79,135,25,20,16,10,4,18,6,116,1803,6,93,8,0,107,171,21,26,480,117,0,6,63,46,165,22,2383,7,0,41,2,17,7,1,26,1,11,45,20,116,99,10,11,0,443,0,27,4,45,2,19,20,59,13,12,4296,7,42,4,2,61,32,32,26,29,7,61,40,0,0,527,62,92,17,12,7,23,47,3,65,114,17,14,35,17,70,22,3,15,5,108,15,54,58,2,0,8,16,88,1,13,37,12,424,1,95,24,50,6,32,6,0,87,1,27,1,7,62,0,0,12,6,0,7,54,6,155,8,0,0,12,105,2,14,19,27,0,56,8,40,3,13,79,21,18,1,4,15,44,16,1,64,0,170,34,95,18,43,1272,0,0,0,19,14,15,60,21,10,6,17,27,14,11,1583,0,109,86,0,93,122,575,0,13,120,109,370,1,45,46,59,46,1316,22,19,15,41,70,17,120,35,34,3,0,104,15,18,54,8,116,4,4,0,8,0,125,61,89,38,269,4,840,7,4,120,37,2,55,5,12,55,84,105
cell_449,30,0,14,88,20,1,57,20,148,177,52,44,217,21,84,10,46,5,16,0,74,30,3,10,102,21,0,39,24,5,34,9,166,37,12,620,0,26,315,51,403,72,15,35,1,415,1,33,63,71,9,46,62,2,56,55,4,14,8,0,0,83,8,0,23,10,58,49,5,54,26,4,5,14,0,16,8,18,14,82,1,4,7,82,286,91,4,1,0,56,17,3,5,6,25,35,100,3,88,65,86,1,0,11,49,12,209,27,313,7,4,103,6,7,93,38,43,45,68,67,62,48,43,76,5,49,149,1,2,0,1,0,203,45,10,8,0,6,9,0,175,18,20,0,7,39,136,1,7,1,2,16,2,2632,18,1659,5,1,134,26,29,66,0,33,0,374,10,61,31,126,38,0,17,66,1,11,2,43,4,39,0,39,204,20,26,2,1,49,89,0,4,9,0,1,217,23,17,0,15,7166,4,0,70,5,0,5,3,14,245,0,60,0,0,36,67,72,3,4,0,398,5,0,5,75,60,5,61,0,31,2,101,92,14,14,10,87,6,18,3,17,85,1,6,0,4,27,36,56,97,6,33,13,49,0,39,112,0,4,43,39,30,215,17,19,0,21,6,51,86,34,3,19,14,18,9,0,165,1581,2,48,16,0,96,171,5,68,356,235,2,20,35,3,220,9,3319,9,0,192,25,10,10,1,25,0,6,37,13,88,88,17,6,2,731,0,28,20,8,1,3,13,103,2,44,4445,42,62,9,26,64,13,32,24,5,1,53,32,27,25,207,108,75,12,1,37,28,88,0,59,56,1,5,2,52,24,10,3,153,0,26,0,181,32,16,0,8,8,52,20,31,85,33,765,26,118,83,45,6,30,3,0,133,8,25,0,0,205,13,65,53,2,0,6,20,17,92,5,0,0,4,145,15,3,76,25,14,41,2,17,0,20,26,10,6,0,1,49,56,39,0,3,0,108,42,107,91,22,837,51,0,33,15,35,178,85,35,6,1,21,28,15,27,89,72,308,22,0,39,166,218,0,34,108,89,193,2,22,148,37,16,1037,15,4,0,19,80,97,152,35,33,16,0,2,3,60,36,9,280,20,4,2,37,31,77,14,57,48,296,12,1393,0,2,24,26,3,117,48,3,157,2,79
cell_450,5,1,12,57,15,1,12,19,243,57,20,49,153,18,130,0,44,24,2,2,83,38,2,0,49,0,0,8,22,13,50,12,77,20,12,604,245,21,182,19,201,43,11,33,16,185,0,21,50,245,14,12,134,12,128,7,0,6,8,10,2,125,76,0,3,0,105,36,6,51,43,27,34,34,1,37,35,11,21,40,61,0,12,16,184,2,3,0,0,58,21,3,36,0,26,41,102,19,1,86,19,6,3,16,188,3,135,25,467,10,6,170,0,7,65,0,42,62,20,30,129,37,118,83,0,28,220,257,29,0,1,0,69,73,1,4,0,3,11,1,58,51,9,55,42,11,320,4,9,3,6,1,5,5273,28,1124,57,0,81,23,2,38,0,10,21,104,26,48,36,42,0,17,12,18,25,1,0,15,20,131,10,26,304,31,28,65,26,77,79,0,1,5,0,0,133,1,322,22,5,4504,2,0,44,0,0,27,4,18,126,0,192,0,0,0,29,27,6,15,0,1068,2,7,3,32,99,4,37,0,57,1,25,148,296,237,24,100,43,15,0,16,165,4,48,0,0,0,67,72,24,5,0,497,21,0,13,54,0,12,10,0,3,244,1,52,0,4,37,354,85,16,25,34,12,2,6,7,400,1360,8,25,2,0,171,263,6,38,115,92,4,11,82,0,265,0,2507,1,0,24,0,8,16,0,49,0,10,71,13,78,127,4,40,2,454,0,21,0,1,8,3,100,0,30,27,6304,15,19,31,15,103,49,43,76,101,11,38,97,0,27,215,71,66,11,3,51,67,231,0,31,85,7,21,0,23,85,11,1,113,0,41,2,144,86,13,0,13,34,133,9,5,28,72,361,0,103,47,30,8,33,1,36,97,1,38,6,3,195,1,18,288,4,2,0,0,104,110,2,2,0,13,108,0,10,72,42,0,58,11,54,2,25,107,195,0,0,3,6,25,22,4,10,0,119,72,95,22,29,3845,1,2,0,30,19,53,72,40,275,0,35,63,32,1,707,0,56,79,0,198,61,681,0,13,94,58,40,10,72,1,73,101,3359,14,0,0,66,61,83,174,30,64,19,0,3,4,12,25,17,17,17,0,4,36,25,83,88,90,28,306,45,1725,1,28,43,122,1,61,32,0,60,12,76
cell_451,22,0,6,104,25,5,53,36,36,294,41,85,147,22,19,10,39,9,0,0,91,68,4,17,60,10,1,11,29,5,25,52,95,17,11,834,42,45,303,41,316,82,16,42,7,506,0,20,81,422,10,12,99,2,64,114,6,3,14,0,1,64,9,2,29,0,62,21,3,53,16,3,22,40,0,45,34,1,11,56,19,0,8,72,282,20,2,0,0,36,19,2,50,1,52,39,48,2,43,78,85,5,2,28,150,16,113,15,406,0,6,137,2,18,186,39,41,26,65,92,23,110,38,61,0,53,312,2,0,0,0,0,247,21,15,13,1,0,18,3,181,9,21,0,8,14,166,1,3,2,4,20,0,1840,154,1547,46,0,123,35,12,93,0,29,20,223,4,68,29,129,1,0,13,25,10,2,3,37,18,51,5,46,196,74,33,7,6,48,49,0,19,7,0,0,300,6,209,0,26,6592,5,8,65,0,2,2,1,21,343,2,57,0,0,38,31,112,14,32,0,409,0,8,0,40,108,4,92,0,36,13,160,64,9,72,30,117,66,9,0,30,42,4,13,0,0,1,36,14,75,0,4,43,46,0,61,129,2,3,18,30,38,191,36,25,0,46,0,161,81,9,8,4,9,4,23,0,115,1442,11,41,43,3,128,201,3,14,382,241,6,7,65,11,228,19,3395,31,18,18,0,17,7,0,75,0,22,47,8,91,92,9,23,0,842,0,29,7,11,1,10,112,65,2,47,4523,38,0,2,65,110,18,29,22,7,12,4,87,5,5,414,64,75,8,0,47,32,2,0,87,108,7,29,0,41,35,20,4,63,0,96,2,62,31,4,0,7,2,56,25,27,50,46,888,7,99,91,42,2,17,0,26,99,2,31,0,0,109,6,0,87,11,0,5,88,52,98,13,0,0,34,64,11,11,86,17,18,93,15,59,46,26,47,31,2,0,4,39,57,23,3,65,0,158,65,120,14,56,861,13,0,0,56,75,144,102,8,80,0,37,34,70,37,522,23,259,129,0,5,138,1203,0,18,31,124,144,0,22,14,37,52,2847,13,2,23,24,100,20,172,41,62,30,0,3,1,9,35,3,85,0,3,8,162,9,88,40,42,42,334,43,1621,3,20,21,36,1,38,27,6,94,295,56
cell_452,16,0,3,58,17,0,21,44,261,192,25,61,146,7,79,2,58,26,13,7,69,76,3,30,10,9,0,73,17,12,31,29,24,23,22,326,115,17,175,50,195,69,25,35,4,166,0,3,29,266,21,23,99,28,45,146,1,2,10,2,2,114,9,2,31,0,98,45,12,64,33,5,23,21,5,73,18,3,34,38,10,0,5,75,230,4,20,0,0,30,1,1,82,21,4,48,28,9,39,86,61,0,1,13,169,11,69,1,605,7,31,193,2,6,42,15,48,78,20,58,31,45,121,72,0,22,294,0,1,2,9,13,64,77,7,10,0,3,15,3,46,59,13,16,2,23,365,4,31,1,1,14,1,643,30,1088,1,0,84,24,56,48,0,19,0,160,14,88,32,154,2,0,12,1,32,3,4,26,13,70,13,43,274,43,34,17,32,60,16,4,4,4,0,0,143,8,123,0,18,4303,20,0,39,0,0,18,11,6,148,5,50,1,1,19,65,44,5,16,0,1143,12,4,1,40,84,0,58,0,21,0,8,136,217,297,17,52,27,11,0,87,148,14,83,9,0,29,57,51,11,8,3,175,1,0,50,57,0,3,6,23,69,224,28,6,0,16,1,331,95,20,25,77,9,7,16,0,123,1251,14,13,27,2,140,276,16,23,146,103,0,0,68,0,284,0,2212,39,3,27,7,7,5,3,22,0,20,41,9,137,45,26,22,0,409,1,7,0,21,3,4,91,23,6,43,6311,36,0,32,25,57,29,43,23,120,8,22,17,1,7,334,59,18,2,0,56,58,208,3,33,72,5,17,0,6,147,6,2,68,2,35,42,161,65,13,1,31,10,110,0,9,23,33,400,3,111,41,27,4,18,1,8,117,4,28,1,0,113,1,0,222,3,21,0,2,8,115,33,0,1,6,25,3,13,10,41,0,43,9,38,21,22,76,44,0,12,5,22,32,16,34,43,0,103,69,97,10,39,4023,18,20,2,18,7,58,72,1,226,2,28,73,34,9,0,0,42,114,0,96,53,424,0,45,119,50,51,1,34,0,49,66,4073,11,0,0,29,48,122,190,31,23,3,4,1,3,35,14,1,26,0,4,0,46,23,52,38,89,27,261,28,1312,0,22,49,133,0,41,9,3,47,8,48
cell_453,17,0,16,94,20,0,67,25,71,253,30,107,227,18,22,0,32,8,2,5,82,111,21,27,5,11,0,45,31,17,22,39,93,76,39,635,153,45,324,51,423,61,72,43,51,573,0,11,6,426,12,62,131,5,28,171,2,1,27,8,18,51,2,0,7,0,88,96,0,43,30,11,33,33,0,4,4,0,20,73,59,0,8,87,312,43,1,0,0,49,0,4,118,0,61,49,8,0,59,125,95,3,0,38,216,3,221,48,297,35,5,169,2,10,89,0,34,32,36,94,46,13,18,43,1,50,657,9,19,1,1,0,131,3,0,9,0,3,27,4,164,29,18,0,0,56,126,0,26,0,0,1,1,2580,127,1628,26,1,115,33,32,32,0,11,0,357,0,92,19,132,0,0,21,37,9,0,7,27,12,67,10,27,226,48,25,14,7,62,61,42,2,2,0,0,318,5,131,1,15,7185,12,0,69,0,0,8,4,23,295,4,24,0,11,47,82,75,7,18,0,421,3,0,5,59,51,0,47,0,18,2,50,95,24,93,18,103,30,43,34,43,131,3,11,0,0,4,36,13,92,5,4,72,12,9,33,164,5,2,29,51,35,227,19,3,0,39,1,26,69,36,1,19,21,20,20,0,165,1339,49,14,29,0,135,230,3,13,366,202,2,3,56,28,225,5,3264,15,19,12,9,11,7,0,55,0,13,23,12,107,112,103,45,0,649,0,20,0,11,20,19,140,1,2,67,4199,88,62,18,9,98,36,43,16,2,2,21,47,0,128,456,45,21,2,6,64,29,163,3,108,84,33,20,8,62,45,12,22,138,4,80,0,165,100,17,3,8,2,51,0,28,89,39,914,7,78,72,33,3,39,0,6,150,11,18,4,7,75,0,36,61,3,25,20,5,114,100,12,1,1,2,69,0,6,36,18,0,54,21,51,40,21,22,8,5,0,2,57,85,28,4,58,0,139,69,79,51,37,858,47,4,1,29,48,52,42,3,137,1,41,14,83,23,4,13,165,82,0,322,168,509,31,6,25,46,162,5,43,47,40,55,1838,18,0,49,14,55,8,288,31,23,19,1,20,0,29,11,4,158,21,1,5,139,38,61,36,52,42,369,1,1385,0,7,33,77,0,93,28,6,148,97,33
cell_454,6,0,12,66,24,5,41,58,93,161,22,12,140,7,0,12,64,8,3,0,74,139,13,1,30,12,2,52,28,13,35,0,84,58,10,582,2,24,168,26,160,79,2,23,6,277,0,2,1,262,22,7,66,8,33,34,4,0,1,1,0,31,41,8,25,12,71,56,0,62,12,3,12,80,3,30,92,0,21,31,22,6,8,103,144,17,9,1,0,65,13,2,100,40,27,15,117,14,43,79,26,10,0,44,180,39,253,1,165,0,18,26,1,4,56,21,15,13,50,83,11,34,70,127,10,33,131,169,21,0,0,0,65,75,32,39,0,7,37,8,51,53,10,0,12,62,300,1,10,6,0,12,0,1300,25,1054,25,0,88,19,44,36,0,61,3,50,22,44,34,141,10,1,29,34,5,6,1,40,7,89,38,20,270,7,6,7,15,80,17,13,2,4,47,0,202,7,42,161,24,4914,0,0,57,0,0,16,3,10,137,0,172,0,0,13,23,24,0,42,0,1136,4,3,0,15,64,8,60,0,53,5,46,152,38,287,32,56,28,11,0,82,61,16,138,0,0,69,35,102,17,10,0,269,8,18,5,52,0,19,45,20,31,56,12,45,0,28,16,104,90,7,41,100,6,3,14,8,476,983,27,0,9,0,188,265,8,22,100,96,1,2,87,30,342,0,2570,12,0,27,6,12,4,0,21,0,6,50,16,91,150,5,21,0,432,0,21,13,32,0,1,135,0,28,3,6066,67,21,8,3,216,50,37,36,107,6,12,91,2,14,180,28,52,20,0,29,59,0,3,32,88,1,17,29,15,39,1,33,76,20,50,1,164,130,30,0,0,81,153,2,14,18,58,451,2,31,33,25,3,32,0,0,67,8,23,1,0,107,0,0,42,2,0,0,15,1,68,2,0,0,30,98,2,1,66,25,0,43,5,35,0,34,47,174,3,0,2,18,140,13,3,51,0,68,37,131,29,17,4183,46,0,0,25,29,43,53,29,28,2,14,24,22,55,880,21,27,153,0,114,72,691,65,12,115,105,90,3,51,493,69,68,3579,0,6,43,19,89,122,211,33,94,22,0,5,3,99,39,16,214,0,9,0,34,0,115,46,93,26,116,0,1651,1,46,56,102,3,55,3,1,120,57,0
cell_455,11,0,1,44,9,0,57,18,92,104,20,52,159,12,1,31,52,38,6,23,58,90,4,4,61,11,0,77,22,7,43,4,189,61,8,690,2,21,172,27,76,126,65,18,14,317,0,1,3,241,1,15,91,7,35,123,0,7,16,3,0,86,46,0,19,26,100,1,0,45,43,1,115,9,3,34,45,0,8,35,7,0,11,59,0,22,10,0,0,46,0,0,23,4,3,35,111,2,122,82,7,2,3,1,205,28,24,9,218,1,14,110,4,6,115,7,47,82,28,67,52,6,84,130,1,24,756,3,15,1,14,9,67,60,3,6,0,6,1,0,57,53,11,0,13,32,364,3,2,3,5,4,3,5936,71,1057,19,0,101,28,47,59,0,47,43,89,0,39,28,129,0,0,16,12,9,14,2,18,7,57,27,63,244,46,36,28,15,71,0,20,1,8,0,1,100,5,220,0,15,3949,2,0,45,0,0,0,9,20,146,12,141,0,36,59,7,34,23,40,0,1204,0,1,1,37,93,3,52,0,23,2,81,132,111,222,28,81,38,42,0,11,78,3,16,0,0,0,70,80,0,6,0,568,11,23,55,3,0,3,9,13,51,174,63,4,0,18,0,326,134,1,11,0,3,8,9,16,399,1355,57,26,52,8,161,282,15,17,115,110,6,4,77,11,333,0,2399,19,12,71,4,12,8,2,17,3,3,87,23,102,115,37,13,0,375,0,16,13,7,1,14,134,15,52,9,6265,42,46,3,8,66,27,50,62,57,3,45,99,38,4,125,79,64,16,0,28,45,50,4,26,80,1,28,0,5,90,17,4,26,16,55,5,158,31,9,1,14,26,136,22,15,61,1,389,2,71,33,30,3,15,0,42,117,0,31,9,0,123,16,0,20,10,1,7,6,308,117,3,1,1,0,58,1,2,21,40,31,33,0,48,190,34,2,56,0,0,8,21,38,14,2,144,0,93,83,76,34,56,4009,11,0,26,40,7,41,59,2,222,1,37,13,14,63,509,11,8,133,0,50,40,685,0,28,76,121,75,0,38,277,102,97,1834,9,0,37,52,99,93,195,31,29,12,0,0,1,2,24,4,64,24,5,0,116,0,88,21,75,22,306,9,1684,0,0,88,145,0,90,46,0,67,61,49
cell_456,36,1,0,85,11,0,28,7,64,209,47,23,227,16,10,43,60,5,8,0,76,132,41,12,40,6,1,85,24,11,41,1,90,23,18,206,133,22,266,46,51,203,29,47,0,526,1,0,12,535,12,55,179,7,96,8,2,4,27,2,1,52,16,1,31,0,43,21,2,43,9,24,16,11,3,9,3,8,26,65,5,0,6,70,319,75,1,0,1,73,6,5,11,0,26,23,81,9,33,94,122,2,0,3,230,23,129,5,319,4,14,233,2,5,114,30,50,32,55,69,60,114,49,88,0,43,30,0,7,19,4,0,230,42,9,18,0,2,5,3,168,22,10,0,38,34,144,3,0,0,2,11,1,1148,38,1652,22,0,73,25,12,118,0,31,15,158,9,109,23,68,24,2,5,6,2,10,0,27,0,49,1,23,206,11,30,13,2,59,96,3,0,2,1,7,259,23,34,39,12,7636,3,0,60,0,0,7,4,14,46,0,53,1,0,25,74,91,8,35,0,383,0,0,2,54,93,6,51,0,24,2,50,98,98,20,22,86,16,11,5,3,36,7,11,0,1,11,20,32,73,1,40,59,81,0,16,51,10,4,28,41,6,215,42,17,0,62,12,68,85,23,7,12,16,8,10,21,180,1553,28,51,9,7,145,177,8,26,382,245,8,8,51,15,224,1,3150,21,0,157,7,5,8,2,44,0,1,44,16,101,77,21,14,0,613,0,12,2,17,5,6,1,52,0,34,4558,60,56,17,3,7,15,51,25,39,12,28,20,50,30,220,76,40,12,0,20,16,129,2,59,91,18,6,14,6,54,17,0,32,1,38,0,101,31,37,0,47,3,72,33,10,93,87,393,20,88,18,37,12,33,0,40,177,2,29,5,0,173,11,0,45,4,4,2,26,96,110,13,0,0,11,58,0,4,16,31,29,3,9,60,5,16,71,43,9,0,0,51,52,2,4,3,0,97,79,79,84,30,873,26,0,19,17,45,90,50,8,60,6,12,40,84,35,1015,46,260,63,0,16,141,418,0,11,97,107,83,2,30,21,41,39,259,9,0,20,24,45,84,245,25,28,20,3,0,3,36,29,4,150,13,5,22,38,28,40,15,58,35,125,33,1057,4,7,31,47,2,147,1,0,177,113,67
cell_457,1,22,9,48,20,0,57,10,28,58,27,19,127,31,2,19,62,12,10,5,100,113,7,5,24,9,0,131,19,10,43,9,206,30,34,471,0,9,331,23,19,156,6,31,0,425,0,12,11,305,2,30,106,19,10,87,6,0,26,5,7,81,10,4,62,18,129,33,2,30,3,14,54,14,5,53,13,5,24,55,20,1,4,16,102,43,23,0,0,48,5,5,7,30,20,71,78,6,43,23,91,6,0,4,179,35,199,7,12,24,53,189,4,8,112,25,10,47,11,73,99,7,16,29,1,32,127,260,3,19,1,7,129,22,8,6,26,3,0,2,65,29,23,9,3,105,162,1,9,3,0,17,1,751,47,1266,3,0,83,28,26,56,0,11,5,189,0,33,34,142,116,0,6,80,13,7,4,20,6,103,16,5,339,71,20,10,11,67,0,33,1,4,5,0,211,1,67,0,11,4720,4,0,50,0,0,2,4,30,29,1,0,0,0,63,33,102,11,43,0,460,0,0,2,16,72,8,48,0,68,3,36,94,138,70,52,149,18,30,1,143,117,0,2,2,1,0,23,69,59,8,23,0,28,0,6,20,0,11,19,19,7,252,5,99,0,30,15,64,85,19,5,16,4,28,19,5,262,1306,9,34,4,0,122,217,5,14,289,205,2,4,92,0,330,15,2114,93,9,108,1,7,7,1,16,1,7,31,17,11,96,57,29,3,902,12,12,2,3,1,6,158,4,18,26,5469,49,101,59,24,20,32,59,13,30,1,33,29,0,40,419,36,41,11,5,42,37,160,6,74,78,0,36,1,76,92,10,3,55,0,79,8,148,101,34,0,6,6,65,26,5,78,82,559,5,134,7,8,17,0,1,51,121,6,19,11,2,63,1,0,61,2,24,28,53,105,73,4,0,0,6,74,4,19,20,44,0,62,9,40,14,17,96,10,0,1,0,31,44,40,2,21,0,64,33,106,60,45,602,7,0,9,21,102,52,58,7,50,16,3,100,21,43,103,1,71,111,0,153,81,420,0,5,89,62,322,4,43,198,3,58,3361,24,6,42,15,47,85,304,45,39,14,1,27,10,87,18,12,31,35,3,0,87,57,17,45,22,38,323,5,1792,5,16,67,108,6,118,12,2,81,3,46
cell_458,21,11,14,51,10,1,51,57,48,43,22,36,135,6,53,26,84,36,2,0,78,34,2,21,29,40,0,83,22,3,41,12,226,41,18,532,351,30,168,36,19,66,20,38,0,183,1,28,8,208,14,4,111,5,50,110,6,11,10,9,0,54,37,16,33,33,33,3,0,56,0,1,19,30,7,30,39,0,33,24,36,0,3,84,200,17,7,0,0,25,3,3,32,0,2,23,32,0,117,34,49,4,0,7,242,21,231,2,642,0,42,150,9,4,35,35,49,74,34,49,81,19,77,151,0,25,16,27,0,8,8,36,40,30,15,11,0,2,21,7,43,58,3,0,23,21,199,2,2,0,7,28,1,4779,97,1058,6,0,109,21,57,50,0,64,26,161,0,50,40,64,4,0,6,0,17,6,2,22,6,80,0,47,309,47,20,28,35,81,86,135,2,10,0,5,158,14,106,0,6,4921,0,2,26,0,0,2,6,24,97,0,112,5,0,58,48,37,22,43,0,1213,7,0,2,28,85,0,67,0,20,6,58,113,60,51,9,60,37,27,7,15,22,2,10,0,0,78,55,100,12,0,25,6,6,0,10,15,0,5,16,18,114,253,49,5,1,33,22,276,78,16,8,12,7,8,10,25,417,1086,10,2,31,0,180,302,10,39,142,103,1,4,68,22,280,2,2275,17,7,131,19,9,5,4,142,3,12,62,15,132,138,4,12,5,415,0,8,40,12,3,3,4,55,15,8,6160,48,14,25,28,33,10,44,54,148,9,17,183,31,6,2,79,59,12,1,14,51,3,4,36,68,18,13,0,15,348,17,1,56,8,106,5,102,67,46,0,45,44,132,25,16,42,61,401,6,66,31,37,10,32,0,55,106,3,26,23,2,202,37,0,29,5,3,18,25,32,144,6,2,0,1,81,24,2,42,32,1,103,6,38,9,31,10,77,11,7,5,28,96,22,16,135,0,136,58,18,30,36,4076,31,0,0,18,29,18,96,3,68,5,1,43,12,38,374,17,38,55,0,232,39,436,0,12,58,35,73,1,29,49,17,68,1578,15,27,4,70,65,83,156,18,91,0,0,1,5,45,16,1,155,0,3,0,62,14,85,128,74,20,272,24,1432,2,8,22,128,0,39,30,0,122,86,48
cell_459,4,0,1,59,18,0,10,85,67,272,27,22,115,41,0,25,37,3,7,20,105,142,13,2,64,11,0,74,27,13,53,48,4,39,23,763,12,19,198,35,116,168,8,30,6,636,0,24,0,203,18,9,145,9,38,46,7,3,9,10,0,18,53,0,49,0,81,70,0,64,35,15,59,7,4,6,6,0,22,4,4,11,12,50,215,22,1,0,0,41,0,5,6,0,61,32,109,0,16,150,23,1,1,11,277,18,281,0,378,0,49,161,10,20,63,26,64,44,59,88,60,15,25,164,2,53,216,99,0,0,0,0,221,24,9,7,0,3,31,2,180,14,17,0,2,5,181,8,87,0,3,39,0,480,114,1100,49,0,156,25,53,120,0,3,13,143,0,10,48,126,5,6,7,12,5,8,4,37,30,44,19,7,180,48,28,23,40,77,4,0,16,6,0,4,276,1,287,0,15,6268,0,0,62,0,0,5,4,8,249,0,0,0,0,28,29,84,15,35,0,602,1,5,0,45,114,7,65,1,63,7,59,160,46,165,24,86,32,75,0,199,67,0,15,0,0,0,36,18,43,14,0,3,8,0,0,49,0,6,26,33,13,163,1,16,0,18,10,181,42,19,6,1,3,15,16,0,214,1457,11,5,42,0,195,170,3,15,179,237,23,1,61,0,327,0,3480,10,4,36,12,7,1,0,78,0,13,48,16,12,67,113,39,0,502,0,15,20,1,0,1,106,28,9,46,4691,5,46,22,0,77,17,25,36,54,4,9,60,0,8,88,20,58,0,0,34,50,134,3,58,89,22,5,0,31,181,14,11,17,15,97,0,196,97,14,0,0,0,91,23,16,52,73,525,1,52,114,51,9,10,0,80,136,9,30,3,1,121,0,0,158,43,0,10,0,97,74,15,0,1,16,45,7,7,60,9,1,38,25,60,72,23,64,23,0,0,9,26,68,12,4,28,0,192,33,125,47,44,4434,18,0,3,34,0,117,80,12,38,3,1,11,31,38,177,6,94,115,0,78,120,894,0,26,103,124,30,2,50,76,15,43,936,4,1,12,55,100,45,261,36,52,19,1,23,4,68,32,3,5,2,6,2,32,56,55,31,34,43,228,37,1071,0,14,32,115,9,32,7,12,157,201,74
cell_460,13,1,4,74,22,4,66,30,109,4,9,55,87,22,63,15,69,26,3,1,86,36,11,0,78,7,0,48,27,20,23,82,22,3,16,947,1,31,150,87,32,35,0,29,14,564,0,7,12,152,2,2,93,3,100,116,5,4,32,5,0,97,13,0,35,20,75,12,0,86,9,7,17,19,0,18,148,9,15,11,17,0,22,76,294,23,4,1,0,45,5,0,104,0,74,17,122,3,95,92,97,1,0,8,186,13,60,10,500,0,4,61,4,0,53,10,1,52,67,39,54,60,87,242,0,32,345,13,12,0,7,4,194,72,1,35,5,7,7,5,183,23,11,0,0,12,214,4,10,1,2,11,1,495,29,977,14,1,139,26,36,111,0,57,30,136,3,43,28,85,10,0,26,27,6,16,0,21,20,62,10,28,167,44,22,24,9,88,0,7,2,16,3,0,249,2,281,0,7,6605,47,1,62,1,0,3,19,20,86,0,1,0,0,1,31,21,16,35,0,613,0,0,0,35,78,6,71,0,20,20,59,166,95,151,19,67,16,11,0,125,142,3,21,0,0,0,44,54,12,1,0,37,7,14,35,25,1,0,29,58,4,144,38,35,0,37,8,174,38,8,5,4,2,4,19,15,79,1301,15,25,31,2,209,209,12,32,139,191,7,1,48,3,317,20,3844,14,9,32,3,16,13,0,18,0,12,55,13,65,127,50,15,0,461,0,15,8,36,0,5,63,2,11,35,4546,18,3,4,61,139,25,30,34,31,6,51,11,23,0,128,56,44,21,1,17,20,132,1,49,83,0,25,0,16,46,12,5,75,0,107,39,122,112,8,0,1,14,128,1,24,39,51,711,3,94,37,64,4,19,0,62,82,0,24,3,0,128,17,0,28,8,0,17,3,14,70,7,0,1,12,71,0,8,40,23,0,24,15,70,113,29,39,27,4,1,0,20,62,22,1,29,1,196,85,95,52,44,4160,5,0,2,37,36,153,56,49,6,4,32,22,15,4,41,0,75,80,0,28,97,879,4,31,139,98,95,2,41,94,33,60,766,2,0,0,31,47,100,147,42,43,29,5,13,0,33,6,5,25,3,4,0,106,0,117,27,35,33,245,24,956,1,1,47,128,5,67,28,2,66,33,84
cell_461,26,0,7,87,30,9,64,31,62,263,41,2,166,2,0,37,76,17,2,6,58,163,3,20,72,3,1,96,24,22,39,16,60,2,14,357,137,21,240,18,68,222,3,30,9,415,0,7,39,624,0,49,47,12,40,42,7,1,7,3,0,16,70,3,19,11,98,32,0,64,14,0,88,74,1,12,94,12,31,62,0,0,7,86,352,48,16,0,0,58,1,0,8,7,23,28,112,3,9,90,39,11,0,8,259,18,109,15,364,5,15,166,17,8,128,42,25,11,38,59,18,5,55,41,0,25,359,0,7,2,0,0,133,22,4,8,4,10,38,5,198,17,13,15,15,23,178,0,46,7,0,20,3,6208,67,1314,2,0,139,46,28,74,0,22,26,197,10,55,23,274,69,13,38,0,30,7,1,24,1,75,14,35,445,57,35,6,7,70,83,42,0,10,0,0,229,9,144,0,16,6638,10,0,35,0,0,6,21,15,191,1,40,1,0,24,41,27,47,45,0,419,15,0,5,30,25,1,51,0,36,7,105,133,73,87,31,153,0,20,0,10,91,1,31,2,0,43,62,123,27,6,4,17,5,13,48,30,0,0,3,26,30,322,6,35,0,12,23,46,140,1,15,6,20,9,16,6,126,2006,62,35,107,13,117,143,4,20,380,106,1,0,79,1,157,0,2647,9,0,17,6,6,39,0,129,1,14,88,9,28,108,4,15,0,468,0,24,5,9,0,20,346,16,10,20,4593,55,76,8,2,52,20,6,84,66,3,11,49,55,73,408,53,58,7,0,64,23,145,3,55,104,49,11,0,19,69,14,11,196,15,99,26,134,131,47,0,5,24,71,7,19,67,12,503,13,92,48,39,23,50,2,0,124,3,33,1,1,58,4,1,10,9,4,14,0,0,145,5,3,0,18,64,4,4,26,24,2,15,1,34,1,18,38,28,26,1,0,20,105,4,2,170,0,114,77,86,99,26,1335,19,0,0,29,14,41,84,2,68,0,28,25,11,25,28,19,253,135,0,74,83,1116,0,8,132,83,26,2,57,31,40,61,2159,21,0,0,24,103,3,76,27,36,18,0,27,5,125,21,1,193,0,7,0,105,1,126,107,83,45,94,22,936,0,0,29,36,3,81,36,8,133,50,83
cell_462,2,0,9,94,18,13,44,5,182,197,35,4,203,15,0,0,35,10,11,9,92,36,6,0,60,1,0,20,29,18,52,122,129,74,17,792,45,50,244,54,14,280,2,38,5,518,3,12,1,196,0,50,122,7,51,51,0,5,20,0,0,58,41,3,25,5,85,72,0,33,48,12,18,18,2,19,79,1,17,25,0,31,14,94,335,79,5,0,0,70,2,6,21,5,12,29,101,3,34,0,84,3,0,9,204,13,215,19,288,3,5,28,1,2,36,16,46,49,68,46,129,26,21,17,25,39,170,47,1,0,2,4,218,74,3,41,4,0,7,2,155,13,5,4,19,13,119,4,19,2,0,31,2,1192,19,1730,17,1,154,27,66,91,4,20,40,322,10,34,34,169,17,4,30,49,1,6,3,39,8,72,23,15,232,35,20,13,1,53,101,0,5,1,0,0,256,1,53,45,10,7211,0,0,73,0,0,7,5,13,245,0,57,0,0,34,29,37,10,36,19,406,0,0,2,9,75,1,56,0,15,3,42,112,38,96,27,109,6,34,0,145,168,0,15,0,0,48,31,32,62,6,32,0,59,7,13,27,0,0,32,10,10,91,0,37,1,20,74,127,91,28,1,15,19,14,13,3,205,1389,21,127,19,6,114,179,24,23,363,272,0,7,66,2,250,5,3442,13,3,92,26,11,7,1,19,0,10,74,21,51,96,28,10,0,628,0,30,28,32,0,6,21,74,5,41,4399,53,124,10,32,48,34,15,48,22,6,76,15,61,1,298,94,78,32,0,14,23,0,19,89,95,5,8,0,42,28,9,0,226,16,25,2,174,76,20,0,19,14,72,37,30,91,0,593,12,103,35,48,15,16,0,55,162,3,28,7,0,101,23,0,44,27,0,3,0,176,125,16,0,1,0,131,6,3,58,13,2,28,13,48,5,16,36,14,0,1,1,32,74,11,0,15,0,100,50,119,46,53,919,0,0,0,31,64,182,83,8,22,4,4,26,37,41,1010,0,58,106,0,34,190,1118,0,45,115,114,275,2,46,88,0,55,363,16,0,10,87,77,36,290,46,51,33,2,0,0,9,53,7,107,23,5,2,50,2,114,8,57,52,312,15,1016,2,0,12,63,27,125,33,1,163,0,75
cell_463,75,1,6,55,25,1,120,95,35,122,36,138,186,4,110,34,60,9,1,19,76,294,12,26,13,0,0,293,31,4,60,90,100,54,23,329,221,10,190,0,152,185,16,44,0,400,0,6,10,589,31,15,47,1,24,126,2,7,13,5,24,171,9,2,25,0,54,19,11,36,47,2,42,1,1,15,8,2,11,49,0,0,15,46,198,73,0,0,0,18,20,19,17,1,10,28,6,2,47,18,77,2,2,6,241,23,41,0,407,43,37,245,8,7,109,0,31,40,6,119,112,154,49,1,0,31,46,0,19,11,0,8,142,20,12,7,0,3,13,0,82,26,19,1,41,23,165,0,23,0,3,7,0,4341,71,1269,6,0,122,64,28,12,0,20,15,302,4,71,12,303,9,7,0,3,18,0,4,22,6,40,0,35,424,55,33,14,21,27,96,61,0,5,0,0,363,43,29,1,8,6666,25,0,54,0,0,0,6,14,230,1,7,9,0,61,65,105,31,30,0,426,22,1,2,60,81,1,37,2,94,2,68,129,57,23,14,45,22,68,3,51,48,2,73,0,0,8,52,56,36,8,35,59,18,0,6,20,0,11,84,28,39,346,54,20,0,20,0,96,147,12,22,59,10,21,17,14,94,1698,34,34,23,0,103,146,6,10,572,112,12,7,49,29,172,4,2174,17,29,38,4,6,1,5,58,13,21,74,10,124,32,38,29,14,481,0,12,0,0,39,13,372,103,1,66,4237,55,26,9,25,42,30,28,2,11,12,21,32,0,1,349,60,138,0,25,57,14,368,0,22,110,0,14,1,29,115,21,1,11,42,20,0,134,25,18,0,40,6,62,28,16,40,18,637,33,18,7,57,22,25,0,37,11,5,15,3,0,96,10,0,9,8,84,3,32,7,143,2,1,0,11,8,10,1,81,19,0,12,14,48,0,13,93,21,222,0,0,0,48,4,2,112,0,51,31,62,46,38,1581,7,12,7,47,15,50,122,0,77,9,6,26,6,38,1,30,99,81,0,106,144,594,0,15,115,81,310,2,2,27,72,73,1891,6,0,1,33,44,0,58,21,21,5,2,33,25,81,32,25,32,25,6,1,60,5,22,27,68,52,259,20,847,3,10,35,29,1,76,48,2,39,16,128
cell_464,33,4,23,99,9,4,81,20,47,186,56,105,132,27,15,7,69,4,14,6,93,43,7,17,18,0,0,19,28,25,72,21,81,93,26,547,101,14,138,22,259,230,27,27,6,174,1,34,32,234,2,51,76,3,41,0,1,0,28,3,0,52,43,0,8,3,99,17,0,56,51,28,28,46,0,31,86,12,10,25,0,10,11,95,251,3,11,0,0,29,0,2,20,42,2,13,35,2,68,12,17,2,7,3,244,14,100,6,442,14,41,219,18,0,87,15,44,44,19,65,16,10,5,24,0,24,484,7,10,0,2,0,87,29,3,8,0,5,6,0,135,32,17,38,15,9,126,1,30,0,0,6,1,2712,128,1625,96,14,244,50,18,49,9,14,15,264,4,110,26,216,0,0,1,12,6,2,0,24,2,53,37,28,251,67,17,31,10,75,84,0,3,3,0,0,324,8,27,10,11,6439,0,9,4,0,0,12,4,31,176,0,70,0,1,29,21,6,7,16,23,400,22,0,12,38,74,0,81,0,20,4,125,146,186,106,28,154,16,13,24,7,106,13,0,3,0,31,50,19,61,12,12,105,6,0,61,88,4,0,0,38,29,214,38,30,0,16,27,163,93,8,10,21,28,3,4,0,166,2106,6,25,22,24,155,153,16,19,356,165,5,0,49,32,189,0,2826,8,13,10,5,15,17,3,62,1,7,45,12,118,97,12,5,0,623,0,4,1,8,4,13,54,122,8,37,4082,41,13,3,24,19,8,27,57,59,15,33,54,22,12,338,69,25,2,11,45,21,13,0,83,94,1,21,3,8,15,27,8,112,72,43,0,195,18,32,0,0,0,50,19,28,101,17,580,9,74,60,10,25,102,0,23,158,7,27,0,2,120,32,1,43,1,4,0,23,54,95,47,1,0,6,39,1,1,8,27,60,31,23,69,6,20,27,46,0,6,0,33,14,2,17,19,0,187,76,66,6,37,787,8,0,0,8,10,187,28,24,92,1,22,11,55,57,566,0,38,68,0,22,152,1870,0,4,104,153,320,0,68,62,70,21,1003,17,0,0,92,102,72,252,36,36,19,1,11,2,54,39,0,164,14,5,0,138,7,84,2,60,58,358,46,758,2,0,43,54,16,32,33,12,29,62,108
cell_465,10,0,14,109,15,0,65,35,38,229,39,75,230,22,74,67,35,10,7,6,99,30,10,25,9,5,0,83,22,18,24,14,77,10,33,658,90,33,304,4,333,199,76,49,11,208,0,7,0,498,14,39,115,4,102,120,6,3,14,4,1,28,1,1,25,0,25,34,3,61,25,1,63,19,5,9,35,14,18,49,22,0,8,62,4,27,3,0,0,49,9,5,27,6,4,28,42,1,77,65,74,0,2,18,150,18,111,14,117,31,21,191,13,6,41,2,46,35,39,49,29,0,48,63,4,48,274,4,5,22,4,0,30,27,4,1,0,3,6,1,183,4,11,0,42,25,136,2,14,0,7,1,2,538,167,1818,62,0,137,31,55,67,0,16,5,113,0,52,30,109,0,3,8,2,6,0,0,34,6,52,15,11,235,40,13,12,12,19,0,84,1,18,0,0,211,6,28,23,24,7351,2,0,53,0,0,7,3,14,297,2,56,1,0,29,59,92,0,16,0,418,0,1,0,42,106,4,94,4,20,8,55,91,70,101,9,110,39,44,0,120,25,7,33,2,0,43,40,45,95,10,3,22,60,0,43,87,3,3,22,48,22,199,41,12,0,18,24,79,84,5,13,9,14,13,17,0,189,1505,8,76,55,4,138,186,4,18,472,242,0,3,68,39,201,0,3232,35,12,28,13,7,10,3,53,0,8,57,15,96,114,53,15,0,685,1,11,0,45,18,18,149,119,10,55,4362,91,24,11,5,20,18,56,9,37,1,25,30,19,76,505,72,47,0,21,72,21,0,0,88,98,69,21,1,53,44,16,48,48,18,8,7,44,22,35,2,47,4,53,18,23,83,31,803,33,86,11,42,11,41,0,3,168,14,29,8,0,29,23,0,38,7,62,7,17,83,96,4,0,0,3,41,2,22,24,31,0,23,16,64,3,18,28,31,2,0,0,25,29,62,9,42,0,60,72,53,51,33,808,8,1,0,15,40,49,62,0,103,1,32,15,53,10,1097,0,96,57,0,268,177,389,0,15,19,105,172,2,45,14,24,36,1423,8,6,5,93,59,21,296,23,19,9,0,19,0,5,37,8,72,11,7,0,133,48,83,94,23,48,309,8,1253,5,5,16,50,3,85,25,4,50,31,75
cell_466,20,0,10,97,17,7,61,9,43,230,35,71,236,5,161,28,37,9,0,6,89,33,5,18,10,1,0,33,24,7,47,13,62,36,32,804,163,41,260,45,106,222,11,38,2,380,1,34,39,468,12,21,85,8,72,5,7,4,10,8,0,45,54,1,16,16,66,11,1,44,51,11,63,51,0,38,40,6,13,44,25,10,7,64,24,30,3,0,0,21,0,3,10,1,28,13,15,7,101,95,46,6,6,14,131,18,195,3,340,1,16,215,4,11,72,1,1,43,36,81,38,3,26,83,0,45,651,220,1,0,6,0,195,57,37,10,5,2,6,6,154,26,20,1,61,31,160,1,2,0,3,1,3,3895,119,1784,29,2,179,22,55,87,1,25,18,448,26,85,29,123,0,6,12,0,9,8,0,34,26,27,0,63,246,79,22,16,6,61,40,0,18,1,0,0,36,12,204,20,19,6435,27,0,25,0,0,6,3,16,336,1,67,3,0,28,40,26,28,31,1,400,2,0,7,61,95,7,61,0,38,5,125,67,25,37,36,130,25,15,0,36,79,0,13,0,0,7,23,96,35,1,15,111,35,0,8,39,0,8,2,45,34,131,26,22,0,8,11,177,84,26,8,6,15,2,13,1,173,1377,0,27,39,4,128,183,19,32,471,212,5,3,35,8,238,0,3253,11,3,26,9,17,8,0,55,0,6,94,12,98,72,50,23,0,609,0,19,27,6,1,17,117,75,9,20,4349,85,0,4,33,24,12,39,33,45,6,7,27,1,4,132,94,78,2,0,28,1,198,2,75,99,2,22,7,73,45,2,3,76,4,21,0,120,39,4,0,38,19,61,21,22,87,66,861,31,70,55,40,7,47,3,62,139,2,19,3,0,194,1,16,18,1,1,56,18,346,68,11,3,0,21,103,2,15,34,26,42,89,4,26,34,19,18,7,2,0,0,58,21,50,4,11,0,97,67,100,4,26,924,25,0,1,31,79,166,88,8,141,0,14,2,18,0,1056,49,260,120,1,19,152,1160,5,4,27,46,145,1,24,24,50,39,1704,5,0,54,49,67,40,270,28,77,13,0,17,0,38,69,0,131,19,6,3,166,6,118,43,24,50,357,26,1133,0,5,23,45,13,43,28,7,4,54,69
cell_467,2,2,11,42,21,0,45,43,123,73,19,33,172,14,56,24,40,5,9,11,89,57,18,27,4,13,0,52,21,16,49,27,176,71,19,622,297,23,171,34,144,90,21,21,8,332,0,26,26,221,9,26,128,26,42,69,6,1,11,4,1,80,79,7,21,18,97,4,0,40,30,0,123,28,1,81,88,1,13,20,2,1,2,60,143,5,12,0,0,35,1,11,22,4,8,41,35,0,75,90,75,6,7,17,251,24,200,10,0,16,0,123,2,4,133,5,49,32,12,60,84,13,76,11,0,28,178,158,0,0,5,4,84,50,12,3,0,3,6,3,42,58,43,13,7,20,306,1,2,2,8,15,5,6358,80,1010,6,0,114,20,47,83,0,11,1,46,2,84,34,102,18,11,2,8,4,0,1,18,10,42,55,20,284,39,20,27,38,48,0,0,3,0,0,0,141,12,56,200,20,4135,15,0,32,0,0,9,5,16,161,2,115,0,7,45,16,78,1,47,0,1214,0,3,0,19,82,3,66,0,52,8,64,63,95,197,28,103,26,57,1,63,37,10,189,0,0,38,48,74,14,5,20,505,1,0,5,34,5,20,5,12,131,163,46,7,0,21,45,82,94,32,16,39,12,7,6,0,350,1339,34,63,12,1,170,297,4,17,108,87,5,0,87,32,288,0,2373,7,5,27,2,16,15,2,53,0,5,73,27,148,119,19,9,0,414,4,20,5,6,4,5,146,38,28,26,6383,110,5,24,19,26,18,52,13,88,8,22,127,0,16,238,49,50,6,3,52,43,63,1,37,59,17,25,229,17,128,20,15,64,50,36,0,22,75,11,0,24,10,112,12,6,56,54,421,14,112,19,5,5,35,0,0,121,3,29,0,0,154,10,8,138,1,4,0,20,391,110,17,1,0,8,75,0,4,30,39,0,11,6,37,16,28,31,58,8,5,8,10,50,30,6,221,0,130,70,117,8,26,3719,38,2,0,37,14,28,34,0,297,0,4,36,11,55,22,2,153,126,0,8,57,503,13,40,38,62,109,4,49,28,40,82,4579,13,7,9,118,98,46,119,35,81,17,1,19,1,7,21,0,141,18,6,0,144,53,91,129,65,26,258,5,1446,1,23,123,81,0,97,50,0,128,66,33
cell_468,14,0,26,61,17,8,52,13,75,116,30,39,136,6,91,28,67,12,8,8,89,37,8,0,34,4,0,69,22,9,52,4,119,22,8,462,806,18,183,30,93,53,34,21,3,218,1,37,29,265,0,23,109,11,19,66,6,3,6,19,7,29,86,17,29,0,74,14,17,44,2,29,37,1,1,22,94,14,26,5,48,31,7,2,252,10,3,0,0,57,0,1,19,2,13,16,110,1,17,80,63,2,10,8,160,28,195,12,854,4,50,157,4,1,43,10,42,76,24,75,99,50,125,136,0,16,316,303,7,0,1,0,42,81,14,27,0,5,2,0,37,59,31,0,0,9,362,2,1,0,0,11,1,43,39,1090,56,0,82,24,60,33,0,44,28,151,0,45,33,100,19,15,17,21,19,0,0,31,24,94,0,28,246,28,9,39,30,64,108,0,0,1,0,1,168,17,77,0,6,4561,2,0,29,0,0,10,4,27,126,1,56,0,0,12,21,76,10,28,1,1153,2,2,2,57,74,0,48,3,20,9,8,144,263,161,19,92,46,24,0,88,30,0,9,1,0,10,61,43,23,12,37,193,32,0,39,57,0,17,17,26,6,206,58,20,0,20,0,332,111,4,33,53,4,9,9,10,375,1252,32,14,12,1,165,290,2,31,131,111,1,8,82,0,266,0,2594,29,11,48,1,10,39,0,82,15,18,46,22,103,130,12,25,3,366,4,13,25,9,0,4,18,114,22,4,6263,18,25,37,0,23,28,28,55,61,19,63,49,39,18,240,75,41,11,26,32,63,215,3,6,54,0,25,0,11,265,2,0,64,8,96,0,65,21,14,0,22,31,127,15,37,14,35,357,3,92,27,29,0,77,0,36,89,1,33,3,2,80,4,6,239,13,0,1,4,4,70,26,2,0,0,37,20,2,25,15,1,113,5,37,27,34,69,119,0,18,2,20,79,38,30,81,0,164,30,128,92,35,3631,14,6,22,16,42,30,78,9,8,0,11,54,8,35,860,18,74,33,0,126,39,750,0,59,96,130,133,4,10,0,45,91,1620,18,35,0,45,72,66,196,31,129,13,2,0,9,121,43,13,9,0,3,26,112,0,114,62,99,24,252,91,1314,13,43,39,119,6,133,39,10,69,101,59
cell_469,9,0,3,75,26,0,22,45,17,23,18,28,120,3,0,55,62,4,13,31,81,139,10,8,24,0,0,53,21,7,54,85,1,4,5,483,581,9,287,7,44,157,5,35,4,434,1,71,9,286,11,3,88,6,140,134,0,0,55,0,0,53,12,1,50,17,73,3,9,51,16,40,56,15,2,68,3,0,15,35,2,20,12,105,316,32,15,0,0,24,7,3,7,32,72,53,130,1,58,22,11,6,2,10,46,31,204,13,321,0,61,192,8,5,71,2,27,47,13,78,102,99,17,104,0,27,57,387,3,3,4,19,132,29,10,39,1,7,6,0,26,25,4,16,5,44,131,0,9,2,0,26,0,387,51,1237,5,0,122,37,36,64,0,2,34,187,5,105,21,195,15,2,12,9,22,3,0,23,20,107,11,33,314,76,28,15,11,71,1,0,1,26,0,0,210,13,150,0,15,5286,31,0,48,0,0,2,1,35,127,0,10,0,0,18,5,121,14,42,56,464,6,1,4,17,99,2,41,2,26,0,47,71,44,27,44,41,30,44,0,47,7,0,44,0,0,4,24,50,9,9,34,95,35,11,1,19,0,10,57,18,18,216,13,16,0,45,26,239,85,5,10,9,8,5,11,20,223,1425,6,44,2,1,142,211,6,20,289,202,17,8,69,2,275,0,2186,5,1,156,7,3,3,0,24,9,1,42,20,54,131,64,42,5,803,7,13,38,3,12,11,110,128,9,27,5769,93,37,8,12,73,25,65,54,45,2,22,154,0,84,357,74,87,12,7,3,43,175,5,63,90,22,26,0,59,28,11,6,146,61,110,0,68,56,4,0,0,1,96,31,17,33,42,610,3,60,7,20,18,16,0,31,67,0,32,20,3,274,14,0,119,5,0,3,51,228,15,11,0,0,5,77,20,13,90,42,0,0,22,53,8,1,114,5,0,0,0,14,39,47,2,99,0,106,2,100,29,47,638,34,0,13,26,52,139,76,10,31,14,3,84,5,53,907,3,46,126,0,54,91,1068,2,30,92,127,319,2,15,304,7,48,2948,14,9,1,181,42,17,308,36,79,11,1,10,12,42,17,14,22,1,11,3,112,6,41,62,51,41,348,31,1591,0,17,56,85,23,53,52,29,126,234,46
cell_470,24,0,11,93,20,0,46,8,169,29,14,22,109,74,8,12,55,5,0,1,96,109,7,13,33,5,0,30,22,14,47,52,121,20,20,711,10,36,214,42,53,110,50,26,7,506,0,16,44,202,0,13,115,3,16,7,6,0,12,8,0,125,37,0,8,0,52,12,0,54,38,5,42,29,3,10,41,20,12,34,46,0,22,9,248,31,4,0,0,34,0,0,23,0,12,21,91,3,37,135,104,4,2,3,266,5,164,2,437,17,4,60,7,2,61,3,0,53,60,78,7,0,48,14,0,40,612,0,1,0,0,6,188,49,13,0,0,1,17,3,232,21,24,0,37,13,170,0,0,2,2,9,0,608,124,1269,16,9,137,34,63,82,0,28,8,91,3,89,32,104,28,0,6,8,4,12,4,22,2,42,45,22,172,9,25,21,9,78,1,1,0,3,0,0,52,7,238,42,7,6586,6,0,58,0,0,2,7,30,183,0,14,0,0,42,29,58,5,43,0,620,0,0,1,52,54,0,57,0,75,3,87,109,49,117,25,53,28,37,4,0,40,2,18,0,0,38,41,30,25,2,4,15,21,0,22,76,0,3,2,59,27,143,22,91,0,10,0,52,37,26,6,28,12,28,14,1,246,1347,58,110,8,2,205,179,0,33,146,203,14,2,51,29,310,1,3805,1,1,0,1,11,17,0,28,0,7,36,18,90,83,111,15,0,430,0,15,0,6,0,21,85,7,23,36,4728,36,66,20,21,23,24,14,25,52,0,10,27,0,44,90,74,27,28,14,26,37,174,3,51,83,3,29,0,34,20,7,3,74,8,20,0,139,85,20,0,4,5,116,22,5,30,48,581,16,100,95,53,11,46,0,8,137,2,30,8,0,202,15,0,63,0,0,0,21,63,79,0,1,0,31,84,1,45,36,27,24,62,5,48,36,28,16,48,2,0,10,23,136,48,6,17,0,169,74,161,6,39,4705,29,0,0,18,35,132,76,6,249,0,10,10,102,6,12,2,111,151,0,9,125,840,16,12,120,94,100,12,46,88,50,31,626,25,16,59,71,86,58,235,32,55,24,1,19,1,0,43,1,167,36,8,0,89,10,109,22,52,39,194,55,964,0,8,57,128,0,125,21,1,77,217,73
cell_471,5,0,13,100,25,8,46,20,134,157,30,7,183,5,53,11,46,1,3,9,74,84,5,0,108,5,0,22,20,14,45,61,51,1,19,396,5,53,329,67,406,92,10,37,23,557,0,47,8,415,1,41,133,1,103,105,21,15,7,2,0,41,13,0,24,25,85,101,0,52,21,0,94,36,0,6,84,2,15,61,0,0,13,69,300,95,3,1,0,64,11,2,12,26,18,30,111,1,86,86,29,4,0,4,180,20,227,17,363,3,6,177,0,1,78,8,54,28,53,44,61,121,16,18,0,48,829,89,2,2,0,0,194,17,14,42,0,1,50,10,166,31,13,0,0,18,158,3,15,4,0,6,0,3107,109,1827,57,0,150,25,7,104,0,5,12,195,0,77,33,167,101,4,9,10,2,11,5,33,6,50,37,33,232,66,19,7,2,51,63,15,1,5,0,1,209,7,52,0,17,6537,3,0,51,3,0,0,18,32,318,0,71,0,4,18,14,64,1,21,0,418,0,4,11,13,87,4,77,0,15,2,39,88,18,102,30,132,11,5,3,2,74,5,37,0,3,44,26,65,103,4,14,10,19,17,42,37,0,4,15,33,1,176,30,5,0,21,84,105,104,8,1,19,14,1,14,2,176,1781,97,133,63,1,121,214,5,16,403,215,0,4,65,0,187,3,3403,8,0,36,0,7,8,1,78,0,17,41,22,66,135,27,27,0,666,2,20,0,13,3,28,49,4,1,60,4425,53,5,4,20,34,28,47,48,31,9,10,87,23,27,456,71,97,23,30,57,26,2,6,52,75,5,13,0,39,6,14,3,31,1,80,1,188,21,1,0,0,13,50,29,40,53,33,713,1,81,59,33,0,13,1,0,194,5,33,0,0,204,29,0,34,3,1,0,9,10,106,20,0,0,12,84,11,17,72,26,10,17,5,33,9,21,61,14,0,0,0,15,86,60,0,72,0,80,63,149,106,40,881,45,0,17,39,32,105,82,9,10,2,32,14,38,24,136,1,273,103,0,158,143,1021,0,13,120,123,221,0,44,32,42,41,958,1,0,11,31,97,4,58,41,61,18,1,6,2,28,46,2,279,3,4,0,115,0,88,2,75,54,359,21,1278,3,2,32,85,3,67,19,0,149,112,0
cell_472,12,2,20,73,19,0,60,86,175,125,19,47,108,10,37,26,51,10,2,11,119,116,11,16,14,0,0,32,18,9,46,15,152,78,14,531,159,26,222,89,51,126,65,41,6,578,1,45,10,249,11,28,103,9,51,22,1,0,14,16,0,34,43,26,31,1,75,5,0,66,16,12,117,3,1,26,137,6,19,48,55,7,13,71,7,24,6,0,0,32,0,3,32,14,45,35,90,1,40,116,16,6,19,3,236,27,243,24,429,41,22,144,5,5,31,26,55,41,32,81,47,22,55,209,0,19,137,86,0,0,5,0,149,42,0,8,0,1,17,0,252,32,6,0,1,4,112,2,0,1,6,21,1,58,122,1194,165,0,184,31,62,132,0,26,1,316,1,82,33,65,15,0,0,8,18,26,0,28,40,36,7,46,176,65,28,19,17,78,40,2,0,6,0,0,208,10,113,1,14,7114,3,0,54,0,2,4,2,25,54,0,32,0,0,22,24,128,13,38,0,583,0,4,4,7,134,3,79,0,17,10,55,148,63,107,18,60,35,33,0,24,24,1,29,0,0,18,36,105,28,5,13,259,1,1,5,26,14,17,38,68,10,184,18,33,0,22,18,142,34,11,7,8,10,0,5,6,228,1356,61,11,14,0,199,178,24,19,135,241,28,3,55,27,269,0,3851,7,3,104,14,12,25,1,18,16,4,51,18,56,106,58,7,0,456,0,20,7,33,1,0,8,70,8,6,4910,78,73,7,8,8,25,21,50,68,1,6,175,38,2,442,42,26,4,1,20,65,123,1,48,99,23,7,3,12,59,14,1,105,46,64,9,134,127,42,20,2,2,91,27,16,64,97,548,6,93,40,4,1,73,0,31,141,10,30,3,0,119,13,4,61,3,4,3,4,7,81,31,0,0,2,23,3,4,10,11,8,21,6,78,100,31,35,19,1,0,0,32,61,14,10,43,0,207,74,78,0,27,4346,20,1,12,27,12,6,82,19,110,0,15,16,7,51,375,14,70,70,0,41,91,337,0,17,58,119,43,8,16,7,13,34,568,15,92,34,123,95,59,216,47,74,12,8,2,4,32,40,5,47,8,3,0,125,40,80,49,48,34,130,13,1066,6,11,24,134,5,69,15,3,159,141,60
cell_473,14,2,18,86,27,0,87,20,45,135,52,136,172,15,4,39,82,10,0,0,95,182,28,7,79,7,0,115,28,11,35,20,56,15,12,373,47,14,221,24,200,193,0,39,4,241,2,30,3,194,14,7,36,7,89,67,2,11,30,2,5,158,8,51,35,17,99,41,0,54,42,3,31,97,1,23,25,0,23,68,8,1,10,56,155,22,5,0,0,13,1,9,68,1,3,25,67,2,85,103,7,3,1,14,216,22,130,8,451,1,41,243,1,5,59,36,26,41,39,115,99,48,62,48,22,13,87,250,7,13,9,0,121,20,19,2,2,3,0,1,168,9,8,10,17,20,160,2,6,3,2,4,0,1104,24,1361,41,20,125,36,18,31,0,49,9,554,4,43,31,202,2,0,4,5,54,14,0,21,35,61,0,87,474,60,33,5,4,55,22,67,3,1,0,0,283,18,122,0,15,6447,9,0,71,0,0,13,1,10,234,0,97,10,0,6,26,115,32,17,66,431,5,1,0,26,70,3,63,5,19,4,108,84,141,39,13,73,17,29,8,35,78,1,15,1,0,23,79,100,71,8,5,136,28,0,15,38,3,11,77,24,30,380,56,7,0,6,2,144,144,20,8,28,13,0,18,0,117,1913,16,39,7,1,124,170,9,1,552,107,12,15,71,0,173,2,2600,4,49,60,1,20,22,1,93,3,15,115,4,125,94,17,14,0,455,2,22,10,15,7,1,66,160,2,7,4456,74,7,11,41,63,48,36,9,74,4,45,32,44,30,603,83,124,38,20,35,25,18,6,72,77,7,11,21,20,171,22,1,42,21,37,28,103,49,27,0,39,12,46,10,13,66,62,523,0,59,25,17,14,9,11,76,103,3,28,2,0,76,15,12,71,4,21,5,0,46,103,29,1,0,2,121,4,15,30,23,0,76,2,43,20,22,48,22,21,0,7,28,10,1,1,68,0,94,74,80,39,48,1513,9,1,0,33,17,41,102,10,66,2,35,15,14,56,70,51,86,99,0,34,145,1007,80,16,95,102,587,0,30,63,49,69,2300,7,0,42,76,86,13,198,31,14,1,0,12,5,114,78,2,25,14,0,9,77,20,141,97,104,38,301,17,771,0,12,22,30,1,134,6,4,267,117,104
cell_474,19,1,19,84,10,0,44,10,47,138,46,29,153,7,0,8,79,4,7,13,95,42,12,51,34,12,0,56,16,28,53,3,18,3,6,446,0,36,156,27,179,256,42,35,4,206,1,48,8,128,5,35,81,16,76,114,4,1,53,9,3,146,56,40,35,35,31,20,4,60,53,8,12,3,2,5,112,5,19,97,9,0,9,103,211,46,4,1,0,74,1,15,3,2,0,20,100,0,55,102,5,0,0,4,142,26,181,28,350,9,16,117,5,4,99,23,49,42,23,130,22,79,37,28,0,32,316,345,0,0,4,0,176,9,6,27,0,2,4,0,149,26,23,0,0,18,137,14,14,0,0,6,1,1275,22,1737,88,9,173,40,34,27,0,12,8,90,11,109,34,199,32,4,19,17,11,0,0,19,4,49,22,54,228,70,22,15,4,34,71,19,0,0,0,0,246,15,126,0,14,6652,21,0,40,0,0,13,4,12,51,0,59,0,1,22,73,23,8,31,0,405,0,0,3,19,55,5,80,4,39,10,58,130,81,77,16,69,23,58,11,16,44,1,13,1,1,37,48,38,87,7,29,24,43,6,7,7,0,4,62,31,0,251,2,51,0,25,6,93,95,36,5,39,8,0,18,1,173,2214,42,17,48,5,130,183,22,25,383,177,2,1,73,43,183,0,2868,47,2,18,0,9,3,0,52,0,0,62,9,119,97,24,12,8,608,3,10,3,7,1,12,33,180,11,22,4208,81,21,4,15,1,21,30,49,3,7,40,70,34,33,427,76,60,16,28,44,22,253,8,83,98,1,7,2,29,34,13,62,129,42,13,3,153,115,16,0,19,3,63,6,11,54,88,570,18,69,67,26,18,41,2,0,109,1,33,0,0,69,2,16,137,1,29,17,0,7,97,37,8,1,6,120,9,9,2,6,50,65,6,28,0,14,102,41,1,0,0,40,70,1,0,6,0,187,55,176,84,44,744,6,4,24,13,0,93,85,1,18,0,24,30,128,28,399,0,461,96,0,138,145,1802,0,15,118,128,354,4,54,55,7,23,774,13,4,2,103,68,18,243,45,38,21,6,3,24,41,16,1,273,0,0,0,46,1,100,25,68,56,284,54,837,3,20,31,58,3,74,50,1,154,126,98
cell_475,12,6,8,95,35,11,44,30,39,674,49,118,144,0,0,27,92,5,10,10,108,192,36,49,43,5,5,84,26,8,39,37,2,8,1,353,108,27,196,18,141,73,10,48,8,326,1,21,3,494,14,41,41,46,67,6,4,9,20,4,23,32,60,3,26,8,23,11,1,52,48,1,31,4,0,19,184,1,30,32,13,29,5,31,140,44,10,0,0,13,22,2,25,122,21,30,116,8,58,101,11,2,1,30,66,14,165,4,419,2,24,233,2,9,168,1,32,40,17,178,19,76,34,34,0,26,249,273,0,0,3,2,116,20,28,32,0,7,2,1,159,20,17,9,1,9,181,1,20,2,2,20,0,8164,42,1357,26,1,141,40,9,104,0,6,28,213,6,101,26,252,10,4,3,13,21,3,5,15,9,75,13,25,513,52,28,3,35,49,0,19,3,5,0,0,236,26,224,58,10,6342,10,0,55,0,0,10,3,18,252,0,74,2,0,17,5,28,33,29,0,417,2,4,2,15,63,9,62,9,23,4,37,146,34,49,23,114,14,40,0,36,31,0,41,0,0,34,12,127,41,8,54,42,5,20,15,12,0,12,12,16,56,344,10,15,0,6,20,59,111,23,14,40,3,7,2,4,101,2131,9,11,63,9,118,143,11,17,413,121,13,9,70,0,140,0,2722,5,14,22,2,12,11,7,39,4,9,64,10,148,93,31,9,0,448,0,22,1,0,7,16,221,95,15,9,4540,35,48,1,12,26,45,18,78,27,8,30,41,37,10,527,62,88,0,16,41,17,5,6,78,110,41,12,3,68,77,11,8,89,1,71,1,103,98,1,0,4,4,90,24,18,58,61,749,16,49,25,26,5,42,1,69,22,0,25,14,11,58,8,8,117,4,0,48,1,81,41,7,0,0,19,81,16,33,29,20,17,20,2,34,1,20,131,32,2,13,0,27,92,38,2,121,0,103,36,47,29,36,1693,34,1,0,26,15,75,88,30,15,0,14,19,12,18,629,7,92,117,0,54,130,1202,0,11,84,88,380,1,17,138,14,33,1775,4,0,0,41,102,2,223,39,59,9,6,4,32,14,51,12,81,9,1,2,151,12,107,10,124,53,265,43,761,8,19,62,37,2,34,5,15,233,46,103
cell_476,12,0,8,104,29,0,33,7,6,51,43,21,159,12,0,32,63,11,4,12,102,131,10,0,103,17,0,80,12,11,59,12,26,25,20,474,0,33,187,9,77,312,22,31,3,498,0,4,5,334,9,38,20,8,25,120,14,3,7,4,2,59,13,19,39,29,62,43,13,45,35,1,118,5,4,8,42,9,16,71,27,0,6,97,253,49,15,1,0,18,0,1,8,7,8,25,73,12,33,91,41,0,0,20,184,32,238,37,317,0,1,206,6,7,184,39,36,29,23,86,42,148,17,38,3,39,126,348,0,1,1,0,145,9,3,19,3,1,31,5,165,24,3,0,11,10,117,0,17,0,4,24,1,817,8,1706,7,7,194,28,67,79,0,29,19,96,0,68,30,118,35,1,7,127,5,10,4,20,9,28,12,5,239,74,29,7,7,53,4,89,8,5,0,0,262,3,104,17,36,6675,6,5,58,0,0,1,10,15,31,1,32,1,0,45,31,6,59,38,0,389,22,1,2,20,66,13,70,1,7,6,121,132,54,122,20,81,0,26,0,57,58,0,15,3,3,32,27,46,52,7,32,3,25,0,24,9,0,0,68,31,4,227,52,81,0,33,0,95,92,23,24,13,0,6,10,3,131,2014,20,8,19,6,133,133,9,8,425,169,1,3,84,13,172,3,3011,45,0,47,12,16,14,0,62,0,8,78,17,40,99,27,39,0,561,1,23,12,19,0,25,134,92,1,33,4093,21,64,4,2,69,12,8,68,26,8,12,38,7,74,235,66,49,4,5,38,21,230,11,101,95,20,11,0,24,40,11,15,90,5,101,0,46,182,6,0,12,16,69,2,7,61,40,689,7,54,21,30,9,0,15,4,138,2,33,0,0,173,0,0,13,6,0,10,2,68,114,19,0,0,18,140,4,1,25,15,0,39,5,51,18,23,25,36,5,0,7,14,72,27,2,90,0,182,28,99,58,29,819,9,0,9,44,34,78,45,1,1,12,26,5,50,24,383,16,32,39,0,232,158,1594,34,11,135,95,250,5,27,106,26,55,1438,18,2,2,62,26,15,260,54,36,25,0,45,7,45,29,4,82,1,1,1,15,2,98,34,89,56,241,31,816,2,8,10,62,8,8,6,0,69,214,96
cell_477,11,3,6,94,25,8,98,26,97,715,34,7,168,8,46,0,83,17,12,12,93,232,6,2,69,4,0,40,21,19,35,62,17,4,29,237,22,23,195,3,173,85,4,36,1,339,1,35,15,570,13,13,66,15,96,50,9,4,4,3,17,118,37,18,34,0,80,25,14,38,8,4,34,32,1,19,25,1,28,40,31,1,6,89,127,85,7,0,0,40,9,5,29,0,12,23,132,8,30,58,42,4,0,29,65,15,151,3,325,6,12,251,5,2,121,20,23,28,27,167,115,95,51,0,0,25,147,13,5,0,0,3,123,12,33,8,0,5,7,0,149,17,30,0,0,10,199,0,6,3,3,10,0,2737,10,1407,0,31,94,44,14,65,0,14,1,221,5,51,26,315,94,17,58,25,0,0,7,12,2,61,2,38,450,31,19,41,2,62,87,4,0,11,0,0,293,3,92,105,2,6275,50,0,30,0,0,5,5,33,208,0,0,0,0,35,48,62,13,36,0,452,11,11,5,18,53,1,53,0,42,2,7,147,36,30,3,129,20,16,0,23,41,1,20,0,0,17,10,15,55,5,19,1,21,0,11,121,0,0,69,15,4,364,0,50,2,6,38,106,130,16,2,39,5,33,16,17,98,1986,7,28,52,0,119,112,1,21,492,124,3,5,52,0,147,15,2559,3,6,16,7,9,1,1,98,0,13,83,6,78,46,17,22,11,457,1,16,1,10,0,13,59,151,2,55,4375,7,94,10,9,26,28,2,29,38,8,19,97,16,16,506,32,143,5,0,56,26,45,2,48,100,0,9,0,29,27,5,5,66,0,38,1,113,18,9,0,4,11,66,6,2,53,33,650,31,90,41,46,2,10,0,15,52,3,17,0,3,93,9,0,106,6,0,2,8,1,112,20,3,0,15,43,15,34,55,14,4,17,5,37,5,17,142,131,2,0,0,41,110,38,4,0,0,59,63,134,50,30,1729,30,0,0,22,4,13,105,17,22,0,5,26,35,67,951,28,166,65,0,65,138,320,20,28,84,110,260,5,33,1,70,87,1131,1,6,33,34,122,72,118,31,65,11,0,0,61,103,55,14,83,4,2,0,7,0,109,72,111,38,20,26,811,2,7,69,36,1,64,41,17,111,7,103
cell_478,53,8,21,102,25,0,85,41,69,175,35,57,151,7,134,17,86,6,0,4,76,264,3,25,37,4,0,137,26,9,31,7,34,34,10,358,66,12,189,8,24,93,26,29,2,293,1,14,114,593,1,31,64,22,39,53,0,8,9,1,0,107,32,15,21,1,103,81,5,49,6,15,8,42,1,7,101,5,37,61,7,3,10,77,3,74,0,0,0,11,0,6,26,101,6,7,141,0,32,77,3,6,1,11,235,22,44,5,244,38,8,247,2,0,99,39,18,42,13,161,17,219,37,9,0,24,383,49,11,5,12,53,127,21,6,19,1,5,15,0,163,19,17,21,31,8,161,0,2,2,0,1,4,7870,66,1286,6,0,177,68,15,88,0,15,3,536,30,88,31,288,0,5,20,0,9,10,3,19,12,72,4,92,475,54,18,5,18,79,99,56,2,0,0,1,176,32,39,0,1,6723,9,0,46,0,0,31,3,35,220,0,90,0,0,42,12,18,18,10,0,439,0,5,1,20,82,0,53,1,23,6,20,131,183,144,22,111,21,21,24,15,6,22,8,0,0,30,44,56,13,0,28,40,16,8,60,95,0,7,30,26,43,336,31,4,0,30,0,97,155,39,24,43,12,6,3,13,121,1866,6,45,27,0,142,145,6,15,475,135,7,0,66,22,179,0,2455,2,14,15,0,12,44,1,0,20,15,36,21,164,97,9,8,0,452,1,8,23,3,6,0,143,42,2,16,4588,37,23,18,15,27,55,29,45,59,4,20,112,13,2,526,78,31,20,19,47,23,338,0,47,89,0,8,20,6,47,24,21,53,19,43,1,140,73,11,0,2,30,83,11,12,39,26,620,24,64,22,37,18,96,0,1,111,8,23,0,0,87,9,61,102,2,128,2,42,2,156,13,2,0,2,32,0,22,13,16,57,23,2,35,13,14,57,87,0,2,0,10,47,63,4,0,0,95,59,67,9,32,1587,32,15,4,9,33,63,101,10,29,1,43,7,8,74,715,79,1,96,0,64,74,466,0,11,76,93,479,0,26,36,81,55,2146,20,0,0,7,106,25,180,32,50,11,1,8,0,36,54,2,107,1,5,1,147,0,113,33,40,32,263,28,795,3,3,16,31,6,126,7,0,115,47,46
cell_479,31,0,19,103,25,6,78,19,72,141,29,40,148,12,6,19,66,17,1,5,75,294,2,1,27,3,0,114,20,20,34,27,53,46,4,359,69,16,238,0,174,99,29,35,6,442,0,1,12,633,4,7,40,13,61,40,1,0,10,5,24,191,29,0,30,19,105,55,12,35,61,0,49,0,1,26,29,2,8,42,53,0,8,81,289,74,5,1,2,47,0,21,18,60,16,20,131,6,56,37,15,2,2,12,225,29,132,1,363,0,5,196,0,7,93,48,0,37,7,190,95,25,64,51,0,12,51,219,0,7,1,50,135,24,16,16,0,1,4,0,151,21,37,0,0,12,199,0,1,8,1,5,0,2943,12,1355,6,0,133,46,29,94,0,22,0,165,6,65,20,81,20,6,8,25,18,0,2,14,6,35,7,26,472,76,28,3,7,54,96,2,0,0,0,0,229,5,31,4,22,7345,4,8,61,0,0,1,1,36,196,0,1,0,0,29,53,16,36,15,0,473,0,0,2,26,46,2,58,2,43,4,85,127,67,80,27,122,18,19,1,25,58,3,17,0,0,38,54,117,59,2,47,126,16,0,54,49,0,9,36,25,31,333,75,54,0,11,16,111,134,4,5,21,32,0,17,7,122,1888,37,189,22,2,115,154,4,10,505,135,2,5,67,0,164,0,2675,29,5,42,2,9,10,0,32,1,5,37,19,98,76,12,52,0,440,3,16,0,15,0,8,222,22,0,83,4312,34,9,11,3,43,19,32,21,59,22,12,68,0,97,481,57,98,4,0,45,10,346,6,33,44,0,16,3,29,44,20,4,12,3,46,3,101,31,15,0,1,9,83,2,12,59,33,620,2,89,33,35,11,27,4,69,16,3,21,0,0,53,3,38,39,6,0,0,10,266,150,15,6,0,3,108,4,22,44,45,2,1,4,32,13,11,145,49,0,1,0,18,153,17,6,68,0,149,71,123,74,29,1679,37,1,1,35,12,54,80,4,10,0,24,17,23,74,294,15,133,114,0,135,122,367,0,1,129,23,589,2,62,78,69,75,1699,21,0,2,9,57,38,61,28,55,16,10,24,3,12,37,1,64,26,1,0,86,0,104,26,79,33,275,33,739,0,3,40,48,0,82,35,16,77,79,84
cell_480,4,3,3,87,29,9,85,105,11,216,44,101,182,17,89,17,77,3,5,5,98,138,9,0,25,0,2,78,24,1,24,6,11,21,24,301,17,25,216,26,94,32,103,38,3,190,0,0,53,600,48,44,28,36,63,57,6,3,11,0,1,28,41,0,28,38,84,15,0,55,4,23,38,11,6,36,45,1,24,65,50,0,5,113,304,23,5,0,1,5,0,5,56,0,30,18,71,5,64,117,29,2,0,15,158,22,156,5,456,1,10,305,12,6,162,23,42,35,32,174,99,236,20,44,0,31,69,20,1,2,2,0,146,4,27,10,1,7,6,0,185,16,8,0,44,13,161,0,28,0,1,9,1,4640,13,1381,29,22,163,15,22,80,18,26,4,203,22,85,15,282,44,4,24,34,3,8,11,21,6,76,15,8,469,62,25,14,11,51,1,54,15,8,0,0,264,0,68,34,18,7101,2,0,39,0,0,3,3,25,240,0,31,5,0,42,78,35,54,39,2,438,0,1,1,52,29,1,45,1,13,3,113,122,19,25,26,95,15,27,0,0,34,5,27,0,2,13,15,258,48,2,2,70,25,0,14,122,0,6,93,30,67,309,18,4,1,23,18,85,148,4,38,0,22,1,21,9,124,1767,5,22,18,90,127,155,23,9,601,123,0,4,60,11,172,0,2612,29,2,22,4,6,1,1,113,0,1,92,19,51,56,11,19,0,436,0,16,3,44,2,15,185,90,4,24,4415,42,0,4,0,70,25,19,49,80,5,5,113,46,0,643,9,125,60,0,22,0,315,0,83,106,34,9,0,21,16,9,11,12,34,96,10,153,101,11,0,20,1,79,4,7,74,148,792,6,77,29,36,38,19,2,48,87,0,24,0,11,117,1,47,125,24,0,79,122,55,51,13,1,0,34,71,0,12,31,31,5,20,7,18,16,17,30,24,47,0,2,33,10,25,3,175,0,86,66,41,11,39,1478,15,0,0,34,21,28,101,25,33,0,39,14,13,48,114,82,115,79,0,299,119,851,1,22,75,88,154,7,43,257,109,81,1836,17,0,8,19,124,1,244,15,44,3,0,6,15,136,60,9,17,0,3,0,76,13,101,20,135,38,4,4,741,1,8,76,31,13,86,3,37,140,143,118
cell_481,17,0,1,65,18,3,54,40,17,296,32,26,243,7,27,23,47,1,1,16,74,70,4,19,40,4,6,156,32,4,22,32,91,57,4,753,0,61,331,48,341,198,20,45,1,402,2,2,34,395,5,47,90,0,106,144,3,4,14,4,0,48,1,1,32,1,34,4,99,49,0,13,99,10,1,43,29,0,12,36,7,0,9,86,264,55,1,0,0,10,5,2,31,2,13,18,58,4,132,86,36,1,0,3,292,27,237,33,373,0,13,66,2,7,174,3,42,30,44,61,12,164,53,97,0,45,64,0,3,14,1,20,236,47,3,14,0,2,5,1,213,11,10,19,13,5,142,2,24,1,1,22,2,3459,39,1714,16,1,170,35,20,94,17,53,2,369,0,111,33,171,9,0,10,48,4,27,1,29,20,56,1,55,215,33,38,4,6,56,90,19,0,13,0,6,260,12,11,0,27,7480,0,0,47,0,0,7,4,10,255,0,67,3,0,53,64,53,36,40,0,454,0,3,2,24,59,2,115,2,64,12,114,83,4,19,15,20,9,12,1,69,25,0,24,0,14,23,16,46,43,6,14,62,16,0,8,11,0,4,46,47,19,217,44,9,0,37,0,68,71,13,7,15,5,22,7,0,111,1520,15,68,10,1,138,200,5,35,383,239,7,8,64,8,194,3,3465,5,14,78,3,6,1,0,11,0,6,60,3,101,125,32,16,4,659,6,22,7,9,4,11,1,16,6,16,4719,83,48,4,22,52,25,35,11,46,1,12,70,43,0,498,89,86,21,4,18,29,17,1,85,95,2,9,27,28,38,13,2,140,0,84,1,92,30,11,0,29,9,58,42,12,102,41,627,23,82,20,33,15,0,0,44,102,2,39,3,0,91,3,130,122,9,0,20,8,8,77,25,2,0,9,134,5,23,19,2,0,59,1,67,6,16,16,17,18,1,2,61,20,63,1,28,3,110,5,94,19,43,878,28,0,2,32,76,7,79,2,0,1,28,29,7,37,322,41,78,129,0,121,186,921,2,48,130,86,130,10,8,133,43,25,713,4,2,14,11,68,2,259,26,28,10,12,5,3,11,34,18,181,0,2,1,1,22,87,32,95,56,98,27,1262,8,8,20,44,0,94,50,4,177,27,88
cell_482,10,2,10,118,20,0,63,77,39,36,39,76,157,29,0,10,76,4,1,20,91,87,11,7,35,8,0,5,23,24,61,23,18,46,19,557,61,28,200,23,19,402,4,31,1,496,1,8,2,310,2,6,76,6,62,53,12,1,18,2,0,165,72,14,35,0,83,2,3,51,52,8,120,3,2,25,122,7,18,14,0,11,11,87,72,42,9,0,0,51,0,0,27,26,8,14,82,2,27,6,18,2,5,3,254,14,246,31,358,0,7,164,0,9,204,31,53,43,13,64,111,12,67,5,18,25,124,101,7,3,2,3,165,23,6,47,0,2,4,4,152,15,17,2,2,6,123,0,13,2,0,7,1,2771,102,1819,80,0,238,36,42,79,0,3,31,57,0,44,27,138,3,4,10,31,7,0,3,23,9,45,28,67,237,84,21,38,9,74,86,0,8,13,0,0,262,12,51,161,21,6250,0,0,64,0,0,12,2,22,255,1,2,1,0,19,33,95,14,31,44,379,0,2,1,22,64,3,61,3,39,4,68,38,160,133,14,179,26,11,0,20,47,1,10,0,0,0,47,38,53,11,29,149,41,2,2,5,0,14,38,10,42,157,31,10,2,18,2,124,100,29,12,2,10,6,23,0,158,2194,14,51,20,3,147,173,5,9,406,174,6,0,46,70,195,0,2991,1,2,86,6,12,5,1,7,0,2,84,9,146,116,40,7,10,571,14,11,2,4,0,2,15,125,1,99,4091,34,27,13,5,44,19,33,28,17,3,31,13,0,5,107,79,90,0,1,22,5,0,5,54,60,0,11,0,40,179,22,0,37,22,5,0,87,36,12,1,15,0,52,23,5,87,47,577,14,90,40,7,8,49,0,43,169,3,24,6,1,106,29,0,1,19,1,1,3,45,80,15,0,0,22,59,10,3,45,18,0,7,18,57,47,19,54,2,14,0,5,37,18,34,0,79,0,230,74,118,31,49,689,1,7,17,44,22,196,109,9,163,4,30,21,13,10,1014,38,74,90,0,57,146,1878,0,21,17,161,272,2,77,87,1,41,150,3,22,1,104,71,4,35,39,52,15,1,0,8,36,32,3,48,11,2,0,100,8,96,14,72,59,274,27,802,5,0,26,48,3,105,48,0,48,202,72
cell_483,33,0,17,107,22,0,85,98,84,217,49,7,178,27,15,6,75,3,1,17,101,235,23,21,22,15,0,111,24,27,45,39,105,109,9,296,29,24,211,0,78,82,21,34,8,147,1,10,55,466,2,32,66,17,4,84,5,5,17,13,0,118,18,0,29,0,52,39,5,41,1,6,35,19,2,21,138,5,27,52,0,0,8,82,299,47,14,0,0,76,1,7,41,0,5,28,69,7,57,29,47,0,0,9,146,15,37,20,345,12,9,179,10,1,90,11,39,15,13,122,70,28,50,20,0,31,246,13,3,1,1,0,135,14,2,5,0,5,4,0,162,17,31,44,30,7,164,2,19,0,3,10,1,8527,58,1367,30,15,176,43,30,97,0,36,1,46,2,66,21,259,12,7,6,68,4,1,4,19,4,56,4,3,419,53,31,31,11,59,50,4,0,5,1,0,238,39,53,2,9,6170,4,0,36,0,0,12,1,22,187,0,95,2,2,47,44,13,11,11,0,421,0,0,0,42,71,6,75,1,19,6,77,109,59,123,10,174,5,15,5,4,64,0,33,0,0,23,79,75,39,3,7,69,19,0,46,101,0,0,27,23,60,302,54,29,0,4,10,83,143,39,15,20,13,13,10,7,124,2024,27,2,43,22,131,127,15,12,444,156,3,2,51,12,168,1,2476,10,6,30,4,19,12,6,97,0,1,67,12,143,103,2,13,1,494,0,26,3,17,0,12,117,156,3,36,4598,4,18,23,5,2,29,18,68,96,2,26,53,20,6,163,75,160,23,0,57,20,349,1,67,106,23,9,0,7,39,3,6,25,27,49,0,160,29,61,0,16,8,80,15,16,51,55,460,25,44,60,48,11,68,0,0,145,2,23,0,0,70,18,1,89,21,9,7,16,11,141,20,6,0,9,54,15,20,11,22,8,19,19,28,10,21,21,50,12,0,1,7,49,41,3,15,0,126,70,139,47,56,1496,2,0,7,15,4,119,108,1,14,0,52,27,89,1,202,57,576,116,3,29,133,778,0,11,132,113,528,4,67,92,82,71,1240,11,2,0,35,104,121,1,42,79,11,0,21,6,92,22,3,7,5,6,0,85,43,111,72,91,52,117,34,817,2,7,27,50,6,34,23,1,66,45,103
cell_484,21,0,22,112,25,5,54,15,62,145,42,24,104,6,1,30,68,3,0,8,80,162,7,8,42,1,5,18,21,9,63,21,13,71,6,551,10,28,183,8,49,243,8,42,21,485,0,76,12,206,9,33,55,6,141,37,28,0,16,0,0,148,6,0,8,39,46,5,0,61,7,22,45,8,4,6,129,15,25,16,2,19,9,51,138,52,0,2,0,40,0,9,40,22,3,20,71,8,62,78,13,4,0,9,203,28,170,0,444,41,15,136,3,0,76,1,0,13,25,106,32,90,66,22,1,21,105,170,5,0,2,38,153,47,8,7,21,4,3,0,140,27,19,7,0,21,159,1,18,1,2,3,1,1754,117,1816,17,0,218,51,22,78,0,36,30,228,6,58,28,186,0,3,0,39,1,6,0,15,13,44,15,93,203,76,23,3,4,73,63,0,0,1,6,1,262,19,184,0,10,6851,7,12,65,0,0,2,4,12,33,0,62,0,0,24,31,5,4,29,0,402,0,0,1,41,54,3,72,2,42,13,102,107,35,121,28,154,31,37,12,2,34,0,72,0,18,1,38,40,40,3,14,126,10,3,30,30,3,8,45,13,6,215,53,59,1,23,0,87,109,0,17,4,23,1,14,4,147,2018,8,16,39,0,140,145,19,39,486,159,0,1,73,29,155,0,3057,9,17,85,0,10,14,4,32,15,4,69,12,129,103,17,14,0,583,0,11,22,21,1,0,40,76,3,81,4010,34,26,3,17,62,10,12,36,50,2,30,57,28,63,431,78,81,4,0,5,20,51,5,93,93,4,2,11,13,12,7,26,15,6,73,10,113,55,24,0,2,8,60,6,13,10,30,588,25,21,78,23,4,68,0,41,117,10,30,3,0,160,47,0,41,6,3,12,50,78,111,9,0,0,6,66,4,20,47,6,47,26,7,44,2,19,32,18,1,1,4,40,44,68,0,3,0,188,71,115,92,32,681,14,0,6,19,16,261,93,4,24,0,44,15,41,0,1133,48,319,117,6,279,166,1392,0,2,121,135,319,11,54,129,75,46,422,12,0,1,65,70,21,95,48,70,17,0,4,1,22,45,2,62,15,9,0,112,0,116,17,78,61,271,18,765,9,1,30,57,12,21,14,0,76,44,105
cell_485,25,0,10,92,16,8,56,41,53,334,28,2,226,3,0,35,38,3,9,9,90,113,17,0,52,8,0,77,32,8,13,8,8,28,15,792,0,52,312,54,54,293,2,34,9,529,0,11,36,464,0,48,143,11,76,7,19,0,50,3,0,7,46,0,2,29,29,4,0,54,38,7,131,33,1,24,134,2,30,33,0,1,7,65,233,67,0,0,0,25,0,4,9,7,10,16,74,3,24,88,28,2,0,3,49,19,308,41,393,0,9,76,1,7,73,0,57,32,24,69,28,182,14,79,1,36,434,23,2,1,3,18,289,20,0,19,0,4,16,3,171,27,12,0,5,14,149,10,34,5,3,11,2,2786,68,1523,15,2,169,25,44,75,0,14,73,212,5,114,14,147,23,1,8,20,11,31,0,35,8,74,10,42,220,63,25,7,3,47,79,0,4,10,0,0,220,0,120,203,14,6805,5,0,55,0,0,17,9,7,288,0,89,0,0,14,38,50,15,36,0,400,0,1,2,23,75,4,103,4,76,7,85,123,19,52,29,57,4,23,0,27,55,4,41,0,6,25,17,68,34,8,5,102,29,0,12,5,0,2,24,44,30,173,42,18,2,46,23,99,84,28,1,13,17,10,15,11,196,1723,14,45,32,2,149,186,10,59,389,228,1,5,69,59,201,0,3249,16,1,6,12,6,4,2,13,5,3,85,15,103,97,12,12,0,631,2,30,3,3,0,11,19,22,12,22,4181,14,2,0,5,24,44,1,14,37,10,57,86,2,0,165,80,36,14,0,29,13,141,2,75,101,19,8,17,25,36,24,0,78,10,26,21,37,42,2,0,0,1,53,1,11,80,7,856,4,47,32,39,16,17,0,6,184,1,36,6,0,64,25,0,102,14,34,39,0,17,29,29,0,0,5,123,3,5,18,3,0,62,6,58,29,15,29,40,1,8,0,52,8,60,0,34,0,155,66,69,8,18,804,11,1,13,60,15,137,70,6,72,0,20,25,8,1,221,10,223,117,0,102,196,1872,0,42,98,122,69,2,60,114,31,42,815,5,0,0,78,78,62,297,27,94,20,13,9,0,7,3,4,41,0,6,1,99,1,81,25,43,49,130,8,1068,5,0,60,65,4,88,1,0,100,271,55
cell_486,12,3,16,97,11,11,74,40,39,59,34,11,191,6,10,9,70,5,25,18,93,74,5,43,61,7,0,179,30,15,19,64,17,40,12,147,79,27,218,0,121,57,20,21,4,368,2,12,6,565,2,42,63,28,35,90,7,4,13,17,2,80,19,2,31,4,26,3,0,60,10,5,107,10,0,3,120,2,27,44,50,0,3,84,0,92,10,0,0,23,15,5,11,99,3,11,155,0,62,45,22,6,10,20,95,17,148,33,314,10,10,152,17,2,31,0,2,35,21,122,105,140,16,11,0,17,436,205,5,2,1,52,110,26,3,5,0,0,5,0,194,0,14,0,0,11,176,2,0,1,0,3,6,1337,83,1412,5,0,135,47,36,58,0,12,5,296,2,73,20,234,95,0,32,18,15,7,1,15,5,73,29,73,452,50,23,19,8,41,76,1,0,3,0,10,267,14,132,19,13,6985,4,0,57,1,0,12,6,25,211,6,74,0,0,40,46,107,16,15,3,458,2,1,2,4,6,0,57,3,65,10,27,108,22,18,21,65,38,10,15,25,10,6,7,0,0,4,33,23,18,0,15,52,4,0,9,11,0,2,41,20,83,357,21,13,0,21,28,30,96,39,11,13,13,17,8,8,130,1939,115,36,13,4,156,143,13,22,408,117,3,3,59,31,146,4,2685,35,62,5,6,13,6,3,147,9,4,17,18,110,97,44,18,8,463,4,8,1,14,13,23,33,37,1,16,4332,75,82,11,37,13,30,5,104,82,15,27,101,21,34,424,65,30,9,0,36,34,0,3,66,118,41,6,3,38,17,13,14,163,0,53,1,153,137,9,0,5,14,62,5,3,37,40,599,5,32,17,17,8,19,0,10,100,15,23,4,0,23,13,6,97,7,47,57,29,23,118,4,0,4,14,4,2,36,21,25,1,121,1,34,11,17,164,14,30,1,0,33,104,14,1,206,0,141,62,102,13,54,1462,64,1,0,46,37,31,89,1,39,0,73,14,10,3,56,7,4,102,2,308,135,883,24,2,83,85,424,6,54,143,30,54,911,21,10,6,19,96,11,237,38,37,15,7,4,16,60,58,2,22,27,6,0,164,0,119,40,94,44,169,42,896,4,10,32,43,7,20,10,8,128,187,102
cell_487,18,0,1,106,27,0,53,25,8,46,43,82,245,32,0,3,37,6,3,18,83,97,29,0,48,6,6,44,20,11,42,44,63,59,26,742,77,58,306,5,129,153,56,53,3,453,0,10,5,115,42,0,121,7,77,123,7,7,11,2,0,61,8,7,24,62,99,60,2,36,22,30,95,14,3,6,6,0,22,34,14,1,4,19,349,18,14,0,1,11,0,9,16,0,6,21,46,9,56,71,84,0,11,10,225,16,193,29,286,1,19,44,5,1,146,3,50,47,11,70,98,31,9,47,3,41,220,6,7,9,2,0,275,35,2,7,0,1,0,0,146,20,11,0,13,17,156,0,40,6,1,15,0,181,29,1643,6,4,120,22,69,72,0,50,7,354,0,44,30,121,72,8,11,20,3,6,0,35,25,55,27,45,227,80,23,19,10,50,0,47,11,3,1,0,259,8,54,77,5,7347,8,0,16,0,0,0,20,4,196,0,0,4,0,52,11,51,17,31,0,396,6,0,3,5,47,0,85,4,39,10,123,57,7,96,13,27,18,20,0,195,91,1,13,1,0,0,44,89,79,6,7,0,35,21,8,30,2,1,26,52,20,176,14,22,0,15,3,95,82,25,6,8,3,14,21,18,87,1475,26,102,31,6,142,195,10,15,405,189,1,4,64,28,214,2,3394,33,10,61,23,9,7,4,78,4,23,54,15,103,90,111,31,2,610,0,3,27,1,5,0,107,133,1,55,4498,73,71,4,57,91,22,47,35,31,13,24,6,9,12,169,28,62,21,0,35,24,3,9,87,109,5,2,0,53,123,29,5,49,17,108,9,82,53,19,0,16,7,45,10,0,17,28,768,11,109,36,33,3,2,6,63,173,1,36,1,0,48,28,0,79,19,169,52,0,15,92,34,0,0,45,95,1,6,10,24,0,28,14,62,75,24,45,11,2,0,0,61,56,48,8,107,0,171,16,26,43,51,910,7,0,0,17,46,57,59,5,60,17,24,23,20,6,29,50,33,112,1,119,127,782,0,9,84,71,111,5,64,32,38,57,1678,13,26,17,35,41,7,324,35,4,12,16,45,0,17,34,7,20,7,4,0,61,9,39,61,48,51,211,34,1169,2,1,13,72,9,23,49,22,130,247,93
cell_488,33,0,10,76,21,12,81,19,70,206,60,15,172,9,70,14,94,11,26,13,88,259,9,1,61,1,0,80,29,23,40,19,36,60,8,108,277,23,160,21,151,121,37,52,12,306,0,39,54,502,40,29,52,16,68,12,4,0,8,9,0,109,20,11,5,7,99,6,0,54,6,12,51,31,2,6,37,16,27,55,9,12,7,67,287,21,10,0,0,35,3,3,39,5,15,3,140,2,33,80,41,2,0,33,275,30,45,14,418,12,3,174,7,2,221,12,36,45,17,61,19,107,47,19,0,14,31,195,4,0,4,1,141,22,0,5,0,8,2,0,133,22,17,0,0,30,188,0,49,2,4,5,2,4501,16,1286,23,8,151,35,5,94,0,11,1,56,5,37,32,281,95,1,1,49,10,2,8,14,13,102,23,25,402,38,30,11,9,60,16,0,0,21,0,5,288,18,16,0,13,6581,0,0,49,0,0,25,1,23,225,2,8,0,0,46,14,25,1,5,0,432,3,2,5,20,43,1,61,0,21,1,43,105,90,101,26,147,30,2,6,15,37,9,65,0,0,1,59,253,54,4,22,65,17,5,56,147,5,15,69,31,10,305,39,13,0,18,41,36,157,8,12,16,10,6,20,17,119,1963,28,164,19,6,104,147,7,22,463,108,5,2,69,16,163,0,2626,2,1,10,10,17,7,1,54,0,3,79,13,120,108,27,33,0,434,0,9,11,44,0,6,129,64,3,54,4417,10,39,5,14,41,40,4,46,4,10,26,187,6,11,150,21,73,0,0,22,16,0,2,86,23,18,19,6,6,11,8,21,37,33,84,0,65,93,39,0,18,0,79,15,2,23,54,482,27,24,30,33,14,27,0,8,81,12,29,4,0,99,7,1,33,5,0,0,65,2,144,16,0,0,7,32,0,17,53,29,8,7,13,35,7,14,109,23,14,0,5,4,9,30,17,167,1,126,74,30,81,36,1583,33,11,4,26,9,118,88,27,26,0,63,26,26,64,83,72,71,120,0,29,127,1079,0,21,96,60,486,6,64,134,95,83,1567,9,0,2,40,66,42,221,33,16,15,2,23,8,31,77,18,0,6,7,3,88,30,115,4,97,55,119,7,836,10,19,32,43,7,26,43,9,152,182,57
cell_489,18,0,17,93,19,5,59,20,129,213,30,48,229,24,55,25,44,2,13,14,94,128,9,10,52,15,0,31,31,15,29,55,35,56,5,657,179,40,277,37,34,207,16,50,3,500,1,28,133,421,1,0,147,11,138,22,9,2,29,16,6,67,24,9,16,29,62,37,0,71,11,0,31,9,1,20,21,0,12,35,0,0,13,68,298,54,14,0,0,63,12,7,103,0,26,19,128,4,36,102,90,1,0,12,208,22,221,9,329,28,17,157,3,4,145,1,1,20,65,40,13,23,56,12,0,38,64,75,6,0,0,0,197,43,23,27,0,2,3,4,175,22,18,0,2,37,168,2,17,0,2,5,1,2492,40,1614,21,1,181,35,10,70,0,36,27,198,2,113,36,98,69,4,14,9,0,0,3,17,6,34,19,51,210,58,16,11,12,58,2,2,11,8,0,0,300,37,85,0,20,7163,9,0,52,0,0,10,7,18,59,1,1,1,2,16,24,29,10,18,0,416,0,0,1,33,101,2,115,0,61,1,39,91,122,120,34,115,44,15,4,44,108,7,78,0,0,25,27,95,87,5,26,9,47,0,54,75,0,8,9,47,21,196,42,12,0,13,29,78,70,16,4,13,13,9,24,2,205,1413,6,13,76,31,144,180,5,34,429,249,0,6,59,11,221,3,3259,20,0,98,1,12,17,0,27,0,16,75,9,90,118,47,23,1,637,0,14,10,39,0,3,113,45,1,49,4457,34,9,4,8,135,13,36,16,33,16,45,18,0,0,459,77,94,27,1,27,30,0,7,92,90,8,17,48,16,18,20,54,24,30,14,0,74,65,9,0,13,22,52,1,18,113,162,822,10,61,103,44,5,78,0,0,116,3,27,1,1,94,3,0,42,2,0,0,62,127,121,10,0,0,15,65,21,4,52,35,68,8,6,14,6,14,52,17,2,0,0,18,50,56,2,31,0,154,59,153,56,38,922,28,0,0,23,12,158,75,11,38,1,38,22,96,46,294,19,133,124,0,27,134,1085,0,17,100,106,267,5,48,10,28,28,1761,18,0,0,76,92,4,286,27,72,25,1,6,2,0,49,12,89,6,2,1,67,45,89,28,29,47,321,9,1199,2,5,25,49,4,99,29,0,175,175,36
cell_490,9,1,1,82,38,0,136,46,88,141,36,32,78,7,19,13,57,18,5,1,82,128,12,1,31,2,4,54,25,7,46,126,39,89,13,877,24,25,187,109,149,95,9,33,18,380,8,15,2,290,6,0,96,13,74,102,4,0,21,2,8,26,48,2,53,0,79,0,15,84,3,4,65,25,4,13,3,0,16,62,3,5,20,6,115,3,2,0,0,35,4,5,17,0,18,18,123,3,189,154,90,5,2,14,239,46,186,6,348,0,35,61,4,8,60,46,89,53,95,48,83,22,13,51,3,54,3,0,7,18,3,0,233,70,19,17,4,14,8,0,284,38,23,0,7,14,130,0,6,12,5,71,3,131,115,1567,0,0,151,43,115,114,0,21,24,16,3,64,91,126,51,8,4,2,2,0,13,28,7,43,7,63,122,43,16,5,63,100,0,14,0,5,0,0,185,12,26,206,35,6895,5,10,98,0,0,0,16,48,113,0,16,0,0,53,27,2,44,47,0,995,10,10,13,28,126,8,38,0,25,7,54,82,42,26,30,15,22,18,0,323,13,0,21,0,0,1,31,15,21,3,13,325,40,0,26,37,0,16,55,107,6,74,8,40,0,20,16,132,26,14,4,17,1,73,18,1,49,1238,13,7,21,0,152,116,12,17,263,121,23,9,55,1,275,4,2779,6,35,32,6,19,3,3,86,2,20,65,21,6,81,128,20,4,641,0,23,41,14,0,4,69,40,3,34,3194,104,130,14,17,65,42,27,23,21,13,29,17,0,0,56,41,53,8,0,9,78,0,8,56,62,0,43,0,29,99,6,4,54,9,13,1,31,109,10,5,10,39,63,13,38,20,64,407,5,90,15,101,22,3,0,56,153,2,65,5,1,137,18,0,10,16,0,21,2,3,93,17,6,6,22,28,20,27,47,34,0,13,7,76,6,40,19,0,11,1,0,13,68,15,1,11,0,144,34,106,39,47,930,10,0,5,30,134,236,60,1,95,0,7,32,2,19,1,1,7,90,0,19,103,430,0,78,125,41,122,1,43,72,2,34,331,25,0,82,26,142,16,273,69,16,46,0,7,7,44,46,15,149,0,57,16,34,1,66,49,46,38,113,19,1175,7,2,92,169,3,119,33,1,127,113,65
cell_491,16,2,9,52,0,1,50,35,106,84,19,8,145,6,69,16,44,19,0,2,75,117,12,16,18,3,0,33,22,17,33,52,82,5,25,311,305,22,167,5,37,22,16,22,0,204,1,9,12,205,0,31,73,16,23,80,3,13,4,10,1,4,19,0,22,41,9,18,12,52,11,13,41,6,3,31,39,18,28,54,7,0,15,78,174,20,11,1,0,46,4,7,15,11,0,24,110,0,22,75,88,5,33,8,205,33,10,21,785,1,20,66,15,5,84,0,10,72,5,87,64,14,31,15,1,37,263,269,15,0,4,22,84,31,5,17,0,14,3,10,63,39,18,0,4,1,370,6,32,2,3,22,2,4005,81,1046,46,1,119,30,35,50,0,36,14,124,7,38,29,177,13,7,6,1,5,4,3,26,5,66,23,27,246,46,26,2,4,68,122,1,0,11,0,3,155,19,59,3,32,3978,1,0,11,0,1,4,10,19,153,0,174,0,11,49,30,31,4,23,0,1158,1,4,2,46,78,5,42,2,22,11,45,134,107,35,25,76,27,31,16,12,70,0,49,0,0,86,60,151,9,12,21,51,28,0,61,44,0,0,30,18,39,185,38,0,2,15,0,187,92,18,34,8,1,17,14,10,178,1262,37,61,7,14,178,284,5,20,100,104,1,0,54,21,286,2,2442,59,18,26,6,7,5,0,124,4,10,84,16,68,91,15,12,0,469,0,11,16,3,4,6,16,123,17,11,6262,95,34,15,20,38,12,36,61,62,20,27,187,3,18,97,66,35,10,13,62,59,203,0,26,74,1,14,0,20,270,5,1,106,5,24,2,192,32,11,0,16,20,152,20,13,13,80,271,1,89,43,25,2,33,1,8,39,5,24,1,0,102,14,0,62,0,1,58,37,148,115,7,1,0,2,21,16,1,12,39,12,19,7,55,3,33,27,61,30,5,4,10,101,28,4,57,0,107,70,99,54,43,3880,7,0,2,31,46,28,81,8,284,0,14,25,67,20,272,2,37,79,0,152,50,748,0,29,58,30,64,3,47,15,113,129,1414,8,7,0,29,61,40,159,41,72,23,1,27,1,67,20,7,89,5,7,2,36,6,89,48,75,18,190,59,1694,2,34,36,150,9,80,34,0,72,138,56
cell_492,7,2,25,86,23,0,40,11,24,90,24,86,121,23,0,15,56,16,37,0,112,91,7,0,36,3,0,60,19,11,45,42,147,20,34,426,302,26,271,28,271,262,3,23,10,404,1,11,3,41,37,12,79,6,184,173,9,0,30,3,0,88,20,1,48,19,112,16,0,45,27,3,45,54,2,10,23,8,19,12,26,0,5,54,320,24,4,0,0,36,0,13,45,0,8,28,57,12,138,3,130,2,0,3,138,22,141,67,386,0,10,92,4,7,49,7,0,39,40,69,71,26,36,46,0,26,263,36,25,3,3,0,115,26,6,5,0,2,1,0,102,18,13,0,13,106,188,1,44,0,5,1,4,1414,122,1173,24,0,121,25,40,87,0,51,41,146,15,87,53,179,11,0,43,74,7,4,0,15,5,91,21,16,325,81,20,3,4,57,36,1,5,10,42,3,202,8,285,52,10,5272,39,0,40,0,0,3,2,31,40,0,35,0,0,58,47,25,6,21,0,466,5,0,14,44,32,2,61,0,12,8,103,53,74,109,44,79,30,52,8,29,134,8,4,0,0,2,41,12,24,0,1,109,15,0,37,26,0,7,72,19,54,234,27,51,0,14,11,278,85,12,2,17,7,5,13,0,195,1295,12,9,2,12,120,211,23,57,271,171,0,8,46,46,316,4,2231,45,31,13,6,19,39,0,30,1,2,109,17,97,115,31,7,0,822,0,25,5,33,19,9,110,120,4,25,5497,69,5,2,46,17,37,82,28,20,4,22,117,0,58,367,78,57,25,4,24,11,0,1,54,100,22,44,0,39,27,6,8,102,9,22,4,72,120,34,0,7,18,92,3,7,72,1,699,4,35,31,37,12,8,1,18,169,3,25,3,12,72,1,23,6,4,23,20,34,292,80,22,1,0,10,127,1,11,34,28,0,88,16,53,63,18,47,4,6,0,0,3,110,0,2,74,0,68,65,50,48,50,577,11,0,0,25,64,172,23,1,177,4,29,114,17,36,546,11,123,126,0,156,111,1051,0,13,73,55,224,6,45,240,48,55,2368,22,5,4,43,48,16,255,41,74,15,1,20,0,12,31,6,24,2,7,7,88,16,127,35,59,27,332,0,1624,1,12,66,87,11,33,16,1,6,58,46
cell_493,14,0,5,79,32,6,88,36,31,204,56,94,210,7,2,9,73,0,1,3,86,112,19,4,25,1,0,179,22,12,44,7,153,8,2,305,38,15,206,22,274,74,15,28,27,139,0,2,9,491,5,33,47,14,17,72,3,0,12,1,6,104,44,5,29,0,92,21,4,50,4,21,36,13,1,60,31,0,34,75,1,0,9,75,268,57,9,1,0,18,22,14,5,33,21,19,15,9,41,83,10,7,7,9,166,18,106,42,408,1,5,192,4,8,71,3,40,23,16,64,59,189,63,42,0,32,122,29,3,1,0,3,147,45,7,5,0,1,21,0,180,25,3,6,20,8,190,0,13,1,3,7,3,3311,59,1499,22,1,101,34,17,34,0,37,13,267,15,53,24,98,17,0,51,40,19,9,1,24,3,78,1,35,501,42,30,3,19,73,107,37,0,3,0,11,247,2,35,0,19,6474,17,0,56,0,0,11,5,21,237,0,6,0,0,32,51,33,52,21,0,406,5,1,1,85,25,1,57,8,17,2,59,137,19,48,13,52,18,17,33,3,20,3,19,0,0,0,19,24,14,0,14,122,29,0,47,45,0,1,116,19,58,318,25,48,0,9,9,50,96,15,7,16,26,5,9,9,113,2136,47,33,17,19,120,160,4,8,444,114,11,7,85,0,145,0,2755,6,45,41,5,9,6,2,106,6,7,115,14,71,86,24,12,5,451,2,27,2,15,0,9,35,125,1,24,4488,67,60,2,22,17,23,12,59,12,3,5,90,49,0,560,69,108,72,0,27,21,20,3,77,114,30,18,4,16,23,11,11,65,0,80,0,156,60,9,1,6,3,77,16,6,47,19,610,5,108,42,60,25,31,0,27,22,3,19,9,0,57,4,237,107,8,0,26,11,1,157,16,3,0,11,66,4,54,15,14,0,35,0,46,7,13,107,13,1,3,16,3,77,14,2,271,0,123,8,116,43,30,1301,26,0,0,35,37,100,106,12,4,1,74,33,34,17,247,2,177,95,0,60,160,825,0,38,135,99,410,9,42,47,87,62,1385,14,7,0,25,96,0,208,38,26,18,3,42,4,11,64,10,172,1,5,0,41,10,104,60,108,49,78,36,838,2,18,48,66,0,61,37,52,28,95,39
cell_494,18,1,9,91,27,0,101,11,36,440,29,116,128,13,32,6,90,6,4,1,100,93,4,45,105,4,4,85,31,8,46,60,79,19,11,332,170,8,254,15,54,137,29,50,0,411,0,49,44,634,3,41,58,20,48,79,0,3,5,1,0,38,3,0,23,0,33,56,24,52,4,0,7,5,5,22,38,0,29,17,20,0,13,30,291,27,3,1,0,26,15,13,56,34,56,1,67,0,69,98,90,9,0,24,169,35,123,2,184,11,50,287,5,4,123,64,25,45,41,111,34,41,39,42,1,28,36,0,10,11,1,15,152,34,2,12,0,1,0,2,99,21,33,0,16,52,181,0,2,4,2,7,2,1185,53,1331,1,0,145,42,37,78,0,33,7,344,2,85,16,253,3,5,19,1,6,0,3,25,16,50,7,58,443,32,19,6,5,67,28,0,2,4,1,0,231,8,6,0,14,6649,8,0,52,1,0,0,3,30,195,0,50,0,0,69,42,56,14,37,0,437,0,0,3,30,81,1,66,3,64,10,26,125,39,98,12,141,26,13,5,89,4,0,33,0,0,27,75,91,54,9,55,3,21,0,30,152,0,7,20,23,30,326,15,9,0,14,9,56,137,6,7,3,9,23,16,8,120,2045,23,100,156,0,94,152,9,28,669,115,6,15,78,0,155,5,2500,11,3,12,3,5,25,0,55,0,18,66,17,152,72,30,47,0,488,0,10,2,2,0,8,280,4,29,67,4274,15,17,12,31,91,15,26,5,92,2,36,44,40,0,493,35,61,0,0,9,22,38,0,80,104,10,13,0,39,23,22,8,73,20,75,1,60,52,26,0,19,15,71,17,16,73,43,635,4,42,62,49,11,12,0,21,114,4,30,0,0,71,12,0,18,8,3,2,45,5,149,8,0,0,3,54,9,5,48,31,4,36,8,27,0,15,92,97,27,0,0,25,37,69,1,21,0,195,41,90,50,35,1069,50,0,1,14,11,104,97,0,33,6,25,23,24,16,501,26,6,93,0,116,91,1125,54,10,89,101,484,1,39,34,14,109,1742,21,0,0,43,122,19,169,34,75,8,0,0,6,29,81,8,1,1,14,11,103,0,115,12,104,32,207,18,794,0,5,41,43,4,67,57,9,179,108,100
cell_495,13,2,0,87,24,0,89,14,66,191,46,25,184,7,0,38,91,8,2,0,69,211,27,3,38,5,5,64,20,17,51,16,16,27,8,387,21,23,157,33,156,191,18,46,1,152,0,7,5,521,11,29,24,17,101,121,4,14,31,0,0,49,27,9,1,0,64,11,3,59,27,0,31,40,14,17,35,21,23,64,0,0,3,53,272,11,3,5,0,53,5,4,6,4,0,22,42,7,80,23,57,0,1,8,256,37,21,14,410,0,8,91,8,9,95,14,37,26,18,51,44,56,28,15,43,18,158,86,8,14,2,0,140,11,5,3,2,1,23,2,203,20,32,0,26,2,194,5,30,6,10,11,3,7366,6,1306,2,5,172,28,22,52,0,39,35,195,15,6,18,257,0,6,5,0,35,16,1,17,4,42,9,22,379,42,19,0,3,72,103,4,14,0,0,7,286,15,247,2,17,6101,13,2,7,0,0,10,9,5,215,0,96,2,2,7,46,39,21,32,0,407,18,1,1,53,70,1,40,3,16,11,94,157,91,52,27,131,1,9,10,17,95,4,17,1,4,17,68,158,61,8,1,0,24,0,49,49,1,0,11,29,54,374,34,4,0,18,11,103,116,16,19,48,37,3,16,22,8,2176,0,4,51,15,117,123,22,20,554,102,2,1,30,0,152,11,2429,11,2,46,0,22,14,5,116,0,13,125,10,60,96,16,31,1,437,0,32,2,7,42,23,77,102,14,58,4689,36,6,0,13,27,17,30,103,27,4,46,60,0,49,398,53,64,9,0,41,21,381,8,77,95,18,5,0,22,42,19,7,53,20,14,9,102,40,22,1,41,0,69,1,14,56,22,534,1,80,36,57,22,25,3,0,73,4,19,6,4,51,11,21,4,6,59,15,1,28,114,20,3,6,7,127,0,6,34,4,0,27,6,54,55,19,73,17,13,3,16,2,12,9,1,103,0,144,76,37,73,41,1401,12,0,1,33,5,141,44,39,72,0,68,12,18,29,4,5,136,120,0,170,155,1119,0,16,142,97,371,6,48,59,35,78,2476,21,0,0,116,40,11,226,34,23,14,0,7,3,92,6,1,30,6,17,0,142,11,118,62,68,35,333,19,802,0,9,29,13,11,97,43,7,10,0,88
cell_496,8,0,19,136,16,0,46,20,71,142,33,7,123,6,15,54,74,12,0,18,75,165,1,0,72,6,1,82,24,19,47,0,4,1,8,549,0,22,180,30,107,321,24,33,0,153,1,14,79,347,1,24,80,0,121,0,32,0,39,3,14,113,79,1,19,5,88,0,3,56,7,30,93,1,7,4,168,30,17,34,13,28,7,9,303,23,1,1,0,62,8,7,20,5,34,28,51,3,17,82,4,0,0,4,148,24,261,14,419,4,2,183,2,11,122,4,38,48,13,100,102,86,20,41,0,32,233,296,0,0,6,12,192,20,5,20,0,2,7,2,140,18,26,0,2,8,133,7,4,7,0,17,1,1297,44,1737,12,32,230,27,13,85,0,11,36,71,4,18,27,50,4,6,18,62,1,19,5,23,2,19,1,2,254,43,19,29,9,67,38,15,0,16,0,0,279,0,151,41,16,6622,2,6,52,0,0,17,9,21,13,0,5,5,0,14,21,14,57,37,1,411,16,0,6,63,64,3,63,20,10,5,29,104,133,103,25,119,17,29,1,21,38,2,12,0,6,1,12,44,35,9,19,17,11,0,30,33,0,4,50,0,30,219,7,71,2,17,2,91,79,25,16,1,26,12,21,15,145,2224,12,23,30,4,137,143,2,9,494,174,24,0,84,0,155,5,2911,3,0,51,15,12,7,8,56,4,1,85,21,62,110,11,15,1,568,2,15,5,38,0,21,74,118,4,106,3921,35,21,9,0,32,16,14,38,60,1,20,67,20,6,230,68,86,21,2,32,22,70,3,75,7,13,16,0,21,45,10,0,46,0,92,0,22,35,6,0,4,7,60,9,4,46,18,595,12,65,66,24,7,36,0,3,127,0,18,0,0,63,5,21,80,10,0,4,20,14,123,9,9,0,47,78,11,17,53,18,0,0,17,52,5,19,75,17,0,3,4,9,73,34,1,129,0,221,65,72,69,4,681,3,0,1,52,24,175,76,16,73,0,56,7,54,1,39,13,34,55,0,147,119,1566,91,18,128,146,300,2,54,65,33,59,763,20,0,4,31,68,5,98,48,62,16,3,2,11,39,13,6,27,10,2,0,10,41,94,48,63,53,186,44,701,3,10,8,70,3,36,49,0,66,0,72
cell_497,24,1,6,46,22,0,41,3,79,50,30,52,170,20,0,6,57,25,6,0,86,54,5,1,13,4,0,67,19,10,58,85,220,48,21,572,68,24,166,21,151,52,4,24,0,278,12,5,10,276,51,26,75,5,24,170,0,8,4,0,0,39,4,9,24,2,90,10,0,28,9,6,6,70,2,58,11,0,25,4,6,1,10,82,217,4,2,0,0,4,2,0,37,0,17,18,96,6,114,3,16,5,11,23,196,21,200,6,826,0,65,133,7,8,102,30,41,83,32,62,41,10,114,77,0,29,117,254,0,3,41,0,81,60,5,11,0,11,11,0,51,2,17,0,6,12,301,0,26,1,1,7,2,280,51,1086,33,1,90,30,89,24,0,37,11,189,3,59,41,119,0,1,10,1,32,3,5,32,39,83,0,30,292,63,26,28,6,80,102,0,8,6,0,1,176,11,121,0,15,4282,0,6,45,0,1,0,0,28,134,1,72,0,0,51,41,58,6,41,0,1257,19,2,9,57,59,4,60,0,19,3,73,98,61,275,19,80,32,20,0,16,61,8,0,0,0,14,75,88,17,2,3,658,15,3,24,41,0,21,22,26,148,204,26,5,0,6,16,498,111,34,1,27,1,3,18,1,454,1280,12,7,8,0,196,316,8,54,122,117,0,12,75,2,302,0,2508,22,11,73,10,12,5,0,49,0,10,61,21,16,49,42,44,0,367,0,26,12,4,0,21,65,9,97,10,6255,28,5,26,24,35,45,50,18,130,0,15,53,0,2,290,46,68,0,1,21,63,120,0,33,61,0,31,1,56,84,15,3,95,38,112,3,123,62,21,0,2,2,129,17,30,60,0,415,4,92,45,45,17,10,1,48,32,7,22,1,0,197,0,1,163,13,0,0,8,123,101,19,0,0,7,121,1,12,84,19,7,42,16,44,40,39,111,13,0,0,1,1,120,27,41,39,0,135,39,135,47,43,3971,14,0,1,50,9,50,96,5,123,7,1,36,34,46,404,18,38,49,0,40,62,482,2,30,98,111,138,3,23,494,103,113,2960,14,0,13,73,78,26,196,26,107,24,6,0,0,41,53,3,80,0,5,0,81,0,92,21,94,18,257,14,1391,0,17,14,139,2,118,34,21,44,76,0
cell_498,21,0,14,46,25,0,51,14,50,146,26,11,189,16,80,7,52,32,10,21,78,72,2,8,28,7,0,54,30,11,26,20,163,26,29,332,156,24,204,0,61,16,55,27,6,224,3,27,4,101,17,26,86,48,66,39,4,4,7,6,0,29,4,14,27,39,102,14,0,59,0,25,54,69,1,21,7,0,18,24,69,10,14,74,96,7,7,0,0,28,0,0,21,5,58,4,116,4,84,63,2,18,23,7,182,30,152,23,701,5,60,111,9,7,81,46,45,63,17,58,29,56,49,149,0,12,39,242,23,7,2,0,82,22,5,11,9,9,9,1,58,5,3,2,0,30,371,4,35,2,0,3,2,2036,63,1101,111,0,97,37,13,12,1,55,2,111,4,11,35,75,2,3,5,55,22,11,2,20,34,97,39,6,277,49,11,18,7,77,44,0,0,32,0,0,164,13,46,2,3,4403,14,0,36,0,0,0,5,19,78,0,11,0,0,61,14,106,2,22,63,1066,7,0,10,13,27,4,45,9,54,5,69,126,59,74,11,96,41,26,0,30,30,1,9,0,0,24,79,173,14,12,15,700,32,0,0,116,0,29,31,17,4,187,26,3,0,11,67,238,109,14,11,26,2,1,11,14,450,1451,63,6,16,0,186,246,2,41,111,89,0,8,76,43,229,0,2546,13,0,11,1,8,14,0,20,0,1,32,17,64,147,35,59,0,410,15,8,16,5,8,6,28,77,104,7,6633,34,30,3,12,159,54,29,23,29,3,61,119,1,0,118,34,31,6,5,20,63,0,10,36,47,19,19,0,58,43,8,15,116,8,96,4,96,111,11,0,0,11,139,13,23,22,38,363,0,89,8,18,5,11,0,40,19,2,32,9,5,125,9,0,122,6,0,1,40,30,12,15,1,3,2,88,1,15,39,9,40,190,13,34,1,24,32,19,51,0,0,7,41,16,29,38,0,128,58,133,7,41,3955,21,0,5,35,36,45,88,11,165,2,11,55,1,12,906,0,2,93,9,381,64,649,0,6,55,81,54,4,55,829,58,82,2826,7,84,30,70,30,15,227,2,36,13,9,77,13,16,48,5,57,0,6,4,144,0,99,64,105,26,218,89,1488,1,24,144,111,4,40,23,39,118,148,31
cell_499,19,0,7,38,31,6,52,19,105,10,27,70,178,10,41,22,56,60,0,1,99,5,14,18,37,12,0,78,18,9,36,31,83,4,8,577,299,19,165,42,46,49,24,31,3,74,0,11,60,152,3,4,82,6,19,175,0,9,2,10,0,84,20,3,28,30,48,27,0,45,28,19,25,29,2,40,61,9,30,39,33,0,13,68,213,8,2,0,0,51,2,2,31,4,3,49,104,5,55,76,56,0,1,1,100,10,214,35,771,10,13,119,4,1,141,36,35,86,38,99,53,8,132,14,1,36,427,216,4,0,1,0,68,48,6,15,0,6,11,7,60,43,32,0,33,39,306,11,31,3,6,27,1,5902,48,1026,20,0,115,37,43,60,0,26,22,195,8,80,28,142,12,6,6,11,22,19,1,28,11,105,21,11,283,15,31,23,24,66,79,0,3,5,0,0,184,16,265,2,16,4005,7,0,5,0,0,0,2,6,22,0,8,0,0,34,59,29,12,30,0,1069,1,5,3,56,84,7,46,2,5,1,73,154,54,124,18,23,17,11,2,182,84,0,15,0,0,73,49,64,13,4,15,111,25,0,38,17,0,0,2,34,6,189,19,18,0,32,19,398,94,22,7,9,5,9,7,9,376,1390,78,1,45,5,203,281,9,18,133,85,0,3,68,0,256,0,2536,49,11,111,3,11,12,1,158,0,27,70,22,121,98,15,17,1,412,1,20,47,6,0,6,25,149,5,4,6716,95,10,2,36,106,11,47,68,111,2,40,95,17,68,74,73,72,11,12,53,64,207,6,40,99,6,18,1,28,76,12,0,67,1,106,1,29,69,21,1,34,30,132,12,28,53,32,323,14,108,68,23,5,16,0,42,103,0,26,5,0,126,14,0,88,2,8,7,0,2,106,3,3,1,0,71,14,13,61,7,3,130,11,56,72,37,32,49,20,10,2,15,164,6,14,39,0,105,76,128,40,49,4224,0,0,0,25,25,51,72,27,176,3,13,30,29,7,647,0,39,32,0,24,48,678,1,23,103,68,58,5,35,124,70,76,1538,18,14,128,15,76,102,218,40,70,16,0,5,0,35,4,0,44,6,2,0,27,3,118,15,44,19,245,88,1506,1,37,55,108,5,49,34,10,152,115,60
cell_500,25,2,19,56,18,12,47,82,137,61,14,7,142,14,187,0,61,12,0,16,90,55,13,18,54,2,3,38,13,9,37,77,286,29,8,452,195,34,157,11,169,79,54,27,2,88,1,43,41,264,4,13,92,1,70,13,4,7,3,2,7,14,104,5,12,8,68,4,10,46,6,13,118,109,4,65,197,11,24,24,4,10,13,99,281,10,9,1,0,59,0,11,12,32,21,21,123,8,20,63,42,3,6,12,209,29,231,17,733,3,9,94,2,6,108,39,50,79,21,31,54,55,105,162,0,20,13,111,1,0,1,0,61,28,22,29,0,4,13,1,55,59,33,0,17,32,334,1,8,0,1,22,1,2451,20,1080,46,8,103,27,2,60,3,42,2,52,3,99,29,129,33,6,3,5,5,0,3,10,16,43,31,20,300,29,9,5,9,68,73,0,0,8,0,0,194,12,4,2,18,4661,2,0,12,0,0,19,10,33,159,0,0,0,0,46,20,15,1,32,0,1110,0,12,10,25,64,5,78,0,97,0,48,114,229,73,28,88,43,10,19,77,91,3,101,0,0,32,19,96,10,1,29,472,3,0,45,117,0,7,17,21,20,146,59,7,4,10,35,56,89,22,14,16,5,22,9,13,233,1365,31,34,19,0,170,299,21,15,111,106,17,1,87,0,291,5,2533,1,2,70,0,6,8,0,118,2,15,56,17,42,121,13,59,1,430,0,19,29,15,0,2,60,44,21,36,6552,67,23,4,28,141,27,62,48,44,2,27,153,32,0,61,13,36,12,0,33,57,25,4,40,62,30,27,1,27,60,0,2,100,0,71,0,52,65,16,0,8,17,108,5,13,47,30,401,15,79,31,19,7,23,0,42,83,2,31,3,0,256,13,21,26,0,5,12,45,35,90,20,2,0,19,40,8,5,103,36,19,6,6,45,0,32,34,145,6,0,0,4,48,34,26,44,0,86,82,103,52,38,3920,52,0,0,42,35,35,63,31,47,0,12,55,5,0,85,1,81,113,0,16,57,619,6,69,83,101,90,6,58,52,95,58,2984,7,0,51,35,56,61,190,29,97,31,9,8,6,17,38,10,41,14,9,8,48,39,108,59,97,35,39,31,1522,2,5,43,99,4,43,52,6,108,35,42
cell_501,6,0,13,51,16,0,43,16,49,80,27,5,146,5,0,58,62,34,5,3,64,116,7,26,11,9,0,87,25,4,37,1,73,37,7,579,202,14,173,7,193,65,13,34,8,293,2,0,16,202,0,10,160,18,23,3,1,0,7,8,1,83,26,2,9,43,67,17,7,39,32,14,21,70,0,16,23,10,28,32,20,0,12,82,275,19,2,0,0,50,1,1,26,23,2,27,106,7,59,78,5,1,0,5,222,24,161,3,673,2,16,157,4,8,66,0,35,87,39,104,39,7,75,63,0,19,238,289,31,0,1,13,72,44,8,2,0,11,14,0,50,55,35,0,15,3,340,7,18,5,9,3,2,4889,73,1101,108,0,86,25,54,51,0,15,16,86,8,34,30,33,0,9,0,8,4,2,0,16,7,60,26,26,282,11,15,46,37,71,7,4,0,2,0,0,152,9,82,174,22,4751,0,0,48,3,0,8,8,19,85,0,112,2,0,18,33,21,18,1,0,1087,3,0,3,76,89,8,50,0,36,3,21,126,197,173,27,40,38,57,14,1,46,1,40,0,0,34,56,24,4,3,5,185,28,0,46,8,0,4,17,14,120,205,34,54,0,10,15,285,81,39,34,20,13,9,9,3,407,1156,33,28,3,0,191,303,19,4,118,98,4,7,80,7,299,0,2298,29,36,108,2,12,14,2,105,3,2,68,18,27,117,25,22,0,359,1,18,1,11,0,12,33,1,65,1,6522,71,67,31,26,7,20,28,37,131,2,19,124,17,35,105,89,59,4,1,40,72,243,2,36,75,8,25,0,13,41,12,3,47,37,17,15,132,17,16,0,4,23,129,5,19,24,24,381,8,71,54,30,4,42,0,44,83,4,35,3,0,248,0,0,226,1,0,0,18,52,117,22,4,0,32,86,1,6,20,33,7,23,4,35,19,29,39,50,0,4,0,26,148,29,0,176,0,114,34,103,57,26,4129,16,0,12,35,13,58,78,36,18,1,17,4,28,44,101,1,429,79,0,77,48,601,0,41,111,83,110,12,24,148,101,82,2450,25,0,6,84,74,39,31,40,76,21,0,11,2,15,25,4,247,7,4,0,49,43,92,105,65,26,257,91,1605,0,34,47,139,4,5,53,0,132,64,63
cell_502,3,0,3,52,25,0,54,24,94,47,11,43,86,20,28,22,60,20,8,2,76,58,4,28,23,9,0,62,19,14,34,21,157,62,21,624,43,25,197,34,83,111,9,36,4,327,0,27,18,217,1,24,131,33,61,19,0,0,3,9,0,123,21,0,16,0,116,10,10,48,9,11,94,61,1,80,40,6,21,7,0,8,16,67,221,19,3,0,0,37,9,8,22,0,27,19,95,6,105,30,11,28,8,2,271,4,84,28,697,0,13,116,4,7,31,17,14,66,44,104,29,33,101,61,0,23,443,19,15,3,4,3,97,62,9,14,0,9,2,0,47,49,9,0,15,38,355,1,11,6,4,28,8,1992,93,1002,18,0,92,27,5,51,0,27,21,138,0,57,37,85,0,3,21,20,15,7,3,24,3,68,46,54,286,21,29,33,19,93,12,0,0,4,0,2,158,5,53,0,15,4493,0,0,49,0,0,6,3,31,77,6,8,0,0,41,9,89,8,15,0,1289,5,0,2,24,40,1,56,3,44,7,47,145,54,317,26,60,37,10,1,50,89,9,20,0,2,16,75,35,0,6,1,198,2,8,55,12,5,3,23,9,20,185,80,15,1,17,33,360,107,29,12,21,7,7,4,14,389,1136,58,27,25,8,202,290,1,27,119,116,9,16,71,9,278,8,2396,41,6,71,1,7,13,0,29,0,13,76,14,109,114,29,18,0,404,8,28,5,25,0,4,12,15,48,28,6415,74,35,27,0,50,19,37,68,113,8,38,22,22,0,136,60,49,11,0,14,21,41,1,22,59,0,15,5,33,9,12,0,16,0,98,0,123,39,32,0,3,21,104,15,16,33,24,394,3,103,30,33,15,11,1,31,110,2,31,9,4,107,2,0,11,7,0,2,54,92,101,16,0,0,15,45,4,34,60,20,0,30,3,43,37,38,52,58,1,0,12,13,57,12,0,53,4,129,30,62,18,36,4033,22,1,6,46,36,65,87,23,10,3,30,29,30,29,916,0,45,118,0,144,61,644,4,4,81,107,103,2,44,259,92,110,3381,9,30,69,51,93,90,200,25,52,15,1,14,1,1,34,3,202,5,1,0,91,37,114,24,113,18,276,3,1603,1,5,147,131,0,41,45,1,102,84,57
cell_503,19,0,0,47,10,0,21,20,288,63,17,49,148,21,2,34,56,4,8,0,83,59,4,13,16,16,0,16,15,18,40,11,210,20,27,630,0,28,190,49,69,134,11,28,7,191,1,25,30,247,9,21,107,11,38,47,1,0,31,11,2,95,19,6,6,15,91,41,0,54,17,8,25,94,3,63,20,22,14,33,19,0,11,62,175,14,0,0,0,56,6,2,20,0,19,35,86,7,85,18,57,7,0,4,189,16,231,30,107,5,6,60,2,9,44,10,47,90,43,52,22,18,30,120,0,25,270,80,39,3,1,0,83,50,2,4,1,2,6,5,47,48,8,0,83,17,368,1,0,3,12,6,1,6666,31,1014,8,0,107,20,2,79,0,5,26,123,4,73,37,99,0,1,13,4,12,14,3,25,0,54,10,12,276,34,26,58,21,88,0,97,10,3,0,7,122,3,327,21,24,4186,6,10,32,0,0,38,2,17,125,0,26,5,4,18,6,17,8,49,0,1135,0,0,0,52,90,0,28,0,32,2,18,144,183,205,27,106,24,9,0,71,156,5,77,0,1,1,65,14,12,4,2,747,18,16,12,44,0,9,3,3,79,197,63,44,0,19,1,282,106,27,8,28,7,5,12,4,342,1361,0,72,20,1,190,292,38,9,75,68,11,5,37,55,280,2,2639,8,8,29,3,5,10,1,65,0,6,94,14,120,94,55,20,0,453,0,24,4,0,3,10,115,0,2,29,6528,14,21,12,6,182,33,50,11,85,11,45,90,4,34,310,70,28,8,1,51,58,0,5,49,44,1,15,0,35,15,4,1,10,2,91,7,34,7,4,0,25,55,147,0,4,18,47,433,18,93,34,37,22,5,1,38,107,5,26,1,1,65,0,8,66,6,11,0,7,228,108,16,0,0,1,130,1,24,20,25,0,19,14,40,68,22,62,80,0,0,2,18,72,13,8,97,0,90,79,55,54,15,4090,3,0,29,23,8,57,23,8,313,1,14,24,23,54,155,10,68,67,0,13,40,461,16,19,24,34,35,4,55,71,73,81,3011,11,6,24,45,71,192,26,18,106,18,1,13,2,92,18,4,6,11,1,29,50,68,120,102,82,24,244,22,1673,0,39,179,183,3,97,1,0,64,157,75
cell_504,12,0,2,47,16,0,59,9,71,39,20,43,118,17,0,14,55,18,1,0,74,94,19,30,33,11,0,71,26,15,39,59,86,4,53,547,27,14,182,42,53,91,44,27,0,263,0,13,24,272,4,13,86,4,144,175,3,7,9,5,0,94,6,0,27,0,41,8,16,65,5,2,7,50,3,68,6,0,24,26,0,2,18,70,268,3,0,1,0,16,15,2,50,22,1,27,43,4,79,63,104,2,0,10,284,15,111,7,672,6,52,163,11,6,106,20,42,84,31,93,49,34,97,0,1,35,4,246,0,1,9,3,51,61,8,29,0,2,21,3,60,48,13,1,108,16,330,0,33,2,3,35,0,6791,15,1074,18,0,132,24,50,71,0,28,5,116,0,101,29,136,1,1,3,13,10,3,4,24,16,57,0,15,259,59,36,13,28,77,104,59,0,5,3,14,166,13,7,240,23,4427,0,0,45,0,0,7,5,22,125,4,175,0,0,46,16,32,13,37,0,1155,38,1,1,68,83,4,82,0,18,1,49,109,269,327,16,96,8,17,13,143,167,9,131,1,2,20,80,72,8,4,26,7,10,0,56,11,0,0,26,17,113,243,57,12,6,9,0,164,79,31,54,51,2,32,8,0,410,1396,0,9,18,11,191,343,15,23,134,109,5,18,82,0,261,3,2510,14,0,43,1,4,8,0,99,0,23,74,10,121,120,28,15,4,409,1,22,54,2,0,1,7,62,2,35,6509,68,84,13,4,103,15,41,33,89,6,79,79,0,0,337,55,38,2,6,5,68,0,1,44,11,13,5,6,9,68,10,0,4,63,32,0,59,80,4,0,11,64,153,20,42,22,29,344,9,116,43,41,9,17,3,51,80,8,25,0,3,288,0,0,0,7,0,0,6,7,124,11,0,0,5,93,12,1,60,47,0,7,13,30,7,32,81,19,19,7,6,26,26,19,5,94,3,102,0,114,40,39,3882,15,0,19,30,55,66,75,19,11,13,5,61,7,52,503,1,72,59,0,37,51,709,0,49,75,123,129,0,30,154,60,62,1331,15,0,44,81,45,34,128,27,28,9,0,6,5,26,32,7,206,0,9,1,4,4,85,175,102,35,268,63,1474,0,13,53,102,2,31,25,0,12,5,54
cell_505,9,0,18,54,5,0,43,52,135,19,31,14,172,17,0,38,46,13,7,2,96,134,3,6,64,0,0,52,24,5,56,54,32,49,16,142,171,16,152,36,142,124,8,22,5,191,1,39,0,210,12,18,94,15,13,28,3,0,14,4,1,57,56,7,26,21,60,19,0,35,18,19,72,91,3,33,38,0,27,3,14,0,11,2,106,18,5,0,0,32,0,3,19,74,3,26,123,6,27,111,7,27,0,6,201,38,135,22,683,0,5,179,3,10,84,39,50,96,61,44,40,47,68,117,0,31,181,215,2,0,4,4,89,77,12,23,0,4,6,7,49,49,14,0,62,12,329,0,9,4,7,20,0,1656,43,1128,93,0,100,29,44,52,0,6,11,35,0,70,42,125,1,2,2,22,14,1,5,33,7,70,66,46,293,38,1,11,32,85,46,90,0,19,0,8,159,21,3,31,31,4679,2,0,36,0,0,2,3,20,78,0,204,0,0,40,11,93,0,34,0,1192,2,5,3,23,83,0,66,1,34,7,47,43,308,239,9,85,13,8,11,103,36,14,46,0,1,11,35,95,3,33,3,153,9,5,27,8,0,7,25,19,39,201,46,13,1,17,11,138,96,21,23,22,14,5,4,5,223,1138,56,53,10,8,187,275,2,28,133,87,33,15,87,5,268,9,2472,9,8,62,2,3,20,2,48,9,7,59,22,103,126,62,22,2,388,6,21,27,15,0,1,14,22,37,22,6335,46,46,42,13,107,44,17,5,55,5,62,42,35,81,338,49,37,4,3,21,72,0,4,32,71,24,22,0,14,98,3,0,48,54,23,0,132,45,25,0,11,1,136,14,13,41,38,318,16,98,25,5,8,16,1,0,103,3,34,6,1,135,0,30,1,3,0,4,47,482,104,10,3,0,6,101,14,4,36,41,0,102,13,33,20,24,55,91,0,0,5,1,35,2,10,135,1,107,24,95,44,32,3789,37,0,5,47,17,86,51,8,318,1,9,56,25,37,915,1,22,147,0,41,35,575,1,61,55,47,105,1,56,60,36,46,1356,18,8,20,50,78,23,225,37,39,22,0,8,0,48,49,3,141,19,3,1,68,69,87,36,100,25,281,0,1316,1,52,154,106,0,86,20,0,36,120,86
cell_506,48,0,9,52,19,0,59,37,184,85,20,17,138,23,0,12,47,17,0,11,86,129,2,0,32,7,0,6,27,16,48,46,273,48,5,315,146,27,167,0,71,88,28,35,2,258,4,13,73,220,0,33,115,0,31,65,3,5,8,3,0,127,10,9,23,1,103,30,2,48,15,11,119,5,0,73,70,2,27,18,35,17,8,96,263,22,11,0,0,44,0,2,15,0,6,44,122,0,39,56,106,4,0,1,202,36,86,8,622,14,3,116,17,3,58,19,41,89,41,90,125,35,51,152,0,19,67,100,0,1,8,8,55,69,22,29,0,4,8,5,40,48,15,0,39,26,349,1,4,1,7,13,3,1565,49,1125,47,5,97,38,20,59,11,86,3,54,0,66,34,104,1,13,28,0,6,18,1,29,5,93,24,47,280,52,30,32,3,86,90,0,0,1,1,0,148,10,47,5,6,4132,1,10,17,0,3,0,9,16,63,0,58,0,0,57,16,1,13,42,0,1201,17,3,2,12,87,1,19,1,12,5,71,146,296,397,32,64,40,4,4,89,109,3,40,0,0,2,84,141,13,4,36,64,30,0,43,13,1,4,8,18,27,165,51,5,1,27,105,343,112,22,12,1,10,20,16,21,301,1276,37,14,80,0,173,288,11,24,119,110,0,18,30,41,273,12,2657,8,0,79,8,17,12,4,92,0,9,91,24,116,106,41,11,0,396,0,4,52,26,0,3,43,92,11,32,6221,53,81,28,1,165,12,35,7,23,20,35,68,10,0,9,61,29,42,0,46,66,24,3,37,52,0,12,0,26,471,8,0,42,32,65,0,187,30,9,0,0,81,100,3,6,60,9,394,4,82,51,25,0,23,0,23,107,2,25,0,0,218,11,153,86,12,0,2,2,682,102,31,4,0,3,30,2,1,51,39,147,30,15,36,35,32,10,29,7,0,2,9,63,18,3,63,0,142,84,111,44,29,3918,14,0,0,30,44,57,83,11,56,5,7,64,25,12,1390,15,29,85,0,48,63,582,1,53,78,86,113,0,51,349,40,113,2039,22,2,20,92,41,126,92,26,160,22,0,18,0,14,44,0,35,4,2,7,31,28,96,40,94,24,240,27,1594,0,7,50,130,2,11,28,0,5,104,65
cell_507,6,0,4,50,19,7,29,25,119,97,15,11,139,14,31,4,67,26,53,9,94,19,15,0,44,13,1,59,14,9,36,11,34,11,31,460,1,26,168,45,55,96,11,28,5,291,0,17,39,270,9,25,112,24,100,39,7,5,19,6,15,13,82,2,27,38,82,11,15,48,2,17,127,51,3,56,66,2,19,44,20,9,18,90,271,20,4,0,0,33,9,1,4,2,34,43,124,17,46,73,11,5,0,0,40,12,259,16,565,3,10,162,0,4,41,13,44,86,25,84,30,29,119,59,0,21,210,21,4,2,1,0,61,39,15,9,18,1,6,2,47,59,15,51,6,0,215,0,11,1,8,24,4,1708,52,1111,1,6,88,26,37,77,0,4,25,55,0,58,20,164,30,6,18,23,8,3,4,24,10,117,26,14,291,53,26,56,14,59,51,8,3,0,0,0,194,0,102,0,19,4676,4,0,31,0,1,6,0,24,31,0,178,4,0,9,12,110,7,49,0,1159,1,0,4,28,62,2,60,0,39,8,20,125,103,395,43,109,12,3,0,103,57,6,7,0,0,71,59,26,23,3,10,284,15,0,50,36,0,9,15,17,30,247,48,13,1,4,72,252,115,25,38,20,14,3,18,14,413,1193,34,38,48,5,155,271,1,13,116,91,5,0,65,24,288,3,2392,17,2,47,3,4,2,0,51,9,13,28,18,49,120,12,47,1,392,0,10,26,11,0,17,17,44,11,23,6352,10,10,14,4,77,27,40,29,108,3,17,72,43,59,335,53,57,37,2,48,54,117,2,41,47,2,18,0,26,112,6,1,62,0,101,9,114,95,31,0,3,4,149,6,33,25,42,420,6,87,40,7,8,38,0,1,114,3,31,4,0,220,6,0,101,14,0,0,6,73,102,9,0,3,7,47,14,13,62,51,0,0,11,31,47,23,85,67,0,1,5,21,41,6,0,188,0,133,34,115,63,40,4196,12,0,30,33,33,28,75,6,32,0,16,61,39,24,907,0,104,104,0,184,26,396,2,13,78,93,114,7,36,193,5,87,2837,16,5,0,37,75,88,167,24,87,17,6,25,5,66,35,2,43,3,4,0,66,17,40,52,69,29,277,80,1502,2,24,51,130,4,74,48,26,81,23,73
cell_508,9,5,11,58,20,8,48,9,166,37,4,35,181,14,0,9,55,27,2,23,70,46,4,1,19,31,0,140,11,6,30,27,104,41,12,669,15,14,158,45,105,94,13,23,3,275,1,24,23,210,5,7,77,3,77,160,2,15,9,3,0,107,2,3,28,1,113,3,0,43,27,15,83,3,1,24,84,19,29,45,19,0,14,58,258,7,2,0,0,45,0,1,21,27,30,26,63,1,85,84,9,9,1,0,160,28,120,11,673,2,9,82,5,8,70,26,37,79,2,60,123,56,113,36,0,21,584,221,3,0,3,16,69,16,0,24,0,1,9,10,51,46,10,0,0,13,294,0,0,4,1,21,4,3530,19,1121,31,4,97,35,64,77,0,11,4,97,7,74,24,78,34,3,19,23,17,15,0,29,12,124,29,49,319,38,23,45,17,83,52,30,7,23,2,0,153,10,181,0,19,4184,30,1,46,0,0,15,5,30,158,1,5,2,1,36,6,59,17,25,26,1144,16,1,4,37,43,1,77,0,36,9,58,75,26,313,8,68,17,9,0,47,56,6,43,0,0,39,71,47,4,0,1,296,21,0,41,6,0,10,21,24,21,225,6,11,0,8,22,272,104,9,11,12,7,3,7,5,396,1307,72,37,3,1,193,265,4,35,133,101,4,7,74,9,291,4,2177,61,0,55,6,6,2,1,49,5,8,58,17,119,68,5,11,0,412,0,18,8,35,1,12,38,133,16,14,6545,86,26,40,2,35,16,52,52,23,2,13,73,19,17,147,67,74,14,18,33,64,145,1,22,34,39,25,2,15,57,4,4,9,0,8,0,209,65,4,0,7,23,155,13,29,33,42,338,11,85,21,23,5,19,1,43,61,0,18,5,16,266,0,114,318,2,2,0,49,2,125,12,0,0,18,99,5,3,22,37,0,21,3,27,182,16,86,50,0,1,7,9,39,4,8,170,0,81,48,131,58,50,4483,14,6,2,54,29,25,71,15,54,2,6,52,19,46,542,0,36,81,0,30,41,279,0,41,88,117,113,9,7,715,110,77,2200,15,17,7,47,99,22,215,36,53,4,16,13,1,4,13,2,127,7,0,0,47,0,63,189,36,22,329,35,1429,0,8,135,116,4,57,44,10,115,32,60
cell_509,15,0,6,47,30,0,40,13,173,52,8,6,148,14,9,18,75,14,0,7,79,47,3,1,22,9,3,7,20,12,46,19,11,55,13,584,50,30,168,14,139,97,11,25,0,288,1,3,4,225,0,24,124,6,85,53,10,0,25,6,10,66,28,7,20,40,97,15,1,70,43,5,121,9,2,38,203,7,14,19,10,1,14,35,154,8,2,0,0,82,0,1,16,0,2,53,112,2,129,57,14,0,7,5,246,3,233,12,744,1,11,117,7,1,90,2,49,56,27,79,16,9,62,137,0,10,552,0,1,0,11,0,65,29,0,15,1,8,5,0,65,58,32,0,0,25,311,11,28,0,0,15,0,3262,93,1062,90,6,86,33,42,56,0,39,13,49,0,107,31,159,43,8,10,0,8,6,6,24,6,100,0,79,238,38,22,38,4,69,8,5,0,8,0,0,133,14,67,98,7,4421,11,0,13,0,0,1,18,6,98,0,205,0,11,40,18,5,18,19,0,1097,13,2,1,11,34,2,69,4,13,5,76,104,207,50,4,53,30,6,23,59,53,11,61,0,1,37,61,27,12,9,6,1,2,22,5,20,2,5,0,14,4,130,15,3,5,18,0,262,109,22,10,16,4,2,12,24,375,1300,32,15,129,2,198,245,10,21,136,86,3,6,83,23,309,1,2466,23,3,59,3,16,0,1,67,0,0,42,21,133,115,31,6,0,417,1,20,16,10,0,12,119,18,19,12,6475,95,25,19,50,91,15,34,33,49,4,10,123,23,74,353,68,60,1,0,46,12,50,1,38,81,9,4,2,53,265,10,14,115,30,27,0,40,73,12,0,0,10,165,4,5,39,52,274,16,48,64,27,12,20,0,0,116,1,29,2,0,82,19,71,131,23,2,0,30,250,105,25,0,0,2,17,15,4,77,17,4,28,5,32,16,40,12,52,2,0,0,20,48,10,2,227,0,147,77,95,29,17,3704,8,3,12,23,36,31,69,1,231,1,10,49,3,50,29,18,139,85,0,68,46,623,2,51,43,75,37,1,28,351,29,58,3632,10,10,0,18,76,52,92,54,96,19,2,20,2,56,34,1,78,1,3,5,67,49,94,29,75,29,90,34,1473,1,7,65,107,4,26,33,0,154,125,65
cell_510,4,1,1,73,6,0,47,88,18,181,29,0,114,12,0,71,74,8,24,1,124,91,3,0,45,22,0,129,23,0,34,5,79,46,17,357,68,19,307,28,91,273,21,27,0,410,0,2,2,273,0,39,119,3,20,23,37,0,4,6,0,16,9,9,51,0,7,24,0,45,33,2,16,28,0,15,7,15,10,60,1,1,10,111,303,65,7,0,0,17,5,2,4,23,0,60,63,8,7,49,126,1,0,4,79,20,163,18,406,13,39,187,4,6,25,33,35,44,57,93,14,68,41,30,0,33,507,0,11,17,0,10,63,38,42,5,4,2,32,4,95,18,9,0,47,63,156,13,12,0,2,25,0,1910,171,1263,13,0,113,26,77,54,1,54,63,137,5,89,50,217,22,1,13,83,23,25,0,21,8,72,29,8,327,28,17,8,16,77,63,0,1,2,0,35,166,30,36,19,6,5138,7,0,46,0,0,0,2,22,128,0,138,0,0,48,8,58,24,56,0,474,14,0,18,61,103,6,75,0,44,15,59,110,3,127,39,49,11,72,0,20,41,0,10,0,5,44,33,80,35,9,5,0,41,0,29,1,45,0,27,7,55,237,11,131,0,12,8,173,70,6,11,11,13,23,18,1,186,1119,21,11,7,23,136,199,15,19,309,204,5,10,75,40,337,0,2273,58,13,0,1,0,37,4,113,0,13,90,14,13,126,12,9,4,793,0,12,11,24,0,6,2,54,4,33,5155,94,51,53,1,5,2,70,52,49,11,37,24,0,6,69,80,65,39,0,38,20,0,12,67,79,20,16,0,53,32,16,5,80,0,136,0,138,65,32,4,5,28,80,30,28,51,62,647,4,108,34,26,6,18,0,53,152,3,30,0,0,166,0,0,3,15,0,0,14,22,68,15,0,0,11,70,31,21,31,22,9,44,6,38,33,16,21,46,0,12,3,63,124,61,0,2,0,43,6,108,16,49,637,10,0,25,34,41,143,89,9,16,7,14,119,12,13,378,2,71,122,11,290,50,1162,2,9,66,92,329,7,23,140,0,46,1878,11,7,33,13,6,86,290,40,55,20,0,4,3,12,7,4,153,5,8,0,29,1,109,98,65,39,269,8,1608,0,13,52,93,4,67,25,0,93,10,20
cell_511,26,10,1,72,28,0,45,27,70,80,33,47,139,3,35,16,61,1,0,7,91,109,8,30,23,9,9,131,21,21,45,18,57,40,15,439,204,22,274,29,41,107,22,23,0,157,1,86,19,321,5,37,91,13,119,35,9,1,29,7,21,14,92,6,59,0,86,11,4,39,18,32,73,26,0,18,74,8,10,24,45,2,11,112,308,27,4,1,0,29,0,4,1,6,23,17,26,1,114,49,56,0,1,4,182,20,53,0,399,3,63,151,4,1,187,0,37,52,20,57,23,24,1,110,0,42,110,191,2,1,4,2,129,33,12,29,0,2,1,3,85,30,2,0,26,127,167,3,5,0,5,10,3,2170,158,1230,18,4,126,37,50,58,0,35,10,106,5,44,39,177,99,2,5,82,5,0,3,25,10,81,2,32,292,67,27,24,3,66,22,22,1,8,0,0,180,0,167,26,12,5144,1,0,18,0,1,4,4,5,126,0,112,2,1,33,37,37,12,42,1,483,4,4,2,39,70,9,89,4,40,8,51,114,76,6,22,46,38,23,56,10,31,0,15,0,0,3,31,178,20,6,24,88,8,0,6,60,1,13,3,27,36,161,30,6,0,36,62,97,74,23,14,30,2,9,13,9,284,1288,17,3,119,0,102,201,12,9,247,184,5,2,41,6,311,0,2224,10,21,97,0,17,32,0,41,0,4,60,7,108,104,40,26,0,819,1,24,36,0,0,9,210,46,12,31,5471,5,53,9,67,52,6,15,38,6,2,26,110,4,1,195,79,39,0,0,36,45,224,3,57,104,0,20,15,69,115,11,5,266,23,141,0,41,41,41,0,3,20,88,25,2,7,6,636,13,58,36,32,11,30,0,42,51,2,25,2,0,55,24,0,143,3,12,2,13,76,45,7,3,0,5,31,1,23,50,17,27,20,14,53,7,21,32,4,9,0,0,39,86,24,6,30,0,95,57,91,11,30,573,13,0,0,24,103,103,81,1,142,0,11,116,26,0,224,71,274,130,0,38,96,1137,4,15,20,33,65,0,46,116,21,36,3457,29,4,21,65,42,0,37,30,112,24,0,8,4,33,26,10,4,2,8,3,110,0,125,62,18,38,116,37,1550,5,20,17,97,0,14,47,30,66,238,34
cell_512,7,0,14,69,24,3,27,20,39,133,24,12,131,15,4,8,60,0,20,27,106,146,5,8,15,14,0,90,19,19,46,11,148,118,19,320,574,33,309,30,195,216,3,36,5,491,1,28,23,284,0,13,127,19,91,25,14,0,20,4,2,27,81,0,39,0,87,41,21,45,29,0,86,10,0,21,28,0,4,43,1,1,12,92,286,18,10,1,0,50,10,11,60,66,50,57,72,3,38,38,115,4,1,4,58,29,131,23,161,4,12,129,14,6,140,16,38,37,42,108,26,3,26,75,0,28,446,450,0,12,0,0,130,16,11,13,0,2,8,0,80,28,14,7,32,22,221,0,2,1,4,15,1,1488,108,1106,33,0,128,28,5,102,0,33,5,112,2,74,54,188,142,1,22,20,24,1,5,19,1,40,25,23,310,67,22,27,19,75,15,45,5,4,0,0,173,13,9,32,26,5012,0,2,28,0,0,13,1,21,143,0,108,0,0,9,11,82,4,26,0,444,0,0,7,42,49,4,71,0,37,6,22,98,59,176,39,120,16,5,0,141,65,5,3,0,0,31,7,252,29,8,8,58,58,8,27,65,10,14,32,7,19,224,22,70,0,23,34,76,56,5,10,10,18,13,15,7,228,1397,8,75,16,1,115,234,3,11,261,190,2,1,55,7,324,0,2187,1,0,82,2,11,6,1,89,2,2,71,18,86,126,11,18,0,863,3,18,14,42,6,8,174,36,7,40,5819,41,62,50,2,58,7,70,28,47,29,43,47,0,19,167,58,50,14,0,36,42,168,2,45,7,16,17,2,38,63,9,30,121,23,97,0,120,74,27,5,20,13,89,2,8,26,45,548,8,62,19,7,17,34,0,36,149,4,30,1,2,36,0,0,2,14,0,6,106,49,77,3,1,0,19,43,7,42,10,53,9,32,11,33,1,18,56,23,0,0,0,5,24,56,0,77,0,37,73,59,36,23,626,46,0,8,31,88,108,73,5,48,0,28,100,18,16,464,34,68,128,0,170,96,1207,1,5,71,124,263,2,31,4,14,50,4115,2,0,28,37,84,169,268,32,95,17,14,7,3,10,43,6,10,2,7,0,54,8,98,60,54,53,225,5,1774,2,5,31,106,4,51,13,2,90,0,42
