,Gene1,Gene2,Gene3,Gene4,Gene5,Gene6,Gene7,Gene8,Gene9,Gene10,Gene11,Gene12,Gene13,Gene14,Gene15,Gene16,Gene17,Gene18,Gene19,Gene20,Gene21,Gene22,Gene23,Gene24,Gene25,Gene26,Gene27,Gene28,Gene29,Gene30,Gene31,Gene32,Gene33,Gene34,Gene35,Gene36,Gene37,Gene38,Gene39,Gene40,Gene41,Gene42,Gene43,Gene44,Gene45,Gene46,Gene47,Gene48,Gene49,Gene50,Gene51,Gene52,Gene53,Gene54,Gene55,Gene56,Gene57,Gene58,Gene59,Gene60,Gene61,Gene62,Gene63,Gene64,Gene65,Gene66,Gene67,Gene68,Gene69,Gene70,Gene71,Gene72,Gene73,Gene74,Gene75,Gene76,Gene77,Gene78,Gene79,Gene80,Gene81,Gene82,Gene83,Gene84,Gene85,Gene86,Gene87,Gene88,Gene89,Gene90,Gene91,Gene92,Gene93,Gene94,Gene95,Gene96,Gene97,Gene98,Gene99,Gene100,Gene101,Gene102,Gene103,Gene104,Gene105,Gene106,Gene107,Gene108,Gene109,Gene110,Gene111,Gene112,Gene113,Gene114,Gene115,Gene116,Gene117,Gene118,Gene119,Gene120,Gene121,Gene122,Gene123,Gene124,Gene125,Gene126,Gene127,Gene128,Gene129,Gene130,Gene131,Gene132,Gene133,Gene134,Gene135,Gene136,Gene137,Gene138,Gene139,Gene140,Gene141,Gene142,Gene143,Gene144,Gene145,Gene146,Gene147,Gene148,Gene149,Gene150,Gene151,Gene152,Gene153,Gene154,Gene155,Gene156,Gene157,Gene158,Gene159,Gene160,Gene161,Gene162,Gene163,Gene164,Gene165,Gene166,Gene167,Gene168,Gene169,Gene170,Gene171,Gene172,Gene173,Gene174,Gene175,Gene176,Gene177,Gene178,Gene179,Gene180,Gene181,Gene182,Gene183,Gene184,Gene185,Gene186,Gene187,Gene188,Gene189,Gene190,Gene191,Gene192,Gene193,Gene194,Gene195,Gene196,Gene197,Gene198,Gene199,Gene200,Gene201,Gene202,Gene203,Gene204,Gene205,Gene206,Gene207,Gene208,Gene209,Gene210,Gene211,Gene212,Gene213,Gene214,Gene215,Gene216,Gene217,Gene218,Gene219,Gene220,Gene221,Gene222,Gene223,Gene224,Gene225,Gene226,Gene227,Gene228,Gene229,Gene230,Gene231,Gene232,Gene233,Gene234,Gene235,Gene236,Gene237,Gene238,Gene239,Gene240,Gene241,Gene242,Gene243,Gene244,Gene245,Gene246,Gene247,Gene248,Gene249,Gene250,Gene251,Gene252,Gene253,Gene254,Gene255,Gene256,Gene257,Gene258,Gene259,Gene260,Gene261,Gene262,Gene263,Gene264,Gene265,Gene266,Gene267,Gene268,Gene269,Gene270,Gene271,Gene272,Gene273,Gene274,Gene275,Gene276,Gene277,Gene278,Gene279,Gene280,Gene281,Gene282,Gene283,Gene284,Gene285,Gene286,Gene287,Gene288,Gene289,Gene290,Gene291,Gene292,Gene293,Gene294,Gene295,Gene296,Gene297,Gene298,Gene299,Gene300,Gene301,Gene302,Gene303,Gene304,Gene305,Gene306,Gene307,Gene308,Gene309,Gene310,Gene311,Gene312,Gene313,Gene314,Gene315,Gene316,Gene317,Gene318,Gene319,Gene320,Gene321,Gene322,Gene323,Gene324,Gene325,Gene326,Gene327,Gene328,Gene329,Gene330,Gene331,Gene332,Gene333,Gene334,Gene335,Gene336,Gene337,Gene338,Gene339,Gene340,Gene341,Gene342,Gene343,Gene344,Gene345,Gene346,Gene347,Gene348,Gene349,Gene350,Gene351,Gene352,Gene353,Gene354,Gene355,Gene356,Gene357,Gene358,Gene359,Gene360,Gene361,Gene362,Gene363,Gene364,Gene365,Gene366,Gene367,Gene368,Gene369,Gene370,Gene371,Gene372,Gene373,Gene374,Gene375,Gene376,Gene377,Gene378,Gene379,Gene380,Gene381,Gene382,Gene383,Gene384,Gene385,Gene386,Gene387,Gene388,Gene389,Gene390,Gene391,Gene392,Gene393,Gene394,Gene395,Gene396,Gene397,Gene398,Gene399,Gene400,Gene401,Gene402,Gene403,Gene404,Gene405,Gene406,Gene407,Gene408,Gene409,Gene410,Gene411,Gene412,Gene413,Gene414,Gene415,Gene416,Gene417,Gene418,Gene419,Gene420,Gene421,Gene422,Gene423,Gene424,Gene425,Gene426,Gene427,Gene428,Gene429,Gene430,Gene431,Gene432,Gene433,Gene434,Gene435,Gene436,Gene437,Gene438,Gene439,Gene440,Gene441,Gene442,Gene443,Gene444,Gene445,Gene446,Gene447,Gene448,Gene449,Gene450,Gene451,Gene452,Gene453,Gene454,Gene455,Gene456,Gene457,Gene458,Gene459,Gene460,Gene461,Gene462,Gene463,Gene464,Gene465,Gene466,Gene467,Gene468,Gene469,Gene470,Gene471,Gene472,Gene473,Gene474,Gene475,Gene476,Gene477,Gene478,Gene479,Gene480,Gene481,Gene482,Gene483,Gene484,Gene485,Gene486,Gene487,Gene488,Gene489,Gene490,Gene491,Gene492,Gene493,Gene494,Gene495,Gene496,Gene497,Gene498,Gene499,Gene500
cell_1,0,15,7,0,21,20,6,54,9,29,26,0,10,5,0,41,21,3,0,260,22,105,9,0,26,0,67,19,26,10,11,41,8,8,0,0,49,23,470,3,5,243,0,0,10,3,46,167,143,170,71,3,1,6,14,0,0,1146,2069,163,1,145,5,13,38,31,9,41,33,4,5,2,24,86,41,49,12,0,62,2,8,0,14,0,255,2,18,22,0,0,2,3,192,18,13,1,1,117,13,3,1,3,80,4,10,99,148,49,9,49,11,98,63,3,58,1,32,11,0,2,0,11,44,11,270,2,0,0,16,35,9,27,47,28,11,21,127,0,0,0,196,30,13,55,8,405,9,42,4,11,0,0,95,8,93,10,9,38,45,20,10,10,5,31,0,86,10,23,15,210,22,18,679,1,101,189,17,314,1,88,3,22,0,15,2,16,24,57,0,107,18,5,20,0,33,210,78,64,2,143,7,23,0,17,61,8,33,21,16,53,69,62,34,0,24,21,24,5,1,47,9,10,4,289,62,5,14,23,15,20,1,14,31,22,3523,23,15,3,0,976,235,12,0,0,145,450,0,39,6,0,44,255,1,0,169,23,121,2,317,1,122,13,16,9,4,36,0,8,71,10,207,4,61,21,78,56,0,0,6,49,24,0,3068,318,5,13,204,2,0,183,8,6,19,0,15,28,37,20,83,2,7,31,26,36,30,1,33,131,60,92,50,13,0,71,146,8,147,24,76,59,5,14,66,43,49,34,2,19,2,177,1,61,0,105,29,6,2,9,4,5,749,57,196,73,0,0,153,53,75,12,0,21,149,64,35,47,11,63,2,114,152,10,6,284,12,82,0,86,1,1,8,39,25,32,128,90,0,6,287,13,11,46,9,30,20,87,1,0,35,0,0,4,28,0,6471,8,68,26,44,88,308,14,4,12,33,4,28,126,4,1,0,11,38,2,93,1,2,54,59,24,25,0,21,11,12,30,46,3,454,0,98,15,48,83,0,0,1273,14,0,19,49,33,26,14,13,31,0,0,86,4,19,71,95,12,2,10,5,20,6,53,2,81,0,384,103,7,19,34,3,2,81,18,65,9,2,8,22,12,144,95,0,247,0,0,0,48,30,5,18,0,0,18,161,41,50,9,89,75,0,13
cell_2,0,50,2,26,45,107,6,16,8,30,40,3,25,18,0,25,30,8,5,7,36,118,5,2,91,11,3,52,25,19,11,42,74,3,0,1,6,49,698,7,0,316,69,0,2,5,65,230,175,67,75,4,0,4,10,4,10,3648,2054,52,20,158,3,24,134,10,51,56,12,7,10,3,23,79,25,51,27,7,14,5,0,0,45,12,213,0,16,19,12,0,0,4,162,18,1,3,5,134,17,9,2,11,67,8,0,54,222,139,3,85,6,136,44,23,40,3,39,35,2,15,39,7,31,22,313,4,8,0,41,16,0,38,104,21,56,31,206,4,0,45,455,57,5,17,9,583,8,122,30,0,0,1,36,3,95,19,9,18,49,10,77,117,9,21,0,287,15,14,8,784,16,17,700,1,71,18,28,937,35,97,3,5,0,4,10,2,24,30,3,20,44,6,52,0,31,153,56,149,17,94,2,11,20,0,53,22,23,21,7,81,5,27,31,36,13,183,10,81,7,8,2,6,6,341,65,40,5,140,18,30,36,0,11,38,3889,56,17,1,0,799,153,82,2,0,25,154,10,37,4,0,97,64,0,1,188,36,13,1,134,3,159,10,7,3,120,14,0,2,76,18,251,2,39,51,96,57,39,0,8,22,15,17,3303,453,6,23,149,38,0,177,7,4,20,0,1,48,44,20,58,16,4,55,11,109,0,2,6,0,66,111,130,1,0,140,243,82,134,9,479,43,28,0,108,123,19,59,6,4,6,120,8,14,1,129,84,38,0,3,13,21,631,37,135,52,0,0,108,75,83,2,3,19,93,48,51,19,69,24,54,43,218,29,0,2827,24,82,0,53,9,1,8,26,5,11,122,0,7,8,271,17,5,9,3,19,21,18,0,8,33,1,0,9,45,0,2460,30,151,27,45,62,246,14,9,49,30,4,8,24,6,3,71,7,0,1,0,17,31,0,89,8,29,0,59,4,12,9,17,2,602,0,60,1,49,158,0,0,1685,23,3,0,37,11,7,1,15,1,11,2,123,23,57,126,126,89,12,19,3,41,209,22,2,279,0,265,237,23,13,0,141,1,90,3,63,33,13,0,30,35,136,115,60,127,9,3,0,36,2,0,9,0,0,5,57,2,50,7,114,32,0,34
cell_3,120,0,10,1,18,26,19,45,0,48,28,37,12,19,2,20,12,12,0,54,18,89,4,21,89,18,59,89,23,52,5,40,15,0,20,38,26,84,155,17,24,178,2,7,4,0,34,124,15,111,73,34,0,5,14,1,29,728,1841,159,1,151,21,10,62,71,15,6,41,11,14,4,20,26,54,41,7,230,59,0,1,0,22,3,199,0,150,42,3,0,3,4,181,80,19,24,17,35,1,24,2,7,29,1,7,68,188,81,10,25,15,94,55,2,56,13,4,9,0,8,0,62,9,2,161,64,21,0,9,23,14,11,73,26,1,130,31,108,11,29,117,52,24,19,19,296,5,25,45,0,0,2,118,42,143,7,6,13,3,16,4,79,4,9,1,109,1,65,6,187,8,21,739,3,15,0,3,466,60,70,2,9,2,18,35,1,45,52,19,59,5,7,42,15,20,82,192,126,9,116,21,6,0,39,79,20,2,21,16,52,24,38,47,38,39,4,9,41,5,34,8,8,1,82,59,9,13,25,3,0,20,0,107,30,3461,1,17,13,0,1131,192,32,2,1,60,95,35,34,9,2,68,45,1,66,174,23,85,0,94,2,42,3,2,0,124,88,45,6,52,112,185,3,41,11,124,37,41,9,82,0,1,8,2918,310,4,12,532,0,11,92,26,24,31,0,19,25,56,42,73,5,19,53,70,10,0,0,3,21,62,17,133,24,0,57,205,61,99,34,77,41,12,3,16,95,24,150,4,6,7,248,9,22,10,91,63,44,0,47,3,13,923,80,116,60,1,0,97,60,2,5,1,12,93,45,38,76,14,69,10,51,243,27,4,58,36,164,0,75,6,211,32,10,10,31,168,0,26,1,181,5,0,22,48,96,28,83,4,0,28,8,0,4,21,48,8591,34,60,6,18,64,155,7,9,2,22,24,23,85,43,12,24,23,0,30,0,17,8,68,134,13,39,0,49,21,8,8,28,6,509,0,84,4,45,131,18,0,3068,38,8,45,79,28,20,1,1,17,47,15,88,2,0,8,22,32,4,15,4,0,49,57,3,49,2,21,29,25,31,6,26,2,113,18,59,19,1,0,6,7,126,38,0,120,12,0,1,50,14,0,4,8,0,1,59,31,10,9,4,25,0,11
cell_4,0,65,39,0,40,23,1,62,31,56,41,3,17,9,0,100,19,4,0,3,18,126,10,2,28,1,24,2,67,23,1,80,12,2,0,12,10,54,760,5,5,303,0,0,30,3,80,227,197,81,73,4,16,23,1,2,11,3114,2206,123,2,90,2,9,123,29,22,39,24,3,27,6,23,22,60,17,24,559,6,2,0,0,39,7,54,0,33,12,1,0,0,5,187,13,8,15,28,185,32,24,1,17,3,2,2,61,172,122,9,98,1,147,42,17,14,10,31,14,0,4,3,6,66,27,452,19,6,1,3,17,19,2,84,17,53,46,195,0,0,6,314,9,9,11,7,160,9,72,23,0,0,1,87,73,0,7,1,19,61,20,65,144,0,19,0,278,15,14,9,806,38,13,716,2,176,27,28,784,0,96,6,12,0,29,69,6,31,48,8,15,34,5,17,7,29,169,78,77,5,63,0,16,3,0,76,16,37,2,3,90,13,14,30,53,23,67,8,9,13,8,0,14,26,294,53,5,0,233,6,18,12,18,7,35,3684,39,0,4,0,774,163,108,0,0,19,139,12,28,1,2,69,325,0,9,164,8,3,0,295,9,115,3,10,0,71,22,10,5,72,24,357,0,13,40,30,44,1,0,15,62,8,1,3157,484,2,2,0,62,0,138,6,4,13,0,19,7,29,17,67,3,21,58,26,87,8,6,0,68,7,81,42,6,5,103,195,61,25,20,62,41,137,4,25,92,57,9,3,3,2,124,22,18,15,77,62,61,0,0,0,4,609,25,157,35,1,19,82,58,21,2,6,14,96,37,13,52,707,66,13,60,237,4,16,2179,0,70,2,58,0,19,3,25,2,26,168,52,0,5,178,4,11,79,0,17,10,36,3,0,23,0,0,2,36,1,2809,12,144,33,46,62,133,8,2,10,7,13,20,88,0,0,32,8,0,16,0,10,2,12,112,18,39,0,31,2,13,27,12,4,652,4,70,6,40,132,3,1,1783,23,3,11,20,18,24,3,9,5,31,0,176,3,20,136,91,14,3,8,19,68,44,5,3,205,7,221,260,10,1,30,1,0,81,7,110,25,5,17,74,4,124,106,0,63,0,5,0,19,1,0,15,1,0,7,79,31,33,3,100,40,3,56
cell_5,0,26,14,6,23,236,6,69,4,12,20,1,12,20,3,2,5,3,0,1,21,64,14,1,12,21,1,26,17,2,10,2,24,17,0,12,34,3,329,4,0,315,0,1,3,2,76,156,177,19,28,19,0,3,0,3,21,6523,939,94,4,72,12,13,0,86,31,54,17,3,23,5,25,39,11,31,27,127,2,2,4,0,18,0,73,0,35,22,3,0,0,10,62,35,2,6,4,16,33,28,4,4,30,4,5,67,231,22,20,58,0,56,42,23,23,10,13,31,0,6,14,7,5,13,202,4,7,0,14,9,0,9,130,27,18,89,165,69,1,32,207,51,2,1878,11,39,3,89,59,0,0,0,144,3,0,32,15,22,28,18,33,74,0,19,0,93,25,21,1,910,20,18,662,3,33,117,9,1286,0,158,5,13,4,11,11,20,18,32,7,30,10,3,12,30,9,652,240,138,48,18,0,20,12,0,47,144,4,8,7,55,79,28,26,77,50,174,6,74,1,8,0,13,2,388,39,15,0,70,13,12,45,12,10,57,3261,9,13,2,0,795,147,218,0,0,50,288,11,26,11,0,37,354,0,0,30,31,182,0,111,2,162,5,24,0,39,184,23,4,34,22,226,1,21,1,90,21,24,0,11,34,25,8,3010,184,6,9,0,30,0,161,25,3,22,0,0,18,20,7,60,28,17,73,20,73,1,1,55,21,20,48,82,15,6,194,306,53,165,34,213,22,165,19,1,20,12,81,1,5,35,97,4,14,6,99,51,9,5,0,3,2,1313,49,284,68,0,1,264,55,8,17,0,6,128,42,66,79,183,35,5,11,233,6,5,1411,0,212,0,89,5,183,7,34,1,24,419,1,0,10,315,11,20,37,8,6,13,110,1,3,10,0,0,10,37,11,3848,20,193,24,15,112,156,11,4,77,3,9,18,36,0,0,0,23,4,22,0,20,9,10,97,23,25,3,21,0,5,5,17,13,578,2,127,10,49,213,0,0,3821,19,4,5,11,3,33,2,19,14,25,0,106,3,27,9,139,44,12,4,14,28,159,57,0,97,0,134,201,1,37,30,3,5,64,7,154,14,9,13,21,13,116,88,15,57,4,3,0,109,1,1,3,1,0,0,21,62,3,0,29,136,0,7
cell_6,0,1,39,10,25,230,9,37,1,9,29,0,8,6,0,2,36,3,0,77,26,22,4,1,103,58,42,163,191,18,4,11,83,17,0,3,9,25,273,0,0,300,0,0,2,1,47,154,147,30,75,44,0,8,13,10,34,6187,939,102,2,24,7,0,2,20,7,66,15,3,29,0,57,48,34,24,41,273,25,1,0,2,26,0,130,0,47,46,8,0,0,2,57,41,23,4,4,90,7,11,0,7,49,0,0,64,272,54,41,119,5,133,45,39,56,3,30,25,0,7,1,99,4,12,251,40,17,0,34,22,5,36,121,38,73,5,108,59,3,8,255,67,7,698,6,178,6,57,74,0,0,11,65,3,0,21,6,45,8,16,23,72,14,10,2,74,15,0,6,970,9,21,465,1,127,11,11,1453,62,178,0,15,51,23,5,18,41,30,2,40,13,3,13,8,20,614,100,84,20,49,28,22,3,5,52,92,17,16,4,34,67,33,44,26,12,57,32,5,0,31,6,7,2,511,52,0,63,35,37,0,15,4,51,56,3302,21,11,13,1,798,128,289,4,7,34,277,12,28,5,8,33,306,2,0,25,40,211,2,200,1,117,6,8,0,242,200,10,0,77,57,284,12,37,0,114,37,37,0,40,30,8,9,2983,209,5,26,224,9,9,71,54,5,25,0,18,22,7,16,85,13,7,90,7,50,10,0,1,1,63,59,152,1,0,63,316,58,167,11,352,17,33,31,28,49,5,130,0,2,0,132,16,95,13,151,82,57,2,8,3,15,1151,49,165,85,0,0,233,83,14,11,0,36,133,12,6,78,5,46,1,30,175,11,0,1677,1,203,0,30,7,33,8,25,11,13,393,0,4,3,361,2,10,6,18,3,7,64,0,0,22,5,0,20,32,0,4011,51,207,28,21,114,190,17,7,0,14,0,15,44,30,0,4,45,0,0,0,16,3,0,102,22,75,2,27,1,2,4,56,27,567,0,89,30,48,111,0,0,3334,11,13,18,65,29,28,32,11,31,6,0,126,2,73,27,37,21,5,2,6,85,167,26,1,159,0,39,213,1,27,3,140,1,58,14,48,4,7,12,86,12,147,108,0,171,0,0,0,124,25,1,1,5,2,0,80,2,0,0,7,24,0,107
cell_7,4,22,10,0,28,190,0,15,10,11,6,0,30,6,0,77,13,7,0,0,29,106,14,0,0,254,40,48,6,0,5,0,29,80,8,0,29,18,316,2,1,275,135,0,2,0,68,162,147,25,85,16,0,0,2,0,28,6567,927,109,2,92,2,10,0,9,7,42,21,4,11,16,7,55,0,41,38,78,18,3,5,0,22,0,143,0,23,29,1,0,0,10,104,30,6,1,2,80,26,1,1,4,7,13,3,49,202,112,30,146,9,32,58,28,45,2,23,11,0,4,2,38,11,18,115,28,3,20,22,5,27,42,55,47,18,2,145,51,0,1,246,43,16,876,6,411,1,76,27,0,0,0,136,15,7,27,2,9,39,22,0,109,2,17,0,47,52,118,11,762,22,18,539,0,17,200,28,1350,66,170,0,11,0,3,19,15,69,30,4,52,11,5,4,9,28,613,227,191,4,51,2,24,1,19,42,13,22,18,8,43,6,29,44,61,0,189,22,6,1,20,11,10,1,447,33,2,25,120,21,79,34,50,23,51,3601,6,25,30,0,919,145,101,16,0,66,594,0,25,7,1,33,292,0,5,34,38,0,0,200,2,168,23,25,0,0,80,97,21,59,57,300,4,43,45,91,32,128,0,12,41,9,7,3010,160,15,13,51,38,0,183,58,7,16,0,21,34,39,6,50,9,3,86,9,39,0,1,23,0,78,77,128,4,1,155,362,22,96,7,259,26,75,4,27,40,4,64,10,9,30,165,7,21,8,137,68,5,0,2,0,4,1287,47,261,22,20,0,219,24,9,10,0,27,21,58,34,125,18,26,38,40,100,17,0,1066,1,221,0,162,10,61,2,42,18,27,456,86,0,0,249,8,31,142,25,16,26,10,0,2,10,9,0,6,33,0,3992,27,229,12,20,117,182,9,10,39,18,12,28,82,3,0,4,27,30,1,2,10,3,49,59,19,40,1,13,0,2,14,4,13,488,3,118,7,53,250,0,0,3408,36,5,15,68,46,30,9,8,23,10,0,12,14,15,38,122,22,4,5,14,7,49,11,3,111,0,64,236,1,17,27,338,6,30,4,126,0,2,2,32,23,127,120,1,99,4,0,6,110,6,0,10,0,0,1,78,27,21,2,40,127,0,120
cell_8,53,15,16,5,18,44,5,33,4,1,27,19,23,4,1,47,22,13,0,3,36,83,9,0,45,58,61,99,22,23,6,4,43,31,0,0,72,147,274,3,0,272,74,1,7,7,67,196,148,29,80,67,0,0,121,1,0,5625,907,75,8,89,1,0,5,1,24,17,19,0,8,0,21,14,36,21,5,385,16,3,3,0,36,2,176,15,37,23,3,1,0,0,18,36,20,0,17,74,173,3,8,9,1,1,1,79,194,141,37,93,7,99,43,0,56,22,19,39,0,2,0,9,3,23,192,25,40,0,21,16,21,74,37,27,37,61,110,84,1,0,367,5,4,585,0,39,3,71,22,0,0,2,155,49,229,5,12,34,39,20,1,77,22,27,0,0,37,97,8,919,26,19,605,1,7,82,20,1330,95,184,0,8,0,9,43,8,43,8,1,26,16,18,27,5,40,679,348,219,4,59,8,21,2,37,74,84,11,15,4,82,1,35,43,18,18,214,5,24,29,1,9,1,1,407,49,0,0,56,35,51,54,20,19,49,3573,56,2,10,0,901,153,49,4,0,41,174,0,22,3,9,33,192,1,8,29,0,74,2,35,4,140,4,28,0,133,189,11,1,41,51,100,0,36,58,115,46,125,51,83,13,3,8,2993,195,0,28,637,53,0,185,1,7,22,0,8,29,21,4,41,5,2,71,30,8,0,13,6,30,59,36,87,16,3,18,321,64,184,4,256,28,28,4,100,51,2,107,11,5,6,133,10,55,2,136,49,18,0,13,1,0,1427,67,232,65,31,0,202,88,1,14,0,3,104,39,20,8,5,68,0,37,147,13,1,530,83,210,0,31,3,240,4,38,12,31,427,0,2,4,57,14,42,256,1,18,21,1,0,16,37,14,1,90,13,48,4083,20,219,24,13,104,158,31,4,16,7,2,5,0,9,0,34,34,0,1,0,22,10,2,17,25,47,0,40,12,5,1,2,0,483,5,77,24,45,278,0,1,3691,14,0,6,40,48,23,23,15,6,0,7,58,0,87,36,123,34,34,16,0,7,333,4,22,104,2,85,195,7,10,22,202,0,78,17,68,7,10,7,4,20,148,105,33,122,9,0,1,108,40,1,18,2,0,0,40,0,10,0,8,111,0,24
cell_9,4,14,2,16,55,13,8,17,8,32,23,2,29,3,4,41,42,15,1,139,26,74,8,4,64,42,19,60,111,8,27,33,65,6,70,0,24,72,648,1,5,283,2,1,3,15,33,161,145,118,72,15,0,4,16,10,9,2457,2063,98,13,32,7,5,23,13,44,46,40,10,8,2,8,129,19,46,2,0,25,3,5,0,23,12,217,6,28,22,0,2,0,6,148,38,12,34,12,159,12,11,3,9,54,1,0,80,221,186,11,84,9,33,44,35,33,4,15,13,0,6,0,9,18,20,423,1,5,0,33,11,22,20,29,25,16,18,167,22,1,0,337,15,5,118,6,122,0,90,43,0,0,9,67,59,11,8,21,16,31,21,4,26,25,17,0,49,3,74,7,866,0,4,677,2,75,17,28,868,55,108,47,6,1,14,15,18,23,6,3,33,37,5,22,26,18,150,282,74,10,91,0,14,72,15,72,29,23,23,16,37,3,18,3,14,20,39,2,48,16,17,0,28,3,320,46,11,2,33,24,16,16,24,23,40,3781,36,16,6,0,766,151,114,15,5,19,463,29,38,14,1,57,106,1,0,210,7,6,0,154,3,87,15,12,0,117,31,8,0,39,20,301,7,17,14,66,53,32,0,26,5,12,22,3256,438,5,26,741,21,14,87,55,4,22,0,11,26,13,15,57,8,17,27,19,41,11,11,11,49,53,20,79,8,0,94,182,63,147,5,222,43,26,4,71,132,35,44,8,8,13,118,5,86,9,163,74,24,0,23,0,10,578,37,48,66,5,6,120,71,18,7,0,21,90,17,37,1,63,27,85,77,167,33,0,1412,13,75,14,42,4,36,7,23,3,26,100,0,3,3,219,15,1,17,9,15,22,10,1,4,10,8,0,5,24,0,2626,29,147,30,32,86,244,10,10,34,23,2,8,33,53,0,36,7,0,19,6,4,10,2,48,5,42,2,27,3,28,15,21,18,486,2,55,2,36,149,10,0,1617,40,2,9,30,10,11,14,13,11,47,4,141,4,35,139,59,52,20,18,0,15,83,22,1,232,4,155,222,0,46,22,43,2,95,17,142,7,17,83,5,32,114,147,0,170,22,0,0,51,37,8,4,11,0,1,108,3,40,25,26,17,0,34
cell_10,0,45,0,34,12,9,14,13,1,29,28,23,10,1,0,40,22,15,1,212,35,38,4,1,124,120,101,41,51,9,12,0,22,49,0,2,57,57,460,1,21,197,6,2,4,1,28,175,116,170,82,20,35,4,3,20,24,1253,2199,195,14,158,9,11,0,35,32,52,36,1,0,0,35,78,14,55,8,0,74,3,8,0,28,10,202,0,5,17,0,1,5,0,53,22,9,40,20,39,7,8,0,10,62,5,1,24,142,105,18,75,2,81,49,14,50,6,19,41,2,3,3,56,4,4,242,0,0,0,25,3,2,44,133,44,9,11,113,213,0,18,217,38,22,152,4,39,3,49,68,0,10,0,11,13,154,37,1,48,20,23,6,20,19,7,2,4,3,50,3,179,24,19,903,1,163,160,11,408,48,50,5,1,0,6,17,2,21,10,10,26,14,12,7,11,19,321,116,45,3,87,11,23,8,26,45,16,16,24,23,62,28,56,30,36,15,21,50,21,2,23,10,4,5,239,61,15,10,9,14,0,34,13,21,12,3858,10,41,51,0,1016,250,16,7,0,135,322,21,41,5,0,42,278,2,0,144,26,0,5,61,7,84,17,3,6,203,22,3,5,18,43,184,10,19,102,93,49,130,0,26,4,3,20,3133,301,0,5,498,63,16,148,8,32,26,25,190,35,32,60,32,6,1,52,3,8,0,1,3,2,61,107,46,1,0,72,82,16,136,10,261,76,2,14,30,44,40,41,4,0,9,219,7,11,9,76,28,36,1,1,11,5,805,63,185,106,15,0,60,58,0,10,0,42,114,24,48,39,2,1,39,107,166,43,9,407,5,104,0,57,15,37,13,36,0,16,137,1,23,4,287,14,49,5,62,16,28,27,0,14,51,11,5,7,67,0,6789,17,83,10,18,68,332,1,3,9,36,0,65,51,26,0,18,13,0,1,0,26,20,1,40,16,24,0,41,18,23,22,38,2,327,5,99,10,54,211,22,4,1342,24,4,69,12,22,20,14,3,9,39,0,103,0,10,57,72,17,18,21,0,12,103,0,19,116,11,337,103,4,25,0,7,6,139,10,70,17,0,0,10,30,138,61,1,96,18,0,2,66,32,0,33,13,0,0,17,71,37,7,20,9,11,8
cell_11,67,4,17,0,26,36,3,14,3,22,29,11,16,0,0,27,17,14,0,0,12,42,1,13,25,19,7,164,15,5,2,90,2,17,0,0,88,19,399,3,27,243,145,1,0,5,35,150,114,172,67,1,53,7,44,2,23,828,2085,89,3,138,11,1,85,45,9,22,15,2,2,1,24,18,17,38,21,370,69,0,5,0,16,10,249,0,70,11,0,2,0,4,189,4,8,15,10,106,10,1,1,8,8,2,15,80,138,107,6,33,8,114,59,21,67,15,5,51,0,1,0,120,22,25,257,21,5,63,12,6,3,37,6,33,10,72,132,81,5,70,238,81,6,0,10,368,8,6,44,13,0,9,67,37,76,3,8,10,20,19,9,69,32,36,1,183,12,23,20,153,3,21,747,5,172,60,29,402,0,72,5,15,3,29,17,18,66,9,0,78,42,31,43,36,46,179,287,80,33,45,3,19,1,11,86,37,105,21,39,44,23,60,15,24,17,149,18,24,4,15,13,5,4,235,49,0,0,35,9,3,4,0,31,34,3611,14,24,77,1,1022,249,46,7,3,16,600,0,42,2,0,30,238,2,1,178,17,75,5,78,3,126,0,1,0,1,64,84,14,34,51,51,4,12,97,79,67,100,215,18,7,27,0,3223,373,0,17,180,20,2,256,10,23,22,0,10,15,39,45,97,30,6,61,6,8,0,0,35,11,48,23,57,7,0,17,207,25,171,1,115,78,55,5,62,58,4,96,7,1,6,200,20,99,18,91,64,47,0,23,4,3,866,59,182,33,20,0,61,33,4,6,0,4,120,89,26,51,27,46,55,95,112,10,2,92,0,99,0,94,1,12,15,60,2,50,63,27,0,1,241,29,0,119,13,36,4,176,0,2,47,0,0,17,58,50,6751,102,73,29,33,61,343,7,8,0,28,3,27,12,152,11,0,6,0,5,0,32,10,7,18,7,19,2,47,18,26,0,2,3,514,0,53,8,59,111,0,0,1263,37,0,8,25,5,23,0,8,14,26,0,114,6,23,54,50,17,25,24,4,16,118,55,16,171,4,285,81,6,11,36,63,0,83,2,69,7,14,63,3,39,108,77,62,241,5,0,6,62,13,0,16,13,1,0,53,18,24,1,5,8,0,2
cell_12,9,30,9,3,49,1,8,36,16,56,38,2,51,14,1,86,22,7,0,3,29,136,11,2,20,65,0,42,54,21,16,55,63,3,2,18,16,58,713,0,12,240,1,1,3,18,39,243,135,95,79,3,5,15,19,0,7,2913,2076,173,5,87,22,1,83,8,21,49,40,6,28,2,7,137,56,46,6,787,34,0,7,0,18,6,203,0,24,18,5,0,0,12,147,104,3,11,2,18,77,27,2,10,0,10,5,108,193,201,2,100,6,130,47,37,36,9,83,35,0,2,0,89,19,36,452,35,17,0,16,31,5,48,105,27,25,50,168,98,0,4,352,49,4,118,17,696,5,72,49,0,0,4,93,6,2,5,8,38,12,22,11,145,9,17,0,159,14,69,5,923,18,10,613,7,80,114,32,884,52,96,10,4,23,14,22,15,28,65,3,24,47,5,28,11,53,175,397,38,63,52,15,6,0,34,90,48,26,18,36,88,8,27,36,42,121,204,13,59,50,26,0,14,3,327,57,0,2,41,19,1,18,28,36,33,4195,19,36,0,0,810,158,97,3,0,60,124,0,34,1,0,106,70,1,7,208,33,0,0,238,49,143,3,10,6,109,34,51,20,70,17,287,1,18,0,74,58,148,0,4,12,31,55,3099,473,4,5,15,33,1,194,16,1,17,0,44,49,21,25,60,18,2,36,13,58,0,5,1,4,31,28,41,2,3,122,287,78,197,41,672,54,99,2,23,152,6,54,2,14,1,112,2,20,20,139,21,41,2,2,2,2,597,38,105,65,4,0,226,60,7,14,0,39,79,12,19,51,49,49,27,74,192,5,4,1907,0,65,0,30,1,0,3,44,1,3,200,0,6,2,198,11,42,48,0,9,6,4,0,4,20,3,2,4,35,0,2573,0,156,24,26,96,196,22,8,0,30,2,14,18,0,0,57,20,8,1,0,3,14,0,42,1,42,0,79,0,9,10,3,26,661,0,58,4,30,24,0,0,1402,24,6,20,40,25,14,13,1,9,6,3,153,2,47,174,31,75,26,28,10,43,138,48,2,228,3,304,166,18,19,77,55,0,31,10,102,55,18,3,139,21,146,127,7,128,7,6,1,64,1,3,18,1,0,4,100,19,0,8,47,45,0,21
cell_13,32,24,20,4,29,122,0,4,5,9,33,12,13,3,2,26,38,13,0,9,24,113,6,0,77,15,80,105,48,5,10,26,43,7,0,6,100,65,308,3,2,279,3,1,9,0,73,151,126,22,68,80,0,0,0,2,0,4534,890,70,13,22,15,4,2,1,28,18,20,10,3,0,21,22,14,50,26,273,18,3,0,0,13,10,125,1,55,17,9,0,0,18,35,52,3,3,7,78,32,11,1,2,22,4,16,17,232,31,15,81,7,255,31,43,61,44,6,16,2,15,2,32,5,13,145,27,6,0,23,17,10,40,37,31,23,92,144,73,1,39,274,33,2,668,3,192,4,49,42,0,0,0,133,0,97,20,23,39,11,18,5,93,14,14,0,77,4,34,0,779,8,14,560,2,126,14,27,1303,38,179,5,2,13,15,3,24,66,31,6,39,10,5,14,8,46,621,342,54,2,62,0,16,3,27,50,129,11,22,4,26,22,34,31,8,18,197,52,23,20,34,0,19,3,508,40,3,2,123,11,23,16,13,46,36,3450,36,8,5,0,866,146,69,6,7,9,188,22,20,2,4,37,222,5,0,26,2,24,0,115,11,202,1,18,2,228,99,15,8,72,10,156,2,27,34,98,36,52,0,16,15,26,1,3051,208,6,51,272,22,12,195,7,5,15,0,22,28,39,0,52,8,11,74,7,10,0,0,0,0,45,30,205,21,0,44,318,23,202,36,375,24,13,9,44,55,1,57,7,3,16,134,8,87,1,150,71,22,2,13,0,4,1160,45,301,62,0,0,87,110,10,36,0,53,138,34,7,19,79,88,43,12,206,6,0,1318,11,207,0,92,5,84,7,21,0,14,436,27,22,9,128,13,25,150,13,20,18,11,1,0,30,32,0,23,33,4,3945,19,237,7,12,122,184,12,16,1,13,2,18,118,17,0,1,64,0,0,0,29,11,0,83,15,21,0,48,1,3,6,25,31,223,1,106,28,27,166,1,0,3381,24,3,49,55,30,27,8,4,9,8,18,97,6,85,8,136,78,4,4,2,48,181,133,6,140,0,44,265,0,22,23,39,1,73,8,49,10,40,0,41,3,125,116,32,190,6,0,0,110,12,4,24,4,0,4,54,10,21,0,7,149,0,31
cell_14,4,89,43,11,20,33,2,11,6,17,10,7,28,1,0,109,38,11,0,55,25,15,7,3,19,47,0,261,28,6,3,13,9,8,0,0,48,5,304,0,15,254,19,0,0,4,64,169,143,23,82,1,20,7,6,7,1,4636,951,63,11,95,18,5,17,20,4,14,4,7,51,4,33,70,0,48,34,305,31,7,2,2,25,1,180,0,0,19,12,1,0,10,38,9,4,0,5,45,137,0,0,4,24,1,1,90,209,38,18,43,3,138,46,0,52,18,7,22,0,2,1,89,5,16,148,3,7,0,7,7,7,6,17,10,90,101,140,19,12,5,256,0,3,472,19,440,8,62,26,2,0,6,129,5,30,5,1,12,41,20,3,104,11,20,2,274,14,32,14,872,15,17,575,2,38,1,10,693,70,167,15,7,0,18,6,8,65,34,8,46,26,0,32,27,13,747,358,240,20,18,13,11,8,36,28,11,22,16,5,51,0,3,12,21,25,187,14,14,13,7,0,2,0,412,45,0,4,134,28,42,4,26,62,54,3778,29,19,12,0,902,203,290,9,13,2,472,23,24,4,3,32,202,0,0,42,20,131,3,114,1,150,5,6,0,0,98,46,25,81,12,315,0,16,0,112,33,116,40,34,109,36,32,3083,226,5,72,38,20,9,186,42,2,14,0,0,2,42,0,64,12,1,86,32,19,0,4,9,24,7,45,46,4,0,155,343,78,128,8,286,31,80,6,39,42,9,75,3,7,12,130,12,111,8,117,46,14,6,17,11,5,1464,46,36,94,15,0,18,77,90,1,0,4,165,23,58,106,215,73,54,7,200,6,0,1175,70,185,0,54,5,221,0,41,11,27,10,0,0,11,96,10,28,142,3,8,14,59,0,3,12,20,0,11,47,15,4123,65,208,23,16,14,171,2,7,12,15,1,36,1,0,0,64,23,34,5,59,28,59,7,53,6,51,1,57,34,7,4,13,13,553,0,101,2,44,174,3,0,3326,21,2,0,13,12,13,13,22,7,39,29,47,61,98,33,12,3,14,1,2,16,192,92,0,137,3,188,180,45,66,40,123,0,33,2,77,70,37,81,30,20,126,103,105,187,1,2,0,143,24,0,6,2,2,5,35,0,0,1,9,108,0,250
cell_15,23,10,5,1,37,57,21,15,4,1,20,13,44,9,9,20,43,12,0,1,36,72,13,0,34,74,0,14,32,12,2,20,54,1,5,0,28,43,270,0,16,297,9,3,21,0,35,193,151,27,61,13,2,7,16,6,32,5901,902,117,8,86,12,4,33,2,38,22,19,12,15,0,16,8,87,42,4,284,14,7,6,0,10,10,125,0,53,24,6,0,0,20,81,85,4,2,34,61,12,10,0,7,18,9,9,75,233,128,14,92,5,101,33,52,41,37,18,10,2,5,0,18,8,16,62,60,12,817,13,16,19,20,42,38,27,80,65,50,18,107,299,13,5,1,1,465,10,34,87,0,0,0,108,14,22,3,3,1,11,24,34,124,18,25,0,311,21,47,17,660,6,11,596,19,92,7,29,1046,0,184,4,4,13,13,27,4,59,7,1,21,18,3,12,29,30,661,123,298,17,54,3,16,0,43,74,49,0,10,20,74,17,34,40,51,133,77,12,23,10,21,13,15,4,469,48,22,10,169,5,25,33,2,47,50,3348,10,11,11,0,808,149,264,4,1,2,494,38,35,18,0,43,141,2,0,38,8,202,0,83,12,143,4,15,0,283,99,58,3,52,74,225,1,6,0,99,38,3,0,37,35,14,49,3071,221,6,44,350,0,0,188,25,29,21,0,21,26,45,9,66,10,3,69,4,10,0,2,17,18,65,39,170,12,0,57,380,38,199,12,75,29,61,6,43,55,21,102,15,6,0,142,8,13,8,125,92,52,0,15,7,8,1364,47,30,50,39,0,95,75,0,0,0,43,120,120,57,28,8,84,14,35,217,11,0,1213,48,212,0,137,9,228,8,26,13,49,348,0,0,1,287,14,0,11,2,8,9,0,0,2,53,11,0,15,27,0,4154,2,222,14,18,49,143,11,11,14,11,6,20,34,3,7,99,8,20,0,0,43,15,12,122,4,2,0,56,0,4,0,23,17,657,0,77,0,40,173,0,4,3356,8,6,4,42,48,12,1,1,16,2,10,125,10,88,48,107,35,4,14,15,30,212,49,6,123,2,118,208,16,8,50,112,3,62,20,56,13,2,3,0,26,137,110,33,169,8,0,0,121,36,1,20,8,0,0,18,96,7,3,3,24,0,117
cell_16,0,26,18,4,19,49,1,17,9,16,27,5,41,9,0,11,33,14,0,0,15,47,8,0,3,70,8,41,35,1,2,8,25,18,0,0,44,42,302,0,0,289,22,3,12,2,76,171,160,25,66,13,1,1,0,0,0,6423,862,75,1,82,9,2,2,69,11,63,26,1,21,4,5,24,36,52,15,206,2,0,2,0,26,0,69,0,23,28,14,0,0,7,15,28,15,2,13,61,76,21,2,14,1,2,5,42,154,116,6,17,9,84,52,13,49,8,13,25,0,5,1,14,4,24,231,11,7,0,19,6,10,42,83,34,18,99,134,51,0,3,321,14,2,49,5,54,0,82,32,0,0,2,32,9,0,10,52,9,6,24,2,136,0,24,1,6,18,31,3,909,12,12,647,1,21,14,19,1306,21,175,0,1,0,7,46,5,64,26,1,3,17,3,39,17,32,566,403,146,8,10,1,20,0,58,47,135,8,21,17,42,41,34,41,34,40,194,2,20,20,3,4,5,4,391,39,0,3,78,20,0,27,34,4,30,3517,39,1,0,12,910,162,304,1,5,17,18,0,34,4,0,15,295,1,0,22,7,12,0,35,4,79,4,25,0,302,81,0,7,62,50,229,0,18,0,70,37,31,0,12,6,8,1,2989,205,9,11,279,20,0,188,4,1,13,3,61,28,27,1,52,8,12,52,27,11,2,14,1,2,64,5,157,8,0,72,99,40,143,4,221,16,182,7,79,47,2,59,5,4,24,105,4,10,6,165,57,27,0,14,4,10,1167,60,225,90,0,0,236,100,29,2,0,54,122,9,88,22,238,34,56,33,178,2,1,1130,0,191,0,169,2,48,22,14,3,41,353,24,6,18,43,3,4,158,8,16,5,23,0,0,49,1,1,15,31,0,4018,24,208,22,18,109,202,23,19,1,10,4,7,124,0,1,7,39,0,1,0,24,17,20,88,20,9,2,28,3,4,4,10,13,548,0,89,6,22,242,0,0,3647,5,3,18,53,58,24,3,0,17,32,4,59,11,113,23,99,21,14,11,1,34,69,38,3,133,2,100,243,13,39,10,0,7,63,23,67,4,25,9,56,25,121,97,0,50,4,2,0,94,7,4,29,1,0,2,55,27,34,0,29,121,0,38
cell_17,0,34,19,12,39,282,10,29,2,8,30,2,22,1,0,13,20,8,1,151,28,41,7,3,1,73,46,158,15,68,3,1,11,0,1,6,35,49,277,5,2,275,4,0,16,20,57,163,60,24,64,59,2,8,0,10,0,4925,956,91,4,83,4,6,13,14,23,39,19,3,8,2,30,15,13,25,34,0,25,11,5,0,26,1,150,0,28,20,4,0,0,25,36,18,1,0,12,70,15,7,0,3,35,0,5,74,154,113,36,110,4,40,41,64,43,26,2,24,0,1,15,67,17,15,248,14,15,2,15,4,10,37,68,48,19,0,135,2,0,15,309,28,6,746,5,222,0,97,62,0,0,2,116,2,142,6,38,9,31,27,6,74,10,4,5,129,26,46,0,830,4,16,633,1,35,4,15,1343,97,196,9,9,16,16,17,5,58,24,3,23,15,6,20,59,13,393,378,54,19,16,3,10,0,23,59,179,28,20,20,53,70,43,28,34,12,39,13,6,7,40,10,18,3,332,31,35,32,86,28,18,40,55,49,67,3190,0,35,15,0,873,122,190,0,15,8,178,1,23,7,50,43,267,0,7,27,31,215,6,138,15,187,11,24,0,230,199,40,2,64,16,299,0,19,0,116,53,63,0,62,2,16,5,2939,193,1,22,541,25,66,79,27,0,17,0,32,7,39,17,63,11,4,68,9,34,2,0,1,38,56,2,173,6,0,165,338,51,229,2,416,31,133,5,9,47,21,34,5,0,2,119,4,63,4,146,64,36,6,2,4,12,1373,53,295,81,37,0,142,59,18,0,0,5,148,21,3,92,17,82,16,12,164,11,11,950,35,221,0,118,3,0,4,25,4,33,380,68,0,8,301,10,2,3,9,8,32,55,0,2,21,0,4,19,37,0,3948,17,222,11,10,114,168,12,18,0,15,4,13,54,4,0,79,31,0,5,0,39,7,13,22,10,15,0,41,1,0,17,26,3,285,0,116,5,44,244,2,1,3716,22,14,1,18,8,28,17,4,1,33,1,131,6,95,30,19,11,5,9,0,71,87,26,6,122,0,128,195,2,5,6,0,5,87,3,70,12,8,0,121,23,108,85,3,140,9,0,0,95,6,1,29,5,0,4,53,9,0,4,52,77,0,0
cell_18,0,34,15,1,29,174,6,12,4,5,19,0,34,1,0,44,22,8,0,127,37,75,4,12,87,16,38,153,43,14,10,2,77,4,0,0,12,32,299,2,9,239,8,1,3,3,58,159,163,32,66,95,8,3,2,4,31,6607,961,76,2,102,18,2,23,9,25,60,24,7,16,0,23,16,22,16,9,267,14,0,1,0,35,5,184,0,26,41,0,0,0,5,45,53,6,3,7,55,8,2,2,11,11,0,4,36,262,91,22,14,13,153,54,54,55,6,13,17,1,3,0,47,6,20,103,10,4,0,38,11,2,4,122,24,34,0,141,8,0,104,277,23,6,35,1,434,3,88,41,0,0,3,78,14,0,28,17,20,33,19,4,162,7,16,0,198,8,42,8,672,0,14,484,0,123,10,16,1277,449,146,0,9,0,26,13,20,60,31,1,23,13,9,21,3,20,706,323,64,0,36,1,22,0,1,65,31,22,9,17,46,5,32,37,8,15,180,11,45,6,40,0,6,3,545,44,15,5,225,15,32,63,3,34,24,3572,18,5,23,0,932,143,183,1,3,10,724,4,37,6,8,36,187,1,12,31,22,188,2,224,1,128,8,12,0,273,16,79,6,69,68,267,24,56,56,90,38,72,0,10,19,13,0,3107,227,4,23,150,20,56,123,4,7,24,0,21,22,39,12,64,24,7,78,17,23,0,0,10,0,22,3,354,2,0,150,382,58,175,0,291,27,41,2,53,56,1,60,2,5,11,145,12,104,3,149,84,60,3,4,9,8,1378,38,291,89,0,0,53,67,0,4,0,28,135,74,50,92,176,131,52,17,234,7,2,1060,76,235,0,73,2,294,5,33,2,25,409,0,0,11,303,11,32,69,6,7,28,25,0,2,8,0,6,20,44,0,4179,31,242,15,24,71,186,18,5,4,21,3,19,53,71,0,46,20,2,1,1,41,13,0,97,6,20,2,47,7,1,8,12,12,130,3,99,0,50,286,0,0,3484,32,6,2,48,44,17,6,12,13,4,0,103,15,76,34,131,90,4,14,0,12,300,58,0,134,1,40,196,18,49,3,125,2,52,2,85,12,21,15,10,9,208,125,0,77,4,0,1,118,45,1,16,14,0,1,78,34,20,2,40,136,0,39
cell_19,0,15,40,1,28,81,9,26,1,0,32,0,35,1,0,20,46,16,0,6,24,99,8,2,110,52,56,66,51,12,0,23,46,12,4,0,11,14,330,0,10,260,0,0,6,2,71,171,199,36,73,21,0,12,36,6,0,4646,932,95,1,104,11,1,20,8,23,39,6,8,1,2,31,61,43,27,16,0,29,21,8,0,22,4,161,0,11,32,9,0,0,12,41,69,4,1,13,53,110,16,5,12,64,2,0,83,272,102,19,106,9,114,57,4,52,0,27,37,1,6,2,44,21,24,212,0,10,118,15,11,0,45,82,29,119,37,123,50,22,0,343,60,29,1018,0,236,9,44,57,0,0,13,134,8,0,15,21,19,10,13,1,173,5,16,5,59,20,34,6,1029,9,28,577,0,88,35,8,1403,342,170,2,13,0,18,19,14,0,40,2,18,9,6,4,0,32,705,378,236,60,54,18,19,0,17,40,53,8,19,7,61,30,29,29,0,30,57,3,34,1,4,2,8,2,336,44,9,17,90,39,31,38,7,61,49,3975,23,19,0,0,959,133,291,1,2,11,0,3,31,4,0,42,105,1,5,24,39,197,0,95,8,44,11,13,9,254,116,0,12,28,30,266,35,50,48,95,34,84,2,15,37,4,1,3074,205,5,11,282,29,19,170,31,5,19,0,15,18,35,8,62,11,5,91,48,28,7,4,15,25,58,24,178,3,0,199,357,71,144,5,333,24,53,0,26,36,0,99,16,4,11,116,15,97,13,130,66,14,0,10,3,4,1328,51,180,100,99,0,202,95,57,1,0,9,127,20,13,77,111,24,22,33,233,8,0,863,3,235,0,47,1,248,1,27,7,6,352,0,1,1,312,12,49,178,11,15,16,77,0,1,45,8,0,20,45,52,3910,20,185,22,19,79,181,8,12,59,13,1,19,1,0,0,0,8,68,1,1,9,77,0,80,21,40,1,14,7,6,2,11,1,189,5,91,14,54,267,14,0,3571,19,2,25,33,17,3,0,20,9,30,3,114,2,81,35,104,37,16,10,4,16,157,32,3,148,3,115,223,4,13,1,77,0,17,7,117,8,8,0,17,18,169,100,0,55,2,0,2,29,33,0,0,9,0,2,26,8,14,2,28,103,5,344
cell_20,122,6,0,9,40,111,17,49,13,4,35,16,45,18,0,19,35,11,0,0,23,118,10,0,21,0,49,19,29,19,10,11,38,24,11,7,17,84,304,0,0,278,0,2,7,6,51,177,171,20,67,69,10,7,0,2,8,4954,870,87,14,93,21,9,0,0,20,57,24,8,5,0,8,27,33,36,7,312,12,0,0,0,7,2,141,1,50,26,7,0,0,1,53,87,1,1,30,56,33,20,4,8,2,0,12,58,145,128,27,47,2,220,54,30,49,12,11,25,0,5,0,0,9,13,218,55,1,622,28,14,9,27,20,33,23,102,120,46,0,42,261,10,3,235,10,238,1,53,35,0,0,0,104,76,14,3,25,27,20,14,6,50,12,20,0,119,27,72,4,913,16,10,505,0,114,48,15,1095,35,165,2,3,0,3,40,4,40,16,1,50,13,2,6,10,18,745,252,125,17,57,1,15,1,0,56,53,11,8,28,76,42,29,39,27,42,155,4,16,19,26,6,12,1,521,40,0,56,114,35,4,115,5,19,36,3722,19,12,14,0,985,183,253,0,0,25,314,0,24,10,3,35,141,0,0,31,51,17,0,214,8,200,3,20,9,134,67,48,21,30,82,179,4,25,34,103,27,0,0,30,9,10,50,3202,214,13,6,123,6,0,185,0,4,21,0,6,14,49,5,72,5,2,76,25,19,4,1,22,50,22,89,64,1,0,128,330,39,176,59,293,24,96,14,13,57,10,95,0,11,14,137,3,52,10,130,51,15,2,3,1,15,1196,56,323,16,0,0,223,41,0,0,0,21,28,85,46,105,27,70,51,27,159,14,3,531,2,203,0,157,10,11,4,32,0,34,276,87,0,4,320,4,35,21,19,9,34,0,1,0,22,3,0,9,35,53,3953,17,204,4,13,110,182,16,14,30,8,12,19,87,2,0,118,9,2,9,0,39,22,0,99,18,42,1,49,5,3,3,15,18,459,1,105,3,48,174,0,0,3344,4,18,3,68,16,25,15,1,9,9,3,118,18,20,40,41,47,5,17,1,49,61,84,4,126,7,24,212,1,9,13,87,0,72,30,94,4,19,0,27,5,107,90,4,169,16,0,0,94,54,2,11,4,0,6,71,182,0,1,25,48,0,142
cell_21,0,34,24,2,31,34,9,59,0,2,18,6,33,12,0,150,28,4,0,46,29,69,5,13,26,183,104,63,29,2,3,27,53,1,0,3,24,20,245,2,16,305,1,0,6,0,68,174,161,23,69,18,2,9,8,0,0,6438,911,100,4,30,12,6,1,58,33,55,14,2,4,2,2,42,72,37,26,338,26,7,2,0,18,10,127,0,10,28,8,0,0,4,54,87,1,2,4,74,12,27,1,4,21,2,4,82,255,103,10,87,12,95,33,33,43,17,6,29,0,8,0,26,9,6,210,10,1,36,86,8,2,38,124,22,58,113,144,42,0,5,317,51,10,72,0,351,3,104,53,0,7,0,121,9,0,19,4,42,9,13,26,131,2,20,0,246,7,66,6,986,4,20,627,0,94,30,13,1345,10,163,0,8,0,16,26,1,25,33,0,29,11,4,14,3,23,668,116,197,17,31,3,18,0,32,63,29,17,21,21,30,23,39,36,11,41,100,31,29,0,6,2,11,1,468,48,8,9,53,18,0,68,17,36,59,3341,10,25,2,0,856,155,262,0,0,20,667,21,37,1,8,44,137,2,0,25,37,214,1,178,6,184,5,15,0,255,173,5,4,28,63,172,9,19,0,102,39,59,0,6,0,11,22,3198,222,7,21,151,0,0,186,10,5,22,8,12,22,23,8,72,10,2,70,2,30,0,0,6,1,74,5,225,3,0,154,364,56,193,55,377,23,88,1,64,46,9,58,2,0,8,132,9,6,2,139,34,38,0,3,18,17,1602,67,295,95,0,0,254,88,4,19,0,79,104,53,92,19,11,97,51,35,214,14,0,1407,32,240,0,114,12,2,8,30,16,36,415,3,4,7,346,22,54,45,0,12,19,129,1,4,17,9,0,27,45,18,3978,13,220,28,25,81,161,6,8,0,13,3,29,21,3,1,9,3,1,0,0,48,12,0,120,22,38,3,56,2,3,2,34,11,611,6,105,13,32,233,0,0,3926,28,4,30,29,31,26,0,5,3,9,1,120,1,60,31,139,65,8,13,6,12,107,13,0,122,0,136,201,17,11,27,72,1,54,13,160,11,3,57,16,22,131,82,15,169,8,0,8,110,19,6,5,3,0,1,52,91,10,3,19,138,0,0
cell_22,0,20,4,3,51,13,7,61,20,2,35,0,47,30,0,3,38,17,0,0,43,92,18,18,49,6,25,19,11,29,12,5,25,0,0,0,3,47,621,5,9,211,1,7,6,24,97,193,215,94,62,13,47,16,4,6,0,3646,1956,131,8,93,2,10,102,17,32,32,25,5,16,0,5,61,10,15,30,628,29,13,1,0,42,0,263,0,67,18,12,0,0,1,62,75,12,11,11,196,9,2,5,11,75,1,3,7,184,141,6,88,4,145,38,47,30,2,39,12,1,8,0,2,5,5,294,33,5,8,8,29,53,28,56,18,21,43,191,14,0,100,182,2,8,343,4,328,3,87,20,0,0,0,80,28,0,3,0,46,9,7,78,153,10,24,2,223,4,64,2,992,43,17,565,2,53,29,8,796,16,104,20,20,1,28,65,6,7,60,2,36,33,0,8,2,7,151,47,157,10,78,5,20,0,0,76,50,0,25,15,90,22,34,29,15,8,110,2,16,16,12,2,19,8,127,74,41,9,189,21,23,39,11,10,36,4205,43,29,0,0,864,148,27,6,0,16,28,7,30,4,1,81,207,3,5,210,8,38,1,360,22,73,11,17,1,91,62,19,0,60,55,275,1,25,7,69,39,75,0,8,50,8,64,3232,597,7,8,285,1,6,166,0,3,27,0,7,17,40,0,53,11,19,53,23,29,10,2,0,50,66,44,78,2,0,54,233,62,100,31,44,51,85,9,170,92,32,54,6,2,0,90,17,28,0,118,87,57,2,6,9,5,663,27,104,19,0,1,208,32,36,5,0,27,60,75,1,11,10,56,69,89,139,21,0,1803,0,93,1,41,0,33,11,18,4,19,227,0,13,10,113,3,8,10,3,4,31,11,0,0,8,2,0,11,38,0,2646,42,158,5,36,101,213,24,13,23,15,18,10,95,0,0,0,14,6,4,168,41,5,9,99,14,24,2,49,4,37,5,41,7,794,5,52,12,44,114,4,3,1555,47,11,23,27,64,17,10,3,0,11,2,190,6,42,21,70,62,2,12,41,136,40,57,0,215,0,87,203,20,1,9,159,3,79,17,78,7,10,8,16,4,117,113,19,198,8,0,0,14,38,1,1,13,0,1,146,31,28,20,106,98,0,35
cell_23,0,16,0,14,34,2,11,40,11,21,6,11,38,13,0,71,39,20,1,50,5,54,19,2,6,0,44,62,4,7,12,4,57,73,0,1,47,30,271,1,11,228,0,0,6,2,34,98,140,26,66,31,2,15,29,11,30,5655,920,92,4,69,16,4,11,17,20,67,14,11,4,1,20,55,44,39,14,0,28,3,1,0,24,5,162,0,14,55,1,0,0,15,17,39,6,7,1,74,20,6,0,3,0,1,6,30,140,133,17,123,8,258,42,97,57,79,13,3,0,1,0,14,6,6,131,22,2,0,3,11,27,36,30,23,7,127,146,35,0,149,277,2,1,164,1,423,12,75,19,0,0,1,121,96,0,8,55,6,19,17,1,109,3,18,0,71,20,30,3,695,18,22,480,2,58,60,0,1277,288,176,0,1,0,5,6,12,16,28,1,23,9,4,37,90,21,726,276,137,17,69,0,15,1,54,62,80,5,20,31,96,51,31,43,31,28,192,34,14,3,1,11,4,2,516,50,0,29,188,33,1,117,11,36,26,3350,10,30,1,0,886,131,188,3,0,9,161,59,16,2,36,43,183,0,8,33,3,21,1,116,13,163,7,20,11,289,17,100,13,67,36,270,14,24,0,104,40,128,0,39,1,3,25,3167,232,8,9,42,38,39,144,13,5,11,0,28,22,33,4,73,20,6,87,12,50,0,24,2,39,68,31,217,0,0,119,414,56,136,27,5,20,69,6,112,49,19,51,9,9,1,64,3,18,0,132,50,10,1,19,9,18,1466,48,128,48,95,0,150,37,12,1,20,35,85,42,89,55,11,40,41,13,153,10,11,520,93,193,0,132,8,94,4,25,5,55,393,18,0,3,135,5,24,37,8,2,29,17,0,0,31,21,0,10,23,0,4093,6,226,8,22,122,190,13,14,0,9,2,14,103,2,0,101,46,0,0,0,6,6,0,55,7,44,2,54,3,7,4,24,0,139,0,104,8,40,183,1,0,3256,6,10,15,35,34,23,6,0,28,6,0,61,6,35,26,22,7,9,19,3,43,128,27,0,115,8,177,216,7,68,50,65,1,70,3,0,4,0,0,104,22,121,123,0,185,17,1,0,153,10,1,16,3,2,5,55,0,5,2,36,14,0,11
cell_24,0,22,0,3,32,105,8,40,6,0,16,11,20,14,0,0,5,10,0,1,42,87,7,1,18,0,29,44,9,1,5,2,76,0,0,0,11,4,250,4,0,287,0,2,12,6,27,152,177,31,74,24,1,5,29,2,13,5273,880,93,7,65,9,16,0,27,7,43,24,17,9,0,16,28,40,56,41,353,17,4,7,0,33,1,136,0,52,37,5,0,0,12,82,65,4,0,37,78,49,1,7,3,6,2,9,83,226,98,21,68,6,161,33,29,63,22,26,0,0,6,0,98,1,22,203,83,12,0,17,13,2,18,47,23,26,1,99,73,0,18,328,22,6,75,3,324,21,27,21,1,0,0,128,86,0,12,17,10,34,21,7,39,7,22,0,73,31,64,9,914,17,15,542,1,135,39,28,1136,2,169,0,23,0,17,27,11,24,30,11,13,14,5,30,12,37,799,197,250,43,74,0,15,21,33,57,41,2,14,2,86,24,37,44,0,91,127,9,4,4,22,8,19,1,530,29,1,34,188,23,1,30,3,19,67,3457,25,0,36,0,878,148,222,0,4,54,433,2,44,10,8,35,317,0,0,25,1,80,0,240,10,208,9,36,0,105,106,67,3,52,25,306,2,67,17,90,38,73,0,25,27,8,3,3015,233,9,4,25,18,5,175,16,14,21,0,1,39,21,7,61,5,4,65,10,14,0,4,27,4,66,34,272,9,2,78,339,48,212,13,107,26,84,0,17,40,11,78,0,10,15,139,9,0,13,139,84,6,0,5,1,2,1063,58,288,34,95,2,185,93,7,3,0,8,120,95,5,99,9,14,42,35,189,17,2,1038,1,211,0,190,0,98,5,43,2,28,324,99,9,6,442,2,46,74,22,12,10,33,1,0,14,17,0,4,27,0,4205,23,226,22,21,107,205,10,11,10,10,11,11,61,10,0,0,40,1,16,0,16,10,5,130,32,35,1,34,0,5,4,51,0,635,5,102,14,58,128,0,0,3283,10,7,18,39,50,37,1,2,12,4,0,97,13,53,37,135,9,3,8,0,19,110,57,4,156,0,9,202,9,3,48,174,3,80,12,69,18,10,2,14,7,159,103,10,141,2,0,0,114,42,1,13,7,5,1,110,60,1,0,62,131,0,4
cell_25,0,32,18,0,27,187,0,50,1,10,26,0,28,8,0,80,4,8,0,30,4,67,11,0,9,33,1,31,7,43,12,13,48,0,0,3,81,4,295,0,0,303,15,0,18,2,41,181,160,30,82,67,0,10,2,6,14,6178,900,67,10,51,0,1,13,12,16,27,22,9,22,8,22,41,37,36,27,291,32,0,1,0,21,5,156,0,50,33,4,0,0,28,75,32,2,2,0,38,17,15,11,4,120,3,9,86,281,99,23,56,12,69,30,14,40,17,38,4,0,1,0,80,17,8,233,37,4,0,22,12,29,47,111,35,106,78,134,43,0,83,295,18,1,0,1,427,0,70,18,2,0,0,89,0,195,39,3,17,2,14,18,59,5,29,1,240,23,54,4,1074,4,18,522,11,141,14,33,1557,90,191,3,8,62,15,9,8,44,30,1,75,11,1,23,48,21,776,162,55,16,43,0,21,4,43,48,357,6,19,4,31,234,22,28,6,36,181,38,4,3,33,1,6,3,419,33,22,29,41,6,32,62,3,43,72,3251,39,24,3,0,836,146,315,7,4,31,254,0,26,0,77,34,384,0,4,33,51,195,2,219,9,108,7,9,0,30,189,85,6,64,45,299,0,36,1,103,34,132,0,19,4,27,0,2778,204,0,10,6,0,13,128,45,1,10,0,47,12,31,23,72,6,10,75,2,90,0,0,1,0,85,99,37,6,0,123,356,36,161,0,375,33,73,16,81,40,12,23,3,1,0,117,2,49,12,143,59,9,3,1,3,6,1173,57,261,74,22,0,298,63,0,9,0,29,130,10,4,112,0,36,6,38,175,17,12,1254,1,216,1,115,18,257,21,18,6,16,394,110,22,13,334,10,0,5,7,7,34,22,0,1,6,0,0,22,37,103,4036,38,200,23,22,101,186,6,9,0,17,3,39,103,4,0,1,1,0,0,0,10,5,15,92,15,33,0,17,2,14,12,65,7,441,3,102,10,62,255,0,0,3808,26,2,6,30,16,22,7,6,30,30,28,112,2,33,36,53,113,0,18,2,37,108,89,3,129,1,116,207,7,23,32,28,7,59,9,153,18,18,5,46,7,134,123,9,146,5,0,0,117,11,4,22,2,0,0,20,24,29,0,61,156,2,0
cell_26,23,15,33,0,24,358,1,57,6,6,29,30,9,7,0,98,23,1,1,1,2,94,16,6,9,12,17,56,3,63,8,5,50,0,2,0,24,43,300,0,0,330,0,2,3,0,37,184,149,25,76,21,0,4,41,12,27,5401,943,126,7,93,11,6,47,18,13,27,27,7,8,0,45,17,23,38,29,312,22,6,1,0,28,1,121,0,48,27,2,0,7,16,16,48,0,6,6,81,2,33,1,10,69,1,3,84,240,110,33,118,8,74,52,62,56,5,28,2,0,7,0,3,5,12,106,22,1,74,48,5,0,8,64,40,17,8,130,95,0,23,313,7,5,0,1,348,5,113,34,0,0,5,116,7,186,9,0,44,4,16,46,61,10,20,0,32,14,36,18,975,3,16,545,9,10,81,3,1380,1,185,0,6,1,7,0,19,30,29,0,49,10,3,16,69,10,718,82,218,3,67,0,26,0,14,39,76,2,22,36,68,81,35,45,75,4,64,53,22,0,35,15,14,4,389,38,25,38,73,23,2,93,0,45,52,3227,30,11,7,0,788,134,309,2,0,26,432,9,17,4,4,29,307,16,0,28,22,47,3,214,3,47,1,15,0,300,122,62,3,46,7,213,1,14,0,99,32,0,2,54,0,16,13,2950,222,3,27,519,7,0,99,4,4,24,0,14,36,32,18,78,5,6,86,43,48,0,0,0,23,61,85,109,15,0,35,225,33,162,10,103,25,44,11,39,45,25,105,0,14,0,121,12,102,1,136,71,12,1,12,11,17,1228,60,282,53,76,0,233,69,0,24,0,21,115,64,18,99,0,11,72,33,221,12,16,1295,0,205,1,91,6,235,8,39,6,35,413,0,0,7,144,5,3,4,2,18,35,84,1,3,6,0,0,13,31,53,3975,11,178,16,21,105,148,16,4,0,18,2,47,88,6,0,79,31,0,0,0,27,16,1,142,13,74,0,26,0,8,3,59,18,441,1,110,7,55,227,0,1,3717,25,1,15,94,75,20,3,0,17,1,1,125,0,56,14,20,33,2,7,15,13,49,17,9,133,0,99,223,5,29,59,5,8,69,13,124,17,2,0,33,12,125,83,0,194,14,0,2,92,21,0,20,2,0,1,71,70,15,0,44,155,0,1
cell_27,0,50,6,0,31,195,7,8,11,0,15,0,36,5,0,63,19,15,0,0,11,88,10,15,6,267,0,138,15,8,4,54,70,24,1,10,92,43,331,1,6,291,134,2,9,3,74,175,170,22,87,16,17,3,0,2,23,4944,895,82,17,49,11,1,40,93,13,55,1,9,4,7,23,47,9,6,24,384,7,10,2,0,28,0,168,0,47,22,1,0,0,24,55,55,2,0,17,73,6,1,0,8,12,0,1,15,135,54,5,43,11,258,37,77,52,5,46,27,1,3,0,23,8,6,142,2,18,375,9,4,14,67,124,31,22,54,148,12,12,8,131,25,3,11,0,407,3,24,12,0,0,0,157,110,193,3,64,9,24,14,23,127,1,10,0,261,11,23,1,752,3,20,630,0,27,2,25,1289,191,177,6,19,0,13,9,20,20,24,15,23,13,16,23,10,30,778,258,158,23,38,22,16,0,17,64,22,16,20,18,30,32,25,13,2,43,226,6,8,10,7,19,1,0,197,49,8,14,236,29,83,42,15,35,24,3396,50,16,12,0,835,175,298,12,10,10,51,0,26,9,6,29,235,2,0,27,29,8,6,172,8,189,2,31,0,300,281,93,2,96,69,282,10,51,46,95,37,90,65,46,16,9,15,2951,182,7,5,2,13,4,122,9,1,22,0,44,18,37,20,67,5,1,47,27,47,0,1,0,30,57,9,132,0,1,71,340,90,200,12,256,26,182,0,35,32,6,14,12,3,2,115,15,112,2,149,82,20,1,36,2,8,1384,64,181,23,7,4,199,17,4,9,0,57,15,23,55,89,3,97,51,31,122,12,2,1183,95,213,0,35,4,213,1,19,1,34,323,0,84,9,352,4,2,24,18,19,26,1,0,3,12,29,0,27,41,0,3957,69,210,18,20,80,162,13,26,2,9,1,34,39,19,1,95,11,0,2,2,50,19,18,66,15,43,1,44,5,10,18,37,3,453,0,72,40,58,258,0,4,3768,22,3,7,61,60,14,8,1,3,3,6,129,9,15,22,105,133,4,9,12,26,115,13,0,70,1,155,208,29,26,70,321,0,54,16,0,7,0,0,14,18,113,94,8,124,6,0,3,89,34,2,17,3,5,0,48,35,25,4,60,41,4,25
cell_28,0,14,11,3,31,101,8,30,2,8,27,14,17,20,0,28,26,2,0,47,7,86,4,5,12,1,0,96,26,12,15,64,45,16,2,0,104,36,286,0,14,260,90,0,2,3,30,123,101,30,78,13,0,5,12,5,93,6148,866,84,0,69,4,7,42,56,27,14,21,7,28,2,12,13,23,44,9,260,12,9,4,0,21,3,124,6,13,25,0,0,1,20,82,10,1,4,47,7,63,21,1,10,126,2,4,77,167,119,0,47,2,163,35,23,15,0,12,6,0,1,43,25,26,16,230,18,0,0,12,12,5,21,66,36,26,114,126,116,26,12,301,14,6,292,10,412,1,50,37,0,0,1,123,84,48,20,21,0,10,19,10,135,11,15,1,36,34,36,2,1001,7,21,551,11,12,28,34,1366,29,142,16,3,0,1,63,1,55,30,24,53,11,4,21,54,29,515,93,166,142,49,17,2,0,22,41,101,4,14,4,58,40,24,53,70,78,159,8,28,4,10,0,3,6,453,39,1,27,7,11,0,28,0,4,48,3303,20,10,5,0,865,155,304,14,1,6,396,6,32,8,17,21,104,0,0,38,42,96,1,36,6,181,3,8,3,3,33,0,37,73,62,313,3,8,3,121,39,5,0,12,12,9,7,2980,175,3,6,583,15,0,171,5,8,12,23,8,28,20,22,67,6,3,76,18,36,0,1,34,25,40,98,61,2,1,117,149,62,139,63,111,31,73,3,14,51,11,85,11,6,13,129,0,22,5,177,44,42,2,1,0,20,1231,58,293,50,11,6,268,30,7,3,0,1,125,35,54,79,32,74,18,15,135,4,1,1315,1,216,0,138,11,95,4,13,0,26,244,5,1,13,307,9,54,20,41,17,10,5,0,0,4,0,0,12,20,3,4194,24,184,16,25,99,187,13,3,42,16,4,41,95,0,16,98,11,34,6,0,3,12,48,55,6,2,3,34,11,0,4,30,19,589,1,62,4,42,249,5,0,3684,17,6,24,48,3,12,8,10,1,10,66,116,13,33,12,147,52,5,19,1,15,169,26,29,109,3,70,229,7,27,5,98,0,40,7,131,24,17,14,15,11,118,118,0,83,7,4,0,20,5,0,19,0,0,1,51,69,3,1,37,52,0,114
cell_29,1,67,22,0,25,236,5,44,2,7,23,15,26,9,3,52,35,10,0,18,19,96,11,5,87,34,106,26,23,5,4,12,73,2,0,0,24,23,350,1,18,291,4,0,26,0,71,93,194,25,56,7,0,0,14,10,29,6384,908,65,11,17,3,0,20,13,22,36,14,7,5,0,18,6,45,49,7,305,28,2,5,0,25,16,142,0,1,31,3,2,4,16,12,28,2,7,0,63,11,15,3,9,48,0,8,66,243,76,6,60,12,84,44,29,35,0,24,23,2,2,0,19,8,20,219,50,1,0,28,7,16,96,6,27,15,3,126,15,4,122,277,2,16,46,2,143,1,65,63,0,0,0,108,4,19,5,6,29,24,25,6,32,20,14,11,42,15,35,0,864,2,14,566,5,94,117,7,1134,22,195,0,9,17,20,9,19,26,32,1,7,4,3,26,3,17,775,360,134,6,67,14,15,1,52,39,101,19,16,9,72,1,32,42,18,13,163,13,26,61,34,0,12,2,511,42,16,18,280,15,81,92,54,45,40,3546,13,21,0,1,859,160,307,0,0,7,357,67,23,5,8,37,248,6,2,17,41,12,0,206,2,215,9,1,0,141,97,52,0,79,45,158,2,15,43,89,28,40,0,19,0,23,4,2795,195,1,8,0,10,61,136,39,3,25,0,2,42,46,3,61,2,3,53,36,4,0,0,21,24,44,92,244,0,0,45,229,45,173,4,241,23,31,35,25,48,15,26,6,3,27,111,5,105,6,154,66,2,0,3,1,15,1251,39,301,99,17,0,176,81,23,10,0,81,189,37,76,105,237,57,30,17,207,17,0,1037,40,158,3,12,13,225,0,25,6,16,213,168,0,5,157,19,35,76,7,17,31,2,0,1,11,23,1,1,29,0,3878,17,201,19,22,113,158,13,12,4,7,0,37,101,0,0,47,7,5,2,0,2,45,58,88,9,16,0,20,4,5,5,24,7,163,4,97,2,43,110,2,1,3340,14,2,19,98,17,12,13,7,2,22,1,114,10,76,27,74,66,11,3,2,26,140,83,0,133,3,47,194,7,11,34,11,0,44,4,100,44,24,29,54,7,169,102,1,52,21,4,5,111,23,1,9,20,1,4,56,16,24,2,56,162,15,37
cell_30,22,13,33,5,31,137,28,56,14,4,17,19,24,7,0,28,27,7,0,103,36,75,7,0,75,14,11,55,37,11,2,0,30,13,0,0,21,44,299,6,1,308,46,0,3,13,44,103,65,28,55,117,1,7,19,6,0,5471,868,84,4,50,3,8,5,46,27,36,6,12,10,0,4,24,26,13,20,31,31,1,15,0,23,0,157,0,41,42,5,0,2,1,27,44,7,12,10,34,12,3,1,6,31,0,2,31,261,119,47,103,10,54,40,89,46,0,12,36,1,7,0,9,5,22,168,45,13,0,28,14,26,93,25,39,23,73,130,57,2,0,326,15,1,691,4,143,5,74,68,0,0,0,126,6,97,19,3,35,11,14,2,107,5,12,4,61,4,28,8,922,9,19,513,1,139,73,16,1369,103,162,0,10,24,3,19,35,21,35,4,17,11,6,8,72,38,376,295,222,155,34,23,4,10,24,40,0,3,24,30,87,6,38,38,53,46,118,7,30,2,33,7,6,0,415,37,9,5,107,44,0,56,17,10,51,3212,15,28,22,0,830,153,309,1,0,62,495,63,32,2,0,33,179,2,7,21,2,0,1,83,7,73,16,4,12,262,260,3,0,19,67,243,0,19,1,100,44,45,0,62,21,9,18,3011,205,4,18,538,24,0,196,34,9,15,18,21,47,25,7,82,6,3,85,33,12,7,5,48,0,77,16,189,4,0,67,406,3,184,9,376,24,86,6,56,30,5,140,3,6,31,117,12,4,6,143,80,46,1,0,3,8,1211,72,178,87,0,0,105,55,0,9,0,32,146,66,26,39,0,31,21,25,239,13,5,1102,22,168,0,72,5,0,5,35,11,32,420,0,9,5,352,9,9,9,25,3,16,99,0,2,46,1,2,23,29,0,3962,28,221,19,12,110,187,27,12,8,13,3,14,79,5,15,68,64,0,5,0,31,84,4,51,14,18,1,62,4,0,5,32,18,563,1,130,11,33,248,3,0,3816,25,4,5,61,5,32,46,5,24,12,71,68,1,52,47,143,15,8,12,1,61,202,7,12,127,0,71,188,3,1,3,1,0,71,2,133,53,0,0,241,16,116,93,0,113,4,0,0,120,7,0,21,6,0,4,49,1,0,0,6,42,0,34
cell_31,1,1,7,21,18,185,18,17,0,3,29,10,31,4,0,1,51,15,0,1,26,86,5,1,85,6,104,32,25,80,5,0,5,5,0,2,11,42,325,6,0,219,0,2,8,3,28,170,47,24,63,27,0,8,28,3,29,5791,863,45,8,87,11,6,43,4,24,37,21,2,1,0,101,8,26,40,4,4,24,2,7,0,15,14,166,2,42,33,4,0,1,0,91,31,2,13,17,88,118,5,2,13,17,1,7,95,197,105,22,27,0,27,48,42,47,6,10,48,0,1,0,74,1,16,239,15,3,36,53,7,22,30,20,38,33,134,109,61,25,17,326,41,6,1102,5,39,13,31,47,0,0,7,21,72,172,20,49,8,19,21,31,117,15,20,2,84,31,40,13,897,22,15,559,1,151,0,28,1106,13,159,0,3,0,3,40,10,53,14,4,5,11,12,15,37,36,490,291,132,105,61,36,12,1,3,63,287,1,10,7,98,37,31,47,67,31,97,7,29,29,18,7,8,0,515,39,7,14,137,19,3,5,4,33,56,3316,27,29,9,0,841,147,294,2,0,50,155,4,35,1,45,33,257,0,7,35,45,145,1,54,2,254,5,18,12,11,37,0,6,15,74,283,5,9,3,70,34,6,0,22,51,13,0,2874,186,1,35,659,22,7,158,0,2,16,0,151,27,54,25,40,6,3,50,1,14,5,4,30,1,39,63,167,11,0,59,217,54,203,3,355,26,5,13,13,44,4,68,19,0,4,134,9,95,4,113,63,20,0,15,2,10,1180,53,290,71,0,0,48,97,7,0,0,0,121,87,47,85,24,119,8,20,231,14,10,903,0,203,0,72,5,0,3,31,0,36,316,2,0,9,205,11,38,24,9,3,21,61,0,3,49,0,0,13,24,0,4183,5,196,21,14,110,168,6,9,23,12,1,27,0,1,0,0,17,0,7,0,11,19,0,79,20,25,3,50,1,2,2,13,2,669,4,73,12,39,260,3,0,3702,11,3,20,10,3,44,3,1,1,31,14,119,3,50,27,123,4,12,20,0,25,43,39,18,91,4,104,218,2,4,2,133,0,61,8,143,59,6,48,1,17,125,93,28,99,14,0,0,118,35,0,28,10,0,0,9,143,0,0,56,87,4,62
cell_32,27,29,49,20,24,240,0,21,5,8,42,0,9,26,0,119,11,8,0,0,27,114,21,4,4,150,0,28,11,6,27,16,85,7,0,0,48,60,303,0,0,295,119,1,13,2,67,142,196,26,78,22,0,0,1,5,2,6155,856,103,0,7,3,5,37,3,13,35,24,9,30,2,7,22,7,32,32,304,23,0,2,0,20,2,112,3,19,25,5,0,0,16,90,36,1,4,2,91,47,25,0,14,19,2,0,50,246,112,9,62,17,56,49,37,34,31,36,1,0,0,0,6,4,14,83,46,7,579,28,19,9,1,112,29,18,4,113,31,1,96,276,17,8,0,4,438,4,42,43,0,0,0,87,44,2,19,10,7,12,15,28,136,17,15,0,277,2,44,16,746,17,15,537,0,37,143,40,1416,0,171,1,14,0,16,21,17,87,43,1,24,8,0,40,0,31,883,166,211,1,51,1,18,17,26,43,27,13,5,6,55,37,30,42,2,30,184,38,10,20,10,2,11,0,624,44,0,0,113,11,34,50,14,18,45,3671,71,0,1,0,902,124,230,1,0,7,635,0,32,7,0,37,194,0,0,43,7,145,0,35,2,21,9,18,0,218,32,94,17,77,59,239,2,69,12,65,40,10,52,14,9,25,23,2931,203,2,24,8,16,0,182,10,0,10,0,18,61,19,2,78,7,12,64,6,54,0,4,2,0,68,11,195,17,7,152,345,65,192,10,142,31,123,2,97,52,7,77,15,11,2,96,21,7,10,169,48,40,0,2,0,10,1113,76,227,70,0,0,228,76,0,1,0,39,143,46,93,68,130,99,1,38,193,12,0,1406,0,190,0,73,9,104,3,25,4,10,441,0,0,14,219,10,25,113,0,6,24,32,0,3,16,0,0,29,13,1,4136,8,207,13,16,122,176,24,22,8,9,5,62,21,13,3,98,60,38,0,0,10,37,0,96,7,28,2,30,0,6,6,33,5,787,1,97,2,23,209,2,0,3265,23,1,15,2,36,32,4,3,6,0,0,87,10,93,31,179,163,11,15,10,4,346,60,0,160,3,149,271,8,22,63,54,0,75,15,108,13,12,4,24,8,191,107,76,111,3,0,1,69,9,0,12,0,0,0,65,12,9,2,56,142,17,142
cell_33,0,10,7,0,54,67,6,56,13,62,68,15,14,10,0,13,4,37,0,0,51,49,21,57,25,9,60,39,11,4,1,30,22,3,0,16,16,98,55,6,20,88,0,1,2,0,75,31,98,113,51,8,74,4,2,2,29,255,4601,123,18,39,34,6,117,44,45,15,45,5,10,4,24,56,34,45,24,122,37,2,4,0,78,3,91,0,158,45,3,0,1,22,54,114,10,30,9,3,6,11,0,21,22,2,14,8,185,37,22,13,20,26,42,29,20,54,20,14,0,10,23,20,4,23,20,13,31,47,9,4,64,9,35,56,7,42,36,11,11,80,21,125,11,28,25,161,13,83,39,0,0,0,112,29,44,20,5,4,21,69,12,26,0,37,7,132,0,35,12,99,10,43,759,26,41,7,38,534,2,88,20,12,5,4,23,6,28,26,56,55,4,1,33,10,69,171,8,37,2,18,25,23,0,56,66,70,89,37,28,59,3,32,28,46,13,84,29,11,4,23,2,7,4,59,51,41,1,25,3,75,138,9,125,21,2198,3,37,13,1,1339,77,29,4,1,17,109,25,37,4,0,55,33,0,1,77,41,0,4,44,0,35,8,4,0,1,167,19,0,61,78,162,9,72,0,54,35,18,0,14,2,42,0,2198,191,8,15,302,2,5,145,35,14,33,2,25,23,62,9,35,14,16,48,66,20,0,0,5,0,26,20,32,13,0,70,47,15,61,37,46,21,76,12,19,139,7,66,7,6,3,162,24,48,15,43,21,22,1,12,10,19,1799,107,99,51,6,0,38,9,6,4,0,11,32,52,47,99,4,43,15,66,41,11,32,139,0,145,0,18,21,11,65,83,9,55,174,1,1,5,30,16,0,19,34,63,26,117,2,3,44,7,0,16,17,69,11399,8,44,16,25,41,65,34,20,0,6,13,37,62,3,6,12,26,0,17,1,22,5,39,153,21,13,1,49,5,1,11,26,8,223,2,66,23,39,182,0,0,6650,27,4,8,68,7,36,0,17,4,59,4,142,5,1,35,81,15,2,27,4,29,16,24,12,87,0,172,30,0,23,13,3,0,51,36,126,11,32,17,25,15,140,58,0,91,10,4,0,31,0,3,19,3,0,8,40,37,22,7,14,33,0,13
cell_34,1,53,0,1,19,74,16,54,18,12,40,10,9,24,0,1,12,4,0,45,27,67,14,10,28,6,31,84,13,9,10,0,8,25,0,2,47,63,150,0,0,211,0,1,12,21,50,124,112,112,70,1,0,11,2,10,16,818,1709,343,7,170,18,14,71,8,42,49,30,0,32,7,12,74,18,67,14,238,88,0,11,0,26,0,184,0,39,26,5,0,0,15,146,47,9,27,2,23,6,28,6,8,20,5,13,22,187,68,18,58,45,116,49,3,97,21,37,25,0,12,4,48,21,32,228,51,1,0,19,11,3,43,63,33,21,0,35,78,4,75,161,24,14,58,23,346,13,41,56,0,0,7,118,31,0,19,9,7,7,18,24,91,8,32,0,2,6,63,0,220,23,20,745,1,126,156,9,420,7,93,13,10,17,23,69,3,24,41,27,38,20,7,35,0,33,188,113,117,24,101,0,9,0,0,67,31,19,26,14,35,7,30,55,3,22,87,23,5,14,9,2,12,16,129,65,0,69,0,12,18,28,14,86,34,3208,33,8,49,0,1172,174,31,8,0,112,382,7,22,11,0,69,141,2,0,162,39,58,1,191,7,78,30,17,0,100,158,67,8,47,54,289,0,161,0,119,29,0,54,34,28,35,43,2889,367,5,6,19,23,8,190,0,8,15,0,74,14,48,11,54,10,7,40,58,73,0,1,21,2,71,13,35,0,0,114,157,36,103,14,178,36,52,6,31,85,19,73,2,14,12,253,13,33,7,141,62,19,6,3,5,3,826,69,129,28,104,39,85,31,3,3,2,4,103,12,18,87,4,25,3,63,183,10,0,146,0,166,0,39,3,242,10,58,0,22,156,13,3,4,143,25,1,42,3,86,9,72,1,0,18,0,0,22,34,0,8116,11,49,38,3,69,226,4,12,2,33,9,15,90,0,0,0,16,47,11,0,4,7,2,120,38,17,0,33,6,14,7,29,0,659,5,67,8,63,114,0,0,3344,32,8,24,56,3,22,2,14,17,17,0,88,1,4,45,13,15,13,22,0,11,88,0,5,155,0,282,29,5,4,16,0,0,76,4,159,0,18,4,26,26,129,34,0,139,1,0,4,54,5,0,10,6,0,6,96,13,11,9,7,51,0,1
cell_35,90,57,5,15,24,23,10,56,17,26,19,19,19,21,3,5,20,10,0,0,27,81,10,15,50,0,12,31,3,2,48,0,2,38,8,0,7,97,98,0,0,234,0,5,2,42,54,125,135,121,64,30,2,2,6,11,1,699,1653,202,15,152,27,28,61,58,43,62,30,4,24,0,54,19,11,27,7,44,49,6,13,0,41,8,185,0,125,36,13,0,0,14,110,67,11,7,12,42,62,5,15,1,31,0,7,44,144,27,2,23,40,151,43,0,76,1,34,18,1,13,0,17,2,22,173,92,15,0,18,24,2,4,66,17,19,82,56,21,0,45,142,131,6,14,29,260,3,14,47,0,0,0,137,43,0,24,14,1,21,21,0,40,21,25,0,28,1,59,20,185,15,15,767,17,47,4,23,408,39,92,5,12,8,9,68,9,30,26,21,22,24,3,46,0,24,191,182,73,51,115,1,24,0,0,75,16,26,15,1,53,110,39,13,43,21,150,11,32,49,7,1,8,4,94,62,29,7,41,12,9,26,4,42,23,3286,68,3,2,0,1087,185,28,2,0,46,29,8,36,6,20,69,66,0,0,146,0,13,1,115,1,86,5,16,3,48,49,63,0,98,109,192,0,70,38,98,50,0,0,48,14,60,1,3163,371,1,29,391,19,166,200,58,4,13,0,2,43,14,37,67,22,5,47,55,9,1,8,0,2,55,6,78,17,0,119,125,37,94,6,127,51,28,0,58,113,20,116,9,4,16,241,4,12,3,112,49,14,0,22,0,2,1199,74,99,70,35,0,35,49,4,2,0,14,33,13,61,58,5,20,2,50,252,14,2,235,7,168,1,32,0,3,3,38,15,23,87,46,0,4,67,14,10,44,30,32,10,3,0,2,16,9,4,9,31,42,8591,4,70,8,0,62,259,10,16,2,20,14,9,107,3,1,0,18,0,28,0,17,5,14,102,25,23,1,22,18,4,9,11,8,790,10,64,4,44,193,10,0,3199,28,4,13,79,12,16,14,5,18,42,6,104,11,14,34,65,3,8,6,0,40,34,22,2,113,7,173,24,5,30,17,69,0,120,21,97,23,51,46,12,18,103,43,15,139,4,0,0,57,16,8,5,7,0,1,120,30,55,19,27,15,0,7
cell_36,12,34,29,16,23,8,3,16,15,0,24,5,19,0,0,55,20,9,0,0,29,106,12,1,78,69,22,182,4,1,7,109,8,4,0,0,22,58,428,0,6,260,132,8,0,51,52,170,115,203,69,1,2,8,3,16,42,1478,2146,241,9,136,2,0,96,0,22,7,22,1,0,0,42,43,17,8,14,319,92,0,12,1,29,13,262,6,65,28,1,0,0,13,136,3,22,17,9,110,24,3,1,17,38,2,9,100,106,27,8,98,7,100,66,3,68,25,48,69,0,3,0,65,34,27,151,7,1,56,25,24,7,59,3,36,47,64,152,237,0,0,294,128,17,50,2,349,4,40,61,0,3,1,96,1,60,6,26,7,6,12,30,77,15,11,5,99,4,47,13,193,28,10,788,1,50,25,22,367,6,68,20,9,0,25,13,2,54,43,6,78,25,21,38,5,55,323,329,41,1,106,12,28,1,63,53,25,71,22,47,59,56,44,37,15,11,133,22,19,3,27,15,1,2,267,46,5,3,23,28,0,34,70,68,33,3162,17,10,31,0,865,248,40,5,1,40,155,34,41,5,67,42,292,2,8,191,37,20,0,164,4,75,15,12,0,167,137,87,51,70,25,167,2,17,117,94,47,43,139,14,4,1,1,3299,345,1,5,128,74,20,206,35,3,27,0,6,37,21,45,77,17,1,39,0,81,0,0,28,119,59,99,16,7,0,48,173,51,169,1,345,72,22,4,88,54,6,77,0,12,1,205,12,36,8,111,83,71,0,28,12,3,814,63,180,105,53,0,157,13,1,1,0,7,126,35,29,39,0,28,4,81,137,25,0,302,45,104,0,145,15,133,4,58,7,69,153,0,0,0,161,26,50,111,9,57,6,2,0,34,17,9,0,7,57,0,7076,50,74,32,3,77,287,27,3,1,39,2,61,28,15,0,76,6,0,4,2,24,25,0,1,1,79,0,76,24,25,13,6,13,840,2,89,1,69,197,0,8,1439,26,6,1,29,32,7,5,0,6,3,0,66,1,23,17,40,10,9,27,7,23,191,2,0,126,16,386,110,17,18,39,35,4,45,22,177,3,5,152,2,32,137,84,88,299,2,0,2,57,28,1,28,7,0,2,147,14,48,9,4,18,0,3
cell_37,15,14,2,1,24,221,15,24,2,8,5,6,16,7,0,27,21,2,0,1,32,78,17,0,10,0,62,2,26,1,6,0,73,3,0,1,20,20,310,2,0,307,139,0,4,18,57,170,212,33,65,49,19,7,43,8,53,6555,924,67,3,101,3,10,0,10,6,16,15,9,44,0,15,35,14,25,35,181,19,0,4,0,33,0,165,0,32,35,11,0,0,20,83,57,6,6,4,62,30,3,3,10,27,1,17,81,214,68,25,62,5,155,56,33,53,23,50,19,0,5,1,20,0,12,245,51,9,0,21,14,0,26,1,32,3,19,137,0,4,59,294,11,1,314,10,409,11,97,19,0,0,0,131,74,0,24,17,30,45,15,7,120,9,22,0,306,41,11,10,578,16,24,482,6,143,35,38,1275,0,181,1,21,0,14,10,19,61,33,0,40,18,12,25,15,21,606,169,170,55,33,38,17,1,6,54,13,8,16,13,30,86,26,27,16,36,40,5,6,1,23,3,4,0,561,32,0,3,118,28,0,16,5,44,64,3279,8,20,10,0,845,167,68,2,1,58,558,0,29,9,0,38,297,0,0,35,18,2,3,124,6,182,10,29,0,1,177,47,0,55,74,329,0,61,39,125,42,0,8,58,15,37,3,3113,235,4,16,88,22,22,187,15,4,18,127,0,16,36,3,64,2,5,72,39,2,0,17,17,25,74,77,139,4,0,84,360,81,150,1,99,32,96,2,30,41,4,80,24,5,21,106,17,3,0,143,100,6,2,19,2,0,1236,64,269,51,0,37,98,43,25,0,0,1,143,159,31,109,94,29,0,34,212,1,10,1516,0,211,0,47,1,209,8,41,11,33,365,115,0,14,149,9,6,27,1,5,3,129,0,6,6,0,4,1,32,32,4261,78,218,12,24,129,176,17,8,0,12,2,23,53,18,0,103,23,0,9,1,3,5,3,86,7,5,1,60,4,0,0,28,1,619,0,92,2,40,182,0,0,3563,21,6,17,24,10,29,25,4,18,26,5,102,28,64,43,59,0,1,18,0,13,166,5,4,150,0,108,201,2,7,53,3,0,57,10,135,31,10,167,33,26,110,106,17,112,4,1,0,109,110,0,12,0,0,1,67,48,0,0,15,113,0,34
cell_38,131,7,9,5,29,0,8,8,3,9,26,19,42,10,0,72,44,13,0,7,15,69,10,2,17,0,79,92,8,9,7,45,21,87,18,0,13,80,333,3,6,197,135,4,1,20,55,152,97,23,81,83,0,4,14,3,48,6050,893,38,6,113,19,1,34,12,18,21,29,11,12,2,49,36,23,44,25,300,16,4,1,0,16,2,156,1,44,25,2,21,0,7,83,81,5,6,3,62,67,5,0,9,27,7,10,93,222,73,31,104,1,47,46,9,40,2,7,44,5,1,16,13,0,18,88,16,12,21,20,20,30,51,17,12,5,16,118,166,0,0,287,11,3,2192,2,233,3,51,67,5,0,4,122,117,154,6,7,6,12,22,16,59,1,17,0,33,5,116,0,579,16,16,524,9,58,69,17,1533,456,158,0,0,3,3,10,19,37,23,9,41,8,16,16,109,35,439,458,73,135,26,13,18,0,17,59,432,23,14,21,102,29,9,45,51,14,201,8,12,26,7,7,16,3,563,40,6,3,42,30,0,40,24,8,13,3602,84,36,0,0,881,126,303,12,0,11,47,8,40,3,0,35,297,0,5,42,5,78,0,14,8,187,7,24,1,12,170,11,26,10,73,326,4,20,1,84,22,24,0,115,53,16,5,3127,218,4,29,525,50,0,218,1,5,14,0,22,47,50,9,29,4,2,53,16,5,1,0,1,26,62,66,126,7,0,67,338,70,142,1,386,29,33,7,15,44,4,89,48,4,7,141,10,62,9,144,30,24,0,20,4,14,1380,25,259,76,82,4,252,95,67,10,10,30,99,11,33,78,155,25,59,28,228,7,0,821,83,189,0,50,19,0,10,35,3,36,431,0,1,6,203,24,63,144,49,10,20,2,0,11,33,32,0,4,21,0,4180,39,208,18,31,83,186,8,8,23,17,4,8,18,0,1,58,40,0,1,0,3,1,13,11,23,56,1,14,2,2,3,4,0,330,1,6,31,50,205,0,3,3679,22,5,3,12,31,23,7,4,10,52,56,107,20,43,17,169,112,23,15,2,2,53,0,9,90,14,117,243,8,15,29,395,0,56,15,96,28,14,59,0,19,167,111,46,30,9,4,0,108,38,2,15,4,0,3,41,3,11,0,8,118,7,66
cell_39,4,10,0,4,32,174,17,11,9,3,23,9,6,14,0,53,32,4,0,1,10,127,2,5,36,0,3,30,25,3,5,0,23,27,0,0,50,35,328,2,17,277,38,0,5,6,60,176,162,23,86,202,0,0,96,3,43,5989,930,31,4,104,1,13,59,0,16,38,15,0,4,0,32,38,21,15,23,382,33,4,4,1,26,10,126,0,48,36,0,0,0,3,61,38,0,3,45,79,160,0,1,30,89,4,2,87,134,94,29,89,5,126,45,32,63,1,16,40,0,0,0,53,1,23,260,10,14,2,21,9,7,35,17,37,28,85,113,23,4,0,325,14,9,0,2,444,10,38,13,0,11,2,142,87,0,37,60,16,29,20,17,106,36,22,5,345,13,11,6,1092,35,12,582,3,69,17,12,1405,27,158,20,14,1,10,14,8,10,37,5,37,13,5,27,3,29,780,135,93,43,49,1,18,1,14,40,252,2,24,32,81,131,25,20,7,70,34,29,36,1,3,8,9,0,550,25,3,0,16,4,0,31,3,12,71,3479,9,37,0,0,874,152,311,10,0,32,123,0,24,1,1,36,224,0,21,48,0,152,0,112,19,187,6,34,0,65,83,110,13,49,7,296,2,57,29,98,48,3,0,20,5,13,0,2811,196,2,1,105,12,0,138,14,3,31,15,7,39,31,10,61,23,5,51,6,23,1,4,1,35,76,36,217,1,0,71,359,87,223,51,137,25,121,3,54,43,5,111,8,0,0,133,8,5,3,146,71,52,2,32,8,1,985,63,255,82,6,0,264,20,10,0,0,0,147,40,81,23,182,104,6,37,97,15,2,755,0,203,0,99,1,5,3,31,4,22,444,0,0,5,296,14,5,99,5,14,14,128,1,9,30,4,0,11,3,0,4152,29,168,17,29,111,146,3,10,56,11,8,25,5,0,1,0,21,26,5,0,24,9,6,54,19,67,0,49,11,0,3,19,13,722,2,81,3,6,59,15,0,3522,10,7,12,5,8,28,1,8,11,1,2,105,11,61,12,61,0,3,14,0,85,116,30,0,147,0,144,268,20,4,14,7,1,70,18,160,0,6,0,17,24,182,92,4,143,4,1,0,104,33,1,14,2,8,3,24,9,2,3,4,96,0,13
cell_40,0,16,0,0,52,52,2,7,5,19,31,2,67,6,0,0,31,12,0,0,28,114,0,0,48,6,48,106,18,9,2,0,21,35,30,60,5,87,665,5,1,64,57,5,0,8,65,197,180,101,72,4,43,22,4,17,20,3061,2230,76,25,57,1,2,40,0,55,60,11,7,7,0,54,22,23,6,4,966,30,1,4,0,35,12,259,1,46,23,0,3,0,3,159,61,4,0,80,168,12,0,1,6,8,1,0,69,197,132,20,73,6,127,32,19,50,31,9,55,0,3,8,79,25,19,289,28,9,43,25,16,24,43,38,23,103,74,175,71,0,37,382,17,2,22,4,405,13,19,47,0,12,0,47,20,0,3,0,29,47,19,1,140,7,9,0,207,12,31,1,1196,18,7,608,2,169,1,42,868,27,99,23,15,0,19,48,3,15,54,8,63,45,7,31,2,53,187,275,65,0,62,35,12,0,23,71,46,3,19,34,94,39,9,21,29,9,164,18,5,5,16,8,9,0,425,69,21,8,28,14,30,28,9,6,48,4244,69,17,18,0,845,153,67,6,10,32,4,4,25,20,48,100,289,1,5,201,3,67,5,319,3,99,8,14,0,76,34,10,36,55,64,291,0,71,25,79,64,113,187,18,36,8,2,3077,504,7,18,466,69,38,144,0,7,21,0,15,44,33,3,49,32,12,65,0,59,1,0,0,71,55,118,81,0,0,95,230,66,129,6,688,66,64,9,53,130,11,7,0,0,6,124,7,20,3,161,89,24,0,8,0,2,580,23,141,25,9,0,2,24,3,13,0,25,78,5,39,53,221,16,5,68,164,38,0,2570,37,85,0,73,5,37,5,23,0,14,48,0,0,0,183,6,17,56,32,5,17,9,1,2,20,21,4,4,29,1,2700,83,144,20,27,67,222,3,9,19,42,1,6,94,38,0,0,7,0,0,2,18,32,0,98,13,16,0,52,12,75,12,7,1,71,1,55,27,51,168,14,3,1565,24,8,30,3,50,3,1,9,32,24,0,148,13,55,109,86,44,5,20,2,144,81,10,29,137,3,244,279,23,2,0,42,3,74,7,76,1,13,0,2,27,140,132,34,269,10,0,2,78,17,2,16,6,0,0,79,2,28,0,52,8,0,30
cell_41,0,9,6,8,33,54,15,49,4,9,50,5,63,24,0,27,34,1,0,54,23,96,12,0,35,6,94,53,43,21,4,4,91,8,6,9,14,250,688,2,45,204,10,0,2,0,33,211,145,105,62,10,17,24,1,5,15,3405,1904,57,5,117,1,7,61,28,24,82,31,2,36,5,14,14,25,37,27,6,15,0,2,0,39,0,213,0,35,28,6,0,0,10,190,76,2,7,28,47,24,33,2,12,74,13,5,118,214,225,10,103,5,8,46,22,30,14,29,20,0,3,0,39,29,9,469,30,4,0,27,24,4,38,121,26,29,8,210,41,0,19,379,33,8,124,11,144,11,70,35,0,0,11,71,18,0,3,28,11,7,22,71,20,0,8,1,104,15,10,2,989,21,15,753,1,37,20,28,865,0,69,3,15,67,21,25,8,6,64,5,34,46,3,27,29,49,158,63,48,49,111,3,4,2,4,88,164,18,23,39,72,33,24,30,13,40,153,1,13,12,7,1,16,2,265,61,6,83,29,25,0,17,12,14,42,3976,10,34,0,0,730,175,78,1,0,8,1,13,43,12,2,92,173,0,43,196,30,40,0,354,21,125,6,3,0,106,76,74,7,81,62,326,0,28,0,82,45,54,0,8,48,13,20,3211,389,2,9,1034,1,2,158,1,1,20,0,51,14,8,10,44,14,14,49,16,82,11,17,4,48,77,47,47,3,0,57,203,54,189,153,555,62,152,4,29,109,41,128,3,2,2,105,0,4,3,180,72,26,5,0,9,2,658,42,142,57,0,0,209,34,91,0,0,22,102,14,18,18,0,17,0,97,197,7,1,2805,0,67,0,48,2,0,4,0,3,7,221,5,2,8,248,5,0,20,14,14,13,40,5,2,42,1,0,10,12,0,2524,7,162,28,16,65,179,15,12,13,31,4,3,88,6,0,111,25,0,2,0,10,6,1,76,14,40,4,52,1,33,6,60,27,680,0,61,10,0,60,0,0,1702,31,11,35,49,24,12,17,4,5,11,6,157,3,29,146,54,8,7,7,0,84,175,44,32,256,0,246,191,1,4,9,7,10,89,8,109,37,4,0,153,17,131,114,0,106,6,4,0,17,10,5,13,0,0,4,92,10,8,5,20,3,0,23
cell_42,10,33,9,12,28,68,9,45,6,23,31,18,22,16,0,36,30,14,25,11,15,80,3,7,87,8,10,101,23,20,11,1,27,13,0,0,4,183,146,7,0,217,1,4,12,0,56,110,42,124,65,12,0,6,4,2,9,772,1765,237,27,158,5,29,23,12,35,22,20,0,7,0,16,6,47,33,4,21,37,2,7,0,26,5,212,0,146,32,3,5,1,19,76,15,13,5,23,65,2,21,2,14,20,1,4,60,60,64,7,5,4,169,44,6,72,33,5,26,0,4,2,32,4,17,134,30,6,0,24,24,31,49,33,40,13,122,62,177,0,75,187,125,2,6,30,181,3,32,36,0,0,0,124,3,72,1,6,7,11,20,14,78,10,16,0,103,0,63,9,170,17,16,713,21,144,6,10,448,11,98,0,8,0,6,52,11,41,19,6,69,11,30,40,7,20,210,141,137,15,136,25,14,2,7,84,20,8,20,31,72,2,46,42,12,4,151,18,52,6,43,8,11,3,151,65,31,10,102,3,0,15,2,49,36,3057,50,17,40,0,1092,179,16,8,0,88,27,105,24,0,0,57,62,0,0,167,43,8,6,146,13,100,11,11,0,100,183,0,0,4,158,96,7,61,1,101,41,49,33,89,0,17,4,2891,348,0,8,97,1,34,39,14,16,20,2,49,52,50,64,74,11,8,61,38,7,0,0,5,1,39,30,79,8,0,14,136,56,122,31,185,31,25,0,16,124,35,88,2,8,5,238,6,42,6,119,52,47,0,19,0,1,1034,65,89,70,0,0,105,81,0,4,13,16,20,19,69,90,9,41,12,51,183,20,0,80,5,162,0,104,20,0,2,15,0,34,120,0,9,4,206,2,16,18,13,64,21,10,1,8,42,22,0,11,16,3,7895,21,67,22,18,78,213,15,26,23,17,26,53,86,113,1,28,47,0,25,0,29,45,4,107,6,9,5,52,5,6,5,24,5,1013,16,58,4,41,49,9,1,3440,34,4,12,61,41,9,12,3,23,2,1,82,1,9,42,147,39,1,6,7,2,106,8,2,101,9,311,32,43,40,24,112,1,132,33,40,15,10,0,0,19,126,38,61,151,21,2,3,34,12,4,2,6,0,1,53,91,20,9,42,14,1,1
cell_43,5,7,66,5,34,51,2,36,3,0,16,5,32,19,0,98,36,4,0,0,19,100,2,0,5,34,3,15,18,17,0,2,2,11,16,26,3,15,289,0,0,226,92,0,9,0,20,170,172,28,93,26,0,5,38,10,4,7088,908,84,7,81,14,1,6,27,15,31,16,8,13,1,41,3,56,31,28,276,28,11,1,0,17,0,156,1,6,41,4,0,0,10,87,60,2,2,24,73,116,6,8,12,6,1,2,70,151,134,2,50,2,65,46,1,59,22,33,19,0,1,0,12,7,11,154,1,3,0,17,5,13,13,102,35,20,105,134,160,17,14,268,28,26,316,10,426,3,39,12,0,2,0,120,119,0,16,16,4,13,17,12,105,11,9,1,56,26,77,14,873,7,13,521,0,24,15,33,1423,0,156,3,7,0,10,15,9,23,34,13,43,16,2,29,15,39,608,391,225,71,86,15,13,30,2,68,4,10,12,19,69,63,17,20,1,74,160,19,4,1,5,2,4,3,631,44,0,3,38,17,33,15,20,9,53,3433,11,5,5,0,849,149,159,8,8,19,41,0,23,9,34,50,117,8,0,43,8,142,1,39,1,183,15,18,0,249,116,95,17,55,72,295,39,43,9,89,39,114,3,20,13,3,1,3167,252,4,2,0,24,9,191,9,7,23,18,56,53,11,15,55,34,6,45,29,59,0,3,11,32,58,36,115,1,0,145,375,74,160,32,149,34,84,9,38,57,1,19,14,7,5,129,2,12,3,157,60,22,0,9,6,9,1322,59,253,34,0,7,269,43,0,9,0,6,122,70,91,42,39,69,3,32,162,15,0,913,6,177,0,162,4,200,0,13,2,20,345,0,6,9,247,11,61,58,4,12,21,0,0,0,28,28,0,17,10,0,4059,59,208,14,6,131,198,16,7,48,16,3,20,0,7,4,0,58,18,8,0,7,23,39,65,18,6,1,52,1,5,5,11,5,679,0,126,5,19,304,1,1,3340,21,1,33,21,10,26,1,2,27,11,1,84,32,37,37,106,49,15,21,2,81,195,108,1,100,0,180,225,2,13,22,55,1,82,6,103,5,2,11,51,9,160,98,2,86,0,4,1,63,21,0,26,1,2,6,41,10,25,0,11,113,0,56
cell_44,0,69,43,7,18,139,15,9,2,11,21,4,30,2,0,16,36,1,0,0,14,108,10,0,14,42,58,197,25,13,2,10,34,4,0,19,39,108,311,3,24,104,22,0,8,2,53,180,194,26,73,58,0,16,2,6,9,6659,864,66,17,82,3,7,25,17,33,58,25,2,10,9,9,54,15,44,36,371,26,0,11,0,23,0,143,4,44,36,5,0,0,2,89,77,4,0,9,70,17,14,2,13,0,5,1,87,238,113,32,36,3,121,49,23,67,6,14,18,0,9,21,33,19,10,57,3,10,2582,0,9,10,69,10,39,50,119,133,7,0,0,242,37,27,486,3,485,1,78,34,0,0,1,126,26,96,4,27,16,31,22,32,143,2,14,0,5,2,50,9,888,2,20,596,0,46,35,24,1366,134,158,8,10,0,2,10,6,7,28,1,14,11,14,36,2,37,635,271,14,50,69,3,11,8,5,37,69,15,17,11,30,96,21,28,21,47,165,7,9,9,8,16,18,8,269,46,40,11,75,33,0,91,14,49,67,3704,51,12,10,0,938,145,268,2,0,18,406,0,32,13,5,40,184,5,37,37,48,124,1,137,5,230,1,19,0,61,151,17,5,48,2,260,6,65,50,103,30,16,27,32,1,7,2,3034,226,6,10,599,4,0,179,0,1,14,45,13,4,37,4,43,2,0,48,14,48,7,0,4,38,61,57,64,1,0,99,115,60,199,8,91,21,154,14,138,33,8,7,21,1,0,134,2,7,0,106,35,14,0,44,2,0,1272,48,234,36,0,13,110,65,15,7,0,8,13,63,15,93,43,61,12,37,100,14,3,636,55,250,0,86,15,4,5,43,10,26,456,40,0,2,401,4,1,18,0,10,24,153,0,2,13,22,0,10,12,28,4027,47,188,11,19,87,193,1,9,15,21,6,1,1,24,0,0,23,0,40,2,10,9,0,35,31,81,0,53,13,8,11,39,5,109,0,64,8,37,239,0,0,3173,7,11,18,75,49,8,1,4,17,9,0,80,8,16,25,62,51,2,11,0,6,254,1,1,133,0,25,181,20,13,21,87,14,21,12,127,0,12,0,8,29,168,97,19,158,2,0,2,101,5,2,11,0,13,9,68,34,13,2,9,97,1,49
cell_45,1,24,0,0,58,34,23,26,26,0,65,4,51,12,0,4,57,35,0,0,42,72,44,46,28,0,3,0,1,3,17,28,36,37,0,0,55,25,105,2,0,73,22,1,18,43,53,67,106,62,99,16,0,7,1,3,21,94,1327,81,37,64,9,4,76,1,54,46,51,21,7,1,4,62,43,80,5,91,45,13,8,0,69,53,72,10,38,65,5,0,0,43,71,45,7,4,19,60,20,0,13,46,8,5,12,55,59,56,2,9,67,57,115,2,65,1,56,18,0,2,0,1,9,70,37,16,6,0,19,20,72,22,0,73,11,68,99,22,9,74,97,23,17,0,5,80,12,37,9,0,0,0,118,5,74,14,27,10,57,58,7,38,27,44,0,38,6,15,5,100,31,82,1576,14,54,0,61,104,1,82,4,34,0,13,18,1,32,46,6,37,59,54,46,14,73,56,54,24,11,153,4,61,0,1,80,2,23,71,89,27,2,90,47,12,14,44,3,3,10,5,22,4,28,79,83,0,0,8,46,23,49,2,16,51,2182,76,15,16,0,1513,85,80,17,3,61,7,0,73,11,1,64,92,3,4,95,87,99,0,12,1,91,11,41,4,20,22,16,0,109,136,33,2,81,38,59,58,69,0,24,2,44,61,2037,91,3,5,0,4,0,66,3,27,38,2,4,52,107,47,65,12,7,85,21,10,0,9,39,53,85,37,20,8,0,48,123,64,79,12,34,64,86,6,55,66,4,12,83,4,7,90,26,17,26,47,39,32,0,37,0,20,2153,83,52,75,0,0,18,42,0,0,0,5,48,9,63,66,0,52,4,73,55,32,17,81,14,93,0,65,31,15,0,90,0,72,64,0,0,18,131,61,6,18,17,33,75,2,0,0,2,13,0,18,35,0,2845,4,57,43,31,69,89,11,21,8,80,30,30,18,20,4,46,7,0,7,0,13,21,23,32,66,12,5,43,3,12,19,16,0,85,6,62,45,77,55,0,0,3407,68,1,9,7,4,71,12,29,65,0,58,69,2,17,30,96,62,28,56,0,29,10,0,1,32,0,68,58,7,11,18,45,0,65,32,103,0,14,23,0,61,100,44,13,64,22,2,2,81,14,0,44,0,0,0,42,9,31,10,7,69,0,8
cell_46,4,13,7,4,75,19,8,82,28,17,56,29,39,0,0,3,26,58,0,8,87,32,29,2,6,0,5,9,0,6,6,46,80,4,0,17,18,5,108,7,71,65,0,0,0,0,51,69,86,74,88,1,0,30,40,3,7,66,1294,85,9,45,54,9,5,2,35,30,35,18,12,8,10,77,51,52,24,39,47,1,8,15,67,1,89,0,13,82,3,0,2,40,36,63,4,0,10,50,6,1,5,1,12,8,67,90,68,34,17,32,24,42,92,46,73,10,61,4,2,6,2,52,17,37,16,20,7,3,6,30,15,12,42,86,19,0,105,9,4,21,90,33,14,8,2,62,29,70,35,0,7,10,55,8,94,66,15,10,19,57,10,38,14,55,4,18,2,5,17,103,5,80,1399,14,10,5,21,119,14,64,11,33,0,61,21,5,60,61,5,62,64,37,30,8,80,50,49,41,1,138,3,43,0,8,66,43,32,45,7,50,8,77,80,0,18,45,5,1,2,54,49,18,6,119,76,11,15,14,61,32,30,41,49,45,1887,8,11,10,0,1429,75,69,4,0,8,15,3,86,8,9,77,116,0,0,81,68,0,1,44,2,82,15,29,0,0,18,55,1,83,95,77,0,29,119,49,36,82,0,4,21,40,1,1911,83,5,5,3,10,10,80,26,3,53,0,3,38,65,35,53,15,9,88,13,42,4,0,7,0,64,18,36,7,0,45,115,84,58,0,55,56,44,8,4,20,18,36,6,38,38,71,16,83,6,54,46,9,6,37,20,22,2029,61,55,75,0,0,103,19,0,2,6,12,53,32,78,59,1,42,7,55,69,45,11,61,3,59,0,28,6,4,3,73,15,57,63,0,0,15,55,44,7,13,10,15,40,20,0,24,5,0,4,0,43,0,2942,8,76,51,32,52,101,50,17,0,85,19,31,14,0,0,48,3,0,14,21,3,7,14,44,34,3,8,90,0,11,21,23,1,44,8,80,12,51,49,0,0,3830,46,10,2,77,39,37,15,24,24,63,8,73,7,9,35,65,0,7,53,1,3,16,14,0,68,10,22,68,3,32,34,17,0,73,14,32,3,7,0,3,34,111,50,17,44,8,1,3,59,39,0,18,1,0,8,70,5,0,1,25,94,14,3
cell_47,73,3,3,20,71,27,13,39,44,9,50,11,32,7,1,4,55,34,0,9,28,38,20,0,1,0,8,23,12,2,4,57,68,14,0,0,2,6,93,0,7,61,35,0,10,29,60,57,76,60,94,5,13,27,16,17,21,80,1388,16,5,46,21,28,73,16,27,11,51,11,30,0,7,59,22,20,24,78,44,10,19,7,33,21,64,0,13,91,22,0,4,9,120,45,12,10,8,65,9,17,7,10,5,0,10,72,73,32,11,119,10,34,120,4,56,33,36,8,1,10,2,30,4,47,46,32,13,0,12,17,44,26,6,28,8,11,96,43,35,19,96,12,51,0,5,89,5,84,52,14,14,1,118,2,12,22,36,12,34,61,12,39,8,65,4,44,6,14,18,104,61,70,1435,30,43,10,25,117,2,79,7,8,4,63,53,5,35,35,0,20,74,40,12,6,42,50,28,45,112,37,4,59,3,10,88,33,1,47,14,38,2,17,49,65,19,7,28,2,1,13,4,11,1,105,102,29,3,6,31,4,8,9,23,48,1657,12,57,20,0,1334,79,24,3,1,22,38,1,91,37,23,69,113,7,5,77,74,84,4,42,8,88,13,19,2,107,18,69,1,43,142,26,2,19,0,53,38,110,0,6,6,59,13,1946,29,8,22,4,29,10,10,54,16,47,0,3,51,51,1,53,17,9,75,9,9,0,6,25,61,68,31,23,12,0,21,124,74,54,8,17,59,114,10,21,48,27,25,0,3,24,94,9,66,35,46,55,18,0,12,18,28,2448,79,13,84,0,0,37,55,4,13,0,9,62,3,44,4,45,15,41,41,72,17,1,44,0,98,5,41,55,104,2,70,5,14,50,0,9,5,147,29,1,36,8,43,4,42,0,7,40,11,10,23,22,0,3136,8,73,41,24,53,83,8,8,1,98,15,17,93,9,0,0,5,1,0,0,21,33,23,67,4,10,2,15,4,4,6,4,3,155,7,58,8,58,14,28,13,3748,86,11,2,29,0,55,0,38,77,30,17,72,5,58,53,13,39,17,20,0,25,20,13,4,61,20,137,43,11,19,26,0,11,56,13,97,11,21,7,16,48,124,52,14,86,26,7,0,87,25,1,42,6,0,5,20,2,71,0,20,58,5,1
cell_48,1,38,14,17,47,56,23,10,29,10,54,8,27,4,0,1,51,51,0,4,89,20,61,1,7,7,70,0,0,0,10,0,54,1,8,0,21,0,109,14,34,90,34,0,3,0,40,53,80,77,81,12,0,11,1,9,10,96,1364,88,28,74,15,8,3,0,59,22,71,27,7,3,25,49,22,46,39,66,13,0,22,1,64,7,80,1,20,68,11,0,23,10,32,23,25,8,6,38,1,8,0,7,35,0,33,58,72,37,17,107,48,15,110,46,83,10,42,24,3,43,4,63,17,56,57,18,8,0,17,0,67,14,60,65,4,16,104,20,2,0,99,39,7,0,2,13,3,72,96,0,0,12,114,0,0,10,7,23,41,73,1,74,12,52,0,4,4,29,0,103,16,78,1454,2,63,8,3,113,0,70,3,9,0,46,6,8,15,24,1,55,86,43,49,0,38,59,34,19,2,77,3,47,0,54,99,33,76,71,18,25,7,82,62,1,3,35,8,22,1,48,13,16,3,92,73,18,15,32,52,43,22,44,33,43,1673,9,31,32,0,1366,74,71,0,5,46,55,3,69,3,9,67,53,0,7,74,67,35,3,63,6,74,17,24,0,70,8,96,1,9,91,72,5,20,1,60,39,72,0,51,0,42,0,1884,59,7,23,0,20,4,30,59,4,47,0,11,33,100,3,68,16,12,89,30,23,1,0,4,11,59,15,53,14,0,36,145,37,52,0,22,67,10,2,17,49,7,62,5,1,22,72,9,0,37,37,69,0,0,20,16,19,2351,73,58,78,4,7,85,40,0,4,0,7,65,10,47,31,19,14,52,45,20,41,23,72,76,92,0,76,26,68,8,63,3,6,74,22,1,11,82,24,53,31,1,30,29,18,2,12,39,7,0,15,18,0,2876,12,70,12,40,84,87,19,14,0,113,16,37,1,8,2,0,4,0,0,0,6,24,4,78,51,29,5,18,0,18,43,37,11,104,10,76,44,62,22,4,0,3888,66,19,1,45,54,61,15,48,62,15,1,33,6,26,46,3,8,8,8,0,12,6,4,4,68,0,73,48,8,37,8,1,6,78,17,90,0,31,0,4,35,101,44,0,85,21,0,13,85,5,16,29,23,0,5,48,17,0,1,68,60,0,0
cell_49,0,30,8,11,38,157,9,30,8,8,29,2,41,9,0,32,34,12,2,8,28,14,8,0,67,0,80,92,90,15,3,48,60,8,0,1,11,41,290,4,0,264,0,5,10,23,74,158,133,26,50,50,0,6,53,4,2,3532,862,52,1,104,17,20,23,66,31,15,24,3,29,1,73,15,22,48,18,90,21,4,8,0,8,2,147,0,49,37,8,2,2,1,59,95,5,14,14,71,21,8,0,6,26,4,8,88,223,133,16,39,5,112,47,12,61,62,3,16,1,8,1,41,1,25,248,26,1,0,12,29,14,7,9,20,7,27,150,74,0,156,275,17,3,721,15,398,11,102,82,1,12,0,129,74,0,15,13,5,34,14,3,59,9,13,0,21,16,68,5,846,9,11,655,17,92,12,11,1242,0,145,0,1,0,23,12,19,58,1,3,34,16,5,31,17,9,851,375,97,6,19,0,13,0,19,47,159,5,23,3,46,48,20,31,67,31,143,2,33,7,35,0,25,1,335,45,47,56,155,7,0,95,3,27,81,3421,30,8,4,0,875,166,169,5,4,31,511,19,29,14,53,46,156,0,5,32,40,93,3,106,2,50,7,22,1,5,114,0,0,65,79,282,1,5,16,61,36,145,0,74,42,5,6,3094,189,3,25,613,0,0,105,1,19,18,0,25,30,45,4,73,5,7,93,21,17,6,4,49,31,18,24,202,20,0,149,313,88,190,47,340,28,40,4,11,45,8,105,8,2,12,112,7,0,7,127,72,31,3,21,0,3,1261,57,253,40,67,2,109,82,44,7,0,49,88,90,81,55,132,57,79,7,156,1,3,814,0,219,0,117,4,20,4,21,5,23,370,7,14,5,348,13,8,61,7,18,15,18,3,0,11,9,0,52,47,18,3832,11,234,8,22,113,146,4,12,34,10,12,22,87,0,1,0,34,67,3,50,8,19,0,94,2,24,0,44,9,6,1,6,14,540,1,47,16,49,183,0,0,3885,29,8,28,9,3,43,12,7,19,44,1,119,3,50,21,93,65,4,8,3,37,176,30,19,156,8,150,269,4,25,15,30,8,52,11,127,26,32,98,5,18,123,95,15,206,12,0,0,149,7,1,28,3,0,0,42,45,7,4,16,31,1,17
cell_50,6,6,10,2,24,5,4,57,5,1,34,0,42,9,0,92,30,7,1,29,12,109,6,3,41,7,66,2,11,38,8,2,93,3,16,9,80,57,284,1,1,173,26,4,12,0,14,189,39,29,64,167,0,4,100,10,14,5256,912,77,2,50,8,2,6,41,10,60,4,19,11,2,28,63,62,42,30,14,28,5,2,0,23,21,125,0,39,23,1,0,0,8,75,70,1,6,8,78,25,38,4,2,49,1,2,39,226,92,31,101,12,186,44,12,40,14,15,11,0,4,0,70,5,4,77,21,4,0,20,34,10,23,156,25,11,75,162,167,0,7,347,39,3,990,2,353,1,113,67,0,0,0,44,55,0,8,1,31,0,18,1,154,2,5,0,38,29,23,24,969,10,15,619,0,131,86,1,1350,37,114,4,3,42,10,15,5,66,27,3,29,21,3,36,38,34,55,354,53,65,61,8,14,0,67,56,210,23,18,43,47,48,38,40,53,18,75,4,13,18,41,3,3,7,501,34,38,9,9,21,14,35,30,29,41,3640,9,10,1,1,944,164,169,9,2,25,603,0,21,2,0,44,224,0,15,31,8,102,0,207,0,161,13,17,0,271,102,89,6,60,59,293,0,22,0,82,47,3,0,43,23,7,8,3186,240,0,13,134,10,0,123,5,1,24,3,17,41,24,8,55,5,4,80,13,84,6,1,26,14,83,113,119,14,1,69,334,89,214,10,347,20,88,23,37,43,3,25,2,14,0,118,6,37,2,109,73,38,1,2,6,7,1454,41,255,97,25,0,232,88,16,12,0,28,121,44,65,34,2,29,22,33,232,6,8,1589,1,230,0,61,8,0,6,28,12,28,397,22,6,8,263,19,16,51,1,16,25,28,0,0,49,2,0,18,35,0,3875,7,219,16,15,104,194,24,8,0,13,5,18,85,18,5,129,45,0,0,1,0,7,0,72,5,67,2,43,13,4,7,50,6,64,0,102,26,45,179,0,1,3558,29,5,25,60,58,24,41,1,22,10,35,121,2,103,36,27,7,8,7,2,14,80,158,17,141,2,32,203,6,11,19,187,1,58,12,49,18,20,0,222,12,123,76,0,176,2,1,3,115,16,1,18,0,4,2,64,22,0,2,45,99,0,31
cell_51,0,24,1,9,25,75,7,37,0,7,20,1,36,8,0,46,42,16,0,0,15,105,10,0,67,2,28,169,14,44,1,55,47,14,0,14,47,26,292,3,5,210,6,2,10,13,56,166,161,28,77,33,0,7,0,4,21,5665,888,89,8,24,8,15,60,11,11,21,30,7,11,0,7,12,13,58,20,297,24,4,0,0,31,18,167,0,3,33,0,0,0,0,51,83,2,7,38,71,11,27,4,12,16,7,0,83,196,118,41,30,10,164,39,13,51,0,2,8,0,0,0,47,6,20,183,5,3,9,16,23,6,42,90,37,15,45,160,54,1,79,329,7,6,1578,16,232,6,103,26,0,0,0,129,3,143,10,6,11,22,19,8,130,3,1,4,110,4,51,1,802,11,11,627,0,111,111,10,1335,5,134,4,1,0,4,7,14,23,30,19,38,12,7,32,9,15,666,290,137,20,57,16,13,2,51,60,1,3,19,51,94,6,23,42,20,86,98,1,18,6,31,13,19,1,490,51,4,0,108,33,0,104,43,15,64,3582,43,4,8,0,880,164,298,2,0,28,3,65,22,9,0,30,249,5,0,30,4,173,4,109,7,199,3,14,0,305,159,0,7,94,61,259,1,20,34,89,38,130,62,7,14,3,24,3049,245,3,5,215,47,0,161,2,7,17,121,39,28,40,6,64,20,2,17,9,52,26,0,34,19,22,116,68,1,0,130,141,88,196,24,347,21,41,4,28,62,3,39,3,1,25,141,10,6,10,130,30,67,0,13,3,0,1311,58,298,63,0,0,49,76,24,4,0,7,123,36,62,38,125,88,30,17,184,2,1,1616,0,193,0,137,4,31,4,23,21,35,410,0,0,9,335,6,95,52,2,10,24,136,1,0,63,12,0,21,18,0,4044,4,231,24,24,98,202,27,7,47,16,4,41,44,26,0,8,47,0,32,0,1,42,2,85,31,20,1,59,9,6,3,11,8,327,2,87,18,45,99,1,0,3577,24,8,11,31,5,4,16,1,20,0,0,125,1,52,9,142,23,11,15,0,29,340,4,18,123,1,143,241,4,27,7,5,2,57,13,136,5,25,0,4,11,138,84,0,151,4,3,1,91,37,3,31,1,2,6,48,33,12,0,7,102,1,49
cell_52,217,3,3,0,18,53,1,67,19,7,10,6,40,8,0,82,19,8,0,4,21,46,11,1,0,4,5,0,4,18,7,11,127,36,0,34,0,30,264,6,26,157,93,0,30,0,72,139,180,22,66,94,13,1,9,0,19,7136,816,43,17,24,0,1,24,188,16,52,25,4,63,8,26,24,52,44,21,198,0,1,9,0,25,0,165,4,48,25,1,0,0,31,34,42,4,3,26,16,49,26,6,5,25,0,6,26,240,149,6,94,16,11,46,55,26,0,7,6,1,4,5,8,15,19,69,33,23,3,6,8,15,21,94,26,8,66,147,2,14,0,381,62,4,716,0,218,3,48,55,0,0,7,153,24,112,14,35,8,12,29,6,105,2,33,0,4,4,87,0,903,1,15,651,2,68,14,28,1260,61,177,0,2,87,3,23,5,56,35,2,22,26,12,5,31,38,386,190,115,13,56,4,15,0,58,65,301,22,21,35,75,35,36,5,21,36,219,9,7,79,20,1,18,1,388,49,4,59,224,17,9,27,15,0,47,3480,5,17,0,0,817,164,243,7,6,3,743,0,27,3,9,29,208,0,24,32,11,164,0,149,7,133,13,10,6,243,77,103,1,22,57,225,6,20,1,74,38,5,0,8,16,14,2,3091,218,0,48,311,23,1,139,11,1,15,0,33,23,18,7,72,6,9,63,11,74,1,9,13,0,66,29,75,0,0,150,322,26,135,2,59,28,191,9,51,23,0,37,11,3,34,140,6,78,7,131,90,5,0,4,6,7,1318,25,263,74,0,196,271,60,30,3,0,37,84,57,37,31,29,93,20,29,154,2,24,1116,0,226,4,79,7,24,25,12,10,37,381,31,0,9,101,27,3,149,49,16,19,0,4,0,78,14,0,13,10,0,3899,13,243,3,30,83,156,13,16,23,5,5,16,134,43,10,17,30,0,4,0,12,4,39,95,28,29,0,17,0,1,16,70,3,200,0,58,20,45,205,19,0,3718,20,1,10,105,58,27,5,16,27,29,28,29,35,55,30,159,52,10,4,18,18,60,22,5,156,15,58,213,29,3,0,151,4,54,15,99,51,3,0,166,10,146,89,0,61,3,0,0,90,16,5,0,0,0,2,98,1,18,2,62,85,1,25
cell_53,6,7,38,8,24,32,8,8,4,39,41,0,6,7,0,6,28,22,3,17,21,86,5,11,18,40,33,51,18,0,12,58,39,4,11,0,19,286,141,0,0,176,88,0,4,33,51,135,5,113,72,19,19,0,2,15,1,745,1771,107,0,137,19,3,92,27,51,61,45,10,18,0,27,19,25,29,11,69,88,0,4,13,31,4,200,0,1,8,2,0,0,16,55,105,18,12,11,9,45,6,1,17,21,4,6,52,244,67,2,64,0,171,45,12,30,79,19,53,2,0,1,22,5,23,232,3,6,2,15,26,3,4,171,21,6,108,77,39,0,32,163,75,7,95,7,330,5,42,7,0,0,0,100,110,30,24,18,10,3,14,30,93,20,21,1,60,3,70,8,146,15,20,650,0,152,17,35,361,27,99,0,3,1,32,53,18,40,46,9,47,10,5,33,25,32,121,192,38,74,36,39,28,0,27,62,55,46,11,8,56,67,21,47,10,28,174,36,4,5,14,0,4,6,145,63,6,16,22,4,62,9,12,113,21,2816,54,4,4,0,1032,178,67,10,0,31,192,9,28,0,0,51,92,0,0,152,32,18,0,40,1,66,1,5,0,185,212,108,6,76,123,184,6,21,52,92,54,127,0,42,20,34,53,3101,413,1,9,299,17,4,213,4,5,28,3,46,38,61,39,29,32,60,59,37,20,9,4,0,0,44,7,98,49,0,70,212,69,139,0,212,19,110,0,54,113,8,149,16,1,1,228,24,4,6,114,9,36,0,16,12,5,981,63,124,82,89,2,56,57,24,1,52,4,81,31,8,53,2,61,8,48,184,1,0,273,0,151,0,16,13,0,5,59,4,10,159,0,0,9,175,7,3,2,4,16,31,167,0,37,14,0,1,13,45,0,7761,6,85,28,24,79,236,9,31,0,2,5,1,0,0,0,2,4,0,2,0,1,44,0,138,9,50,2,19,16,4,3,18,7,853,7,89,13,46,62,4,0,3484,28,6,11,7,2,26,7,0,5,9,8,124,2,13,16,134,18,32,10,4,2,83,38,5,151,3,329,33,3,50,16,18,0,128,6,51,56,17,0,16,13,99,21,57,63,2,2,0,53,13,0,21,17,0,14,48,53,0,7,54,38,4,1
cell_54,0,4,14,7,26,0,3,19,5,14,32,12,23,17,0,50,29,8,0,0,20,110,11,33,97,7,3,44,21,12,13,72,33,24,0,6,0,77,154,1,0,178,0,5,4,0,54,110,137,128,58,8,3,2,6,2,43,680,1742,219,30,94,4,7,71,89,51,33,23,4,9,1,10,22,25,50,10,178,15,4,2,0,33,5,180,0,119,28,3,0,2,7,93,65,10,25,15,112,6,8,0,8,48,26,4,74,199,53,6,14,27,64,48,6,84,52,6,28,4,4,1,0,36,13,136,6,14,0,5,10,3,23,106,35,4,67,54,48,0,0,206,140,26,0,16,342,3,12,22,0,1,1,108,3,2,23,3,1,3,23,9,80,1,24,5,139,2,27,1,161,3,25,767,17,125,1,7,429,0,98,1,4,1,0,7,6,14,56,1,70,12,8,21,33,36,220,166,120,82,94,7,25,43,0,55,100,20,10,2,63,16,33,8,18,11,146,10,66,4,12,13,4,7,42,75,23,0,67,10,13,11,3,2,29,3196,10,27,0,4,1153,163,71,0,0,31,35,5,33,3,4,67,113,0,0,150,39,35,3,148,6,82,16,11,0,145,169,110,11,84,130,263,4,37,0,99,39,0,0,14,2,17,1,3118,387,0,53,808,23,0,180,31,0,31,0,0,47,64,25,58,16,23,62,21,67,0,0,1,143,42,73,74,5,0,80,198,49,138,19,185,33,73,2,29,52,4,120,1,5,6,231,12,42,2,115,50,33,6,66,8,1,878,49,126,91,0,0,83,66,16,7,0,35,104,33,24,50,5,29,20,56,219,12,0,227,1,181,0,43,6,0,30,16,0,60,170,0,3,13,167,12,0,52,2,83,20,22,3,12,25,15,0,6,33,0,7718,6,65,27,24,75,231,21,26,8,30,6,37,96,0,1,11,20,0,19,0,21,0,86,108,14,35,0,47,8,8,18,31,2,794,1,68,15,67,186,0,0,3397,30,8,0,84,55,30,18,8,11,36,0,112,0,9,55,180,11,10,14,14,44,66,71,0,151,19,85,47,21,9,1,1,1,89,16,163,24,6,0,22,28,127,48,0,162,14,0,0,56,23,1,15,31,5,0,50,10,51,0,10,22,0,3
cell_55,0,23,18,15,26,6,11,45,6,32,37,0,30,14,9,77,15,9,1,0,4,121,7,0,15,3,11,26,13,2,6,1,87,9,6,0,65,52,228,0,0,284,22,3,8,14,67,182,97,25,57,63,0,4,1,5,16,6164,840,68,0,56,0,13,3,53,25,26,15,4,11,0,30,95,47,43,23,0,16,3,4,0,24,4,154,4,5,38,1,8,0,10,106,92,3,15,4,61,20,5,4,19,23,2,2,49,157,76,25,106,8,225,44,56,36,12,17,9,0,3,3,33,12,17,217,2,14,0,20,11,7,34,30,34,16,67,110,132,1,134,300,9,15,0,6,357,1,112,11,0,1,0,155,35,0,21,49,22,12,13,12,42,6,16,0,55,52,30,9,897,36,19,686,1,85,108,11,1130,327,151,2,1,0,5,23,5,42,26,0,34,13,4,21,25,12,673,113,27,30,27,0,11,0,33,49,86,17,19,38,63,37,32,33,59,62,177,25,7,5,6,8,27,1,399,47,20,76,24,22,0,134,4,14,31,3645,24,30,0,0,914,144,163,3,0,8,566,47,54,6,0,46,233,0,0,23,4,11,0,136,7,30,7,22,0,205,89,75,16,24,0,333,6,7,44,99,45,34,0,12,6,20,47,3082,187,9,38,0,5,12,175,1,8,21,0,33,46,6,3,62,12,6,32,1,14,0,2,39,36,76,121,122,5,2,118,367,70,201,11,67,29,74,4,67,24,14,57,3,16,11,170,6,49,1,153,32,29,4,2,4,5,1102,49,294,75,0,10,176,63,14,1,0,30,139,58,65,38,27,74,22,22,159,8,4,766,76,207,0,159,26,237,3,42,22,47,432,13,8,18,206,18,20,116,35,12,33,22,0,2,42,2,0,23,21,0,4276,11,225,13,19,108,210,8,5,0,12,2,33,28,0,1,19,55,4,0,32,0,35,0,48,8,36,0,26,1,3,7,47,15,747,1,67,16,50,233,8,0,3676,10,7,9,19,30,22,7,6,4,0,0,112,2,95,12,106,103,3,11,1,65,64,35,0,137,4,120,240,2,23,39,0,7,69,6,117,5,9,0,91,14,194,119,0,209,16,6,0,92,8,4,30,2,0,4,50,94,1,0,21,85,0,60
cell_56,22,30,37,0,29,159,5,58,6,7,26,1,19,24,1,146,24,3,0,20,24,65,4,7,107,0,0,31,30,17,2,10,2,32,18,6,13,21,228,3,0,305,0,3,6,21,48,151,209,23,73,81,0,2,7,6,55,6408,911,85,15,46,3,0,7,47,8,17,21,10,35,0,23,18,39,52,41,354,31,10,2,0,13,17,165,0,69,29,4,0,0,0,59,35,3,10,3,21,20,5,0,9,120,4,27,87,246,119,3,13,5,41,42,3,49,0,16,11,0,5,3,43,2,16,262,71,1,0,54,14,1,24,55,40,34,4,109,184,2,6,257,46,8,1954,16,435,5,52,49,0,0,0,108,48,6,2,1,26,4,16,11,72,14,23,0,98,17,11,1,923,2,13,684,2,111,49,13,1330,89,194,0,2,45,10,1,8,28,34,39,34,15,9,8,5,36,679,381,64,22,47,11,11,0,2,55,70,24,16,41,29,59,23,28,44,25,187,9,5,21,39,0,3,0,595,41,0,1,82,27,0,77,4,24,81,3711,33,16,23,0,935,157,271,10,5,27,677,0,34,5,10,44,243,2,1,36,49,232,0,87,17,224,11,17,0,0,170,102,6,45,53,243,0,34,10,88,22,0,0,97,19,4,3,3050,232,2,4,630,59,0,117,10,7,21,65,11,17,40,15,49,26,3,73,12,30,0,0,0,0,70,87,150,2,0,59,326,72,183,10,295,31,53,10,37,48,6,27,59,5,7,112,10,9,14,132,88,18,16,14,1,1,1355,49,281,33,0,15,238,83,15,5,0,36,169,22,48,91,32,33,13,39,137,17,0,1014,36,239,0,135,21,182,2,13,0,15,407,4,11,14,273,11,79,102,9,6,15,29,0,0,38,1,0,1,19,0,3879,62,217,5,14,100,176,19,15,23,20,6,47,113,0,1,6,55,10,17,0,76,26,15,82,26,41,0,33,15,7,6,32,5,140,0,92,12,34,176,0,0,3716,25,7,13,82,2,36,19,3,10,29,9,91,2,26,32,72,105,20,6,3,16,86,25,15,144,2,126,194,3,17,0,108,1,45,7,118,81,23,113,4,17,164,99,0,175,11,0,2,108,21,0,0,8,0,2,65,5,0,7,4,14,0,93
cell_57,67,19,2,1,34,92,2,22,9,4,29,0,36,10,0,33,10,7,0,1,19,89,16,0,68,0,50,0,30,18,21,9,108,73,0,0,13,16,266,2,6,288,6,1,10,0,44,182,202,23,70,42,0,0,25,1,12,7008,914,134,2,5,0,2,50,89,3,15,22,3,20,1,42,27,50,46,14,398,7,3,6,0,16,3,167,0,52,34,0,0,0,2,75,71,5,6,4,70,18,6,7,7,9,6,0,63,237,143,3,37,15,214,41,48,52,1,32,9,1,3,8,11,8,14,69,32,12,0,48,29,21,11,83,19,21,13,126,6,0,67,298,25,18,85,2,200,6,74,28,0,0,4,96,59,0,11,0,24,36,20,1,68,6,20,1,77,2,10,1,939,0,12,648,15,133,8,3,1207,0,162,18,12,12,12,5,13,69,38,0,47,10,9,33,8,11,854,253,193,6,57,0,21,4,9,53,133,14,24,28,27,16,28,53,53,61,237,24,26,29,39,1,12,0,523,47,25,11,227,16,0,23,0,10,62,3776,41,14,1,0,928,165,115,0,0,21,351,0,41,4,1,43,113,2,0,25,23,82,0,153,6,172,3,18,0,275,42,30,0,71,75,338,11,33,0,99,50,0,0,30,6,30,0,3049,204,1,42,63,8,0,172,18,12,21,0,48,48,41,9,76,5,6,89,5,9,0,1,29,4,83,93,248,4,0,99,344,71,181,0,90,32,18,6,79,58,6,125,6,1,3,100,23,18,2,148,53,64,0,6,4,1,1380,53,197,85,0,0,117,83,0,13,0,78,156,135,55,110,31,36,8,41,231,23,2,1694,1,181,0,62,11,0,2,24,6,48,367,109,0,9,335,11,38,126,16,12,7,20,0,1,20,7,20,18,23,0,4128,34,266,21,31,90,193,12,1,198,10,6,19,107,0,3,29,15,0,5,0,4,21,42,69,11,37,0,31,2,3,6,36,1,627,2,63,42,43,203,0,0,3380,22,2,0,76,59,21,6,4,14,11,0,96,6,58,29,176,7,7,13,14,12,220,46,0,135,0,19,219,4,8,15,26,0,65,20,70,38,10,0,37,21,175,100,1,195,1,0,1,120,42,0,12,4,0,0,54,67,7,0,24,135,1,97
cell_58,8,19,13,49,32,61,10,7,7,0,24,22,47,11,0,2,36,18,0,50,17,41,3,0,37,0,39,114,59,5,4,0,0,12,7,21,10,12,255,0,19,181,12,0,24,1,60,153,187,22,83,32,25,4,34,4,12,4463,854,61,4,101,18,14,6,0,6,18,11,10,1,0,29,6,65,44,29,347,26,8,5,0,18,0,151,0,15,30,4,0,0,0,102,42,3,7,11,66,170,25,2,14,4,1,2,82,235,76,34,113,7,39,52,11,58,3,10,24,0,0,60,43,5,3,213,87,19,0,20,11,3,28,91,39,44,19,76,32,1,52,361,10,23,943,1,346,15,57,52,0,0,5,177,20,0,29,41,6,14,25,28,45,1,3,3,375,11,14,0,940,22,20,724,0,25,35,8,1211,295,119,9,1,20,23,9,7,18,31,0,30,14,5,9,4,33,774,299,230,5,55,35,21,34,15,58,95,0,4,3,69,6,21,48,34,42,4,12,11,2,1,5,12,1,556,38,0,0,156,6,105,44,11,25,29,3714,41,36,3,0,936,173,315,0,0,5,177,4,39,14,8,36,160,7,22,35,0,218,1,143,49,29,7,21,2,223,153,50,25,45,0,316,17,61,58,81,38,0,66,11,59,4,0,2997,196,6,4,70,11,0,200,12,2,20,14,5,21,34,5,65,39,6,45,25,91,4,13,7,53,49,48,267,0,0,181,297,66,69,1,224,32,186,1,47,36,5,31,11,6,7,122,5,101,21,160,77,52,0,9,8,20,1370,49,249,80,0,3,81,65,46,1,2,12,146,38,40,2,335,55,52,3,212,7,0,448,18,213,0,88,11,126,13,36,2,25,226,0,30,10,258,2,54,74,15,17,33,15,0,1,63,11,0,24,17,0,4016,3,238,16,15,97,201,16,10,33,17,1,22,30,4,7,0,16,0,15,3,28,91,2,86,24,28,8,52,13,3,2,31,23,384,4,94,3,22,213,20,1,3603,1,22,1,58,5,1,29,12,5,10,0,87,8,82,4,32,0,14,8,0,129,149,10,3,107,14,140,203,23,83,41,14,0,61,20,99,17,0,14,17,13,177,92,2,121,0,3,0,23,39,0,15,4,0,1,53,3,0,0,41,141,18,382
cell_59,0,5,16,12,31,289,6,60,7,12,29,3,28,11,0,11,31,0,0,0,9,106,6,5,44,13,21,20,65,16,10,0,33,44,5,0,79,10,300,0,3,238,1,0,6,8,86,192,174,30,61,30,2,12,0,8,0,5290,873,101,20,83,0,13,16,12,33,42,27,16,19,0,35,62,56,44,24,0,17,1,6,0,17,4,151,0,46,24,3,0,0,7,36,20,7,1,11,58,16,27,5,9,152,0,4,1,198,85,27,147,5,219,37,65,53,0,36,19,0,7,0,62,13,15,170,8,0,8,31,6,1,24,84,34,68,4,111,62,0,127,303,2,2,683,3,295,9,66,39,0,0,0,83,17,30,11,5,8,20,18,8,61,2,25,0,240,18,144,7,1066,12,15,627,1,34,37,19,1304,14,189,3,10,7,19,3,19,37,34,0,58,15,13,5,0,14,655,176,107,2,39,2,22,1,0,44,297,11,11,13,115,27,39,30,1,17,102,20,28,9,10,6,38,5,438,41,11,0,20,24,0,36,10,10,48,3263,12,3,15,0,840,145,279,0,6,33,653,3,28,1,13,36,319,1,3,28,21,239,3,172,0,169,5,35,0,302,44,98,0,16,16,285,0,39,1,118,32,55,0,29,1,21,18,3013,212,4,9,695,18,0,57,0,7,15,0,10,51,35,23,60,11,1,65,14,75,0,0,4,5,91,69,117,0,0,89,342,11,185,0,270,31,69,17,51,33,13,57,0,5,0,135,20,48,4,142,100,18,13,0,3,4,1102,70,272,64,0,2,168,72,0,2,0,7,120,66,102,64,65,29,4,29,177,15,36,1602,0,222,0,177,17,128,4,30,2,21,452,149,1,3,329,8,75,57,5,10,31,1,2,0,16,5,0,22,11,18,3965,34,204,15,33,112,177,19,5,0,17,1,16,34,16,0,0,5,0,5,0,20,16,1,107,22,18,1,48,0,12,11,38,11,452,0,108,4,52,198,0,0,3785,13,10,1,99,36,8,13,18,17,0,0,101,10,91,39,49,40,0,5,5,53,205,69,0,132,0,164,176,10,9,18,42,3,41,12,137,3,15,0,0,16,104,112,0,154,2,0,5,71,39,0,13,6,1,0,29,57,8,1,71,117,0,38
cell_60,0,47,14,5,20,16,16,40,4,2,23,8,27,16,0,107,29,0,0,13,14,84,1,0,50,22,25,76,43,4,7,31,10,24,15,0,49,2,297,5,0,248,119,0,2,7,50,150,93,17,79,44,0,0,37,5,23,6160,868,59,17,74,9,5,42,0,36,35,7,2,5,2,53,14,26,36,12,209,41,0,1,0,19,7,162,0,9,22,3,0,2,19,45,55,9,6,31,19,41,32,2,2,40,7,7,95,216,102,4,20,4,11,55,9,39,2,7,35,0,7,10,49,10,14,283,14,5,0,51,8,10,85,137,27,22,95,121,158,3,78,236,52,5,2,10,278,3,59,26,0,0,2,98,6,131,16,8,16,21,22,26,0,3,9,2,284,5,59,1,1044,19,13,536,2,120,51,2,1348,955,160,0,0,53,7,50,22,35,36,16,27,9,3,12,5,22,664,443,70,60,43,22,21,1,0,56,109,25,11,19,51,3,23,41,72,141,196,22,57,7,33,1,3,3,468,45,0,5,18,14,28,61,3,50,53,3539,37,15,20,1,908,128,294,0,0,51,302,50,49,3,27,33,292,1,0,30,44,35,0,176,6,162,7,6,0,250,261,8,0,63,62,180,3,15,0,92,34,64,0,15,0,25,1,3121,232,5,6,52,19,0,119,23,2,18,0,62,40,58,13,48,6,1,55,3,36,5,0,35,8,11,80,220,2,0,132,335,56,195,2,329,28,80,4,10,52,5,100,11,3,14,127,4,20,16,161,30,54,1,2,1,1,1231,65,233,94,0,1,233,78,31,3,0,49,128,8,22,94,284,138,34,4,183,17,0,1455,10,254,0,97,3,228,0,14,0,14,399,84,16,4,304,13,64,58,5,6,15,115,0,6,25,17,0,27,26,1,3959,31,192,26,3,101,162,11,7,14,15,15,30,119,19,1,21,16,0,14,0,25,28,18,106,7,12,1,21,5,0,10,3,36,608,2,95,3,5,190,0,0,3501,15,16,11,62,2,32,37,4,25,9,2,96,10,25,6,87,59,1,15,8,14,66,10,2,112,0,173,150,11,18,13,38,2,57,5,136,6,14,135,29,7,160,91,6,143,5,0,2,129,20,2,21,4,2,0,34,94,0,6,65,59,0,18
cell_61,0,47,3,13,21,29,10,61,8,23,41,11,13,1,0,78,21,8,0,56,3,83,27,8,102,2,45,53,49,67,7,50,2,23,0,5,108,66,454,6,0,244,0,1,0,5,64,164,67,179,38,5,0,25,11,4,16,1518,2292,72,12,115,0,1,120,6,49,27,14,1,9,3,6,95,44,18,27,332,61,0,9,3,23,5,217,0,98,19,0,0,3,19,83,5,13,16,12,50,3,3,3,21,92,0,10,3,140,65,5,102,15,152,58,31,42,4,7,31,5,10,9,16,38,17,284,67,24,0,22,20,8,66,65,26,18,8,148,73,2,99,222,30,4,43,18,281,0,44,40,0,1,6,106,11,123,43,2,11,22,24,17,97,11,14,1,96,2,8,3,266,5,16,665,14,113,9,8,444,0,67,5,16,48,3,64,8,69,30,9,66,12,2,44,16,45,281,129,7,21,92,4,15,5,1,65,97,53,27,17,70,16,45,29,33,12,39,38,115,75,32,4,9,0,248,34,22,6,13,16,0,8,24,56,40,3080,34,24,8,1,874,221,38,0,0,78,189,4,40,0,0,33,248,0,12,194,18,10,5,185,14,113,3,4,20,165,157,12,0,63,79,196,0,23,120,90,66,0,0,18,8,7,2,3093,331,0,31,307,13,2,130,3,6,11,0,3,30,23,23,75,2,0,61,0,22,1,0,32,1,60,43,36,1,0,28,44,46,163,19,293,61,23,7,3,51,89,150,4,2,15,203,7,44,3,97,53,43,3,6,1,17,715,50,223,89,0,11,149,10,16,7,0,2,145,96,77,71,4,61,20,53,129,17,0,434,0,116,0,35,6,0,9,35,0,37,107,131,0,3,125,8,25,46,29,39,12,16,5,1,6,0,0,17,45,3,6586,11,80,35,37,62,313,17,6,5,19,11,32,129,0,1,46,5,0,24,0,5,2,93,8,8,24,1,41,0,10,3,14,5,1012,0,8,7,35,34,0,0,1518,61,8,0,92,8,8,20,43,5,29,2,92,10,28,33,127,42,3,21,3,20,75,10,2,106,7,388,77,10,52,1,5,0,65,19,168,32,21,15,31,29,127,80,76,249,16,0,2,33,15,0,19,1,0,7,99,50,0,3,83,23,1,2
cell_62,0,47,21,1,37,94,15,18,21,13,19,11,46,6,0,75,8,13,0,3,31,91,8,9,14,99,14,62,6,15,3,2,24,0,63,0,87,8,322,0,29,217,70,0,0,0,65,192,183,27,79,63,2,4,81,7,40,5554,929,79,10,48,15,6,53,28,38,15,17,1,2,1,21,102,65,41,7,367,32,12,9,0,18,1,158,0,33,22,0,35,0,11,82,96,2,0,0,43,26,7,0,6,77,1,1,28,234,111,31,91,4,69,48,44,42,0,26,12,0,5,18,95,12,9,247,25,2,0,76,8,4,35,14,38,77,12,113,18,1,80,357,3,0,0,3,500,24,82,38,0,0,2,52,41,14,7,9,18,25,16,13,139,4,21,0,316,12,24,13,831,7,13,578,1,3,2,15,1081,55,157,9,7,8,12,34,16,18,31,1,20,21,4,5,37,37,843,124,177,3,27,2,16,0,43,48,176,15,13,12,29,40,42,13,63,19,59,16,29,9,10,4,30,2,226,48,14,17,147,7,79,135,3,58,51,3522,16,20,1,0,857,133,183,4,0,16,148,14,29,9,19,33,168,0,2,39,22,175,8,274,8,31,11,12,14,314,267,86,2,74,35,341,11,21,54,117,42,82,34,54,8,26,9,3056,188,8,22,31,0,6,169,23,2,20,2,0,27,13,6,73,0,4,71,2,48,0,5,5,0,62,57,254,2,0,173,311,96,180,0,202,33,123,15,11,46,2,8,9,0,9,147,9,15,16,158,74,38,1,11,9,14,1416,48,288,58,0,27,76,14,19,1,0,0,83,13,10,71,90,44,22,36,110,3,0,540,77,235,0,57,11,207,4,43,6,37,256,7,0,6,212,6,6,66,26,6,23,110,0,0,33,8,0,25,31,0,4037,40,238,17,8,91,175,0,3,34,19,0,23,77,41,0,10,18,0,6,51,26,15,0,124,17,2,1,29,0,4,6,48,1,179,0,86,25,34,169,0,0,3175,15,6,23,42,18,22,1,4,5,20,0,125,4,20,32,7,149,0,6,0,54,35,48,9,162,0,185,178,11,57,39,98,2,37,16,123,14,9,21,67,8,123,99,24,178,4,0,0,127,14,0,25,5,0,16,74,48,0,6,55,84,0,46
cell_63,0,16,30,4,27,214,0,3,2,2,23,2,40,5,0,87,39,16,0,1,24,97,1,21,83,74,99,131,13,45,2,63,86,10,0,35,59,16,276,8,20,248,0,0,10,5,80,109,157,17,56,28,4,3,0,3,22,1976,936,55,2,3,16,2,51,162,7,29,14,9,10,11,22,97,5,45,26,293,29,1,4,1,19,31,162,9,23,14,1,2,1,21,61,20,1,4,9,82,15,16,2,6,109,4,3,103,263,135,19,53,5,24,40,16,45,3,1,10,2,1,3,40,19,10,52,4,1,738,25,0,10,25,83,31,118,52,138,62,0,45,353,27,4,1232,1,390,27,32,25,9,0,1,149,1,0,18,6,5,36,2,8,148,3,17,0,433,16,63,4,705,9,27,606,0,93,76,21,1361,54,196,5,4,0,27,8,10,69,30,2,55,8,12,12,149,22,279,121,41,6,40,15,20,11,16,64,127,22,7,45,26,69,31,25,10,60,205,34,4,3,22,4,4,1,455,44,10,5,290,6,96,72,27,62,40,3579,27,21,2,0,911,153,238,0,6,3,381,16,30,11,5,33,260,0,1,38,25,200,4,193,11,147,7,20,0,0,13,27,33,74,73,261,7,8,10,111,28,61,25,3,101,1,15,3106,158,1,15,229,40,0,135,0,5,22,0,24,10,36,17,48,13,6,69,8,88,19,0,85,51,7,57,63,3,3,166,358,84,110,65,343,28,0,9,57,43,12,6,10,10,13,110,25,80,7,112,64,17,13,8,3,5,1374,21,233,60,87,0,256,56,52,1,12,3,104,73,0,59,384,102,86,15,195,4,2,1387,20,197,9,61,9,27,4,27,26,40,424,80,0,12,318,14,103,104,0,19,29,90,0,4,62,0,0,32,50,0,4093,50,200,18,20,93,151,21,9,10,13,2,19,30,34,0,0,15,26,0,0,19,14,0,8,20,69,0,61,3,4,9,44,12,56,1,100,10,46,159,0,0,3222,21,3,0,12,2,13,24,2,3,28,0,93,7,32,2,80,12,6,9,31,14,99,16,10,140,16,141,121,3,31,15,290,7,26,0,140,56,19,150,123,4,131,108,58,137,1,1,2,62,16,2,19,4,0,5,59,6,25,3,28,137,0,34
cell_64,0,44,30,36,32,24,3,57,27,17,36,0,49,31,0,88,28,19,0,1,32,128,3,0,23,1,42,107,57,7,12,10,71,13,5,20,9,84,702,1,33,76,13,0,2,5,80,240,198,89,59,14,0,4,0,1,0,3537,2124,81,6,142,15,1,9,50,52,49,26,3,7,5,16,117,38,31,3,56,11,0,3,0,42,0,166,0,41,17,4,0,0,0,78,42,2,0,14,161,24,26,3,14,0,0,5,9,190,206,19,41,3,127,42,17,46,0,15,57,0,3,0,10,67,18,173,15,2,29,31,6,15,36,113,22,12,55,219,92,0,0,360,35,39,597,3,414,3,100,14,0,0,0,81,1,0,3,16,11,22,19,51,93,0,7,3,151,4,17,4,964,38,10,699,0,126,62,14,881,5,46,0,4,0,8,34,5,6,49,5,50,36,12,22,1,57,86,386,135,1,83,5,17,13,0,47,103,2,15,27,76,1,26,40,20,17,138,29,24,34,0,0,12,20,401,70,0,0,31,20,0,44,31,5,23,4115,47,9,3,1,791,141,101,0,0,11,207,13,29,16,0,80,341,0,32,188,30,97,2,419,8,148,17,13,0,82,39,0,36,67,3,304,0,23,10,83,48,54,0,1,100,5,0,3002,492,4,6,345,29,0,161,1,2,23,64,50,7,39,33,41,9,3,34,12,96,29,13,0,32,61,23,30,0,8,139,203,17,124,9,678,52,115,8,71,129,23,55,0,11,10,110,0,80,1,137,25,28,15,0,11,17,584,39,113,67,0,2,223,62,47,0,0,20,63,0,45,15,369,32,4,56,219,8,0,1409,0,79,6,142,12,132,6,21,2,30,220,0,21,4,255,19,23,100,76,11,13,0,6,0,59,7,0,7,15,5,2466,7,142,25,9,88,208,31,4,4,43,2,17,39,1,0,35,10,0,7,0,1,15,3,28,12,13,0,73,18,18,16,48,30,215,0,77,3,2,142,0,0,1491,16,5,3,87,37,3,8,3,5,14,5,12,9,34,101,129,44,14,19,0,104,211,1,0,269,0,227,193,55,9,13,46,13,34,11,70,17,3,4,10,26,114,152,0,76,3,1,0,4,19,6,15,0,0,3,120,3,25,2,85,87,0,56
cell_65,66,15,12,10,18,104,2,37,12,56,51,1,19,18,0,34,17,10,14,5,24,98,3,12,88,26,26,2,49,7,7,36,34,1,0,2,4,164,167,4,0,172,11,0,5,9,57,120,116,102,73,15,2,1,0,0,17,674,1784,78,13,141,25,5,69,20,45,40,32,1,15,0,43,35,25,49,7,343,20,0,4,0,19,7,192,1,125,33,6,6,2,23,132,38,3,7,10,110,15,17,12,9,79,5,4,9,208,54,12,27,10,137,48,19,56,0,36,19,2,4,0,5,15,9,136,17,9,6,23,8,6,8,197,34,15,1,55,46,0,37,188,115,33,16,1,350,21,44,23,0,0,0,128,7,9,49,20,4,5,19,8,25,1,33,0,96,4,11,0,197,9,13,737,3,41,72,12,431,1,98,9,7,11,7,8,15,39,46,12,29,21,4,27,0,27,237,98,84,43,122,3,28,4,19,47,185,76,16,52,50,31,44,37,0,38,103,16,12,11,12,0,10,0,143,70,17,12,66,11,5,33,3,4,19,3115,69,23,0,0,1089,169,58,0,1,60,169,0,57,6,2,62,158,0,0,145,25,222,0,214,1,66,7,8,0,153,68,141,15,65,62,284,8,64,58,113,58,0,185,37,55,0,0,3196,365,2,19,251,10,6,178,0,4,16,0,8,51,53,71,46,10,15,52,48,53,3,1,3,79,56,32,32,0,0,100,55,49,117,51,270,43,48,9,59,102,0,78,1,4,6,283,3,94,19,132,53,20,0,16,23,22,902,75,134,93,0,0,101,27,6,2,0,3,49,5,75,95,54,43,32,58,187,23,3,276,38,161,2,29,32,0,16,10,0,39,194,1,16,14,193,3,0,4,41,16,19,18,3,3,50,10,0,6,10,0,8763,12,60,31,8,69,233,20,12,6,16,4,29,34,10,3,0,10,0,31,0,17,29,6,113,38,12,0,51,9,11,19,16,1,629,0,62,11,7,160,0,0,3400,15,10,103,86,43,12,0,23,32,57,0,139,5,5,40,142,31,2,16,2,16,62,24,13,57,0,327,23,21,36,0,42,0,102,7,141,12,3,5,13,8,106,33,2,66,0,0,0,28,4,6,10,1,0,1,36,61,17,2,10,83,0,10
cell_66,43,7,10,2,20,23,8,47,4,34,25,18,29,1,0,19,25,10,0,7,3,116,20,6,23,0,30,2,0,9,4,8,9,4,0,0,9,9,560,3,17,261,87,1,1,24,65,178,21,160,52,16,0,10,44,3,12,1230,2148,108,3,80,9,8,122,84,23,17,25,6,10,6,31,46,9,56,4,433,29,0,10,0,15,18,259,0,74,21,3,0,1,10,121,32,0,7,7,108,13,34,0,9,19,3,3,106,149,109,17,88,6,135,48,4,65,17,11,14,1,6,1,61,4,33,230,11,25,0,44,25,9,25,11,29,14,20,77,136,2,3,240,5,9,17,0,83,1,31,33,0,0,1,98,35,40,9,3,39,45,24,1,97,17,40,4,21,0,13,4,208,23,8,736,12,93,23,3,278,19,68,0,10,12,23,10,9,42,33,0,59,22,13,37,18,26,232,187,50,13,98,2,18,2,20,56,75,59,15,45,57,20,57,31,15,40,139,11,11,2,42,16,11,2,273,57,17,21,133,15,8,21,49,20,37,4179,24,29,14,0,1111,252,31,2,0,19,325,11,43,1,0,45,182,1,9,210,4,11,1,211,9,65,12,1,0,123,127,37,0,44,111,130,0,4,0,70,50,64,0,20,17,16,8,3280,302,0,27,0,28,0,50,6,10,18,0,27,39,31,55,70,6,24,37,17,24,0,0,48,55,49,65,29,15,0,32,205,27,189,49,138,75,112,4,29,50,13,85,2,2,1,220,8,111,18,87,84,14,2,1,7,9,814,70,215,96,0,0,112,54,5,27,0,19,110,8,36,25,10,69,11,9,122,13,9,178,0,77,0,58,10,0,6,54,14,48,119,5,7,6,198,10,18,59,0,35,22,104,1,11,71,4,0,27,36,69,7031,21,75,29,44,92,276,20,1,8,14,0,42,100,0,3,107,3,0,0,0,8,6,9,37,1,13,0,35,28,10,7,30,2,919,0,64,9,49,204,4,1,1245,43,3,16,35,25,19,21,9,2,15,0,53,12,28,60,22,0,8,22,8,41,58,22,4,170,24,276,81,1,18,22,0,0,141,12,151,17,24,8,57,32,115,51,0,255,8,1,0,45,37,4,21,11,0,1,113,17,23,0,50,56,2,0
cell_67,0,37,2,8,52,26,4,9,3,1,37,7,30,0,0,65,29,9,32,2,40,89,3,1,22,16,49,8,37,3,3,8,62,12,0,35,20,30,694,1,2,282,17,1,15,2,89,226,196,106,69,12,0,3,38,5,8,3171,2084,166,5,62,11,15,106,24,43,34,13,5,20,4,47,57,36,35,6,694,7,4,4,0,30,12,244,3,4,23,2,0,0,5,200,54,8,0,28,193,24,5,0,6,47,5,1,102,238,212,5,31,10,83,46,2,47,8,58,19,0,5,9,9,25,16,276,12,29,0,47,32,2,5,111,26,53,4,158,10,0,4,389,32,1,64,18,40,2,125,17,0,0,1,81,34,54,5,2,71,64,23,22,127,19,13,0,4,13,7,4,976,12,12,574,0,104,31,19,1011,45,96,0,2,0,8,7,3,29,62,3,39,27,21,37,1,32,139,74,117,2,81,0,16,15,77,58,56,28,17,11,87,11,33,15,0,22,62,5,20,14,18,3,5,2,340,57,27,28,83,10,0,11,34,2,39,4238,20,38,6,0,776,178,28,0,0,57,371,31,29,7,1,71,208,2,0,209,7,5,8,185,12,76,17,17,0,118,41,3,0,58,42,306,14,71,101,69,50,0,93,13,15,14,11,3169,585,0,6,363,34,1,107,0,6,22,0,3,27,15,13,56,9,13,41,19,19,6,3,15,52,86,73,72,2,3,78,249,45,164,38,172,54,40,1,69,91,12,99,7,1,4,123,18,53,3,163,75,29,1,17,8,23,583,30,138,64,0,0,168,53,57,6,32,20,23,53,55,65,426,28,13,83,204,14,5,2965,46,80,0,59,5,130,1,10,5,48,226,0,0,13,145,1,1,46,46,14,23,50,5,1,24,0,0,11,29,0,2675,28,144,26,28,96,169,23,7,50,32,7,1,93,34,1,25,6,7,26,0,25,18,71,93,14,15,2,42,0,30,15,19,10,626,1,64,12,42,103,3,0,1419,12,7,10,4,31,17,17,17,29,13,0,189,2,23,70,132,55,5,9,26,4,98,5,5,204,0,105,262,9,18,9,66,2,68,2,82,0,8,0,90,10,135,118,0,122,3,1,0,62,9,0,21,5,0,1,56,10,3,34,55,92,10,29
cell_68,42,4,37,8,21,83,4,5,4,8,26,27,33,4,14,28,29,2,0,23,11,89,6,1,1,103,34,19,39,11,4,25,31,0,3,0,53,1,335,0,9,225,52,0,38,11,67,143,159,26,80,37,12,5,13,1,40,6683,911,39,8,26,13,2,29,24,20,19,20,9,10,4,48,3,54,54,13,0,17,3,6,2,19,10,169,0,54,23,1,0,0,7,44,16,3,6,6,94,39,28,2,11,56,3,3,57,230,91,17,102,5,212,47,28,41,17,21,28,1,4,3,34,11,6,234,46,5,0,32,13,7,35,60,20,37,124,141,80,2,35,315,10,15,0,0,489,1,52,72,1,0,5,140,34,0,2,17,22,8,17,7,135,5,28,1,83,29,46,12,885,8,11,640,4,138,6,10,1512,358,181,0,7,10,19,31,11,23,0,2,21,10,1,12,3,27,678,190,44,2,18,0,13,0,23,55,333,19,13,17,99,20,17,38,27,86,100,26,12,8,11,1,7,3,538,45,3,9,77,28,94,46,1,52,23,3877,1,26,0,0,897,163,217,5,1,19,631,15,40,2,1,28,321,0,12,32,18,214,1,65,2,38,14,6,0,307,16,86,4,29,48,253,2,29,0,99,37,30,0,10,0,46,1,2905,219,1,5,580,43,32,134,18,10,17,0,64,23,48,9,62,7,1,52,0,17,0,0,2,4,96,19,154,0,1,30,308,13,213,11,165,22,56,4,42,36,12,101,2,4,0,121,4,88,11,167,58,7,1,4,5,16,1181,54,222,74,18,0,122,41,12,6,0,67,136,45,73,25,68,87,6,25,134,4,7,1039,0,213,0,44,5,219,5,26,5,20,333,65,4,3,184,13,24,178,0,11,18,25,0,1,49,40,7,11,16,10,4204,1,218,14,17,92,189,7,6,0,10,2,13,106,2,0,46,22,4,0,2,22,0,2,44,5,6,0,6,6,3,6,56,49,521,3,111,14,32,289,0,4,3258,24,2,37,12,38,17,4,10,24,26,0,111,7,83,37,8,26,6,19,0,30,82,41,1,146,1,114,185,6,44,13,0,0,80,5,58,12,9,0,124,25,133,90,31,170,9,0,0,108,10,2,30,6,0,1,34,68,23,2,8,23,1,20
cell_69,1,57,0,5,26,16,16,33,5,25,41,3,22,21,0,1,33,8,0,0,23,99,19,0,86,9,37,104,10,0,13,0,21,3,4,6,16,243,514,2,0,202,0,1,6,0,0,157,117,184,62,27,0,14,13,2,28,1477,2165,108,17,35,8,15,92,101,50,62,29,1,8,0,0,101,46,31,25,0,48,3,2,0,21,0,260,0,57,20,1,0,0,11,165,33,2,5,21,17,1,36,2,3,69,0,7,87,146,106,8,19,13,125,57,27,53,6,15,15,1,1,0,75,25,12,197,26,14,0,28,32,6,48,167,31,23,42,128,122,0,40,88,56,4,54,8,190,5,44,16,3,0,0,83,5,8,15,9,67,16,20,5,132,3,14,0,139,9,58,5,304,29,11,710,1,141,27,25,446,1,93,11,9,7,3,48,8,44,48,17,43,2,2,39,5,7,199,46,13,35,95,7,12,14,6,54,7,11,25,57,65,5,48,39,11,5,146,41,21,50,16,0,12,0,229,49,16,40,16,18,0,25,0,58,46,2991,88,16,0,0,907,226,36,3,0,124,492,15,30,0,0,43,110,1,0,180,31,15,3,237,13,90,8,8,0,205,23,0,0,70,68,199,3,24,0,87,65,2,0,20,7,13,3,3025,310,3,0,422,4,0,221,0,15,36,0,11,42,0,15,76,6,11,57,1,79,20,1,9,0,98,53,82,11,0,65,21,62,140,9,250,60,34,0,110,53,89,110,19,4,8,185,2,34,2,86,18,51,0,3,7,5,727,47,196,71,0,0,172,92,72,19,0,41,14,56,28,48,0,28,0,124,146,2,0,361,13,95,0,10,0,0,14,36,0,20,185,15,17,9,137,9,0,4,4,5,18,181,0,6,85,4,0,11,33,0,6303,44,76,41,38,95,257,12,20,0,19,10,40,97,71,2,17,6,0,30,0,4,6,9,85,18,5,0,44,0,4,20,45,5,882,0,70,9,45,190,0,0,1496,37,2,28,65,52,5,9,14,15,25,0,111,1,2,50,103,80,6,23,3,34,104,7,8,189,15,341,63,6,6,3,25,6,119,6,170,31,8,0,46,22,92,84,72,157,2,2,4,49,5,0,12,0,0,13,54,16,11,2,30,53,0,0
cell_70,48,6,9,0,67,58,7,50,3,11,70,24,11,62,0,4,20,0,0,0,54,45,25,0,34,1,75,0,10,12,2,102,0,9,1,21,57,141,74,2,0,99,47,1,3,3,71,31,116,112,89,3,0,12,0,1,27,278,4795,122,3,24,22,4,30,0,42,35,49,5,39,2,0,13,14,82,17,96,19,2,23,0,70,0,106,6,138,22,1,0,1,50,112,112,5,4,24,42,49,31,7,19,47,26,14,30,214,43,23,73,16,48,27,2,65,81,16,5,0,3,25,57,17,22,38,7,23,3,32,32,3,1,67,51,7,13,38,45,0,1,35,39,11,4,4,179,21,34,29,1,0,0,105,23,0,73,27,7,33,67,25,45,15,41,0,13,10,12,12,100,62,47,656,3,42,45,55,533,3,51,8,23,1,35,80,8,46,115,8,75,14,41,38,0,62,190,108,115,24,46,22,41,0,16,52,98,59,2,15,51,48,37,59,9,16,99,2,5,3,4,17,5,2,66,47,0,1,19,17,20,103,3,53,27,2260,92,3,2,0,1261,69,45,4,0,16,78,0,36,13,0,88,50,2,1,62,37,195,0,33,5,110,9,24,0,123,90,132,9,105,128,192,1,110,62,68,25,14,137,33,18,32,38,2200,175,0,7,92,6,0,170,0,22,43,0,21,7,51,55,29,12,10,41,85,47,0,0,19,126,43,18,93,42,1,33,116,33,41,28,34,22,46,0,41,137,7,11,6,12,2,108,11,3,38,82,48,11,0,0,0,14,1506,132,94,16,2,24,74,41,27,2,47,0,78,63,52,51,13,96,5,59,46,5,42,131,5,108,0,24,38,145,7,74,0,45,175,142,6,10,65,10,66,97,1,46,39,44,0,50,50,0,0,3,30,3,10251,10,45,10,21,54,145,34,12,11,25,19,9,41,0,3,0,17,0,33,0,9,0,2,130,65,4,5,44,1,11,5,5,2,359,0,54,10,49,71,0,0,6283,67,7,9,7,18,38,0,7,58,4,0,135,2,9,21,125,41,6,25,5,0,15,46,5,24,5,147,53,19,12,36,46,2,101,26,155,20,40,23,6,14,142,52,96,100,3,1,1,9,4,8,17,2,1,21,54,67,13,1,18,60,4,12
cell_71,0,46,22,8,17,47,3,41,19,1,57,1,9,2,0,17,33,13,19,3,6,102,5,28,66,0,42,64,22,44,3,114,6,1,0,1,22,74,171,0,0,187,86,0,18,1,34,105,135,44,78,36,0,6,0,0,29,511,1671,181,3,37,6,13,51,23,11,36,13,4,4,0,15,9,61,13,12,77,25,3,6,0,38,3,173,0,152,18,4,0,0,16,22,21,4,39,18,88,11,6,11,13,73,0,3,6,204,43,8,7,20,115,53,8,41,104,15,47,0,8,10,8,10,11,60,8,19,53,32,9,5,3,142,30,14,130,55,9,0,6,159,91,13,8,25,343,2,5,15,0,0,1,105,0,64,19,9,7,18,14,21,31,4,2,10,96,1,7,16,233,12,39,811,1,132,118,2,455,17,100,0,7,0,6,4,21,61,1,17,28,5,8,8,0,23,158,141,31,11,123,0,26,10,4,67,61,59,6,57,60,41,49,47,0,58,165,19,54,0,40,4,10,1,96,63,26,0,32,9,78,24,35,38,39,3303,27,16,8,0,1183,166,71,0,1,51,33,60,33,2,14,62,76,1,0,170,26,17,2,112,2,86,2,16,0,7,52,26,0,24,51,181,3,157,0,80,39,0,94,26,1,11,0,3076,338,10,12,147,35,0,159,17,2,29,0,5,24,52,54,65,14,53,43,21,69,16,2,0,141,56,52,31,58,0,154,142,22,125,4,211,29,77,6,61,98,3,97,1,6,4,157,13,23,13,115,24,37,12,23,7,0,958,61,87,65,0,0,61,61,0,9,0,20,39,13,25,86,1,84,17,59,187,17,1,192,10,194,12,23,1,53,0,13,7,22,196,0,3,3,216,1,20,27,13,46,26,66,2,20,25,0,0,17,24,0,8109,8,47,20,15,61,197,5,17,20,10,16,30,2,10,11,0,4,0,110,0,18,30,0,87,19,31,0,35,6,5,10,33,12,922,6,75,0,12,176,0,0,3203,32,8,1,11,28,17,34,24,12,6,59,83,0,4,0,96,22,1,14,32,13,206,28,2,171,3,136,18,5,45,13,114,0,154,13,81,1,2,0,8,4,153,36,0,166,7,0,0,28,2,3,3,7,0,0,31,33,2,16,9,113,3,0
cell_72,0,38,34,20,21,1,10,18,3,53,38,19,12,8,4,22,35,15,7,2,20,74,7,2,31,73,60,45,45,14,7,44,8,2,10,0,21,15,172,5,10,156,0,0,9,14,48,96,59,88,80,14,2,4,2,40,0,769,1659,62,3,71,25,2,54,14,39,21,39,0,4,6,31,24,41,51,13,174,89,3,12,6,20,14,205,0,9,30,2,1,1,12,128,67,7,29,1,83,17,36,4,5,16,3,6,73,195,33,1,54,6,14,41,0,70,22,8,46,0,2,0,65,22,16,183,13,25,0,25,28,27,15,164,24,24,125,49,102,0,8,217,76,16,1,0,118,4,44,20,0,4,6,14,76,0,39,6,5,0,22,14,60,10,32,1,48,6,62,16,217,10,20,707,3,51,11,16,407,9,119,9,2,1,23,52,4,46,24,0,39,24,13,33,1,23,150,167,70,7,32,2,20,0,15,72,97,20,24,10,62,53,18,51,51,20,74,0,36,6,19,7,5,6,147,68,11,10,61,7,33,3,2,92,37,3223,11,7,2,0,1146,195,64,0,0,71,278,22,43,0,0,72,121,0,0,164,33,192,1,93,11,64,17,8,0,145,164,23,5,30,132,273,1,31,41,82,40,73,14,17,4,18,0,2995,356,4,36,376,46,110,67,49,0,22,21,46,19,59,32,40,6,11,34,23,32,0,0,11,82,60,16,164,23,0,34,187,30,102,24,167,46,39,6,107,105,7,45,1,2,0,279,8,38,8,117,40,22,10,20,15,3,833,67,149,92,7,0,71,64,9,4,1,4,93,12,54,36,10,74,21,46,150,7,29,188,6,177,1,72,10,36,22,31,7,30,157,1,0,6,174,11,0,39,0,85,24,1,0,1,21,9,0,4,35,2,8073,3,65,6,24,64,258,5,9,0,22,1,20,14,7,0,21,34,0,3,0,29,10,1,23,15,15,2,28,17,7,22,9,3,517,17,103,12,40,199,7,0,3144,21,16,34,14,42,21,3,9,18,28,0,81,0,18,26,15,1,10,15,1,3,24,50,1,94,9,303,22,5,5,18,1,0,138,5,147,54,11,81,17,10,129,35,7,122,11,0,1,36,11,1,28,28,0,5,23,40,28,21,49,40,1,0
cell_73,4,7,1,8,48,80,6,10,8,11,7,7,42,32,0,5,24,25,1,0,64,40,11,10,1,3,8,10,7,9,6,52,5,20,6,0,14,143,61,1,12,70,178,1,3,2,95,37,112,144,94,0,0,13,1,0,17,288,4540,190,2,60,31,39,62,21,29,14,51,16,29,2,6,17,27,76,16,102,31,6,5,0,56,9,85,1,115,65,4,1,0,24,101,117,1,8,30,60,51,32,0,8,50,4,13,43,211,31,8,74,1,30,55,19,70,36,27,2,8,1,5,10,21,19,38,8,4,0,34,18,12,3,27,56,1,186,35,8,11,6,102,30,0,3,41,151,2,19,18,0,1,0,107,29,50,5,7,3,45,79,33,12,1,41,0,64,5,17,26,91,13,44,643,3,73,46,58,520,0,105,0,5,0,0,12,13,60,141,3,61,19,7,28,0,63,119,57,176,14,50,21,27,0,2,59,14,48,11,88,40,14,39,41,33,9,84,6,6,2,15,5,8,9,72,56,28,18,52,1,5,12,9,18,24,2580,78,11,8,0,1392,69,40,0,1,5,44,0,20,12,0,71,39,5,0,73,0,24,0,27,2,83,8,16,0,0,52,63,4,85,113,207,0,60,0,52,23,43,11,4,34,21,19,2272,167,4,10,96,8,0,153,11,27,37,0,26,30,81,5,48,4,21,40,26,22,11,0,4,127,27,23,85,68,0,95,90,57,43,9,30,21,70,1,40,129,15,15,5,15,9,141,17,55,18,57,55,18,0,9,1,16,1664,93,50,34,21,4,86,61,20,3,0,9,70,42,39,85,23,69,4,57,80,11,16,68,4,121,0,41,28,360,7,75,22,41,147,16,0,18,25,17,4,16,46,38,34,0,2,1,14,5,0,2,27,0,10456,7,49,5,27,48,189,15,38,11,30,6,18,111,42,64,22,7,0,18,0,8,1,130,113,14,4,4,19,9,0,1,38,0,284,11,50,15,44,126,7,2,5825,54,9,0,15,15,32,2,0,5,10,1,134,6,34,81,136,7,3,24,9,1,0,38,4,97,0,224,39,8,18,42,33,4,123,34,115,12,60,28,2,27,134,48,95,53,7,0,0,37,9,0,13,9,0,12,87,12,39,0,15,21,0,20
cell_74,142,18,1,10,75,24,21,74,30,3,52,12,55,19,0,20,45,8,14,29,61,56,29,10,47,1,13,44,16,7,10,24,51,0,0,0,9,4,88,2,36,65,105,0,6,3,25,81,48,83,91,5,0,7,16,3,0,165,2740,25,0,46,44,4,82,27,5,2,27,38,17,0,0,10,6,43,52,66,37,13,17,1,66,3,44,0,24,40,8,0,1,16,19,187,6,0,5,75,12,2,6,2,9,41,26,35,251,40,21,42,19,11,53,32,31,1,64,44,0,17,0,18,3,31,22,30,21,0,10,13,0,27,13,109,3,20,31,5,25,20,83,36,6,13,11,112,51,119,16,0,0,10,167,9,0,14,18,10,39,57,7,38,6,91,3,38,10,68,26,56,9,44,1392,5,23,13,1,97,8,78,1,11,0,16,11,16,52,98,2,13,10,9,75,9,38,189,33,28,42,35,2,29,10,5,79,14,61,45,9,22,7,34,70,0,5,33,2,12,8,54,10,13,2,23,48,13,8,27,44,82,13,17,71,35,1637,2,14,8,0,1567,73,23,0,0,43,13,4,56,12,0,90,46,0,4,48,3,1,0,68,2,0,14,27,0,95,68,118,1,122,85,108,0,154,62,45,43,0,3,6,6,57,0,1496,41,6,44,1,10,0,80,25,3,79,0,0,5,57,4,61,6,8,85,56,39,1,8,48,27,19,36,54,4,0,18,28,104,57,0,48,58,25,13,43,54,1,16,4,40,22,52,43,56,69,55,30,13,24,42,75,20,2938,99,75,62,0,0,89,42,41,8,0,9,90,24,76,99,15,62,5,59,52,56,3,23,43,85,0,21,25,0,10,101,7,54,90,2,17,23,31,24,0,8,0,49,38,57,2,6,20,8,40,3,19,8,5668,23,86,53,33,57,80,45,32,9,31,15,22,23,0,0,0,8,0,13,0,5,11,2,97,39,14,2,27,5,9,10,39,20,91,2,54,18,64,103,0,0,3801,26,3,5,78,12,105,44,77,9,8,9,77,5,34,78,42,0,22,30,6,0,12,46,2,42,0,81,68,11,86,23,5,1,57,32,88,1,3,1,5,34,131,65,0,64,3,2,5,77,21,4,1,25,0,41,130,80,6,2,14,73,0,16
cell_75,2,16,5,4,97,14,2,44,10,8,77,22,17,13,0,49,21,50,0,2,37,33,33,2,51,27,68,41,12,4,0,50,34,9,0,0,81,24,113,7,0,83,95,1,11,52,75,48,104,66,70,1,0,5,0,20,0,213,2862,142,0,48,4,1,143,6,20,11,47,8,21,6,19,48,34,65,25,99,46,2,14,0,88,9,155,0,36,110,6,4,4,57,83,164,5,26,4,81,16,5,4,3,28,7,15,58,131,30,8,64,41,71,41,1,53,10,24,24,0,11,0,93,6,38,61,11,38,0,18,10,48,6,68,78,11,161,65,5,2,12,135,73,22,5,2,211,1,27,105,1,7,24,69,21,37,19,8,10,13,64,17,56,1,40,0,3,3,24,12,80,9,50,718,1,89,23,1,541,1,57,10,6,0,32,32,5,35,101,0,40,10,101,16,6,17,103,61,44,39,73,0,16,3,24,67,24,20,35,13,61,28,38,43,29,21,71,3,32,0,38,12,9,8,109,64,45,9,11,17,75,31,33,173,39,2612,3,41,11,0,1329,77,59,0,0,74,59,34,24,0,1,138,74,1,20,152,68,70,1,58,12,6,20,15,0,57,78,21,0,50,206,162,1,39,51,44,42,70,0,34,13,28,0,2841,245,4,16,51,8,0,76,41,3,27,0,45,25,33,96,38,20,62,66,85,6,0,0,9,32,45,9,35,39,0,12,98,53,52,44,93,17,26,2,32,211,3,82,0,10,6,242,27,4,6,71,21,9,5,61,6,1,2368,79,46,79,40,0,69,84,14,0,2,8,58,12,21,86,40,52,29,36,164,19,11,162,45,65,0,17,4,9,1,67,3,52,170,0,8,9,91,3,8,11,0,93,15,223,0,3,29,0,0,18,69,0,9139,4,57,33,29,78,187,45,13,0,23,6,9,55,1,0,34,54,2,8,0,32,11,0,30,9,13,0,28,38,4,8,16,0,237,16,89,2,61,95,8,0,6913,33,28,12,0,7,45,26,14,25,4,0,107,4,20,6,89,11,5,18,11,2,33,21,0,101,12,86,31,0,7,15,0,2,76,36,33,3,6,0,25,17,144,56,0,48,11,0,1,40,15,4,24,4,0,0,77,57,4,7,22,38,0,2
cell_76,0,16,51,1,70,9,2,83,39,253,30,0,36,82,0,37,17,35,1,1,97,58,25,2,12,1,44,17,2,5,1,157,15,1,0,10,114,669,88,5,2,68,0,0,0,0,44,50,131,121,60,0,1,18,0,5,10,221,3340,123,15,0,7,16,67,50,26,22,22,1,32,10,1,135,37,80,14,137,52,1,3,0,90,6,385,0,93,53,2,0,0,22,181,263,1,42,32,26,8,31,3,14,39,1,2,63,257,34,1,30,37,30,43,2,79,23,40,2,1,29,5,76,31,33,83,17,7,0,57,19,8,14,122,27,10,314,77,42,2,95,229,12,2,1,18,96,5,54,7,0,0,0,131,0,32,23,1,9,9,82,24,93,0,22,0,74,5,3,40,99,50,21,921,2,126,21,25,635,16,34,2,5,0,15,80,1,33,140,0,69,14,39,37,4,40,101,15,560,5,63,0,18,0,34,54,16,49,40,56,67,7,24,39,1,12,99,4,30,44,7,1,7,8,46,61,143,4,18,7,19,184,0,71,42,2987,59,7,0,3,1285,61,14,0,0,45,10,66,31,2,0,1524,23,11,12,253,34,106,0,182,2,35,22,5,0,48,30,49,15,46,143,325,0,103,91,46,25,20,146,12,0,42,4,4323,424,3,32,5,13,0,54,12,5,21,0,3,45,9,62,45,2,13,28,22,110,3,0,9,41,30,35,218,3,1,80,79,49,40,31,95,18,4,5,84,519,87,8,1,26,0,389,17,36,7,103,46,43,0,0,6,34,1145,73,34,46,0,0,52,97,20,24,3,20,40,15,93,30,43,38,30,92,234,1,22,307,0,75,0,22,31,29,1,56,10,38,138,109,17,1,36,10,10,38,37,57,47,53,0,0,12,2,4,22,67,17,12364,7,67,30,17,50,244,70,24,0,83,18,25,70,1,2,45,48,43,0,0,5,5,0,292,9,6,2,26,0,2,15,1,4,404,5,84,8,65,116,14,0,13155,54,2,5,52,40,14,0,0,22,2,0,122,13,40,133,122,52,3,10,3,2,17,55,6,97,1,217,33,20,23,32,2,0,110,10,43,17,44,0,8,13,141,27,0,109,7,0,3,17,1,0,14,5,0,2,115,10,69,4,51,43,0,1
cell_77,3,4,3,8,90,1,17,62,17,10,8,8,28,73,0,10,6,5,0,0,75,14,22,3,4,0,14,0,6,0,7,160,20,1,0,3,41,321,78,0,4,118,158,0,5,0,60,47,157,98,65,0,0,30,3,2,0,265,3362,262,3,43,8,50,7,4,38,18,55,24,22,12,13,48,52,94,5,0,3,11,2,0,97,0,362,0,294,51,2,0,5,9,178,124,24,27,11,133,20,35,0,12,11,2,5,26,245,29,2,27,91,22,47,11,62,1,34,2,0,58,0,6,19,20,33,0,25,0,12,21,21,3,125,47,3,123,61,4,1,0,212,61,3,0,29,330,33,34,56,0,1,3,123,5,2,14,26,1,26,102,6,3,2,45,13,3,3,1,4,69,14,29,916,2,11,7,12,920,1,41,2,6,0,2,7,8,25,108,18,56,27,11,26,3,30,81,57,554,12,111,0,10,3,1,60,15,107,13,30,6,3,30,29,4,2,14,11,34,6,5,2,7,1,59,67,0,2,15,0,0,40,0,15,41,3148,13,11,9,0,1307,50,23,2,0,30,71,0,27,16,0,1084,28,0,1,228,57,61,0,63,0,37,59,13,0,21,8,87,19,48,272,355,2,319,0,46,27,0,0,40,7,16,1,4460,426,1,11,180,4,0,52,3,14,21,0,55,28,12,133,39,0,10,32,76,95,2,5,3,82,50,45,190,59,0,89,60,32,48,34,5,16,21,5,26,301,4,52,16,6,0,315,1,9,1,116,65,4,1,16,7,24,1217,67,22,25,0,24,51,87,125,4,0,14,63,43,29,0,4,20,53,90,147,20,9,295,2,64,0,24,0,0,74,15,4,111,146,94,3,5,13,7,142,13,18,22,22,0,0,3,62,0,0,6,49,0,11805,5,80,9,17,27,226,80,27,13,93,25,12,56,8,82,22,8,1,35,0,2,0,297,290,25,9,1,35,0,8,19,10,16,438,4,87,8,35,31,0,0,13809,34,38,3,104,17,18,1,7,27,28,2,169,0,24,186,122,47,5,16,0,0,8,9,6,140,9,6,37,12,3,7,26,1,127,31,213,35,16,9,10,48,120,24,0,121,12,4,0,12,2,0,0,14,10,17,140,3,3,3,41,28,0,1
cell_78,162,13,1,0,79,50,1,60,11,69,84,28,72,20,0,36,3,46,3,0,77,93,23,20,14,5,177,1,4,0,10,15,24,5,0,0,23,476,105,7,49,62,117,3,13,50,58,106,233,135,31,10,60,5,0,11,0,168,3560,167,14,57,0,20,33,18,27,12,77,16,2,0,25,75,26,37,7,366,26,10,4,0,63,7,537,0,246,37,4,0,2,60,315,515,6,4,36,64,9,4,6,7,1,8,27,17,152,139,13,40,24,66,59,2,38,27,23,18,0,122,4,16,2,28,109,31,1,0,70,3,37,18,3,36,5,102,124,15,0,86,299,11,22,4,10,240,5,30,2,0,0,0,62,23,12,6,43,40,41,156,2,53,33,17,0,18,0,1,2,372,10,29,902,112,89,5,55,410,6,28,3,40,52,39,6,9,19,170,3,47,12,49,18,5,80,141,69,460,13,67,4,23,0,0,102,86,29,24,30,71,6,37,2,2,7,86,8,17,15,10,4,7,6,113,26,62,0,14,18,5,28,14,33,106,2397,17,12,6,0,1090,21,36,1,0,65,1,1,20,9,0,2228,168,2,0,617,19,44,0,33,42,45,22,14,0,1,21,9,0,20,302,99,1,312,3,23,46,34,0,15,2,35,26,7419,422,2,32,3,57,0,50,3,25,29,0,35,29,98,252,30,5,12,20,7,21,0,0,3,92,16,9,65,5,0,16,91,1,45,21,185,26,172,0,16,858,21,40,1,5,1,924,2,1,12,230,72,12,1,7,5,4,1007,46,24,22,0,0,10,51,0,7,0,7,41,6,35,32,30,14,15,25,135,41,26,655,74,198,0,5,11,48,3,30,0,178,82,74,1,14,33,23,5,39,7,27,46,6,14,7,28,0,0,7,70,5,19361,3,73,31,20,39,301,309,13,5,45,11,4,118,4,17,0,39,11,14,0,3,2,21,289,12,4,2,24,18,2,28,0,3,196,1,92,10,85,188,18,6,8242,21,20,1,36,11,18,5,12,69,51,22,20,20,32,320,73,41,40,22,0,15,33,24,9,93,10,188,24,7,3,11,14,0,139,55,261,3,5,24,3,73,76,33,23,35,20,2,0,11,19,4,15,8,0,4,18,1,24,4,3,68,0,0
cell_79,11,6,0,2,80,29,5,16,13,118,118,2,103,52,0,91,12,150,0,0,111,79,20,0,3,5,76,5,3,3,0,3,44,6,0,2,29,1563,121,10,134,25,66,5,15,47,181,87,53,138,46,30,0,10,8,42,6,178,3551,156,20,95,10,14,32,9,36,30,84,6,6,0,7,256,39,68,11,459,22,0,2,0,107,19,560,3,162,60,0,18,3,46,320,724,12,5,84,113,15,57,4,1,12,6,15,45,152,135,8,29,12,50,64,2,47,12,54,8,0,41,0,74,2,13,160,12,2,0,64,3,0,13,90,45,0,91,124,15,4,134,206,78,4,11,0,196,19,63,40,0,0,0,81,12,22,17,36,93,1,139,2,192,5,18,0,13,5,4,1,313,17,22,814,11,21,1,61,380,18,28,1,10,0,15,4,7,13,153,5,24,14,107,34,0,76,117,34,278,8,67,14,17,0,65,95,283,124,44,33,49,10,56,37,2,7,57,13,29,6,58,13,13,5,97,21,39,32,2,16,44,71,17,18,51,2767,52,14,6,4,1299,24,23,9,0,111,68,0,24,30,6,2311,98,1,0,643,20,6,16,50,25,41,13,29,0,25,7,131,0,13,585,143,3,275,63,35,37,43,0,23,19,8,1,7875,438,7,23,101,6,2,65,0,16,21,0,124,37,83,375,34,6,13,15,0,1,1,0,0,0,28,32,32,13,0,6,108,32,32,21,150,18,97,4,14,1079,24,8,9,5,5,939,14,0,22,246,53,20,0,13,2,78,1245,38,26,8,25,0,46,40,0,10,0,18,7,2,62,13,5,20,0,38,88,28,60,682,15,204,0,7,38,0,4,10,2,227,112,56,1,19,7,21,0,23,53,18,67,59,0,87,60,6,0,13,124,0,19650,3,63,45,14,41,302,373,25,2,78,3,1,76,0,23,49,5,0,8,0,6,15,242,324,16,19,1,14,4,4,29,2,2,87,0,60,10,92,200,23,12,7137,66,80,1,36,36,16,0,7,53,21,0,105,3,45,249,76,63,89,17,12,8,25,7,45,38,2,116,24,0,15,2,76,2,112,16,201,20,13,0,2,56,84,24,5,11,13,1,2,15,32,9,13,1,0,9,18,0,46,16,18,37,0,0
cell_80,6,11,80,6,87,2,25,37,16,186,25,20,47,17,0,53,19,92,0,0,195,89,15,0,2,0,131,45,9,9,9,37,26,1,0,10,1,1410,144,9,2,34,0,9,26,55,157,124,242,158,50,7,349,20,0,2,0,28,3661,206,9,108,23,6,109,8,7,10,86,8,8,5,1,159,32,54,25,2,40,4,7,0,118,8,565,0,241,35,6,1,0,0,197,283,9,5,32,125,22,19,6,6,21,0,20,122,84,75,8,62,20,81,57,3,59,2,16,15,0,77,3,4,2,21,210,47,4,0,14,35,54,47,9,47,4,360,125,2,0,0,214,10,8,0,25,294,14,25,12,5,3,0,148,26,59,0,36,60,28,113,0,7,6,18,0,9,5,6,20,328,19,26,702,18,95,17,29,244,0,28,0,3,0,25,36,13,43,61,3,70,18,7,30,14,26,63,91,325,11,108,0,10,22,1,68,12,72,62,28,14,7,46,21,10,3,41,2,39,14,29,7,11,5,55,21,6,6,7,19,0,67,37,139,122,2662,36,29,3,0,1202,26,16,0,0,23,7,8,34,16,6,2072,52,2,11,401,2,12,1,75,19,78,42,22,0,14,7,11,10,36,299,162,0,184,0,31,41,0,47,44,3,19,34,7464,344,18,5,7,9,0,47,0,9,23,68,13,17,130,34,34,2,20,41,22,17,0,19,0,107,14,2,136,16,0,23,97,18,25,31,25,19,120,2,49,1058,50,38,3,104,6,739,4,16,5,129,86,11,5,78,1,61,1052,52,31,1,2,0,45,110,146,0,0,40,30,15,0,14,4,13,41,28,160,4,1,197,18,161,0,11,1,49,11,22,1,79,33,25,0,1,10,12,31,38,30,30,37,17,0,2,40,6,0,10,64,1,20276,15,51,3,16,53,269,222,14,3,90,3,0,120,46,1,20,25,2,19,78,7,3,0,208,9,31,2,14,15,0,23,5,11,61,15,55,1,113,200,23,30,7119,51,95,1,44,20,27,13,1,44,18,0,60,5,51,195,0,61,117,9,3,5,8,1,1,114,10,41,27,2,15,29,19,0,50,29,61,50,55,105,0,46,85,37,145,38,29,0,6,16,41,13,14,31,18,4,63,0,159,0,15,39,0,0
cell_81,0,48,3,2,33,55,1,44,3,23,18,3,35,14,0,24,29,6,0,79,9,104,2,8,6,10,0,152,14,11,1,38,61,49,11,30,83,30,240,0,6,221,35,3,10,33,64,163,62,21,75,90,4,1,19,1,9,6899,870,21,8,76,1,11,51,16,4,19,25,7,6,1,11,48,21,38,3,390,16,27,4,0,15,8,189,0,17,22,2,23,0,12,26,73,0,15,32,6,25,2,1,23,77,10,1,85,163,133,31,23,1,123,44,11,38,22,2,12,0,3,2,41,4,17,229,21,18,0,9,9,6,4,63,7,19,128,115,206,1,19,232,36,10,151,3,183,7,62,18,0,0,0,165,15,138,17,18,35,19,15,24,131,13,8,0,94,34,101,11,983,12,13,623,8,121,116,31,229,23,198,0,3,0,5,20,40,22,3,33,35,11,5,20,133,15,540,338,167,32,27,6,7,41,8,53,59,4,17,8,27,42,14,20,13,9,196,1,19,1,10,2,5,2,298,47,3,1,21,14,19,51,7,6,53,3685,25,24,11,0,910,138,265,18,4,12,0,0,30,2,10,24,183,6,0,26,24,1,0,16,33,178,7,2,3,100,132,0,4,62,20,294,15,32,35,75,49,116,0,65,19,6,35,3069,208,1,9,5,30,0,83,8,30,22,0,17,32,41,4,30,24,6,74,17,5,1,3,0,2,38,65,57,29,0,124,345,22,146,93,120,24,141,8,55,22,2,23,13,3,26,136,6,0,8,146,10,38,6,11,2,9,1481,47,248,85,76,2,175,94,7,24,0,32,139,14,82,4,41,95,16,37,72,5,0,312,0,212,0,214,9,0,1,23,0,8,340,0,70,9,390,10,28,35,5,8,21,136,0,14,26,13,0,3,8,0,4266,12,217,12,16,88,149,4,13,50,17,12,64,61,2,2,1,10,45,4,1,34,22,7,73,5,26,0,14,19,5,23,28,19,727,3,100,8,34,239,5,0,3372,10,8,19,13,17,44,3,7,13,21,15,118,3,3,40,108,166,8,19,0,27,296,23,45,140,3,175,207,15,10,26,194,0,61,9,154,11,21,8,33,12,178,107,42,234,18,5,0,94,3,3,1,0,6,15,45,0,12,6,18,32,6,17
cell_82,3,9,13,7,35,199,5,28,7,0,33,0,21,7,0,42,24,7,5,70,21,105,3,5,69,74,2,54,21,61,13,30,18,7,11,8,23,23,296,1,29,330,0,5,3,6,53,169,178,22,78,182,0,1,31,1,55,6268,914,27,5,48,11,1,13,2,10,30,28,17,2,1,50,65,11,18,19,231,20,2,1,0,18,9,176,0,59,20,5,0,0,3,86,69,2,5,14,50,26,14,1,14,117,0,2,88,258,130,32,105,3,197,44,1,33,19,16,4,2,3,7,24,3,14,133,21,6,0,59,21,1,9,25,33,71,107,119,71,5,23,335,35,6,137,3,372,10,30,35,0,2,0,141,0,0,30,29,14,32,26,6,131,0,6,0,411,12,48,14,996,14,4,553,0,136,268,29,1949,223,205,12,14,234,22,15,2,53,15,0,22,14,8,25,28,14,143,250,16,37,67,25,23,3,0,54,260,0,17,23,65,107,16,46,5,68,163,4,42,4,33,6,4,1,467,48,17,13,45,6,38,140,4,43,47,3640,19,3,10,0,838,136,258,0,7,27,408,20,41,0,5,38,225,0,27,36,2,18,0,84,1,209,2,15,5,277,35,8,0,35,47,233,6,55,0,87,32,16,0,16,29,7,39,3063,251,4,9,260,9,68,83,3,6,17,98,6,35,49,7,53,8,11,73,3,40,0,8,31,4,72,25,310,12,0,192,392,11,142,1,312,24,134,3,12,30,7,99,0,9,7,123,14,22,16,152,55,30,1,17,3,18,1212,46,196,82,74,0,154,67,5,5,0,18,132,4,96,46,160,123,16,8,206,24,0,987,59,210,0,190,12,40,1,42,6,29,458,0,1,5,398,7,35,64,1,8,27,43,0,7,31,5,1,69,23,0,4206,8,195,14,23,96,170,19,4,0,13,3,13,36,1,1,0,21,0,0,0,8,3,0,88,7,94,1,48,1,2,0,38,22,344,11,111,8,48,247,0,0,3311,16,5,15,1,5,26,24,15,20,6,2,139,3,84,45,10,27,12,10,1,4,282,47,19,141,0,59,223,4,20,22,86,2,79,7,103,52,6,158,35,18,157,105,7,176,3,0,0,112,24,0,5,18,0,1,80,2,24,0,30,39,1,9
cell_83,343,23,12,4,29,308,3,32,3,11,11,12,41,18,0,5,18,9,0,0,21,68,5,0,17,3,96,126,20,30,6,8,0,8,0,0,18,14,295,2,0,309,14,0,15,1,36,173,157,21,70,2,1,1,9,2,7,5644,890,46,12,36,8,2,3,33,21,22,7,8,19,4,27,21,39,30,8,328,26,10,3,0,11,0,158,0,49,33,1,0,0,5,74,75,7,3,2,70,138,5,2,22,16,2,3,83,281,124,14,82,1,139,40,30,38,52,21,9,0,0,0,61,11,20,163,66,10,0,32,11,2,3,30,30,42,13,163,90,10,58,232,12,8,0,5,397,4,96,23,0,0,0,130,59,0,16,19,5,36,16,13,137,31,12,0,147,6,75,4,1150,13,7,536,12,16,77,25,1135,211,161,0,11,7,20,12,2,46,41,13,76,24,5,31,8,39,807,379,291,3,38,6,17,12,63,57,169,12,4,7,97,19,27,27,4,14,227,3,1,14,12,0,19,0,517,41,0,13,226,5,85,118,1,26,76,3237,67,39,7,0,835,167,153,4,8,1,347,0,22,8,18,28,323,0,2,37,24,199,0,71,1,95,4,27,0,0,101,48,31,67,47,311,0,23,0,99,37,143,67,96,81,33,26,2807,220,3,7,252,19,0,173,2,16,16,0,9,27,45,2,84,15,1,58,5,2,0,1,15,3,59,17,256,2,1,114,348,59,199,13,148,28,23,0,35,29,1,128,8,8,8,135,12,98,7,141,68,14,0,1,0,18,1285,50,252,39,83,0,120,70,0,4,3,27,143,56,145,87,296,68,33,32,180,13,0,1170,74,216,0,60,15,61,5,28,0,34,50,0,7,8,102,20,37,198,1,12,21,19,0,6,22,6,2,7,42,54,4042,51,208,12,27,101,177,11,15,2,11,4,27,3,0,3,10,3,51,0,0,42,40,0,100,7,26,0,37,5,4,2,14,0,530,0,81,25,46,261,1,0,3727,8,1,6,31,29,26,2,6,5,27,0,92,26,34,46,118,142,8,6,7,13,73,32,15,147,4,161,198,13,22,30,142,0,75,26,124,38,29,7,15,14,127,92,80,142,5,1,0,143,48,0,2,1,5,0,60,43,23,3,0,72,0,167
cell_84,113,16,25,7,33,14,13,47,8,0,26,7,32,13,0,3,25,19,0,21,13,125,1,8,5,1,0,1,11,5,6,43,33,56,0,2,68,17,255,2,0,290,7,0,10,2,77,199,177,24,77,44,30,4,0,4,0,6186,842,28,5,98,15,1,50,4,30,39,20,20,5,11,14,33,37,52,13,0,22,18,8,0,24,2,166,1,27,35,7,0,0,5,97,37,0,1,0,49,170,8,2,19,43,5,1,89,229,100,20,94,3,171,50,2,62,3,14,25,2,0,0,107,14,12,228,11,14,0,33,19,12,19,23,35,109,104,114,21,6,2,311,18,2,0,3,461,0,42,56,0,0,0,146,28,0,4,26,6,16,27,5,58,15,18,0,98,51,43,2,839,21,20,514,9,89,21,31,1371,636,182,0,6,16,18,16,8,52,15,6,19,23,4,7,12,43,713,365,174,82,68,2,12,0,0,39,266,9,13,0,66,8,47,36,18,69,129,6,40,7,15,11,5,10,537,44,1,0,95,25,1,54,1,41,55,3896,61,20,1,0,911,128,286,1,0,44,289,0,31,4,0,25,263,0,0,28,0,215,0,56,17,186,1,29,0,199,8,32,3,61,72,329,1,48,25,105,40,39,0,53,26,18,27,3157,225,1,9,118,8,6,180,9,5,11,0,6,17,16,2,77,15,13,73,21,10,0,27,3,6,83,39,171,7,0,165,369,65,180,0,136,20,36,2,39,30,5,67,4,3,0,110,24,119,14,122,71,6,5,48,0,7,1330,49,239,83,69,0,224,70,8,0,0,31,125,47,103,3,30,105,59,15,220,13,0,1052,50,229,0,165,7,33,16,28,5,32,348,124,1,8,349,17,25,137,10,6,30,8,0,8,51,1,0,16,8,34,4009,33,193,16,18,98,174,15,12,8,18,19,6,77,5,0,3,35,74,0,0,17,8,0,68,16,34,0,5,10,3,11,38,0,713,3,83,2,40,271,0,0,2972,16,1,11,14,1,33,2,14,30,33,32,122,12,55,45,51,42,5,11,0,33,186,5,1,156,3,46,240,6,10,37,92,0,50,14,105,6,5,0,1,17,163,109,9,164,13,2,1,70,15,2,6,3,0,1,15,23,0,0,17,52,0,19
cell_85,0,68,11,12,30,32,9,20,4,1,24,4,8,9,0,228,40,4,1,68,26,110,7,3,20,116,17,84,14,14,4,28,79,10,0,14,34,50,306,0,1,307,3,0,0,12,73,173,133,13,58,29,0,10,7,5,26,7164,909,35,18,41,6,4,7,136,31,28,21,4,11,7,5,54,12,40,11,0,19,2,6,0,18,4,166,0,3,23,0,7,0,0,13,52,0,7,10,14,17,23,2,18,146,2,2,45,194,152,5,31,10,287,48,60,45,4,27,21,0,1,35,41,9,13,222,27,10,0,53,5,1,70,59,34,90,100,126,21,1,22,302,33,16,5,5,455,5,99,46,0,0,0,114,11,11,17,8,7,15,23,30,146,3,9,8,102,59,31,6,948,5,15,628,6,133,7,10,1512,1,203,0,13,0,5,6,6,20,27,0,46,5,7,5,16,36,684,111,22,9,21,14,13,0,54,46,156,2,19,36,84,43,29,49,4,20,196,56,113,2,9,5,18,2,465,38,18,2,26,22,0,187,25,53,52,3267,16,5,2,0,775,173,190,4,0,43,0,54,26,1,0,48,295,1,0,33,44,210,2,166,15,98,13,11,0,25,125,1,11,43,18,264,4,43,45,106,33,28,0,12,4,28,67,3063,245,4,10,241,7,0,135,8,1,29,47,65,29,13,5,72,1,4,56,2,52,0,2,0,0,62,100,250,8,0,111,328,27,212,0,368,27,6,15,53,55,11,71,4,0,11,126,6,12,5,144,33,37,13,14,4,8,1406,68,292,76,0,0,128,86,17,5,0,21,120,5,54,61,0,73,43,18,167,8,0,1524,8,224,0,126,19,0,1,19,8,35,433,142,19,5,152,6,84,53,8,4,18,87,0,0,20,6,0,21,12,2,3720,4,226,15,20,66,195,30,7,1,11,5,23,15,0,0,42,11,0,6,13,11,12,0,112,15,43,2,25,0,9,12,26,14,586,0,111,16,36,145,1,0,3733,7,13,0,19,10,13,34,8,6,6,22,118,1,18,12,96,61,4,14,0,45,235,17,11,131,0,90,240,7,23,25,0,5,70,12,56,30,6,0,28,32,110,114,17,184,4,3,2,89,81,0,18,0,1,4,36,40,0,4,11,91,0,4
cell_86,0,65,21,5,38,39,1,45,2,3,36,0,16,13,0,22,12,22,0,1,38,85,10,0,25,6,103,20,58,1,39,27,5,60,0,3,77,44,460,10,0,275,60,1,0,20,46,158,150,176,68,0,0,23,5,4,30,1765,1955,291,1,66,19,12,1,0,11,37,19,11,3,3,11,195,21,32,25,290,43,0,8,0,32,4,253,1,17,23,0,0,0,6,195,13,2,10,6,135,11,10,0,5,12,6,4,64,137,73,0,70,8,29,64,12,53,25,63,20,0,2,2,18,83,24,109,1,18,0,26,17,5,0,55,24,29,0,153,217,2,0,233,44,14,0,18,402,16,41,29,0,0,0,96,7,0,41,12,3,37,13,7,40,5,34,1,23,2,20,13,191,29,25,734,3,2,287,42,448,23,90,7,17,0,16,10,4,51,55,5,56,36,12,38,3,38,284,178,123,8,126,5,36,15,14,78,62,60,11,31,10,79,56,23,12,47,106,35,1,0,32,6,17,2,278,65,0,8,74,2,6,9,27,8,43,3454,29,3,13,0,926,239,55,3,0,9,249,0,49,19,2,40,248,3,0,189,27,7,0,153,7,49,4,21,0,27,52,67,33,67,30,200,5,32,108,76,47,50,0,4,21,17,2,3359,324,5,0,23,17,0,195,2,20,24,2,1,34,33,21,80,10,19,54,3,116,0,0,49,57,30,60,37,16,5,138,221,11,146,23,343,64,97,3,9,55,5,30,4,11,30,180,12,82,11,112,78,31,6,1,1,4,838,42,219,87,41,3,159,68,0,5,0,12,122,74,43,57,150,72,35,58,152,31,0,506,0,118,0,104,24,136,0,45,25,54,149,58,0,11,152,17,45,20,24,5,20,33,0,33,29,0,0,7,31,0,6535,20,89,27,44,76,303,18,7,62,26,2,53,8,6,0,0,7,1,17,0,0,8,3,72,15,69,0,41,0,35,1,3,23,768,18,71,4,41,192,1,0,1371,21,2,119,19,13,18,0,8,11,2,0,97,4,11,40,58,13,21,12,5,14,40,35,28,167,0,86,87,1,15,32,84,3,94,31,145,1,26,17,25,16,126,58,30,202,2,0,0,54,19,0,10,6,0,0,184,22,5,7,67,105,0,5
cell_87,1,42,2,12,30,38,5,31,8,14,34,9,28,1,1,41,22,17,2,19,25,94,19,8,12,0,0,86,10,3,2,10,47,0,0,0,38,63,294,0,0,332,30,2,5,23,60,175,129,28,66,57,0,15,0,3,12,5483,955,58,3,87,2,1,31,34,36,42,18,3,0,1,25,7,15,35,23,254,16,3,1,1,24,8,139,0,34,31,9,0,0,16,47,62,10,4,31,76,12,31,1,9,49,4,7,32,176,133,14,128,3,99,37,84,61,9,24,28,1,1,0,1,5,19,153,36,8,0,21,21,6,20,44,29,36,41,127,15,3,40,314,20,4,50,1,19,0,118,35,0,0,0,96,64,0,11,7,15,4,18,32,137,5,26,3,259,17,74,34,994,1,8,602,12,62,2,18,1306,1,165,1,5,0,20,24,9,49,16,0,36,17,2,26,93,18,606,124,241,94,62,0,18,0,21,43,197,0,15,4,123,43,28,26,12,39,148,14,19,0,38,16,13,0,476,31,12,30,269,34,1,67,10,12,66,3623,7,10,2,0,830,141,285,2,16,19,6,25,28,7,0,29,393,9,1,29,1,137,0,210,13,93,7,32,0,238,178,0,0,22,81,229,0,10,30,103,46,42,0,25,0,7,0,3011,245,4,5,187,0,0,151,25,0,11,0,20,17,25,3,67,9,8,72,0,14,0,0,9,29,92,57,71,4,0,91,349,40,188,4,257,36,69,10,98,47,13,150,1,3,0,125,14,43,2,114,75,15,2,5,14,2,1087,55,293,110,0,0,201,48,0,4,0,25,140,20,86,98,20,12,7,2,174,12,3,1435,0,195,0,139,9,186,23,13,2,30,259,0,1,16,78,4,0,19,1,14,13,3,6,6,19,0,0,12,21,0,4081,54,204,18,32,98,196,7,7,25,15,0,8,37,2,0,135,14,5,0,0,17,3,21,42,16,72,0,17,10,1,9,64,0,610,3,97,4,57,119,3,0,3370,14,3,0,86,47,21,4,3,10,22,3,86,5,106,31,162,14,6,10,4,83,69,26,0,110,1,143,246,8,7,33,0,6,81,9,79,77,1,0,38,30,126,105,0,132,3,0,0,111,83,1,28,1,0,0,33,111,16,0,90,50,0,87
cell_88,0,39,30,4,42,0,17,29,1,1,43,12,22,26,0,117,32,0,0,32,45,92,7,2,10,4,0,1,21,5,11,49,25,7,28,0,40,36,700,1,14,261,0,1,16,7,22,224,167,100,54,2,9,4,24,10,0,2274,2164,34,5,113,7,6,126,34,48,64,34,12,37,1,28,96,103,41,6,0,32,1,3,0,32,0,212,1,12,17,2,0,0,11,204,80,4,7,16,26,99,16,3,38,2,4,6,104,231,85,8,114,7,160,43,32,27,3,47,27,4,2,34,75,8,31,443,26,36,0,40,18,3,57,68,22,44,87,204,87,5,1,331,21,10,85,3,515,21,80,15,0,0,3,75,26,0,16,28,22,12,17,2,11,30,21,0,65,21,57,13,1043,27,9,678,14,136,104,2,997,321,90,15,5,71,15,80,9,16,36,1,27,47,9,30,17,43,126,323,3,3,39,9,4,17,0,66,230,12,19,46,23,40,19,35,79,62,164,12,104,93,4,1,15,5,349,59,0,15,2,11,0,29,12,51,49,3930,19,30,0,0,763,163,61,0,1,50,172,4,43,2,1,68,225,0,1,152,2,38,0,323,7,113,10,5,0,126,15,10,2,72,9,252,0,11,0,79,52,42,0,8,4,23,43,3217,510,4,13,79,46,0,154,39,12,23,45,15,19,5,0,58,8,5,39,2,53,2,1,18,0,67,3,151,1,4,141,253,55,178,14,733,43,78,12,11,147,58,18,1,5,6,71,15,23,7,154,11,86,13,15,0,11,621,38,121,53,0,0,170,64,139,3,1,23,79,16,4,15,31,82,40,57,212,4,0,2310,18,80,0,32,9,118,0,28,0,24,260,37,5,2,71,19,24,133,16,7,21,14,0,6,19,2,0,8,28,3,2545,17,145,23,29,60,224,18,6,13,22,7,10,60,13,0,3,14,9,4,0,2,19,0,120,17,7,1,41,0,11,7,27,2,626,4,85,15,0,125,0,0,1725,37,19,7,9,1,24,6,14,12,1,5,194,1,64,119,33,68,22,20,0,30,215,22,9,267,11,239,265,2,11,14,0,0,76,12,132,0,16,4,92,9,124,105,75,184,12,6,0,52,6,9,21,2,11,2,40,15,0,11,21,32,0,14
cell_89,7,17,0,0,53,2,3,26,9,1,82,80,34,4,0,53,28,23,0,5,67,23,64,0,16,12,92,66,4,2,4,23,1,18,0,0,28,134,47,5,0,96,26,2,7,8,82,37,89,112,78,6,0,3,2,4,0,320,4707,90,16,19,36,2,7,28,27,32,35,5,35,2,8,47,4,86,12,104,91,4,28,5,49,2,105,3,26,92,7,0,6,3,66,57,3,20,6,25,107,6,0,4,17,11,9,57,235,50,7,90,8,26,33,1,77,25,38,48,3,8,0,47,23,16,37,8,3,0,29,14,26,10,22,50,21,49,51,22,0,0,139,125,8,18,10,155,16,24,21,0,0,7,56,3,0,23,37,1,33,97,12,39,7,34,5,0,5,36,40,72,15,34,704,15,24,27,50,542,9,108,0,15,0,16,41,0,33,150,5,77,20,29,38,37,63,173,124,154,14,45,6,21,0,70,51,3,36,49,18,58,11,29,9,12,42,103,5,14,0,6,8,8,8,74,67,1,0,12,24,12,100,19,66,28,2399,45,18,1,0,1328,79,42,18,0,32,0,8,32,5,0,73,69,0,1,76,0,93,0,6,15,82,10,3,0,0,112,116,13,77,25,217,0,48,61,58,33,96,0,12,14,54,41,1990,190,4,6,162,56,1,153,28,3,34,12,10,7,68,52,32,15,8,60,37,46,0,13,27,0,44,36,74,7,1,81,98,10,49,4,96,33,34,4,19,154,13,86,6,4,3,127,8,56,16,64,36,9,4,7,6,5,1774,137,110,92,53,0,33,48,11,0,0,3,92,30,55,63,10,13,28,29,121,10,3,149,0,117,0,47,15,58,19,85,13,56,95,39,0,16,38,34,5,112,8,35,19,74,0,20,30,1,0,3,45,0,11032,7,60,33,29,46,226,43,8,0,47,12,24,12,4,0,22,26,0,28,0,35,6,0,28,31,17,0,28,4,7,11,19,0,264,19,110,5,34,173,5,5,6117,44,19,3,5,1,43,0,7,9,79,36,116,2,27,101,131,9,25,18,0,5,14,51,2,93,23,298,42,1,25,11,14,0,68,8,112,69,65,0,5,40,143,49,53,102,14,9,3,37,17,2,33,4,0,0,51,0,7,0,42,13,2,11
cell_90,0,13,63,1,75,1,9,80,16,0,90,0,27,19,0,73,33,15,2,1,17,53,19,0,0,4,84,3,4,0,7,79,7,5,7,0,43,511,95,1,57,87,3,0,10,19,72,40,153,111,48,0,21,1,0,1,0,168,3328,111,2,120,5,13,116,6,49,48,85,5,19,1,1,123,63,67,8,125,35,7,8,1,106,1,404,0,226,67,2,0,0,7,118,110,6,5,21,130,33,29,12,10,2,10,9,60,150,55,2,14,2,19,39,4,50,7,40,18,0,18,6,17,11,20,73,39,6,8,88,10,37,30,46,45,2,162,78,0,1,0,186,64,20,13,9,337,7,61,12,0,0,0,126,0,64,16,49,10,14,71,9,44,13,32,1,37,9,7,7,101,8,19,924,3,78,23,3,849,4,23,4,14,0,7,27,3,26,104,14,59,13,39,21,0,33,99,104,103,5,84,0,29,7,25,73,16,41,26,34,53,4,26,32,1,0,125,0,95,25,3,13,9,3,63,51,145,0,22,14,14,19,58,75,65,3384,52,24,0,1,1327,58,26,6,0,85,75,0,28,4,0,1341,37,3,0,187,29,116,0,77,11,34,13,18,0,31,25,26,0,58,1,178,1,394,0,31,37,9,0,13,0,47,4,4109,475,6,20,0,55,0,64,12,0,22,0,40,37,18,31,41,5,19,41,72,72,0,1,3,173,52,11,96,66,0,33,66,48,34,16,25,23,20,1,38,769,15,20,5,19,0,386,6,117,14,90,29,24,6,32,3,16,1303,69,38,38,0,0,54,74,17,5,0,12,34,7,78,27,44,34,36,125,152,3,0,247,0,48,2,25,20,0,0,68,0,102,137,9,14,7,33,20,151,44,41,87,21,36,4,30,27,0,0,9,28,0,12857,1,89,30,15,46,235,95,13,1,106,23,1,71,11,0,69,9,7,12,0,16,6,5,79,30,12,0,5,9,3,22,7,8,456,10,103,2,50,178,0,0,12853,43,47,7,71,28,21,7,12,64,12,20,132,1,7,252,65,28,15,9,5,12,21,0,0,136,0,88,30,22,6,25,33,1,143,33,115,8,22,0,7,33,183,24,9,146,4,2,5,12,1,4,23,0,1,7,113,1,14,3,15,30,0,0
cell_91,0,1,3,1,63,45,1,12,2,0,71,0,18,11,0,38,8,15,0,3,13,23,27,3,16,12,63,78,16,13,4,97,4,33,1,0,101,63,60,6,3,82,15,1,2,38,28,40,74,107,48,0,0,3,11,2,128,244,4685,111,30,14,17,2,132,11,9,30,57,13,22,11,4,33,65,110,0,14,108,0,9,0,41,1,128,1,29,69,0,0,13,64,98,165,2,26,6,39,42,1,7,16,80,18,8,49,107,59,5,34,13,31,42,0,15,19,44,10,3,4,0,53,24,19,34,0,11,73,23,41,57,8,83,54,38,200,42,38,2,7,93,90,15,0,0,201,2,18,26,0,0,2,64,18,121,34,2,0,14,72,6,13,11,48,3,4,9,16,16,94,16,36,656,2,94,19,37,391,6,79,6,13,1,7,33,5,23,136,44,63,16,44,46,2,58,206,96,119,38,70,5,34,0,31,86,29,44,23,30,70,31,32,66,3,38,60,4,5,2,19,21,5,0,66,72,29,5,28,0,24,79,0,47,26,2573,18,18,4,0,1366,69,70,9,0,32,31,0,41,4,18,65,51,2,6,62,22,171,0,1,9,89,2,16,0,0,197,0,51,106,80,235,15,104,45,49,34,3,151,12,10,17,1,2038,186,2,0,32,14,7,145,12,34,23,0,75,36,31,73,48,35,17,38,41,43,0,0,10,9,43,57,60,2,0,74,119,56,55,10,82,27,48,1,5,175,7,1,16,5,0,143,7,31,12,71,16,6,0,5,7,25,1802,121,86,84,51,0,70,76,2,1,1,0,73,50,8,97,8,33,2,72,75,33,35,136,12,84,0,58,39,210,14,91,15,43,163,130,0,2,68,26,33,22,31,23,35,8,0,9,19,0,2,2,22,3,11105,9,79,25,19,35,136,69,15,9,20,24,45,74,0,15,2,36,0,11,0,9,10,10,87,29,3,3,39,0,25,27,19,6,249,25,92,7,22,116,16,0,5286,57,12,14,23,35,4,2,11,34,0,0,133,3,7,71,140,20,1,23,8,0,10,2,1,47,0,321,37,19,8,13,33,1,106,10,131,36,21,0,1,12,128,56,1,36,2,3,4,13,12,3,34,0,1,15,11,116,56,0,5,47,21,27
cell_92,1,42,0,0,99,14,11,39,3,18,79,25,81,16,0,19,44,36,15,53,54,72,41,0,10,0,6,5,6,10,12,67,106,6,0,5,42,5,82,0,0,65,3,0,0,0,31,96,40,47,100,5,0,16,1,1,15,129,2953,27,22,63,18,31,2,2,25,33,35,16,6,7,8,31,5,58,40,41,30,13,6,0,91,11,56,0,8,71,7,0,15,71,37,117,0,1,7,46,9,16,0,11,16,4,11,40,232,56,6,62,19,41,51,22,44,29,22,26,2,22,5,27,46,43,55,11,21,60,14,7,48,13,34,102,15,2,44,7,10,40,50,50,9,0,12,77,20,134,19,0,0,0,107,11,0,56,29,5,60,37,9,58,2,90,0,63,5,7,8,56,21,30,1041,13,73,16,26,64,1,99,1,0,0,8,35,4,40,95,4,41,15,12,87,20,25,266,12,40,11,18,1,31,0,27,67,22,36,59,5,13,3,38,53,51,4,29,35,20,3,26,9,2,15,40,54,15,16,14,15,11,48,3,61,27,1880,7,27,23,0,1634,69,101,5,3,6,50,5,38,21,0,80,39,0,0,46,86,24,5,61,3,144,6,14,0,0,45,0,1,120,98,210,9,54,9,46,54,94,0,20,8,17,4,1529,42,27,10,44,1,0,58,11,35,68,0,0,38,47,21,56,8,12,97,60,44,0,0,30,0,10,48,74,4,0,45,107,99,51,9,60,55,0,8,1,106,9,14,6,4,27,40,8,17,8,41,24,0,5,4,31,10,3066,112,104,48,12,0,28,35,5,6,15,18,47,64,31,130,20,111,65,47,42,67,27,67,33,75,0,42,76,0,0,117,6,4,17,90,0,54,88,26,56,6,22,49,60,93,0,5,10,0,0,1,36,6,5455,17,94,36,26,41,106,36,10,13,37,25,82,68,0,0,35,5,1,14,7,2,2,17,71,26,5,7,14,0,8,39,9,0,98,2,69,24,52,22,0,0,3326,77,66,8,8,4,108,2,9,12,37,0,206,8,14,76,89,44,3,17,14,12,28,9,8,33,12,106,111,8,39,29,5,3,52,8,79,15,10,4,1,24,87,80,46,68,18,9,3,73,11,2,33,5,0,21,84,57,21,19,45,31,44,8
cell_93,620,23,59,19,113,11,9,81,6,16,79,5,57,56,0,14,27,87,0,0,106,103,0,0,4,3,12,11,4,6,3,57,26,0,1,88,31,1401,85,1,63,90,0,1,59,5,79,51,184,87,35,11,0,3,1,10,4,126,2744,309,5,114,13,24,11,5,63,38,75,3,1,2,10,33,49,70,9,368,11,5,5,0,111,3,531,0,129,59,4,0,1,16,136,373,5,15,245,68,23,82,17,4,33,5,17,34,142,108,7,13,38,25,57,6,53,44,21,11,0,25,16,0,1,28,99,15,20,51,100,8,11,9,24,38,5,619,74,27,0,6,117,51,12,2,50,37,11,26,36,0,0,0,131,30,41,9,33,62,30,104,16,208,7,22,0,23,8,4,3,110,17,14,898,2,11,24,40,539,9,34,4,18,0,7,13,11,27,119,32,42,26,86,21,4,36,42,28,369,15,118,7,17,15,2,66,18,24,52,51,63,3,25,32,6,32,69,18,20,6,5,4,13,14,97,39,32,0,7,12,101,19,13,143,105,2858,41,3,26,0,1237,26,36,1,0,71,61,0,22,14,0,4960,41,14,0,354,5,23,4,79,30,34,16,17,52,24,12,139,13,54,113,35,6,513,1,49,37,1,0,20,13,14,6,6307,382,10,1,64,4,3,50,0,13,23,0,8,12,31,167,35,6,9,23,11,28,4,1,2,2,4,1,68,37,0,38,69,21,28,62,47,12,99,4,33,629,6,27,13,36,27,450,30,24,32,165,60,9,3,5,0,11,1139,49,38,0,2,0,4,30,14,12,14,9,6,11,91,53,34,26,44,68,46,8,0,318,35,164,0,9,1,0,8,55,0,88,50,16,1,17,3,6,113,12,23,10,70,289,1,19,56,0,0,9,78,0,9385,4,84,17,11,33,159,110,23,9,22,10,9,18,50,45,48,11,0,110,0,7,19,16,352,24,18,0,28,34,2,5,5,12,345,5,88,1,60,33,0,0,12667,27,57,8,22,2,29,4,17,25,1,23,142,3,10,80,50,34,80,12,3,4,108,25,12,154,0,290,39,24,20,11,49,0,78,15,150,5,3,0,0,46,97,22,156,71,5,7,1,4,8,0,20,1,28,9,68,6,38,3,30,31,1,0
cell_94,7,11,6,24,86,25,1,77,6,1,115,0,61,6,0,0,37,61,0,5,55,26,29,3,8,0,14,0,3,0,10,0,0,10,0,4,26,384,74,13,14,122,17,4,45,0,81,35,135,104,59,11,18,6,10,3,13,244,3396,141,0,110,7,4,87,0,1,14,68,15,23,3,26,119,34,70,2,201,23,2,2,9,81,0,319,0,70,50,3,9,2,11,194,144,4,24,94,172,161,3,0,4,46,5,3,46,54,28,3,59,66,45,28,8,21,21,46,9,0,13,0,53,5,31,82,28,19,0,30,42,70,18,50,22,3,365,76,21,0,125,241,59,17,0,0,158,6,11,11,0,4,6,151,30,0,9,54,2,21,63,12,41,4,46,2,3,1,20,33,92,90,10,1037,16,2,16,21,667,3,42,2,7,13,25,50,8,48,103,8,52,31,32,13,1,8,88,78,440,6,81,10,20,0,8,79,122,26,37,6,80,10,23,48,0,1,76,12,10,7,43,10,40,10,76,60,8,0,19,32,109,20,26,15,8,2958,26,12,3,5,1281,59,20,0,0,7,2,0,37,17,12,1404,60,0,0,244,26,35,1,71,4,31,14,24,0,49,80,9,5,6,336,385,2,269,2,39,40,26,5,11,91,48,46,4393,310,10,8,13,13,2,22,21,1,20,0,16,33,42,49,45,10,36,28,52,52,0,14,2,160,48,51,38,35,7,101,71,10,15,20,93,25,101,8,17,731,64,20,5,22,10,380,32,110,6,99,84,20,1,0,12,23,1330,72,48,59,18,0,31,93,12,0,10,2,67,12,62,64,62,43,14,125,185,22,10,230,2,59,0,13,26,336,13,65,18,108,30,101,1,6,11,16,23,28,9,62,47,8,1,3,43,8,0,0,69,0,12872,4,94,9,11,30,247,94,10,0,32,12,9,113,15,5,4,17,13,34,0,3,23,6,244,12,15,0,26,2,3,19,7,4,264,22,108,2,14,138,6,1,13956,3,3,7,2,28,19,9,8,62,4,5,61,4,10,151,19,0,19,21,2,0,4,2,1,161,0,140,23,1,8,22,91,0,133,22,99,4,1,8,29,17,112,25,0,104,10,9,0,20,25,4,5,4,0,0,122,9,0,33,24,8,0,10
cell_95,118,5,5,2,85,19,7,62,20,161,93,23,14,71,0,52,28,17,0,31,96,26,9,27,35,3,64,28,4,18,5,61,0,5,9,48,69,506,88,7,0,78,0,1,19,5,70,36,126,105,62,6,114,8,7,7,15,270,3190,11,15,123,19,14,35,11,31,29,66,15,15,2,18,313,65,83,4,156,29,12,3,0,103,10,413,0,270,70,6,0,3,3,146,158,4,26,10,57,11,65,0,6,35,6,19,60,277,40,19,51,27,14,45,9,68,0,11,2,3,12,1,59,12,2,94,26,27,0,25,19,25,17,131,28,5,310,71,13,0,0,81,64,1,14,0,101,27,57,17,13,0,2,172,1,0,39,10,14,1,85,5,128,3,46,0,74,12,3,0,58,16,16,1009,10,122,29,12,759,14,28,0,7,1,10,31,15,11,4,10,43,24,12,7,0,62,105,65,264,4,72,6,11,0,23,72,59,52,27,21,57,12,29,22,7,26,73,5,91,58,3,3,4,5,44,65,107,10,21,6,10,17,84,127,32,3140,54,35,0,0,1272,61,7,0,0,71,101,1,33,2,8,1377,15,0,4,258,45,117,3,172,58,52,21,8,0,26,10,87,2,54,165,351,0,272,110,30,29,0,0,30,8,22,39,4500,472,3,5,438,26,0,75,0,23,23,61,42,16,8,12,35,9,36,31,7,50,2,5,0,0,54,21,160,8,0,56,74,44,10,0,88,19,18,8,57,544,36,25,1,10,7,405,4,23,6,122,35,16,0,22,6,4,1473,61,45,16,84,27,72,88,50,6,0,33,34,18,115,7,0,35,6,138,161,0,3,121,0,32,0,0,23,19,39,60,1,74,95,16,16,9,59,8,6,73,20,16,47,233,3,15,59,6,0,2,54,4,12167,8,90,6,19,41,190,43,19,0,88,3,8,115,78,6,8,11,10,1,0,3,6,0,177,29,5,1,16,6,1,19,9,11,269,15,97,3,57,161,0,0,12851,1,12,16,20,31,18,26,2,67,18,1,137,2,13,279,72,55,41,19,0,7,30,9,7,163,2,88,23,4,8,7,60,0,67,33,12,42,19,8,1,29,151,36,74,36,14,36,1,21,7,1,11,23,0,3,103,0,44,12,21,17,0,4
cell_96,49,16,0,27,91,12,1,14,2,5,97,1,106,64,0,6,23,130,2,11,26,61,56,44,15,0,49,0,2,14,0,118,9,1,0,0,62,195,146,2,111,51,123,0,23,2,161,107,235,118,36,11,12,9,0,29,62,164,3955,111,15,88,4,8,88,4,16,22,135,11,12,0,4,67,34,61,3,444,25,4,6,0,122,0,441,1,136,71,3,0,1,17,434,419,17,0,45,115,4,21,3,25,56,11,23,161,67,106,8,13,19,27,70,8,12,25,9,10,0,24,11,138,14,9,30,36,2,0,33,10,35,15,58,60,4,307,107,2,0,56,180,18,18,0,0,337,8,41,74,1,0,0,99,25,12,1,17,15,25,113,9,217,4,18,0,19,5,1,2,259,56,17,607,20,58,5,48,169,0,35,0,6,2,9,0,6,14,199,10,78,22,72,17,1,59,151,19,346,6,102,0,15,2,17,64,275,121,6,55,68,5,46,40,5,6,46,4,32,8,30,10,17,7,84,31,16,9,28,20,16,18,9,85,40,2806,23,13,0,0,1266,19,24,2,3,40,54,11,20,10,1,2216,121,1,0,684,29,2,6,114,71,69,17,14,0,2,15,0,0,42,422,184,5,145,9,22,69,90,2,25,18,4,1,7453,371,1,8,198,2,0,18,1,7,13,0,4,6,118,209,42,9,16,24,22,27,0,0,0,39,13,33,118,0,0,29,80,25,24,1,108,28,52,5,13,1088,83,20,6,34,2,901,11,6,7,287,37,3,3,25,0,39,951,40,19,33,1,0,65,88,50,8,0,3,6,5,52,25,35,30,7,36,75,39,14,303,46,156,3,12,31,0,13,9,0,157,126,40,2,6,7,16,9,22,0,21,54,27,2,10,5,5,0,0,21,1,21923,15,49,26,27,21,244,410,14,3,71,7,11,105,0,86,29,21,0,74,340,14,25,19,371,20,24,0,22,6,11,102,16,2,226,3,55,5,71,162,3,0,6628,27,31,1,37,49,9,0,24,20,20,2,107,2,15,586,92,51,3,28,4,1,13,21,0,159,4,324,26,8,16,0,16,4,126,42,282,57,6,0,3,10,101,18,99,39,15,0,0,5,35,2,4,4,0,3,61,5,111,9,24,49,0,11
cell_97,219,45,5,30,42,16,9,24,10,49,47,8,17,16,0,24,12,12,0,0,13,135,7,6,43,0,0,13,27,7,18,0,73,14,0,0,10,75,724,0,0,283,70,0,4,19,91,213,182,93,45,6,0,7,16,13,1,2941,1930,113,6,153,10,14,39,69,44,23,27,9,2,0,0,125,31,43,11,45,29,6,4,0,26,1,239,0,2,22,0,0,0,3,89,52,10,19,2,85,13,17,8,2,88,7,9,78,162,167,5,76,1,145,40,11,37,0,52,39,0,3,0,1,8,31,425,30,11,0,20,22,4,4,20,14,17,4,158,54,0,60,387,54,5,394,0,313,5,130,27,0,0,0,72,26,2,9,5,116,26,29,35,38,14,16,0,1,18,15,2,1092,24,18,606,6,110,45,11,870,27,116,0,11,0,3,37,22,20,39,2,64,63,20,15,5,12,160,258,36,22,79,3,23,0,14,76,129,32,14,11,10,124,37,21,11,9,168,4,18,3,15,5,40,13,268,65,30,0,34,15,2,17,78,10,45,4445,21,62,3,0,808,163,78,11,0,72,147,1,39,4,7,84,323,4,0,209,25,53,0,39,6,126,14,15,0,83,127,3,7,9,0,234,5,14,71,80,50,62,130,20,20,27,33,3168,583,8,3,597,59,0,140,2,2,22,0,67,19,11,14,70,27,19,40,26,1,3,3,8,41,94,107,25,0,0,119,231,49,181,20,360,64,65,12,97,53,22,131,9,1,15,96,6,73,4,142,62,22,3,29,18,21,604,34,142,54,46,20,202,51,32,8,0,23,89,12,48,39,25,38,0,70,186,12,1,1668,0,86,0,74,5,98,8,15,3,38,241,92,3,11,200,12,1,18,67,7,3,25,0,9,32,5,0,3,37,0,2580,15,162,21,37,76,230,11,7,15,38,7,5,92,0,0,0,16,0,0,11,1,29,5,42,26,13,1,20,4,15,5,25,1,476,0,94,9,37,163,0,0,1342,21,5,21,14,4,24,12,4,3,17,5,187,0,40,33,122,66,30,15,7,34,26,31,4,137,3,173,249,2,17,63,0,0,69,13,63,1,3,11,19,24,115,111,10,133,3,7,1,85,27,15,8,2,27,7,52,16,33,3,29,88,3,11
cell_98,14,20,14,6,56,34,1,38,7,13,40,0,44,5,0,8,52,14,0,19,22,114,9,3,49,7,12,51,146,1,3,15,18,6,0,0,12,15,654,2,0,272,0,0,8,15,75,235,207,113,80,2,0,26,19,3,14,3240,1855,26,2,123,0,0,60,13,5,56,27,8,29,5,33,119,19,35,21,72,33,0,2,0,29,1,273,0,29,23,1,0,0,9,146,59,11,14,3,73,16,7,3,6,19,1,7,23,222,131,6,110,16,27,36,23,35,4,53,7,0,2,0,26,12,24,388,13,3,0,4,24,31,1,107,25,54,48,239,147,0,81,418,64,5,15,2,225,3,116,39,0,0,4,119,1,0,13,30,21,17,23,10,144,23,13,1,62,16,47,14,1089,32,18,663,3,154,36,14,886,5,107,41,26,36,32,28,9,19,66,4,33,49,12,22,12,74,153,323,47,4,52,17,10,0,14,81,124,53,11,20,82,36,26,36,18,29,180,7,6,5,18,4,9,2,372,61,1,1,49,17,11,36,28,32,32,3330,23,10,2,0,670,158,89,10,1,22,391,12,47,7,6,77,298,0,3,219,31,54,0,132,2,102,14,4,0,52,25,5,11,70,62,260,0,26,70,88,41,22,31,17,8,29,52,3155,571,2,1,0,19,5,109,1,1,25,0,63,13,47,1,68,23,14,46,8,67,5,2,55,39,62,78,45,3,1,122,239,76,183,4,700,51,87,4,87,125,12,62,7,2,12,112,6,76,7,116,69,24,0,4,11,13,582,29,126,69,0,16,169,78,23,2,0,27,103,7,47,38,186,39,104,53,176,12,1,1885,0,98,0,83,1,117,0,14,9,30,253,0,10,6,187,26,6,83,0,10,19,43,0,4,5,1,0,8,48,0,2672,11,185,32,31,90,228,27,3,0,17,10,11,98,0,0,0,10,0,0,151,3,11,0,58,17,10,0,19,0,15,15,25,27,585,0,59,9,37,158,2,0,1649,24,6,4,19,13,24,14,3,1,2,0,193,3,69,60,42,26,26,26,4,9,87,41,2,252,12,112,202,2,29,43,0,0,95,14,137,4,5,27,14,11,113,125,5,170,4,0,0,46,58,5,8,2,4,0,108,8,12,10,103,74,0,13
cell_99,0,27,0,1,47,83,8,17,14,37,44,22,39,5,0,99,13,18,0,0,14,64,9,4,14,23,63,17,82,20,0,0,69,0,0,12,40,24,607,2,20,227,49,1,1,0,65,235,189,92,58,42,3,8,0,0,32,3157,2007,91,6,133,13,8,117,25,50,75,34,5,4,10,20,142,29,36,11,695,25,1,3,0,26,1,198,0,36,13,0,0,0,4,52,50,10,8,3,104,8,3,0,20,34,4,5,50,246,145,23,88,9,165,41,7,41,4,20,20,2,1,0,8,12,18,302,29,5,0,18,20,4,23,103,13,31,22,196,31,1,0,257,14,1,41,1,439,17,158,19,0,0,4,69,30,0,21,47,112,60,27,35,104,15,15,0,14,16,3,0,785,22,13,685,3,182,77,8,110,1,121,2,14,1,19,27,11,25,2,8,54,40,13,31,42,45,121,306,15,7,72,0,11,0,30,66,268,32,9,5,65,57,0,25,21,10,166,2,38,31,8,1,9,8,322,61,70,7,130,4,15,72,34,33,27,3716,14,33,0,0,718,156,70,0,0,77,16,1,41,12,19,79,227,0,0,207,28,18,10,149,8,144,1,10,0,26,42,4,0,76,16,244,1,28,76,73,49,3,0,43,20,4,31,2990,570,3,0,952,11,0,140,1,23,24,0,7,24,50,8,51,38,4,46,41,40,37,0,11,0,41,61,116,2,0,127,140,34,175,6,661,65,14,7,28,94,3,12,17,1,10,118,6,6,3,123,29,14,4,15,3,5,539,51,147,60,0,1,65,100,22,12,0,31,60,77,1,60,240,35,42,103,115,13,3,2202,10,93,0,15,13,121,6,29,2,21,251,39,0,3,266,17,17,60,1,11,20,57,1,23,19,1,0,25,37,9,2559,46,185,17,20,73,205,17,5,6,36,14,12,31,18,2,1,8,22,16,6,21,0,0,85,14,1,1,51,0,5,17,4,4,556,0,69,3,27,104,0,0,1588,17,2,20,38,17,25,10,24,6,26,6,152,5,36,60,113,35,16,10,0,21,91,75,16,245,13,128,200,16,11,0,10,2,87,6,50,14,18,2,39,15,101,130,23,112,14,5,5,64,10,9,12,3,5,10,15,16,0,1,66,67,3,12
cell_100,0,20,2,8,26,15,10,13,3,1,27,0,23,15,0,130,24,9,0,82,27,39,10,6,14,65,82,1,29,62,11,34,22,14,43,2,72,28,284,2,3,279,0,1,1,0,34,167,160,17,54,91,0,4,4,11,159,5078,900,44,7,27,4,0,11,12,28,51,11,5,4,9,3,19,43,54,18,427,36,2,0,0,24,7,134,1,6,30,0,0,1,30,49,29,0,5,2,35,22,10,0,8,82,5,3,78,268,133,10,77,16,25,45,4,37,14,19,18,0,3,0,90,14,18,194,36,15,0,19,10,30,10,98,28,74,0,113,73,15,0,278,9,17,26,0,368,15,88,14,0,0,1,124,19,1,44,1,27,7,25,9,123,3,32,0,31,20,45,0,947,6,17,586,0,35,118,10,950,1122,141,1,18,83,19,1,14,8,19,8,23,11,22,14,2,30,706,185,26,15,18,3,17,5,24,62,230,12,15,16,77,59,22,42,5,45,192,22,12,4,18,8,12,5,391,46,16,5,163,2,74,60,17,47,52,3835,64,27,8,2,882,148,141,2,0,28,440,0,27,5,20,48,256,5,0,35,16,111,0,115,5,119,6,19,4,278,231,24,2,77,55,260,5,24,18,104,63,34,0,17,19,17,33,2935,200,0,53,263,19,50,83,19,12,13,0,0,16,30,7,70,2,10,46,19,72,0,0,41,23,60,56,315,3,0,219,364,69,203,8,306,23,33,6,64,58,13,1,6,0,6,125,0,50,9,158,74,5,0,4,2,11,1238,47,267,102,0,20,141,92,6,14,0,6,103,107,8,54,158,150,35,33,151,11,11,1221,30,244,2,3,16,219,1,32,1,15,446,55,21,2,437,18,13,66,9,9,18,69,0,2,43,6,3,35,21,0,4122,31,244,6,27,86,165,13,11,17,8,6,43,26,0,0,0,4,33,7,0,35,11,0,79,18,18,4,17,0,13,9,22,7,379,4,76,24,41,170,6,0,3065,27,4,33,2,9,12,2,24,18,14,4,142,16,54,31,86,134,8,14,0,9,102,86,11,98,0,170,187,4,26,17,0,0,89,10,115,15,2,55,31,4,148,109,0,121,3,3,0,82,12,0,16,6,0,0,31,103,7,1,43,97,6,14
cell_101,7,22,17,0,44,52,2,16,5,0,9,49,36,16,0,5,42,16,0,1,55,47,5,0,32,18,0,151,4,9,5,91,32,8,0,55,34,122,80,4,0,102,31,1,7,9,84,50,117,82,67,0,0,6,0,0,8,173,4712,125,6,73,32,36,2,0,5,21,41,5,29,9,13,49,46,53,16,88,111,2,5,10,70,11,120,5,110,76,2,0,0,25,110,198,5,20,9,53,86,12,5,14,20,0,0,52,135,49,5,3,28,92,41,2,65,83,28,9,0,7,0,25,18,19,50,4,5,0,48,18,25,4,23,44,32,165,41,24,4,66,41,63,11,2,34,223,4,0,22,0,0,0,120,23,0,7,102,4,20,79,10,56,1,33,0,171,2,28,33,87,31,27,567,0,89,7,37,513,4,121,0,7,1,8,14,2,40,129,55,16,15,19,54,33,40,140,75,157,6,74,15,16,5,28,55,0,17,37,66,44,13,13,80,14,24,92,0,17,0,18,3,14,0,75,80,9,8,31,8,0,126,20,84,18,2211,36,4,39,0,1281,97,10,4,3,22,6,72,0,11,19,80,9,0,4,72,41,49,19,41,5,116,2,15,15,87,4,81,78,96,143,192,19,136,74,37,27,133,151,13,18,32,3,2321,205,28,8,1,16,168,90,3,19,34,0,9,41,55,59,30,16,12,76,18,33,1,3,0,21,25,31,177,54,0,106,77,78,53,113,62,17,56,5,19,167,0,62,1,9,5,148,1,7,1,56,57,26,4,11,6,5,2131,70,23,24,43,0,83,78,4,5,26,10,9,23,84,111,20,61,29,73,71,27,18,67,42,104,0,93,9,334,0,68,3,53,135,0,0,5,74,5,41,24,49,32,34,178,0,7,13,2,0,10,18,0,10349,7,48,13,15,55,128,15,8,11,12,24,25,0,64,3,1,18,5,94,35,54,13,1,130,1,7,2,61,0,5,20,21,1,255,19,82,1,45,151,4,0,5815,57,7,4,5,5,23,0,6,24,0,0,84,2,2,97,129,23,4,15,1,0,54,4,2,119,2,278,34,27,41,16,118,1,70,63,157,14,48,4,0,14,108,48,106,64,4,1,0,34,9,11,5,0,24,5,67,29,38,0,22,1,1,7
cell_102,10,2,4,5,78,31,26,56,3,0,75,0,23,7,0,27,42,16,11,12,66,33,7,57,42,0,10,82,4,25,4,6,25,0,0,5,10,93,64,1,0,98,0,0,4,4,96,46,106,103,72,13,0,5,4,0,86,278,4333,136,9,64,14,4,199,7,33,5,54,1,22,4,15,8,15,59,17,25,74,19,18,0,69,3,136,1,137,83,15,0,0,73,96,136,1,8,2,74,16,40,6,21,57,1,11,62,237,46,16,73,71,20,35,11,76,22,40,9,0,12,3,14,15,32,26,15,32,30,40,18,25,28,40,72,24,171,43,6,7,1,115,53,8,0,18,175,10,68,38,0,0,1,99,15,1,2,22,1,39,62,27,27,2,37,2,160,3,32,4,111,7,40,635,5,3,20,14,479,0,107,1,39,2,41,47,10,48,11,34,25,23,14,8,7,51,167,16,84,21,52,8,30,0,1,51,35,65,10,12,71,6,51,53,10,21,87,10,18,4,51,7,3,0,32,63,10,85,21,19,12,119,5,117,30,2569,14,24,23,0,1363,81,50,0,0,38,69,0,32,2,1,83,14,5,18,76,25,191,10,73,1,52,1,15,0,32,116,102,3,99,113,183,0,54,0,68,32,0,48,15,5,33,35,2263,167,5,27,103,35,10,73,37,2,35,0,0,9,65,60,60,19,7,58,85,52,2,0,6,144,65,8,24,20,0,67,112,82,65,7,13,26,67,4,9,175,21,81,1,8,0,152,32,122,27,73,76,21,14,66,1,26,1608,97,13,84,27,0,42,39,0,3,0,6,89,7,2,48,49,58,47,37,116,19,0,135,35,110,0,0,35,0,11,71,2,83,183,0,3,5,79,24,27,19,38,58,31,61,0,0,41,0,8,4,23,1,10288,22,55,21,25,65,177,43,27,1,33,15,17,74,5,0,4,9,0,20,19,33,6,0,147,13,37,1,43,3,1,4,42,0,135,0,94,9,55,107,5,0,5606,25,38,3,72,2,13,11,25,45,1,40,171,7,8,94,20,9,3,23,3,8,47,4,3,106,11,90,49,11,35,28,11,2,70,28,114,17,3,0,0,46,131,63,43,67,4,0,0,45,35,10,16,6,0,1,67,1,0,4,4,6,0,4
cell_103,12,5,7,4,27,46,5,37,3,4,54,5,14,7,0,6,30,9,0,86,22,68,16,12,19,1,37,6,3,4,17,0,13,24,0,0,10,11,192,1,0,185,26,1,10,16,28,129,134,118,82,40,0,10,9,8,111,818,1855,232,12,82,6,8,9,23,36,25,47,5,8,1,93,41,6,23,18,209,38,1,6,10,19,3,146,0,68,33,2,0,0,7,140,31,2,43,18,116,33,2,10,5,35,0,10,48,212,60,19,95,44,79,34,23,55,19,18,12,0,11,0,44,0,17,97,38,65,0,12,15,64,17,193,31,16,7,59,68,1,73,171,12,23,8,0,13,14,37,44,0,0,0,54,41,0,86,2,2,6,20,7,84,12,28,0,68,0,30,4,201,19,17,669,3,81,20,23,510,0,88,5,13,58,27,33,7,20,39,12,63,26,11,6,33,13,149,35,82,18,77,3,32,0,47,52,95,26,10,23,73,40,25,28,14,18,106,7,4,5,24,0,13,2,139,80,6,16,60,8,154,25,41,12,35,3155,19,31,4,0,1108,175,58,15,0,61,388,33,30,2,9,57,169,0,1,185,2,260,1,61,4,58,6,3,0,118,118,63,8,24,147,235,2,44,18,75,50,13,0,21,89,34,2,3166,334,9,10,453,20,6,144,18,2,18,0,70,62,53,86,54,21,46,39,0,14,0,3,5,3,78,41,57,5,0,64,200,53,106,5,206,42,60,4,35,108,13,87,1,3,1,241,11,95,15,121,59,28,0,0,11,8,877,76,126,121,12,0,49,54,2,4,0,0,109,28,20,101,4,25,22,29,339,19,1,292,0,159,0,43,22,199,22,25,21,18,154,0,1,10,166,28,6,25,32,37,26,23,0,36,40,25,0,12,8,0,7805,6,63,23,14,84,245,17,15,4,11,0,19,5,4,0,23,41,0,2,0,7,44,6,118,33,29,0,49,0,1,11,21,1,634,0,94,14,15,198,2,0,3157,14,3,82,14,32,10,10,12,33,46,37,12,3,18,61,113,0,30,6,1,44,64,17,12,164,24,166,36,4,15,30,14,0,142,11,149,12,4,0,19,33,130,46,0,68,6,1,0,61,2,1,9,7,0,0,12,8,9,4,11,53,7,5
cell_104,1,38,19,22,47,96,17,42,4,45,31,12,28,5,20,53,31,19,0,22,9,96,11,7,38,0,56,57,56,8,1,10,15,2,0,0,23,7,724,16,0,259,0,0,8,1,63,215,165,94,61,1,0,5,3,3,0,3075,2085,90,3,117,9,18,134,38,28,36,15,5,43,4,5,55,19,44,2,736,37,12,1,0,30,0,214,13,19,21,2,0,8,7,181,45,4,18,13,181,34,5,4,10,31,8,3,94,235,174,23,37,2,116,31,12,34,8,9,13,1,1,0,6,4,27,237,46,15,0,10,48,26,9,21,24,69,7,150,14,0,46,197,1,6,242,0,536,10,66,30,0,0,12,81,6,1,19,24,36,61,22,0,132,10,22,0,20,18,2,0,973,49,11,675,5,74,45,11,906,301,96,5,26,0,25,48,3,41,21,8,34,54,38,16,3,44,125,242,92,19,63,7,18,1,0,69,232,9,20,9,71,59,43,28,32,5,104,1,9,20,12,7,4,3,287,79,0,5,143,23,12,23,13,29,42,3802,43,26,0,0,750,142,89,0,3,4,159,12,29,12,4,71,333,0,0,224,5,21,0,202,3,23,21,14,8,17,54,0,0,85,49,275,0,59,105,83,56,61,0,21,153,12,23,3354,525,4,17,230,37,0,137,5,17,28,0,2,34,50,13,60,0,8,56,32,17,0,8,23,54,59,5,28,2,2,90,285,25,56,14,724,62,91,6,45,115,16,131,0,2,9,48,21,64,10,165,29,53,3,45,12,21,591,33,126,77,0,0,154,87,54,6,1,1,88,53,22,69,243,83,5,101,172,3,4,1022,0,72,3,19,2,134,5,34,13,37,179,0,0,5,187,12,0,129,0,14,14,78,0,25,31,10,0,6,66,25,2636,16,149,40,36,86,187,34,1,26,10,17,3,89,0,0,8,9,0,22,0,6,8,17,88,20,37,2,55,0,13,7,10,19,491,4,62,1,22,151,0,0,1671,18,0,25,15,13,15,0,7,13,31,1,218,1,17,84,114,0,10,14,12,6,77,17,9,139,21,243,233,11,67,23,196,0,76,4,75,11,3,25,43,20,141,130,26,167,1,0,0,52,24,8,4,1,0,0,25,27,24,7,1,78,23,44
cell_105,22,27,12,15,26,1,22,8,0,2,44,14,66,8,1,59,36,24,0,5,13,121,4,2,100,4,39,41,105,5,5,19,0,14,2,3,20,49,684,4,11,222,0,3,1,1,26,216,46,105,60,23,0,1,6,2,73,3278,1846,72,1,123,2,1,117,31,19,31,28,1,7,2,10,29,43,34,16,733,37,0,9,0,27,10,215,1,30,13,2,8,0,5,220,72,10,4,8,190,33,14,2,15,34,3,5,109,211,230,8,43,3,180,37,14,48,4,1,19,0,2,0,76,14,15,350,14,7,1,31,45,35,74,23,17,37,74,183,79,8,117,386,25,9,7,11,700,11,69,49,0,0,0,38,13,20,12,8,40,29,20,8,118,14,12,0,24,16,7,11,944,38,10,673,4,170,35,14,871,0,99,5,0,0,6,2,19,67,20,2,37,34,22,39,8,49,104,289,3,17,112,11,18,0,28,83,246,15,34,13,88,31,30,29,82,20,110,20,32,7,30,9,8,0,428,55,2,0,54,4,1,43,0,42,51,4244,20,25,14,0,761,177,85,3,0,44,229,22,39,6,1,62,262,0,0,193,0,12,6,231,1,167,2,5,0,1,10,14,1,77,35,294,6,8,89,73,48,2,1,13,2,5,0,3100,539,0,26,1244,5,0,92,16,19,13,7,21,36,56,21,41,10,0,27,0,26,0,0,7,11,68,84,118,11,0,92,247,47,191,5,573,61,13,5,60,138,45,84,21,1,4,125,6,15,4,162,92,64,0,17,6,16,567,26,153,68,0,0,70,79,48,12,0,14,93,75,50,57,29,61,24,62,176,47,0,1219,35,81,0,64,3,129,1,31,12,28,237,2,0,8,189,12,0,97,9,25,9,50,1,7,42,3,0,2,41,0,2593,20,164,32,26,95,223,21,6,0,27,8,8,81,4,0,133,10,0,5,0,3,21,0,80,6,13,2,56,2,16,0,29,1,580,0,54,6,41,142,3,0,1475,39,1,4,34,28,13,17,4,11,3,0,140,2,30,137,53,0,13,15,0,24,129,51,28,251,0,236,195,5,14,0,21,1,69,13,123,8,5,12,15,18,185,121,2,272,9,0,0,62,20,1,26,1,2,3,100,27,0,0,40,24,0,8
cell_106,1,81,1,2,30,103,1,43,7,10,27,4,13,2,0,166,42,13,0,0,3,82,9,1,41,62,9,37,33,12,13,48,85,0,0,0,28,14,352,0,2,296,1,1,1,2,64,176,169,25,57,5,0,9,1,1,2,5679,900,93,22,18,10,1,48,51,36,26,22,21,3,1,7,30,6,40,24,189,37,4,0,0,14,9,160,0,54,25,5,0,2,10,9,45,2,3,3,7,5,39,5,13,24,6,0,76,214,129,13,62,0,178,34,49,51,16,29,34,0,3,5,8,14,18,258,24,11,7,83,13,5,9,139,36,130,83,121,15,1,109,312,9,3,29,14,435,3,101,4,0,5,4,142,10,100,0,7,58,17,23,19,160,4,1,0,405,15,55,10,1100,0,14,551,4,103,27,16,1629,2,173,5,12,0,23,3,8,31,34,5,39,4,0,13,11,17,787,189,137,16,38,0,14,0,28,57,16,0,8,22,67,5,25,22,0,21,235,34,28,0,33,2,17,2,306,42,2,0,99,17,28,115,43,49,50,3667,35,2,20,0,934,147,232,8,0,4,0,23,30,2,0,33,314,18,0,21,43,105,0,219,45,14,2,6,0,193,99,3,3,75,2,106,0,14,39,111,39,57,0,10,0,33,17,2976,239,9,14,104,7,0,187,1,1,18,0,156,21,29,5,43,13,28,87,1,83,8,0,0,46,29,21,143,2,0,145,392,42,191,6,197,28,116,2,25,29,4,25,0,1,1,135,13,87,3,152,38,32,9,14,2,4,1357,52,281,73,27,0,254,60,0,41,0,82,149,9,16,30,122,105,14,14,218,12,0,1065,0,218,0,114,7,253,4,18,2,21,446,0,30,3,379,8,4,19,9,23,9,24,0,2,8,9,0,77,42,0,4029,37,189,33,7,99,165,7,16,9,18,0,73,63,47,0,14,15,0,0,48,1,8,15,97,15,79,3,29,10,17,17,55,14,690,0,95,20,39,165,0,3,3370,33,11,10,78,31,10,8,6,12,7,20,100,2,104,11,18,114,4,20,1,117,275,61,0,148,0,137,183,28,20,65,0,0,68,15,95,24,23,48,1,25,180,97,32,193,3,2,1,66,1,3,17,3,5,2,69,64,12,0,25,177,0,0
cell_107,35,35,10,5,26,193,9,17,8,6,15,2,34,0,0,15,34,18,2,38,4,58,7,6,8,72,78,55,56,16,10,21,21,21,0,17,61,53,251,5,0,258,9,1,5,0,47,176,116,30,57,50,0,6,5,4,34,5300,827,67,0,97,13,12,55,21,15,24,25,6,5,6,6,28,50,13,21,376,36,1,1,1,16,1,101,0,4,28,0,0,0,10,27,52,2,5,24,87,15,4,2,29,24,0,1,98,157,112,31,61,4,74,49,16,36,32,19,25,0,2,0,87,13,17,284,36,5,897,79,30,5,52,67,23,65,40,59,3,8,48,321,9,9,1588,7,468,2,73,29,0,0,4,132,29,188,2,9,7,33,13,11,160,6,3,6,297,2,36,14,1010,14,16,527,0,136,41,17,1122,1,165,3,11,0,7,6,26,47,25,16,3,9,3,10,57,25,188,281,91,28,33,31,17,0,22,39,51,0,23,21,59,28,26,15,38,63,100,31,4,14,20,1,7,7,309,38,9,7,113,30,23,48,21,37,54,3971,15,9,15,0,976,164,260,11,0,36,105,18,18,3,0,38,292,10,3,29,41,212,0,103,13,145,8,13,0,1,151,21,0,93,0,271,19,40,17,47,37,102,5,3,2,8,19,3062,216,9,9,81,12,0,143,25,2,17,0,127,31,49,11,41,1,3,76,11,17,14,5,3,29,81,12,113,4,0,151,373,26,172,10,322,34,145,17,52,47,11,32,8,0,26,99,8,14,6,104,8,38,0,12,2,5,1282,58,272,74,13,0,20,22,71,7,1,6,46,1,21,58,32,37,33,30,250,6,3,1191,6,235,0,54,2,5,0,35,7,17,191,0,0,0,367,3,40,45,2,15,22,80,1,10,24,3,2,22,27,0,3868,8,195,33,12,118,185,1,3,0,4,3,27,112,74,0,44,13,0,6,0,12,10,8,72,8,53,3,58,0,2,18,24,14,289,0,119,16,50,186,3,0,3137,29,3,22,17,17,21,48,1,15,6,13,120,7,38,17,24,38,5,8,9,0,256,9,24,132,0,162,173,18,9,54,1,6,55,9,126,18,6,0,71,12,151,90,37,192,3,1,2,82,9,2,29,0,0,1,42,4,32,4,18,98,0,0
cell_108,11,19,7,16,25,18,1,24,6,41,36,20,12,11,0,30,27,11,0,13,29,34,0,36,36,6,79,115,22,24,4,27,21,3,0,0,30,87,167,3,1,193,0,1,4,7,60,134,135,123,80,14,0,12,8,6,13,367,1686,210,5,56,6,5,107,56,41,61,38,0,11,1,9,43,11,62,12,286,35,12,8,0,22,2,172,0,103,32,15,0,1,2,45,64,27,14,6,26,16,1,4,2,9,2,9,28,176,55,2,2,6,109,47,14,66,27,2,40,1,5,52,21,12,26,136,20,6,13,18,19,7,15,36,29,14,29,89,77,0,115,138,85,9,107,33,373,5,48,49,1,3,14,90,17,0,2,6,7,6,16,8,86,7,28,0,41,6,21,3,178,11,13,815,5,97,56,11,314,12,82,65,4,1,29,17,8,26,8,2,19,16,4,42,16,27,235,103,133,12,75,0,8,33,34,63,25,31,24,8,42,15,31,25,10,6,99,11,25,13,3,1,6,8,156,43,0,15,50,4,94,58,11,111,31,3186,6,2,25,12,1072,184,46,0,0,5,106,8,42,3,8,53,124,0,51,188,50,35,15,78,5,59,14,5,2,151,71,103,7,85,102,209,9,41,11,99,46,123,0,18,33,9,3,3121,244,6,22,862,46,0,201,13,7,11,17,2,12,21,25,56,14,4,42,73,6,2,0,5,0,4,30,81,5,0,33,110,32,119,19,170,45,41,1,72,93,2,90,2,2,9,249,10,80,6,106,68,45,2,6,7,0,965,60,152,66,2,0,28,39,5,12,0,16,88,7,66,47,60,19,65,7,169,4,3,174,6,173,0,66,15,0,69,37,1,42,159,47,15,15,87,12,47,33,0,56,7,35,0,5,6,5,0,7,35,2,8221,12,63,21,5,77,232,15,17,16,9,3,18,121,1,0,1,36,35,13,0,15,1,1,68,20,7,0,23,46,9,11,8,15,1129,0,43,25,47,160,0,0,3082,23,11,10,80,0,11,0,5,12,66,0,82,10,12,52,87,29,5,17,0,91,99,44,29,166,15,298,18,12,32,14,8,0,71,19,91,39,27,47,7,27,105,53,77,96,9,0,0,9,11,0,22,11,1,4,45,45,24,4,12,79,14,2
cell_109,0,26,35,3,43,83,21,53,11,9,49,2,68,1,0,39,37,25,0,39,40,155,13,6,43,0,0,91,81,0,4,0,47,1,53,0,15,95,754,0,25,251,1,0,6,26,74,208,201,97,83,32,2,23,11,4,8,3359,1989,126,1,59,4,7,47,52,42,23,28,4,4,3,23,236,51,20,34,1,25,2,6,0,32,0,235,1,31,30,3,0,1,5,146,69,3,4,17,152,1,6,1,21,42,1,10,59,273,231,17,136,7,130,33,8,51,0,47,44,1,2,3,10,10,23,271,6,27,10,14,11,21,92,44,23,6,12,202,97,4,0,420,14,5,2,8,357,4,135,20,0,0,0,96,3,162,6,3,155,59,20,1,66,2,23,0,103,1,5,1,1123,52,23,720,11,162,53,0,923,17,92,77,6,10,13,70,4,23,7,5,28,30,12,15,8,49,167,302,20,7,109,6,17,7,0,61,37,3,24,20,83,2,37,23,47,2,108,11,15,36,22,2,22,9,368,69,58,17,13,18,1,31,39,39,61,4216,19,47,21,0,792,192,114,2,0,77,406,0,31,2,1,96,382,0,2,210,8,0,0,200,4,130,9,4,3,0,126,28,0,32,28,127,0,48,2,85,53,5,114,8,6,7,13,2964,538,5,20,894,61,9,154,48,8,21,10,5,31,23,4,59,9,1,38,12,8,1,0,5,0,70,103,73,2,0,122,258,67,148,1,570,65,77,3,79,131,14,124,2,5,7,133,2,57,8,155,75,55,3,17,1,7,534,24,85,77,0,0,33,52,29,8,0,29,79,35,9,72,0,62,66,68,207,34,2,2644,2,81,0,41,8,54,0,31,4,24,256,0,2,11,276,13,12,10,30,5,14,9,3,0,18,6,0,15,52,0,2652,17,151,31,42,65,219,10,18,20,40,7,4,35,2,0,47,19,0,18,0,0,23,3,71,10,74,2,19,5,2,2,30,4,542,3,31,11,36,61,1,0,1497,27,3,3,105,7,16,47,12,5,24,8,126,2,54,72,55,104,14,12,4,19,151,10,20,285,2,146,219,19,12,75,30,2,86,20,164,8,6,6,37,27,166,106,1,104,7,0,2,79,73,4,13,2,0,1,138,0,1,0,33,39,0,3
cell_110,102,27,12,2,87,59,28,80,16,4,64,10,33,56,0,12,33,14,0,18,91,46,46,12,5,2,7,50,10,7,10,16,8,6,0,17,33,266,78,4,0,68,0,0,12,19,85,45,117,108,67,4,17,4,0,0,4,267,4740,171,6,15,28,7,15,8,16,13,54,12,13,1,18,53,18,51,23,121,18,8,13,3,74,0,108,0,142,78,15,0,0,4,54,91,3,7,2,42,5,18,9,3,33,1,15,3,259,14,16,109,14,75,39,22,59,6,64,26,3,8,4,31,6,22,17,16,5,0,23,13,4,23,52,61,27,27,42,3,0,35,117,22,25,1,13,244,3,71,27,0,0,4,115,0,96,15,6,7,10,62,15,18,13,28,4,36,8,42,0,111,8,28,510,1,39,69,21,593,7,89,7,18,1,13,67,1,25,109,6,33,11,0,3,2,43,147,45,160,23,54,12,21,6,0,46,60,42,46,10,72,0,31,71,34,5,41,16,5,4,8,1,19,11,62,73,5,5,7,23,2,79,9,22,22,2222,107,41,11,12,1240,69,44,1,0,31,113,4,29,2,0,84,53,4,5,69,36,157,0,46,1,78,31,5,13,152,68,1,17,101,17,233,0,160,91,75,40,3,0,34,22,30,5,2188,190,11,3,98,31,0,177,44,0,38,0,4,18,17,8,47,21,2,73,49,70,9,8,2,39,52,9,45,6,2,63,118,47,58,1,77,3,97,3,23,138,2,42,1,44,0,165,9,101,24,75,74,29,4,1,13,23,1960,116,83,65,45,0,76,51,18,0,1,26,96,20,69,30,1,8,48,55,145,24,6,103,0,109,0,56,2,171,7,52,3,33,173,0,0,1,47,6,20,34,38,32,7,0,3,3,37,5,1,12,5,12,11126,28,68,22,24,26,186,29,29,17,43,1,10,90,18,0,11,14,2,8,0,8,2,88,126,34,28,5,15,3,0,4,52,5,316,6,82,16,36,76,2,1,5742,13,29,3,70,4,19,4,7,56,8,3,12,6,26,90,26,19,6,14,3,2,42,4,1,96,0,199,28,27,14,20,60,3,96,43,86,2,1,0,4,19,144,61,36,87,0,2,2,32,42,0,4,6,0,3,73,3,17,0,37,23,7,6
cell_111,0,1,0,3,36,20,14,9,5,22,26,3,16,8,0,7,31,10,5,73,19,73,8,26,82,0,98,14,35,34,2,0,14,6,0,0,21,9,155,6,0,217,0,0,5,9,49,106,127,88,66,20,0,6,2,6,34,816,1706,159,4,150,15,10,92,61,32,28,35,7,9,0,20,20,21,34,14,195,85,10,3,0,24,12,202,6,87,23,3,0,0,8,90,56,5,25,4,119,17,18,4,6,110,0,0,60,217,50,9,49,20,103,49,4,74,29,21,16,1,3,1,41,2,39,174,22,2,0,31,5,10,21,25,37,15,103,64,14,3,5,232,14,6,0,23,386,8,44,22,4,0,0,109,31,0,4,4,7,32,17,3,44,4,26,0,141,1,23,2,194,12,15,633,5,151,26,0,484,10,83,3,7,2,18,12,1,33,45,0,74,11,0,19,6,10,213,157,96,19,96,11,20,0,23,81,9,51,14,15,48,10,46,4,11,31,146,23,44,2,34,0,10,2,115,80,31,10,106,4,128,24,4,103,34,3306,7,16,9,5,1181,151,19,22,0,86,202,1,27,1,0,86,79,0,15,200,34,111,3,108,5,91,20,5,0,0,42,97,0,64,149,310,3,39,0,98,40,1,0,10,0,30,17,3141,374,7,20,83,15,0,74,19,7,17,0,1,39,68,32,65,15,42,60,4,47,4,0,16,33,77,40,119,10,0,125,210,54,120,6,51,38,3,4,41,139,13,61,2,3,4,255,24,95,9,92,59,20,0,16,16,7,1112,55,19,81,0,5,28,66,2,11,0,43,105,24,8,59,22,43,24,15,192,12,0,172,12,153,0,28,1,148,6,49,2,39,144,0,0,1,194,36,14,42,12,39,19,38,0,5,17,2,0,11,44,0,7889,1,72,39,19,74,256,5,17,73,13,16,38,24,56,0,0,0,2,1,2,16,6,6,104,7,8,0,56,6,3,29,29,1,829,9,82,13,56,214,0,1,2914,10,9,3,19,3,9,15,16,5,30,2,99,1,31,56,21,1,4,3,0,37,42,45,11,154,5,267,23,10,6,16,0,0,104,23,165,5,20,88,3,14,124,50,13,161,12,0,0,56,5,1,15,32,0,3,52,24,24,0,49,61,4,1
cell_112,0,16,1,2,56,39,7,25,22,10,86,4,19,12,0,3,31,8,0,0,49,35,34,1,5,14,39,19,13,3,6,0,6,9,1,50,90,104,70,0,5,106,81,0,1,4,95,41,106,105,77,2,0,12,0,0,6,245,4512,115,25,96,13,21,81,15,52,48,32,7,3,3,7,76,18,69,18,69,75,2,31,0,101,6,87,0,142,97,4,0,0,3,30,82,8,17,3,63,13,20,11,47,132,5,5,54,205,22,7,122,5,4,55,24,66,4,35,4,0,11,0,33,22,17,48,20,10,2,78,10,16,6,19,77,21,69,36,41,3,0,124,93,2,36,0,4,9,50,69,0,0,2,106,9,21,45,30,1,37,52,27,22,0,44,0,70,1,19,2,102,24,32,652,3,29,41,7,482,2,119,19,10,0,15,29,1,6,140,2,89,17,11,5,5,24,185,96,79,71,91,0,41,0,30,64,48,10,33,6,47,11,4,14,17,20,102,3,50,0,5,3,3,3,58,60,77,20,39,3,21,141,23,30,27,2202,21,4,6,0,1300,65,59,7,1,27,0,2,32,8,0,72,34,0,0,74,24,101,0,35,14,79,12,12,0,14,53,101,0,17,120,243,0,40,0,59,34,49,0,6,13,17,12,2103,181,7,13,25,11,0,140,3,3,22,0,13,27,5,10,42,28,21,64,3,98,0,0,28,0,55,36,73,21,0,72,114,64,21,0,61,23,18,12,2,131,18,25,1,2,5,150,17,3,19,74,40,0,0,2,0,0,1905,122,86,18,56,0,52,24,2,5,0,7,103,18,35,17,45,66,84,27,80,29,1,140,14,95,0,45,49,261,13,41,0,24,173,14,4,10,42,13,82,17,54,35,31,0,2,3,11,7,0,1,25,0,11246,13,69,22,28,51,194,39,12,18,28,14,47,26,13,18,0,8,0,5,52,11,3,31,156,57,1,3,5,4,33,21,9,4,309,9,96,9,59,61,0,0,5758,56,41,0,39,8,30,12,18,35,21,1,171,0,43,61,134,26,3,23,0,74,20,22,0,76,11,343,35,9,35,1,29,4,122,33,133,13,58,82,1,31,129,68,37,84,19,2,2,26,3,3,22,21,0,3,34,5,33,6,52,55,0,7
cell_113,6,11,35,2,24,285,4,15,1,5,8,0,22,11,0,81,20,0,0,94,21,40,7,1,29,103,84,11,38,2,5,18,75,101,0,1,29,82,316,0,19,299,144,1,11,1,59,144,166,29,75,22,0,1,9,1,3,6523,911,69,8,54,7,6,19,77,20,25,21,3,13,3,25,86,18,54,3,10,34,4,2,0,22,5,168,18,9,26,2,0,0,6,20,28,6,4,21,66,14,7,4,4,19,1,3,74,239,120,16,92,7,36,47,35,63,10,31,41,0,1,0,30,3,17,170,2,19,1,26,5,38,53,90,28,18,29,156,84,0,0,270,8,16,400,2,197,2,106,42,0,0,0,151,17,53,31,11,24,44,22,5,165,5,11,0,97,0,51,1,903,18,14,545,2,151,394,4,1338,302,210,1,14,0,17,24,7,13,20,7,50,9,18,11,0,23,625,214,149,65,68,7,7,3,48,45,107,0,11,17,55,5,29,46,2,16,194,10,33,11,12,0,10,6,406,41,4,17,15,16,6,33,58,28,55,3634,50,33,7,0,909,148,263,8,0,52,547,0,27,4,23,39,337,0,0,31,50,0,2,182,7,272,13,5,0,169,187,0,6,58,68,185,15,49,2,103,31,38,0,17,53,33,88,2967,196,3,0,10,21,0,177,3,19,19,0,51,36,53,7,57,7,6,76,18,5,0,0,29,50,70,73,124,3,12,157,368,65,152,57,323,33,69,8,21,57,5,80,9,0,11,122,5,21,6,158,58,43,0,0,18,18,1237,53,232,88,47,25,182,86,13,6,0,35,115,52,6,82,148,25,6,33,158,3,27,1033,0,172,0,89,24,183,0,34,3,39,442,0,2,8,361,21,38,144,23,15,22,9,0,14,44,21,0,40,21,32,3787,13,228,23,18,121,175,17,6,3,16,7,19,81,3,0,38,11,0,0,19,1,54,0,73,30,7,2,21,1,1,2,60,6,398,0,114,13,41,272,0,2,3064,7,4,3,19,23,41,6,10,3,4,0,107,5,60,34,167,67,26,10,3,31,132,12,4,153,0,118,213,3,48,2,6,0,57,7,106,43,29,3,43,26,159,124,0,110,1,1,13,112,2,0,4,3,1,0,49,0,23,14,5,139,0,108
cell_114,5,5,0,0,23,119,3,55,8,8,13,24,25,31,5,29,22,11,0,0,31,73,4,1,36,29,65,108,22,4,16,0,67,9,31,0,23,13,277,1,26,271,1,0,2,1,56,181,153,24,72,1,2,25,3,2,8,6318,805,97,15,33,26,1,36,27,31,46,31,16,15,0,10,71,30,54,5,301,21,1,0,0,25,0,138,0,30,31,3,0,0,2,79,23,6,6,12,40,22,10,1,6,11,7,5,76,252,100,6,76,2,89,40,54,61,0,31,24,2,3,0,8,8,13,245,4,4,0,22,1,24,24,119,26,68,29,115,207,15,0,285,47,7,38,0,185,8,70,78,0,0,0,128,3,1,30,25,16,1,21,7,158,8,14,0,94,24,20,2,889,2,17,588,1,28,27,29,1155,35,164,0,10,0,13,14,5,26,16,3,28,18,3,37,36,46,625,106,243,13,49,13,4,0,55,47,7,16,25,3,43,27,33,3,27,37,183,8,13,2,2,10,0,1,493,58,6,0,59,4,0,74,0,19,65,3606,20,25,1,0,919,167,102,8,0,7,288,25,27,5,36,46,257,0,7,28,34,42,0,43,10,135,1,4,0,259,17,11,28,77,30,262,0,15,2,92,28,18,24,18,1,25,13,3217,186,3,17,152,3,0,202,15,21,14,0,2,30,0,6,75,5,4,48,24,19,0,0,20,24,57,93,175,0,0,136,347,18,165,58,171,23,28,3,82,44,1,98,7,4,0,120,3,14,0,166,71,49,0,3,5,12,1128,48,275,73,74,0,190,80,26,0,0,77,148,66,46,20,0,27,10,34,185,12,3,1249,0,181,0,90,15,5,1,30,0,46,419,0,14,10,347,19,0,67,36,9,21,3,0,1,25,20,0,30,20,0,3784,25,200,17,17,89,180,18,6,0,14,3,22,89,1,1,113,14,121,0,10,12,20,3,91,36,39,1,9,8,3,3,57,1,350,5,103,0,39,249,1,0,3086,18,1,83,18,17,13,0,4,6,51,40,83,3,52,60,118,126,5,7,0,92,80,68,19,152,1,115,224,0,1,5,48,1,46,6,99,12,15,12,40,25,134,116,0,99,5,1,1,56,5,1,25,5,9,2,35,0,24,0,12,39,0,248
cell_115,75,12,0,8,32,81,9,12,15,0,28,17,38,23,1,33,47,10,0,3,24,43,3,2,71,28,24,113,20,58,13,0,94,64,5,2,10,112,307,1,0,290,0,3,16,1,50,163,149,21,74,11,21,0,16,2,11,6943,945,113,17,78,7,1,1,1,32,43,17,8,1,0,59,8,23,9,4,276,28,2,8,0,19,15,176,28,44,24,0,0,1,6,49,60,1,3,70,7,67,24,0,2,2,7,8,90,192,136,6,40,5,100,31,49,40,67,12,17,0,5,0,29,6,20,180,54,4,13,7,1,18,15,22,26,21,100,137,102,0,2,289,16,1,386,13,553,13,34,13,0,0,3,20,67,22,16,12,8,10,24,42,152,15,26,1,126,32,85,8,861,2,12,523,2,73,0,23,1430,128,162,9,3,0,4,53,14,13,41,5,33,15,2,29,95,41,660,409,263,16,60,1,5,0,3,45,8,0,14,27,34,50,30,31,29,18,201,3,83,8,7,13,9,0,568,30,24,0,113,14,15,45,28,28,50,3583,11,1,22,0,886,145,207,8,7,22,42,2,25,1,0,25,77,0,36,29,0,190,0,67,14,209,8,20,0,257,227,74,36,24,55,203,7,13,8,110,28,82,0,19,0,19,52,3096,260,3,13,534,3,0,190,0,2,16,86,12,12,23,3,70,16,5,86,1,12,0,3,1,22,54,25,190,6,1,168,341,66,186,139,338,40,95,14,72,24,0,35,14,1,0,109,1,5,18,140,62,17,5,21,3,2,1208,68,243,6,22,1,301,30,0,3,0,20,119,65,23,26,2,105,47,33,152,13,0,761,92,222,0,142,0,156,9,8,2,15,493,5,27,5,227,7,9,24,35,13,35,47,1,7,15,9,0,26,12,0,3759,12,208,5,2,123,121,16,16,22,13,6,32,69,12,4,22,9,99,3,21,26,9,4,121,31,4,2,57,2,18,11,20,5,740,0,65,15,39,233,1,1,3171,28,17,8,44,40,38,5,2,4,0,6,78,3,82,39,86,159,20,19,0,105,136,77,16,149,2,29,255,7,8,19,117,0,66,15,154,17,7,3,8,10,167,83,50,161,26,0,0,117,13,1,23,15,3,3,56,22,7,1,19,36,0,0
cell_116,116,46,2,3,27,103,31,16,4,20,33,1,29,3,7,33,20,10,0,3,0,122,6,7,0,89,21,26,2,34,10,11,88,10,0,2,87,24,307,4,1,230,76,0,7,9,55,143,159,30,73,43,15,8,6,3,22,4037,844,49,1,79,0,9,15,5,15,59,24,16,3,5,19,67,26,58,13,332,7,6,7,0,9,9,158,0,44,19,1,11,0,0,65,19,0,5,17,66,48,7,4,12,8,0,7,73,231,147,26,125,6,193,33,32,52,26,2,13,0,4,5,71,8,8,247,33,6,1163,52,9,4,33,66,11,25,48,107,46,2,0,323,2,3,62,3,463,10,40,18,0,0,0,108,16,44,28,13,4,36,9,0,143,1,19,0,372,15,27,6,740,32,12,565,0,147,131,35,1123,0,169,14,7,0,12,28,13,58,25,3,37,19,2,14,44,20,490,255,31,74,37,0,24,0,4,53,339,8,14,47,22,53,47,32,15,34,87,14,7,6,20,12,8,0,459,51,6,4,97,20,59,33,1,8,63,3872,64,26,24,0,906,146,337,1,0,31,674,0,29,12,0,44,292,2,0,37,0,252,1,134,16,222,11,28,0,290,52,25,0,56,3,247,0,12,35,116,58,125,67,4,23,11,11,3110,241,2,23,66,45,8,150,3,7,8,0,27,3,47,6,57,8,0,63,1,22,4,9,26,53,80,32,122,11,1,101,365,28,192,2,9,33,133,9,48,26,11,72,1,5,0,113,11,22,15,165,74,24,0,6,1,4,1078,62,255,52,62,5,30,19,4,5,0,14,120,36,54,9,15,95,36,25,146,9,0,421,14,233,0,25,3,160,9,42,13,9,72,152,0,3,406,1,103,110,5,10,17,59,1,6,35,1,0,18,25,5,3766,3,252,21,14,110,178,0,5,4,15,1,14,113,53,0,125,1,1,2,0,40,10,3,56,8,21,0,13,12,2,5,14,1,353,0,102,33,45,252,0,4,2931,2,7,19,18,26,30,4,1,21,8,4,118,3,80,40,4,41,3,17,6,53,109,15,11,135,7,30,191,18,17,55,15,2,56,12,91,36,20,86,21,24,133,111,28,181,4,2,0,115,33,2,29,7,1,2,81,20,0,1,46,6,0,2
cell_117,12,71,15,2,30,101,7,52,6,13,19,10,33,16,0,37,26,2,0,84,23,53,6,7,46,61,73,9,27,24,9,1,22,4,3,0,15,22,282,5,4,297,0,0,0,2,75,177,188,24,68,103,18,2,22,6,6,5566,874,56,13,47,1,1,20,25,15,26,23,8,13,0,20,43,66,37,33,54,23,7,3,0,1,0,139,0,44,30,5,0,0,17,66,18,3,1,3,5,15,17,1,1,25,6,2,8,237,88,22,94,7,130,40,5,43,13,29,20,0,6,63,48,6,15,172,56,22,1,27,17,30,13,65,45,117,9,139,38,13,38,114,5,1,0,2,411,4,99,14,0,0,9,130,15,41,18,9,33,1,21,5,94,15,12,0,397,21,23,4,875,2,16,539,20,137,121,31,1022,101,172,0,24,8,19,12,15,20,27,0,28,15,5,13,49,35,633,107,141,2,45,7,15,0,68,64,48,0,4,17,99,15,39,21,9,4,162,2,50,16,6,3,19,2,394,38,14,3,160,9,89,131,2,54,40,3427,13,16,18,0,914,152,66,1,0,17,640,37,39,1,8,31,177,0,0,28,56,60,2,40,8,42,1,10,0,286,127,20,11,61,33,242,0,24,44,67,44,38,11,51,11,34,29,3071,234,4,32,36,4,0,135,43,13,14,0,29,36,4,16,78,9,4,71,26,56,0,10,22,1,67,23,163,0,0,106,370,56,163,0,171,24,78,3,52,53,16,34,7,9,0,133,2,29,3,125,86,60,1,2,13,8,1301,45,294,82,71,0,238,104,1,13,0,4,126,58,50,78,67,7,2,36,172,16,0,842,0,204,0,182,18,0,0,39,7,43,429,1,3,6,231,21,71,62,0,6,24,1,0,1,5,7,0,20,23,1,4002,27,226,14,15,104,176,7,14,0,6,3,26,110,0,0,55,24,33,1,0,22,22,6,96,10,9,1,37,2,6,9,2,43,657,3,113,8,44,220,1,0,3402,20,3,42,103,51,18,1,11,9,14,4,105,6,38,28,18,54,3,0,0,37,224,72,6,157,0,87,205,27,17,65,77,0,69,7,78,8,23,2,3,3,142,82,0,188,9,3,2,53,8,1,20,1,2,1,13,24,20,3,60,99,0,9
cell_118,0,11,43,17,19,133,9,52,7,1,25,0,24,20,0,16,27,1,0,109,22,134,1,11,90,0,3,8,56,8,4,0,89,26,0,4,86,16,327,2,0,251,20,4,7,0,54,164,176,20,51,159,39,8,0,0,21,6972,924,21,3,93,4,12,2,38,7,63,23,3,0,4,38,97,34,22,19,166,19,3,0,0,21,19,192,1,57,19,0,0,0,18,84,38,4,10,9,28,90,10,0,12,64,3,7,54,159,114,25,91,5,37,39,39,38,4,9,9,0,0,0,39,20,12,79,8,4,6,45,14,22,2,124,33,39,16,151,129,0,21,259,7,8,0,0,24,8,62,12,0,0,0,122,3,0,66,48,2,5,12,5,146,7,10,0,386,1,29,3,978,26,14,543,10,93,199,16,1452,128,145,4,7,72,4,30,18,43,42,8,56,9,9,3,25,23,612,67,70,18,65,24,11,0,25,61,183,18,8,33,93,73,26,46,13,18,195,24,54,4,21,10,8,2,589,42,43,2,25,6,5,62,6,58,47,3568,40,30,2,0,874,155,296,0,0,10,469,68,17,3,0,41,266,0,2,32,43,54,0,130,3,169,5,18,0,46,229,91,0,73,45,284,4,31,36,117,29,0,42,14,63,13,58,2923,217,4,5,2,4,35,119,0,3,22,27,43,51,32,26,68,22,6,64,5,104,0,8,9,18,52,69,271,6,0,186,323,62,126,37,311,29,18,3,51,34,5,52,1,19,0,119,9,97,2,154,98,26,13,0,1,10,1091,48,308,102,64,0,274,67,4,5,0,3,95,124,44,92,256,128,42,38,231,10,15,1237,0,222,0,76,2,127,0,21,10,28,450,1,2,6,376,10,57,53,10,4,28,91,2,4,10,0,0,22,19,0,3921,14,201,17,19,84,134,20,4,8,10,10,37,97,2,7,62,37,1,11,0,60,24,0,51,0,89,2,47,0,2,13,51,4,612,1,134,5,59,187,0,1,3292,16,11,23,29,10,26,29,5,24,27,6,106,3,23,26,188,73,7,6,0,18,185,47,7,107,12,148,232,10,14,50,146,1,41,7,76,26,14,72,7,1,156,104,0,113,2,3,0,118,0,1,15,2,0,0,37,12,1,1,48,56,1,64
cell_119,1,6,12,1,17,118,12,36,7,21,44,0,22,16,0,4,33,2,0,17,40,103,15,22,80,1,39,12,5,27,2,6,4,7,17,0,29,53,189,2,4,199,0,0,0,13,67,95,136,90,76,4,0,5,4,0,3,551,1714,267,0,108,2,10,38,19,17,30,39,9,56,6,11,36,9,62,7,264,70,0,13,0,28,13,211,5,142,22,8,0,0,4,154,7,3,1,8,122,36,11,12,13,88,5,18,66,169,58,24,38,6,103,37,8,80,39,26,17,0,12,1,42,22,12,164,20,12,0,41,33,28,14,121,33,5,23,72,44,3,56,185,0,4,36,37,438,11,37,59,0,0,0,101,93,84,3,14,3,30,16,25,110,0,37,1,22,2,67,24,207,34,27,660,2,150,84,3,444,32,90,0,10,0,19,52,11,53,37,6,79,13,9,35,16,40,152,173,23,1,116,0,30,3,0,66,37,68,15,63,39,22,51,39,21,8,116,35,41,31,37,2,4,1,108,57,8,38,22,10,12,36,22,76,35,3405,22,25,15,0,1191,184,59,0,0,37,168,3,32,5,0,86,146,1,0,181,26,249,1,114,0,62,4,12,0,1,36,113,1,87,98,302,0,78,45,94,52,0,5,28,55,31,8,3129,365,2,2,305,14,0,147,6,6,20,0,22,12,51,2,67,8,4,50,45,16,0,3,11,127,59,46,51,48,1,135,173,46,125,4,52,43,22,3,49,142,12,71,11,17,1,233,21,26,5,84,29,14,7,23,2,3,937,71,122,36,1,7,76,59,63,1,8,0,52,37,1,73,38,62,19,57,188,3,0,184,9,156,0,25,22,5,5,41,20,38,194,22,0,5,180,12,76,53,1,42,36,132,0,8,12,0,0,0,38,3,7546,12,77,23,27,92,253,23,17,1,17,23,14,100,42,0,0,12,0,29,0,16,7,0,89,22,33,1,35,2,2,9,34,0,626,1,57,17,51,107,0,0,2894,40,4,1,55,13,28,24,10,30,7,0,139,13,11,45,39,0,24,21,7,0,22,9,47,146,0,324,38,4,14,23,135,0,129,18,167,3,35,57,17,20,139,57,69,162,0,1,0,46,7,0,6,6,0,17,121,15,2,2,10,70,0,1
cell_120,0,21,2,0,16,81,7,20,21,61,42,2,8,4,0,155,26,5,0,0,20,82,3,43,42,0,77,3,17,20,2,78,6,25,0,16,70,43,150,5,14,186,0,0,11,39,19,116,143,89,71,46,0,9,0,0,33,787,1647,29,0,106,4,10,43,5,46,52,7,5,1,7,16,89,39,39,4,64,73,0,6,1,28,0,193,0,131,26,0,0,0,22,136,70,13,14,8,108,6,0,0,14,125,10,13,49,221,53,30,33,16,47,44,10,89,0,30,21,0,8,28,12,23,17,207,2,5,428,58,1,8,30,164,24,10,66,62,2,0,37,163,77,19,6,1,385,28,27,10,1,0,0,104,0,0,60,13,1,41,14,2,89,5,3,0,172,4,1,4,213,31,19,629,1,115,76,10,304,0,29,6,14,10,8,48,7,18,0,6,84,14,24,11,0,14,132,157,0,61,76,3,17,0,25,64,140,38,7,24,62,46,33,35,5,56,44,6,27,7,23,10,6,4,135,66,18,4,25,7,32,14,10,34,27,2976,20,15,1,0,1115,195,73,1,0,164,198,18,33,1,0,55,122,0,27,126,42,240,10,182,1,85,6,21,0,0,242,11,0,83,10,279,2,136,36,107,32,4,134,42,23,17,17,3118,398,0,6,432,61,233,157,0,8,17,99,154,26,53,29,55,6,7,54,37,81,7,0,45,127,64,23,62,1,0,129,180,29,127,72,234,38,20,1,20,136,56,86,12,5,3,231,11,28,12,107,36,37,36,3,6,1,968,83,122,80,0,4,45,6,7,3,0,2,91,56,5,43,21,81,0,69,112,2,6,149,1,164,0,28,14,41,9,49,6,38,164,4,40,3,241,26,55,86,6,42,26,153,3,17,71,1,0,26,25,0,7677,7,61,24,17,72,195,8,5,0,33,2,13,14,40,0,0,18,0,14,0,22,11,0,40,29,4,2,49,32,7,30,12,7,859,19,81,0,49,176,0,0,3150,4,12,30,25,10,25,10,24,3,0,0,95,13,9,52,140,0,9,20,0,69,91,12,11,64,0,283,35,2,24,0,8,3,78,15,160,1,12,27,12,14,108,39,0,169,1,1,2,37,9,0,27,0,0,1,33,62,0,13,49,71,0,3
cell_121,0,30,22,5,27,7,2,29,16,19,11,0,4,12,0,46,6,9,0,55,22,42,3,0,13,3,0,74,7,0,15,47,9,43,0,14,118,10,291,3,0,262,3,0,5,0,68,177,143,24,72,4,0,2,60,0,61,5852,873,104,3,42,6,12,15,48,14,51,14,8,14,5,36,68,7,49,31,338,33,5,0,0,25,0,123,0,11,11,0,0,0,18,73,28,3,1,1,14,112,31,2,3,5,1,0,24,107,47,15,49,20,228,53,28,28,0,19,7,0,4,7,12,14,24,55,4,24,21,35,11,0,2,127,45,19,53,99,43,11,2,303,42,1,221,22,73,5,88,14,0,0,0,109,6,0,29,9,4,21,21,14,146,5,19,1,47,40,142,13,915,25,16,591,0,17,139,6,1237,12,168,7,16,0,6,23,7,66,25,11,51,15,11,33,18,21,504,233,200,23,54,25,9,5,24,52,45,18,21,41,19,65,30,41,32,42,211,36,9,21,15,3,8,3,449,42,0,0,288,8,82,138,26,20,44,4085,43,12,14,0,984,154,139,5,0,24,238,51,28,3,29,32,233,2,0,25,37,21,0,25,2,163,12,17,0,9,56,32,32,45,72,232,2,22,8,85,35,30,67,52,70,27,40,3042,200,5,35,0,10,1,154,16,10,20,0,84,49,16,1,71,24,10,87,9,110,0,0,33,0,27,55,312,3,1,200,339,72,163,10,132,29,63,6,67,23,1,79,7,17,11,95,12,31,7,146,63,26,0,0,0,19,1159,43,259,79,59,4,185,89,28,1,0,2,96,15,90,80,103,21,38,15,189,11,21,849,0,198,0,133,17,131,1,38,8,52,460,53,6,13,171,4,32,66,60,13,23,43,0,1,26,3,0,6,20,1,3765,21,235,28,24,90,187,7,6,10,7,15,35,108,1,5,3,26,61,5,0,14,13,3,75,10,9,3,52,0,0,14,11,34,480,1,111,22,53,225,9,0,2916,28,2,17,34,3,17,50,11,17,5,1,61,9,34,20,114,9,14,8,27,15,109,78,30,128,6,102,230,8,59,38,146,1,62,7,70,5,8,0,17,5,109,86,0,86,0,10,1,147,0,0,9,1,0,1,87,63,0,1,50,124,0,54
cell_122,0,10,29,20,15,59,14,46,2,7,22,0,9,13,0,82,40,3,6,70,26,36,7,0,80,40,23,68,32,48,3,37,113,11,1,0,45,44,302,8,2,291,3,1,7,1,60,129,121,25,65,32,0,4,1,4,12,6416,795,60,11,55,2,3,39,21,2,24,15,10,47,1,10,36,34,66,11,296,18,2,4,0,10,6,107,15,43,28,4,0,0,7,73,54,6,1,27,44,23,5,3,5,54,1,3,25,201,143,1,21,2,103,36,0,54,13,9,7,0,14,12,30,20,13,145,16,7,0,68,26,0,13,102,36,64,76,125,50,26,120,278,18,13,59,11,161,8,35,44,0,0,10,29,52,0,23,62,8,2,16,30,7,3,16,11,66,14,45,5,644,14,18,641,0,69,15,6,1139,333,187,0,7,271,4,19,13,72,10,2,33,8,3,13,11,17,540,157,190,14,65,16,17,1,9,50,53,1,19,11,80,21,33,45,8,19,102,14,68,39,40,0,11,0,560,31,34,16,81,22,71,29,8,10,15,3786,19,1,12,0,895,168,187,1,0,9,550,44,42,4,9,28,176,0,6,23,14,169,0,160,4,103,8,16,0,5,120,1,4,30,87,302,20,24,0,57,34,3,0,96,24,17,7,3070,222,2,58,268,6,0,87,9,3,23,0,104,52,41,4,61,11,1,47,1,48,26,0,4,0,19,43,337,18,0,100,187,41,189,8,269,27,20,5,11,25,10,47,0,4,0,135,6,31,3,143,75,37,1,7,6,4,1088,46,305,81,0,34,174,99,31,14,3,8,143,36,52,57,206,45,56,7,173,5,4,1237,40,189,2,90,4,208,7,15,6,18,357,1,19,11,101,4,10,40,7,13,27,7,0,0,34,0,0,43,33,3,3936,14,211,11,22,114,141,20,6,13,7,5,25,53,6,9,36,17,1,2,0,10,65,8,90,6,42,0,40,0,3,4,53,0,547,0,78,6,22,70,5,1,2829,24,4,11,65,49,27,22,1,14,3,12,76,5,99,16,155,13,1,2,6,14,143,110,13,120,1,90,245,15,26,16,11,1,62,3,37,1,11,0,163,3,170,87,0,175,10,0,0,78,16,0,5,20,0,3,46,113,7,12,16,99,0,41
cell_123,0,5,84,1,26,277,7,54,4,15,31,8,11,23,0,4,12,9,13,0,18,79,19,1,48,1,46,7,81,8,7,5,64,1,0,2,6,27,279,2,0,249,12,0,10,14,53,187,180,16,76,141,0,5,0,0,13,7165,859,64,5,103,20,3,64,25,29,46,25,11,15,3,19,17,27,40,27,102,6,1,2,0,31,1,122,0,39,26,4,0,0,3,33,58,8,5,16,62,13,32,1,25,90,6,10,67,274,172,34,127,8,37,45,56,42,7,17,28,4,4,28,63,3,12,126,31,10,0,40,11,11,10,96,21,11,10,126,27,0,16,275,36,4,541,0,317,4,110,59,1,0,0,107,28,3,77,2,26,14,14,34,113,0,24,0,121,9,101,13,751,9,9,565,4,123,118,14,1242,19,132,0,5,8,22,2,17,49,4,0,49,22,5,1,6,7,528,197,75,54,50,0,25,4,3,63,380,11,16,18,54,58,40,37,15,52,166,17,14,27,29,5,5,15,533,46,15,13,162,22,64,7,30,19,57,3578,37,26,5,0,893,141,278,0,1,32,646,8,35,10,0,38,214,0,1,32,60,205,0,228,4,149,16,14,0,15,24,72,0,12,53,242,9,21,0,97,30,114,0,47,68,12,0,3126,239,4,21,508,2,0,163,0,1,15,0,18,8,28,8,72,14,4,94,0,19,19,1,9,0,91,56,100,2,0,142,342,21,199,0,352,24,55,4,29,20,8,166,12,4,15,116,7,99,5,146,76,12,4,0,4,3,1249,45,307,81,69,3,265,24,6,10,0,22,98,16,48,25,107,119,8,34,182,11,8,962,17,220,5,78,6,57,23,16,0,42,415,10,2,5,307,11,0,55,6,8,25,1,3,4,40,1,0,7,36,0,3792,9,196,6,17,97,165,7,10,19,15,6,31,76,76,0,14,12,5,7,0,7,0,6,55,30,32,2,26,3,1,13,72,7,515,1,101,2,42,221,0,0,3363,28,0,18,86,22,31,11,15,3,30,24,100,1,16,44,171,30,0,21,6,38,22,18,5,126,2,80,215,9,16,1,190,0,52,10,105,29,12,1,74,11,147,119,3,143,8,2,0,125,10,5,11,5,0,3,49,35,11,0,27,105,0,20
cell_124,0,63,56,4,36,194,10,46,5,4,10,0,25,20,0,34,33,6,2,16,33,75,3,5,68,0,97,10,66,4,7,5,63,2,2,5,63,102,314,4,0,292,5,0,31,0,76,158,182,20,76,92,14,5,12,2,21,6451,894,59,3,90,8,14,27,32,32,43,14,6,8,13,3,15,33,19,16,312,19,0,13,0,22,0,118,0,42,32,10,0,0,6,66,51,6,3,5,56,27,7,3,9,53,1,6,69,209,98,12,120,5,139,39,5,50,0,33,27,4,0,0,9,5,23,183,28,3,72,39,5,2,62,30,24,49,4,132,41,8,0,179,14,5,82,4,488,12,37,33,0,0,1,111,27,192,25,16,38,36,14,47,82,8,16,0,243,17,37,14,670,6,13,517,2,61,23,25,1394,475,174,1,17,9,14,42,12,64,7,3,22,8,10,21,0,9,492,118,184,58,57,4,20,24,0,47,34,9,22,15,69,70,25,57,48,40,50,1,25,8,20,2,7,0,258,34,15,31,90,26,53,24,12,59,63,3295,62,22,13,0,859,157,299,0,2,38,478,59,25,2,3,37,178,2,19,16,38,69,3,165,0,181,3,26,0,295,128,11,0,80,71,170,10,54,49,120,31,57,1,32,30,19,15,3192,224,8,6,434,4,7,151,19,21,15,0,0,21,33,8,68,9,2,78,9,26,0,2,21,10,72,2,218,0,0,133,307,66,180,3,222,23,28,5,43,42,7,140,6,10,13,114,21,39,11,129,100,35,1,1,6,21,1257,60,260,32,1,0,143,26,19,1,0,9,54,75,108,80,46,115,53,38,130,5,9,930,82,194,0,28,1,251,0,36,3,2,388,2,1,8,395,5,72,51,29,5,30,42,0,2,29,11,0,4,35,79,3948,33,149,13,12,107,168,10,9,22,11,10,35,8,25,0,1,14,13,18,64,24,4,1,84,11,32,0,26,1,0,5,12,23,352,5,62,1,48,230,0,3,3428,8,9,35,73,3,11,12,17,0,3,12,126,0,36,16,58,143,2,11,20,24,185,7,11,83,1,108,224,23,48,8,283,1,14,20,131,0,8,17,59,20,148,96,92,40,9,0,0,95,52,0,8,4,0,2,66,86,26,5,20,16,0,82
cell_125,0,22,2,9,38,29,23,33,4,0,40,0,72,13,0,16,41,14,21,106,34,56,2,6,7,27,0,46,16,0,6,0,48,0,36,0,0,36,735,2,41,293,70,0,2,10,62,210,192,118,58,9,1,4,2,2,73,3552,1942,138,15,86,0,6,88,6,12,22,2,7,11,8,26,41,31,13,17,739,39,0,7,5,41,2,263,0,22,22,0,0,0,8,174,20,18,14,18,95,7,22,1,6,43,0,1,72,234,214,8,132,10,106,43,20,59,0,41,54,1,3,0,8,31,22,326,10,2,0,43,29,22,78,114,21,24,25,182,85,1,4,485,20,33,0,40,356,1,43,19,0,0,0,3,0,80,17,7,70,27,28,51,89,15,9,9,127,6,18,2,906,7,18,801,1,135,1,8,853,1,88,2,27,189,27,2,15,43,41,14,29,41,18,32,10,16,147,319,114,19,118,34,18,0,33,85,39,1,20,24,101,5,29,29,25,10,77,25,26,5,30,1,8,4,300,62,1,9,27,9,24,34,14,38,69,3920,11,31,34,0,757,167,98,0,2,71,47,12,63,4,11,80,323,3,16,187,25,1,0,228,9,107,14,6,5,79,79,6,2,47,34,271,6,31,0,79,43,0,0,20,0,4,0,3004,428,4,6,19,6,34,46,43,1,18,1,0,33,8,18,48,25,5,19,14,116,0,0,15,39,54,152,147,1,0,119,249,64,162,12,527,45,56,5,5,120,48,67,12,0,11,113,8,86,9,142,97,25,3,10,13,11,565,30,118,82,0,0,187,68,0,8,0,29,111,18,13,67,287,74,80,53,189,44,0,2303,7,89,0,66,14,112,2,5,8,9,213,0,89,1,262,4,5,11,36,5,23,1,1,4,9,0,40,3,15,0,2590,51,151,19,25,63,210,21,12,8,46,2,18,90,9,0,48,11,0,6,0,9,33,16,79,7,117,1,16,0,8,22,45,3,629,3,52,11,34,144,3,5,1612,25,5,8,107,9,21,11,27,20,2,11,139,2,64,124,24,54,30,23,0,59,146,28,11,250,2,251,227,35,9,21,0,1,86,5,90,0,5,109,28,21,155,128,0,132,3,0,6,43,26,1,12,13,0,0,125,15,0,5,82,15,0,7
cell_126,0,3,2,2,45,31,4,43,8,44,30,24,8,27,0,371,26,8,0,86,18,43,18,6,51,0,95,27,66,28,15,57,47,6,0,5,34,29,722,2,0,250,0,0,1,6,71,204,177,107,72,39,6,2,0,9,11,3587,1863,85,5,122,8,25,38,43,39,34,35,14,27,0,9,101,54,43,21,778,3,6,6,9,31,6,234,0,48,18,0,2,1,13,182,53,11,16,8,117,11,55,1,22,8,3,1,44,257,150,34,116,16,98,51,11,51,1,4,17,3,18,5,14,14,34,365,38,6,0,34,50,10,31,110,20,26,13,132,96,0,39,420,32,23,54,2,598,5,104,30,0,1,23,118,26,0,10,11,126,2,20,13,48,8,12,0,15,22,6,0,931,4,14,777,1,25,58,10,922,24,108,22,6,15,25,21,16,50,54,3,22,43,28,40,20,9,158,150,70,27,108,0,19,3,3,65,192,47,12,17,29,41,34,19,39,34,149,10,71,19,16,0,16,11,317,59,11,44,81,17,0,38,1,8,49,3868,43,27,29,0,723,166,77,0,0,24,302,0,60,13,0,74,327,0,2,202,1,53,9,445,11,43,15,11,0,94,72,72,0,65,23,212,5,14,34,70,48,4,4,12,39,0,3,3248,500,1,70,265,39,39,84,8,8,19,1,44,20,12,20,65,10,6,56,19,83,1,3,9,56,47,31,83,13,0,68,165,54,166,7,331,45,113,2,55,113,50,122,1,0,11,106,16,68,12,196,81,59,1,8,14,24,591,32,138,78,11,0,230,76,11,25,0,41,78,28,36,3,328,11,46,40,225,11,1,2395,14,80,0,71,13,0,15,22,1,40,262,11,7,5,260,22,10,56,0,7,10,0,1,1,31,0,0,2,29,0,2520,16,174,27,34,69,186,20,10,35,30,9,14,94,110,0,99,17,4,2,0,2,0,0,78,13,63,1,42,3,0,3,8,3,544,1,55,10,35,126,0,0,1650,30,8,14,99,22,14,12,13,28,42,0,190,3,47,110,124,130,3,3,0,22,53,10,14,186,5,247,252,9,37,1,2,3,77,11,110,37,16,73,52,23,155,125,0,270,17,1,1,52,22,6,9,3,0,7,202,22,31,3,27,73,0,0
cell_127,0,40,3,0,26,9,5,82,26,36,44,16,5,9,0,7,11,10,0,2,10,96,6,3,31,4,1,1,4,21,13,0,12,6,0,5,40,11,522,1,0,259,0,0,1,17,79,160,138,162,54,9,1,2,23,12,0,1039,2122,224,16,75,3,0,41,15,35,16,5,6,9,2,37,17,23,7,26,388,28,1,7,0,7,5,261,0,85,17,0,0,0,18,216,27,3,4,3,52,5,5,1,12,0,3,2,87,131,65,2,11,7,50,61,8,34,15,17,20,0,5,0,21,11,27,291,28,30,0,28,9,14,11,64,24,38,56,81,39,6,14,235,14,11,0,21,182,1,18,28,0,0,1,113,13,0,11,38,7,30,17,4,132,28,26,0,120,1,24,2,213,1,13,727,16,28,9,27,448,1,82,11,13,1,23,87,12,26,36,13,27,28,0,28,3,48,275,245,49,29,104,1,32,4,0,87,15,110,12,36,24,33,59,4,37,37,115,3,52,1,6,6,1,1,181,70,3,0,39,11,30,7,5,2,36,3492,8,12,20,0,953,232,58,0,0,139,6,1,26,13,2,19,166,0,0,171,27,43,0,60,9,98,6,5,2,128,215,54,0,32,59,161,0,21,0,78,47,3,43,32,0,31,0,3223,348,4,18,0,46,17,179,3,9,23,0,2,33,17,52,69,1,32,56,13,77,0,0,27,11,15,2,73,7,0,91,194,67,160,14,59,70,144,2,20,60,33,22,4,1,17,192,10,10,15,89,65,33,0,19,4,12,846,71,169,100,50,0,64,70,0,10,0,28,130,22,46,21,57,31,21,83,169,31,0,299,0,104,0,106,0,0,3,30,1,55,159,1,21,2,258,13,0,36,0,25,12,55,0,3,32,0,0,6,48,0,6477,1,71,37,29,79,299,7,13,3,8,15,15,40,1,2,0,8,0,3,0,7,1,33,50,22,5,1,27,20,11,8,4,13,903,3,53,9,41,213,0,0,1302,66,11,0,55,7,30,0,31,24,50,17,99,0,15,56,36,39,4,21,3,81,67,19,15,142,2,278,92,4,25,69,0,2,143,18,164,2,2,35,16,16,111,79,6,262,12,0,0,51,4,0,14,4,0,0,113,7,47,1,5,67,0,0
cell_128,0,35,5,1,27,126,19,14,0,4,26,2,29,7,0,128,42,9,1,0,26,83,3,0,78,19,32,186,53,2,13,0,28,11,0,4,0,135,301,1,0,296,1,4,33,2,51,145,79,25,72,184,0,1,1,0,25,5547,899,92,4,96,8,7,10,12,23,61,19,5,6,1,3,34,40,55,28,29,12,2,2,0,22,4,157,0,39,35,18,3,1,3,81,51,12,5,12,62,9,1,1,6,35,0,1,95,258,119,22,4,6,35,49,23,51,11,10,50,0,4,0,105,0,6,90,12,6,0,23,15,2,78,37,34,21,108,54,75,0,25,196,68,11,1491,12,486,8,81,24,1,0,0,78,7,27,3,2,61,38,15,4,114,12,18,3,166,16,63,14,566,4,8,483,0,103,9,10,1463,72,181,0,1,0,3,4,35,71,21,7,22,11,7,34,15,1,418,224,10,133,62,46,22,9,31,68,38,5,30,2,46,30,54,50,10,40,94,23,22,6,36,2,10,0,475,36,13,58,62,36,0,25,10,34,55,3748,74,28,4,0,898,151,155,1,0,58,15,26,16,8,0,46,203,0,0,43,37,0,0,208,7,174,8,24,0,17,125,0,0,20,21,239,20,39,23,115,28,114,30,18,19,5,2,3179,164,6,14,541,5,0,198,0,8,19,2,6,37,28,14,52,17,2,33,6,5,3,0,0,0,41,33,149,9,1,40,318,33,162,16,357,28,97,1,65,51,8,90,24,0,44,153,20,78,12,145,27,5,0,30,6,0,1496,62,214,90,2,0,194,104,20,22,0,88,16,9,9,112,1,12,44,42,182,11,12,991,76,199,0,25,4,0,10,17,0,30,430,0,0,8,464,1,0,0,8,13,20,62,0,7,27,2,0,39,41,1,3915,18,219,21,17,142,195,17,26,35,13,3,24,24,11,0,15,63,0,20,0,1,14,0,80,22,13,0,34,2,2,8,26,15,373,1,89,10,40,279,3,0,2698,32,9,12,89,33,26,34,3,29,22,0,148,0,7,16,155,32,11,15,2,0,216,14,40,156,1,133,198,10,43,1,215,1,56,15,98,17,12,0,11,14,150,113,2,129,5,1,0,134,15,2,20,0,0,0,49,8,0,1,17,120,0,24
cell_129,0,132,5,1,36,75,2,28,1,98,45,8,46,7,0,322,36,8,0,1,21,46,2,0,20,0,36,19,20,24,10,7,25,0,0,3,45,19,721,4,0,294,38,0,3,1,67,230,179,87,10,8,1,19,2,4,84,3396,2109,158,1,140,10,16,9,55,25,15,23,4,65,8,28,67,24,28,18,581,36,0,3,0,23,3,214,1,14,26,0,0,0,18,102,89,1,21,13,53,10,6,1,3,36,1,7,61,252,246,2,11,4,87,29,8,35,0,24,11,0,5,17,77,22,26,481,39,4,0,5,30,2,4,105,14,11,4,206,176,1,18,115,42,2,32,26,579,4,80,25,0,0,1,107,16,121,29,22,44,49,13,38,153,5,22,1,180,4,14,2,1019,34,6,681,2,106,71,29,973,10,69,40,22,0,11,19,12,78,68,7,52,24,31,31,5,34,147,353,12,8,49,14,12,0,66,64,292,30,10,24,25,51,27,32,41,10,213,19,4,2,25,0,1,5,346,69,2,3,58,8,0,19,23,50,51,3860,15,15,32,0,697,148,85,0,0,19,387,2,48,7,21,77,262,0,0,175,29,1,1,210,6,114,1,11,0,58,57,5,3,76,11,307,0,28,78,79,52,7,161,8,23,37,15,3427,529,3,2,44,16,7,58,5,20,16,0,14,9,50,23,49,13,2,72,6,23,1,0,2,0,17,71,102,6,0,74,261,7,166,7,678,58,32,2,18,128,8,85,5,1,19,133,1,63,4,147,35,47,12,9,7,12,681,28,126,21,0,0,152,72,52,4,0,0,72,72,55,54,527,78,10,82,72,7,8,1826,0,83,0,103,0,102,2,30,6,31,136,39,0,6,244,8,4,54,40,19,16,151,2,5,9,0,0,4,31,10,2664,39,155,26,32,69,233,22,2,3,24,12,8,76,14,1,1,2,10,13,0,8,10,0,97,7,9,2,56,25,3,12,5,34,597,0,95,4,39,150,0,0,1884,30,0,21,14,2,23,7,3,1,28,0,136,2,44,15,29,43,3,13,3,0,78,8,2,178,7,229,221,13,33,17,2,0,29,13,113,13,19,98,46,10,168,144,2,227,11,3,0,67,13,1,16,0,0,3,170,41,0,1,20,56,0,0
cell_130,0,13,0,1,26,93,9,23,6,70,25,6,15,0,1,19,26,12,0,12,15,43,12,0,6,68,2,16,6,5,8,0,21,3,7,0,30,113,154,8,10,218,234,3,10,45,70,96,54,101,58,27,44,3,2,16,2,768,1897,275,21,130,23,7,75,6,47,41,46,5,2,2,31,45,3,14,11,65,86,0,7,2,18,4,225,3,119,36,4,0,0,9,19,51,7,7,26,137,4,0,16,9,3,4,8,62,127,55,21,59,10,98,36,19,72,3,34,40,2,6,7,32,4,10,125,7,41,0,21,7,73,38,26,22,39,101,70,8,0,112,186,20,12,53,7,265,0,66,77,4,2,0,75,44,84,10,9,14,37,18,13,92,5,21,2,19,3,30,2,171,16,30,606,4,19,29,17,461,23,94,4,22,0,24,66,2,33,12,4,44,14,11,22,12,28,192,89,22,15,101,14,18,6,10,60,77,27,19,0,15,17,34,17,26,19,148,6,11,6,30,13,4,2,108,57,6,43,67,19,90,20,46,36,37,2696,57,14,31,1,1025,188,51,1,0,152,0,1,25,9,19,67,179,0,0,151,23,0,5,63,7,28,13,15,0,16,237,0,0,9,192,225,5,98,0,107,55,82,0,12,18,19,26,3064,271,4,6,39,0,5,180,7,2,18,0,106,12,69,50,58,3,3,45,10,4,7,7,29,108,48,7,36,5,0,85,244,23,120,62,216,30,98,10,26,114,51,104,1,0,1,234,15,0,9,125,57,6,8,3,17,3,917,65,126,88,0,0,0,3,0,6,0,4,28,33,20,88,0,20,0,29,116,15,20,252,17,160,0,65,8,0,29,22,0,46,166,7,0,8,153,18,54,3,6,48,14,0,4,57,7,10,0,15,36,29,8140,0,60,13,14,90,244,0,6,0,22,9,2,28,44,0,29,33,0,6,4,20,18,116,46,51,23,2,20,5,5,32,8,0,666,7,90,17,33,198,0,0,3638,2,9,0,32,12,27,29,16,27,14,10,38,23,0,75,74,11,8,12,1,32,19,14,3,72,22,146,31,16,13,24,91,1,139,25,142,1,6,18,33,31,82,57,7,137,9,3,3,58,21,2,22,14,0,0,50,4,78,12,25,82,0,0
cell_131,14,14,1,13,29,80,17,18,8,2,26,0,42,17,0,14,49,7,0,62,32,22,1,0,39,18,9,56,10,5,4,0,21,4,1,10,63,35,313,0,7,295,3,0,4,1,92,178,167,14,77,36,1,5,26,4,38,5990,910,98,12,74,12,17,2,8,18,31,19,6,4,0,41,15,24,15,30,328,20,0,0,0,16,2,161,0,56,39,7,0,0,6,63,28,10,3,23,20,5,3,1,6,95,2,5,24,124,29,27,37,8,106,40,55,28,49,36,21,0,2,0,35,2,27,239,10,26,7,24,6,2,39,55,31,44,107,135,58,28,86,274,29,9,67,20,275,7,85,16,2,0,0,120,6,4,5,71,11,32,22,25,135,8,8,0,370,7,4,3,1052,13,22,494,1,16,17,15,1729,8,167,14,11,0,2,10,34,7,39,0,63,17,2,14,0,34,663,110,174,2,39,19,13,14,4,39,63,8,23,14,82,36,33,33,0,71,143,24,42,0,10,1,25,1,308,59,20,28,71,10,10,15,5,21,63,3532,19,7,7,0,879,132,10,4,1,27,152,21,25,1,11,27,125,1,0,35,42,54,0,75,11,141,7,13,28,0,17,79,0,75,65,204,12,57,46,99,41,0,0,28,1,21,12,3073,234,8,15,324,0,0,162,4,2,20,0,2,19,8,3,77,1,5,77,2,23,0,8,21,19,75,78,273,4,0,139,196,76,190,61,124,18,38,6,43,44,16,6,3,1,2,107,8,26,6,145,95,19,2,20,3,18,1122,60,204,37,0,0,213,54,3,2,0,7,112,59,97,44,1,88,30,20,107,7,0,1286,65,210,0,171,1,33,1,11,1,17,431,0,12,8,152,12,46,14,14,9,20,31,0,0,12,11,0,24,15,0,4202,1,207,16,6,147,163,20,13,3,20,6,8,86,0,9,19,29,8,0,0,16,2,18,104,25,5,4,32,7,11,10,46,27,650,0,81,12,57,45,0,0,3475,19,3,3,34,11,19,7,6,11,7,1,91,4,62,9,70,80,8,11,0,58,105,129,5,147,0,182,263,4,25,18,69,1,83,17,112,1,17,1,126,10,127,95,4,195,6,1,0,129,15,0,9,11,1,13,58,12,0,3,63,121,0,6
cell_132,0,3,31,12,23,178,7,15,2,2,26,0,20,4,0,54,8,7,1,13,22,24,9,0,25,10,20,51,43,5,9,0,50,24,5,10,71,57,311,8,2,269,19,1,2,3,78,170,27,24,80,127,0,0,0,2,13,6911,926,116,4,29,5,3,38,36,27,60,21,5,10,4,53,19,11,59,36,324,30,2,6,0,21,3,185,2,30,39,0,0,0,13,53,43,1,8,18,43,28,0,1,3,115,3,3,76,212,132,24,95,1,61,43,49,49,19,5,22,0,8,4,36,14,20,178,24,0,0,24,14,7,44,116,44,64,72,124,109,0,0,318,32,1,108,1,14,4,95,63,0,0,3,119,0,107,29,8,21,17,22,6,157,4,5,0,45,6,36,12,927,9,11,613,0,67,91,28,1295,2,140,1,15,75,24,6,5,53,32,2,20,15,17,30,1,25,513,334,87,36,50,7,14,0,64,57,200,19,22,14,41,177,56,40,1,40,119,3,26,10,34,7,4,4,357,40,15,0,38,5,0,102,32,19,64,3893,18,16,14,0,957,167,240,5,0,64,287,0,33,3,2,47,292,0,7,27,4,84,11,47,2,138,4,21,0,222,84,13,0,0,49,264,0,31,7,92,37,20,0,19,9,19,0,3240,216,0,47,28,35,57,160,0,7,20,7,29,38,34,12,78,26,9,57,0,91,2,3,31,6,80,78,274,19,0,147,373,40,171,7,252,29,18,6,22,33,4,53,2,1,1,138,16,9,11,154,90,7,0,0,4,6,1174,71,278,73,0,0,238,95,6,7,0,8,124,22,15,99,26,58,34,48,188,7,7,1731,0,225,0,68,17,214,4,23,3,10,460,5,4,11,424,12,12,25,15,12,28,95,0,11,44,0,0,38,38,0,4077,21,221,12,18,133,178,8,12,0,26,4,32,0,6,2,0,32,0,2,0,54,32,0,71,27,66,3,42,0,1,4,28,0,564,6,128,14,33,228,5,0,3230,22,4,49,3,21,20,25,8,20,2,1,96,6,98,27,49,16,14,13,0,2,242,40,5,145,0,130,218,2,26,3,96,1,58,9,69,1,17,7,44,37,124,95,5,164,9,0,0,124,1,0,22,6,0,0,28,14,0,2,30,12,2,17
cell_133,0,17,52,0,27,312,8,15,1,1,26,4,30,12,0,10,20,7,1,0,27,50,11,3,39,91,20,0,30,0,4,1,81,24,11,0,32,3,317,3,22,300,119,0,14,6,44,153,182,21,74,51,3,18,8,0,8,7306,912,89,5,90,7,18,24,11,17,16,5,7,10,0,0,9,4,38,8,296,9,13,7,13,18,1,152,9,11,31,1,0,0,14,88,72,3,4,6,42,9,1,4,13,127,9,4,83,227,141,4,58,2,28,49,68,26,41,30,12,1,2,7,12,11,22,150,0,0,0,35,11,3,19,63,15,39,34,140,26,5,25,293,12,2,0,1,540,6,95,32,0,1,0,139,40,24,32,2,24,41,23,40,157,9,22,0,276,8,38,1,281,23,16,490,6,141,114,29,1471,0,147,1,15,0,7,0,13,16,33,4,47,20,7,27,0,13,714,57,250,36,37,19,5,1,31,49,66,1,8,44,73,6,28,33,22,39,107,15,21,12,8,1,7,0,580,34,24,10,66,2,1,87,9,8,54,3983,54,22,12,0,931,156,245,7,0,45,526,0,32,3,8,32,135,1,0,33,30,258,2,91,9,264,8,7,16,112,154,6,0,59,63,253,5,46,0,104,33,102,0,26,14,38,11,3031,234,1,2,125,1,0,141,15,24,25,7,0,26,25,9,55,9,2,59,16,15,0,6,23,22,54,21,204,6,0,57,418,60,149,84,81,35,30,2,48,24,3,33,22,1,13,129,5,7,4,145,79,34,0,0,1,6,1376,53,265,76,2,10,65,51,2,4,0,9,139,147,54,94,100,111,1,21,149,10,2,1502,11,203,0,52,7,214,0,29,9,10,363,5,29,10,415,10,44,35,12,4,14,193,0,31,3,13,0,38,19,5,4195,33,205,12,22,30,137,13,13,35,17,1,20,8,0,22,37,27,37,22,0,34,21,37,91,12,55,0,54,17,4,3,25,5,903,5,63,7,32,79,16,0,2955,20,4,9,13,4,26,0,15,0,3,2,85,38,111,39,202,35,3,14,9,19,149,35,21,155,9,165,156,21,10,8,252,2,56,17,126,8,2,63,156,20,156,44,139,100,7,3,0,103,28,0,6,2,0,0,30,121,0,0,25,161,55,243
cell_134,0,20,21,2,27,62,7,35,15,16,33,0,23,1,0,40,17,4,1,17,32,79,9,1,41,64,6,175,48,107,7,55,64,2,8,11,99,126,308,12,0,222,0,1,1,0,65,163,159,28,79,46,0,2,0,0,0,6730,821,51,1,70,5,0,8,199,20,48,20,6,49,9,36,30,47,67,29,14,18,1,7,0,20,6,190,0,56,3,1,0,0,4,53,28,5,2,22,3,49,5,0,4,39,4,2,11,49,46,8,90,1,253,26,8,52,0,21,7,0,3,4,21,25,16,301,31,14,1,41,21,8,31,138,26,55,50,134,25,0,0,326,16,2,1301,6,118,3,34,36,0,0,6,146,32,51,14,57,43,15,20,25,117,3,13,1,15,17,52,4,967,4,16,679,0,57,5,27,1181,10,142,0,17,0,13,69,18,78,36,8,34,19,10,22,10,39,316,420,122,12,32,8,19,1,12,59,62,34,28,12,14,99,31,46,5,9,210,44,39,50,39,2,11,2,299,48,2,17,78,22,2,51,9,58,66,3630,50,0,3,0,884,154,166,0,0,7,299,28,37,5,0,21,176,0,0,33,29,119,3,73,16,147,1,30,1,70,66,76,26,71,60,304,1,30,1,63,49,17,31,40,9,27,1,2968,225,6,45,395,0,0,171,0,5,15,0,43,7,41,12,61,11,9,33,38,83,50,5,0,7,74,25,240,18,0,116,229,45,195,0,120,22,63,3,73,13,4,43,15,19,2,125,11,43,1,160,52,0,0,6,2,2,1095,53,264,25,0,1,191,74,9,3,19,23,93,56,0,87,15,67,23,29,137,0,26,582,0,218,0,113,0,0,13,24,0,4,289,76,2,13,110,0,0,70,0,13,34,7,0,0,34,1,0,28,38,5,4159,30,254,5,33,99,159,7,20,1,20,1,13,90,15,1,8,61,0,2,0,24,1,5,42,16,11,4,14,3,5,14,21,8,292,0,95,14,44,36,1,0,3573,15,6,25,75,21,31,39,10,5,0,3,58,3,75,18,19,76,10,14,3,3,43,157,7,108,0,127,185,2,74,23,19,0,24,9,1,19,45,0,24,10,132,78,35,160,4,2,1,91,0,0,5,11,0,9,95,7,19,3,50,37,0,18
cell_135,1,16,0,22,24,121,17,47,7,5,29,28,25,13,5,2,20,21,2,6,26,104,2,10,128,3,24,27,38,77,16,2,24,9,0,0,3,41,154,10,4,131,0,4,0,12,32,92,129,105,63,43,0,13,7,0,2,625,1681,297,17,103,0,24,28,4,42,18,19,3,2,2,13,39,14,60,12,254,57,6,7,0,27,23,245,4,127,37,6,0,3,5,146,55,4,16,15,67,15,46,7,7,7,4,8,41,212,79,21,28,53,14,44,1,73,0,8,44,0,11,0,23,8,16,157,30,27,0,22,36,17,16,17,30,10,16,56,74,0,120,151,151,11,49,7,127,12,45,22,0,0,0,74,93,0,36,16,7,3,16,30,60,1,27,0,89,2,24,2,214,10,24,650,0,13,25,25,501,12,75,26,7,0,10,6,2,9,46,1,9,20,13,32,14,18,170,41,65,7,107,18,23,1,27,56,39,78,22,39,34,15,57,42,17,23,64,9,22,20,25,11,5,4,140,57,0,29,20,7,2,54,28,65,41,3451,39,18,17,0,1163,176,22,0,0,57,409,7,42,24,0,53,61,0,26,140,24,305,3,146,0,24,8,16,0,133,140,1,0,54,91,207,0,45,57,101,61,24,0,36,28,5,8,3010,375,2,14,232,2,34,179,0,6,20,0,0,29,35,48,69,8,11,41,35,21,0,0,7,74,50,66,42,7,0,12,145,53,128,48,156,27,51,9,73,100,4,29,2,4,0,242,7,19,3,161,67,44,2,26,0,6,785,72,154,38,0,0,56,53,3,0,0,4,53,40,10,75,86,48,41,58,241,18,4,109,9,175,0,50,20,0,27,52,1,25,147,4,4,6,77,5,1,30,18,45,11,18,1,0,20,22,0,2,40,3,7974,21,67,28,9,91,233,14,1,4,25,10,27,96,0,0,0,16,3,42,0,19,12,89,87,28,15,0,70,10,3,7,22,0,377,1,62,13,29,156,12,0,3147,23,9,47,86,16,11,4,2,20,7,1,87,12,22,45,136,1,6,8,0,9,81,34,9,46,4,41,30,25,1,11,72,3,68,16,146,49,8,40,15,30,126,42,13,119,12,0,0,55,35,0,12,16,0,1,104,86,4,16,44,61,7,11
cell_136,68,2,2,0,28,80,11,8,21,15,33,22,11,15,0,36,16,8,0,0,40,69,19,9,15,0,28,9,10,11,12,1,31,1,4,0,10,147,177,0,2,230,151,0,5,15,58,102,142,101,68,40,0,13,62,0,160,826,1844,151,14,119,9,11,69,97,65,48,47,7,14,1,26,9,24,29,1,241,4,0,11,0,28,3,199,0,144,34,13,0,0,10,141,14,12,23,18,109,1,6,6,6,115,2,12,50,199,84,5,9,25,70,40,20,77,1,39,13,0,0,0,0,4,31,121,39,33,305,46,4,37,21,130,34,10,13,62,42,0,113,215,58,8,17,33,272,9,37,60,0,9,3,94,16,76,5,21,4,19,14,14,113,18,23,1,117,4,1,1,217,0,22,730,10,39,86,1,370,0,92,5,6,12,1,72,5,45,4,6,74,9,2,19,22,5,198,18,2,53,118,7,12,11,78,39,90,44,16,7,29,8,37,42,11,6,81,15,6,5,28,14,19,5,146,56,16,135,90,8,0,23,3,5,23,3110,91,16,13,0,1144,189,49,13,0,50,106,0,35,4,2,63,74,2,0,165,28,0,0,164,7,71,4,3,5,6,47,133,1,51,111,161,1,57,59,98,59,1,0,65,0,8,3,3197,402,2,14,330,25,0,179,17,6,16,29,8,39,25,7,63,12,19,37,5,59,0,0,0,22,71,36,53,3,0,74,66,32,95,0,33,35,18,2,116,98,28,161,12,1,0,240,15,122,18,151,76,10,2,2,3,12,840,76,92,22,0,0,72,1,4,3,0,22,52,46,35,88,1,15,18,45,112,19,10,257,13,168,3,32,3,175,21,45,8,48,167,37,0,13,164,9,0,59,43,45,29,50,14,0,28,1,0,28,37,0,8265,3,51,19,18,70,199,28,15,0,31,1,17,92,0,2,50,11,7,1,0,20,0,25,138,14,8,0,5,1,10,16,32,18,594,4,55,8,35,115,0,0,3443,7,8,32,95,21,16,5,7,25,27,1,132,2,6,27,97,50,41,17,6,71,58,6,33,158,17,102,35,0,36,13,12,3,170,42,129,8,13,3,12,10,130,45,0,88,4,1,0,48,17,0,20,0,6,2,135,8,0,11,19,34,0,4
cell_137,5,28,16,7,41,52,8,30,20,34,46,5,31,1,0,64,27,8,0,204,15,99,3,2,35,9,6,50,8,6,4,50,23,17,0,33,44,168,735,15,0,263,2,1,2,3,96,175,53,93,69,11,0,9,16,2,8,2883,2152,47,2,79,6,3,24,21,25,54,25,3,28,12,9,95,6,28,15,186,35,0,0,1,20,3,238,0,15,22,0,0,2,2,89,81,11,13,6,41,27,9,2,2,32,3,6,88,152,202,15,56,3,65,41,22,39,3,30,56,0,3,3,8,27,25,465,10,11,8,19,8,43,37,35,24,13,39,184,24,0,2,358,89,1,241,23,135,5,66,28,0,0,6,71,24,92,17,48,10,10,17,21,150,9,6,3,23,26,34,2,1182,13,16,530,4,121,4,4,954,1,72,3,28,7,2,40,24,44,22,19,32,67,15,47,8,47,59,305,1,46,72,29,5,1,43,55,60,40,23,9,69,86,32,24,50,8,209,6,13,8,25,8,7,24,352,58,50,0,39,11,0,18,11,28,34,3769,18,40,0,0,802,156,67,1,0,68,119,6,34,3,0,66,209,0,0,201,22,39,3,63,16,120,15,13,3,40,57,30,6,31,14,248,1,57,92,65,50,77,0,13,28,14,0,3142,453,5,5,390,15,0,137,0,9,20,0,12,7,40,25,75,13,20,56,28,55,14,9,4,46,41,12,61,1,0,132,233,19,184,38,554,57,79,4,30,69,8,53,10,6,9,119,8,33,5,171,59,34,4,13,2,9,594,41,104,66,0,2,211,50,41,3,0,11,78,57,18,69,54,35,29,61,249,3,15,880,0,66,0,39,2,91,18,28,0,38,154,18,5,4,257,17,0,23,19,21,19,53,0,4,61,1,11,17,10,3,2460,14,128,29,28,72,207,34,8,12,26,3,2,48,12,0,20,15,0,1,21,4,6,8,18,13,11,0,66,2,1,4,9,2,281,0,89,8,37,147,3,0,1785,10,10,16,49,6,16,37,10,4,13,10,122,1,15,53,117,7,16,17,0,15,37,63,3,260,12,171,250,4,17,0,3,2,64,10,35,14,3,0,82,15,143,110,1,129,7,0,0,78,16,0,11,3,22,4,85,27,0,10,12,54,4,14
cell_138,118,14,7,0,25,146,3,50,8,10,30,14,30,2,0,54,19,7,0,76,20,80,7,0,1,26,12,41,5,27,12,64,88,5,0,10,18,2,268,5,33,188,118,0,24,4,49,180,164,21,72,27,3,7,45,7,4,7735,914,33,8,76,13,1,47,113,8,25,20,4,34,0,23,30,47,30,15,430,37,1,1,0,29,0,152,0,1,19,8,19,4,5,63,57,4,0,14,22,37,0,3,4,8,6,3,92,217,118,21,68,13,196,43,46,16,9,30,17,3,4,0,3,5,21,226,44,4,161,10,7,26,10,112,28,50,37,114,11,5,144,167,34,9,547,2,438,8,102,8,0,0,0,161,4,128,1,5,21,12,23,28,154,6,19,0,74,23,45,9,1159,13,14,609,0,94,46,26,1978,220,181,1,13,4,19,40,12,15,32,0,7,5,4,19,94,37,394,175,117,78,47,0,17,0,25,43,323,22,16,5,51,45,35,54,0,18,102,17,7,11,10,3,5,2,421,47,14,16,130,17,48,109,18,54,33,3488,28,11,0,0,854,112,221,0,0,19,200,0,27,2,0,44,356,1,0,35,12,21,4,66,1,203,9,7,0,72,132,0,1,90,79,154,2,28,0,96,29,45,0,15,14,30,31,3048,248,5,9,195,5,0,165,24,9,14,74,16,9,52,14,63,2,1,59,27,30,3,3,18,52,52,11,96,1,0,127,380,84,178,0,318,27,193,6,12,40,2,21,25,2,4,141,5,0,6,121,7,13,4,6,9,16,1350,72,257,88,87,0,85,61,48,8,2,17,83,3,19,61,105,31,0,50,111,2,8,1073,0,228,0,20,7,0,0,26,4,23,385,93,1,5,419,22,5,78,11,9,26,96,0,1,46,11,0,21,24,1,4071,7,202,16,27,60,119,12,11,7,3,7,16,19,0,0,3,30,8,3,0,3,11,0,123,24,32,2,22,2,3,11,23,15,354,0,64,23,44,240,1,2,3782,32,1,23,35,23,11,3,17,33,4,6,79,7,27,32,80,32,1,17,4,22,61,77,16,163,5,178,213,5,15,43,13,0,71,5,140,13,2,17,23,1,166,53,45,93,0,11,3,120,9,2,13,0,0,1,23,2,0,2,34,157,2,125
cell_139,0,9,10,15,55,21,14,27,7,0,70,8,15,24,1,1,34,14,0,0,72,50,58,16,6,9,69,30,5,2,6,1,9,20,0,4,2,259,85,4,0,81,0,0,14,2,53,39,105,98,55,3,4,3,0,0,1,151,4594,117,23,38,4,40,161,2,52,23,47,0,29,6,8,39,72,79,13,0,89,0,22,0,61,1,133,5,170,59,4,0,0,56,93,123,5,7,2,67,69,6,16,17,86,2,14,46,211,36,17,32,36,27,37,35,65,46,41,27,5,8,1,70,15,12,29,28,15,1,9,18,9,6,61,53,10,164,31,30,0,12,66,25,16,0,0,121,35,53,45,6,0,2,139,19,34,8,41,0,7,43,11,35,3,44,0,38,9,11,5,115,43,51,735,5,104,4,41,565,1,84,16,2,0,30,13,6,34,89,0,34,21,15,20,8,44,175,23,144,0,46,1,27,0,55,51,76,62,38,20,44,14,45,60,0,11,59,20,20,12,3,4,18,4,50,84,13,103,65,5,0,34,5,67,24,2564,54,12,0,0,1359,86,30,0,0,13,139,0,41,3,0,75,38,0,0,67,5,174,4,78,3,88,3,22,0,72,9,73,4,84,42,202,7,191,63,70,35,17,76,23,19,55,34,2363,166,4,12,123,6,0,145,0,2,23,0,39,27,33,29,44,29,11,61,81,14,0,4,0,2,65,52,105,53,2,3,90,36,48,5,29,20,27,2,99,115,17,30,3,0,0,144,10,77,25,76,14,26,5,11,3,4,1949,117,62,4,58,0,75,30,4,0,6,6,2,14,2,42,10,44,16,65,30,15,88,144,7,124,0,43,42,56,11,63,1,63,169,105,17,10,13,31,6,61,1,80,57,93,1,10,39,7,0,1,36,0,10952,3,55,7,20,46,183,28,41,1,22,10,9,92,2,0,0,34,0,13,0,8,7,0,129,56,7,3,41,10,6,5,38,13,262,3,59,1,28,115,2,0,6471,34,42,16,34,52,25,0,29,75,18,1,23,1,8,24,123,11,6,12,0,6,30,0,0,111,0,49,36,15,10,12,89,2,126,52,75,16,57,7,2,39,109,64,18,106,20,0,0,23,15,14,10,4,0,15,55,32,27,0,22,18,2,29
cell_140,0,31,3,4,14,64,12,65,8,32,38,33,34,29,0,7,23,11,0,2,37,82,5,10,93,9,50,57,4,27,32,8,21,58,6,1,3,46,459,4,4,129,0,0,0,3,58,157,38,193,64,4,2,23,4,4,6,1304,2076,99,20,147,2,3,47,28,44,60,22,5,11,0,22,72,23,26,7,369,33,1,6,0,22,0,274,0,63,21,2,0,5,0,187,26,5,4,12,24,10,17,0,7,3,0,17,87,166,105,21,74,7,75,57,19,63,5,6,0,2,17,0,30,20,3,280,85,18,1,19,12,3,7,110,39,39,51,79,191,0,46,164,71,5,141,2,173,11,30,24,0,7,13,100,12,10,44,0,13,13,23,6,115,2,29,0,66,1,51,4,205,12,14,726,1,140,91,39,466,5,73,14,6,0,28,51,4,11,26,2,33,27,19,42,4,51,240,156,133,34,141,2,19,0,23,53,91,19,15,19,63,7,49,39,6,29,12,4,12,16,5,4,5,3,265,54,15,22,40,11,41,14,0,29,48,3665,23,10,24,0,1062,275,43,0,0,38,192,6,28,13,9,28,271,0,2,235,23,33,2,214,10,59,4,5,0,201,56,9,11,33,104,137,1,13,83,63,73,75,0,36,72,5,0,3142,388,3,24,483,13,1,232,16,18,31,4,60,23,28,14,72,7,6,50,21,16,1,1,18,0,72,4,78,12,0,49,227,53,189,6,282,70,17,0,6,43,10,102,10,2,6,219,7,37,4,67,62,29,0,0,16,4,744,66,231,71,59,0,160,82,45,6,0,4,118,58,7,3,20,26,80,110,172,24,4,305,0,94,0,59,7,0,22,24,1,20,155,0,1,16,274,11,0,22,3,40,11,92,0,24,70,41,0,41,36,0,6554,24,83,23,32,84,280,15,3,0,12,15,6,121,0,4,7,14,0,14,0,27,28,0,84,26,4,1,73,4,19,3,28,14,727,0,62,1,16,130,0,0,1370,27,11,37,57,69,12,0,14,13,11,5,76,3,13,59,117,20,11,16,0,32,91,24,47,166,12,224,59,30,25,0,30,4,97,7,109,14,3,0,72,17,121,93,87,113,17,5,1,62,3,1,12,13,2,3,62,3,6,0,19,87,25,21
cell_141,0,22,25,0,19,137,19,2,9,1,19,11,29,11,0,49,24,10,0,0,41,39,4,42,49,23,8,58,20,16,9,1,16,4,0,0,18,23,154,0,21,220,179,1,14,0,52,133,167,94,76,23,10,5,0,8,95,786,1702,172,20,159,12,9,28,7,52,59,29,3,3,3,30,62,26,19,15,241,73,1,5,0,26,8,212,0,150,18,1,0,0,10,57,13,8,11,6,72,8,4,10,14,7,5,8,36,177,74,5,12,16,54,56,23,76,19,39,42,2,5,0,26,15,19,136,19,9,5,19,7,11,37,113,23,26,109,59,2,6,23,198,82,5,0,18,380,37,55,40,0,0,0,108,17,123,8,29,2,38,23,2,61,17,8,1,156,1,22,0,226,10,28,619,7,79,3,15,466,2,80,2,5,1,10,6,15,28,5,8,84,11,1,20,2,29,190,175,95,0,44,5,15,0,29,55,17,66,13,12,56,10,28,24,9,7,145,4,26,4,17,0,14,0,151,54,14,14,44,4,4,17,1,64,38,3463,64,16,33,0,1166,181,46,0,0,48,0,15,24,4,17,60,162,2,0,157,34,0,9,126,4,74,8,19,0,0,30,107,0,79,61,279,3,69,0,74,55,31,0,12,0,18,0,3056,374,3,27,0,2,0,168,36,23,30,0,24,34,40,31,55,17,12,51,50,67,1,0,2,139,50,23,204,0,0,122,181,66,105,8,208,39,25,3,55,127,9,24,4,1,2,231,9,57,3,116,56,27,8,45,2,12,859,51,122,85,51,0,86,62,9,7,0,11,15,8,23,100,6,68,12,60,168,15,0,233,58,150,1,47,13,218,0,26,0,32,171,0,1,1,209,9,34,18,17,35,31,2,2,13,8,48,0,7,18,0,8330,16,50,37,12,92,217,10,21,1,20,5,29,12,7,2,19,13,0,2,0,28,3,0,134,39,15,0,57,10,7,29,24,0,901,8,59,3,43,244,9,2,3204,19,20,6,72,44,6,6,8,16,30,0,123,11,16,70,113,37,15,5,2,29,123,14,2,141,21,291,29,38,40,13,1,0,116,28,120,3,9,0,56,25,140,46,0,174,16,0,0,63,5,0,12,16,0,0,85,51,0,2,13,69,5,8
cell_142,1,32,3,7,9,49,3,25,10,38,6,21,29,5,0,7,30,8,2,6,25,67,8,0,9,11,30,29,23,14,12,7,1,26,2,7,39,13,462,0,3,194,160,2,5,3,81,180,112,151,75,4,0,8,0,20,0,1276,2033,216,14,139,12,29,0,2,29,54,11,2,7,0,54,57,10,30,17,339,81,4,1,1,16,2,240,0,39,20,3,8,0,18,43,6,12,2,4,51,11,5,5,0,2,3,1,106,152,98,5,95,3,49,48,6,40,17,35,21,0,6,0,43,9,23,264,0,1,1,11,7,9,7,79,32,16,40,147,25,3,30,234,11,4,73,40,410,7,45,8,0,0,0,105,18,116,11,10,38,56,18,21,114,6,27,0,104,3,32,2,269,47,12,757,0,122,69,20,435,1,70,6,8,0,5,9,11,35,43,16,44,25,2,31,3,18,273,399,151,49,81,12,27,5,0,81,0,68,20,24,75,23,27,3,71,13,86,3,7,0,17,3,6,1,211,57,0,12,46,7,53,20,12,18,34,3595,17,5,56,0,1009,263,54,4,0,44,5,0,36,13,0,37,300,0,0,203,36,178,2,200,19,96,5,15,0,12,251,61,2,66,92,186,2,28,81,68,61,126,0,55,8,13,17,3051,362,20,22,0,24,0,207,21,10,16,0,6,30,42,16,73,16,12,53,27,59,3,0,13,89,36,73,48,9,0,138,224,52,124,12,209,78,130,0,25,48,20,0,10,1,7,196,7,124,18,99,46,5,2,13,0,9,786,53,119,89,54,0,110,78,46,5,6,1,103,16,27,44,111,14,62,101,98,32,0,275,39,119,0,158,0,0,0,26,8,7,75,4,1,4,252,20,41,20,43,8,21,35,0,35,6,14,16,7,26,0,6834,6,94,16,33,100,298,0,17,8,39,14,37,1,61,7,1,1,0,23,0,59,24,85,67,17,29,5,39,7,56,24,1,1,672,7,80,3,14,81,8,0,1533,19,16,21,9,4,24,3,6,6,7,4,67,5,15,46,14,7,17,18,0,6,73,14,3,133,0,357,78,41,35,42,73,0,135,6,170,0,3,0,2,13,115,52,63,215,20,0,5,42,23,0,7,2,1,3,130,0,5,3,44,86,0,0
cell_143,0,38,37,8,24,56,6,37,5,40,3,1,22,3,0,11,25,1,100,7,35,47,10,0,28,1,9,67,35,0,11,7,10,3,4,0,8,57,131,0,10,260,177,1,6,3,34,110,152,89,63,12,0,6,6,2,2,701,1740,271,3,20,2,40,0,24,13,24,19,3,11,0,22,11,22,34,8,0,69,4,7,3,16,2,205,0,78,27,6,1,0,9,193,22,1,1,22,104,15,1,0,2,28,5,1,61,221,80,9,70,4,82,45,14,72,49,17,11,1,5,32,61,10,17,144,8,8,0,35,13,0,28,133,34,7,107,64,28,5,10,205,44,39,29,36,115,21,50,35,3,0,2,118,10,26,2,2,4,35,18,25,101,0,18,12,125,0,32,5,223,35,22,605,1,128,79,2,445,7,99,10,7,0,17,16,13,31,46,0,70,25,2,10,5,17,183,57,173,19,48,0,21,17,32,75,4,0,7,27,32,2,25,39,27,10,4,22,50,1,37,0,8,0,116,63,4,32,14,3,5,26,13,30,34,2865,6,2,36,0,1025,156,44,8,0,15,300,72,35,4,0,57,172,1,13,162,33,210,10,234,2,33,11,11,0,132,50,10,4,81,29,284,0,59,0,71,62,15,0,10,27,45,7,3143,336,11,10,0,12,0,96,48,2,37,0,2,25,48,28,59,11,10,43,8,42,0,0,22,125,46,38,192,8,0,111,214,34,116,12,78,35,24,5,30,116,33,47,0,1,1,285,4,98,21,106,78,33,2,9,18,8,1061,57,46,100,80,0,64,68,30,14,0,3,106,10,13,5,152,63,13,32,209,10,0,299,38,196,0,112,14,0,21,40,0,29,167,0,0,13,197,3,34,2,11,51,14,8,6,9,18,9,0,21,27,0,7900,13,61,34,9,83,212,8,13,5,26,8,45,24,18,5,0,4,15,0,0,10,2,2,127,24,5,0,68,2,6,10,34,16,1063,13,65,11,45,194,9,3,3604,33,13,8,28,37,25,6,3,2,3,0,132,8,39,50,80,6,5,8,9,10,85,45,0,155,0,316,16,28,7,16,0,12,152,27,177,1,9,69,43,27,118,34,10,184,6,0,0,38,9,0,12,38,0,6,112,9,3,0,9,70,0,5
cell_144,29,12,9,0,53,25,4,99,22,27,63,29,17,33,0,12,30,9,0,0,55,42,38,2,32,0,9,22,5,12,9,79,21,12,0,0,11,132,75,3,0,86,2,1,8,4,56,49,120,99,69,0,0,1,0,5,1,311,4683,169,14,32,22,0,27,6,29,19,43,8,77,0,8,12,36,59,2,96,50,0,3,0,54,10,117,0,74,60,5,13,0,16,55,108,7,31,20,41,51,37,1,6,40,8,27,76,158,41,2,20,18,56,33,2,46,5,59,6,0,5,1,15,16,26,20,22,5,4,27,18,92,18,115,72,2,219,34,79,0,19,109,190,9,5,20,138,7,17,38,0,0,3,80,6,8,15,14,4,5,58,12,10,4,51,6,0,8,40,39,143,17,36,620,0,97,10,49,566,0,105,4,11,0,48,32,4,40,118,14,65,14,20,3,17,60,153,109,168,8,59,29,27,3,1,83,80,53,22,29,25,17,39,61,2,6,112,55,6,35,25,2,7,7,88,67,0,2,5,15,4,11,32,21,31,1968,24,1,22,2,1215,72,58,0,0,35,63,0,30,16,0,80,82,5,4,53,33,0,0,72,3,41,9,26,0,36,86,18,25,47,27,208,6,114,23,56,40,4,0,25,11,42,0,2259,192,4,3,16,58,4,154,31,0,18,0,86,8,28,28,53,15,7,68,43,58,1,0,4,0,27,35,32,3,0,49,115,3,41,30,79,19,42,2,57,146,0,44,3,33,9,159,7,59,16,61,58,3,2,5,15,3,1819,96,103,36,0,0,80,60,22,5,0,9,81,6,13,100,25,53,9,67,124,31,35,161,0,138,0,35,20,20,20,68,0,44,161,98,2,13,23,17,2,76,25,69,19,0,0,0,26,0,0,1,20,0,10841,11,55,26,17,51,185,52,16,10,32,19,35,101,10,0,6,5,0,7,0,5,0,91,35,36,0,1,31,2,6,26,19,2,91,1,101,10,43,148,0,0,7164,41,13,6,85,50,45,17,2,29,47,8,5,1,0,120,117,28,24,8,1,10,24,32,8,95,0,33,30,12,15,8,72,1,39,18,87,31,85,0,27,6,155,57,5,79,5,0,2,38,3,7,25,12,6,4,82,32,44,5,7,57,1,2
cell_145,0,13,0,15,17,7,9,17,19,11,20,15,31,17,0,49,6,3,7,0,38,102,0,0,53,3,30,73,38,0,9,73,8,41,0,8,58,43,382,3,0,246,7,1,9,77,68,173,150,128,70,0,5,3,25,2,0,485,2065,154,2,108,12,14,2,37,30,42,39,7,11,0,7,40,37,41,9,0,81,0,8,0,22,4,252,0,34,25,5,0,0,2,208,12,0,13,14,97,5,7,3,1,3,0,1,104,148,85,0,66,10,72,65,1,54,0,39,14,0,8,31,0,11,15,249,27,9,9,54,10,22,21,32,35,42,37,117,15,0,11,218,31,24,0,4,454,10,41,27,0,0,3,82,10,0,7,3,2,28,15,30,104,4,18,0,104,2,24,1,228,26,27,713,0,9,161,34,396,1,69,3,2,2,10,78,5,1,24,0,55,15,3,11,0,20,272,211,144,4,111,5,20,8,0,66,1,9,3,22,53,2,45,12,16,25,102,15,17,0,4,2,6,2,247,63,3,1,30,5,0,15,6,2,41,3479,55,3,24,6,984,211,46,2,0,67,211,6,34,19,51,46,199,2,0,169,22,173,0,147,12,128,8,22,0,196,71,0,39,40,11,198,0,18,111,50,52,5,0,18,0,13,9,3119,302,20,15,128,9,0,203,0,31,22,3,112,30,33,4,75,18,24,51,33,13,0,9,35,126,67,40,116,2,0,118,252,61,76,2,18,82,60,2,100,36,11,31,5,3,2,188,9,91,5,89,72,14,1,12,0,4,879,51,188,49,40,0,133,85,32,3,0,41,117,29,52,6,109,59,50,115,120,15,0,93,13,64,0,177,2,76,0,38,0,43,64,0,1,17,292,7,11,122,64,24,12,0,2,0,22,0,0,17,16,0,6751,7,87,28,27,102,280,11,20,43,21,0,10,81,114,3,0,2,3,1,4,15,13,0,51,12,3,0,34,48,23,35,14,1,321,11,54,0,37,207,1,0,1315,17,9,13,6,9,22,0,8,5,27,0,92,1,15,49,112,89,27,14,0,14,63,23,33,128,0,354,65,0,11,6,0,0,118,20,158,0,1,16,0,17,129,68,2,114,13,0,6,44,12,0,9,10,2,2,143,12,63,1,22,69,0,15
cell_146,2,26,3,4,23,364,5,26,3,0,30,1,33,10,1,9,32,1,3,57,9,36,12,10,28,112,5,33,31,7,5,64,83,22,103,2,38,11,272,1,9,215,81,0,1,3,24,145,181,33,87,58,2,0,10,2,116,6930,778,16,18,101,9,0,51,53,7,27,11,22,4,7,24,31,11,37,34,319,29,2,3,0,15,0,166,2,26,25,0,0,1,3,90,33,3,1,8,32,37,13,6,24,91,11,4,76,114,98,9,76,5,201,45,44,38,2,24,8,1,2,0,51,9,13,194,13,17,0,33,25,13,5,80,35,38,152,143,102,11,15,272,23,15,48,1,342,3,57,32,0,0,3,147,29,0,14,31,5,25,17,35,137,13,10,4,28,11,20,1,979,8,12,739,0,114,3,14,1284,268,163,1,15,139,15,7,10,29,38,0,13,13,16,24,0,19,563,383,182,34,59,66,16,3,9,55,166,16,19,6,53,11,19,35,12,19,197,16,13,7,2,3,13,2,533,36,10,6,62,17,82,10,22,15,73,3949,25,18,2,0,918,165,306,0,0,27,120,0,38,3,5,39,116,0,1,32,1,207,0,99,1,158,4,13,0,290,48,72,1,75,76,226,6,31,46,95,28,36,43,26,0,18,5,2924,209,0,6,16,35,22,94,33,6,19,22,24,17,9,14,68,18,5,64,30,77,4,8,10,53,90,49,96,0,0,71,338,50,162,3,111,41,83,12,111,40,6,41,11,1,1,132,12,78,11,136,64,42,1,1,9,15,1188,47,257,101,57,4,235,60,51,6,0,3,153,82,25,5,70,62,0,38,129,19,23,1287,4,209,0,47,16,256,4,16,9,21,434,6,27,2,401,6,12,68,15,22,19,59,0,1,54,12,0,18,23,42,3819,35,224,24,32,22,171,20,9,21,15,5,11,0,0,1,0,21,13,3,4,51,32,43,79,30,10,0,40,0,9,12,28,16,580,0,71,7,28,268,2,2,3542,21,9,27,34,5,15,4,13,14,1,37,82,8,49,21,27,101,7,17,1,20,82,22,9,96,0,59,143,8,20,24,93,0,61,15,118,0,3,4,27,16,173,99,75,135,1,0,1,30,16,0,3,13,0,0,26,38,3,0,5,59,16,87
cell_147,1,22,16,4,30,126,12,55,14,0,41,0,13,23,0,0,24,3,0,6,31,119,5,68,61,0,109,30,44,27,16,0,24,23,0,0,11,163,150,2,0,231,1,2,1,28,48,105,125,97,87,23,76,2,8,3,14,568,1671,310,4,59,3,7,6,19,40,40,11,3,19,2,41,17,7,3,12,133,46,0,13,0,25,4,179,2,136,15,2,0,0,11,126,91,7,21,56,109,82,9,14,10,11,2,8,29,184,57,7,27,13,48,46,2,77,142,44,10,0,3,54,18,16,28,161,53,1,0,9,21,35,1,49,34,3,1,72,168,1,0,199,58,39,0,4,93,5,16,11,0,0,17,112,7,21,70,20,4,21,21,21,121,12,33,11,42,6,28,4,230,32,27,728,0,1,91,11,484,0,120,6,11,49,35,44,17,17,41,6,44,20,6,17,0,48,202,144,178,4,87,0,20,8,1,66,113,43,5,39,41,24,32,49,1,28,129,1,21,4,37,6,13,4,153,62,12,0,24,19,26,8,3,11,35,3118,19,9,28,0,1087,181,48,0,0,78,328,0,35,17,50,64,87,0,124,143,5,196,0,151,1,86,2,19,0,4,214,109,16,6,133,279,0,137,0,87,44,1,137,6,31,21,4,3091,353,0,6,297,57,11,148,0,8,27,0,1,34,42,34,67,21,39,61,60,85,0,2,16,125,42,22,88,13,0,147,231,42,89,29,95,39,36,1,47,95,0,67,5,8,10,264,16,66,15,116,65,6,4,24,7,4,870,70,135,66,0,1,94,24,5,0,0,7,97,23,20,67,68,63,26,39,206,15,24,190,0,169,0,82,13,221,34,45,16,0,162,41,0,10,189,7,17,106,3,74,32,171,0,1,17,0,0,18,12,1,7913,4,55,6,7,79,188,15,15,7,14,11,19,1,2,0,0,20,0,5,98,31,11,1,111,18,26,0,63,5,11,3,14,0,757,2,67,2,63,117,16,0,3526,4,5,15,17,30,24,0,21,6,9,0,76,2,12,81,25,2,34,6,4,7,43,14,15,187,0,75,23,0,9,23,5,2,167,5,157,4,7,21,17,14,115,36,0,102,5,0,0,41,15,0,0,20,2,0,97,44,70,8,10,32,0,5
cell_148,247,25,1,2,26,19,8,35,10,0,20,34,11,23,0,4,33,2,0,0,22,85,21,4,80,0,24,100,18,7,2,16,40,20,0,0,25,22,263,2,0,273,51,1,6,60,62,155,152,14,92,13,0,9,0,1,0,5934,889,57,17,89,2,4,30,38,26,16,19,11,4,0,5,13,59,45,9,368,0,0,0,0,19,0,128,0,45,18,1,0,0,23,29,78,1,1,79,19,14,14,5,13,5,1,10,68,258,144,25,85,3,153,38,77,56,9,32,9,1,4,103,0,6,13,201,32,8,0,7,4,4,11,49,31,36,99,144,15,0,22,324,79,21,632,0,354,3,78,45,0,4,0,134,16,0,31,5,12,17,22,9,79,5,19,4,407,37,37,0,915,10,14,695,10,73,30,20,1158,2,201,18,5,0,19,37,10,11,18,7,31,20,2,3,0,30,767,357,264,57,40,1,21,0,1,51,110,4,7,7,89,21,24,19,0,89,215,33,15,12,1,2,13,3,454,59,13,12,168,19,0,29,18,2,58,3191,61,7,6,0,784,162,304,0,0,16,2,14,24,5,0,43,242,0,0,36,0,222,0,214,36,187,3,18,0,301,190,17,4,84,94,265,1,25,0,106,55,135,0,13,23,25,0,3021,189,0,7,474,25,0,184,5,5,6,0,0,31,5,4,51,5,6,68,23,3,4,11,12,0,34,23,80,2,0,77,252,75,220,4,325,30,60,19,52,26,4,135,16,3,3,118,1,17,10,121,57,50,7,4,2,0,1248,59,239,58,72,125,236,17,14,0,0,8,129,61,91,38,110,115,65,20,166,8,4,1017,0,215,0,191,0,0,5,13,0,36,404,2,43,18,294,3,0,89,70,13,10,6,11,1,9,19,1,47,34,72,4021,50,215,26,20,102,185,14,7,74,11,1,33,90,0,3,18,33,0,2,0,2,12,45,81,18,16,3,42,1,10,21,44,5,636,6,92,2,51,80,2,0,4111,19,7,0,84,35,33,1,8,0,24,0,86,18,69,42,155,107,15,15,0,180,225,37,0,82,5,161,156,14,1,19,27,3,55,6,141,47,11,0,20,20,138,80,5,41,0,2,1,25,35,1,8,7,0,2,46,39,16,0,28,110,2,154
cell_149,9,6,5,10,68,11,2,63,22,0,85,19,28,17,0,27,21,3,30,4,61,19,71,4,20,0,91,0,10,3,8,13,8,4,0,0,18,98,73,7,7,103,0,0,0,11,83,33,112,85,92,3,0,2,37,2,6,256,4437,150,30,18,14,23,1,13,57,15,57,8,0,0,6,18,25,77,4,101,36,7,5,0,22,0,131,0,148,73,0,0,4,20,90,91,0,5,3,74,53,14,1,3,70,9,3,17,213,7,6,11,20,16,41,21,50,10,42,7,0,15,0,1,9,19,25,8,23,6,38,21,26,14,7,77,3,33,30,16,0,75,101,7,11,0,15,60,19,45,12,0,0,0,107,46,113,22,17,7,37,57,9,8,18,42,0,56,9,0,7,109,15,26,686,24,2,29,16,383,0,100,3,16,0,15,124,17,17,133,1,85,19,33,17,0,24,207,93,182,41,74,0,33,0,7,54,19,20,12,50,79,20,27,51,21,22,69,3,59,0,34,24,13,1,68,72,10,0,57,4,9,53,2,49,23,2422,14,1,13,0,1409,73,21,2,0,91,3,0,39,19,27,61,45,0,4,65,14,107,3,40,4,29,7,19,0,53,32,14,6,29,113,210,4,74,0,52,35,0,0,56,0,32,65,2256,201,5,13,0,18,0,103,15,18,27,0,89,60,42,46,36,31,2,45,0,28,0,0,76,76,62,30,103,15,0,41,82,43,62,44,25,17,32,5,4,45,16,60,0,0,11,129,8,0,7,60,74,21,1,3,7,12,1900,108,105,76,0,0,46,52,0,21,0,14,79,49,52,100,23,25,26,31,147,52,11,123,11,126,0,40,3,257,11,58,9,66,159,126,8,5,26,5,18,30,2,70,49,4,5,15,28,10,0,7,23,0,10635,9,76,21,37,59,183,39,14,30,20,25,40,17,0,4,0,4,0,12,0,11,2,13,140,24,11,20,18,4,24,14,10,0,303,6,76,3,25,158,0,0,6461,12,34,2,75,33,43,1,18,29,20,0,148,0,36,64,123,9,12,20,4,16,22,42,0,24,0,22,28,1,14,4,12,0,142,19,153,2,18,9,13,15,134,51,0,90,13,0,4,41,7,3,18,24,0,0,63,67,7,0,9,67,3,14
cell_150,0,11,2,25,75,50,10,29,8,16,84,0,32,25,0,2,42,25,3,0,54,43,50,3,10,2,61,35,10,4,9,0,26,2,0,14,22,44,59,8,6,86,2,0,0,0,57,56,89,118,73,6,0,15,16,0,106,302,4500,48,39,12,29,12,18,0,55,64,23,8,11,5,32,21,31,92,2,97,76,1,6,0,54,12,119,21,122,76,3,0,0,5,105,138,4,8,12,55,11,32,1,8,137,5,4,51,203,41,16,21,7,95,41,29,64,24,14,1,4,10,12,38,25,11,29,2,16,0,58,22,11,31,77,69,11,171,29,16,2,95,128,180,11,25,5,3,3,69,50,0,0,0,1,0,102,15,63,1,6,71,21,42,2,18,0,187,10,48,1,87,19,37,641,9,69,11,36,560,1,111,13,0,2,0,43,4,3,112,6,56,21,13,56,14,31,186,22,101,7,88,25,24,3,56,61,82,5,40,19,74,4,46,46,3,29,15,6,15,0,19,17,4,0,66,70,152,67,48,7,15,128,15,2,15,2440,47,20,0,0,1357,79,21,5,0,19,6,0,31,19,18,72,63,0,5,64,44,0,3,76,9,92,7,17,0,0,46,1,0,5,153,210,3,66,0,62,45,35,0,2,5,15,0,2252,191,4,3,15,19,0,165,2,12,30,0,5,50,51,14,46,21,14,61,0,69,0,0,0,0,59,61,92,2,0,93,116,54,42,0,92,21,57,7,116,159,21,15,1,0,1,158,15,81,19,67,48,9,2,16,3,3,1984,117,101,102,0,0,65,33,0,5,11,29,3,10,36,92,12,26,81,80,112,50,0,148,25,96,0,40,22,0,19,13,2,75,132,144,11,8,99,26,2,1,14,19,32,1,7,0,10,2,0,13,29,0,10457,4,58,28,24,52,196,12,34,8,34,16,48,42,0,16,11,14,0,8,0,10,6,8,151,53,6,0,48,0,16,16,32,9,191,0,71,7,58,117,7,0,5980,22,29,3,19,35,44,1,3,69,21,1,159,7,12,24,110,14,2,32,0,29,23,3,0,82,12,299,29,13,11,0,17,9,138,25,135,3,25,0,4,19,125,51,0,102,23,0,0,48,14,1,17,1,0,0,27,30,10,6,33,29,0,4
cell_151,5,8,8,29,18,15,1,36,5,10,8,4,16,22,10,9,17,4,4,39,37,14,10,3,16,49,16,3,1,7,13,0,12,7,0,0,1,13,487,0,0,264,1,0,6,2,67,172,115,181,57,21,0,6,11,37,19,1393,1830,163,16,133,4,9,0,9,13,26,38,7,58,0,57,37,11,38,11,323,73,3,11,0,25,2,240,0,40,26,1,0,7,28,235,21,19,3,10,18,24,17,6,1,13,2,9,83,107,113,9,43,3,57,60,4,53,3,31,13,0,6,28,109,20,28,251,13,6,9,39,15,11,15,130,31,11,5,117,332,0,121,107,23,11,1,4,226,6,39,31,0,0,2,85,23,0,20,27,40,29,21,20,68,9,28,3,17,4,52,6,245,44,23,739,0,118,86,10,412,8,81,7,14,44,15,35,10,4,45,4,87,23,4,33,3,31,281,321,39,13,97,0,34,18,36,81,68,28,25,32,54,11,40,35,0,20,127,1,45,13,47,3,6,1,283,44,0,6,55,8,48,9,7,43,30,3187,8,3,2,0,912,283,14,6,2,33,112,0,51,6,7,30,304,0,12,195,10,57,3,176,8,96,6,4,0,170,96,46,0,69,85,198,0,27,9,39,39,36,0,21,6,44,15,3062,355,2,10,560,10,4,34,8,18,31,3,22,26,4,7,63,20,12,39,11,34,0,0,2,146,60,113,51,4,0,9,169,53,170,5,165,86,11,0,38,51,42,33,5,2,9,217,3,89,10,98,74,56,2,11,0,24,629,62,236,89,2,25,150,111,2,5,0,2,114,10,23,12,55,1,6,94,83,7,2,292,11,87,0,56,13,2,0,41,0,10,184,16,17,7,95,22,62,69,2,15,12,21,0,25,45,9,0,27,23,9,6832,10,76,18,36,74,313,2,9,13,25,8,59,3,11,0,0,6,14,5,0,10,17,11,72,11,9,0,43,2,39,15,3,1,882,0,48,5,18,185,2,0,1624,17,5,27,19,39,31,0,5,7,4,0,57,2,14,42,8,28,10,13,9,1,26,32,0,148,0,338,61,13,3,10,9,7,120,14,148,7,27,139,32,7,111,75,4,236,4,0,0,73,10,3,18,3,1,6,105,35,22,4,41,80,1,17
cell_152,0,47,1,11,28,4,14,25,7,89,0,25,25,18,0,21,7,5,0,16,22,34,12,0,8,10,14,83,23,1,2,7,0,2,0,2,37,67,163,1,15,201,232,0,3,3,55,79,102,83,78,6,43,11,10,0,10,782,1800,255,15,182,6,27,4,65,51,23,29,5,11,2,38,14,49,28,19,305,73,1,14,0,26,0,235,0,74,28,2,0,0,33,209,31,13,20,9,19,13,9,6,3,5,4,5,60,184,59,8,33,19,94,47,3,83,1,23,41,1,6,0,33,9,17,125,16,38,0,7,15,25,17,76,25,9,11,59,85,5,0,84,85,18,27,12,485,3,36,35,0,0,0,107,10,101,13,38,22,14,16,24,32,3,25,0,6,12,42,0,251,29,30,681,0,92,30,30,524,2,95,7,12,0,20,54,0,17,56,11,17,12,22,37,29,26,169,141,209,10,55,3,22,5,24,63,21,76,18,4,63,13,37,43,14,5,119,9,8,4,5,2,12,4,151,76,0,71,31,7,2,26,22,84,38,3437,27,23,64,0,1234,182,54,1,0,110,312,9,28,4,21,54,164,0,0,179,34,174,0,145,16,101,4,8,0,173,103,96,7,74,89,219,6,90,59,83,40,44,48,16,11,32,5,3043,340,13,4,99,1,0,232,0,11,18,0,18,12,52,17,83,4,0,49,65,16,0,7,2,3,63,35,160,0,0,35,211,40,103,41,20,53,41,3,79,88,0,53,2,8,9,258,12,9,5,119,76,23,0,0,10,16,1064,57,126,1,1,72,71,22,26,3,0,3,38,26,74,72,5,49,28,45,14,11,9,208,0,155,0,127,14,180,15,48,6,50,171,127,5,4,112,11,12,37,98,57,32,62,0,2,42,10,6,8,31,0,8051,19,53,20,5,87,244,6,18,2,20,14,15,37,4,0,21,27,13,12,0,10,20,4,104,22,6,0,19,7,2,10,5,4,911,17,61,18,28,216,0,0,3280,30,14,28,95,7,25,6,11,10,27,0,89,4,8,20,88,57,5,19,0,13,8,0,18,106,0,309,23,4,14,7,46,4,69,24,164,8,7,117,14,24,153,34,42,71,4,2,2,58,4,0,0,0,0,3,136,50,55,5,32,31,0,4
cell_153,25,29,19,5,18,32,0,33,11,0,27,1,8,13,0,65,13,2,0,7,33,70,4,0,29,56,31,20,34,2,6,90,15,16,12,7,17,82,440,11,1,207,4,2,0,12,70,179,157,202,80,3,0,10,12,1,16,1252,2079,215,6,96,11,1,57,16,9,52,28,8,1,13,16,149,15,31,28,294,50,3,12,0,25,5,209,0,79,22,1,2,0,6,200,15,34,14,1,90,5,7,2,6,13,0,5,21,123,42,2,13,9,115,62,2,64,30,50,14,0,7,0,2,28,15,140,5,10,0,62,30,7,8,75,35,49,15,128,23,4,127,118,70,6,24,34,324,8,28,25,0,2,8,121,4,42,8,61,9,17,24,18,11,16,14,0,52,4,8,22,250,14,26,732,2,8,112,15,441,12,86,2,5,0,5,22,1,44,17,23,59,2,4,18,9,57,317,276,144,1,109,13,11,74,0,58,25,78,11,10,43,16,17,12,25,14,161,18,58,1,4,0,7,3,272,58,8,0,81,0,0,38,0,23,32,3345,39,6,35,0,1022,296,38,2,0,9,393,2,34,6,0,46,225,1,2,181,22,181,0,6,0,118,6,4,0,170,112,62,61,59,16,157,0,27,0,98,49,0,0,16,6,20,18,3236,337,2,33,202,22,2,222,21,30,19,0,0,12,32,8,85,11,5,60,7,113,0,0,1,1,51,91,27,34,2,65,202,67,165,1,42,59,0,1,29,63,25,78,16,14,2,211,6,123,11,103,57,51,0,13,2,11,747,47,174,38,63,0,146,40,11,21,0,40,109,31,58,34,0,10,21,112,66,38,1,451,0,122,0,125,13,31,5,29,34,66,166,8,12,13,134,28,63,106,8,9,8,55,1,1,37,7,0,15,29,0,7063,18,64,30,25,74,235,24,15,10,35,19,41,46,9,1,101,8,0,6,20,27,2,6,44,9,74,1,23,1,54,20,8,7,810,6,52,26,59,220,0,6,1486,32,7,18,64,14,27,11,24,20,4,1,72,0,7,35,88,96,24,20,2,14,54,38,2,168,0,340,89,25,55,39,191,3,94,6,157,6,15,2,3,30,159,76,18,289,4,0,7,29,2,2,21,1,0,2,171,6,35,9,16,51,0,1
cell_154,12,32,8,6,21,284,3,22,3,1,25,0,20,5,0,78,17,2,2,160,39,36,5,0,21,83,11,39,16,2,6,4,14,55,0,0,12,35,254,3,2,286,0,0,12,2,72,156,176,22,76,20,0,6,2,3,6,6687,887,70,0,96,16,1,8,28,2,19,15,10,22,2,16,28,18,28,23,313,25,0,1,0,20,2,133,0,1,20,10,0,0,9,94,29,4,0,7,58,23,19,2,8,50,1,3,76,233,99,8,92,2,213,44,17,44,2,27,18,0,1,6,36,18,15,274,9,1,0,34,13,0,6,88,36,25,53,149,41,0,53,358,19,11,1722,0,272,3,113,46,0,4,29,127,0,0,17,5,16,12,14,21,58,12,22,13,17,14,77,8,908,11,17,728,0,97,128,1,1223,92,169,4,17,19,10,18,7,34,25,0,19,12,2,20,0,20,538,321,116,6,24,4,20,1,45,53,21,3,11,31,45,49,23,33,0,20,83,12,32,12,31,1,5,2,404,47,12,8,5,24,63,103,11,3,52,3518,9,15,8,0,852,178,174,2,1,23,206,24,39,4,15,40,241,1,1,36,37,0,4,87,0,101,7,9,0,244,81,2,17,47,16,251,4,69,57,99,26,60,0,14,6,35,1,3075,229,14,18,166,11,7,137,31,2,28,0,27,25,40,5,77,10,9,68,20,53,11,6,75,20,80,85,151,4,0,160,339,24,172,0,273,26,41,13,91,26,0,47,7,7,19,118,8,109,3,168,76,39,6,4,12,3,1307,53,266,93,0,1,233,97,17,5,0,10,178,8,97,56,107,27,0,25,173,5,0,500,0,252,1,154,19,228,4,33,6,30,397,150,13,8,146,9,6,89,41,11,29,10,0,2,26,4,0,37,18,6,4032,3,236,14,18,94,162,6,9,8,16,6,12,54,22,0,1,73,1,0,0,13,38,0,67,23,24,1,42,2,7,8,45,43,175,1,112,5,23,191,5,0,3977,5,4,23,22,37,21,17,6,5,0,1,91,0,71,46,53,1,6,8,2,4,48,80,4,138,0,111,206,5,36,13,0,2,50,4,85,2,2,1,24,5,174,65,61,107,0,0,1,101,38,0,1,10,1,6,69,106,0,0,36,133,0,21
cell_155,0,1,55,12,36,13,1,32,20,14,10,0,49,16,0,118,35,8,0,26,31,100,12,2,18,7,20,61,38,1,5,106,50,11,1,2,10,141,747,0,1,244,40,0,4,6,50,222,162,81,65,0,0,13,12,1,0,3108,1974,132,0,146,4,3,17,115,17,25,29,9,18,10,12,142,19,32,16,609,6,8,2,2,27,0,196,0,52,11,3,5,0,7,119,78,7,16,8,134,22,11,0,1,0,1,3,30,234,218,3,88,1,96,43,17,55,13,10,26,0,12,2,27,33,23,449,74,2,8,8,18,5,11,118,21,19,28,145,51,0,0,359,51,17,256,18,178,0,50,20,2,0,3,88,66,136,6,9,25,6,11,8,70,4,24,3,5,3,50,3,978,11,20,635,1,32,87,26,838,0,104,0,3,0,21,23,1,13,56,0,27,50,19,18,6,46,136,343,180,85,70,1,13,9,43,59,27,25,7,9,62,4,26,20,36,22,221,15,12,12,1,3,3,16,308,59,3,1,27,19,0,29,9,5,48,4343,14,15,7,0,821,161,58,2,4,2,220,3,39,3,4,82,196,1,19,181,4,74,0,313,11,128,10,3,0,100,49,102,56,34,45,207,1,28,1,83,44,125,119,11,35,7,6,3149,519,10,18,128,46,0,167,3,4,28,0,6,42,45,0,63,11,18,45,5,64,4,3,7,28,42,21,105,9,0,96,257,60,130,11,68,45,62,2,59,133,0,126,4,11,8,104,6,38,13,128,94,11,1,2,21,0,581,21,44,63,48,7,228,77,26,5,0,24,82,17,5,1,3,27,50,48,230,3,0,1165,2,68,0,104,1,2,1,44,21,3,204,114,3,10,288,2,8,211,22,10,23,3,2,1,48,0,30,5,46,0,2724,30,163,22,31,89,237,11,23,94,24,6,8,25,41,0,24,6,0,2,0,6,1,4,63,11,58,0,24,10,5,10,9,7,624,1,69,25,35,54,10,1,1561,22,5,1,14,30,27,5,5,7,9,0,123,2,63,154,101,47,33,15,0,55,60,8,23,266,1,231,203,8,7,26,168,1,71,5,57,30,10,1,55,16,167,91,98,163,2,2,0,47,7,7,9,16,0,8,145,0,34,3,24,11,0,90
cell_156,1,78,3,15,27,135,12,57,8,23,33,15,43,11,0,32,35,7,3,1,37,69,11,1,10,10,22,20,3,16,2,0,13,0,0,1,11,24,252,0,0,343,32,2,12,9,25,85,160,18,61,89,9,2,12,19,33,6660,886,89,24,91,14,18,41,0,28,15,11,2,10,0,36,8,17,18,29,242,29,0,4,0,23,12,180,0,3,41,5,2,0,14,78,13,5,7,4,59,61,4,3,12,4,3,2,85,245,64,22,103,8,182,34,3,76,0,13,21,0,1,0,73,8,15,305,36,4,0,36,9,13,38,9,27,40,24,124,49,20,42,199,42,11,70,14,263,5,104,21,0,0,1,88,96,5,10,18,51,36,19,7,136,1,15,0,214,23,92,1,725,14,7,522,5,98,36,4,1433,391,169,2,9,0,27,24,15,16,33,3,5,13,1,15,7,13,663,226,122,77,49,1,14,0,1,51,79,24,17,13,15,6,22,34,68,61,140,13,9,2,36,0,16,0,551,49,2,17,40,34,23,19,12,48,51,3684,41,25,18,0,869,162,278,0,0,31,0,28,31,15,33,34,278,5,0,28,15,7,0,196,21,177,11,15,5,14,232,16,0,49,37,132,3,7,0,90,21,17,0,16,25,6,3,3062,270,4,17,2,11,32,174,18,0,19,0,1,46,19,4,57,6,3,60,13,2,0,8,1,43,15,37,101,0,0,136,384,67,163,27,274,21,115,5,51,50,7,69,8,1,22,146,16,13,14,135,82,14,2,19,0,7,1135,48,275,43,0,0,47,34,11,0,0,17,100,9,82,99,354,105,43,24,155,19,0,1208,67,189,2,41,2,225,1,36,0,26,36,13,0,10,294,1,7,67,6,11,27,23,0,4,4,0,10,6,41,0,4393,83,181,6,13,116,207,2,7,23,12,0,16,87,1,1,0,25,8,17,0,12,58,1,101,20,27,1,20,9,1,3,2,30,393,2,79,9,38,271,4,1,3457,26,4,1,17,1,43,13,4,14,25,13,91,36,52,28,2,53,13,15,0,11,77,6,10,126,8,36,112,9,37,14,51,0,55,12,123,37,8,49,26,11,187,113,48,162,11,1,1,141,26,0,26,8,0,0,64,49,21,4,43,28,0,29
cell_157,6,36,14,3,22,61,17,24,10,2,18,17,37,17,29,26,27,9,6,106,12,74,8,4,56,0,21,82,32,30,5,7,40,42,24,12,28,76,281,4,11,172,125,1,13,9,50,143,175,28,50,9,0,2,8,14,17,4301,870,41,30,75,11,2,36,22,27,17,11,8,4,0,24,23,19,40,4,416,36,2,0,0,17,5,183,8,45,31,4,0,0,3,27,92,3,1,34,17,36,16,1,27,64,2,1,44,151,103,13,50,6,112,42,18,20,19,42,8,4,2,0,36,11,12,52,54,5,178,30,22,4,33,57,25,77,87,118,44,0,155,166,16,5,34,15,322,9,58,11,0,0,0,141,42,177,9,6,7,10,16,35,150,17,12,2,258,46,34,8,1082,10,14,495,2,93,34,10,1389,194,163,2,12,1,0,11,3,11,26,5,36,6,5,15,11,24,709,398,156,20,33,42,10,11,47,38,69,2,11,11,118,3,35,36,1,57,192,8,69,36,2,2,13,6,322,46,1,12,71,24,6,152,4,14,54,3829,83,14,6,0,972,157,281,6,0,51,143,39,24,1,0,33,199,1,0,26,6,203,1,46,14,72,1,27,9,41,221,0,7,55,61,332,0,46,13,105,58,30,11,7,1,19,71,3031,205,1,12,462,0,0,195,18,2,25,0,39,31,48,7,79,9,2,90,21,18,0,3,6,14,68,43,129,0,0,105,400,82,208,23,315,34,40,2,47,34,6,39,13,6,3,108,7,14,5,148,24,61,4,31,3,0,1364,51,306,21,0,24,96,66,23,6,0,33,34,40,50,36,34,114,5,23,213,10,0,768,20,193,0,63,18,118,1,5,2,32,382,20,11,3,303,6,30,25,1,19,19,2,2,3,19,25,1,33,15,98,3890,18,192,20,15,76,198,15,5,12,10,4,7,49,5,2,32,93,61,4,2,5,18,0,88,19,7,2,30,6,7,3,5,13,441,0,64,5,20,92,4,0,3420,26,5,36,48,15,7,10,7,27,2,9,128,9,48,17,108,94,2,13,19,16,223,38,23,39,2,62,199,29,15,5,61,2,49,21,41,30,25,3,0,4,139,104,100,157,2,0,12,76,38,1,16,3,0,5,28,106,1,2,12,117,0,17
cell_158,36,21,37,2,23,137,4,21,6,32,32,27,27,9,5,53,24,8,1,6,22,37,8,4,7,54,46,0,16,9,3,0,14,8,4,0,29,24,318,0,8,289,161,0,15,1,75,152,167,34,94,93,0,5,9,24,66,6364,838,54,20,95,1,4,54,46,37,48,15,9,10,0,30,31,26,54,10,320,8,3,5,0,23,1,173,0,32,21,14,0,0,10,44,47,3,0,15,18,38,0,1,1,2,0,7,32,225,131,8,112,6,115,52,48,80,6,30,18,3,2,27,15,0,18,244,44,2,0,7,9,1,15,123,8,17,1,134,143,0,36,242,15,15,0,0,13,0,126,10,0,0,0,84,0,20,34,4,47,10,23,0,165,41,14,0,18,8,61,0,723,17,23,562,5,45,63,20,1343,101,171,3,12,116,21,18,17,15,17,0,14,22,3,17,6,40,746,428,44,8,34,1,18,3,15,61,361,14,14,5,70,0,41,41,3,6,224,6,30,17,4,2,12,0,482,42,41,6,17,26,24,24,16,5,24,3272,31,8,0,0,861,172,135,0,0,8,363,1,18,2,17,30,298,0,0,25,5,61,0,193,6,161,15,19,0,297,102,82,1,18,65,178,4,33,0,84,48,79,0,16,6,20,0,3145,271,5,24,0,22,0,185,6,3,18,0,18,35,2,2,60,21,0,52,0,7,0,0,1,0,76,29,104,0,0,91,357,67,142,10,360,24,161,4,71,51,7,42,3,2,1,122,1,0,9,113,93,23,1,11,2,14,1182,46,276,88,0,189,243,74,0,4,0,69,108,16,99,24,58,34,62,29,127,7,5,1513,0,206,0,94,6,106,0,18,1,8,354,95,8,16,380,7,7,205,13,6,25,18,0,6,10,15,0,41,25,0,3788,1,221,13,14,127,161,22,13,0,18,1,18,48,1,1,16,10,0,0,0,25,14,19,116,19,7,0,15,0,1,17,9,45,488,2,105,13,31,232,0,2,3730,19,6,2,11,57,24,0,4,18,23,0,89,6,108,35,158,110,16,13,0,44,117,103,7,121,0,149,194,5,21,4,9,1,55,1,130,37,24,14,36,14,102,83,1,93,4,1,0,125,53,1,25,7,4,0,26,36,4,4,21,147,0,10
cell_159,56,39,0,2,23,70,4,31,0,12,30,28,12,3,0,162,28,8,0,42,29,82,5,3,101,23,18,71,21,40,16,8,76,22,3,0,121,22,285,3,0,202,0,0,8,6,24,137,150,20,85,117,0,3,32,5,83,5579,887,54,6,88,3,5,62,22,25,25,25,6,18,0,5,26,32,35,19,83,28,1,0,0,24,5,156,0,26,27,6,10,1,1,57,24,4,0,6,36,35,12,3,12,32,1,3,95,261,111,32,36,2,68,45,14,53,5,6,33,0,2,1,42,2,12,237,41,9,0,38,18,0,54,64,33,17,35,127,123,0,103,230,38,5,1309,5,371,4,110,48,0,0,1,117,5,0,23,14,4,10,20,3,109,13,18,0,42,14,88,2,1024,13,14,539,2,152,47,19,1161,2,184,4,0,8,8,23,8,24,27,7,34,19,9,26,57,37,635,428,39,39,37,33,17,22,41,51,197,20,20,9,78,45,35,37,40,9,125,11,23,7,17,5,1,1,377,36,18,1,20,24,0,31,26,19,51,3146,86,16,6,0,833,158,291,7,0,20,614,16,27,5,8,28,266,3,0,27,20,262,10,36,10,175,6,21,0,154,199,0,0,65,56,236,5,15,40,87,56,64,24,82,1,8,7,2887,208,1,40,474,11,0,141,0,0,13,6,48,26,46,9,59,26,4,64,32,0,0,1,8,10,75,37,117,2,0,31,357,60,181,14,349,30,97,38,49,50,22,55,14,0,8,140,6,3,10,143,43,47,1,12,2,9,1030,62,306,76,0,0,173,98,15,1,0,4,94,34,15,26,158,25,15,25,172,7,0,437,55,227,0,87,12,219,1,28,14,23,439,0,0,8,362,12,0,78,18,23,10,127,0,4,59,7,0,32,6,2,3921,30,211,28,16,136,187,8,5,61,19,0,4,65,0,1,14,60,1,5,0,14,16,2,30,23,33,2,45,6,2,10,14,10,401,3,58,18,5,292,1,0,3591,25,5,2,27,33,19,6,16,15,14,37,86,9,57,34,142,6,5,10,2,22,233,36,13,154,1,28,184,9,17,4,32,0,73,15,104,74,16,2,13,21,100,118,0,108,0,5,0,128,19,2,24,2,1,0,35,13,0,2,33,55,0,92
cell_160,0,9,4,1,35,194,19,11,3,5,28,1,19,12,10,62,4,12,0,71,22,64,15,1,85,85,110,80,3,9,4,81,50,1,9,1,18,56,278,2,22,250,0,1,0,3,51,154,156,26,71,3,0,3,0,2,0,6050,873,56,9,13,4,1,17,38,44,46,12,11,3,2,50,24,9,59,9,0,35,0,2,0,26,26,176,4,40,28,4,0,0,29,19,54,1,0,6,33,11,31,5,4,135,2,9,52,211,137,8,124,3,63,41,56,47,4,32,1,4,8,0,40,17,5,218,25,7,0,50,17,11,25,113,22,107,39,150,49,1,99,358,2,4,559,2,292,3,54,48,0,0,1,133,13,89,26,8,7,8,24,15,30,0,16,0,115,15,14,1,877,6,12,679,2,6,66,23,1379,13,162,2,15,0,15,2,6,66,39,0,18,13,4,7,0,24,735,194,247,11,72,6,19,0,47,57,121,0,21,19,93,44,29,41,0,17,193,15,22,2,32,2,5,1,539,54,7,49,8,18,21,68,10,48,49,3748,32,16,1,0,887,160,145,5,0,12,679,55,34,7,3,31,186,1,0,28,3,171,3,37,1,147,13,17,0,308,9,0,9,81,67,214,3,20,19,96,33,6,0,16,0,26,49,3097,189,0,4,153,1,1,115,7,0,30,0,13,6,27,8,70,14,1,61,0,29,14,0,3,0,92,22,198,7,0,168,355,65,226,0,375,21,15,1,66,43,17,136,6,7,0,125,1,92,1,161,86,11,2,0,1,23,1373,42,259,106,83,18,180,85,15,4,0,19,110,57,45,43,11,89,70,26,149,15,12,1280,71,211,2,157,6,232,0,24,17,28,460,2,6,4,248,17,88,77,1,2,26,9,0,12,0,2,0,49,40,0,3878,15,209,11,27,52,144,22,13,0,13,6,21,45,0,0,118,33,0,0,0,15,30,0,58,8,7,3,29,0,16,7,24,8,473,1,89,5,38,228,4,0,3513,18,6,11,51,19,7,10,1,9,3,13,92,0,101,27,61,121,5,20,21,6,56,35,5,131,0,174,184,10,38,9,146,0,80,2,154,3,25,74,22,13,148,82,56,179,2,0,2,46,23,1,27,6,0,3,66,52,18,0,25,55,0,26
cell_161,0,29,32,11,25,0,8,10,10,16,39,7,28,36,0,58,33,11,6,21,33,62,13,1,77,2,112,35,43,45,9,42,65,6,0,25,29,78,303,3,15,336,36,0,3,2,63,168,81,17,73,6,0,6,0,1,0,5626,842,53,14,64,19,5,52,17,32,58,24,2,1,0,7,8,11,45,6,424,10,0,1,0,12,3,162,0,59,24,0,0,4,1,31,79,2,6,50,19,4,20,6,6,54,3,12,92,187,114,14,29,1,98,39,85,43,13,6,10,0,4,5,1,22,1,188,27,10,17,33,3,1,29,96,20,26,105,140,12,0,13,328,16,2,354,3,82,5,99,7,0,0,0,139,7,0,29,7,2,6,26,21,56,0,16,0,283,15,38,1,844,7,17,618,10,51,37,4,1098,0,159,8,0,0,2,32,5,32,0,2,30,20,0,29,6,44,692,70,213,3,34,5,5,1,6,40,254,9,8,11,88,26,18,37,7,28,210,12,100,10,5,15,10,4,434,40,37,6,347,23,1,82,7,24,13,3753,27,10,3,0,906,141,73,0,2,19,0,40,31,1,0,26,162,0,0,30,26,10,2,71,7,232,8,28,0,266,45,78,0,55,2,298,8,22,68,79,37,0,0,16,0,9,0,3049,224,4,35,321,0,0,192,0,0,20,1,38,26,24,9,65,8,5,60,0,41,30,4,2,0,31,55,235,12,0,140,312,53,183,8,367,22,7,13,53,46,4,42,0,0,5,138,0,72,2,146,29,28,13,23,3,21,1150,54,294,49,0,10,242,40,36,11,0,20,87,86,64,43,15,86,49,36,158,1,8,825,3,217,3,85,13,0,16,15,9,32,386,10,1,13,110,3,51,46,4,10,22,68,4,0,67,0,0,9,10,0,4291,11,204,26,28,128,174,11,11,16,8,4,44,101,0,3,4,56,0,0,0,2,6,3,97,17,4,2,32,1,11,9,45,0,625,0,64,6,12,105,0,0,3242,6,15,0,93,56,24,4,10,2,20,0,111,0,63,25,144,34,2,8,0,111,82,67,6,78,0,121,189,4,22,11,85,3,63,29,83,15,5,0,38,6,142,98,3,181,18,11,0,61,4,1,21,4,0,13,44,174,0,4,32,118,5,14
cell_162,14,18,29,10,22,40,5,37,12,3,24,28,16,4,0,1,12,7,0,24,29,99,13,10,98,65,10,4,41,29,2,0,0,31,0,0,59,17,220,7,7,277,47,0,5,14,53,156,142,21,59,125,0,1,15,0,17,4795,922,95,13,66,10,3,13,6,11,18,3,3,9,2,37,18,19,7,24,231,29,7,2,2,17,5,145,0,61,25,0,0,1,31,78,56,1,5,2,35,181,6,1,13,53,10,3,72,217,94,10,139,6,68,36,12,42,0,18,7,0,2,10,57,13,26,238,54,9,488,26,6,2,22,51,22,36,39,82,138,1,5,332,16,7,0,9,307,12,26,23,0,0,5,136,7,19,36,19,10,46,15,10,52,28,17,1,52,4,37,3,948,27,12,527,7,57,189,0,1272,2,162,6,9,63,29,15,21,28,35,22,35,19,10,16,19,43,679,397,154,3,41,21,19,9,4,48,96,13,6,18,95,16,20,25,25,50,193,16,100,3,31,4,17,1,308,34,0,0,210,17,56,27,25,58,59,3618,12,1,22,0,902,171,9,3,0,7,5,21,22,7,14,32,106,0,1,39,5,24,2,156,21,5,3,12,0,256,33,73,4,49,52,242,0,17,14,38,34,0,4,23,10,22,0,2859,236,2,26,11,37,61,73,27,8,29,0,1,38,34,15,61,24,19,84,40,64,0,2,89,29,16,50,336,9,0,163,387,68,177,1,293,33,3,7,8,35,3,71,0,5,12,142,18,18,10,128,79,40,2,19,4,15,1186,55,278,103,1,0,212,100,0,19,4,12,164,9,21,105,418,80,71,2,217,13,0,1091,0,195,0,35,0,46,2,33,4,13,265,30,2,5,365,11,40,214,0,14,12,51,0,6,30,0,0,11,31,5,4103,26,188,10,25,119,182,9,1,17,18,12,47,11,25,1,13,72,0,12,0,22,85,2,94,5,8,0,67,0,4,10,23,19,703,2,105,9,17,104,0,0,3433,26,6,12,30,30,34,10,9,13,34,0,93,5,44,24,3,4,13,9,0,36,104,47,2,128,0,73,167,1,7,34,0,0,61,9,85,51,38,20,194,5,162,91,4,208,11,0,0,109,13,2,10,19,0,0,66,26,0,15,25,93,0,43
cell_163,3,17,5,12,22,15,7,78,6,55,5,11,22,17,0,5,30,2,0,33,25,116,8,16,16,18,42,10,18,9,8,0,2,10,11,2,7,40,492,1,12,223,30,1,3,10,31,165,161,149,53,25,0,11,11,5,3,1758,2347,174,16,42,20,26,0,27,32,55,13,3,29,3,15,79,21,15,16,255,51,6,4,0,22,0,259,0,96,24,0,0,1,7,127,45,1,8,7,18,2,16,0,14,7,1,2,92,165,45,15,73,12,67,50,11,70,2,41,22,0,14,0,108,21,19,94,4,8,13,33,2,5,50,118,35,7,48,155,72,0,49,185,12,15,49,20,394,16,30,28,0,0,0,79,17,10,4,1,42,31,22,15,48,18,7,0,82,6,4,1,197,12,18,714,0,114,52,11,392,1,64,0,15,2,24,22,17,11,40,4,51,13,5,5,4,35,247,325,107,6,85,1,28,24,0,61,10,98,2,21,19,7,49,25,2,13,151,10,35,8,7,4,6,3,274,58,5,4,53,3,34,2,27,25,33,3428,45,28,40,1,948,235,50,7,0,115,67,1,32,5,1,48,169,10,0,189,1,28,0,130,38,136,6,6,4,151,163,82,0,31,103,224,1,33,90,83,47,97,11,10,4,26,23,3164,280,4,8,89,15,1,240,5,19,32,0,151,29,25,17,71,34,2,43,19,159,0,1,6,17,75,45,116,5,0,125,217,86,181,6,66,55,58,3,96,35,96,56,0,5,5,170,12,50,14,63,74,36,5,11,2,13,686,48,180,55,17,1,75,58,13,16,0,13,78,44,25,15,28,72,35,112,128,30,0,269,13,81,0,121,20,102,5,32,0,14,187,95,10,4,296,17,29,54,41,13,19,4,0,2,30,2,0,23,21,0,6972,18,75,15,34,90,295,13,10,13,33,12,24,18,98,1,0,11,5,6,0,35,28,1,75,14,8,2,35,2,32,17,28,1,710,2,48,7,44,94,1,0,1233,28,10,23,59,6,23,1,5,18,46,0,41,4,7,63,25,43,11,16,11,41,16,0,1,149,4,316,106,12,31,27,7,5,90,14,134,1,8,12,15,21,117,79,0,168,3,2,3,59,29,3,1,2,0,1,130,22,16,5,60,79,0,2
cell_164,0,38,44,16,23,11,11,16,4,5,8,4,20,4,0,3,24,15,1,6,46,59,22,0,20,17,72,67,32,3,35,46,2,0,0,12,5,33,477,3,0,208,97,0,0,15,24,161,151,148,54,6,0,11,7,6,15,1551,2304,188,2,139,17,3,109,12,7,56,40,11,1,0,31,37,35,25,18,300,4,5,2,0,25,2,207,1,70,22,11,3,0,3,137,25,9,0,8,67,2,4,6,19,15,2,4,100,162,80,11,51,1,42,56,36,53,17,15,13,1,6,0,19,34,4,199,4,8,0,23,4,5,18,169,29,32,48,127,144,0,9,200,67,14,142,25,465,11,28,30,0,6,9,19,25,0,31,0,5,11,15,29,12,0,31,0,37,2,18,19,156,7,26,708,1,161,72,16,398,1,64,11,4,0,31,10,3,40,48,0,48,31,0,16,5,25,172,154,144,46,49,12,24,10,14,76,4,12,8,18,39,30,16,28,0,14,127,19,25,0,28,1,16,3,149,60,2,1,143,8,15,11,38,32,18,3963,26,0,50,0,1103,231,25,2,0,38,149,4,41,5,1,42,116,5,0,200,3,184,3,105,4,84,5,11,3,130,6,36,26,50,9,140,2,9,35,46,47,13,0,6,36,7,14,3170,260,11,11,157,8,0,214,26,10,22,0,29,5,23,34,43,19,19,60,11,37,14,7,3,23,4,24,76,10,0,120,223,10,90,14,139,46,54,3,53,64,0,42,2,3,0,218,6,107,12,95,58,17,3,18,3,0,801,63,129,58,6,39,197,97,5,14,0,39,131,33,1,18,40,48,57,50,142,43,6,407,14,80,0,147,2,25,17,18,0,18,106,51,18,2,106,2,67,1,16,22,10,44,4,40,27,0,7,22,30,0,7036,29,65,21,14,59,298,22,9,5,28,1,22,32,62,7,90,14,0,1,25,7,1,19,61,17,9,0,26,2,57,24,41,20,716,7,72,6,53,209,0,5,1219,15,7,10,39,32,7,1,0,14,27,23,92,3,26,53,37,24,20,17,1,46,53,24,26,173,3,129,59,10,6,8,38,11,108,7,40,20,4,47,22,20,164,58,49,75,6,0,3,35,17,0,16,5,2,0,140,31,41,0,59,107,0,4
cell_165,287,20,17,12,18,3,5,23,8,1,31,4,19,12,0,91,0,12,0,5,3,99,11,4,10,131,4,3,20,16,4,15,13,21,1,0,16,38,292,10,0,261,0,6,13,6,70,151,177,20,82,16,0,5,3,2,32,6188,896,66,0,60,1,0,51,22,14,36,32,7,6,1,20,26,59,44,36,362,27,0,3,0,21,0,83,0,35,19,4,0,0,20,98,37,3,7,3,71,62,2,6,7,27,0,9,76,130,138,7,23,6,59,44,35,41,0,33,28,1,3,0,33,7,18,230,58,6,0,16,5,24,13,52,27,65,76,140,54,0,14,317,13,7,29,0,383,1,42,12,0,9,1,116,26,0,10,12,15,1,19,9,113,19,21,1,74,45,53,1,976,8,21,549,5,85,10,25,1445,148,146,15,7,0,14,8,4,73,14,6,27,12,2,6,53,32,499,300,33,20,56,0,19,0,0,56,377,9,23,30,87,102,34,39,0,26,191,17,11,1,4,8,8,2,507,33,2,0,133,20,90,47,14,53,45,3719,61,34,0,0,925,155,288,0,0,18,551,0,29,2,48,37,254,1,0,35,50,242,0,118,1,97,15,23,0,288,124,5,10,77,7,279,0,37,0,102,30,25,1,6,19,28,26,2974,212,3,20,318,5,0,153,0,2,9,0,37,13,37,6,74,9,13,54,8,30,1,5,6,24,71,63,36,10,6,48,411,69,185,21,110,17,141,3,125,45,0,82,12,6,25,121,4,83,14,113,72,21,5,12,0,3,1337,76,233,37,33,0,268,27,10,3,0,5,136,29,28,111,2,56,1,41,155,16,10,156,0,210,0,30,16,0,9,38,2,35,416,21,4,17,105,19,0,54,2,8,18,51,0,1,44,2,0,45,22,0,4037,19,212,13,17,122,207,13,6,0,12,2,8,113,0,0,10,6,12,2,0,27,10,0,23,20,29,0,13,6,12,12,30,13,373,1,81,9,56,173,2,0,3340,23,5,13,41,13,37,10,2,10,0,2,105,2,46,24,14,36,10,13,15,22,20,15,4,117,0,165,192,1,10,48,17,0,81,20,128,6,4,1,2,2,99,100,14,153,0,6,0,68,13,4,20,2,1,0,34,19,19,8,15,123,1,26
cell_166,0,12,2,3,27,267,2,11,6,14,24,2,20,3,0,62,21,9,0,28,34,111,1,1,5,87,11,14,33,11,14,26,69,13,0,4,76,24,335,2,8,246,55,0,4,0,37,178,183,31,76,41,0,18,1,1,0,6900,924,72,7,50,4,6,3,20,25,55,29,5,6,3,12,92,54,59,3,304,10,0,8,0,11,6,129,0,6,23,6,0,0,8,56,57,4,0,13,83,51,8,1,1,19,8,6,65,235,28,26,111,11,247,46,35,45,4,29,10,0,1,6,27,11,10,197,13,1,98,22,6,14,13,92,24,47,21,129,39,3,113,324,5,15,94,0,485,1,87,11,0,0,5,109,8,0,32,53,15,35,16,0,129,6,13,1,85,4,81,2,880,13,25,547,2,95,141,22,1135,14,201,6,8,0,15,15,9,28,39,2,50,9,3,3,15,20,650,161,100,8,45,0,18,0,26,38,110,33,14,7,77,20,11,40,7,55,178,52,15,9,2,0,6,4,520,30,8,24,104,9,37,21,60,28,19,3611,27,5,12,0,880,104,284,3,0,13,565,0,29,3,0,35,366,0,5,31,5,49,0,88,1,251,11,16,0,105,12,23,2,67,51,222,2,28,0,86,30,26,0,19,40,19,7,3192,181,6,3,1,3,0,186,8,7,23,0,22,40,55,10,65,7,2,58,2,33,0,1,10,0,76,51,253,1,0,132,336,66,171,4,232,36,115,6,2,17,4,6,11,3,17,140,1,17,1,128,53,39,2,3,1,20,1287,77,322,101,12,0,150,61,4,4,0,6,154,45,133,53,60,12,36,7,196,6,0,1479,10,226,0,18,8,236,0,35,6,32,424,1,2,5,81,17,54,145,0,5,22,47,0,1,43,10,0,23,21,0,4205,4,184,18,19,80,165,8,6,0,21,4,17,101,2,0,69,26,49,3,0,7,4,1,100,29,4,1,27,2,3,9,23,8,650,0,86,38,30,156,0,0,3230,0,4,12,22,37,17,4,7,11,4,0,99,8,67,35,164,24,7,13,0,22,110,153,4,147,3,144,217,4,16,15,170,3,53,2,79,26,17,1,56,17,128,73,61,119,3,0,2,81,16,0,23,3,0,7,30,75,11,4,57,121,1,68
cell_167,0,16,0,0,23,146,6,36,11,13,15,7,33,6,0,53,36,13,0,0,28,101,0,0,5,0,2,93,36,26,18,0,18,19,44,0,33,14,292,15,1,288,5,1,3,1,82,157,201,16,51,20,1,3,1,3,10,7143,958,50,13,67,14,14,4,156,35,47,17,7,23,3,11,40,12,58,17,345,24,1,4,0,11,26,185,0,33,22,2,2,0,16,103,31,0,4,15,21,23,18,1,13,0,2,2,24,238,109,13,101,1,208,39,12,45,7,10,6,0,0,71,37,16,18,205,35,7,0,11,2,38,21,97,31,27,25,131,57,0,82,290,5,5,195,3,207,3,109,57,0,0,1,121,27,89,16,17,15,31,11,31,151,7,17,0,307,7,153,2,945,2,19,657,1,73,48,23,1395,29,165,3,0,29,15,18,6,44,37,0,41,12,10,9,64,22,551,91,185,45,13,6,19,9,7,45,108,8,19,10,71,71,33,26,27,23,197,12,11,20,14,4,3,8,368,60,7,2,150,23,47,144,0,17,42,3873,56,17,0,0,969,179,266,1,0,10,340,78,23,2,2,41,301,2,0,30,26,163,0,210,5,87,3,19,0,96,98,20,0,22,62,246,0,9,37,70,39,6,0,7,37,32,12,3007,218,7,16,67,3,0,177,3,8,30,0,2,39,48,6,61,21,9,64,5,42,0,0,6,0,46,8,199,4,0,223,365,30,175,35,218,34,84,10,87,24,4,139,2,13,7,132,12,109,3,167,33,27,0,31,5,1,1230,62,281,72,0,0,138,77,31,10,3,8,64,38,61,72,299,52,20,17,189,6,3,1475,86,197,0,107,2,0,6,28,0,49,454,20,0,16,243,1,24,109,2,7,31,4,0,2,14,18,0,84,39,15,4049,8,168,22,12,116,153,0,9,9,16,6,15,96,1,1,19,42,0,0,0,44,17,10,101,12,3,3,47,3,6,0,33,10,325,6,83,28,38,276,0,0,3422,12,4,2,16,28,20,3,4,7,24,0,83,18,60,19,136,51,9,3,0,15,223,67,6,106,2,124,200,14,23,14,32,2,60,1,107,23,22,0,67,14,177,101,1,138,2,5,1,119,4,0,25,4,1,2,53,91,14,5,10,169,0,16
cell_168,1,20,6,11,26,214,3,4,1,4,17,18,24,2,0,90,16,6,10,138,7,82,8,0,15,157,44,19,7,9,1,1,47,19,2,2,46,57,280,3,10,272,33,0,15,4,61,158,104,20,62,73,1,2,28,7,20,6600,926,40,5,123,12,4,27,80,12,23,37,18,11,0,18,26,10,21,10,288,19,0,5,0,14,2,112,0,4,42,2,0,1,32,82,52,1,1,24,46,35,27,10,12,35,14,2,49,195,139,59,97,3,44,40,47,34,11,30,14,3,1,0,76,9,4,120,1,15,1,81,14,3,33,36,29,20,32,140,1,0,19,329,32,2,265,3,332,17,88,47,3,0,0,84,21,6,5,19,9,34,24,36,70,13,10,4,121,3,58,1,1144,10,13,591,2,15,3,3,1458,114,149,1,12,24,8,8,5,11,25,0,8,12,7,13,0,23,519,314,79,111,36,9,20,4,7,63,89,1,25,42,52,29,23,34,0,51,160,19,65,2,31,12,4,1,498,34,33,112,55,23,95,57,24,20,55,2910,14,4,3,0,803,176,323,7,0,47,0,28,33,3,8,42,342,3,8,38,0,93,1,95,17,95,7,10,3,153,94,78,3,5,8,214,27,38,0,69,30,73,1,9,8,26,0,3055,168,3,40,346,23,1,90,34,0,32,30,33,11,23,19,59,7,1,50,2,47,2,4,28,44,52,12,89,2,0,78,359,37,127,35,315,21,118,9,24,45,7,70,17,3,0,143,6,5,10,132,45,12,17,8,18,6,1207,42,241,119,0,0,297,78,3,3,0,0,119,3,44,39,2,28,0,14,214,5,3,1525,92,229,1,164,7,182,0,14,1,28,467,24,4,5,169,7,54,112,18,10,4,8,0,12,37,37,12,61,17,0,4341,2,191,25,27,55,182,6,5,2,12,0,9,4,47,2,106,37,1,0,0,26,74,1,68,21,15,0,33,9,9,16,58,64,366,0,94,6,32,89,0,5,4084,5,10,30,61,49,12,43,3,10,0,38,102,10,99,23,55,10,6,15,2,1,155,5,0,140,0,190,175,8,1,12,0,9,66,6,151,3,0,1,39,18,170,13,0,164,0,0,8,87,25,1,5,0,15,1,55,25,0,0,37,151,16,72
cell_169,1,34,6,4,22,69,2,22,5,1,34,11,27,9,0,28,3,15,1,0,6,79,9,0,8,69,86,107,41,16,4,54,84,0,0,6,73,34,314,0,0,287,1,2,10,2,92,153,157,25,56,10,0,7,3,14,7,5816,914,86,14,46,6,0,43,1,35,39,18,0,3,5,1,37,20,28,15,21,32,1,4,0,21,23,151,5,34,34,7,0,1,17,24,25,7,4,0,69,26,12,8,25,96,5,0,74,250,116,11,18,9,93,51,15,57,8,20,39,0,2,0,24,3,16,249,20,8,0,24,8,30,22,49,24,104,99,155,38,0,5,306,15,10,85,0,432,0,42,11,0,1,1,82,4,0,8,9,22,14,18,16,119,12,22,4,129,8,57,2,862,0,15,581,0,103,47,44,1547,34,141,5,13,0,23,65,23,29,28,3,18,18,2,14,14,30,638,214,212,63,52,0,15,0,21,61,133,4,21,12,100,44,34,31,7,29,180,10,20,1,8,12,0,3,469,49,16,0,40,23,64,54,21,68,59,3092,49,19,0,0,837,145,224,0,0,15,413,2,28,1,1,31,226,2,0,35,45,63,1,154,37,184,6,24,0,143,96,6,3,73,37,243,5,18,4,102,31,95,40,19,3,0,0,3011,210,0,2,6,15,1,182,1,1,16,51,0,18,37,16,73,10,10,90,52,49,0,0,2,55,64,22,162,1,0,128,351,57,229,34,269,31,114,5,189,36,14,15,9,0,8,143,10,8,9,159,45,12,0,20,1,0,1317,76,297,75,6,0,204,35,0,1,0,18,103,32,24,100,14,106,17,27,149,8,0,1276,74,206,2,16,1,0,2,36,1,17,401,0,11,5,341,9,120,50,0,21,25,130,0,0,24,8,10,32,35,0,4202,33,202,13,29,110,174,22,9,0,9,5,41,125,0,0,90,2,0,3,0,17,22,0,17,19,48,0,12,2,8,12,4,1,649,0,105,13,36,213,0,0,3957,30,2,37,37,6,27,9,4,26,3,2,123,15,30,45,81,83,13,15,1,11,202,34,7,147,8,188,181,7,7,26,33,0,63,7,69,4,1,0,0,10,147,124,13,182,0,0,1,55,69,3,23,0,0,0,44,53,20,0,50,105,1,27
cell_170,4,3,4,9,25,96,14,44,2,22,21,7,28,10,0,17,34,11,0,0,28,45,10,1,20,57,33,212,5,24,0,2,40,18,0,9,20,60,323,0,4,197,125,2,8,4,51,150,33,29,76,74,22,1,1,2,10,6941,914,74,9,101,1,3,0,3,20,28,11,1,12,1,48,29,22,40,35,39,31,0,4,0,17,0,174,3,42,30,4,0,0,1,15,43,10,3,14,9,28,6,2,6,6,5,8,82,257,96,47,46,3,138,40,19,33,14,5,56,0,7,6,86,2,11,171,40,4,0,30,3,24,47,35,28,33,44,63,137,0,87,190,21,11,2010,10,323,10,100,45,0,0,0,132,76,1,18,5,10,23,25,24,101,11,17,0,74,23,96,0,901,6,10,619,1,75,0,31,1323,5,140,1,15,0,6,13,6,52,34,24,47,7,4,18,76,25,303,344,202,20,39,14,14,0,37,56,144,10,15,10,41,5,33,56,25,11,204,20,9,14,31,2,4,0,485,45,0,12,152,28,0,35,28,48,67,3641,13,10,19,0,832,156,297,3,2,22,455,35,24,5,0,29,310,0,2,27,41,2,2,65,0,198,10,15,0,131,304,54,8,64,44,241,7,34,0,104,51,55,2,24,34,11,15,2999,242,2,7,635,10,1,192,15,2,20,0,85,9,47,1,42,26,5,55,8,17,9,0,0,4,25,26,108,7,0,20,199,52,177,2,332,26,82,10,8,36,3,107,1,7,5,110,6,83,10,165,76,23,1,25,7,2,1182,72,261,31,69,0,107,35,55,5,15,40,75,16,5,51,258,27,28,27,133,3,4,859,0,217,0,166,9,0,14,20,2,31,307,132,2,5,316,2,31,41,9,16,3,75,0,0,43,9,0,15,43,0,4092,15,214,25,6,97,164,21,13,1,12,10,20,1,9,0,23,13,0,8,81,14,8,0,33,26,39,3,56,1,6,2,46,5,512,0,98,21,28,266,1,0,3530,18,7,5,96,3,15,7,1,18,20,18,112,26,29,35,154,84,4,17,0,41,106,12,21,129,5,56,183,7,19,23,120,0,52,20,138,40,18,16,46,33,152,84,36,191,3,1,1,101,9,0,13,0,0,8,82,5,0,0,13,21,0,5
cell_171,88,23,0,6,27,98,24,31,3,5,27,1,2,7,0,131,2,2,0,29,5,90,5,9,37,0,3,169,4,9,1,15,98,1,1,3,128,52,316,3,0,289,131,0,11,2,34,154,177,32,73,17,0,2,12,7,96,6486,882,18,7,72,7,8,55,71,27,34,18,16,14,5,28,21,23,35,19,247,12,6,3,1,29,0,175,0,32,26,0,0,1,10,46,45,10,7,9,27,6,2,8,18,140,1,2,69,250,101,2,58,1,35,36,51,42,0,17,20,0,2,7,13,15,14,196,9,7,0,14,9,1,25,37,25,27,96,154,5,6,0,271,34,4,957,18,361,7,46,23,0,0,8,137,5,92,23,11,5,33,23,20,104,9,3,9,70,18,5,2,762,10,17,568,0,50,0,17,1390,0,178,1,19,2,8,21,19,10,14,8,33,15,6,22,51,19,624,202,195,89,49,9,14,55,0,69,49,8,15,22,61,60,24,28,35,41,127,7,48,5,24,8,17,0,288,42,24,0,105,21,0,32,53,5,45,3151,24,15,19,0,838,165,150,5,5,29,586,0,33,2,0,31,195,11,0,38,14,6,1,122,20,155,11,19,0,148,131,42,0,31,53,289,1,28,46,92,28,0,0,48,0,8,0,3116,215,0,18,118,11,1,116,6,5,17,0,22,17,55,5,73,12,16,69,25,43,0,0,32,33,86,93,189,1,0,164,378,48,176,6,33,23,44,5,40,9,6,93,28,3,24,125,16,82,4,162,79,13,7,22,3,9,1154,53,265,99,0,0,156,81,23,1,0,11,155,64,21,63,146,106,2,25,174,9,19,872,52,194,0,35,0,0,12,10,0,23,412,0,0,9,411,9,9,53,13,5,18,72,1,0,49,0,0,20,19,0,4058,30,207,14,18,118,191,16,9,119,9,11,47,23,31,2,0,4,2,4,0,13,22,10,66,27,14,2,17,0,6,10,45,13,680,1,83,17,39,240,0,0,3604,25,6,21,31,2,10,6,23,12,12,20,104,4,26,19,146,108,12,15,0,13,255,86,10,89,6,81,170,0,21,6,0,1,66,15,125,3,20,0,80,16,157,101,0,125,10,0,0,89,6,0,6,6,8,7,56,25,0,0,12,67,0,26
cell_172,0,80,45,3,35,194,6,15,0,0,27,1,25,4,0,92,23,9,0,44,25,71,8,1,14,332,76,107,14,10,1,4,82,11,0,0,75,64,338,0,0,268,124,1,10,2,53,177,153,26,53,3,0,2,0,3,0,6768,894,85,6,101,15,6,45,4,27,52,28,1,2,5,56,48,22,36,20,184,26,3,5,2,25,2,171,0,5,26,0,0,0,9,8,37,6,0,1,79,26,7,0,12,166,5,1,85,251,114,9,142,7,257,39,27,48,7,30,72,2,3,0,40,27,16,218,0,1,245,40,17,1,50,123,19,77,63,159,34,7,9,316,17,3,311,0,475,2,76,31,0,0,0,126,2,179,11,4,36,35,22,27,58,12,28,1,46,31,9,9,873,0,13,508,2,146,121,21,1634,120,183,4,7,0,7,45,15,9,33,0,24,0,8,9,0,21,636,252,261,6,52,15,22,0,45,61,42,17,27,1,91,2,32,30,48,20,148,62,4,2,12,1,1,2,533,67,8,4,117,26,10,23,4,30,54,3523,23,27,0,4,884,131,285,0,0,25,342,7,19,2,1,35,204,0,0,24,14,135,0,89,4,208,7,18,0,1,72,1,0,51,12,161,7,29,0,102,28,100,0,29,7,6,8,3072,212,0,23,31,22,4,202,8,6,19,0,1,50,36,14,53,6,3,90,13,24,0,7,12,0,63,10,52,9,0,150,354,23,135,18,322,21,28,15,130,51,6,112,5,0,3,153,15,97,15,125,47,30,2,2,7,1,1578,64,156,90,0,0,166,68,0,5,0,47,126,26,31,39,0,53,44,39,182,18,27,1407,1,213,0,7,16,228,0,34,0,11,382,0,1,2,389,4,18,35,0,12,20,165,0,15,62,3,0,14,35,15,4160,6,238,26,21,32,197,11,7,5,12,9,36,49,0,0,75,10,2,0,33,5,46,0,50,16,56,1,10,3,2,14,47,5,730,2,117,11,44,42,7,0,3451,35,4,26,0,21,16,4,3,15,3,37,0,6,40,46,169,107,2,8,4,23,260,37,3,149,5,179,146,6,2,4,293,0,88,16,46,35,0,0,0,19,163,92,12,144,8,2,4,55,5,2,11,0,0,0,3,3,19,2,48,134,10,79
cell_173,0,55,2,0,32,110,16,32,14,9,32,16,37,10,0,9,34,11,0,0,4,58,9,0,1,22,30,237,24,1,8,12,93,1,0,2,101,31,322,0,5,286,86,0,13,0,77,179,159,25,72,13,20,14,3,0,19,5799,955,82,15,61,2,3,37,4,29,53,20,7,3,1,24,11,40,17,31,325,15,1,2,0,20,4,175,2,49,22,0,0,1,8,44,55,4,3,3,63,4,3,3,4,2,1,5,71,185,147,7,32,4,183,31,96,35,11,26,14,1,0,0,27,20,7,136,40,1,188,5,9,23,18,91,36,51,5,149,74,0,51,317,32,6,213,16,320,5,91,22,0,5,0,151,24,4,19,8,3,12,22,22,169,1,4,0,324,10,94,4,1043,0,20,587,3,5,0,31,1436,47,128,11,6,0,6,30,9,36,29,3,31,11,2,22,14,54,659,60,147,39,34,20,17,8,16,61,265,5,25,5,83,21,20,42,41,18,160,15,0,5,21,13,5,0,471,63,43,0,121,12,15,163,5,36,39,3223,22,12,9,0,880,153,292,6,0,14,528,14,33,4,4,30,227,5,3,39,49,33,3,68,32,81,9,19,0,163,104,9,4,71,55,243,2,15,41,91,39,77,0,14,0,6,4,3123,157,10,6,238,0,0,171,20,8,12,118,63,35,37,10,72,10,2,82,0,58,3,2,7,31,22,22,90,1,1,185,372,65,201,35,333,22,168,6,8,38,10,78,2,2,8,120,5,25,7,151,64,39,0,2,6,28,1510,56,269,47,103,10,151,11,0,1,0,23,25,81,30,98,6,69,7,40,182,17,4,1266,83,233,0,143,1,119,4,16,9,44,343,52,3,10,335,4,0,32,28,14,17,60,12,0,12,6,0,9,55,0,4209,17,236,20,18,84,203,6,9,21,12,0,18,73,1,10,20,35,0,16,0,10,9,4,89,4,52,1,52,5,2,14,15,13,473,0,74,29,46,228,0,1,3931,4,4,19,88,49,3,0,11,32,5,3,122,29,7,15,132,51,10,8,2,143,128,24,1,117,2,172,190,29,8,22,112,1,77,8,43,7,2,2,49,26,149,90,6,93,2,3,1,96,34,0,22,0,1,0,56,21,1,1,32,80,0,21
cell_174,0,6,5,0,25,228,12,21,7,8,30,23,30,4,0,3,25,10,0,131,16,120,5,11,73,6,72,164,5,19,3,7,29,54,0,7,22,50,327,0,3,261,3,1,2,0,68,157,130,34,73,82,0,8,11,2,27,6860,844,23,7,86,12,1,11,8,26,53,21,8,0,0,5,34,90,52,18,280,21,0,0,0,25,33,183,0,32,23,1,0,3,1,52,35,8,0,16,45,53,11,2,9,2,2,11,72,200,98,27,73,5,236,45,23,46,13,9,11,0,1,0,16,7,12,182,12,0,7,18,37,26,26,37,31,41,2,140,57,0,3,335,17,1,258,0,431,4,79,25,0,0,0,73,49,135,10,27,20,28,17,0,149,6,9,3,97,11,28,5,933,4,15,705,3,80,33,1,1246,9,161,4,4,0,6,27,21,52,22,7,28,12,4,27,42,40,593,476,19,15,74,6,21,1,9,48,130,15,13,35,81,223,29,38,23,86,164,7,28,5,26,13,12,1,547,47,21,1,125,23,3,119,10,40,66,3668,25,3,0,1,899,168,249,3,0,19,43,22,26,3,2,10,300,7,5,44,30,19,1,108,25,146,3,7,0,49,48,2,3,42,41,207,0,11,42,104,37,125,0,34,4,2,34,3079,221,3,7,7,32,0,162,20,1,14,0,10,46,31,14,58,20,5,62,9,16,0,0,1,48,66,14,173,0,1,94,344,48,190,9,289,27,84,11,66,48,4,91,17,2,9,104,15,4,7,130,57,27,0,39,18,1,1104,47,266,90,1,0,241,90,19,6,0,25,98,61,107,60,0,81,9,31,145,9,1,575,99,228,0,189,3,0,7,20,3,36,431,0,5,2,399,7,28,64,6,6,17,86,0,0,42,10,0,11,32,18,4062,6,226,14,21,109,180,19,3,0,17,1,9,101,12,3,124,35,0,1,0,7,14,27,63,12,33,3,58,9,3,4,26,0,432,4,103,11,53,239,1,0,3440,15,6,20,25,43,27,55,0,17,4,2,94,12,40,11,34,13,16,16,27,43,219,35,9,128,15,71,237,13,31,36,19,0,63,5,8,88,11,194,0,12,138,110,0,104,8,0,4,96,50,2,30,18,0,3,63,6,2,3,9,53,0,23
cell_175,38,0,19,0,29,212,5,20,14,9,29,0,8,12,0,48,22,11,0,23,14,83,8,0,24,3,67,0,27,0,7,0,83,49,19,4,34,14,272,4,32,260,142,0,14,0,47,172,157,19,73,192,1,6,18,0,102,5737,922,14,2,124,1,1,24,165,1,43,24,8,16,4,22,85,49,40,18,378,12,6,3,0,26,1,65,0,57,10,1,0,0,0,92,46,11,5,2,48,51,7,0,10,22,4,6,45,220,79,19,73,8,56,52,8,45,6,12,38,0,6,3,0,3,30,293,4,2,0,51,11,33,38,94,20,14,35,153,14,16,0,353,22,2,22,0,284,4,111,62,0,0,0,153,3,164,10,13,40,43,13,10,130,0,10,0,124,2,18,8,894,10,15,635,2,39,97,0,1104,56,152,1,10,88,15,49,24,59,15,11,18,12,1,14,73,13,469,283,34,166,34,3,11,0,7,52,129,7,13,2,68,24,31,35,23,22,135,9,35,32,29,6,8,3,305,52,43,1,201,21,11,22,1,19,14,3693,37,19,0,0,922,147,281,0,0,20,669,1,29,2,15,39,97,5,11,30,40,70,0,32,17,174,5,2,0,255,211,90,6,47,67,264,0,7,0,82,33,3,0,16,21,20,0,3101,216,6,20,0,63,0,96,19,11,19,0,27,34,41,7,70,10,8,71,50,78,28,1,16,46,60,48,225,7,0,190,291,39,73,118,19,27,162,0,15,47,0,9,22,9,11,125,4,76,7,128,82,28,0,3,19,11,1516,53,65,97,0,0,248,80,16,4,0,50,130,112,52,31,128,43,10,33,169,5,0,981,0,254,3,31,1,5,8,28,1,17,352,4,3,4,382,11,0,136,31,14,7,17,4,0,64,2,0,17,10,0,4360,52,175,12,23,99,144,11,3,22,15,4,31,122,22,21,1,55,0,0,10,16,3,7,96,7,56,1,14,0,0,3,25,15,508,1,57,18,54,112,0,0,3550,19,9,12,35,38,48,19,4,10,4,35,112,3,21,37,21,35,16,24,1,7,32,88,4,138,1,178,212,6,32,22,7,4,54,12,72,30,13,0,35,19,163,92,25,104,5,1,0,95,25,2,10,0,13,10,29,0,21,5,42,76,10,21
cell_176,0,72,0,0,24,70,8,52,6,11,0,13,12,8,0,39,18,0,0,60,26,14,7,0,24,114,0,44,17,0,12,1,2,8,0,0,1,28,317,0,0,279,0,0,21,3,39,145,154,22,70,1,0,3,11,10,1,5596,864,84,11,34,8,13,6,39,2,18,19,19,39,1,8,15,57,53,38,303,27,8,4,0,26,3,160,2,4,37,10,0,0,1,93,14,6,2,4,53,28,11,0,4,19,1,1,70,249,83,12,135,6,135,40,53,56,1,27,12,0,5,5,8,6,12,217,54,9,2,27,11,8,15,81,26,11,56,139,71,44,0,294,6,13,3,12,259,6,80,35,1,0,0,136,19,3,4,3,39,4,25,5,105,12,23,0,30,39,53,0,800,5,11,551,0,50,35,19,1074,50,177,0,12,0,9,17,6,11,35,9,29,15,3,6,46,40,646,238,261,28,77,2,22,1,28,64,5,14,15,21,69,67,37,10,16,68,58,3,54,5,4,2,9,1,365,37,2,10,121,26,90,33,0,16,65,3509,6,10,35,0,843,147,136,12,1,69,223,0,34,4,0,37,268,1,0,30,0,74,0,218,23,231,2,3,0,275,107,91,5,36,0,181,0,76,0,100,31,0,0,37,0,18,4,3079,243,5,50,44,15,0,197,9,20,21,0,39,29,9,7,56,8,12,45,39,39,0,2,9,14,77,29,330,1,0,150,297,35,116,12,7,24,138,0,45,33,4,61,5,8,18,115,6,63,19,104,90,37,0,0,8,16,1179,54,211,81,0,25,179,86,6,17,0,71,141,16,49,68,7,2,15,33,173,18,0,1250,0,190,0,144,0,0,5,37,8,35,177,67,5,15,265,11,1,80,37,7,27,6,0,0,53,2,0,29,19,0,4169,56,228,22,16,114,193,6,13,29,7,6,56,66,0,2,18,67,9,7,0,7,31,12,84,22,0,3,12,4,9,1,21,16,508,4,91,12,38,230,4,0,3238,25,3,17,39,18,30,2,2,6,24,3,63,13,39,29,68,3,12,10,5,32,68,40,18,114,0,150,181,10,3,14,0,0,68,10,122,29,6,1,88,4,135,93,0,154,8,2,10,91,19,0,2,0,0,6,62,0,14,1,60,100,0,172
cell_177,59,20,0,3,32,186,18,69,8,7,26,11,32,13,0,49,31,2,0,21,17,101,12,8,54,0,56,111,8,79,9,22,0,26,0,34,22,27,240,20,1,171,0,0,29,3,12,158,178,26,104,11,21,3,13,7,0,5237,834,44,12,72,2,2,42,8,25,32,15,11,17,0,16,29,82,49,3,219,17,5,5,0,6,4,190,10,54,39,9,3,0,6,93,36,2,0,18,51,131,8,7,19,4,4,5,93,225,73,16,25,12,39,36,4,36,3,18,10,0,10,0,17,5,7,137,33,2,426,15,10,28,7,32,39,42,70,128,22,0,9,266,46,10,85,3,393,10,5,34,0,2,10,123,16,0,2,34,5,11,19,0,155,2,23,0,198,32,74,3,964,5,15,605,2,86,12,28,976,381,177,6,16,32,20,8,11,40,33,10,24,14,4,2,42,28,715,426,144,75,55,11,11,4,2,70,156,3,11,11,37,70,38,16,0,26,100,3,41,29,1,7,3,8,298,39,1,39,85,21,13,20,0,8,36,3404,17,1,2,0,903,155,278,0,0,53,8,0,39,14,7,26,167,0,0,32,0,186,0,96,16,186,6,23,0,196,76,0,1,24,82,270,20,58,0,77,24,0,0,56,8,17,16,3059,187,5,40,245,5,26,123,1,12,19,0,27,28,28,0,58,16,1,54,18,25,0,5,2,25,85,25,151,2,3,151,130,5,153,0,144,28,135,24,29,36,14,19,15,4,0,139,6,3,2,132,34,28,0,7,11,10,1185,52,301,24,14,0,233,93,0,1,0,9,130,38,13,15,54,45,3,48,154,15,4,313,6,227,0,72,7,0,15,23,1,50,358,2,1,6,212,9,16,195,0,17,25,20,0,1,43,5,0,12,15,0,4290,19,236,15,21,110,172,16,6,85,9,19,3,142,3,1,1,26,0,5,0,0,20,13,74,24,33,1,41,8,21,7,14,15,145,3,95,3,14,249,0,6,3880,20,1,26,75,60,24,0,9,32,29,18,82,28,22,26,183,71,1,21,0,10,56,34,29,129,3,8,180,20,4,15,121,1,25,18,116,3,26,61,2,6,147,117,0,206,15,3,0,18,11,1,7,5,0,6,62,4,23,0,22,144,0,96
cell_178,154,6,1,1,27,52,1,43,6,3,25,3,16,8,0,78,36,6,0,86,13,53,13,3,62,26,104,25,26,71,1,70,56,8,0,1,52,51,277,5,2,271,1,3,7,0,52,182,97,28,61,101,3,9,2,1,16,4680,862,48,3,35,2,4,33,15,8,35,19,16,37,0,24,33,32,45,17,365,17,0,2,0,20,0,169,2,54,21,1,0,0,14,56,102,0,0,13,15,27,3,9,17,14,1,4,92,183,108,19,4,12,200,56,10,34,20,14,9,1,1,0,60,12,23,102,26,8,12,21,30,12,7,111,29,67,119,148,77,0,70,325,24,3,193,10,385,2,20,5,0,0,1,135,0,0,15,49,4,9,22,6,85,11,18,0,41,31,50,11,1034,9,14,601,8,44,4,11,1366,0,162,11,13,38,12,6,15,45,8,0,34,11,20,31,8,45,732,445,71,113,44,4,13,23,43,65,284,13,1,10,103,54,33,42,2,44,229,3,42,9,37,7,12,1,469,47,27,0,70,17,0,53,13,36,32,3341,15,3,4,0,851,170,252,0,0,29,263,51,35,1,44,27,206,0,0,31,10,129,12,60,6,149,6,26,0,316,58,0,3,76,72,264,0,53,0,62,39,0,78,44,40,15,2,2973,260,1,19,37,3,0,108,0,4,20,0,15,21,38,12,57,15,7,84,13,25,0,0,10,0,32,52,205,11,0,127,355,116,163,7,306,20,96,3,28,39,2,82,1,7,1,148,8,30,9,132,61,43,1,11,4,6,1364,47,255,98,0,0,253,88,24,35,0,10,106,72,60,85,38,77,5,45,145,7,0,243,0,253,0,102,5,0,4,20,2,39,413,0,15,9,346,15,11,109,0,13,26,109,0,0,35,0,0,33,33,0,4256,33,245,22,25,119,173,20,13,0,5,15,11,27,28,0,2,47,0,8,0,35,3,7,97,22,24,0,43,2,8,6,43,3,652,0,81,19,10,91,0,0,3773,2,4,1,65,50,10,15,10,31,7,0,118,8,54,40,101,31,5,12,2,18,157,34,13,115,0,149,162,15,9,23,121,0,90,19,43,2,20,0,18,1,155,85,3,191,8,0,1,114,2,6,7,0,0,1,83,25,0,0,23,107,3,0
cell_179,0,37,37,1,24,141,9,42,15,3,22,10,26,10,0,56,44,19,0,22,24,121,1,3,106,27,35,237,24,6,13,0,76,30,0,0,28,23,312,0,6,141,142,0,9,5,57,138,167,27,66,19,1,2,26,7,0,6099,893,54,17,55,2,4,0,11,29,69,24,3,18,0,31,36,12,12,9,59,26,6,0,0,23,15,177,1,49,20,3,0,0,0,46,65,0,8,26,11,16,17,2,5,58,5,0,93,221,149,40,63,3,155,35,7,47,7,3,35,2,14,7,39,5,21,278,6,12,0,30,1,0,92,88,25,53,68,139,100,0,121,267,9,13,1368,4,273,2,50,35,0,2,0,82,45,0,15,0,14,8,16,16,119,0,10,0,423,7,53,0,1055,9,18,478,1,163,38,15,1924,142,194,0,1,0,6,30,8,5,34,1,34,4,1,0,22,33,758,421,268,92,58,25,17,1,1,36,8,0,16,5,59,5,27,31,0,18,209,19,66,53,6,0,2,3,483,28,8,6,35,31,12,64,10,12,63,3074,73,13,13,4,806,129,275,0,0,15,201,32,33,4,1,46,383,0,2,27,54,66,0,54,13,210,5,10,0,67,210,0,41,8,86,205,0,31,0,103,46,118,0,13,19,3,18,2950,213,7,24,505,34,21,209,0,3,21,47,10,29,53,7,43,2,0,73,7,44,26,0,30,9,49,80,257,0,0,181,352,70,238,21,357,24,27,18,55,57,4,44,1,7,9,124,5,10,4,135,34,43,3,2,0,0,1141,53,270,86,0,0,187,84,11,2,0,70,93,2,56,41,12,110,49,17,200,8,0,1341,0,192,0,143,4,6,0,16,0,8,407,175,56,4,387,4,82,28,0,24,32,94,0,9,40,26,3,80,32,32,4259,8,140,20,4,127,152,6,17,23,15,9,11,41,47,0,0,12,17,3,67,20,41,23,91,30,40,2,61,7,3,15,34,9,565,4,22,21,59,244,3,0,3639,9,5,16,44,4,30,14,2,4,20,33,122,17,71,26,148,122,9,16,0,79,330,46,6,158,1,183,177,42,1,0,167,2,75,10,146,58,26,35,5,24,147,93,5,125,18,0,4,103,3,1,6,14,0,5,44,0,23,2,31,19,8,105
cell_180,0,5,38,2,36,188,14,6,7,0,15,0,43,2,0,14,35,11,4,86,11,103,1,0,2,28,0,163,102,0,3,0,30,38,2,7,34,47,305,6,0,276,31,0,4,8,17,116,183,32,74,89,16,0,39,11,28,5328,897,71,10,43,11,5,3,75,27,44,15,12,10,5,84,29,59,28,26,0,25,0,9,1,18,3,145,0,22,33,8,0,0,23,75,61,3,4,23,53,19,15,1,2,44,2,8,73,83,116,21,114,6,227,42,15,63,8,25,35,0,3,2,64,3,21,143,33,4,92,54,15,7,72,9,31,8,0,134,45,14,0,343,27,8,321,12,424,13,101,28,0,1,0,128,23,83,18,24,21,32,22,2,114,29,6,2,50,32,115,13,924,13,19,624,1,65,18,6,1380,71,165,0,6,3,1,2,9,27,19,0,8,19,12,14,36,21,554,370,0,51,58,4,11,7,63,51,75,12,21,42,83,34,26,33,29,12,162,35,38,5,23,2,18,3,458,33,20,15,38,25,9,53,1,25,79,3498,14,10,9,0,816,147,242,7,0,36,89,24,24,3,0,40,313,11,0,35,13,184,1,150,6,122,15,16,0,267,36,102,1,16,26,218,0,49,1,83,39,3,7,30,0,41,8,3084,163,6,17,71,18,77,129,26,7,17,1,13,35,42,9,75,4,3,53,1,34,1,9,1,31,90,40,255,1,0,126,327,69,176,0,211,24,141,8,31,43,9,107,18,13,10,127,10,55,5,155,71,34,0,36,1,12,1238,43,228,68,0,13,226,58,21,11,0,20,123,19,66,89,12,71,31,32,205,7,0,390,88,214,0,87,12,16,3,28,4,15,389,48,0,12,254,6,20,40,57,13,27,0,0,5,9,7,0,49,10,0,4275,34,181,14,16,111,185,10,21,0,15,0,0,72,29,10,11,25,0,7,5,8,11,5,105,14,68,1,35,1,6,1,19,5,159,9,104,15,40,118,1,4,3610,8,16,28,110,24,18,18,8,16,0,7,92,14,100,18,27,20,14,8,6,25,167,1,11,141,0,109,230,28,36,54,69,5,33,13,166,32,21,2,45,21,175,106,2,155,2,0,0,140,18,2,24,1,7,6,64,4,2,1,17,126,0,0
cell_181,15,26,19,8,36,275,8,6,0,0,23,1,8,6,0,29,42,4,9,141,27,97,17,5,80,0,41,0,39,3,10,5,21,29,0,0,110,13,338,0,0,272,103,0,7,0,55,154,172,31,67,71,17,0,8,1,3,5991,985,19,3,48,8,1,24,11,7,56,14,5,38,1,28,25,18,41,3,85,31,1,4,0,22,7,158,10,5,34,0,0,0,11,77,84,1,0,11,58,45,3,3,25,100,5,4,88,227,123,9,44,3,236,46,12,36,38,41,33,0,0,29,10,4,16,266,0,11,62,14,17,23,20,118,32,4,105,102,0,1,44,356,27,9,404,1,409,11,73,34,0,0,0,110,3,7,44,17,13,44,17,4,154,2,16,1,104,19,32,5,1102,19,14,616,0,154,125,9,1305,67,147,0,6,41,2,15,12,56,23,1,22,9,7,18,18,33,722,264,130,7,36,39,14,0,38,61,210,4,24,10,101,72,34,41,3,23,169,26,19,25,17,0,5,1,509,42,15,15,23,12,0,38,9,14,43,3370,64,12,0,0,927,137,261,0,0,33,444,4,26,3,0,45,310,0,0,42,11,3,0,61,0,124,5,24,0,0,93,0,1,45,102,309,22,14,45,113,39,16,0,30,54,25,3,2962,217,1,9,182,26,0,169,3,3,13,25,4,39,48,1,51,14,7,82,6,16,0,7,9,28,76,62,300,9,0,149,290,95,177,0,335,39,18,0,74,45,4,35,30,5,8,143,14,124,2,128,55,21,7,5,2,6,1441,79,298,98,5,0,262,92,37,1,0,12,164,25,52,103,40,103,2,39,167,10,3,1212,0,220,2,40,12,210,1,24,1,46,380,184,0,22,331,6,0,96,39,11,15,49,0,10,58,0,0,4,19,0,4053,5,209,26,46,90,152,2,11,19,10,13,0,92,0,0,0,21,0,6,0,11,23,55,90,26,23,0,45,8,3,6,40,0,608,8,93,18,23,234,2,1,3914,0,5,20,10,28,32,14,8,6,1,26,135,1,37,41,211,1,13,11,6,18,107,43,3,102,0,91,195,4,3,9,60,2,60,9,157,10,5,0,33,4,135,104,1,51,2,4,0,106,17,0,5,4,0,4,24,4,0,5,39,151,59,86
cell_182,0,2,3,10,35,142,13,9,4,3,26,4,11,24,0,11,42,4,0,9,26,74,7,14,49,4,78,16,125,53,9,29,106,5,2,47,21,66,315,1,0,62,0,1,3,0,13,149,150,25,86,128,0,9,10,9,49,5665,874,9,8,82,10,3,56,1,27,79,16,9,36,16,18,94,12,42,20,280,13,2,9,0,20,11,186,0,13,47,0,0,0,7,98,73,2,4,30,10,168,11,2,20,78,3,5,84,248,85,41,78,2,25,38,3,54,0,8,28,1,3,8,119,24,11,268,8,1,204,20,19,35,18,108,20,45,54,134,163,2,0,250,25,7,358,2,347,32,42,41,12,0,3,123,54,0,25,2,10,13,18,15,106,5,16,0,29,4,43,2,834,9,20,542,0,121,130,16,1159,39,142,4,2,26,3,16,2,13,33,11,56,16,4,38,3,21,608,380,79,62,17,26,22,4,10,62,289,14,20,2,10,6,16,37,40,114,134,20,52,11,17,0,8,4,520,51,8,23,17,5,0,47,15,18,58,3735,35,43,3,0,891,168,286,0,0,5,0,37,36,8,4,38,135,1,0,20,36,188,0,24,5,210,8,9,0,284,115,15,33,54,50,293,0,21,0,75,37,107,10,23,12,17,5,2911,217,1,14,193,14,0,112,0,12,15,0,31,11,47,5,31,18,3,50,8,79,7,2,30,0,66,79,283,1,0,166,329,54,243,15,255,38,18,6,28,60,6,28,44,5,3,116,10,4,8,143,42,18,0,44,1,11,1242,45,291,55,53,72,249,86,140,0,0,7,118,41,6,28,48,84,26,34,170,9,4,1356,9,165,0,34,17,230,6,10,0,12,448,119,0,15,402,5,70,164,22,11,28,89,0,0,57,0,0,25,12,30,4230,18,204,12,27,107,184,20,8,6,19,9,22,82,34,0,0,43,0,24,0,33,39,8,83,36,45,0,57,1,3,14,13,17,331,0,85,26,23,311,13,0,3183,18,19,50,16,1,31,0,8,10,20,1,100,0,11,15,28,50,9,20,0,16,38,0,12,147,0,107,210,7,10,16,75,1,23,3,133,27,31,150,53,9,190,105,7,112,8,1,0,89,1,1,1,1,18,7,34,15,3,1,39,31,0,109
cell_183,14,17,59,5,34,217,8,17,3,2,24,3,25,7,0,2,29,3,0,0,29,114,16,0,70,3,74,66,7,58,10,11,55,1,0,26,7,12,165,2,0,249,0,0,11,2,39,150,173,25,78,148,0,6,0,1,11,5726,886,107,18,8,2,0,23,77,26,61,23,16,7,3,47,15,32,42,23,332,18,8,4,0,21,10,135,0,45,19,9,0,0,0,68,43,1,7,65,88,73,13,1,9,38,2,7,87,210,128,17,47,14,98,24,32,42,24,5,4,0,3,0,86,11,12,50,19,16,0,6,10,24,15,124,22,64,38,136,56,1,0,335,14,10,1211,9,398,13,5,80,0,0,10,102,34,0,12,5,27,23,10,1,10,1,14,1,32,24,78,0,926,12,16,637,1,118,40,7,1336,13,156,6,5,0,18,1,10,31,22,7,25,19,1,34,18,15,841,336,169,32,57,0,18,0,5,63,68,8,3,41,68,44,26,34,3,197,136,9,20,7,26,2,4,2,537,38,0,15,274,9,24,40,5,76,61,3892,18,8,9,0,948,157,262,1,19,3,0,13,31,11,9,38,78,0,20,22,20,192,11,52,2,52,23,18,0,244,16,39,38,43,84,348,4,11,0,90,38,7,0,60,48,10,1,2946,199,5,9,251,29,6,143,16,6,13,0,9,4,40,12,50,21,7,70,25,103,15,3,1,1,16,55,284,8,0,154,388,72,135,59,69,24,10,9,41,57,3,31,15,2,7,116,25,2,9,142,64,3,5,11,0,7,1359,49,150,96,75,0,91,68,0,2,0,30,158,51,0,9,98,60,73,18,214,17,1,1399,34,203,0,81,3,8,15,42,2,19,354,22,0,2,333,4,104,86,2,17,11,52,0,2,36,1,0,2,45,2,4003,42,190,3,28,108,174,14,23,88,9,8,35,84,26,0,0,11,54,16,1,27,2,0,79,14,53,0,58,6,15,25,23,1,780,0,90,32,45,245,0,0,3571,18,4,2,65,24,18,14,5,15,11,0,114,2,21,44,10,13,10,14,0,112,63,81,33,168,4,3,203,8,3,11,144,5,64,17,93,26,14,7,35,9,175,98,8,178,22,0,0,90,16,1,15,7,0,0,54,6,20,0,33,34,0,104
cell_184,4,5,76,3,25,5,13,35,8,19,34,0,24,6,0,221,29,8,0,0,28,89,0,0,52,10,50,141,46,35,3,50,58,2,0,14,87,82,276,1,0,261,33,10,1,10,56,161,153,20,46,0,2,2,0,0,1,716,873,82,7,44,3,12,38,27,23,46,18,4,8,4,28,68,15,35,32,105,19,8,5,0,14,2,158,0,51,21,6,36,0,3,116,33,5,3,14,75,4,12,0,10,3,5,4,85,126,108,16,33,9,164,44,9,60,33,7,12,0,6,1,47,19,17,80,18,3,41,38,1,25,6,48,34,67,43,137,109,0,3,270,30,12,680,12,374,3,44,15,0,0,0,121,0,109,30,62,8,12,20,8,74,0,14,0,115,40,123,16,912,17,30,596,0,129,143,19,705,389,177,0,9,0,8,4,0,60,31,0,45,12,6,20,20,28,167,168,233,47,64,3,19,12,0,65,91,5,5,19,60,9,11,28,26,8,195,1,51,3,26,5,9,2,405,48,5,10,58,14,79,44,0,31,45,3640,54,0,27,1,899,172,280,0,2,14,409,4,35,17,0,40,233,0,2,32,27,204,4,67,2,161,2,22,0,165,70,1,37,52,27,296,22,39,0,86,33,12,2,16,12,6,53,3033,244,18,21,318,5,34,200,0,2,16,0,0,12,32,7,55,3,1,52,35,57,2,0,95,1,25,74,189,16,0,145,350,55,157,25,184,23,48,14,19,29,9,73,6,12,20,122,11,106,5,127,91,29,3,20,0,0,1256,48,235,63,90,0,176,37,1,20,0,19,68,73,105,90,205,117,64,27,176,8,8,543,66,197,0,175,27,149,7,22,1,37,288,1,0,12,274,2,26,59,7,14,32,7,0,0,26,0,0,6,16,0,4130,18,238,13,9,122,182,13,16,27,19,6,18,91,0,0,4,29,0,6,0,21,7,23,68,12,26,1,34,2,9,9,19,22,584,1,84,29,44,278,0,0,3360,11,3,13,58,16,33,16,6,22,19,4,97,3,39,12,170,115,6,7,3,49,149,41,15,96,2,17,210,4,7,27,311,2,58,19,117,4,31,0,5,10,174,115,7,198,8,3,3,77,2,2,26,2,11,7,91,38,34,0,32,65,0,0
cell_185,0,14,2,3,23,69,12,12,4,0,12,4,21,12,0,7,5,0,0,0,28,88,10,0,31,59,109,14,18,9,11,23,71,8,0,0,18,119,315,5,0,309,37,1,13,0,36,161,139,31,62,26,19,7,0,6,0,6561,918,72,13,16,7,6,16,173,38,58,16,2,17,6,15,39,26,46,13,331,4,4,9,0,22,0,143,8,29,39,0,0,0,19,62,50,1,9,8,24,29,26,2,14,3,5,5,14,142,103,7,20,6,226,49,44,61,10,24,16,2,3,45,75,21,27,208,14,2,0,25,8,1,30,104,36,21,19,112,47,7,0,309,24,1,19,4,227,5,71,22,1,0,0,88,107,3,23,16,3,17,22,11,82,3,23,2,166,14,65,1,811,3,19,671,0,44,33,30,1296,31,149,0,3,0,2,11,9,56,42,8,8,11,0,29,13,43,698,104,81,55,34,8,13,0,16,56,75,15,25,57,43,37,45,41,38,77,210,19,26,18,5,2,15,0,490,41,25,26,69,24,16,73,1,18,39,3368,74,11,2,0,846,161,139,0,0,20,684,13,39,4,1,39,356,0,0,23,53,69,1,97,17,175,8,21,2,187,46,39,19,59,12,252,3,19,45,100,39,64,32,22,19,24,15,2904,197,3,7,112,36,0,177,0,3,12,13,91,33,30,5,62,12,3,74,21,56,4,13,3,0,73,55,193,2,1,146,216,49,180,23,195,32,68,6,111,45,10,20,6,1,1,123,2,3,2,155,47,5,0,3,1,5,1112,59,268,31,13,66,230,28,36,4,0,8,17,40,44,102,1,25,5,38,130,1,8,1377,54,223,0,83,3,170,15,37,4,42,353,86,6,3,134,10,88,24,7,18,32,6,0,0,16,0,33,21,28,33,3884,7,198,13,19,113,156,16,13,9,15,3,15,96,0,1,75,16,21,8,0,13,8,0,51,17,3,1,56,0,0,15,49,12,402,2,101,15,41,155,0,0,3788,18,4,19,25,8,22,10,0,16,6,0,103,5,20,27,135,18,11,20,1,28,81,45,3,172,3,151,217,23,10,18,29,0,21,3,137,21,15,0,16,27,136,92,2,64,11,2,0,124,21,2,26,0,7,7,54,71,16,4,51,10,0,26
cell_186,0,16,35,2,40,200,5,31,1,8,22,4,4,21,6,28,0,9,0,32,27,37,19,1,37,74,17,3,19,28,6,1,64,8,0,13,103,91,311,5,0,290,18,1,7,0,72,137,161,23,58,69,0,10,1,0,12,5474,926,102,21,15,8,5,21,94,20,42,25,9,13,8,56,82,10,44,29,72,4,5,9,0,27,1,177,0,62,40,2,0,1,18,37,29,10,3,56,31,3,11,4,24,106,0,9,31,267,37,19,67,7,87,40,69,30,5,22,8,0,6,5,3,10,3,103,9,5,0,29,9,0,14,110,20,40,27,161,3,0,26,137,13,3,206,0,310,14,79,35,0,0,0,115,13,118,52,1,39,31,13,24,149,1,19,0,111,77,4,1,914,10,20,528,0,41,122,26,1422,29,162,0,25,0,1,17,22,15,18,8,76,6,9,13,5,7,634,46,46,3,33,8,10,0,36,37,163,11,20,3,57,100,50,41,1,47,159,19,13,20,28,11,5,12,444,44,37,39,182,22,57,63,40,7,39,3256,44,28,5,0,870,143,116,9,0,54,755,6,34,7,0,43,248,0,0,30,54,238,1,131,2,208,12,35,0,261,345,11,0,33,52,279,7,83,68,82,36,15,0,53,29,13,17,2903,228,4,22,574,7,9,185,0,13,28,0,18,43,8,11,56,18,10,70,9,79,9,9,0,2,83,70,85,16,2,113,345,82,175,24,226,36,20,0,46,21,20,16,1,8,7,112,18,27,0,183,70,60,14,2,1,3,1041,61,237,17,70,0,218,38,0,13,0,4,13,69,90,94,5,95,26,34,30,15,9,1306,25,201,0,98,10,191,12,18,1,29,425,31,1,13,300,10,56,10,28,1,23,50,4,3,37,11,0,23,7,4,4003,21,225,3,23,107,148,15,13,1,18,4,17,119,20,15,0,20,0,1,41,36,9,42,105,20,37,0,17,1,10,16,41,0,457,0,83,15,53,222,1,0,3575,17,4,29,9,40,34,25,9,24,21,0,5,7,22,34,159,149,4,20,2,12,44,98,14,119,2,62,187,0,28,0,434,4,82,6,69,3,9,0,15,12,127,112,0,93,9,1,1,107,0,1,0,0,0,3,64,75,2,5,58,91,0,4
cell_187,0,7,34,3,27,145,7,11,3,7,26,3,29,6,0,121,15,8,0,4,27,71,8,2,10,87,55,194,62,0,9,37,66,11,0,13,4,0,275,0,4,286,85,1,11,0,72,167,173,28,79,5,1,9,2,1,58,3974,864,69,7,9,2,5,60,71,11,20,15,7,20,8,8,28,34,67,23,333,8,1,5,0,27,16,154,0,19,43,1,0,0,13,98,20,2,1,10,20,10,1,0,3,19,0,2,62,245,141,5,42,13,183,46,20,63,0,15,11,4,0,33,87,25,16,130,57,4,0,49,13,35,4,106,32,94,32,130,116,2,66,309,7,26,2,3,493,4,37,10,7,0,2,76,5,48,14,0,25,9,9,11,3,11,24,3,137,32,49,1,776,5,17,608,2,62,9,5,940,197,177,1,8,10,24,2,13,30,22,2,46,10,8,37,1,38,699,192,178,17,32,7,16,0,10,42,202,10,15,10,5,23,12,48,21,66,148,11,7,9,20,0,1,6,494,32,6,12,274,2,9,18,0,49,63,3810,9,7,20,0,893,165,259,0,1,0,78,15,27,6,13,46,308,0,1,32,12,183,3,164,5,209,6,4,0,9,0,1,31,84,77,244,23,19,0,95,32,60,75,11,0,26,2,2977,188,4,10,0,31,0,45,58,26,13,92,4,29,22,0,57,5,2,73,14,38,0,0,25,9,26,41,342,1,1,186,365,71,228,0,166,33,12,2,25,50,5,64,0,1,1,119,5,5,7,145,64,28,6,2,5,13,1154,35,308,88,70,1,196,89,0,12,0,84,141,4,117,55,147,86,88,19,142,15,0,1107,1,201,0,132,3,123,6,23,2,36,250,119,1,16,400,5,33,201,21,11,2,38,1,1,43,0,13,20,22,0,3945,41,196,19,26,59,165,11,15,4,18,3,48,103,17,0,3,29,2,0,0,24,6,44,72,6,14,0,10,1,16,14,2,23,462,2,94,29,48,249,0,5,3107,19,6,34,25,18,30,2,9,18,13,0,118,2,46,39,46,55,9,12,31,34,106,27,26,157,17,97,202,7,15,32,1,0,61,10,82,18,16,3,34,24,146,104,2,113,3,0,2,116,16,0,6,0,20,4,29,55,28,0,7,98,18,35
cell_188,11,20,2,0,26,281,7,19,0,13,39,9,30,1,0,9,35,1,0,6,22,6,6,8,112,8,83,140,23,18,6,13,94,14,0,2,27,53,314,2,4,257,19,0,0,3,73,165,83,24,66,42,0,6,3,3,5,4613,884,43,19,88,11,4,28,20,34,26,30,17,18,0,8,47,6,48,11,297,31,16,1,0,25,1,161,0,37,31,13,0,0,6,40,43,0,1,2,13,25,2,7,7,108,3,16,82,277,131,36,110,15,104,49,37,51,9,6,19,3,3,4,46,2,19,302,41,5,8,35,7,2,12,11,26,43,109,71,67,3,37,284,6,1,1070,3,275,7,54,22,3,0,0,88,50,10,39,7,11,37,14,1,144,6,13,2,52,1,26,2,924,11,22,506,9,113,37,11,1460,0,180,2,12,9,14,27,4,39,15,1,55,16,9,33,5,31,718,286,18,54,41,17,8,0,11,72,253,10,25,42,59,10,38,39,2,46,174,7,29,42,19,0,8,1,552,43,3,55,85,25,57,50,20,48,60,3538,29,11,1,0,822,178,278,5,0,15,28,16,35,2,0,28,306,5,0,32,55,88,1,92,3,146,7,5,0,212,34,0,0,86,66,187,0,17,0,104,39,10,0,31,31,13,17,2851,187,8,34,479,21,0,137,13,4,13,1,28,17,42,7,62,1,3,84,12,0,17,1,23,0,58,31,74,0,0,99,374,57,167,8,280,38,73,12,26,49,8,120,5,2,21,127,8,29,7,166,30,24,4,3,4,1,1261,51,279,108,2,6,64,68,66,1,0,1,163,15,11,5,0,56,19,3,201,1,0,1084,29,188,0,33,4,0,7,28,0,29,163,0,0,13,263,15,19,10,15,13,6,76,2,13,70,47,0,33,30,64,3924,16,220,35,28,41,149,9,12,0,13,2,15,109,0,1,13,24,0,0,0,19,4,18,92,31,21,1,23,15,6,1,29,0,517,0,79,30,26,225,0,0,3436,14,0,0,13,7,14,41,16,3,31,40,88,14,72,33,132,2,10,19,2,27,128,109,25,150,3,89,148,12,18,0,34,0,39,7,109,26,44,33,51,20,141,77,79,149,2,4,0,111,35,2,9,20,1,9,27,0,2,0,49,73,12,24
cell_189,17,77,0,15,40,12,6,35,7,80,16,4,11,7,0,44,43,6,0,38,35,121,8,0,25,0,29,63,75,4,3,0,62,3,0,0,31,3,567,0,0,230,28,1,1,10,63,201,166,98,66,8,2,10,3,14,37,2921,2010,73,12,155,9,3,56,11,37,40,5,5,38,1,37,86,57,25,20,553,34,0,5,0,41,1,269,0,27,27,1,0,0,19,200,44,23,6,10,45,50,35,4,12,13,1,0,101,121,225,3,37,4,155,24,1,35,0,63,15,0,0,33,15,7,26,485,29,5,9,18,46,1,28,102,27,15,58,208,110,0,62,116,8,8,24,2,507,3,20,36,2,0,1,21,81,0,5,6,40,1,29,9,150,16,21,1,60,15,15,3,1013,39,5,607,0,88,4,13,867,42,88,36,12,65,16,33,11,7,66,13,21,46,3,25,21,30,166,262,54,9,48,15,10,10,15,89,38,36,22,49,63,38,39,19,4,23,185,6,12,15,5,0,7,11,361,85,0,28,16,17,7,7,27,9,44,3948,20,46,27,5,772,154,90,2,0,19,56,1,31,1,64,68,270,1,1,203,23,3,1,269,19,129,7,5,0,129,66,65,1,71,47,235,2,41,74,91,55,115,32,12,23,21,24,3071,581,5,0,120,138,43,94,6,3,17,0,37,20,3,20,51,11,7,48,22,50,3,18,12,14,40,112,46,2,0,64,52,74,110,24,297,58,85,3,73,145,52,46,2,0,12,100,1,2,5,125,48,48,5,0,8,6,648,27,136,46,32,18,172,24,31,4,25,12,95,24,27,78,72,16,0,59,99,12,1,1992,0,66,0,57,16,95,0,22,1,10,159,125,1,12,211,5,32,84,54,6,13,47,0,0,18,7,0,7,11,0,2378,36,172,13,8,80,234,15,6,26,13,2,5,108,11,0,64,23,0,18,88,28,17,14,51,16,15,0,28,1,12,16,18,14,348,1,87,0,47,86,4,0,1692,17,16,11,13,12,29,26,2,10,19,2,165,1,10,125,9,31,33,14,14,31,58,6,0,246,12,288,206,14,26,20,1,0,65,1,128,32,5,0,32,3,95,112,0,34,4,0,2,65,3,1,17,1,2,0,95,15,32,13,56,41,0,17
cell_190,1,15,13,20,40,9,2,13,4,32,37,0,18,10,0,1,46,17,0,16,31,56,9,0,46,0,18,16,16,8,1,0,0,3,0,26,43,19,615,0,0,304,0,0,7,16,52,211,141,77,65,31,0,5,29,0,59,2941,1770,78,3,138,16,18,29,42,11,10,10,3,25,2,12,114,16,74,18,26,37,4,3,2,24,0,210,0,45,31,0,0,0,5,194,20,5,23,0,153,40,6,4,18,57,8,1,85,133,162,22,72,7,47,35,11,33,4,23,40,0,2,0,38,15,16,216,24,1,0,7,75,0,21,151,20,15,6,195,103,0,13,360,3,11,0,1,236,4,111,19,0,0,0,100,6,0,3,24,32,60,30,19,6,11,16,0,131,30,14,8,808,52,15,893,2,75,51,3,681,2,105,0,8,13,16,4,7,66,28,21,38,68,28,10,18,32,119,366,25,18,91,24,22,4,47,80,135,46,6,6,91,35,30,30,69,1,154,0,29,6,39,4,2,1,302,64,9,2,95,7,0,21,11,30,42,4320,24,31,8,0,802,188,91,1,0,48,101,13,63,6,3,83,190,0,1,206,14,55,1,309,1,43,6,11,0,10,97,4,0,79,18,209,0,30,0,82,40,5,0,26,57,6,14,3132,563,7,23,295,50,0,105,10,8,27,0,156,39,21,13,76,34,25,38,48,17,0,0,2,11,46,17,115,16,0,96,253,72,57,0,172,44,39,4,88,123,45,86,1,13,12,128,6,78,14,153,65,43,9,62,19,17,584,43,22,78,0,0,144,68,13,3,13,5,81,47,13,34,449,41,71,72,163,18,3,1388,0,77,0,104,24,81,3,35,17,23,248,0,11,9,258,7,19,66,14,6,4,23,0,7,53,0,8,5,11,0,2421,47,190,33,32,61,213,24,7,29,19,4,14,7,5,3,2,17,2,31,0,23,20,1,66,1,50,2,32,5,2,2,22,11,564,6,59,2,24,93,0,0,1703,30,0,9,48,14,21,43,6,22,14,0,149,2,12,46,85,0,23,10,2,2,217,1,0,227,14,262,240,12,38,47,6,0,94,21,112,32,0,0,14,7,132,118,0,173,0,0,0,55,21,6,24,1,2,1,131,1,1,4,31,66,4,19
cell_191,0,84,19,5,46,96,16,19,3,32,32,1,52,3,0,174,21,11,52,18,34,94,15,4,2,43,1,65,10,0,9,18,83,7,4,0,21,46,759,0,15,291,57,0,0,2,68,246,152,99,75,16,0,9,2,7,15,3084,2105,38,8,37,10,6,133,54,47,11,10,3,26,6,13,65,16,28,4,685,30,0,5,0,35,1,279,1,12,17,1,0,0,1,56,63,1,27,18,45,16,13,2,14,140,1,2,99,238,194,2,100,4,117,38,20,37,3,78,50,0,5,63,17,13,28,362,13,9,0,10,25,3,34,78,9,21,34,190,62,0,16,365,25,9,175,10,380,2,89,45,0,1,0,59,7,24,5,3,21,46,23,16,154,9,15,5,11,8,33,2,1003,14,9,664,2,139,3,10,989,0,109,0,17,75,17,71,13,51,7,14,37,27,7,52,6,25,123,393,64,1,49,10,11,2,40,73,58,32,19,24,94,4,16,28,16,13,181,3,17,43,13,0,14,6,358,58,29,9,18,22,1,79,41,13,48,4157,38,49,2,3,795,167,100,4,2,34,0,12,21,2,6,77,275,0,5,201,21,25,5,94,1,60,22,4,0,21,15,31,1,11,54,259,0,6,83,89,38,34,3,10,0,20,48,3055,437,4,7,96,50,1,129,13,1,21,0,14,18,38,22,53,16,1,52,2,11,0,5,0,24,74,66,61,2,0,151,245,64,170,3,603,50,52,4,48,107,9,108,2,2,3,117,4,82,12,152,60,30,1,19,5,0,678,43,142,79,0,23,175,57,29,1,0,34,87,8,45,43,0,67,71,79,169,9,0,1840,0,78,1,90,2,41,2,16,7,10,163,6,0,7,202,16,8,41,21,7,18,2,3,10,12,9,0,23,19,0,2589,2,171,30,48,61,222,23,6,0,41,3,11,23,1,0,13,17,0,0,0,3,19,29,25,6,62,0,3,4,9,12,24,38,661,4,68,7,38,136,3,2,1736,32,0,16,13,10,5,11,10,13,23,7,98,2,40,163,54,24,21,21,8,10,175,24,2,229,27,281,201,5,20,20,88,2,61,8,84,8,14,1,30,26,115,138,6,121,2,1,5,62,9,7,12,1,0,5,14,2,0,8,37,18,0,1
cell_192,1,17,26,3,60,24,13,11,4,42,28,0,30,2,0,185,23,6,0,33,38,39,0,6,94,90,46,0,129,11,2,0,25,3,0,4,47,29,599,0,29,244,0,1,1,4,73,186,54,96,85,15,1,10,5,20,0,2716,2160,74,3,40,16,5,6,15,49,44,32,7,1,3,13,110,51,22,34,633,45,1,6,6,32,2,253,0,18,11,0,0,0,13,76,39,9,2,13,188,22,0,4,7,146,1,1,21,266,80,37,110,10,128,38,3,29,12,20,42,1,13,0,58,15,13,447,9,4,18,6,29,2,32,142,15,30,70,225,44,6,0,380,25,1,299,0,344,7,108,29,0,0,0,129,26,0,9,17,114,40,30,4,140,2,12,1,86,27,12,3,956,12,6,744,0,47,40,12,889,175,96,4,22,0,30,19,12,17,39,1,10,61,3,32,11,26,149,199,25,24,65,0,14,0,53,76,155,59,28,6,34,33,34,11,14,15,47,4,50,7,9,1,11,4,150,55,13,49,25,6,39,42,4,41,37,3722,6,33,9,0,717,173,44,8,0,62,266,0,43,9,0,76,204,0,16,129,20,88,7,127,9,113,19,2,0,105,42,82,0,78,14,211,1,60,2,79,58,106,0,16,66,6,9,3122,561,0,21,151,22,56,137,5,9,19,0,11,10,29,11,48,16,7,47,2,72,14,7,23,2,80,81,76,8,0,80,262,35,198,76,169,62,3,1,80,122,20,60,2,5,1,118,5,50,8,136,81,49,1,4,12,14,664,30,111,77,0,0,9,12,35,11,0,13,93,38,31,36,2,43,21,48,89,10,15,2178,44,80,0,56,13,129,0,34,4,12,143,135,11,3,264,17,46,48,2,4,21,61,0,10,36,20,0,6,28,2,2503,19,143,16,18,52,241,4,11,0,29,0,12,22,7,0,0,9,1,6,0,1,15,0,76,13,15,0,50,1,6,7,10,4,82,0,84,15,41,70,15,0,1810,18,4,46,0,12,26,3,13,16,8,0,154,5,36,88,13,1,0,13,3,33,55,6,30,192,0,308,156,1,8,0,61,2,81,2,61,7,2,2,37,15,116,63,0,196,21,4,0,62,6,1,5,9,0,4,62,17,23,4,101,50,0,2
cell_193,0,22,0,0,28,105,3,52,6,11,10,4,27,15,0,35,37,3,2,179,20,39,5,0,13,123,0,33,55,21,4,19,1,15,0,2,31,6,350,0,3,249,33,0,6,0,69,181,159,34,64,5,0,1,5,10,101,7471,922,112,19,108,9,7,2,20,27,63,24,5,25,7,54,18,52,33,23,266,20,19,5,0,21,1,149,0,7,36,0,0,0,9,81,0,19,0,18,16,38,11,0,5,1,1,5,58,251,48,14,10,2,28,37,8,25,0,30,5,0,8,0,32,21,15,220,16,6,2,12,2,4,2,116,31,33,26,136,85,0,32,160,65,0,12,10,239,8,89,12,0,0,6,107,0,15,6,8,1,18,19,0,160,7,14,0,93,13,85,2,1049,24,9,485,0,77,13,29,1886,266,174,6,9,3,0,38,12,8,33,2,35,15,0,25,2,39,621,351,255,16,59,3,17,12,2,49,45,16,25,11,16,10,30,20,6,3,99,14,6,9,2,3,6,6,579,31,2,3,63,4,13,25,0,8,45,3368,24,0,20,7,827,140,147,3,0,17,337,0,37,4,22,34,281,2,2,34,24,15,0,47,11,167,7,15,0,28,61,13,23,59,2,245,5,63,53,96,22,96,18,30,24,16,19,2929,206,8,6,15,23,0,157,2,19,20,0,8,18,25,5,62,11,0,75,27,85,0,0,6,39,83,95,248,0,0,172,143,46,72,1,90,27,86,3,18,15,6,4,31,4,33,132,3,33,2,124,44,12,1,3,6,5,1259,43,286,16,0,0,297,60,5,4,0,18,43,80,16,47,35,10,11,44,49,11,0,1138,0,182,0,101,1,244,2,26,0,25,365,20,1,8,378,4,6,72,25,9,27,135,0,5,23,13,0,19,16,0,3947,15,186,20,21,113,162,14,12,183,18,16,32,111,0,10,0,15,0,4,0,19,24,38,89,29,5,1,25,0,14,14,13,3,390,1,91,12,43,119,3,0,3579,18,4,24,77,60,17,0,9,6,10,0,113,7,12,32,127,17,10,17,6,67,59,18,11,148,0,164,214,33,24,2,145,0,42,2,142,9,18,0,5,7,135,80,1,159,6,2,2,93,5,0,17,0,15,0,52,11,17,6,20,170,2,89
cell_194,92,0,2,1,19,120,0,16,2,7,13,0,31,3,0,144,26,7,0,30,23,107,6,0,27,184,35,194,12,24,5,55,85,71,0,9,42,14,305,3,7,212,43,1,3,4,55,153,154,28,69,0,0,3,17,10,7,5079,953,70,5,29,8,2,0,106,4,40,32,12,19,2,42,96,11,53,17,290,9,0,3,1,11,15,133,4,8,33,1,0,0,3,28,3,7,0,14,63,8,15,2,3,5,5,2,7,219,111,5,45,11,166,25,20,50,0,13,35,0,5,3,26,20,20,130,18,9,3,52,16,34,0,64,22,121,1,122,104,0,133,260,11,5,1,1,230,1,39,42,0,0,10,122,14,10,10,4,3,7,19,6,47,7,3,2,106,25,55,0,924,0,18,661,0,96,87,21,870,254,168,0,1,0,19,4,5,23,24,1,28,6,10,5,7,32,540,390,245,1,28,20,16,0,36,61,39,5,5,6,49,67,38,26,6,12,216,7,9,0,2,4,8,4,548,41,1,2,124,6,10,29,3,46,31,3379,42,0,12,0,812,143,290,3,2,11,607,41,28,1,35,38,289,3,0,34,35,236,0,45,12,147,1,5,11,266,95,25,99,58,77,83,0,31,17,96,36,20,3,24,6,17,23,3011,238,13,35,0,10,17,181,2,21,21,0,100,50,51,10,62,20,9,77,25,19,1,0,5,13,27,29,299,1,0,64,337,65,95,21,169,23,66,7,38,54,0,18,12,8,3,121,11,0,2,155,56,36,0,30,3,0,1164,52,268,24,80,0,195,87,21,21,17,59,121,21,85,12,69,28,64,26,215,4,2,934,41,195,0,144,2,230,6,37,3,31,326,0,16,5,238,2,41,179,9,7,23,30,0,1,23,9,0,37,32,1,3738,32,193,22,18,96,190,5,7,2,15,0,24,94,24,3,0,16,0,0,0,28,59,13,84,11,2,1,26,1,15,14,25,4,144,1,132,17,56,254,4,1,3786,22,4,0,3,16,35,15,0,29,37,0,96,0,68,16,50,67,16,12,4,5,94,111,0,160,2,110,251,15,6,55,29,0,25,7,38,19,19,2,0,2,103,95,1,179,2,6,5,106,12,6,22,3,4,0,59,21,20,1,22,131,0,104
cell_195,0,50,23,1,44,120,6,48,16,12,26,0,52,10,0,14,30,10,0,2,37,121,17,0,11,22,49,90,20,4,0,76,73,3,0,2,15,70,698,0,4,241,76,0,4,5,69,197,185,89,64,0,0,12,0,1,0,2998,1932,180,0,79,6,5,1,20,27,29,26,6,5,3,6,23,33,31,25,74,10,0,5,0,27,3,242,3,10,13,1,0,0,3,213,90,7,17,41,157,7,23,0,8,7,9,4,56,219,106,6,103,9,92,52,14,52,2,47,64,0,7,3,34,49,26,333,29,13,0,12,13,16,6,104,14,22,33,223,31,1,68,382,79,3,95,22,139,1,51,44,0,0,1,85,62,4,9,0,22,0,11,32,136,15,16,12,72,11,55,5,1072,3,15,720,0,126,11,33,879,135,109,4,2,0,1,44,1,72,72,0,52,38,6,28,0,60,93,240,139,9,32,14,20,10,8,73,21,21,22,22,49,53,26,19,47,20,210,8,7,7,13,1,10,17,427,56,15,4,1,21,3,11,15,2,52,3781,22,17,36,0,747,213,96,0,0,15,436,0,51,15,0,73,350,2,1,186,16,34,0,224,0,108,6,12,0,121,78,0,70,33,62,258,0,43,31,72,42,75,15,8,10,9,2,3186,491,14,37,708,4,0,178,1,2,18,1,13,32,49,9,70,24,12,35,16,44,1,0,0,35,55,110,35,10,0,73,248,74,177,35,455,65,79,5,52,119,6,26,0,18,0,120,4,61,0,138,55,44,1,21,4,13,592,32,120,27,0,0,243,39,126,2,0,8,80,9,21,38,6,94,89,95,184,9,7,1993,0,89,0,131,0,0,0,12,17,29,131,1,29,9,230,3,4,52,54,7,13,3,3,0,21,1,0,15,24,0,2557,48,145,32,16,83,236,21,10,4,36,2,14,111,46,4,1,7,0,0,0,11,16,15,61,9,55,0,59,10,2,6,40,23,314,1,64,6,42,97,1,1,1747,33,5,10,16,32,23,5,3,7,6,1,174,2,27,46,126,84,5,25,14,47,76,5,23,236,0,134,240,17,24,27,62,1,23,8,78,24,13,0,0,35,146,103,0,187,3,0,0,41,4,2,10,4,0,5,156,9,23,19,57,52,0,0
cell_196,85,7,2,3,26,95,21,10,0,5,21,23,37,7,1,0,35,13,2,11,13,97,18,0,19,4,54,84,1,14,6,2,37,16,0,0,14,22,301,10,0,145,118,1,4,14,31,129,183,28,74,121,0,6,37,7,85,6079,895,44,16,93,0,2,51,19,33,36,29,4,5,7,39,37,16,34,7,112,41,0,7,0,32,0,181,1,15,29,1,0,0,1,67,34,1,5,1,54,111,1,1,23,21,9,11,89,242,101,45,80,3,141,51,9,59,1,14,36,0,1,0,94,7,12,188,2,1,0,24,12,27,30,18,37,20,118,118,131,0,30,256,47,12,416,1,464,17,12,51,1,1,5,78,21,95,7,2,1,11,18,21,44,20,19,6,99,27,4,0,857,22,13,530,1,119,1,30,1348,448,159,1,10,4,17,20,3,26,33,11,61,24,10,2,9,44,560,339,213,96,59,4,23,0,41,41,334,26,12,6,33,22,34,47,18,28,71,66,13,11,8,17,8,11,473,39,0,3,37,42,0,32,11,46,28,3726,48,30,0,0,879,160,231,4,2,47,64,0,39,5,0,34,308,0,3,34,39,245,0,90,9,173,6,25,0,12,208,28,9,62,80,286,19,8,49,93,33,86,0,11,52,7,3,3033,224,1,34,309,47,0,150,36,1,26,0,39,7,35,10,51,6,1,38,0,28,0,1,12,28,76,87,93,0,0,47,342,33,201,13,381,32,22,8,2,33,4,159,7,1,12,130,5,82,8,154,17,23,6,20,8,8,1231,50,301,37,5,20,136,26,17,0,0,2,160,37,27,6,45,104,14,28,39,25,5,517,7,220,0,80,5,6,11,26,10,36,382,3,0,0,287,19,30,175,21,10,20,115,0,4,42,9,0,42,23,35,4185,45,223,15,18,120,195,18,2,0,21,2,8,8,0,0,92,4,13,6,0,18,37,0,6,22,9,0,37,3,5,3,42,9,516,1,110,2,45,254,0,0,3322,25,3,15,29,12,11,1,1,22,24,3,115,15,20,41,73,23,10,13,0,103,55,0,0,136,9,18,174,10,3,10,85,0,35,30,33,36,8,2,19,27,152,90,55,110,3,2,0,77,61,1,28,1,2,0,9,29,4,1,11,48,0,39
cell_197,0,2,34,2,28,293,17,10,8,8,23,0,31,5,0,12,54,10,1,0,14,95,1,0,4,101,6,216,33,1,0,0,83,10,0,4,31,93,330,1,1,226,24,0,16,3,74,161,77,31,64,34,0,1,8,0,5,6651,874,59,11,42,7,16,6,25,30,44,26,3,12,5,25,25,5,26,24,364,30,3,4,7,29,4,179,27,44,22,0,0,0,9,100,36,6,0,6,74,74,16,0,10,22,0,2,73,211,146,8,63,2,222,41,16,41,39,13,7,1,5,1,69,11,15,181,0,9,0,34,3,0,49,18,30,25,67,170,82,1,11,333,10,2,437,18,387,1,68,21,0,0,1,134,35,80,23,7,18,33,25,0,119,5,15,0,231,35,28,12,982,19,13,584,0,15,79,25,1393,232,186,10,9,0,11,59,20,52,26,3,26,15,8,19,6,42,242,340,194,33,41,31,18,16,26,57,156,5,19,25,73,18,11,44,13,30,167,22,10,7,18,0,9,2,549,30,15,49,42,10,47,110,4,19,58,3691,41,6,9,1,844,180,277,10,4,19,625,0,36,9,0,33,313,2,0,34,39,60,6,8,1,181,0,15,3,0,40,52,24,82,95,266,18,54,37,104,43,101,0,2,30,11,14,3176,139,15,1,401,2,59,186,10,9,23,36,0,31,39,8,32,2,1,51,4,19,8,0,78,10,67,96,157,5,0,179,348,96,216,1,314,32,21,7,32,47,1,111,1,7,30,117,4,23,3,143,60,24,0,1,7,5,1396,32,243,62,97,0,210,28,7,1,0,7,132,45,76,54,195,108,8,16,77,7,0,994,112,231,0,173,16,262,15,30,4,33,434,176,10,7,271,11,34,79,23,6,24,36,0,5,34,0,0,17,28,0,3949,25,226,15,12,83,170,9,8,95,22,5,13,18,6,0,0,0,0,12,0,6,19,2,73,19,21,1,38,3,2,6,25,19,671,0,82,28,31,85,0,0,3295,15,0,8,43,2,9,4,7,17,1,0,23,25,38,42,195,149,20,10,3,22,50,36,16,92,0,183,200,34,38,3,331,4,49,8,129,3,16,184,6,20,190,81,94,155,0,0,3,85,27,0,19,2,0,3,72,12,0,9,41,65,0,84
cell_198,2,86,34,7,32,100,2,26,3,17,16,20,33,26,0,12,51,2,0,0,16,76,5,8,17,0,87,15,42,57,0,0,49,8,0,13,2,19,302,2,2,233,4,0,10,0,91,144,193,32,77,220,11,4,9,7,38,6099,837,63,11,62,0,4,3,14,36,55,30,10,17,0,51,35,83,17,12,334,16,3,14,1,26,0,103,1,34,35,3,2,1,2,43,40,11,6,5,3,13,7,2,4,4,0,5,64,226,106,53,39,4,115,51,98,58,0,11,48,0,4,0,71,8,15,214,59,3,0,15,1,24,38,111,28,22,19,141,79,0,124,176,9,23,30,4,209,5,85,13,0,1,1,114,57,0,12,31,38,21,23,3,71,7,10,0,315,4,40,1,830,21,16,583,0,105,5,4,1334,6,143,9,10,14,16,5,11,21,25,1,15,18,5,18,0,26,729,174,93,8,30,8,14,31,35,37,291,27,16,21,63,26,42,30,2,5,68,13,8,31,16,1,23,2,519,43,19,2,174,7,83,128,0,41,73,3515,28,10,3,0,858,172,220,0,4,13,739,0,21,10,0,41,228,1,30,20,35,0,1,224,25,112,12,14,0,310,42,109,0,63,44,245,1,24,46,84,37,8,9,1,10,13,2,3053,231,4,17,4,5,0,112,3,5,23,1,23,23,14,4,90,19,3,42,40,28,1,1,18,37,91,39,276,0,0,47,324,58,185,10,96,16,116,5,79,26,4,34,8,2,8,101,3,95,5,170,88,41,2,1,1,9,1055,60,281,58,55,155,66,64,27,8,1,17,100,83,39,20,125,25,5,34,167,4,4,492,0,179,0,105,12,246,4,44,1,31,414,29,3,4,235,20,13,126,8,16,14,38,0,1,35,10,0,18,15,0,3835,35,193,16,6,138,195,9,3,8,12,2,28,5,4,1,5,16,1,3,63,4,75,0,103,31,3,1,60,4,1,11,16,5,351,0,53,1,36,256,0,0,3332,3,7,18,75,46,6,31,10,6,5,3,115,12,30,38,5,40,1,3,0,84,170,60,11,167,2,145,226,9,9,29,0,0,67,13,108,38,18,0,87,19,165,116,10,132,8,2,0,120,18,2,28,3,16,0,30,18,21,3,21,100,0,42
cell_199,4,28,6,2,21,144,4,45,6,6,22,9,23,1,0,62,28,16,1,46,27,24,0,6,13,83,0,125,14,30,0,52,56,41,0,18,11,33,283,4,14,233,24,1,10,6,78,171,101,25,64,121,0,9,23,11,14,6745,902,59,18,76,5,1,32,49,7,21,11,26,2,0,35,4,56,39,19,265,29,0,0,0,22,7,191,0,11,34,7,0,0,8,28,62,3,8,10,49,6,19,3,3,42,5,4,23,208,124,5,64,10,75,33,63,12,3,6,20,1,6,0,91,4,4,78,46,10,0,26,15,2,29,101,27,50,131,150,5,17,133,333,5,1,535,1,393,6,78,22,0,0,3,130,4,27,4,8,4,6,21,31,149,5,8,5,172,9,49,1,828,7,11,530,3,75,2,12,657,109,194,2,7,0,3,13,5,8,10,1,18,13,8,12,11,38,482,208,90,16,89,26,17,2,30,77,150,22,4,7,50,10,39,21,20,73,44,7,32,1,27,9,26,8,483,64,37,4,159,22,5,78,30,35,63,3318,4,28,7,0,855,141,241,8,16,25,0,12,34,6,3,12,207,1,0,32,30,217,5,78,7,216,0,8,3,146,224,6,0,39,31,228,1,14,18,57,31,10,16,49,5,4,23,3060,242,0,19,441,8,14,66,5,5,16,0,3,20,40,5,65,8,1,101,28,7,6,4,0,0,31,4,198,4,0,108,369,21,162,2,335,35,208,8,81,35,12,24,7,2,1,121,10,6,4,99,76,16,3,17,3,2,1681,57,246,92,0,0,156,95,0,6,0,24,101,11,40,71,0,93,0,31,199,17,0,752,8,209,0,71,5,0,7,13,0,45,222,0,1,6,425,12,0,39,26,1,26,225,2,0,14,12,0,28,14,2,4005,12,262,17,13,25,193,15,15,0,8,5,22,44,9,6,17,7,23,17,0,49,17,12,99,31,2,8,39,8,22,7,20,0,405,2,105,6,59,161,0,0,3729,21,2,10,27,41,10,11,6,26,16,26,94,47,49,32,79,43,1,16,1,5,77,115,10,117,1,137,133,14,15,1,156,1,87,15,7,49,1,0,99,5,158,64,0,109,17,2,1,94,26,2,22,1,0,0,40,63,0,2,36,95,4,100
cell_200,8,5,15,3,26,316,3,31,2,0,40,11,22,16,0,22,32,0,0,0,27,87,7,0,17,10,71,26,60,6,5,3,5,18,0,8,6,26,318,2,0,255,45,0,17,6,62,139,193,22,73,86,20,2,11,0,9,5191,883,73,17,109,1,6,45,62,26,22,19,0,11,5,85,25,26,6,12,375,20,6,2,0,21,8,154,0,52,37,6,0,1,3,58,88,2,1,8,80,25,7,5,10,25,2,3,9,211,51,12,74,1,167,39,17,57,28,24,26,0,1,1,3,0,18,200,39,14,0,71,30,5,40,10,16,21,44,151,6,1,19,195,19,4,10,14,436,5,70,24,0,0,0,122,90,0,7,12,13,49,29,9,110,9,11,0,327,11,13,2,1022,11,18,629,6,60,29,43,1224,0,171,1,9,0,13,43,25,15,26,7,6,10,6,24,0,20,605,409,156,6,29,7,19,5,0,33,32,2,13,26,113,16,17,26,28,32,222,4,15,12,3,2,8,2,455,38,21,3,104,2,6,33,0,4,57,3792,68,21,10,2,909,150,97,0,0,27,17,3,24,4,1,45,89,4,0,43,0,239,0,40,2,165,1,17,0,90,188,19,6,44,74,294,13,16,2,95,36,95,0,47,4,27,1,3123,235,1,22,610,54,0,153,1,11,23,0,17,41,58,20,59,12,0,66,23,24,0,7,6,1,57,27,158,9,0,129,100,64,211,9,246,27,89,10,30,31,8,56,15,0,6,136,7,4,6,133,87,75,2,16,0,5,1216,54,103,41,56,0,235,101,0,6,0,33,118,25,64,36,112,24,7,24,154,9,0,1303,91,195,1,63,7,67,8,18,0,18,450,0,2,4,307,18,66,79,13,20,20,0,1,8,38,13,0,25,27,0,4049,3,210,4,23,107,173,21,16,75,21,7,4,52,7,5,0,15,31,8,56,45,4,0,88,21,52,1,24,2,0,2,5,31,694,1,9,7,45,252,3,2,3466,12,2,19,56,9,47,3,13,4,8,7,131,25,63,36,120,134,14,8,3,9,290,222,4,156,2,150,242,15,10,15,75,1,78,15,143,61,17,145,6,20,157,95,91,199,13,0,3,104,18,0,14,8,0,7,30,31,20,0,8,54,0,38
cell_201,0,118,3,15,24,11,10,17,7,20,14,1,33,13,0,11,29,0,0,1,36,94,6,1,48,39,23,11,50,25,17,0,50,1,17,18,22,21,281,12,15,245,0,3,1,0,66,195,166,19,75,33,0,6,0,3,1,7217,880,126,16,29,19,12,6,59,32,40,19,0,7,1,31,58,24,60,35,367,24,1,1,0,27,24,169,0,29,28,0,0,2,16,38,22,1,1,8,13,2,21,1,6,36,13,2,88,256,60,10,45,17,139,41,25,53,0,22,14,0,3,0,52,26,8,273,1,0,0,55,8,1,56,112,25,94,105,142,42,0,139,183,34,16,234,1,515,6,86,28,0,0,1,139,1,116,18,5,12,25,18,18,72,1,15,0,346,12,23,2,800,5,17,674,1,112,1,9,1222,152,177,5,5,0,5,23,5,35,26,0,48,5,3,28,14,16,663,213,223,3,49,4,19,0,48,70,7,24,19,52,14,78,26,18,10,74,185,29,100,18,10,8,4,5,421,42,8,35,132,3,42,11,20,55,71,3674,23,13,1,0,833,146,192,2,2,49,169,27,32,2,0,47,322,1,2,38,30,174,0,250,12,204,17,15,0,270,259,16,9,64,36,269,19,32,54,106,43,51,0,7,4,12,10,3053,230,1,12,18,25,0,189,18,7,14,0,20,24,50,5,74,11,1,66,4,95,0,2,23,4,62,107,314,0,0,208,368,66,191,44,198,20,21,10,92,56,0,22,3,1,1,135,5,0,1,135,15,17,0,3,5,12,1223,48,266,72,8,0,112,54,45,14,4,18,79,69,63,85,15,42,11,42,136,15,7,1817,0,200,0,94,11,273,3,33,2,39,429,149,8,9,455,0,24,9,3,14,18,69,0,8,9,4,0,22,34,0,4027,26,224,24,13,67,169,6,6,2,16,11,48,104,3,1,72,40,3,0,0,10,3,10,93,21,20,0,48,4,3,16,32,3,581,4,88,30,44,275,3,0,3340,25,5,40,47,22,31,11,3,9,14,0,81,2,19,34,166,50,7,15,5,48,75,12,0,84,0,195,143,3,28,20,20,3,55,2,96,69,0,7,9,19,174,100,0,128,5,0,2,101,7,0,8,0,0,8,28,108,15,2,71,138,0,26
cell_202,7,0,50,11,26,55,20,24,0,1,26,12,28,3,0,58,40,14,0,0,14,95,0,1,80,39,40,155,26,66,13,60,7,12,20,12,118,28,257,2,3,190,10,7,2,8,23,172,24,19,65,23,0,5,10,1,87,5772,915,42,15,49,9,13,41,0,31,48,26,4,8,5,101,15,37,68,6,360,14,1,3,0,22,17,179,0,71,35,5,1,0,13,91,45,4,10,37,70,105,9,1,13,65,2,11,77,213,128,44,95,18,213,42,32,59,27,0,19,1,10,0,91,13,11,196,7,13,345,20,7,8,26,74,26,61,33,68,69,2,91,230,31,14,196,5,365,22,5,37,1,0,8,118,10,0,46,25,6,3,15,15,147,3,19,0,208,14,48,0,953,16,15,689,7,59,21,32,1225,79,149,17,3,15,0,3,19,35,28,13,35,12,5,11,47,39,586,142,81,19,30,1,15,8,22,56,332,0,15,48,55,19,43,36,43,92,45,47,61,4,1,10,8,1,500,37,1,29,84,6,33,5,0,50,60,3493,34,11,5,0,854,164,227,6,13,17,214,0,27,12,0,39,315,0,0,33,12,180,3,102,12,107,4,35,0,285,60,74,24,59,49,265,17,30,36,112,36,36,0,18,55,4,11,2970,178,5,9,579,38,58,164,3,11,12,0,7,17,18,16,38,10,6,65,0,29,0,0,16,0,66,83,197,15,0,88,321,68,160,6,419,26,16,12,11,35,9,43,0,2,7,112,11,3,2,126,80,60,0,5,0,10,1094,67,292,43,84,0,147,54,13,17,1,1,118,125,11,13,71,104,37,42,134,8,1,1741,71,257,0,171,5,0,7,40,0,35,280,0,6,2,77,9,15,77,22,13,29,79,0,2,55,9,0,16,44,34,3962,18,200,21,26,93,181,23,17,11,11,12,11,38,14,6,114,4,0,22,0,29,8,1,85,21,39,1,55,2,22,1,30,11,535,0,77,12,62,79,0,0,3734,20,8,14,21,17,24,0,3,23,12,1,107,3,38,25,140,21,0,7,4,43,58,15,36,91,8,168,197,5,17,2,173,0,55,15,131,41,7,12,3,19,115,90,38,152,11,0,0,20,17,0,33,3,0,1,33,108,0,1,28,9,2,13
cell_203,0,10,7,2,34,0,5,10,10,5,34,21,31,6,0,0,25,0,0,0,23,29,16,1,27,0,23,12,15,10,8,0,9,8,0,32,21,11,322,3,12,330,55,0,0,20,82,162,168,16,52,58,0,5,18,2,30,6562,885,73,16,83,9,3,43,38,36,32,26,17,5,0,25,44,22,56,30,329,26,0,6,0,20,7,160,0,21,27,4,0,3,2,51,59,7,0,15,3,19,16,2,10,74,11,17,36,188,72,20,132,1,114,42,76,25,0,18,12,3,1,46,33,5,20,181,35,5,0,15,1,28,9,37,28,16,5,130,73,0,93,373,29,0,2897,24,187,1,104,16,0,3,1,128,44,0,36,3,8,38,21,8,81,1,20,0,235,1,1,8,916,10,23,597,11,15,8,2,1512,0,163,3,3,0,0,5,17,23,22,1,49,22,0,24,5,28,750,272,6,5,27,23,18,24,34,53,426,20,14,5,62,81,8,18,16,38,230,10,28,8,8,0,12,3,541,36,20,2,383,15,22,110,21,20,54,3372,22,36,1,0,902,182,166,1,0,47,0,11,23,2,0,32,313,1,0,43,33,21,0,50,6,215,14,14,11,293,175,49,4,59,10,258,0,14,13,88,36,0,0,19,11,17,17,2983,216,5,8,598,21,0,220,68,4,18,26,2,7,41,0,61,11,6,45,13,12,16,0,38,1,34,49,89,1,0,194,260,82,138,1,370,23,49,14,0,35,1,66,6,0,35,130,6,0,6,112,39,6,11,13,0,14,1199,54,295,100,0,59,45,14,45,3,0,23,137,37,68,55,247,69,23,13,175,2,2,1837,0,206,0,70,16,0,24,33,1,34,439,18,0,18,9,11,24,30,18,10,14,5,2,2,33,0,0,18,38,4,3995,15,183,20,22,113,152,15,8,0,14,3,31,54,0,5,4,8,0,18,0,15,1,12,115,24,0,0,48,3,10,7,5,0,567,1,58,8,42,220,0,0,3729,17,14,1,78,9,15,32,17,0,45,18,92,19,56,11,157,23,17,6,7,147,24,35,47,140,1,176,237,3,22,3,5,7,66,18,161,64,20,119,40,27,125,71,95,124,4,6,0,99,39,2,24,1,0,8,17,59,0,0,53,171,25,4
cell_204,0,28,0,1,19,83,2,19,5,3,14,6,25,4,0,54,8,14,0,0,28,89,15,0,51,29,19,42,10,3,4,25,8,27,0,0,111,16,278,5,0,293,54,7,6,0,65,174,159,33,74,0,0,1,4,1,22,6547,850,109,10,93,8,18,16,10,29,52,15,7,7,1,6,58,11,46,29,368,1,9,3,0,9,12,148,1,28,38,3,0,0,19,86,10,9,8,8,67,6,1,2,9,1,10,7,66,248,122,10,34,7,124,32,11,46,6,32,25,0,5,0,0,12,9,107,4,4,31,15,7,1,20,91,30,33,109,145,35,5,12,324,36,4,0,2,277,2,56,56,0,0,1,164,36,98,10,1,8,25,10,15,31,10,22,0,248,4,52,2,618,18,18,605,3,108,78,25,1414,0,150,2,3,0,5,13,18,32,30,5,43,9,7,6,14,24,815,52,252,27,68,2,16,0,4,50,23,29,3,23,52,17,39,14,52,15,100,31,9,0,15,12,18,4,513,53,9,34,277,32,4,19,1,9,45,3456,30,2,41,0,861,152,243,0,0,12,155,21,33,7,6,38,342,2,0,26,41,8,5,220,3,173,10,33,0,0,184,90,17,19,31,250,17,5,3,100,25,1,0,25,51,2,3,2959,243,10,4,275,20,0,191,1,25,15,0,41,25,43,20,69,24,6,72,46,36,0,0,2,26,14,6,141,0,0,181,368,73,168,62,40,32,18,3,62,24,2,59,7,5,10,134,18,104,11,118,100,22,1,3,12,3,1137,40,305,41,11,0,113,70,3,4,0,3,50,137,33,84,142,12,53,31,142,27,5,1755,29,223,0,182,1,232,5,30,1,37,299,0,0,17,381,4,50,58,22,8,15,22,1,0,39,0,0,1,45,0,4186,48,244,22,22,120,83,9,5,74,19,9,50,58,6,7,4,10,0,13,0,43,12,5,113,10,21,0,50,0,13,12,21,1,588,2,85,0,45,228,1,0,3505,5,5,13,8,59,30,4,3,6,26,0,100,6,34,11,194,26,7,12,12,10,101,29,7,152,0,149,182,9,7,0,316,8,76,2,150,35,1,1,39,5,143,76,0,138,8,1,1,122,7,0,8,2,0,0,56,211,20,1,30,117,0,120
cell_205,221,77,0,9,26,101,10,66,16,0,39,0,38,16,0,21,40,10,6,31,28,77,13,2,66,18,7,76,36,7,7,0,80,33,0,0,17,30,293,12,0,219,1,2,15,2,28,145,162,30,81,39,1,4,54,3,72,7015,854,144,5,45,2,0,2,2,23,7,5,6,4,0,35,16,29,5,22,318,26,0,6,0,28,0,119,5,24,26,1,0,2,32,103,66,11,1,1,76,34,31,2,1,35,5,7,78,194,112,17,130,7,156,46,50,43,0,36,12,1,5,0,46,12,18,107,71,5,0,71,3,0,34,21,28,20,0,97,112,6,103,286,8,35,0,6,194,4,94,38,0,0,2,137,112,1,58,4,24,1,19,42,152,25,22,5,263,5,89,3,963,2,8,504,0,6,23,31,1368,267,152,6,15,0,16,12,7,55,31,0,29,17,7,26,0,33,736,92,301,20,76,43,20,1,12,57,114,0,22,32,86,24,32,38,5,16,98,21,23,3,17,7,28,0,610,38,0,33,26,29,70,67,11,35,70,4027,32,6,27,0,966,161,250,1,0,54,545,0,32,10,0,38,366,0,20,27,5,195,0,116,5,94,1,23,1,255,112,83,39,32,78,94,0,65,53,95,27,22,0,24,21,26,1,2948,246,1,3,3,13,5,200,9,6,17,0,1,32,24,16,56,10,3,49,0,8,0,0,59,2,75,96,88,0,0,16,330,76,183,1,385,21,58,5,10,21,0,107,4,11,7,128,11,118,14,130,76,40,0,5,2,10,1045,49,313,66,40,82,236,6,0,3,1,8,145,62,65,110,54,53,3,13,198,22,11,1519,1,198,0,87,0,207,6,26,26,12,355,67,2,7,273,9,1,57,13,26,21,10,0,0,42,9,0,50,19,3,4091,38,173,14,1,114,177,13,17,119,10,3,20,3,0,0,5,35,0,5,0,16,62,20,68,7,149,1,50,2,5,0,28,45,669,1,71,0,49,131,11,0,3164,16,4,38,88,26,20,0,2,1,0,0,75,22,113,39,148,38,15,10,13,135,121,14,10,42,0,137,183,3,28,45,65,0,54,26,148,5,4,15,5,16,132,80,0,125,0,0,0,68,41,0,6,3,0,0,47,134,0,1,12,95,96,85
cell_206,14,56,3,9,29,88,18,6,4,17,25,0,29,6,46,76,30,20,5,162,32,83,8,11,77,1,92,37,55,22,4,0,81,22,4,12,96,20,310,1,0,223,12,0,6,0,23,131,166,22,75,119,1,3,8,4,73,7135,848,56,5,82,11,7,21,0,30,50,22,4,5,2,28,48,56,24,4,1,32,0,5,0,28,3,153,3,9,40,0,0,0,6,38,54,1,6,10,15,21,16,3,8,135,0,1,86,284,111,26,76,8,81,45,24,47,15,26,32,0,0,2,73,5,11,238,29,28,0,35,12,2,57,145,35,36,31,140,12,22,0,313,22,6,870,0,123,15,73,59,0,0,1,111,8,3,45,47,17,7,22,11,97,0,8,1,10,15,44,1,1030,9,8,601,0,119,58,9,1513,217,166,3,9,164,4,19,4,10,1,10,16,7,1,20,3,26,726,91,28,42,43,42,6,44,69,65,129,1,18,18,79,40,33,37,24,20,156,3,9,34,46,1,5,4,524,53,6,3,24,20,74,116,17,46,51,3615,10,39,9,0,904,148,184,1,0,40,56,5,25,9,6,35,272,0,2,30,44,237,1,126,3,30,9,2,1,119,120,0,0,62,61,275,3,43,37,97,34,30,26,40,37,8,4,3059,215,1,18,367,26,54,69,31,2,21,6,9,33,7,9,64,20,3,60,2,60,8,6,12,0,93,30,216,1,0,58,301,69,203,0,322,23,10,4,53,46,1,116,13,2,3,135,7,88,13,161,74,17,2,10,19,8,1268,52,319,67,109,0,284,79,49,0,1,15,106,24,5,113,0,90,29,21,150,11,1,1770,2,241,1,60,11,239,1,29,3,12,396,115,4,17,370,6,81,12,51,4,16,133,0,2,18,1,11,18,20,12,4021,24,195,17,22,101,156,24,3,0,13,1,17,69,12,0,31,12,0,13,1,11,65,1,77,25,19,1,48,1,1,9,60,1,101,5,99,9,27,163,12,0,3536,9,4,19,20,6,7,36,8,3,7,0,99,1,46,15,84,4,9,13,12,12,176,5,7,145,0,136,165,9,9,3,58,3,39,6,139,12,1,0,101,14,138,73,0,69,5,0,0,117,28,0,7,3,0,1,37,2,0,2,24,32,0,125
cell_207,21,34,85,5,37,137,11,46,6,2,22,0,11,10,0,142,20,10,0,26,24,75,1,1,14,25,25,2,25,1,8,22,35,33,0,0,11,5,341,0,2,315,46,7,1,6,88,177,161,37,73,2,0,0,93,1,22,5845,918,99,0,66,3,7,30,41,6,33,21,5,1,17,25,13,69,20,33,293,29,8,1,1,19,12,141,4,51,15,3,0,4,13,72,18,5,4,3,96,63,1,1,11,1,10,1,72,226,92,4,51,4,150,38,5,29,14,12,27,0,2,0,0,5,22,68,16,3,8,39,18,51,20,27,33,103,28,149,214,9,1,60,31,5,2,18,172,0,54,21,0,0,23,115,6,113,8,2,14,11,26,19,162,25,23,0,188,47,165,16,1197,26,14,560,6,67,233,24,1038,77,208,3,14,0,24,43,7,55,21,6,34,14,8,12,38,26,422,485,248,142,56,6,14,7,3,55,29,17,8,0,59,8,3,45,55,26,173,7,26,2,18,1,21,4,331,41,6,4,11,11,22,29,12,74,53,3106,17,19,35,0,846,143,162,4,2,51,609,2,38,7,10,37,267,0,5,37,43,41,0,174,5,13,1,10,2,153,212,10,20,44,64,176,37,17,24,94,40,37,0,52,17,3,16,3004,184,4,10,9,19,1,215,11,7,20,0,2,32,6,9,55,13,4,64,13,11,2,1,37,8,7,88,55,11,1,197,320,58,164,10,122,28,59,3,19,45,0,145,5,4,26,96,7,60,13,149,55,26,1,2,0,9,1264,41,22,51,14,1,102,37,0,11,0,10,118,44,44,105,279,45,48,7,225,24,0,842,0,211,0,101,10,216,0,37,11,18,400,0,1,10,242,18,14,53,9,20,3,122,0,5,9,0,0,16,40,13,4121,44,203,25,4,111,170,2,8,129,15,9,8,46,1,0,5,0,9,17,0,19,9,4,75,2,47,1,5,4,5,6,1,4,755,0,99,15,50,173,1,0,3592,32,1,76,48,1,29,8,13,19,23,1,53,4,35,23,38,28,3,2,8,38,121,83,14,128,7,97,175,10,34,58,368,1,73,10,121,7,2,62,36,11,147,122,23,126,0,1,0,110,64,0,10,1,0,0,78,7,10,1,13,111,0,88
cell_208,0,25,30,8,25,27,4,29,11,0,16,2,12,28,0,61,25,1,0,8,23,36,22,0,26,75,100,101,40,70,2,1,23,15,0,6,0,45,274,5,6,258,0,3,6,11,16,148,143,14,72,35,0,5,1,0,1,6478,905,110,13,29,0,8,63,19,8,34,13,6,27,0,36,36,79,10,25,378,29,10,4,0,18,0,115,3,58,32,2,0,0,0,98,56,1,0,34,77,7,1,2,0,15,2,4,82,110,122,28,55,3,89,40,48,55,35,8,19,0,9,0,98,2,17,235,6,22,231,23,5,15,78,49,23,29,64,143,83,0,5,323,16,12,23,16,252,6,81,13,0,0,0,158,92,2,6,19,38,11,16,10,74,3,25,0,348,39,9,13,1139,6,20,599,0,130,95,10,682,80,150,22,16,0,10,14,36,35,35,0,44,10,1,19,12,33,763,144,230,0,23,0,13,4,25,66,4,2,20,35,30,3,26,33,4,61,83,16,49,22,18,18,11,0,346,39,3,4,79,8,6,5,0,34,69,3488,18,6,17,0,913,155,22,5,3,31,644,33,31,4,10,32,136,0,5,29,1,73,1,123,43,115,5,31,0,285,269,66,9,25,5,367,0,44,0,104,40,20,6,27,0,37,25,3022,215,4,58,28,7,0,161,2,5,11,0,72,25,18,2,74,5,11,52,0,57,0,0,0,7,65,86,279,3,0,45,281,74,212,47,25,34,60,14,137,43,3,6,0,2,0,110,5,2,3,160,75,36,0,22,6,2,1351,55,112,30,1,0,237,41,13,23,0,52,144,91,9,16,11,62,13,43,173,6,1,563,0,208,0,175,5,0,9,39,2,19,389,55,22,6,133,7,13,109,0,16,24,119,1,2,62,14,0,21,35,0,4115,22,230,21,8,102,166,3,10,0,12,1,83,30,33,0,2,59,0,0,0,7,0,0,87,11,7,1,43,2,2,4,13,7,773,0,84,4,37,121,0,0,3322,19,8,5,53,61,34,14,1,6,1,0,121,26,80,27,28,52,4,16,4,138,149,68,9,134,0,163,185,6,7,45,0,6,52,7,114,3,28,4,61,13,133,100,93,207,22,0,2,138,1,0,27,2,2,2,77,79,11,1,24,102,0,3
cell_209,0,54,7,4,32,334,19,39,1,4,7,0,28,12,0,73,57,5,4,49,19,57,0,0,2,1,0,15,8,0,15,0,40,0,0,0,37,18,307,5,11,267,61,0,3,0,38,165,143,31,66,30,0,0,8,2,59,5970,863,47,13,97,13,26,56,17,16,34,18,5,14,9,54,12,21,39,25,292,20,7,1,0,30,0,163,1,17,40,9,0,0,22,103,64,15,5,4,11,6,15,0,17,98,4,1,65,218,89,6,54,8,128,52,73,9,2,21,7,0,0,6,51,4,16,79,2,11,1,15,8,0,41,77,36,26,82,164,37,63,9,233,13,2,243,11,403,9,90,32,0,2,0,137,27,105,40,50,7,35,17,29,121,16,19,0,165,10,48,7,799,12,10,550,1,16,34,40,1347,452,171,0,15,2,7,12,2,30,28,9,38,14,3,38,7,2,576,49,235,104,46,51,5,6,29,55,72,29,27,8,88,7,36,32,24,14,152,6,4,2,13,0,4,5,558,49,11,102,102,36,8,52,2,28,57,3641,44,25,14,0,799,166,338,9,0,34,209,44,35,4,36,33,284,1,0,30,32,1,0,83,0,147,8,11,74,231,120,7,6,82,29,235,6,35,3,108,33,85,66,20,36,27,8,2969,215,8,4,315,3,0,158,30,3,24,19,4,38,38,24,47,2,4,28,37,49,12,5,13,53,52,102,84,0,0,162,357,62,193,20,264,25,57,4,29,50,27,119,10,1,6,113,3,102,6,148,95,27,5,0,11,15,1088,35,296,96,0,0,281,36,41,1,0,2,33,86,127,101,67,69,22,22,124,10,9,1431,103,192,0,108,2,259,2,18,8,19,323,9,3,13,344,6,19,34,37,20,30,48,0,8,10,0,0,21,7,15,3947,12,236,24,12,40,183,21,12,2,2,10,25,134,0,1,7,74,5,40,0,5,54,11,70,14,26,2,39,0,5,7,31,5,605,5,81,17,11,254,0,0,3131,19,0,55,33,6,37,16,17,6,24,49,109,5,21,41,153,38,7,16,5,21,119,17,13,66,4,174,221,3,70,33,135,0,75,17,100,2,5,7,109,26,160,78,4,54,1,1,0,112,6,1,5,0,0,0,16,7,0,2,38,125,5,190
cell_210,0,22,14,4,23,79,1,3,10,18,22,0,34,3,0,54,15,8,2,3,24,89,7,2,26,30,2,22,23,29,1,5,5,88,0,18,59,33,324,0,0,252,6,0,12,8,46,183,181,21,70,26,0,6,0,4,74,6951,837,51,8,30,9,2,44,60,14,58,29,16,24,2,11,38,11,27,38,274,36,0,1,0,25,0,114,2,47,26,3,0,0,5,79,52,1,1,2,5,35,4,1,3,141,3,2,26,162,120,13,151,2,204,45,77,30,25,11,18,0,1,69,35,12,16,111,6,9,0,15,14,6,16,125,17,18,115,135,25,6,0,298,28,1,1822,16,411,13,48,43,0,0,0,115,3,62,24,16,2,24,21,0,139,4,5,0,197,18,63,0,876,12,13,599,0,102,44,18,1479,166,153,2,18,6,2,8,13,40,35,3,58,10,4,4,19,29,333,388,89,2,45,52,12,26,1,64,30,28,12,61,55,54,20,25,27,40,200,19,14,2,14,1,15,3,615,54,1,0,34,5,29,29,8,7,67,3680,44,17,16,0,862,153,282,7,0,63,570,6,27,4,1,40,289,1,2,33,10,152,0,6,1,218,9,5,13,241,190,28,13,63,7,284,0,63,50,98,29,103,0,1,28,45,41,2943,217,8,19,687,9,0,192,0,5,12,0,35,29,54,2,53,36,6,53,0,67,25,7,1,5,93,111,205,4,2,212,366,39,135,0,342,20,21,6,8,41,3,24,14,2,57,107,14,68,5,138,63,18,8,4,1,11,1210,67,293,76,2,1,61,63,50,14,0,39,146,50,30,63,19,96,6,41,229,1,7,1215,6,206,0,142,11,247,1,19,9,9,458,41,0,19,401,23,16,94,21,4,34,15,0,2,57,0,0,52,25,3,3708,4,197,22,18,129,210,11,9,3,10,3,18,1,22,10,0,57,0,0,0,1,13,0,92,20,38,0,54,0,1,10,16,8,385,0,126,18,38,241,0,0,3347,16,0,6,12,6,19,42,5,23,26,66,8,1,70,35,120,17,17,13,4,93,31,71,6,136,0,162,269,7,9,18,13,3,54,10,130,7,28,14,62,14,135,98,3,140,0,3,0,120,13,1,22,2,0,6,50,73,5,0,38,113,0,7
cell_211,50,2,14,0,25,277,1,41,15,10,14,0,33,16,0,9,30,10,0,0,20,59,3,2,8,0,18,39,13,46,9,40,2,80,0,5,12,21,304,0,0,241,63,0,4,6,27,146,137,31,67,163,0,0,7,7,2,5915,963,80,17,78,4,8,20,0,30,45,19,15,39,1,59,10,15,35,15,325,20,4,3,0,17,2,157,3,55,25,0,0,2,26,52,27,1,1,12,32,76,15,1,3,11,0,11,73,220,71,25,94,4,97,42,10,45,2,35,24,0,4,5,49,1,20,188,65,6,1,80,8,25,13,52,25,31,1,113,44,1,102,287,1,4,192,5,554,7,84,21,2,0,0,117,115,0,9,8,19,22,26,9,127,19,20,0,123,12,122,2,892,27,10,570,0,139,174,36,1950,445,166,0,10,0,9,24,7,41,30,15,58,20,4,16,95,20,738,444,118,126,35,15,20,0,15,41,162,5,12,0,39,1,53,20,0,8,148,30,14,13,2,0,6,4,257,43,1,1,61,37,21,130,20,7,60,3534,88,3,6,0,918,135,298,14,0,6,9,0,24,12,18,40,287,0,0,34,12,241,0,101,9,138,9,32,0,72,252,48,5,84,76,284,0,34,7,75,37,129,0,15,55,27,66,3003,194,3,45,39,7,0,185,5,0,17,0,99,41,37,0,60,6,1,67,4,14,0,0,18,10,68,66,100,0,6,90,345,22,58,12,402,29,124,6,44,40,3,26,10,0,7,130,8,0,11,135,71,33,0,2,0,2,1390,50,296,45,0,0,147,68,22,2,0,14,124,1,18,21,197,20,18,18,210,0,0,1576,0,188,0,90,14,28,0,15,0,10,427,151,4,8,375,1,38,70,3,16,31,28,1,9,33,21,0,31,36,0,4035,31,199,23,2,126,178,17,20,17,18,1,24,120,7,7,23,28,0,2,0,14,15,77,100,33,4,3,55,0,5,12,20,5,421,1,73,20,15,178,2,0,3526,24,2,11,99,14,27,4,1,20,8,0,122,6,94,44,126,116,10,6,1,103,68,3,12,125,0,72,226,12,31,18,3,0,79,12,130,31,33,7,33,9,118,106,67,134,1,3,1,120,53,2,16,1,0,1,53,0,7,0,10,139,0,101
cell_212,14,16,1,0,24,72,5,25,2,16,26,8,33,14,0,84,40,11,0,3,26,48,7,1,9,95,60,75,89,0,5,0,19,5,0,15,19,27,339,0,0,276,16,2,1,4,70,183,147,24,57,137,7,11,0,6,26,6548,1005,24,16,33,18,7,50,39,32,57,15,1,46,5,8,15,31,39,19,89,20,5,2,0,42,1,141,0,18,30,3,0,0,14,18,46,3,1,2,2,20,6,0,5,112,4,3,47,144,78,7,116,4,300,31,14,44,27,16,60,0,4,24,88,3,8,194,15,1,0,5,17,6,60,132,4,4,40,174,53,0,69,287,71,5,171,6,184,1,74,41,0,0,0,79,5,19,25,61,22,16,16,25,162,2,17,3,44,8,65,1,810,4,15,430,1,40,13,21,2096,3,185,0,2,12,5,7,4,30,27,7,50,13,8,33,13,24,584,180,20,2,30,5,21,3,50,40,323,30,25,25,98,70,19,38,3,19,202,11,2,2,35,1,26,0,596,50,24,40,40,14,0,24,14,8,45,3034,42,38,1,0,774,127,94,8,3,37,0,34,33,3,11,32,228,5,0,29,44,0,4,162,19,190,11,21,0,289,67,0,0,26,47,306,22,64,0,97,32,39,0,51,4,31,6,2946,184,0,11,187,1,17,92,25,1,25,0,31,53,20,9,36,13,0,94,7,16,2,1,0,1,74,108,224,0,0,129,129,57,184,11,343,20,60,6,37,45,12,33,19,1,8,117,7,13,1,153,32,38,1,16,17,3,1347,34,279,69,0,22,306,97,25,7,4,40,32,27,112,83,48,98,18,44,59,4,0,1072,0,144,1,197,6,206,0,3,3,19,444,79,10,4,126,20,0,71,0,8,14,41,2,9,8,20,0,20,32,1,3983,19,213,10,37,59,188,20,13,0,17,9,35,103,4,7,56,82,0,5,0,21,22,27,52,21,24,3,50,3,1,19,35,36,548,2,89,5,38,103,2,0,3819,18,12,36,12,41,1,8,1,19,20,3,80,6,9,29,99,59,2,14,2,0,63,89,3,151,0,192,216,6,28,0,8,3,47,4,83,16,32,0,38,23,136,105,1,142,9,0,0,111,13,0,1,0,2,0,25,18,0,1,58,67,5,28
cell_213,0,51,2,18,25,99,4,39,4,18,43,1,35,6,0,134,22,12,0,19,3,72,7,0,2,16,4,107,3,51,2,35,62,13,0,0,61,56,305,8,2,210,1,6,21,3,57,189,160,22,88,28,14,1,3,8,55,5162,940,95,3,81,13,0,23,0,11,20,18,9,4,3,95,13,48,33,15,182,23,3,2,0,23,3,122,8,21,29,1,6,0,10,64,50,18,7,13,82,68,3,5,2,11,3,2,61,101,70,45,39,1,80,46,0,46,6,12,54,0,3,0,47,8,14,128,28,0,0,41,8,8,26,75,32,79,34,75,108,0,124,375,9,8,52,2,372,1,48,50,0,4,1,131,83,16,14,43,11,5,22,1,57,23,9,0,75,0,109,14,875,10,18,651,0,7,48,22,1477,221,121,0,7,0,14,13,7,84,31,30,24,13,4,37,37,47,741,490,79,7,68,13,21,36,15,44,309,3,20,6,76,62,39,50,69,23,142,13,2,3,14,12,11,4,493,32,2,1,39,30,54,64,16,45,50,4133,49,22,6,0,1000,145,243,2,9,16,300,0,29,14,40,26,211,1,2,32,21,85,0,13,1,133,14,22,0,269,166,52,39,59,33,289,13,18,59,97,42,51,0,92,3,7,17,3032,194,10,4,319,12,63,137,47,3,25,0,51,11,33,17,51,10,3,58,1,20,57,0,0,39,75,36,96,4,0,48,229,76,228,0,332,19,150,30,24,34,5,54,31,10,5,137,12,115,1,160,65,31,0,11,3,3,1389,51,280,70,2,0,148,61,0,0,1,14,146,32,93,113,14,48,7,41,212,15,0,322,1,202,0,69,17,195,1,42,7,13,194,0,3,2,240,18,0,61,12,8,25,50,0,1,20,16,0,18,29,0,4257,5,202,7,19,87,177,15,16,3,13,2,10,10,11,0,74,20,0,10,11,19,19,11,18,15,81,0,41,2,2,18,21,9,156,0,76,8,41,265,1,0,3361,17,0,44,24,20,18,5,1,10,0,0,116,6,61,18,28,25,18,14,0,5,104,12,9,103,7,48,235,14,28,47,93,0,62,6,163,19,16,175,4,19,171,123,13,204,9,0,0,89,15,1,24,0,4,0,46,7,0,1,15,17,5,34
cell_214,2,37,1,1,28,223,10,16,5,18,9,30,14,9,0,9,13,16,2,1,32,100,0,2,19,3,77,45,39,4,15,15,80,32,0,0,64,18,298,3,30,273,72,0,4,0,46,163,140,29,63,42,0,0,29,15,21,6187,901,102,17,55,16,21,4,1,43,44,24,9,11,5,26,9,50,34,17,351,22,10,5,0,23,15,165,1,2,35,2,0,0,18,81,39,13,1,38,59,59,0,9,3,4,1,4,77,277,133,10,70,1,184,46,7,50,21,15,10,1,3,1,59,8,23,248,25,30,0,18,4,17,16,3,30,14,40,105,13,1,0,330,21,1,64,2,395,4,89,22,0,0,0,112,13,43,23,20,11,33,20,0,157,11,16,2,95,23,44,0,829,24,17,562,0,85,31,35,1526,352,179,0,6,2,6,38,17,3,42,3,22,9,17,27,30,43,834,179,194,4,57,0,15,3,7,53,16,19,17,12,101,3,42,36,17,37,82,0,29,2,2,4,22,3,511,47,1,42,53,8,33,62,0,7,71,3278,18,12,23,0,859,141,158,0,0,8,116,34,21,6,0,25,307,0,0,29,15,56,1,148,6,109,10,30,0,0,52,50,0,71,58,242,6,47,21,97,48,42,3,24,19,19,0,3036,206,4,14,78,3,0,183,4,24,17,0,0,49,21,11,50,34,6,75,17,12,0,0,56,45,68,20,270,1,0,193,267,58,175,14,113,34,55,2,60,30,0,17,14,3,23,146,18,68,15,149,92,27,0,6,0,8,1315,46,292,27,0,0,234,28,15,5,14,24,82,144,44,80,259,92,2,13,86,11,7,1194,29,210,0,108,2,234,0,39,0,37,183,16,0,11,100,5,35,169,44,12,23,26,0,5,49,27,0,9,19,1,4059,22,222,9,15,107,155,24,9,201,7,19,20,9,0,0,0,14,1,20,2,12,38,9,107,17,37,2,35,5,4,2,6,1,444,7,67,21,51,254,19,0,3552,27,5,30,10,9,28,0,14,13,19,0,105,27,43,27,135,19,7,28,0,33,101,22,5,80,0,145,159,2,25,14,156,0,76,0,157,0,12,12,56,11,146,104,81,52,4,0,0,109,5,0,6,10,0,1,49,192,15,21,38,133,4,91
cell_215,1,10,53,21,33,282,6,29,8,9,13,0,11,13,0,38,36,7,0,55,23,56,0,0,26,0,0,12,61,5,9,64,18,66,0,1,133,22,256,0,9,258,0,0,2,0,61,182,119,29,84,183,2,0,0,1,5,6341,801,77,7,98,0,13,12,154,19,32,23,0,67,6,30,30,17,23,23,385,29,2,2,1,26,15,151,6,58,21,0,0,0,2,53,69,8,1,12,38,213,17,4,23,29,0,0,28,121,23,31,12,5,136,45,0,51,38,10,23,0,5,2,52,4,18,247,12,11,0,15,16,0,15,108,19,22,78,171,178,6,0,249,4,2,29,15,342,9,59,59,0,0,0,132,32,0,4,68,3,34,21,3,151,12,8,0,56,13,93,9,867,28,11,631,0,48,58,23,1286,345,195,1,9,24,14,8,8,34,19,50,11,11,4,39,0,35,703,482,105,0,17,2,18,0,1,50,50,13,16,29,37,7,17,35,45,29,193,20,55,8,20,0,14,0,409,33,0,1,12,12,5,52,4,37,46,3295,27,4,7,0,853,161,283,1,6,12,180,0,33,8,23,31,233,0,1,28,44,126,0,24,2,108,5,29,0,3,16,66,14,37,60,308,3,38,0,84,45,28,0,37,132,19,18,2994,194,4,6,105,26,9,160,13,7,22,0,18,78,41,12,48,21,6,71,28,104,0,3,15,0,73,28,228,16,0,175,279,85,199,14,45,31,29,3,27,43,7,54,0,4,5,131,10,65,14,137,31,8,0,2,2,14,1321,65,57,41,0,0,138,76,1,5,14,4,125,10,41,26,85,39,26,43,107,6,16,1025,0,211,0,159,8,43,0,25,17,28,429,15,1,2,306,12,90,212,7,10,31,18,0,1,32,1,0,5,35,1,4101,3,201,28,4,105,135,21,10,5,11,13,33,0,35,0,1,34,2,16,61,35,45,0,102,5,22,1,41,6,6,8,9,11,619,0,104,19,1,200,13,0,3657,16,5,19,28,13,30,8,5,8,13,3,113,2,37,23,39,5,10,12,2,29,105,8,0,131,0,177,199,6,66,20,98,1,61,26,113,0,48,60,50,1,128,103,13,190,10,0,0,101,0,2,0,6,0,11,65,0,0,5,11,33,0,58
cell_216,0,52,0,10,20,11,20,4,13,9,29,9,37,11,0,40,26,9,0,0,27,54,1,0,27,124,6,139,15,1,5,0,19,1,0,0,22,54,297,0,1,306,14,0,12,7,54,167,129,16,76,38,0,13,91,2,19,6939,869,90,4,69,8,3,3,75,30,14,27,2,17,2,34,14,49,35,28,43,32,1,11,2,17,1,184,0,21,30,0,0,1,5,55,51,2,6,10,61,65,23,5,1,33,2,0,82,190,119,4,40,1,37,49,26,43,42,15,68,0,4,15,14,7,13,280,29,1,108,67,12,8,48,46,27,27,87,90,64,0,14,426,50,3,83,5,29,2,84,44,0,2,6,166,62,0,12,26,3,13,16,35,128,2,27,5,261,21,38,9,933,12,15,702,4,44,5,8,1407,0,160,1,3,0,2,46,13,31,44,5,20,10,10,30,1,44,671,405,167,15,24,6,24,4,66,43,32,18,28,29,39,110,11,49,60,44,196,0,32,3,11,6,6,0,373,41,4,1,8,11,0,84,5,29,57,3494,12,17,0,0,878,160,261,1,1,21,45,39,26,11,0,23,191,0,3,29,37,0,8,86,20,91,15,20,0,44,192,26,2,15,26,285,10,17,0,94,45,48,0,12,10,10,0,3082,151,0,5,127,22,1,182,29,2,30,0,48,31,20,2,78,8,7,73,1,32,0,0,8,38,60,28,200,6,0,45,127,63,185,13,295,20,103,14,20,48,4,129,1,1,30,134,7,1,3,148,20,36,1,45,15,15,1346,64,280,98,80,5,263,73,53,0,0,29,133,29,63,70,3,72,11,35,110,13,0,747,0,229,0,95,25,214,0,20,8,46,460,0,1,12,42,14,1,60,5,19,13,63,0,6,16,1,0,7,30,6,4085,29,198,21,5,101,158,8,6,1,15,0,18,17,0,0,0,53,0,4,0,34,1,65,68,22,11,1,52,5,2,1,24,27,705,0,110,8,54,251,0,1,3842,19,13,17,35,22,31,27,3,23,15,0,97,17,34,20,131,3,10,13,0,14,156,20,4,89,0,182,232,6,38,4,0,0,59,7,120,23,3,0,50,18,170,97,25,121,3,0,0,111,12,0,20,0,0,0,13,47,0,0,34,59,0,9
cell_217,10,11,77,3,30,259,8,42,1,9,15,11,27,2,3,71,25,2,0,0,23,51,7,13,14,80,88,74,18,39,7,5,3,3,4,18,3,51,277,6,0,225,0,1,6,12,41,156,29,29,80,51,0,1,1,0,8,7273,890,121,21,54,12,1,41,3,20,27,10,12,4,1,24,39,8,39,5,312,25,3,1,0,28,5,155,0,57,27,4,0,4,0,12,8,13,3,26,7,56,7,2,7,43,9,8,58,242,105,25,47,5,224,44,59,19,12,7,22,0,7,1,55,5,11,94,42,34,0,13,17,14,18,10,24,34,12,73,143,31,5,258,15,2,1858,12,420,13,34,87,0,2,0,135,14,99,43,12,56,18,19,15,139,14,3,0,3,8,114,6,896,2,10,599,5,66,19,19,1717,294,166,4,12,0,9,2,10,40,17,16,43,6,5,33,10,29,404,412,53,11,65,11,14,3,14,49,132,9,18,14,33,55,42,26,5,20,189,3,22,28,39,8,5,2,562,36,4,2,85,23,5,66,30,42,70,3572,35,1,30,0,882,166,255,8,4,18,21,0,21,5,3,29,235,0,0,30,4,38,2,187,26,99,8,21,7,263,136,44,1,50,55,261,2,22,44,118,37,68,3,32,10,7,36,2948,211,2,19,306,28,6,163,8,4,15,0,9,1,20,12,36,13,6,78,13,46,16,0,16,12,34,9,91,4,0,78,317,3,142,24,346,29,73,1,10,44,4,49,3,3,18,109,4,9,10,164,68,21,5,25,1,4,1195,60,309,80,17,0,278,79,19,44,0,21,167,8,94,99,40,74,25,37,180,6,4,738,23,199,0,47,0,1,8,17,4,13,141,4,9,5,40,14,3,83,0,4,25,34,0,5,47,12,0,49,15,0,3869,56,231,4,14,101,145,14,9,0,14,5,18,0,8,0,47,18,0,8,0,34,2,22,34,26,91,0,25,2,4,16,25,2,275,0,96,10,12,252,0,0,3374,17,3,10,75,49,36,17,7,10,25,29,78,7,12,45,8,21,7,9,3,47,202,82,35,116,12,80,193,27,30,2,110,0,72,1,35,14,25,8,42,15,164,76,59,187,6,2,6,89,34,2,21,1,2,0,56,9,1,1,1,132,0,8
cell_218,0,12,4,7,32,86,14,50,9,0,22,0,41,9,0,52,46,4,0,54,26,133,8,0,69,17,44,65,113,24,8,1,0,85,0,0,40,4,284,2,0,252,4,1,0,0,13,172,159,28,77,49,0,3,13,0,2,6186,944,97,1,39,2,1,35,1,22,75,25,9,3,21,24,94,32,34,25,197,33,10,4,0,26,0,145,0,63,25,0,0,0,6,78,76,2,5,30,72,149,10,1,28,0,6,8,73,247,127,26,108,3,116,42,16,64,0,31,38,1,1,0,12,19,31,197,13,2,0,6,25,19,7,107,34,66,67,139,79,2,0,293,28,26,41,4,267,31,6,21,0,0,9,132,5,0,44,23,2,44,25,3,2,7,11,6,30,9,10,1,1013,22,22,518,0,56,146,7,1731,1,174,1,8,13,16,19,6,24,35,30,36,20,10,25,5,35,715,497,284,2,52,21,22,12,0,48,31,12,7,26,80,40,28,41,47,139,125,12,18,4,7,7,11,0,544,41,0,0,112,35,0,54,14,35,76,3455,12,12,17,0,839,179,264,0,7,10,273,0,22,13,6,43,271,1,8,24,29,184,0,147,6,173,6,24,3,68,82,59,80,65,79,283,11,35,27,115,35,3,1,18,35,7,0,2937,226,7,9,53,31,2,100,21,9,19,0,13,27,30,21,69,16,1,59,15,94,2,0,23,51,70,57,277,0,1,153,342,98,238,22,297,32,28,10,6,54,1,81,4,12,7,163,12,73,6,108,69,42,2,16,4,2,1007,62,270,85,69,0,299,104,51,1,0,8,149,52,6,68,277,92,27,24,225,13,0,2093,29,194,0,91,2,224,4,24,15,17,304,0,0,6,423,2,86,131,53,9,6,64,5,3,38,14,0,22,30,19,4203,21,184,22,35,124,168,25,6,36,10,2,28,13,4,0,16,10,0,25,0,21,31,0,70,19,60,2,64,0,2,15,10,4,594,13,101,48,27,236,0,0,3610,19,2,5,42,16,25,27,5,12,6,0,114,2,23,11,43,0,13,13,0,9,118,5,8,148,1,32,211,8,8,49,31,0,35,24,158,1,2,0,47,23,141,100,14,74,2,4,0,60,7,0,13,7,0,0,75,1,10,0,21,69,4,175
cell_219,1,31,15,4,24,4,10,9,3,11,30,12,11,8,0,22,24,9,0,81,37,61,21,14,21,5,5,66,8,31,1,66,14,15,0,2,60,58,465,0,0,260,41,0,0,30,86,199,132,178,42,9,16,12,1,6,1,1274,2149,284,3,135,9,7,48,4,17,59,25,2,2,1,36,114,32,26,17,224,68,5,8,1,29,0,222,0,31,31,7,0,0,13,99,1,42,16,8,123,47,1,1,8,0,0,7,95,114,63,6,50,12,8,52,26,58,13,30,25,0,1,0,41,12,18,305,32,7,0,16,11,17,26,60,29,63,42,142,13,0,20,291,45,2,37,0,211,15,64,44,1,0,52,95,13,0,5,38,1,23,25,8,109,5,28,0,5,2,96,5,251,15,30,820,1,126,53,7,443,47,75,11,14,2,17,24,13,51,31,3,8,35,9,21,39,20,311,314,55,8,93,8,16,21,32,58,9,87,23,10,30,10,66,31,19,2,155,11,30,8,12,5,2,0,234,41,3,0,172,21,45,13,63,39,31,3557,17,16,15,0,950,256,54,0,0,13,288,4,31,3,17,31,228,1,0,205,20,131,2,139,10,100,16,13,0,47,94,4,6,63,62,146,0,7,15,46,55,86,31,71,12,6,5,3183,361,7,21,429,32,5,218,96,5,24,0,16,27,10,32,90,27,26,77,70,35,9,9,13,1,35,39,27,19,0,65,186,64,168,42,272,27,72,6,31,32,27,74,0,12,2,112,28,62,2,100,63,10,4,9,7,0,734,56,136,87,52,0,161,100,4,1,0,7,113,28,3,44,8,25,16,103,169,27,7,368,41,102,0,39,2,109,0,34,26,56,169,0,0,5,152,23,19,88,1,29,15,4,5,4,20,9,0,9,32,18,6813,34,73,29,26,102,296,19,10,0,3,8,15,108,19,0,47,9,0,6,0,10,13,4,46,19,18,0,63,3,4,19,36,0,734,2,76,7,51,195,1,0,1392,46,13,0,63,24,12,13,11,32,17,2,95,3,10,69,26,23,15,4,4,17,97,19,13,178,8,112,86,4,21,62,50,0,117,24,91,18,0,13,36,20,112,85,0,33,12,3,0,45,20,23,18,10,1,2,78,0,11,0,13,27,0,8
cell_220,1,56,9,2,19,12,2,68,3,0,22,9,19,3,0,4,29,15,7,25,21,66,6,4,18,1,98,16,67,8,32,9,22,28,0,0,10,59,527,6,11,232,56,0,4,4,34,183,129,140,70,2,13,32,5,7,20,1419,2092,40,0,89,6,0,139,89,25,17,39,2,33,14,7,82,4,41,27,61,61,0,9,0,10,9,211,0,11,21,6,0,1,14,104,26,3,4,7,32,18,16,6,8,63,3,4,90,127,121,3,101,6,3,56,3,47,7,33,29,0,1,0,90,44,23,286,61,26,0,32,11,22,6,54,21,52,72,118,90,7,13,211,145,7,31,3,347,9,27,26,0,0,10,111,1,0,8,7,0,2,10,28,56,20,25,4,27,10,39,2,266,22,23,798,0,168,152,8,402,91,66,1,2,15,2,23,11,21,43,5,24,20,15,6,1,54,206,224,93,80,39,4,20,24,28,60,60,84,15,8,54,34,58,32,3,16,67,1,63,3,14,5,11,1,286,71,34,20,48,21,55,7,57,26,45,3361,24,25,3,0,945,295,40,0,0,23,204,16,42,7,1,34,113,0,0,178,18,70,0,266,13,68,5,0,1,60,47,58,7,38,82,224,1,10,1,42,45,36,116,8,15,44,11,3274,323,6,14,387,41,6,159,19,9,23,0,23,19,19,13,95,26,20,46,35,17,1,5,7,9,56,31,23,6,0,35,202,34,92,1,273,64,15,3,42,54,58,63,0,3,5,241,8,42,11,84,16,24,3,8,4,11,705,49,199,65,35,0,161,84,55,10,2,11,90,22,5,22,24,54,10,104,121,8,0,158,3,76,11,21,9,113,1,47,28,37,89,5,2,8,112,28,12,94,7,64,19,64,0,4,17,0,0,4,17,7,7199,8,65,34,46,85,337,12,11,8,16,4,8,96,5,0,7,12,0,3,0,21,32,5,53,18,24,0,24,7,25,13,11,13,534,10,76,7,33,205,18,5,1392,26,8,41,10,18,21,2,9,14,20,29,85,1,2,48,58,9,10,14,6,12,130,5,1,180,1,87,77,16,4,7,1,2,103,7,126,7,6,0,41,2,131,71,22,224,5,0,1,32,15,3,14,3,0,1,32,0,30,18,18,73,0,26
cell_221,0,9,1,12,21,29,20,55,3,36,23,10,17,7,0,14,0,12,0,88,15,45,12,0,15,6,28,15,5,17,16,9,19,5,0,14,46,46,430,0,2,223,30,0,14,3,24,168,118,130,72,1,11,19,8,4,51,1668,2089,151,8,97,14,5,11,17,45,47,17,20,20,7,45,133,16,38,6,229,43,0,14,0,23,0,254,0,35,28,0,0,3,4,54,7,2,2,24,11,23,7,0,13,1,7,12,74,117,96,4,91,13,128,58,6,69,1,39,6,0,3,0,106,72,30,236,74,11,211,29,26,1,2,146,23,34,73,107,57,6,2,224,56,12,7,3,376,10,14,30,0,0,4,100,1,95,30,24,10,6,8,34,73,3,32,0,0,9,33,0,211,8,18,775,2,155,116,15,408,3,64,13,30,93,31,53,2,36,53,6,40,22,14,21,10,47,260,255,103,67,79,11,22,0,8,71,109,26,18,35,53,48,31,28,1,19,55,19,16,1,29,0,18,2,276,59,17,30,115,8,0,27,10,52,30,3571,18,24,31,0,970,280,55,0,2,60,3,0,44,7,9,49,167,1,29,188,17,60,1,263,29,20,2,1,0,199,48,32,3,12,74,183,1,42,55,67,71,2,208,28,4,35,10,3289,353,5,11,52,29,6,107,8,11,20,0,70,20,34,25,103,14,11,79,9,110,10,4,18,0,62,8,121,9,0,131,219,8,189,12,335,71,108,3,35,8,38,95,1,0,4,207,12,61,9,110,52,30,1,0,4,7,786,54,199,91,0,14,172,77,3,2,0,1,105,28,0,50,132,75,13,116,178,11,12,402,5,116,0,78,1,119,3,37,3,38,142,46,9,1,265,6,20,17,37,26,26,40,1,38,35,4,15,4,29,30,6767,18,55,27,51,61,301,16,5,1,16,1,23,108,34,0,52,20,0,0,0,31,1,3,67,8,18,1,40,0,22,19,33,0,619,6,88,19,37,169,0,0,1323,28,9,4,37,11,11,3,19,24,37,0,91,9,14,43,10,20,0,21,0,16,50,30,14,159,3,37,89,7,49,16,0,1,53,7,38,13,0,0,126,10,135,41,0,87,7,1,11,55,8,0,1,4,0,0,105,19,0,4,30,83,4,14
cell_222,144,31,9,8,23,48,6,10,3,9,14,4,30,21,1,67,46,10,0,7,2,131,6,0,9,117,97,72,130,37,5,19,22,0,17,32,8,20,272,11,16,230,3,1,7,1,47,176,140,22,71,44,0,5,55,5,19,5153,852,49,12,89,16,0,21,72,36,29,19,3,14,2,10,19,29,41,30,361,31,5,1,2,20,13,176,0,53,25,1,0,0,1,75,49,1,1,1,28,58,27,1,19,56,0,1,84,171,127,29,119,6,130,42,6,50,5,2,6,0,3,0,47,3,21,206,9,3,0,32,11,0,19,77,30,30,68,83,138,0,9,147,15,14,306,10,293,1,33,48,0,0,3,140,5,36,3,5,49,6,15,22,51,3,9,0,159,3,37,22,864,21,9,634,1,96,2,8,905,38,179,3,8,0,23,1,18,40,14,3,34,4,9,26,18,21,487,568,176,159,48,1,13,4,19,47,47,6,13,28,84,53,23,20,44,15,123,33,9,20,11,4,10,2,508,46,2,0,69,37,26,22,15,58,44,3432,44,7,0,0,816,176,296,3,0,7,11,0,44,1,2,26,78,7,0,25,36,71,0,114,9,52,9,11,2,205,46,34,0,69,66,317,2,8,2,87,36,103,0,19,24,10,9,3107,178,2,7,351,6,103,114,1,7,18,0,29,10,45,6,23,21,2,16,9,30,9,5,10,48,39,44,86,2,0,69,333,44,170,29,45,22,69,14,49,38,2,108,2,2,25,139,3,63,14,141,47,30,1,28,11,12,1122,59,261,39,0,191,237,80,17,11,0,16,139,32,7,26,148,118,27,23,185,11,2,421,0,206,0,119,8,113,6,36,1,11,470,140,6,2,73,6,16,78,0,11,21,35,0,6,49,2,0,18,6,0,4109,26,209,9,11,119,177,17,8,3,14,7,23,52,44,0,0,28,24,10,0,6,15,0,84,28,31,4,22,15,12,5,24,11,540,0,128,4,40,171,1,1,3768,23,3,7,94,26,28,3,3,25,12,1,104,5,49,34,5,67,8,15,0,95,253,18,16,132,10,137,210,15,3,18,0,4,63,3,44,0,34,30,12,9,163,100,74,174,3,0,0,80,22,0,25,9,7,2,29,84,8,0,20,105,0,9
cell_223,0,47,2,5,16,108,8,44,13,9,11,1,31,9,0,10,29,10,0,131,27,113,2,8,33,19,0,2,8,35,6,0,16,9,23,12,23,23,305,2,1,234,0,0,3,1,41,164,121,31,76,211,0,0,54,1,42,6363,938,71,26,80,2,8,4,85,12,42,11,15,13,0,22,61,37,41,24,368,26,1,1,0,20,1,149,0,61,45,0,0,0,14,89,56,2,4,10,44,41,4,0,8,8,13,6,72,180,88,64,63,16,109,34,6,41,4,32,25,0,5,0,70,1,24,109,5,1,0,40,7,1,28,74,28,20,32,119,83,19,0,273,69,2,382,10,456,3,93,3,0,0,1,134,17,7,5,24,51,32,16,9,105,5,9,0,110,9,91,17,976,28,14,635,0,48,83,34,1662,24,193,2,14,4,11,12,19,25,31,20,22,15,25,21,13,11,272,387,87,150,57,10,13,1,0,48,36,33,15,2,44,14,24,35,6,18,175,84,11,7,34,4,5,1,353,43,1,22,80,46,37,52,22,52,58,3510,26,16,18,0,831,175,42,7,0,60,245,0,24,10,8,40,379,0,0,27,3,14,5,136,13,87,14,20,9,2,92,77,0,49,17,325,0,33,40,107,42,48,0,40,56,17,4,3113,216,4,0,24,28,0,192,38,2,26,0,2,29,12,2,59,13,2,53,37,70,18,5,0,11,60,15,124,1,0,151,322,13,223,5,281,25,158,7,18,41,1,106,16,16,38,129,8,16,3,160,85,40,3,0,11,8,1118,54,169,79,83,0,81,70,39,7,1,2,138,35,6,48,18,39,45,40,202,16,0,1036,0,223,0,100,13,1,2,31,0,39,442,0,1,7,297,14,20,4,1,3,17,52,0,0,60,4,0,17,49,0,4284,73,205,25,28,91,174,14,10,4,18,15,9,16,0,0,10,10,0,10,1,3,9,1,101,17,20,2,51,0,2,2,44,7,292,2,68,23,16,229,0,0,3678,24,2,20,99,3,35,24,12,9,15,50,81,68,29,42,77,3,15,22,0,10,82,5,33,142,0,97,200,12,31,10,116,1,67,13,136,6,4,0,29,24,164,107,2,173,1,5,0,131,7,1,2,2,0,0,82,4,0,1,64,93,0,58
cell_224,0,3,25,5,33,305,7,30,17,0,23,0,32,5,0,75,22,3,0,48,10,118,8,3,10,1,68,10,27,27,9,0,19,29,11,28,57,19,148,13,12,173,36,1,5,1,3,162,98,24,93,121,1,6,43,3,236,5533,853,88,7,113,4,6,54,25,11,49,17,9,1,3,29,44,12,2,17,363,4,2,1,5,21,0,73,0,36,37,0,0,0,19,92,53,5,7,53,67,45,9,5,30,15,0,0,80,89,118,11,84,2,221,41,51,51,8,3,8,0,7,4,22,28,7,101,9,2,554,20,20,6,14,111,34,23,53,141,90,4,16,295,20,30,58,7,426,15,17,64,0,2,2,137,1,118,5,32,2,12,16,12,128,1,19,6,158,5,19,11,1027,34,6,578,0,150,6,6,1468,367,73,8,5,77,19,6,10,28,29,2,43,17,3,20,6,28,363,160,168,128,54,20,18,5,14,40,202,7,5,31,63,100,4,37,56,84,44,37,11,0,30,11,4,1,542,41,12,0,32,4,1,21,6,8,45,3588,1,2,3,0,914,168,251,0,8,32,417,0,43,6,30,38,139,2,55,23,20,56,1,207,37,51,2,18,1,247,85,98,5,65,49,286,10,24,24,121,46,107,18,5,3,19,0,3108,238,0,38,260,1,10,7,7,5,11,27,14,24,38,15,33,4,0,39,0,107,6,0,34,47,36,57,99,1,0,168,300,28,184,81,113,38,103,7,48,47,9,154,0,3,6,143,2,15,5,157,77,13,8,18,13,3,1140,65,247,102,5,0,231,18,103,11,0,21,122,97,99,87,184,105,34,15,134,14,2,729,27,196,0,123,2,64,5,2,7,0,288,3,27,6,350,3,4,12,0,8,23,168,2,4,38,0,0,21,8,0,4189,52,217,8,3,125,161,16,0,76,17,0,34,103,43,16,0,4,118,5,0,47,2,23,77,3,43,0,48,0,20,11,50,82,537,1,75,26,23,88,1,2,3627,29,3,11,61,52,17,4,6,15,0,19,85,5,49,43,44,0,2,15,0,140,155,171,4,75,1,175,233,16,12,7,0,4,54,4,119,1,4,0,128,6,163,100,9,197,0,2,0,79,1,0,23,0,9,0,38,31,0,0,58,88,5,1
cell_225,50,1,53,0,22,71,4,12,4,21,12,8,35,2,0,13,22,12,0,0,37,97,5,1,7,151,58,41,37,4,9,0,60,18,0,0,72,66,199,2,0,270,57,0,14,9,71,164,158,26,86,77,8,2,19,1,47,6924,858,37,1,65,5,1,78,67,10,21,29,2,15,1,22,11,30,11,25,431,23,0,0,2,10,4,89,0,52,21,0,0,0,9,85,63,5,5,21,53,48,11,0,0,24,2,7,71,171,154,37,88,8,61,48,11,54,24,11,18,0,1,0,36,3,23,315,4,1,5,10,13,6,18,44,4,16,57,118,122,4,1,307,26,4,190,0,275,12,35,80,1,0,4,176,24,4,19,9,18,21,25,13,116,9,16,0,286,2,47,9,863,23,14,765,1,47,49,27,1218,30,171,13,15,0,27,31,13,66,30,6,25,9,11,3,6,23,446,219,118,148,31,0,13,0,21,59,139,13,25,37,45,40,19,19,50,60,217,33,1,9,17,4,16,2,329,49,1,0,143,20,53,24,0,43,56,3486,28,34,1,0,899,153,307,7,3,13,533,23,36,6,8,36,334,0,2,22,8,138,0,117,10,194,1,7,0,300,65,95,5,54,67,173,7,6,14,109,40,133,1,19,58,29,37,2953,198,6,13,385,16,89,202,1,12,16,0,20,27,41,15,39,2,9,25,11,13,0,3,9,21,43,86,86,9,0,101,357,37,140,29,49,26,215,2,54,38,0,61,4,6,31,121,7,54,15,125,71,28,0,16,4,13,1266,51,53,39,37,0,104,7,7,4,0,22,155,86,23,116,28,81,11,48,173,6,14,929,0,253,0,114,12,219,4,41,7,11,43,3,0,4,329,7,0,189,14,17,14,77,0,6,30,10,0,22,41,0,4291,19,184,6,8,107,154,4,9,0,15,0,20,95,36,0,4,44,0,0,0,33,32,0,66,4,48,0,31,22,6,3,27,17,575,3,103,9,32,224,6,0,3662,24,9,11,2,30,30,0,4,23,12,0,67,9,32,32,30,9,13,18,2,19,119,56,1,143,7,163,186,13,49,29,32,1,38,19,102,28,21,10,30,10,145,77,24,118,2,0,0,105,16,0,23,0,15,1,73,0,9,2,28,17,0,5
cell_226,0,6,2,1,24,291,7,30,5,1,29,6,18,7,0,13,29,10,0,50,24,46,9,4,95,115,50,200,39,90,5,59,90,34,0,1,45,15,307,7,1,275,99,1,16,0,69,187,182,18,95,7,1,13,13,6,26,6441,855,103,10,31,2,9,8,0,16,44,11,15,15,4,35,61,30,33,18,315,29,0,0,0,19,4,196,11,28,24,2,0,0,0,38,61,4,1,12,33,57,24,0,11,51,1,7,50,218,137,10,123,13,37,52,51,56,0,19,20,0,8,1,37,20,8,252,58,3,0,32,13,2,7,129,34,85,11,149,48,0,21,346,12,12,523,0,187,3,68,40,0,2,19,16,0,0,47,2,0,6,14,12,134,0,17,0,174,56,94,0,1085,8,20,547,2,25,133,4,1523,3,172,3,11,0,10,19,14,34,28,0,51,16,4,9,0,34,799,216,240,6,46,12,18,14,66,59,29,10,12,10,74,20,39,42,0,5,81,13,23,0,14,0,10,2,520,40,0,22,117,11,21,113,0,45,54,3290,10,0,12,0,849,145,317,0,0,8,4,61,15,6,7,40,173,1,5,24,49,244,1,100,32,133,11,29,0,74,89,1,27,66,68,306,1,28,2,106,43,14,1,23,45,12,8,2894,244,11,15,555,15,3,148,0,0,37,0,26,40,4,12,79,7,13,83,18,70,3,1,8,0,71,84,301,6,0,158,359,94,173,25,325,27,12,3,20,41,6,60,0,2,4,139,3,6,8,149,99,18,6,2,7,4,1332,44,285,69,41,3,277,87,0,0,0,7,173,11,45,23,58,50,6,27,214,10,1,1363,24,210,0,189,0,0,7,11,6,16,421,0,0,5,140,11,29,72,7,2,19,1,0,0,20,3,0,26,24,1,4156,18,220,26,35,126,167,24,21,0,13,1,26,81,18,0,0,25,0,7,6,49,34,0,114,22,5,0,51,0,19,9,36,7,514,0,141,17,42,60,3,1,3568,11,10,5,34,56,10,1,7,14,4,0,114,6,76,37,158,1,6,11,0,27,69,21,9,122,0,160,171,8,9,3,30,0,46,7,81,30,3,1,17,19,133,94,0,91,1,0,2,59,59,1,20,2,0,3,74,75,17,0,43,127,0,187
cell_227,0,46,34,2,23,235,3,16,2,7,24,3,20,11,0,5,41,7,0,0,34,17,4,0,66,76,51,62,23,8,4,9,60,7,0,0,23,16,309,2,0,367,20,0,1,0,69,169,193,30,86,15,0,11,39,0,39,5354,937,102,17,99,10,4,15,68,23,44,20,2,11,2,41,15,20,39,18,351,20,0,0,3,23,1,162,0,16,20,1,0,0,9,99,69,2,0,18,54,43,29,0,8,84,1,7,63,228,147,12,12,8,53,41,28,42,23,18,22,0,4,0,46,27,19,237,23,5,0,55,11,14,8,139,24,87,47,136,101,0,43,133,33,4,260,8,140,7,87,31,0,1,4,120,55,0,39,4,4,20,22,60,160,4,25,0,373,17,43,0,889,6,18,481,1,113,4,23,1600,0,170,4,3,0,9,5,8,23,33,11,37,18,8,35,2,36,741,121,223,57,31,21,16,2,34,44,56,15,25,7,71,28,6,61,4,23,123,3,27,1,12,4,6,2,449,55,0,9,130,1,10,55,1,59,54,3610,62,2,5,0,977,126,254,4,2,30,528,20,16,4,0,32,249,0,0,37,28,131,1,65,2,104,5,17,0,1,24,3,32,69,65,271,32,25,0,97,48,110,0,7,13,15,0,3091,239,2,0,97,3,19,203,12,1,22,118,24,23,37,8,67,6,2,80,0,6,0,0,0,0,25,65,258,10,0,84,179,82,209,32,344,25,0,6,20,49,3,99,8,2,20,125,5,0,9,142,9,69,1,6,16,11,1435,56,260,64,77,0,211,63,36,1,1,23,114,49,127,68,206,30,15,34,189,7,0,1424,0,219,0,144,5,48,5,49,4,34,408,0,4,11,358,4,21,53,8,21,13,110,0,1,4,0,0,3,38,0,4210,32,187,24,12,109,205,5,6,0,16,7,50,14,0,3,104,29,1,12,23,10,17,0,108,17,18,1,34,10,19,12,15,57,788,1,105,4,47,232,0,0,3128,7,1,38,14,65,34,0,1,19,10,0,147,1,23,12,151,37,9,22,1,9,200,15,11,148,1,170,206,19,12,13,50,0,62,18,140,93,16,1,23,22,159,87,60,169,8,0,0,102,8,0,23,1,0,0,19,101,5,1,18,141,0,276
cell_228,0,6,27,7,17,223,11,22,1,6,5,1,12,20,0,10,20,5,0,72,30,73,7,0,15,28,66,122,131,17,6,7,74,27,2,25,22,75,271,0,2,278,113,2,23,0,80,134,150,28,67,15,8,5,0,5,41,5038,827,104,14,74,5,5,16,26,36,104,22,3,31,7,57,75,5,11,23,265,5,0,9,0,22,3,191,4,55,31,0,0,0,5,80,20,5,3,12,13,74,31,1,5,9,1,2,56,253,126,6,75,12,37,47,22,51,13,8,21,0,5,33,63,24,17,236,1,2,683,33,8,39,9,115,42,59,7,149,37,3,40,320,20,5,389,5,106,2,69,67,0,0,1,77,9,0,10,25,4,29,25,15,155,0,17,0,160,5,35,2,823,5,13,547,0,38,38,20,1276,277,194,21,11,82,22,6,13,50,24,7,20,16,6,27,23,24,735,190,121,25,39,28,19,9,0,59,91,9,6,9,20,34,36,23,41,66,163,4,14,12,12,2,0,2,560,43,13,137,188,8,38,89,2,3,59,3311,35,8,30,0,866,156,292,0,6,27,558,2,30,11,29,24,121,2,0,41,53,245,1,166,13,210,13,12,0,263,111,64,26,76,39,255,5,16,11,120,31,3,50,26,11,32,20,3138,191,4,41,311,0,4,188,0,6,17,0,24,26,40,10,62,5,4,63,9,93,2,10,1,15,27,90,287,2,0,176,335,60,206,38,217,19,78,14,101,41,2,7,9,2,18,113,2,3,11,150,81,10,0,13,0,4,1183,58,266,46,89,37,198,74,3,3,0,16,61,56,10,51,64,64,76,38,183,3,15,1349,78,153,0,128,16,228,18,19,0,15,414,24,7,1,421,6,3,18,44,10,16,48,0,0,46,0,17,48,23,0,3902,34,173,11,14,114,155,18,24,5,11,1,8,118,75,2,0,8,1,4,57,31,6,0,106,25,4,1,41,0,0,9,17,27,84,0,73,20,40,238,6,1,3389,4,8,6,50,3,23,13,3,6,21,0,120,7,65,36,69,88,10,15,3,19,171,81,16,151,0,160,204,6,26,2,21,14,55,7,112,29,33,39,2,22,129,94,4,37,13,0,9,124,0,1,27,2,10,7,56,69,28,0,64,38,0,32
cell_229,0,9,26,0,29,223,10,16,9,2,33,11,11,5,0,104,0,6,0,4,21,76,4,17,21,534,74,7,15,8,12,7,92,47,32,0,65,7,278,4,0,272,81,2,12,0,51,142,203,26,63,38,0,6,0,2,19,6680,798,27,7,9,4,7,27,93,36,54,23,7,11,27,8,35,19,32,18,227,23,0,3,2,32,5,174,2,14,28,0,2,2,16,46,85,1,21,12,87,27,16,6,9,123,11,3,82,268,134,8,74,0,69,45,41,59,24,16,21,0,0,3,22,24,12,261,0,7,37,20,7,24,37,139,33,29,12,116,51,0,1,333,30,35,0,0,171,2,83,34,0,0,1,69,0,4,63,0,6,17,16,13,81,0,24,0,88,33,76,2,889,2,8,524,3,111,15,16,1252,115,173,7,6,25,4,5,7,11,2,0,35,3,11,17,17,29,672,43,6,7,20,0,16,46,45,47,359,12,10,40,62,177,19,3,11,98,190,17,8,0,6,2,17,9,314,47,28,58,41,5,23,112,30,28,82,3468,5,34,0,0,893,146,224,2,0,35,578,0,21,2,2,32,340,1,4,36,37,43,11,133,24,83,6,17,0,63,106,9,1,0,40,241,12,33,44,88,50,34,0,2,7,11,2,2973,73,0,17,66,12,0,135,0,5,21,118,23,21,32,5,26,18,13,48,2,100,1,0,125,58,73,109,82,6,0,140,311,69,179,4,165,37,5,11,70,2,2,75,3,2,9,141,15,14,8,165,27,8,7,4,23,5,1214,53,276,98,86,2,269,16,1,5,0,57,123,23,3,47,0,74,23,39,71,21,7,1261,15,179,17,101,18,126,9,6,5,36,447,96,25,18,385,17,1,97,3,7,31,122,1,11,14,2,0,28,15,15,4066,9,158,11,20,106,160,14,6,14,11,11,42,57,0,0,0,13,0,0,26,6,10,8,18,16,32,0,22,0,18,11,53,7,666,1,59,11,53,230,2,0,3537,6,1,111,35,64,33,5,20,6,22,9,71,5,51,36,189,62,2,18,0,50,23,35,15,114,15,87,190,6,0,0,101,20,74,6,125,14,12,0,113,28,162,95,0,136,4,0,3,117,6,6,7,0,0,4,4,79,28,3,42,161,61,48
cell_230,0,2,0,0,38,116,19,50,6,1,36,2,42,9,0,58,18,6,0,114,22,102,12,0,12,128,5,110,10,10,3,0,94,8,0,0,63,42,302,0,26,284,8,1,0,3,20,153,90,27,62,39,21,5,17,1,3,7327,856,66,4,92,3,5,12,8,26,76,15,11,14,0,9,61,51,13,32,332,24,0,8,0,25,0,166,0,2,35,2,0,0,2,85,63,0,10,10,56,24,19,1,0,1,5,4,73,211,103,13,123,3,32,47,40,68,0,22,32,0,3,0,17,4,23,211,5,12,0,40,11,0,45,72,21,25,114,131,28,34,0,303,33,9,290,1,374,5,65,34,0,0,2,130,22,9,58,9,38,8,14,11,143,7,21,2,24,20,50,1,705,12,16,497,0,41,196,16,1427,28,163,8,20,0,13,53,31,32,28,0,4,10,5,13,123,29,537,186,253,144,41,1,23,27,0,56,23,16,19,22,66,24,37,46,19,48,163,10,1,1,0,3,4,1,623,37,26,3,176,33,0,32,6,45,47,4192,36,23,28,1,951,151,237,1,0,44,255,1,23,15,0,35,280,2,0,39,21,0,0,167,4,161,6,3,3,212,107,103,1,59,69,124,0,47,11,96,39,73,0,5,0,4,8,3141,237,11,13,9,10,0,178,10,2,25,14,0,27,5,9,66,0,0,74,10,43,3,4,68,3,81,0,120,1,1,169,377,67,170,1,318,41,128,12,10,41,0,82,2,0,0,105,0,0,3,167,67,31,6,0,1,1,1238,50,266,114,0,0,271,44,0,5,3,14,118,35,103,69,1,121,70,33,197,15,1,1205,97,213,0,139,0,19,15,34,0,5,405,1,5,5,418,6,54,33,6,11,24,90,0,0,7,4,6,43,43,0,3920,76,177,7,10,115,193,20,1,5,13,1,6,119,16,0,97,12,54,4,0,14,7,3,59,24,27,2,51,1,0,15,41,8,486,7,124,12,2,92,3,0,3016,32,16,19,9,2,40,24,9,39,20,6,116,19,72,26,89,43,6,19,0,18,118,9,7,142,0,69,239,4,23,6,28,0,62,3,117,2,0,15,63,32,151,113,14,88,2,0,0,100,13,1,12,1,0,0,83,8,0,1,42,63,0,14
cell_231,77,1,12,6,36,273,0,17,2,1,28,4,17,8,2,63,32,6,0,2,8,126,2,1,80,33,46,45,18,14,6,39,16,24,2,0,46,59,250,1,0,281,2,2,3,9,96,182,164,6,62,10,0,3,2,3,11,3572,886,31,1,49,1,2,55,26,29,8,17,3,32,2,6,5,28,44,24,62,14,4,3,1,27,18,145,0,50,37,8,0,0,10,51,35,4,1,8,86,3,25,18,4,143,3,10,5,242,105,7,137,3,70,48,0,54,39,30,14,0,1,17,7,0,14,247,23,2,0,75,45,24,22,0,38,35,107,87,13,1,77,296,33,8,0,1,406,2,13,56,0,0,0,103,52,4,14,6,47,47,6,4,157,3,21,0,108,9,60,15,988,5,17,583,2,28,87,27,1319,0,227,0,11,0,18,21,17,39,26,0,42,6,5,38,0,9,678,160,104,1,65,5,18,3,1,50,248,26,22,29,67,76,28,43,4,118,240,0,36,12,25,0,3,10,434,49,29,6,129,21,0,27,10,22,63,3159,69,20,0,0,892,172,308,0,0,15,193,0,30,2,36,32,335,5,0,31,49,37,0,77,11,218,12,37,1,0,72,1,0,55,52,179,10,67,16,114,37,127,0,67,13,35,2,3093,243,6,12,110,0,0,80,0,10,12,136,1,18,51,8,58,6,8,73,19,0,0,0,2,1,77,114,37,11,0,94,171,39,193,7,280,27,94,8,61,46,12,94,8,3,10,95,24,33,6,135,77,27,0,33,2,2,1179,58,222,22,11,0,142,116,0,5,0,67,106,37,90,102,46,83,9,49,83,10,6,411,83,202,6,5,20,234,0,30,2,26,365,7,0,3,239,14,2,75,0,20,1,32,0,4,17,0,5,43,34,0,4060,19,192,9,17,108,166,2,11,71,20,11,2,38,46,0,0,4,13,1,0,20,2,0,98,22,50,0,17,3,5,0,36,12,424,5,30,12,51,223,0,3,3560,15,0,11,3,3,21,0,25,22,19,4,98,2,26,9,108,43,1,15,12,49,72,36,0,127,2,169,174,2,22,25,65,0,80,10,138,0,7,77,26,23,133,94,76,189,3,1,4,106,71,1,11,5,27,1,19,102,34,5,29,105,4,21
cell_232,50,67,63,4,26,119,4,26,6,0,24,0,27,6,0,49,35,7,0,26,25,117,7,11,35,14,78,24,25,8,7,0,77,21,0,0,62,8,254,2,1,298,0,2,0,0,63,201,171,20,70,162,0,4,0,2,15,8199,849,63,21,38,13,8,45,16,14,43,13,5,6,2,18,97,44,47,2,6,18,10,10,0,22,9,150,0,32,27,5,2,0,9,75,24,3,0,45,65,41,1,1,22,57,1,0,35,240,110,33,28,5,85,54,21,34,10,18,27,0,10,0,10,19,20,191,0,7,25,62,12,11,96,70,22,38,99,116,16,0,0,315,20,4,4,0,179,8,92,45,0,0,0,132,0,12,8,7,53,46,20,0,148,7,14,1,80,24,79,4,906,18,15,603,1,90,171,26,1362,772,212,1,12,0,6,12,12,26,0,8,36,8,4,23,0,16,756,300,15,0,54,0,16,0,7,57,40,15,23,13,22,29,36,29,1,12,169,11,59,51,28,16,1,0,486,38,28,6,176,29,55,45,8,25,58,3644,28,16,0,1,873,162,284,0,0,45,277,0,18,3,0,39,311,0,0,26,52,7,3,158,5,162,20,25,0,0,47,21,0,29,40,228,7,49,0,84,30,45,1,9,13,19,14,2947,207,4,36,0,12,0,137,15,10,22,21,53,31,47,1,75,14,0,71,27,92,1,6,0,5,87,64,133,12,0,160,348,62,182,24,53,24,47,14,157,24,13,17,5,0,6,104,37,115,15,146,43,0,5,8,17,26,1173,61,214,113,0,0,49,84,0,8,0,33,22,29,5,89,89,64,5,31,124,13,0,1326,46,224,0,31,17,31,0,45,15,12,371,2,0,5,394,5,75,61,0,12,21,0,0,4,43,13,1,19,42,37,4054,16,181,15,28,83,195,8,25,24,17,23,36,106,0,0,16,13,0,6,0,28,11,0,77,12,33,1,28,0,1,18,63,12,322,2,96,7,39,245,2,0,3517,11,2,33,7,43,36,49,15,2,21,3,85,12,23,35,34,14,5,9,13,0,77,17,3,128,0,132,241,11,23,2,317,0,67,1,74,1,11,41,53,25,148,69,0,161,12,0,4,129,4,6,16,0,0,0,63,10,19,9,54,121,0,0
cell_233,0,54,11,0,20,147,1,48,10,9,36,2,45,16,0,14,21,15,0,52,10,89,24,7,16,0,20,26,13,13,5,4,21,33,0,29,113,15,231,2,0,244,0,1,39,1,64,191,176,20,85,66,0,5,10,0,167,8225,882,30,10,34,1,0,21,53,30,28,19,16,6,3,21,71,46,27,15,378,15,5,4,0,15,2,160,0,67,23,1,2,0,2,96,34,0,3,17,69,25,12,2,6,95,0,2,74,171,80,8,107,2,239,42,15,35,1,20,5,1,3,0,0,23,17,96,48,2,0,77,12,10,22,106,26,26,95,155,134,6,7,379,21,4,694,7,89,2,47,33,0,1,1,111,1,183,17,20,5,26,18,0,157,6,17,0,28,25,25,15,1028,14,11,679,0,22,201,19,1333,308,161,6,9,44,9,28,8,29,22,3,47,8,5,11,3,50,338,384,119,107,65,8,19,17,19,67,220,12,18,5,84,144,33,22,24,12,222,4,35,20,9,6,6,0,542,43,13,1,254,19,72,75,3,2,58,3874,52,20,3,0,951,165,278,9,7,32,227,0,28,3,3,27,236,1,12,28,22,109,0,161,0,197,1,13,0,195,112,73,15,77,60,266,10,9,43,113,33,137,5,7,11,13,43,3015,220,0,8,53,39,85,180,3,4,18,11,0,35,40,18,84,18,4,82,16,90,4,0,25,60,90,59,79,0,0,208,315,32,169,2,178,31,27,13,88,36,8,13,21,6,5,123,5,95,9,126,109,22,2,0,11,23,1313,65,304,79,87,0,263,25,0,2,0,12,149,125,93,84,74,97,16,20,142,14,17,1321,0,209,0,129,18,18,7,28,14,18,284,7,12,6,338,15,47,104,8,10,21,0,0,0,31,2,0,19,25,0,3944,46,217,13,17,84,175,6,1,42,26,0,37,88,1,3,1,46,0,0,0,40,19,0,63,5,43,1,13,0,12,7,9,11,250,1,79,8,50,138,4,0,3638,26,0,2,17,29,34,10,19,24,18,0,75,24,41,29,146,96,5,18,15,10,73,85,7,51,5,135,210,3,30,6,143,2,70,10,77,33,17,78,18,18,147,90,0,151,6,0,1,96,35,0,14,2,0,1,71,26,19,0,59,31,0,30
cell_234,1,25,39,9,14,309,18,31,10,0,25,2,23,22,0,83,37,3,0,0,7,123,11,2,6,3,46,28,58,4,5,16,66,31,19,0,47,138,269,0,2,313,48,1,8,0,31,170,157,24,78,46,2,0,8,0,41,4739,895,61,20,108,11,0,49,11,36,64,18,6,7,3,9,42,7,5,2,351,20,0,5,0,31,0,99,0,62,34,4,0,0,8,94,67,3,7,49,83,125,9,9,19,15,4,7,89,142,142,18,79,3,98,38,60,43,17,40,13,0,1,0,0,11,21,198,0,11,209,73,4,0,20,13,28,54,127,102,25,0,0,161,30,15,0,24,449,9,10,16,0,0,1,135,22,0,15,70,2,29,25,15,61,6,6,0,396,3,52,34,970,11,17,604,1,114,42,35,1155,202,173,9,18,28,14,22,25,31,29,11,38,13,2,25,0,31,732,303,72,111,66,9,16,10,0,48,137,0,21,28,31,24,10,14,0,24,205,4,37,36,3,3,5,6,532,33,0,15,69,22,69,20,10,38,49,3707,81,1,11,0,932,186,297,0,0,36,27,0,34,10,1,36,223,1,0,30,47,9,0,61,8,124,5,27,0,25,128,7,39,51,68,218,5,66,0,103,33,161,99,19,12,23,3,3162,288,6,30,0,26,0,182,0,2,16,33,7,17,16,2,69,1,2,32,0,75,4,0,8,6,59,41,110,0,8,123,348,74,202,18,303,21,109,8,47,37,2,119,31,9,3,123,4,11,1,151,77,24,3,0,0,0,1107,55,280,22,0,62,221,5,23,4,0,1,26,14,100,87,99,112,20,35,115,21,2,1263,1,225,0,62,4,145,4,25,3,26,382,18,4,1,350,10,42,68,3,14,30,21,1,3,34,6,0,35,29,4,4284,6,191,18,10,126,171,4,12,24,18,5,4,12,91,0,59,3,0,13,0,42,22,3,76,31,52,2,16,1,10,15,4,30,635,3,24,15,40,266,0,7,3261,1,11,1,70,3,24,5,18,17,2,7,100,13,33,33,108,95,22,13,2,114,179,52,7,117,0,108,234,30,38,47,197,1,55,17,121,0,13,109,18,20,183,108,112,142,5,0,3,42,46,0,30,1,13,0,28,64,6,1,38,70,0,34
cell_235,5,25,16,4,27,172,5,5,5,1,17,0,4,2,0,214,25,5,0,194,22,93,4,0,27,66,0,0,8,30,1,4,23,3,3,7,67,37,363,1,0,279,0,1,1,3,51,172,179,26,50,40,0,2,28,8,0,6047,895,131,6,77,9,4,55,4,28,19,26,19,0,0,6,21,17,38,16,264,38,1,3,0,21,1,160,0,9,29,1,0,0,24,16,25,3,0,19,84,13,0,2,10,31,31,1,57,247,116,36,90,11,140,41,92,22,11,31,15,0,2,0,21,6,5,145,10,9,0,32,10,0,9,75,25,40,7,92,0,0,63,294,11,0,1929,13,436,4,77,32,1,0,0,113,1,0,23,13,23,39,19,11,116,8,14,0,88,62,63,16,1039,19,19,565,0,176,50,2,1330,191,183,4,9,0,2,12,46,57,25,5,5,12,0,11,2,23,461,136,74,12,48,5,16,0,0,50,30,20,6,12,64,31,35,31,0,11,134,21,14,0,20,7,21,1,418,37,13,2,209,9,58,50,23,46,54,3169,21,0,22,0,817,132,299,3,0,49,468,12,28,12,0,31,337,0,0,28,22,48,3,201,1,100,3,27,0,206,158,0,0,76,0,322,1,89,8,72,33,25,0,63,5,6,4,3076,202,7,10,494,25,0,214,0,2,18,0,53,23,59,12,81,19,17,79,2,18,7,4,7,7,57,41,129,26,0,133,344,65,95,50,276,30,84,2,40,39,4,8,2,14,18,129,23,5,1,119,38,4,5,32,4,8,1150,63,294,43,0,0,44,73,127,15,0,10,141,65,2,116,160,21,20,29,118,12,8,1517,50,233,0,133,0,159,0,32,1,34,427,47,0,19,385,5,18,2,4,1,25,29,1,3,34,0,0,23,42,0,4005,22,194,28,13,107,153,3,25,3,3,1,33,62,10,5,0,2,14,17,0,2,5,0,103,26,11,0,43,1,9,14,41,0,382,0,105,16,56,128,0,0,3565,14,4,15,10,11,32,84,1,7,13,0,90,5,74,15,139,7,9,13,0,61,107,51,15,117,0,57,199,0,26,18,139,0,82,11,151,2,11,0,6,0,142,44,19,164,0,3,0,90,35,0,21,13,0,9,83,18,0,1,79,149,0,0
cell_236,21,29,72,2,31,323,8,47,7,20,29,0,14,8,0,16,30,11,0,0,15,63,17,4,11,7,32,63,75,13,10,23,53,1,0,26,1,73,288,3,0,249,80,0,15,8,57,119,195,27,66,14,10,3,9,3,56,6980,906,20,3,45,10,3,19,18,12,22,37,4,9,1,43,24,23,33,9,55,27,3,1,23,21,0,143,0,61,24,0,2,0,1,88,35,15,9,12,75,32,4,5,5,109,0,6,65,252,97,14,20,1,254,36,26,52,14,9,11,0,2,64,49,16,19,63,34,11,20,8,5,3,2,91,29,14,83,151,33,0,112,338,22,1,17,15,78,2,101,35,0,2,12,135,60,18,11,3,3,10,17,44,139,12,22,9,206,0,53,6,972,13,11,554,1,138,0,29,1285,5,185,0,8,19,3,2,11,43,8,5,48,16,0,6,26,21,551,186,174,29,25,25,17,0,17,49,404,23,18,4,82,21,37,47,18,33,85,10,6,9,24,1,12,3,528,45,1,3,49,13,0,132,15,13,52,3286,16,2,1,0,835,155,313,3,5,0,549,13,37,3,3,24,319,2,0,40,53,222,0,72,2,199,5,18,0,18,184,5,30,44,48,295,0,33,8,97,38,38,53,10,46,5,7,2955,257,2,18,106,11,0,169,0,4,16,68,88,13,50,13,77,17,6,49,8,44,2,0,0,39,72,80,67,1,0,62,209,52,194,13,93,32,38,10,67,45,10,84,7,4,2,148,5,96,2,152,82,44,4,13,4,2,1131,54,287,16,3,0,247,32,2,0,0,6,95,47,113,45,4,99,1,22,122,5,0,1369,0,212,0,164,10,277,11,25,1,11,474,146,2,6,319,11,0,117,17,8,24,53,3,0,21,0,0,7,10,1,4044,19,204,0,7,118,201,16,13,40,15,4,17,12,4,0,36,17,0,5,37,21,10,6,120,19,27,2,25,1,5,2,9,17,777,1,79,20,40,151,1,0,3511,5,8,16,28,22,20,11,3,0,8,1,82,3,52,21,41,24,1,14,16,12,130,29,4,95,2,162,147,6,24,44,21,1,49,20,39,51,21,0,117,4,165,109,8,157,14,0,0,51,5,0,19,1,0,4,20,3,14,3,28,35,0,17
cell_237,1,25,2,2,35,49,3,35,4,5,18,7,25,9,1,111,34,7,0,2,23,81,6,3,55,38,33,3,17,8,0,7,30,9,9,0,82,72,301,1,1,284,4,1,5,1,11,191,181,31,81,227,0,1,0,2,1,5718,879,27,18,46,6,5,32,50,37,61,18,5,29,1,26,18,41,62,21,0,19,4,2,0,23,6,166,0,39,28,1,0,0,5,89,78,4,2,13,55,10,5,10,6,116,1,2,75,232,112,26,97,8,119,50,9,49,4,44,25,4,4,0,53,4,7,49,16,5,0,38,29,0,71,125,14,15,19,144,14,0,0,273,32,18,112,0,383,7,92,10,0,0,0,143,3,0,22,16,62,37,21,2,121,8,17,0,71,20,76,9,907,6,14,619,1,110,27,15,1331,78,183,0,4,0,0,10,28,16,1,1,14,6,5,7,1,14,604,359,61,28,46,35,21,4,0,64,86,32,23,0,79,8,41,43,6,20,176,17,99,74,33,1,11,8,384,55,35,56,17,47,0,26,4,17,62,3693,69,26,0,4,867,166,296,0,0,61,12,0,31,0,0,32,175,0,0,37,14,0,0,134,6,150,6,20,12,266,66,90,0,31,39,270,1,40,0,106,44,4,0,70,24,30,10,3052,258,6,28,139,2,0,165,0,14,18,0,27,49,19,11,60,12,1,82,31,21,0,12,0,0,89,24,233,14,0,160,271,83,178,0,428,23,40,14,97,45,17,117,0,5,23,152,10,104,1,113,71,22,17,1,2,9,1355,43,267,81,0,0,234,93,46,29,0,62,42,44,112,90,4,31,21,38,179,5,0,1704,82,213,6,114,5,0,1,18,3,11,442,52,11,15,438,1,13,75,2,11,24,0,2,15,7,16,0,35,9,0,4198,8,211,13,24,94,164,11,20,78,16,10,28,4,3,5,3,31,1,0,0,9,16,0,68,21,57,2,26,7,3,14,28,6,645,11,25,12,41,219,0,0,3370,15,6,10,70,57,32,32,10,1,11,38,108,5,41,29,135,139,5,13,6,9,297,73,14,115,4,139,185,7,18,14,125,0,57,5,150,7,36,160,1,16,133,92,0,213,15,1,3,128,14,6,3,3,1,5,35,25,0,4,8,123,0,35
cell_238,0,17,12,1,36,310,19,22,0,8,19,16,45,6,0,29,27,15,0,17,13,111,2,2,10,11,7,198,36,16,4,65,69,3,3,0,7,22,250,2,1,291,157,0,0,5,56,176,191,21,70,81,1,1,28,1,32,6299,891,78,6,94,4,9,27,62,16,2,15,4,15,0,46,11,21,29,19,384,12,6,2,0,21,12,137,1,30,36,4,0,0,8,77,46,9,9,7,77,16,10,0,2,19,2,8,44,139,141,9,43,8,56,44,26,56,43,3,21,1,5,0,44,1,20,241,15,2,0,21,9,13,24,7,38,13,56,117,0,42,25,308,27,2,92,8,333,3,40,75,0,0,0,82,108,161,4,14,14,34,24,1,107,5,25,14,40,11,37,1,939,15,15,615,3,11,0,27,1393,2,143,0,12,0,11,13,6,76,31,2,35,14,5,21,10,20,805,120,104,1,46,16,13,0,3,40,42,10,19,14,92,72,30,16,39,63,112,20,6,0,29,9,17,1,506,43,4,3,55,32,0,29,25,12,64,3678,24,19,21,0,870,152,299,0,0,9,192,18,24,13,7,31,313,2,0,32,46,245,0,82,0,158,11,19,0,6,98,59,2,46,46,243,23,44,63,105,48,20,0,33,19,2,0,3024,235,11,8,233,13,0,127,45,3,19,0,10,29,37,4,73,19,3,74,30,9,0,0,2,54,84,21,53,2,1,62,111,62,226,25,121,27,168,6,44,40,8,106,6,3,13,131,15,102,3,165,81,21,0,28,3,10,1101,66,223,39,55,0,111,53,0,0,0,34,106,61,57,110,24,30,3,40,100,23,0,738,86,231,0,93,0,28,3,32,3,29,376,0,0,20,204,1,6,9,0,18,33,48,0,3,17,21,0,11,33,0,4141,38,226,18,12,107,151,8,13,31,12,8,9,89,10,0,6,0,0,37,0,16,17,4,115,11,27,0,50,6,1,0,17,23,478,0,90,6,46,217,0,0,3351,17,7,8,16,14,25,2,9,6,11,0,102,12,17,7,58,19,8,18,22,5,207,1,3,114,4,111,235,27,14,17,91,1,71,5,160,3,0,0,1,18,159,84,51,185,6,0,0,112,31,1,5,2,0,0,48,0,18,2,10,27,0,6
cell_239,0,29,8,4,31,248,2,6,5,7,22,6,10,4,0,12,29,7,0,26,24,93,12,11,6,0,13,144,33,25,7,18,86,100,0,0,42,11,317,3,0,298,9,5,2,6,29,164,153,30,71,148,3,2,0,4,41,6420,921,17,13,105,1,13,59,32,12,17,3,3,18,10,88,23,80,13,7,233,6,2,7,0,24,5,158,1,62,33,2,0,0,2,102,49,4,1,25,51,63,2,1,20,77,1,3,74,81,111,24,96,1,30,48,42,57,3,8,3,0,3,27,24,0,11,111,28,5,3,7,16,10,23,16,1,0,126,132,45,0,51,271,15,3,326,3,498,22,70,12,0,0,0,76,110,174,19,5,3,34,11,3,102,5,17,3,90,8,15,16,770,27,20,505,1,109,43,21,1217,8,173,1,2,7,6,19,16,26,6,22,48,13,1,4,48,15,695,147,129,86,54,9,23,14,7,55,144,9,10,7,63,14,32,34,0,52,78,7,34,23,22,1,1,4,343,41,10,6,131,25,8,18,4,9,50,3650,41,8,12,0,916,153,319,3,13,46,426,1,23,5,2,36,292,0,0,19,46,149,1,89,22,272,6,14,1,31,19,3,0,46,57,252,11,22,7,65,22,112,0,35,78,24,9,3103,245,2,36,24,31,0,145,5,2,20,0,8,28,48,20,42,29,5,55,26,48,0,8,3,27,75,93,173,0,0,90,265,77,116,5,201,21,24,10,58,48,9,34,6,0,8,131,9,105,9,137,39,9,4,5,2,2,1141,53,293,75,8,0,134,89,78,5,0,6,67,28,64,19,143,119,12,37,61,5,0,1527,68,222,0,82,8,9,12,14,6,18,417,124,1,6,493,9,73,38,25,16,28,16,4,2,27,0,0,3,9,34,4000,57,209,7,21,119,187,19,10,41,17,3,37,92,18,7,66,100,3,6,26,11,20,55,48,18,54,1,38,0,1,22,24,9,739,9,63,11,37,154,1,0,3047,28,6,19,27,50,27,16,2,23,27,10,102,3,29,32,206,3,7,19,1,32,184,5,25,100,14,107,215,10,11,33,27,2,58,28,117,9,20,86,14,9,163,107,0,159,6,0,0,102,9,0,10,3,0,4,25,8,12,1,24,52,5,55
cell_240,1,14,0,2,29,95,23,2,9,3,15,7,39,4,0,1,50,7,0,0,29,75,15,8,47,72,1,39,35,2,5,0,64,13,1,0,19,92,316,3,11,246,129,1,6,0,76,158,193,27,65,45,16,3,41,3,34,6404,910,74,17,95,11,8,5,4,35,42,23,0,4,2,70,1,17,54,5,0,31,0,10,0,22,0,160,0,48,28,0,0,0,24,101,46,4,9,21,48,43,15,2,9,87,1,5,41,226,84,3,50,4,65,45,31,50,23,13,19,0,1,0,23,18,16,132,11,3,0,9,7,3,54,86,24,12,86,128,30,8,0,320,25,3,218,1,377,16,58,29,0,1,2,126,34,144,15,19,1,22,22,18,129,12,25,8,296,3,11,1,675,10,24,524,7,94,0,36,1400,18,183,10,5,25,2,11,12,29,16,0,53,12,10,18,4,42,701,149,165,26,31,11,16,22,62,55,169,6,23,5,43,45,20,13,28,35,172,17,21,12,12,17,8,5,663,62,25,17,140,5,11,63,1,18,63,3903,47,20,0,0,908,148,204,3,0,21,273,0,34,7,12,29,268,0,0,32,11,194,0,69,12,225,5,18,0,26,131,58,16,19,34,233,3,35,6,97,34,1,17,7,10,0,0,2900,227,0,3,441,10,0,210,3,2,17,0,21,31,37,13,71,34,3,63,3,35,0,1,1,14,80,54,139,1,0,60,385,31,208,33,145,16,1,5,34,50,29,86,12,0,5,114,8,3,3,151,91,61,0,25,2,9,987,48,305,12,24,8,171,8,4,3,1,1,103,107,45,94,132,100,22,30,170,12,6,1776,0,167,0,145,2,13,5,14,3,51,397,0,4,10,401,21,2,40,16,7,21,37,1,8,25,10,0,18,18,0,4161,22,189,16,19,126,147,18,12,7,26,2,33,0,0,7,13,24,0,4,0,10,27,20,71,35,101,0,57,16,13,2,34,4,572,0,45,11,50,272,1,0,2916,25,1,1,74,31,15,0,6,7,27,27,84,7,76,18,165,98,3,22,0,116,57,1,17,88,3,68,197,1,1,0,77,0,85,10,128,13,12,2,32,29,204,99,0,127,8,0,1,86,7,0,13,0,0,4,42,98,1,0,16,94,0,157
cell_241,29,16,28,5,31,28,12,31,4,18,23,20,19,6,0,179,41,11,0,57,22,83,2,0,5,0,0,50,1,41,4,46,6,85,48,0,37,20,300,0,0,295,46,0,3,1,21,167,133,30,77,51,3,0,53,6,24,6837,848,50,3,89,13,1,30,0,12,36,3,4,20,1,40,18,68,49,18,285,32,0,2,21,15,6,160,0,5,41,0,5,0,21,78,33,4,2,30,32,188,1,1,21,0,0,0,78,233,93,18,63,17,95,42,50,59,0,5,20,0,1,34,77,3,9,173,24,11,0,23,10,22,14,87,29,48,69,91,75,6,140,298,10,8,0,9,442,12,82,1,0,0,2,59,25,161,7,57,0,14,24,0,137,32,14,0,18,5,4,1,960,32,12,514,2,103,97,24,1337,270,182,0,0,44,6,10,11,36,28,2,12,18,11,29,64,46,682,327,117,16,74,18,12,6,56,45,113,2,14,17,79,30,31,35,11,11,62,10,33,1,22,2,7,2,627,41,1,0,138,0,1,124,5,5,66,3567,31,11,21,0,887,165,146,1,9,32,441,3,32,4,17,14,333,2,0,27,6,160,0,11,8,109,0,8,14,129,105,92,12,48,36,250,2,27,38,61,24,35,8,74,0,10,20,3041,240,10,12,0,8,14,100,19,15,23,1,21,41,41,6,55,21,1,46,36,46,0,12,56,13,57,51,336,4,4,96,377,75,166,0,234,32,121,3,57,39,0,28,7,4,0,135,15,38,6,151,83,34,0,4,7,8,1079,42,280,84,13,0,273,78,28,5,1,11,140,90,67,28,144,76,15,27,169,12,2,526,75,233,0,99,3,16,1,24,9,35,294,133,1,2,261,13,30,215,22,16,16,68,1,0,14,2,0,22,30,1,4300,6,215,21,34,115,203,17,5,2,7,11,7,21,1,4,4,38,0,5,37,10,51,14,77,13,14,3,44,0,2,2,29,3,611,3,120,28,60,254,0,0,3417,14,10,19,18,24,31,36,5,21,5,20,116,11,75,40,50,22,18,9,0,12,202,47,8,178,0,106,248,22,36,20,0,0,81,12,29,35,14,16,32,4,168,81,1,140,18,0,0,127,4,0,32,0,0,0,35,25,0,0,2,94,0,1
cell_242,0,29,2,12,28,104,11,22,6,0,23,0,23,16,0,12,23,11,0,9,33,96,5,18,21,104,0,18,51,6,5,2,27,41,4,10,60,12,294,0,0,260,21,0,12,0,23,167,147,22,76,36,6,10,23,16,49,6654,916,89,15,61,1,2,24,55,15,46,22,6,22,10,42,63,22,35,24,425,24,0,0,0,23,2,135,0,36,28,1,0,0,31,57,37,1,0,4,9,88,4,0,7,2,3,4,60,210,106,13,4,3,198,28,48,18,0,41,56,0,0,0,88,10,15,273,23,3,6,19,5,13,30,134,38,54,30,129,55,9,16,57,63,1,1,10,535,4,24,20,0,0,1,105,8,0,6,8,15,23,23,8,106,20,11,0,174,5,48,1,973,13,18,612,9,50,19,16,1741,5,163,3,8,0,2,20,57,8,35,51,48,10,4,28,39,42,865,417,129,16,18,18,15,0,6,45,42,21,6,12,44,6,38,23,0,20,185,19,14,25,0,0,9,0,546,45,21,0,90,4,60,42,1,53,52,3283,42,13,14,0,829,161,122,10,3,2,1,9,41,2,2,30,250,0,0,37,38,147,1,93,6,210,8,16,0,200,234,87,5,90,10,329,3,59,0,113,46,14,0,36,2,30,32,2957,191,3,36,401,25,0,188,64,8,8,0,14,26,34,0,72,13,4,94,27,75,0,2,0,23,37,56,117,0,2,165,322,67,227,17,308,26,88,4,65,38,6,42,33,4,0,140,1,17,5,175,45,34,0,1,1,4,1154,56,245,12,28,0,241,102,46,10,0,28,66,9,1,59,6,15,10,48,81,7,0,1943,58,207,0,36,10,176,0,28,1,15,468,29,0,6,207,12,66,221,12,2,21,155,0,3,28,20,0,6,32,0,4380,51,159,23,18,119,53,14,24,0,7,13,52,68,3,4,43,56,0,7,0,21,17,0,119,18,14,4,34,1,16,14,43,36,633,0,74,11,39,92,0,0,3716,22,1,6,50,46,24,1,7,15,16,23,120,9,19,29,16,112,13,19,9,43,93,79,11,156,2,89,212,30,40,61,35,3,47,22,109,5,20,0,19,2,165,96,87,190,2,7,0,89,5,1,16,0,0,3,33,4,1,4,9,125,0,17
cell_243,17,8,0,14,24,71,8,49,12,3,36,3,38,8,0,21,23,18,0,2,25,133,4,9,89,16,0,43,13,68,2,7,25,10,0,28,67,23,269,8,21,328,0,0,5,3,61,177,162,22,73,53,0,1,7,10,37,6042,877,76,16,98,26,4,46,0,35,61,4,13,11,0,9,5,29,27,27,179,24,5,4,0,10,20,121,3,50,38,12,1,2,6,67,70,3,10,19,58,21,32,1,5,127,6,2,11,225,118,29,77,6,126,52,15,11,1,18,22,0,8,0,13,23,13,82,24,7,0,14,2,3,10,121,42,14,62,119,20,8,24,241,40,5,1232,16,373,3,47,60,0,0,0,114,3,178,16,10,10,32,19,19,31,8,16,2,206,5,103,8,894,3,13,585,0,15,40,7,1180,67,174,3,5,3,6,12,12,39,22,17,30,13,8,11,1,22,453,70,201,51,64,25,18,6,1,44,57,23,4,11,79,70,33,7,0,111,85,49,44,10,34,6,0,1,505,33,17,0,41,22,44,43,16,21,48,3694,20,14,8,0,919,198,284,3,0,42,474,0,38,8,0,39,205,0,0,26,43,124,3,100,9,107,6,24,0,86,15,90,0,60,35,311,0,30,26,114,46,0,0,11,30,1,15,3015,211,0,14,459,36,0,171,6,1,20,0,24,34,18,14,59,11,7,73,16,77,23,0,20,0,53,27,122,0,0,194,345,30,177,6,361,25,7,0,45,30,2,72,14,4,7,137,12,74,11,125,72,37,15,17,1,2,1110,63,285,83,0,0,141,27,3,4,0,24,135,21,4,78,158,63,53,31,211,11,1,1683,54,176,0,118,1,0,5,19,0,2,481,0,0,5,390,11,7,1,0,11,32,19,0,0,33,0,1,14,20,0,4288,40,182,9,11,113,227,12,10,40,18,1,19,28,0,5,0,10,0,12,0,62,24,3,83,20,21,3,41,3,9,7,52,16,177,5,101,6,11,95,0,0,3355,17,3,1,62,11,8,41,11,17,27,29,121,13,45,27,152,14,5,6,0,55,206,46,11,112,0,136,194,11,24,0,163,0,73,1,98,15,5,0,50,4,139,85,0,164,6,3,0,74,11,0,22,6,0,2,55,54,1,1,43,144,0,86
cell_244,17,21,0,4,21,249,3,50,7,9,22,13,35,7,0,1,28,12,0,9,27,112,7,1,28,7,1,84,13,21,8,0,78,6,0,0,20,27,232,0,13,256,0,0,12,16,46,142,152,32,81,68,10,8,21,4,2,6114,892,67,16,97,15,0,0,32,36,29,26,3,10,3,23,47,15,3,15,368,32,0,2,0,21,12,177,0,59,29,6,0,0,10,25,48,1,2,2,91,86,5,2,4,26,4,5,48,195,124,12,25,2,169,47,26,55,0,17,25,2,2,3,46,2,19,185,24,5,0,32,3,3,12,67,19,53,121,115,122,6,62,235,39,13,0,3,74,2,29,22,0,0,6,112,131,0,7,81,2,2,14,11,152,5,25,2,63,30,19,6,1048,12,17,658,0,120,25,28,1210,3,169,3,8,0,13,19,2,9,41,2,37,16,10,19,2,14,613,106,198,21,46,0,14,2,53,40,129,19,24,37,72,26,31,25,1,14,219,34,18,8,6,2,28,2,586,49,3,48,66,22,48,64,4,4,46,3540,11,8,12,0,942,173,218,1,5,11,731,0,30,6,69,36,324,0,1,33,26,5,0,111,0,168,3,13,0,1,41,86,22,51,44,166,0,63,57,86,35,10,75,45,25,19,38,2843,257,13,7,0,8,134,186,12,2,30,0,20,35,41,18,58,7,7,59,41,20,0,18,1,25,72,48,166,0,0,23,279,47,178,46,35,28,107,2,131,48,3,35,1,5,7,127,6,0,0,179,85,32,2,4,6,4,1058,47,281,5,83,0,141,13,5,0,0,3,66,21,106,75,94,24,16,41,106,14,38,1294,0,221,0,204,2,250,1,24,6,31,280,165,10,3,308,17,0,119,25,11,18,9,0,1,10,4,0,8,28,0,4258,5,219,12,5,113,182,27,7,6,7,2,11,16,15,0,67,15,0,3,0,10,11,14,73,23,39,0,48,3,3,1,21,2,399,0,82,4,47,238,0,0,3631,17,6,9,20,40,25,2,0,28,14,3,71,2,22,30,9,8,3,17,2,19,51,131,1,140,0,86,195,5,16,22,86,0,72,20,35,18,13,3,16,5,178,93,0,136,4,0,0,100,46,0,9,0,6,0,92,2,18,1,27,43,0,29
cell_245,0,29,0,6,24,39,5,5,7,3,7,18,3,6,0,136,12,4,0,3,30,89,11,0,48,519,101,177,67,29,6,45,7,53,0,0,104,45,298,6,0,303,0,1,1,8,42,178,70,22,51,1,0,11,0,8,5,7046,905,79,24,22,2,1,0,11,21,61,21,5,24,1,4,41,47,2,30,266,26,1,2,0,20,1,79,7,14,31,0,0,4,5,50,55,13,7,8,8,115,3,4,6,0,5,2,64,234,150,54,96,16,169,46,63,56,39,20,42,0,5,1,22,12,17,241,0,29,0,80,4,29,37,132,29,92,73,129,168,0,3,197,13,4,143,0,385,15,77,18,0,2,0,45,0,0,52,12,27,26,20,0,86,11,23,0,354,12,50,0,806,12,10,517,0,77,28,33,1413,136,161,21,20,0,17,34,19,27,25,1,2,18,15,23,12,37,690,266,200,87,47,0,21,0,54,69,0,2,13,7,89,31,23,37,3,28,218,43,21,11,1,2,24,0,515,37,1,11,20,9,68,27,4,62,50,3200,25,19,13,0,764,148,275,3,0,51,92,26,26,3,0,37,299,0,0,45,0,13,4,89,16,101,5,9,0,75,16,83,16,73,49,228,2,72,14,100,34,119,0,8,8,24,6,2979,226,9,5,112,56,7,199,7,8,19,50,0,19,8,8,52,6,3,92,2,69,1,34,13,0,72,2,332,1,2,99,377,27,219,27,383,29,27,4,124,42,0,49,5,0,2,138,11,0,5,142,41,32,0,1,1,1,1212,49,279,37,85,0,112,5,32,2,0,2,139,93,3,10,32,95,13,34,173,11,2,1793,0,195,0,180,7,169,0,27,2,36,461,166,14,9,182,6,123,201,5,13,16,161,0,5,47,40,1,30,38,2,4113,5,227,22,11,127,171,0,5,0,9,0,13,9,0,0,96,25,0,0,0,5,14,0,84,40,9,0,58,1,5,23,30,2,614,6,104,10,42,67,1,0,3625,7,13,32,11,12,30,8,3,1,13,10,78,2,41,44,163,63,11,14,1,119,300,12,5,129,0,155,177,4,4,9,77,2,50,4,126,35,12,26,71,23,126,98,71,160,12,13,2,90,5,0,22,0,0,1,13,39,10,8,27,114,0,75
cell_246,0,1,0,0,26,289,16,48,4,12,21,1,34,8,0,22,44,7,0,116,13,79,3,2,10,0,4,177,12,1,1,2,68,16,0,0,31,13,281,0,0,182,12,0,19,5,53,126,181,24,63,122,0,11,67,4,58,6749,857,8,15,106,8,9,14,11,21,63,20,3,54,3,38,13,56,9,2,257,37,1,2,0,20,2,157,0,72,25,3,0,0,10,116,48,2,2,8,13,96,10,1,22,16,0,7,96,186,122,9,99,8,190,52,7,55,0,29,12,1,2,4,70,3,16,191,24,1,1,29,24,14,60,77,34,68,52,128,11,0,142,336,36,14,292,5,295,4,58,33,12,0,0,113,23,0,1,69,3,15,22,14,28,3,19,0,242,10,31,2,892,18,17,594,0,114,22,36,1331,37,172,0,15,84,22,32,9,36,28,2,58,19,4,8,22,11,665,339,51,93,58,13,25,7,26,58,289,9,22,6,81,9,49,58,19,55,82,37,27,24,21,2,15,2,522,54,0,29,38,20,12,53,13,26,53,3376,53,13,2,0,836,148,295,11,3,41,38,17,25,10,27,38,298,2,1,30,29,248,0,153,34,197,2,7,0,190,366,29,4,59,65,244,0,37,37,92,32,11,0,37,26,28,3,2803,224,3,6,122,15,31,76,3,9,22,0,17,32,33,3,66,12,1,54,44,33,0,0,13,41,87,80,280,0,0,129,329,43,222,0,344,16,179,5,48,48,25,40,7,1,11,105,4,27,4,163,87,65,3,11,7,6,1185,47,261,85,0,1,254,88,0,1,1,22,74,42,50,65,193,133,3,49,114,7,1,803,107,229,0,197,0,253,4,14,0,18,445,0,1,4,364,18,16,23,35,22,23,28,3,0,25,3,0,26,17,0,4033,23,219,14,24,123,175,24,6,0,14,5,6,114,62,1,8,61,2,6,1,13,18,33,112,25,6,2,38,0,2,7,35,3,495,2,58,4,62,92,3,0,3452,15,10,8,97,2,26,12,18,36,1,12,66,46,89,31,34,24,12,16,0,10,121,18,11,161,1,140,235,14,16,9,26,2,40,19,145,2,21,120,10,24,127,101,3,50,3,0,0,110,55,4,13,8,0,5,77,1,0,2,34,51,0,41
cell_247,11,31,6,13,32,271,14,6,4,3,22,1,22,17,0,3,34,1,0,18,9,98,5,17,23,1,47,31,94,0,1,0,55,41,0,0,3,29,275,1,0,300,14,0,1,1,11,188,170,17,62,16,5,1,26,1,95,6507,885,18,8,63,9,6,50,20,23,19,5,7,16,1,7,5,12,43,21,6,30,0,9,1,18,0,134,0,13,30,1,0,0,1,43,44,1,1,4,13,10,1,4,19,142,3,7,66,191,116,8,127,6,142,32,67,44,6,26,51,0,1,0,104,15,22,148,42,13,0,14,12,0,42,63,22,41,75,124,38,1,19,312,22,17,0,7,340,6,102,20,0,0,1,121,8,1,25,26,3,11,13,20,139,8,2,2,337,3,15,3,998,21,10,603,4,141,0,6,1474,11,187,6,19,17,22,1,6,43,32,1,40,13,6,18,9,44,682,114,27,12,18,26,19,0,28,54,324,25,24,49,82,41,26,50,23,65,126,12,21,4,21,2,6,4,415,44,0,0,76,7,66,53,11,28,75,3645,51,26,10,0,864,154,302,6,0,55,74,0,16,3,0,31,317,1,1,27,8,244,0,177,9,147,4,4,0,63,53,7,6,71,60,273,9,36,29,100,37,93,0,9,0,22,11,2937,239,2,12,250,37,0,31,10,2,21,0,39,14,19,14,46,14,2,37,0,30,1,0,19,31,81,21,149,0,0,135,358,68,185,0,301,27,96,7,0,35,1,134,15,1,26,133,5,41,17,125,61,24,1,8,14,10,1093,28,281,102,0,11,175,79,39,3,0,8,131,50,17,79,81,94,3,26,175,7,12,1173,0,241,5,38,8,2,7,12,0,30,459,0,5,6,334,12,13,29,78,8,3,88,1,5,55,26,2,44,11,13,3950,41,222,18,16,110,139,20,4,0,13,0,10,6,8,4,1,14,4,5,4,1,22,3,77,23,26,0,47,1,4,8,52,10,617,2,85,2,0,262,0,0,3528,28,6,6,64,11,3,8,21,11,3,13,103,4,77,17,78,50,1,15,0,158,123,10,5,150,0,67,197,17,8,30,0,2,61,19,130,0,22,2,45,18,148,88,20,133,0,0,0,59,47,0,24,1,5,1,16,14,0,0,51,122,0,10
cell_248,0,28,63,0,23,183,9,38,2,14,33,0,1,14,0,0,44,15,0,0,5,63,0,14,32,1,11,95,97,33,10,0,49,21,0,0,101,8,300,8,0,286,0,2,15,1,63,145,118,31,56,152,0,3,19,10,20,7069,933,32,2,96,9,18,17,5,40,18,22,2,6,0,14,44,14,12,27,342,46,2,2,8,29,2,156,1,30,29,1,0,0,27,82,10,10,7,7,61,63,9,2,11,60,1,5,80,228,77,34,65,2,89,48,14,43,2,8,23,0,2,0,68,9,22,306,9,7,0,43,8,8,26,104,26,34,44,92,114,18,117,240,16,17,1,19,25,14,115,19,0,2,0,120,37,0,53,17,18,52,12,37,94,7,1,0,378,11,6,1,964,30,17,547,0,111,20,29,1398,113,69,13,15,44,21,4,3,33,9,0,60,11,6,19,5,6,721,19,124,6,36,9,10,20,0,65,103,1,2,12,83,33,32,43,68,46,2,17,65,4,23,2,13,9,340,58,8,0,56,8,79,119,3,31,76,3826,9,6,25,0,875,154,223,4,0,33,584,3,18,14,4,36,318,2,13,28,27,201,0,118,7,70,4,22,0,274,18,22,4,54,9,268,0,35,13,96,40,55,0,14,72,19,0,3071,232,1,14,16,12,4,135,6,4,22,10,26,49,35,17,78,29,17,52,42,79,0,0,107,44,81,124,294,3,0,135,379,49,188,4,48,28,36,1,47,31,7,75,2,6,17,126,18,67,16,142,76,48,1,17,6,16,1100,46,276,84,0,0,135,10,3,3,0,0,131,141,25,29,464,86,11,11,167,3,20,1350,2,219,0,140,12,163,1,39,14,10,469,0,0,4,417,12,35,21,7,4,20,73,0,6,21,0,0,28,22,0,4032,40,216,16,3,128,207,18,4,28,20,4,27,11,46,4,0,28,19,9,0,11,54,0,87,5,77,1,43,3,4,0,28,11,628,1,94,16,53,234,3,0,3234,12,1,17,2,4,25,2,14,2,3,0,120,7,70,13,46,0,5,10,0,83,231,7,4,136,2,166,174,22,31,25,2,1,69,11,120,0,23,115,16,10,147,109,5,189,5,0,0,97,2,0,24,9,0,0,23,37,0,3,33,94,7,54
cell_249,0,27,55,1,30,193,21,22,7,9,11,0,27,5,0,105,23,10,0,50,13,95,1,12,0,1,6,27,46,3,5,14,4,36,0,1,53,25,290,2,9,123,49,0,13,0,40,177,88,41,88,148,4,4,105,0,79,6700,948,30,0,28,2,20,34,2,0,19,18,2,10,0,82,16,90,34,40,25,17,15,2,0,22,13,138,9,13,18,3,13,0,10,78,41,4,4,24,88,24,4,0,4,0,0,1,84,200,127,9,93,13,89,47,6,49,29,6,12,2,9,0,9,2,9,72,6,17,0,33,35,7,60,53,45,2,92,147,70,18,0,360,16,19,567,3,417,8,69,27,0,0,1,117,55,13,8,75,16,34,14,8,111,5,24,0,91,40,111,18,986,38,4,594,2,24,14,8,1502,79,168,5,12,5,3,36,11,57,29,13,29,14,5,26,5,21,197,154,36,13,58,2,29,15,52,30,176,27,22,19,62,142,29,43,25,17,22,28,6,14,28,7,14,1,111,46,17,43,87,7,9,52,1,9,44,3410,7,19,1,0,876,143,153,1,1,40,292,6,24,5,47,17,314,2,15,26,19,66,4,69,0,201,1,19,0,210,310,4,0,57,28,333,0,13,48,110,39,8,58,8,13,6,6,3065,151,8,23,112,17,8,73,8,20,12,1,36,68,38,5,59,1,3,31,33,23,0,0,48,38,72,115,201,11,0,135,368,46,138,47,15,18,181,35,83,22,11,15,2,2,15,80,2,67,3,169,80,38,0,10,12,5,1344,71,175,108,26,0,254,86,1,3,5,11,129,54,39,43,42,109,47,37,131,5,1,755,31,205,0,91,7,0,3,15,28,31,454,180,18,6,238,6,5,43,4,24,27,0,1,0,51,13,0,13,29,1,4395,15,204,10,16,49,168,4,6,90,11,3,30,93,8,1,29,38,2,3,88,1,7,47,88,8,64,2,6,1,3,2,48,17,412,0,85,27,50,119,1,0,3521,28,4,18,59,51,33,15,2,15,9,7,114,18,60,18,149,6,1,14,9,12,66,17,11,71,0,79,217,7,6,41,41,2,52,16,160,13,3,50,114,19,137,75,0,134,1,0,0,99,9,0,13,2,1,15,45,23,7,0,27,125,0,31
cell_250,1,20,0,0,32,178,11,37,11,10,25,20,36,5,0,65,23,8,13,65,25,89,14,5,21,0,0,2,74,16,13,3,75,16,46,0,40,45,293,0,31,217,44,0,14,5,58,201,146,29,84,39,2,1,18,6,4,6436,944,30,11,84,3,1,51,16,38,56,24,2,10,2,34,27,9,39,5,366,22,0,7,0,22,1,154,0,7,25,4,0,0,4,61,115,4,0,17,17,75,14,1,16,24,1,6,16,174,91,6,21,5,225,41,12,51,0,35,17,0,0,20,9,3,20,264,51,13,0,65,6,5,17,131,26,11,17,107,45,0,5,282,55,5,293,7,422,2,92,39,0,0,7,4,124,0,3,16,15,7,22,38,86,13,22,1,30,15,14,10,956,2,18,572,4,7,2,13,1548,16,173,6,2,138,7,44,6,26,16,4,10,16,1,20,8,21,800,411,55,10,51,10,20,4,15,36,407,26,30,29,46,70,31,39,0,26,200,10,24,35,2,0,9,0,509,40,36,54,133,35,6,146,10,2,55,3543,32,10,0,0,922,149,212,0,0,7,10,0,28,9,0,21,331,0,0,34,20,106,0,135,5,169,7,4,0,290,126,105,19,26,61,191,3,25,30,104,38,7,34,4,4,20,5,2963,226,0,5,135,35,2,179,27,1,22,8,0,44,26,6,80,14,4,87,4,59,0,3,1,0,58,49,41,0,0,130,299,111,210,21,357,29,123,9,39,38,2,44,11,4,5,145,4,84,2,141,68,68,0,2,15,20,1270,49,347,106,0,0,269,25,4,6,0,22,104,17,102,91,25,50,20,21,126,6,2,1505,0,234,0,96,2,209,0,3,0,34,448,50,6,25,178,4,0,113,2,8,25,34,0,1,17,0,0,13,6,0,4331,15,173,9,14,98,141,15,11,0,9,6,7,47,0,1,57,38,0,1,56,16,13,26,69,16,11,4,8,1,4,9,13,30,417,1,74,24,43,213,2,0,3519,10,1,21,77,24,31,0,13,4,11,9,102,9,30,23,131,136,18,18,6,39,73,90,19,76,0,187,227,10,73,23,0,0,61,7,134,12,10,22,47,10,157,106,0,86,9,0,3,70,2,2,20,5,0,1,38,3,0,0,21,122,1,68
cell_251,20,48,0,7,17,157,19,17,13,2,12,6,42,0,17,117,7,6,0,86,24,87,3,13,106,66,0,83,61,29,11,0,14,17,0,0,56,95,330,4,0,311,101,1,0,26,62,166,133,21,84,15,3,1,2,11,2,7396,866,110,18,81,15,1,33,17,25,37,9,18,6,0,18,2,24,25,11,293,22,0,2,0,27,5,150,1,8,33,2,1,2,9,16,45,2,9,39,66,48,3,1,4,1,5,6,16,235,106,2,65,8,83,45,42,62,11,33,19,0,6,0,29,8,4,172,51,6,0,20,4,14,47,33,41,16,115,117,80,0,0,327,5,13,329,0,347,1,40,24,0,0,1,13,20,23,5,12,27,21,22,29,150,20,25,0,242,22,72,1,778,22,9,574,0,113,4,21,1427,239,191,8,5,0,3,43,28,50,35,0,22,12,8,33,0,41,610,467,238,5,66,14,14,7,7,62,9,1,21,28,39,78,38,22,3,43,189,0,6,29,20,10,12,0,404,36,50,1,68,23,1,69,20,30,36,3497,5,8,7,0,891,173,178,6,0,32,185,21,41,15,1,35,48,1,0,31,0,68,0,77,11,186,4,21,0,237,159,93,20,20,14,256,9,52,29,104,38,117,0,22,8,6,2,2991,212,3,21,201,8,0,200,1,6,15,0,14,39,35,1,70,12,1,81,18,10,0,9,7,4,74,28,92,9,0,199,256,9,189,84,336,19,34,2,135,37,0,58,20,6,2,119,7,5,1,167,38,3,10,8,6,0,1256,56,253,64,0,7,246,72,7,3,0,35,153,82,39,55,0,73,26,46,177,9,6,1118,91,217,0,150,0,1,8,10,1,31,399,0,1,1,303,6,1,23,3,8,25,0,0,1,14,19,0,32,31,0,4237,5,198,3,7,94,163,3,9,5,17,0,15,76,6,3,102,5,30,0,13,24,20,10,12,21,17,1,51,12,5,6,41,2,355,1,103,1,49,240,8,2,3366,24,0,11,8,36,30,14,1,11,0,3,5,4,84,34,158,57,15,12,9,38,445,37,2,139,4,100,223,10,25,6,181,0,61,4,96,1,4,11,9,19,150,80,0,75,6,0,0,97,48,1,11,9,0,0,67,14,15,2,9,74,0,70
cell_252,0,8,6,14,26,314,12,43,6,8,16,18,18,23,0,23,33,2,0,11,31,65,7,1,6,22,22,55,2,2,3,6,42,0,0,4,50,28,293,0,2,269,36,1,14,13,48,184,180,17,77,7,0,4,5,4,92,5652,918,79,11,45,6,11,9,10,30,20,20,0,14,1,19,16,5,28,30,248,32,1,0,0,26,0,173,0,33,22,13,0,0,12,74,51,0,3,5,8,28,4,5,10,38,6,2,81,150,99,21,123,1,90,47,56,58,6,20,8,0,4,8,51,5,20,192,57,6,0,23,9,7,3,45,31,46,51,141,120,14,1,339,12,0,310,19,462,8,53,70,0,1,0,121,35,5,10,6,9,21,16,31,122,5,25,0,283,6,23,0,741,16,23,578,1,85,29,34,1169,4,162,0,20,4,26,50,4,35,33,3,45,14,4,40,23,18,696,221,210,30,64,0,20,1,22,49,64,15,18,23,31,34,35,23,7,35,166,17,14,1,8,1,10,4,488,42,1,22,142,13,14,40,1,44,59,3127,13,0,23,0,827,132,225,1,23,26,668,8,26,13,10,25,230,0,8,27,49,240,0,165,34,111,7,10,0,266,65,20,16,91,49,300,19,41,54,72,36,106,0,105,4,23,18,3141,216,18,2,629,3,5,157,2,4,21,0,8,14,44,0,46,2,7,63,2,65,0,1,14,38,76,18,218,0,0,179,372,27,194,28,77,30,75,1,104,44,4,125,1,3,3,120,6,12,1,149,86,26,4,3,1,15,1270,46,267,37,0,56,173,21,44,3,0,12,144,26,27,37,86,114,45,36,146,1,2,1057,1,210,0,185,1,139,6,46,2,21,375,97,6,9,320,6,7,67,11,8,23,100,0,10,20,3,0,3,31,7,4137,29,213,9,6,106,161,11,7,100,13,4,36,74,22,1,0,35,15,2,5,9,5,1,105,15,10,1,45,1,2,13,19,0,602,0,116,5,7,260,1,0,3544,25,10,16,17,15,31,0,4,6,3,0,124,13,80,26,8,72,14,15,0,79,41,11,1,136,4,51,211,10,28,17,0,0,65,12,142,0,28,8,58,14,133,85,80,184,1,1,0,89,7,0,11,6,1,5,65,42,20,0,34,33,0,36
cell_253,0,59,6,5,30,292,10,18,3,6,17,28,34,1,3,75,33,8,1,20,24,96,3,2,65,12,83,139,26,4,10,47,10,19,0,0,4,5,257,0,5,305,97,0,0,9,31,176,156,18,67,17,0,7,0,0,4,6173,835,66,12,62,3,0,15,78,2,37,6,1,5,5,6,24,10,25,32,150,24,0,3,4,17,32,193,0,42,34,7,0,0,23,36,70,3,5,19,74,54,11,0,6,4,0,1,43,232,103,7,38,5,195,57,46,46,17,24,17,0,0,23,26,1,16,135,55,3,41,10,11,0,19,40,33,17,129,138,98,17,88,291,40,2,0,0,410,13,31,27,0,0,4,155,17,0,5,44,6,17,17,26,125,9,20,0,408,15,51,6,857,8,13,655,4,52,48,0,1203,201,185,9,4,21,9,13,4,29,24,4,24,10,1,34,16,27,791,376,226,0,76,2,23,0,30,49,113,21,19,22,65,2,35,33,1,64,204,12,19,3,24,0,8,1,534,39,7,24,159,26,53,7,6,3,35,3258,14,14,4,0,809,150,277,0,0,3,208,20,17,1,13,39,300,0,3,21,29,129,0,128,0,198,11,13,0,235,171,91,7,65,61,205,16,53,0,103,43,64,0,17,25,23,0,2983,185,6,9,0,29,1,137,46,1,20,0,56,38,43,11,69,2,2,34,0,23,0,2,3,55,60,60,94,2,0,75,333,53,169,3,359,28,63,0,104,38,0,52,7,2,1,93,5,61,2,148,16,17,18,26,17,19,1127,52,149,51,23,0,262,79,37,10,1,12,40,28,86,76,46,100,30,38,151,7,2,1400,13,246,0,117,6,225,0,22,9,36,288,3,4,0,308,1,62,103,0,11,28,27,4,0,2,16,0,7,16,0,4170,32,212,22,4,65,175,17,10,17,11,1,12,91,1,5,84,42,0,13,7,12,12,18,87,3,66,0,64,6,5,9,36,8,468,15,96,6,50,236,0,0,3745,31,3,12,51,50,15,8,4,5,15,15,89,7,16,35,147,12,5,18,5,0,153,4,1,133,3,164,188,51,45,22,288,1,67,9,33,29,3,16,2,16,132,96,0,128,1,0,1,100,15,0,13,10,0,0,59,17,28,4,73,97,10,29
cell_254,260,31,19,2,40,246,3,1,11,9,24,32,19,8,15,70,39,5,0,15,20,131,1,3,73,39,89,196,80,10,3,2,44,0,30,0,2,37,223,3,11,186,48,0,16,1,35,178,148,23,72,172,0,0,15,6,47,4331,940,14,16,28,5,3,5,57,32,30,14,14,2,10,54,29,42,9,13,351,26,0,0,0,16,10,128,1,42,39,0,5,2,7,33,21,4,0,2,20,36,1,4,4,4,1,5,63,210,44,27,25,3,238,31,5,69,16,9,30,2,5,1,11,6,28,234,33,6,0,3,19,22,22,65,33,54,50,86,41,2,80,155,17,23,541,0,403,7,35,25,3,0,0,121,62,2,7,27,28,9,27,22,142,21,18,0,376,10,54,2,1102,5,19,616,1,29,13,33,1075,263,154,10,11,6,22,30,18,75,18,9,37,11,8,31,2,33,751,425,48,45,14,21,12,0,8,29,345,3,24,15,67,10,18,23,15,5,152,36,1,70,9,1,5,1,360,47,0,16,123,6,76,39,12,48,48,3587,89,8,1,0,921,168,244,0,2,15,120,24,26,3,29,41,280,1,2,35,0,78,0,104,10,98,1,16,1,113,150,34,1,69,59,230,11,17,14,87,39,17,0,22,18,9,2,3045,188,2,22,120,14,57,149,8,6,15,0,26,31,45,22,31,10,0,81,11,28,1,0,1,16,59,51,226,1,0,95,235,76,206,20,393,30,97,16,28,41,2,81,18,0,6,145,2,80,6,173,77,63,0,20,10,17,1089,60,158,104,0,0,36,57,23,6,0,18,114,41,19,45,131,45,2,27,168,9,0,431,1,240,0,9,0,0,1,22,2,47,235,16,37,5,274,15,3,163,0,22,16,77,0,1,36,19,0,51,29,0,4078,26,182,29,12,100,194,3,21,31,11,1,3,6,5,0,12,29,0,7,0,34,24,0,82,18,1,1,45,17,5,3,2,9,453,1,44,24,45,198,0,1,3782,11,3,26,41,29,7,1,22,5,38,5,128,22,59,25,22,109,12,5,0,62,252,149,15,102,3,118,211,27,34,24,1,0,57,9,132,13,16,6,5,32,138,102,64,81,1,3,2,130,26,0,29,14,0,2,21,3,31,3,0,91,1,5
cell_255,0,3,13,1,33,130,4,9,12,18,18,1,28,6,0,76,33,14,0,0,48,100,21,0,11,0,66,199,76,52,3,0,63,0,0,28,50,49,282,2,1,230,10,1,3,5,82,182,174,29,61,23,0,1,14,1,19,7139,912,104,2,84,8,0,55,29,27,74,18,4,12,4,1,29,20,48,29,150,26,0,2,0,21,4,155,0,31,45,0,1,5,13,57,22,5,2,4,66,41,13,2,10,7,6,9,82,233,141,36,35,5,10,42,35,63,0,9,27,0,3,0,65,19,15,206,32,3,21,12,19,15,20,106,41,28,19,140,161,1,26,277,11,7,1089,6,310,7,99,26,2,0,0,144,15,13,34,28,3,17,19,28,136,1,25,0,182,8,20,4,748,13,15,624,0,173,7,31,1235,2,153,0,14,0,19,7,12,72,24,23,37,15,4,16,90,44,695,463,215,4,25,5,20,4,37,50,152,24,9,19,43,64,32,42,25,7,221,16,0,2,21,3,5,2,388,46,0,34,203,33,2,70,2,51,67,3148,21,11,9,0,783,158,256,6,0,15,361,51,38,18,9,41,322,0,0,39,37,200,3,76,13,115,10,48,0,262,66,34,39,75,63,303,0,14,15,99,32,7,0,9,44,1,2,2974,218,3,6,287,22,0,191,4,10,15,5,18,7,39,12,52,14,10,39,7,35,16,0,21,0,64,41,215,6,1,137,407,98,232,1,387,33,72,3,8,38,0,65,15,8,13,142,4,5,0,125,57,31,4,11,6,10,1040,40,291,44,0,8,176,31,25,0,0,0,118,51,0,92,151,110,48,32,120,1,15,1690,5,224,0,163,0,212,29,22,0,38,454,27,9,10,241,14,35,79,23,9,24,48,0,1,40,4,0,24,41,1,4389,25,223,18,14,132,163,12,8,0,12,4,20,71,0,0,53,21,0,7,0,16,9,0,82,20,3,0,71,1,3,6,16,0,454,0,100,7,43,241,0,0,3600,12,16,0,106,18,7,3,2,31,17,0,95,12,44,16,106,18,12,3,0,36,36,21,6,127,14,59,218,14,30,12,114,0,47,11,79,105,6,0,30,12,150,116,25,70,1,3,0,111,6,0,27,0,1,9,56,23,16,0,34,48,0,30
cell_256,6,4,10,0,34,160,15,26,10,14,21,25,37,2,0,11,38,9,4,4,20,91,4,0,20,0,1,112,15,7,1,12,89,17,0,16,30,48,330,6,0,287,0,0,2,0,62,148,112,20,68,33,0,3,110,1,2,5882,950,69,7,41,1,11,0,49,15,42,21,8,7,2,38,25,12,19,20,122,31,7,4,1,19,4,157,0,52,43,6,2,0,1,73,46,9,2,19,37,60,0,1,7,5,12,1,64,150,81,36,118,4,211,44,65,45,9,2,5,0,5,0,56,12,11,81,5,8,132,22,2,5,21,70,34,52,23,147,74,4,17,292,5,0,491,19,163,12,98,26,0,0,1,111,26,0,1,62,0,41,19,2,88,3,7,0,98,15,38,7,1054,29,13,593,1,21,41,19,1234,19,187,10,7,1,5,6,32,47,30,7,37,28,2,27,28,20,256,221,108,44,50,15,17,5,11,56,9,13,26,5,79,6,21,13,1,13,167,15,23,14,33,4,17,3,455,34,5,40,112,5,0,88,0,22,47,3393,4,0,18,0,847,154,298,5,8,30,120,13,37,8,16,30,360,1,0,23,2,256,6,33,12,125,4,9,0,8,16,47,15,31,39,325,0,29,0,85,44,36,62,20,18,12,2,2974,192,3,33,49,22,15,144,0,1,17,0,6,28,31,5,64,11,3,45,15,61,11,4,63,5,64,49,301,2,0,157,344,54,178,8,121,34,37,8,28,41,4,55,5,3,16,133,16,81,11,197,87,25,0,9,0,13,1054,55,68,90,85,0,132,56,2,7,0,22,134,85,79,36,54,37,44,29,160,1,2,1124,1,196,0,175,2,5,3,30,0,21,226,32,0,6,177,5,30,76,42,6,24,108,1,0,63,5,0,24,49,0,4291,27,240,12,21,117,175,13,9,14,15,5,17,125,13,2,40,71,0,13,0,17,18,15,66,11,11,0,69,7,1,7,52,8,374,0,118,6,44,94,0,0,3399,5,7,10,121,20,25,13,9,5,21,2,80,3,102,35,81,0,8,11,0,61,153,25,15,137,8,92,164,32,6,5,28,4,78,16,114,4,31,0,16,15,120,111,0,194,5,0,1,101,7,0,12,6,0,10,89,5,23,0,6,56,0,84
cell_257,0,52,43,3,327,0,23,13,59,129,124,17,6,12,3,8,33,209,0,0,10,48,27,1,3,1,44,15,0,32,14,0,19,1,0,0,11,670,108,3,4,105,29,13,4,3,41,77,33,57,49,8,0,2,5,2,2,332,1579,283,6,72,4,30,10,7,76,27,25,21,1,0,15,25,58,51,23,3,1,9,2,0,134,0,841,0,67,56,1,0,0,8,31,119,3,36,38,267,20,0,0,26,15,2,9,90,227,81,2,80,25,32,113,11,32,5,23,34,0,90,3,8,6,11,185,60,11,0,12,21,68,21,12,28,3,118,57,24,1,93,121,22,8,0,9,285,0,34,34,0,0,4,16,9,17,10,8,29,5,337,4,122,11,55,1,27,1,15,54,88,60,27,1054,108,102,2,24,419,0,75,0,7,0,31,11,14,64,123,7,39,9,54,23,8,36,288,48,147,46,45,0,11,0,12,46,19,16,87,9,42,12,33,29,15,14,84,10,2,2,33,27,8,4,185,52,423,0,9,39,0,21,19,38,135,2779,9,44,10,0,1203,71,124,0,0,87,8,23,19,3,0,8836,74,0,0,201,106,0,7,332,46,38,11,27,0,44,15,2,0,2,331,564,0,74,113,69,44,27,275,83,1,19,33,5025,354,4,62,20,1,1,64,2,4,22,10,21,30,104,68,29,5,20,19,0,35,1,10,13,105,67,2,77,85,0,57,51,37,32,65,106,25,137,6,23,318,378,94,73,20,1,429,25,13,0,71,54,14,1,14,5,67,1501,175,205,43,0,0,30,54,3,3,1,8,140,51,228,69,3,26,7,196,257,9,6,197,19,42,0,8,22,164,9,116,2,236,96,12,0,6,60,5,0,17,5,43,94,32,4,5,15,1,0,1,93,0,9918,5,119,15,13,36,270,18,17,13,191,15,4,68,37,0,107,6,177,0,0,3,11,103,251,61,8,0,24,23,5,2,19,3,195,1,124,2,39,194,14,0,12791,38,110,2,12,45,18,1,0,12,7,71,73,1,87,117,88,5,10,12,5,72,12,46,0,37,8,50,49,4,10,12,0,2,133,37,181,4,8,0,1,41,136,22,33,166,9,0,0,18,13,0,21,30,32,1,131,9,117,2,11,5,0,0
cell_258,0,66,9,7,180,0,7,38,18,38,154,13,78,97,0,49,45,72,0,0,32,41,28,6,12,0,23,69,2,18,1,26,2,20,14,29,57,1242,87,1,0,86,0,23,9,18,36,78,142,89,47,25,6,3,2,5,0,232,1928,172,9,47,28,0,21,6,39,32,58,20,3,0,9,162,51,91,8,175,11,1,2,0,104,1,713,0,275,82,0,0,0,7,20,324,1,47,40,31,63,59,7,8,17,1,17,59,236,56,3,61,22,24,65,11,69,12,24,13,6,28,0,38,16,16,212,21,32,0,49,11,3,23,82,36,1,243,43,54,0,0,183,19,17,6,1,398,5,27,53,0,0,0,15,15,0,27,15,4,0,157,24,123,3,49,0,23,3,7,28,17,36,18,921,13,111,1,15,520,3,63,8,5,1,26,34,18,15,97,0,16,18,29,27,70,100,268,110,3084,83,44,0,14,0,50,59,119,28,67,16,110,11,23,23,3,18,113,6,44,43,4,0,0,5,124,31,0,0,0,28,14,72,62,27,107,2916,36,11,0,0,1501,46,84,0,0,26,0,11,30,2,1,8631,43,0,0,172,0,50,0,152,37,70,11,31,0,36,62,154,35,82,668,430,0,128,93,48,37,72,0,29,18,29,23,6286,350,1,21,42,14,0,39,0,6,26,119,2,42,71,118,30,10,13,36,8,96,4,1,0,177,29,11,82,13,0,96,77,63,42,6,187,21,65,9,73,612,72,16,65,11,5,910,3,55,17,129,87,9,4,0,0,18,884,77,92,61,0,2,49,105,23,4,0,30,79,25,144,14,3,39,6,149,284,11,3,319,0,61,4,7,20,0,18,108,0,40,143,8,37,4,138,8,209,55,0,34,95,31,0,11,22,17,0,25,98,6,13959,5,120,12,11,62,262,224,28,4,92,4,19,30,51,10,68,3,0,0,2,3,31,14,241,40,7,0,30,10,0,31,9,13,199,2,57,5,99,65,8,0,11111,8,37,3,36,50,7,6,1,48,9,2,87,8,100,214,121,147,76,10,0,46,42,49,0,52,1,191,34,5,6,6,0,1,125,35,3,48,41,28,1,42,173,25,158,61,20,9,1,10,7,3,29,21,9,1,87,12,22,3,14,5,0,3
cell_259,0,8,69,5,150,14,6,50,47,97,47,4,43,6,0,3,45,68,0,0,49,43,6,9,13,0,2,150,0,3,3,0,0,8,0,13,22,480,114,4,3,76,140,1,18,7,136,76,153,102,38,6,0,0,5,0,8,195,2075,101,8,88,2,15,0,33,33,5,75,1,2,6,16,56,14,39,16,39,24,3,10,0,134,0,763,0,121,62,1,0,0,0,77,66,1,22,42,149,87,4,0,4,11,3,25,40,89,25,3,69,9,16,78,9,65,5,48,25,0,24,3,8,3,20,105,23,24,16,26,12,77,45,20,51,0,2,35,19,0,0,196,107,10,28,23,222,11,31,39,0,0,0,218,6,18,2,17,5,36,176,3,71,7,54,3,30,14,11,8,28,57,29,774,13,84,0,0,534,0,77,12,9,0,3,35,5,35,85,217,14,19,24,22,15,108,189,74,947,42,62,6,17,1,0,60,62,62,95,14,53,0,23,19,0,4,94,3,13,10,8,5,4,14,78,37,115,1,5,35,1,25,49,65,109,2811,18,7,4,0,1438,49,120,3,0,92,4,32,24,3,6,7954,43,0,1,189,14,0,0,76,36,96,39,14,0,0,80,0,24,25,491,381,2,611,84,45,32,8,0,39,6,29,0,6541,312,4,41,219,29,0,54,25,0,21,0,36,34,94,57,21,5,8,16,37,14,0,2,17,1,16,37,61,0,0,32,63,60,33,0,159,14,69,14,8,1137,7,30,102,29,49,967,17,56,16,105,75,22,4,54,1,0,892,74,81,47,0,0,3,34,82,0,0,8,51,47,103,60,20,33,9,133,244,6,0,213,9,87,0,11,4,0,54,91,1,219,119,22,0,11,16,15,32,114,44,62,50,119,1,15,74,14,7,12,115,2,14198,7,115,16,11,48,260,176,7,10,90,6,1,85,1,4,1,9,15,75,0,6,15,86,55,55,22,1,25,8,3,4,2,6,124,0,79,4,76,99,1,0,11350,27,18,1,75,27,10,40,5,22,8,11,81,19,30,68,133,0,98,11,4,39,30,0,3,47,2,35,41,38,7,19,30,0,38,42,122,49,12,9,0,58,126,21,36,53,0,9,0,19,42,0,26,0,0,2,85,0,0,15,0,30,0,3
cell_260,1092,17,1,12,347,0,0,77,66,20,154,14,11,38,5,59,48,86,0,6,18,34,18,2,17,0,148,0,7,33,4,18,17,2,2,0,49,59,141,1,0,101,0,1,1,22,85,103,184,53,29,15,19,3,4,12,0,214,1842,367,6,61,23,17,2,6,49,21,148,36,6,2,18,160,9,62,8,75,17,0,11,0,81,9,824,2,108,35,2,0,2,39,17,64,0,17,28,216,14,24,3,15,67,4,15,75,243,71,4,7,60,10,118,3,26,0,62,14,1,15,0,47,7,19,91,39,3,0,14,7,4,12,44,34,1,51,61,30,0,19,81,36,12,0,9,266,23,38,8,0,0,3,167,4,0,22,2,16,4,389,0,105,43,76,0,18,4,9,2,92,17,40,989,19,103,0,10,466,19,95,7,10,2,25,9,11,34,125,17,37,22,87,4,0,32,302,138,424,14,37,0,10,0,17,36,78,23,18,47,57,16,23,27,1,9,108,9,33,6,34,5,13,1,117,45,12,0,4,29,45,109,38,78,140,2724,9,46,4,0,1248,61,17,0,0,92,1,21,13,1,0,9883,47,0,0,212,113,5,0,404,5,20,26,22,0,12,63,0,0,37,930,585,4,389,0,52,42,0,0,9,16,33,1,4999,395,1,2,0,7,0,55,1,3,20,0,26,28,118,358,30,2,17,17,19,64,0,0,10,30,15,22,57,2,0,57,47,61,41,2,149,17,7,2,13,1285,263,22,18,44,29,502,16,26,14,97,47,9,1,26,2,40,1452,210,218,52,0,0,78,74,1,29,16,11,143,11,53,70,63,26,18,171,279,6,5,387,0,55,0,16,74,715,7,72,4,251,221,23,21,14,138,5,17,85,0,52,85,2,1,34,47,2,0,24,33,0,9371,1,104,20,8,36,236,292,18,3,214,10,9,46,0,4,1,6,0,45,0,6,86,195,244,169,12,0,9,17,6,2,3,3,155,1,142,1,38,112,2,0,13517,26,21,18,46,35,6,7,14,59,12,0,82,22,13,87,101,38,45,13,10,15,10,36,1,50,0,42,48,6,11,6,14,2,183,12,266,41,53,1,0,11,94,17,0,117,1,2,0,19,15,1,8,19,0,3,151,0,40,8,12,20,0,9
cell_261,0,3,100,1,312,9,2,128,70,100,175,2,23,9,0,19,36,213,0,0,20,29,8,5,4,0,0,40,0,3,2,0,18,1,0,13,54,184,113,0,0,123,1,2,2,11,86,77,184,52,36,8,0,4,1,0,0,299,1811,299,2,63,20,28,2,10,4,7,119,20,3,1,17,221,53,72,16,237,20,6,3,0,99,6,780,0,205,26,0,0,0,3,80,83,4,60,40,350,22,13,1,9,12,0,9,67,283,74,6,67,153,12,109,26,34,1,29,7,0,118,0,3,5,13,81,5,8,2,19,25,40,6,22,28,0,49,67,17,0,0,141,26,8,6,17,275,12,31,47,0,0,7,207,8,0,30,22,0,25,377,2,48,3,64,0,9,12,1,30,73,89,24,1036,12,62,8,7,437,0,71,0,8,3,21,18,10,36,150,12,48,11,72,22,17,46,99,119,433,25,59,1,15,2,39,56,37,36,74,28,49,1,23,32,6,14,83,2,8,0,34,9,8,1,139,43,53,0,28,35,12,115,70,6,113,2499,7,28,14,0,1115,68,133,0,2,70,14,25,17,13,21,9581,52,0,31,198,8,35,0,153,1,49,44,18,0,1,120,199,8,20,156,731,0,229,11,80,40,0,223,11,79,21,27,5195,349,10,22,40,25,0,72,5,4,22,0,5,32,152,152,40,9,21,18,28,110,3,0,12,0,54,3,56,78,0,78,56,53,31,20,124,24,147,16,22,637,383,72,12,140,41,386,72,19,17,77,133,16,0,4,10,52,1833,198,155,53,2,0,57,69,5,0,0,5,103,34,197,86,47,17,11,132,284,14,0,256,0,38,0,11,48,767,11,118,7,301,58,18,17,7,127,12,50,22,2,51,32,29,2,13,43,6,0,6,75,0,9378,2,114,16,12,36,230,221,14,12,243,13,8,82,6,26,0,0,118,4,1,12,3,0,273,62,28,0,16,24,2,0,4,0,138,3,131,2,45,188,0,0,13864,30,66,1,24,5,21,56,12,37,17,0,82,22,75,166,106,4,46,18,3,2,16,22,5,39,2,58,50,0,12,2,68,0,170,34,127,9,23,0,0,67,126,22,0,90,7,0,0,26,27,0,9,5,121,0,375,0,2,1,17,8,0,0
cell_262,15,34,27,3,157,0,8,7,22,39,165,1,20,51,0,35,34,52,25,8,33,43,10,3,1,2,159,18,4,4,1,53,34,1,11,10,115,808,93,0,0,97,0,2,16,1,125,83,18,103,43,12,0,0,0,6,34,214,2048,84,6,84,5,5,41,7,13,34,63,13,10,14,37,243,38,88,5,190,24,4,3,0,105,8,716,1,240,99,0,0,1,61,96,124,7,18,26,20,28,0,0,15,21,5,5,67,124,42,6,11,38,16,71,2,8,47,33,11,0,7,1,10,21,18,229,21,15,0,4,34,18,18,90,68,1,220,56,5,0,0,221,13,0,0,13,122,6,44,21,1,1,0,218,5,123,20,8,12,21,181,3,164,5,16,0,3,12,11,4,29,80,29,843,17,94,6,4,403,37,74,0,5,21,2,21,12,33,2,31,13,8,42,19,19,87,259,94,5,86,21,0,4,8,3,62,16,40,72,3,53,6,15,21,3,4,113,3,76,0,18,12,1,11,116,28,206,0,9,11,125,49,57,120,102,2755,9,13,3,0,1448,43,126,0,0,101,3,8,23,0,25,5765,26,6,0,186,113,0,0,108,54,69,39,5,1,18,20,165,2,52,805,374,1,132,0,38,28,0,0,7,0,55,119,6511,358,0,66,0,36,0,41,0,1,15,0,119,33,78,157,29,4,52,32,40,139,13,1,21,52,9,36,108,59,0,99,94,64,45,12,60,14,20,0,38,1205,135,4,61,4,4,1019,4,46,17,78,29,1,0,16,0,22,849,84,74,76,36,0,45,117,48,19,52,20,96,18,60,56,21,7,12,135,187,1,4,379,0,69,14,9,6,637,1,168,0,68,179,21,0,5,147,2,159,26,0,54,98,521,0,19,26,0,2,2,125,0,14345,4,105,14,12,64,220,68,36,0,52,3,13,88,31,5,69,19,0,4,32,3,26,2,251,28,13,2,7,0,1,51,33,0,226,22,102,1,91,57,0,0,11822,33,83,5,11,22,27,77,3,19,11,3,67,3,38,108,46,58,47,14,0,11,7,46,0,74,5,178,31,1,2,20,0,1,128,11,198,58,19,0,11,10,147,17,0,103,11,7,4,24,1,5,25,26,207,16,129,6,63,2,20,14,0,0
cell_263,184,21,12,7,150,0,1,122,30,64,182,2,68,29,0,11,32,72,0,23,38,50,24,5,8,0,33,32,0,5,4,4,2,2,4,0,43,241,95,0,14,98,0,3,15,11,120,95,154,120,52,15,24,9,4,13,0,230,2155,144,13,102,0,27,18,9,7,18,66,31,10,23,5,83,56,69,15,192,16,2,1,0,86,0,625,0,262,76,6,14,1,26,45,190,2,0,108,63,26,50,3,3,35,1,6,36,221,61,6,75,31,3,67,17,29,7,21,9,0,118,1,20,2,16,165,35,16,0,6,14,43,12,75,52,2,386,52,33,0,46,145,24,3,15,1,140,5,41,11,0,0,0,208,30,165,4,2,5,3,145,4,89,2,71,2,15,0,14,11,34,57,23,726,52,122,3,5,302,4,72,0,20,3,45,43,12,17,25,46,11,27,37,15,50,90,215,85,2051,57,107,2,13,0,1,64,191,20,93,34,70,2,22,30,2,4,68,5,74,41,62,5,9,4,50,40,138,6,7,38,11,11,44,125,59,2732,9,8,9,0,1359,51,137,1,0,85,0,11,18,3,1,8354,23,0,7,191,77,6,1,162,35,65,33,16,0,1,92,3,5,8,778,354,0,287,0,31,38,113,0,49,30,30,15,6350,349,6,36,143,1,6,40,1,2,16,0,1,22,81,161,37,0,28,33,20,21,0,2,0,0,19,3,59,41,0,37,89,44,26,11,121,29,92,0,21,203,267,19,6,29,4,864,6,13,12,73,93,10,4,0,2,12,1004,85,77,68,9,0,51,109,1,20,0,23,71,6,23,40,0,19,10,121,278,19,0,300,20,82,0,8,25,0,39,131,5,106,170,9,11,5,151,3,3,22,2,27,71,1,0,1,30,28,0,7,141,0,13608,3,111,10,9,50,254,19,10,6,98,18,17,57,0,24,17,9,2,1,0,5,5,0,391,34,11,2,33,17,2,35,15,5,191,0,111,1,101,61,0,0,11408,33,74,1,70,70,22,16,5,45,17,11,51,4,58,167,96,31,12,7,0,1,36,67,0,66,0,154,29,3,5,3,27,2,142,11,57,38,9,2,0,6,142,35,6,110,21,11,5,15,16,2,13,28,1,0,145,1,9,0,23,11,0,1
cell_264,106,2,8,9,321,10,18,76,61,109,48,6,33,58,0,1,25,145,6,0,10,39,12,2,2,7,103,49,5,21,5,48,0,1,1,53,48,525,102,12,3,36,29,2,2,1,17,74,50,55,34,7,13,4,8,5,3,333,1774,107,3,121,2,32,5,2,63,13,72,18,13,24,13,74,77,59,5,181,10,0,17,0,149,4,817,0,229,43,0,0,4,8,97,74,4,29,96,39,27,19,2,19,80,6,16,90,247,44,8,87,127,28,131,7,27,63,13,11,0,115,7,106,44,16,135,76,2,0,53,28,4,38,106,10,6,348,72,8,2,27,136,40,8,22,3,315,14,25,72,2,0,4,215,4,93,39,28,8,3,408,7,107,2,53,3,4,7,0,20,65,28,21,1072,5,82,0,21,397,3,7,19,34,0,8,39,4,26,134,13,67,16,43,18,0,61,223,62,951,9,39,2,14,4,19,49,79,19,102,34,71,6,23,24,5,59,19,5,13,26,5,11,4,1,156,54,27,8,0,23,10,11,0,6,129,2469,0,28,1,2,1097,83,155,2,1,141,11,10,21,3,0,8493,31,0,17,204,18,27,5,167,155,77,20,9,4,48,44,174,4,73,606,731,0,703,57,66,26,69,188,10,12,37,6,5181,347,4,43,177,23,8,72,2,5,16,1,42,12,16,170,26,4,1,27,0,74,6,0,22,64,83,2,91,5,0,47,39,3,33,4,140,11,35,19,23,886,852,119,42,32,1,426,13,55,20,113,59,8,0,0,4,76,1355,163,188,33,35,27,69,0,50,8,4,0,98,89,160,18,0,32,8,204,198,0,17,322,0,39,0,6,11,569,64,50,3,239,150,98,41,11,33,7,16,71,6,20,72,85,3,10,42,15,0,9,50,19,9234,5,116,15,16,36,256,274,18,0,177,17,10,12,25,10,76,13,293,3,4,5,14,117,78,173,5,0,30,10,6,4,8,0,229,1,85,4,9,153,5,0,13138,39,48,1,75,35,19,19,11,8,5,2,81,9,28,121,111,44,15,18,0,92,13,11,5,11,0,141,59,0,17,0,0,1,94,16,124,11,46,0,29,79,123,17,0,97,8,0,0,16,16,1,23,5,0,1,197,5,96,2,23,3,0,0
cell_265,0,23,20,9,294,10,7,112,67,245,124,11,39,41,0,6,57,209,1,20,26,33,16,0,18,1,110,50,7,54,7,0,10,0,5,60,37,216,118,5,10,78,0,11,10,3,69,90,204,50,50,23,12,10,8,1,6,317,1839,324,9,38,13,0,0,8,5,32,32,17,2,0,21,197,70,20,4,205,9,0,0,0,126,3,860,0,231,34,1,1,86,0,71,209,2,52,51,186,17,79,8,6,22,0,3,71,247,59,6,51,155,23,100,40,26,4,36,7,1,83,0,28,2,2,61,41,6,0,27,33,50,12,106,35,3,196,61,48,0,17,120,40,9,4,3,342,7,9,35,2,0,0,211,21,25,36,1,6,1,319,1,170,7,38,0,50,5,4,35,62,8,20,1077,20,144,7,3,356,1,44,1,14,1,67,8,11,32,125,9,29,9,69,6,17,45,315,63,1185,4,78,2,11,0,12,45,11,10,83,24,30,6,18,24,1,30,51,24,11,1,34,21,6,7,146,40,259,3,17,28,25,29,143,94,73,2680,11,9,11,0,1186,62,40,1,1,91,18,27,21,17,9,8169,30,0,14,230,142,3,0,457,38,40,13,6,0,47,22,112,14,34,1031,704,5,168,33,73,23,6,282,26,10,0,79,5108,336,11,15,13,16,0,22,0,6,15,0,19,30,100,405,33,7,11,18,4,177,1,0,12,0,20,7,90,9,0,47,43,45,34,9,145,15,37,7,21,489,14,47,17,46,22,472,20,27,34,67,84,21,2,1,18,43,1750,166,216,73,35,0,84,78,0,1,0,21,123,28,211,59,3,36,10,312,312,14,1,322,4,28,0,14,31,828,19,126,1,133,137,1,89,1,200,7,59,15,6,12,59,163,1,0,17,9,3,47,96,1,9378,5,117,11,10,33,268,218,10,0,158,10,14,88,52,9,204,6,11,20,12,9,99,17,229,29,25,0,26,2,8,20,31,0,47,0,131,6,30,164,0,0,12683,36,65,4,72,34,3,19,1,70,4,0,81,22,29,165,73,34,36,6,0,10,20,6,8,41,2,28,42,12,13,16,95,1,125,32,3,18,7,0,10,17,137,20,4,39,6,4,7,12,5,0,10,31,0,3,256,0,11,1,8,10,0,2
cell_266,1076,30,17,18,350,18,6,14,7,12,127,0,42,24,0,22,33,7,168,0,16,25,16,0,3,1,147,21,13,20,15,59,21,3,0,0,13,207,109,4,27,89,334,2,1,0,31,74,85,52,37,24,52,3,0,0,0,322,1717,277,9,72,11,38,8,13,4,8,129,34,17,7,32,69,16,78,4,246,9,0,3,0,91,0,874,3,199,32,5,0,5,19,92,101,1,0,28,198,15,13,1,8,37,1,3,68,203,53,5,12,71,27,99,22,29,71,30,12,0,50,0,21,3,7,107,14,4,0,41,27,77,11,69,14,6,140,71,4,0,60,30,53,11,2,4,343,15,47,0,0,0,0,276,6,141,29,14,4,23,387,7,138,8,58,0,38,4,19,51,79,81,36,1303,20,122,1,20,368,0,57,1,15,0,4,6,1,36,85,74,34,18,185,23,0,38,225,47,536,2,7,3,17,0,27,56,30,16,41,10,63,6,1,26,1,5,98,7,9,9,36,5,6,8,141,53,218,1,25,2,0,35,136,71,118,2472,25,10,5,0,1169,60,187,5,1,117,24,18,28,2,0,9897,64,0,0,207,114,22,4,81,0,79,15,25,0,0,58,0,1,88,219,767,0,1111,103,63,36,97,0,16,19,47,93,5185,300,7,4,66,1,0,88,1,2,21,0,19,8,151,176,19,10,2,18,4,15,0,0,2,55,43,25,23,95,0,22,49,37,47,24,162,19,84,9,13,1061,229,16,29,10,0,440,15,84,0,85,13,31,18,3,6,58,1731,171,192,45,0,0,18,65,23,8,1,0,26,34,167,102,40,4,1,266,139,1,1,274,9,42,0,14,56,719,14,107,3,324,199,2,95,11,60,6,58,11,0,12,73,125,5,65,13,36,0,13,42,16,9339,5,133,13,20,23,179,100,20,0,200,26,6,19,3,43,151,2,0,2,0,8,51,139,122,129,20,0,25,1,7,13,21,1,197,2,70,4,47,179,0,0,13831,12,16,0,20,51,19,6,15,33,0,11,98,24,20,193,129,125,10,12,9,1,12,11,0,22,0,168,31,19,17,4,172,0,200,52,261,30,20,0,1,49,138,21,167,147,5,9,1,18,5,0,27,3,0,11,186,2,0,27,2,21,3,0
cell_267,1,24,33,45,320,0,12,38,17,28,105,0,13,18,11,5,20,126,0,5,11,55,10,1,5,0,116,21,10,28,9,64,12,0,0,35,70,202,121,1,0,100,0,3,0,1,48,68,112,57,48,17,1,2,6,5,1,313,1738,274,6,36,21,48,24,33,14,37,20,21,27,0,41,60,74,112,21,146,7,0,1,0,138,3,733,0,117,65,3,3,19,36,124,61,4,22,40,322,4,4,0,9,125,11,1,22,241,20,7,83,105,36,115,21,41,23,12,9,1,173,7,10,23,9,84,31,6,0,48,41,24,21,131,34,2,142,67,0,1,12,127,7,13,0,4,184,7,42,22,1,0,0,190,0,0,6,50,6,18,353,6,59,0,53,0,38,5,0,17,84,28,39,1024,1,61,0,20,373,0,88,0,42,3,30,2,16,49,127,0,33,17,42,13,27,32,99,5,568,17,79,0,19,0,32,30,13,1,88,13,54,6,16,6,4,11,14,23,19,3,37,3,14,5,166,38,297,6,8,12,3,11,0,43,138,2507,12,18,32,0,1087,63,151,1,0,85,29,14,19,11,0,8499,37,0,13,237,25,13,6,334,3,57,4,17,0,31,27,1,1,80,81,748,1,245,86,95,28,0,110,65,1,12,1,5119,352,6,95,47,12,0,59,0,4,14,0,102,37,136,368,27,4,26,19,36,122,6,8,9,1,45,3,97,92,0,61,39,39,30,16,39,21,30,8,15,1447,502,32,4,63,0,466,51,68,0,88,102,26,8,4,0,82,1347,160,167,61,0,0,6,70,42,1,0,3,146,76,2,71,10,9,27,233,277,0,11,483,5,43,0,2,54,4,8,165,6,269,128,44,0,5,154,7,52,25,0,29,67,20,0,2,57,5,0,50,94,0,9944,3,121,16,14,32,294,214,29,2,239,1,13,59,68,37,187,4,1,0,0,14,11,6,306,90,0,0,27,0,2,3,21,2,155,5,103,3,48,70,0,0,12564,30,39,3,40,22,3,36,14,26,0,162,69,12,95,126,125,79,8,0,1,33,26,6,2,43,0,175,56,7,10,2,1,0,136,21,112,48,44,0,3,31,138,15,0,119,9,0,0,18,16,0,26,4,44,5,281,1,26,2,44,9,0,0
cell_268,0,16,0,8,307,10,4,143,27,87,134,5,14,66,0,4,16,18,1,0,3,28,26,3,1,0,65,55,12,27,13,67,6,0,0,0,67,141,128,0,10,119,176,2,2,11,72,97,197,54,36,0,27,4,1,1,0,320,1804,280,1,94,7,50,20,4,30,14,147,5,29,5,12,78,38,88,26,184,3,1,5,0,113,0,742,0,229,45,5,0,2,19,110,87,1,23,38,240,2,25,2,6,78,2,5,46,259,72,6,58,54,9,119,31,26,11,55,23,0,87,0,20,11,15,158,11,13,0,51,12,0,7,78,51,2,142,70,63,1,14,110,58,26,2,2,82,0,24,40,2,0,3,197,15,10,13,8,8,6,285,24,135,10,61,1,10,2,13,6,81,50,25,1044,27,0,1,26,460,0,78,0,26,0,41,31,1,21,54,0,32,14,122,21,0,13,275,60,1429,118,75,0,16,0,0,47,39,12,38,23,22,4,23,23,9,11,67,9,17,0,17,2,19,7,144,40,28,1,6,25,44,36,42,21,117,2182,8,30,28,0,1004,60,164,1,0,43,10,0,23,7,1,8384,98,1,3,203,123,5,0,123,3,72,18,20,0,50,42,0,0,76,85,234,0,680,2,74,20,137,0,72,26,27,75,4870,217,7,10,0,64,0,83,4,8,12,10,0,9,77,341,31,6,36,21,37,52,0,4,18,65,52,6,19,76,8,47,29,21,34,33,15,23,140,0,6,1185,157,93,3,62,10,459,6,15,16,70,37,9,0,0,0,64,1555,175,175,40,21,0,82,45,2,9,42,16,142,29,154,32,9,9,0,111,154,7,1,223,0,45,0,21,77,548,18,106,5,223,197,0,41,12,175,4,0,13,0,20,19,355,3,23,11,0,0,52,13,0,9835,2,127,23,9,31,248,299,8,3,223,44,2,46,16,14,10,1,34,3,0,1,3,40,346,168,17,0,7,1,6,8,24,37,242,1,112,2,34,66,3,0,13639,11,37,2,49,9,32,0,15,43,6,11,75,1,50,182,70,56,28,20,0,14,4,16,1,40,0,179,53,3,4,9,0,1,166,44,294,1,17,13,1,32,117,9,12,108,5,5,9,4,3,2,11,0,6,10,267,4,90,0,7,17,0,1
cell_269,0,19,30,10,275,7,2,136,28,79,107,2,30,36,0,66,64,77,0,12,11,8,20,0,5,2,1,12,20,9,2,9,13,4,0,73,31,238,140,0,1,52,268,1,4,3,89,86,152,67,47,6,0,4,0,10,0,292,1791,199,13,111,12,22,8,1,11,29,106,39,16,14,13,71,26,96,10,178,14,0,2,0,143,4,800,0,85,53,1,4,22,1,47,88,0,8,114,10,46,34,3,21,175,3,8,71,240,15,1,82,38,7,129,20,26,4,33,13,0,73,0,95,18,15,118,36,33,1,29,29,5,5,111,48,5,275,69,65,0,19,130,73,6,35,12,87,3,16,69,0,0,0,52,10,1,13,27,10,2,337,10,169,5,17,0,3,5,8,125,69,16,24,1036,1,122,3,30,403,10,88,0,8,0,3,7,8,21,144,0,38,14,63,26,4,67,214,174,1063,2,58,0,12,13,16,36,65,56,82,53,24,12,27,32,2,35,53,3,34,7,26,4,0,5,142,45,209,0,0,39,0,33,246,5,125,2588,18,12,0,0,1189,60,199,11,0,53,0,4,24,3,10,8869,62,0,0,189,141,31,0,126,18,89,46,11,0,26,100,0,7,30,595,942,1,372,61,45,28,93,0,51,1,19,36,5183,349,1,21,111,28,0,62,3,0,20,0,53,15,83,80,23,4,3,21,0,61,16,0,0,194,49,29,54,13,0,46,53,13,26,4,121,20,56,8,13,1237,142,21,14,16,0,432,27,64,35,86,55,12,0,3,0,7,1255,161,217,42,0,0,71,75,26,27,0,8,120,6,253,6,0,30,7,195,249,3,0,86,4,41,0,16,41,0,33,50,1,159,149,10,40,10,112,12,62,8,3,18,80,12,4,11,15,11,1,57,14,0,9530,8,115,15,15,36,283,165,25,2,188,9,16,90,14,17,108,13,0,0,0,4,44,267,246,173,12,5,17,9,24,16,12,3,206,2,80,1,47,232,16,2,12273,32,88,2,32,35,20,10,4,18,12,25,72,16,71,170,111,82,27,10,0,14,9,35,6,48,1,59,65,7,4,0,40,0,164,29,157,12,46,3,3,34,150,26,141,127,9,14,12,8,11,0,32,16,19,10,145,0,149,3,50,16,0,0
cell_270,0,39,4,2,311,9,3,77,35,43,85,21,21,34,0,8,43,151,0,0,16,38,22,18,23,0,56,5,10,38,15,55,22,0,0,0,31,324,150,1,7,91,43,0,2,0,31,83,192,58,54,28,0,21,27,3,17,285,1802,138,14,59,14,23,14,14,66,28,89,8,4,16,8,311,26,81,14,258,16,4,4,0,123,7,746,0,89,33,7,0,7,18,107,125,7,25,64,275,6,28,1,17,167,16,6,35,236,69,8,42,51,4,122,22,23,7,71,6,0,4,1,6,21,16,117,15,15,26,31,6,23,12,25,34,13,35,53,3,0,6,63,43,13,4,7,373,19,38,6,1,7,1,132,10,4,29,13,11,11,326,7,194,7,51,0,61,2,0,1,68,26,24,1077,9,115,7,11,255,0,77,12,13,0,34,1,9,13,120,2,45,14,5,15,18,71,360,23,775,116,46,0,19,1,9,40,6,1,35,45,68,9,22,27,1,23,69,3,4,2,6,5,8,4,166,38,402,2,13,25,44,43,37,92,133,2861,39,26,3,0,1259,77,80,2,0,16,0,8,16,0,0,9623,40,3,1,209,121,27,5,596,57,21,22,16,0,0,69,196,6,70,920,739,5,385,62,69,37,3,0,15,13,15,51,5259,331,5,1,22,31,0,84,0,3,20,0,9,28,78,207,28,0,14,13,22,72,0,0,5,193,58,5,47,1,0,77,46,54,41,95,138,22,20,5,7,1130,492,31,45,35,5,498,27,63,4,77,50,22,5,23,3,61,1408,185,213,35,0,0,54,74,22,9,0,2,33,21,68,67,24,17,10,288,300,11,0,397,12,44,0,9,14,6,4,134,0,211,155,3,4,2,97,8,11,19,0,27,58,462,6,62,40,13,2,38,93,44,9995,15,127,16,12,26,212,182,8,7,231,11,25,52,6,0,122,1,0,39,0,0,76,5,230,132,31,0,27,4,12,25,20,4,200,1,117,0,42,200,0,0,12601,29,39,6,47,27,6,3,11,30,15,0,69,10,7,164,122,12,42,11,2,49,41,0,0,49,3,159,39,26,7,24,37,2,95,41,248,5,25,0,4,35,137,24,39,97,2,2,1,10,7,1,24,0,173,4,121,4,69,25,11,8,0,2
cell_271,1,43,78,37,341,8,4,2,30,0,165,7,40,5,2,18,52,232,0,24,13,51,28,1,15,2,6,42,16,21,0,0,11,2,0,0,49,6,92,1,6,85,47,0,2,11,89,80,26,51,44,44,0,2,1,10,5,318,1656,418,12,128,9,17,19,0,5,8,38,26,2,0,27,68,12,76,17,288,13,1,0,2,69,2,781,1,31,43,5,0,9,3,28,93,1,9,51,332,14,5,1,19,90,3,3,91,214,33,1,60,39,19,116,33,10,30,17,12,0,89,0,65,4,8,144,24,24,2,38,24,3,11,59,29,0,125,69,9,0,59,150,32,8,5,3,68,9,42,47,0,0,0,208,1,0,24,12,24,12,309,6,56,20,36,0,9,2,2,6,68,80,32,1119,38,83,0,2,405,0,78,1,24,0,14,6,4,9,18,20,37,19,59,23,2,45,280,68,450,31,72,0,10,23,31,39,27,0,62,16,69,5,33,28,0,16,8,20,7,1,36,19,9,1,139,44,75,8,11,17,77,70,96,43,145,2935,7,20,1,0,1238,65,175,9,0,95,0,12,29,4,0,7166,77,4,16,224,57,0,1,176,28,88,10,13,0,2,108,1,1,85,711,742,8,449,125,70,36,127,0,62,18,9,16,4930,282,7,23,18,46,0,48,9,7,13,0,9,22,132,251,28,11,31,15,2,27,0,5,6,211,42,15,30,25,0,21,42,76,17,29,156,21,23,18,5,1222,204,12,32,9,13,440,48,0,18,69,48,18,2,24,1,58,1416,199,196,35,1,0,48,57,2,12,0,6,124,19,190,40,3,7,0,184,239,8,2,325,11,37,0,8,77,25,1,128,0,125,209,5,5,8,149,16,98,8,0,42,42,219,0,34,20,13,0,51,55,2,9562,7,137,19,12,34,236,58,13,9,142,4,13,7,0,43,57,0,0,21,0,3,147,126,276,176,13,0,21,8,21,5,9,0,242,16,106,2,53,174,37,0,12210,16,32,11,18,37,11,21,14,11,2,37,80,7,91,99,98,0,29,7,0,26,50,30,3,47,0,164,67,18,6,7,28,0,192,46,146,1,4,27,0,27,110,8,68,148,15,7,0,12,16,0,25,21,1,3,127,2,1,1,25,17,7,1
cell_272,42,9,5,0,316,14,0,42,15,196,69,4,26,44,0,79,9,152,1,0,10,32,27,0,1,5,38,11,12,40,8,25,4,1,0,1,11,113,126,1,2,90,247,1,1,1,87,63,192,60,44,20,8,10,2,10,5,324,1763,512,13,15,20,8,20,15,31,13,132,3,16,14,16,70,67,82,15,221,12,0,1,0,70,0,635,0,217,33,1,2,0,9,82,152,4,0,13,10,12,11,0,2,13,4,8,67,270,32,2,9,18,26,104,10,12,21,53,5,0,76,1,48,6,9,93,29,10,0,11,35,58,5,146,38,4,154,47,43,0,92,55,35,6,10,20,360,6,8,36,0,0,3,182,13,152,2,8,43,4,289,11,170,10,70,0,11,1,3,23,72,26,31,994,2,64,0,27,451,7,61,2,46,0,40,35,3,25,136,28,47,17,33,19,16,69,340,97,1055,34,11,0,10,0,26,45,29,51,67,17,1,4,15,34,0,24,91,14,4,14,22,0,14,9,157,58,0,1,3,1,8,75,0,46,35,2643,4,3,6,0,1288,74,115,17,2,32,14,2,22,7,1,8892,53,1,0,218,144,24,0,158,5,65,25,10,0,72,165,192,8,84,852,822,0,591,81,27,35,109,0,50,1,34,62,5026,292,11,31,72,8,0,75,0,6,7,0,64,17,24,132,29,1,8,23,1,7,2,0,0,0,24,22,62,30,0,37,26,31,33,7,78,30,97,7,15,1273,164,7,87,36,0,406,13,4,0,85,76,15,4,6,4,55,1476,194,182,11,0,5,76,58,1,21,0,4,60,13,119,75,18,21,1,272,52,4,6,381,0,37,0,13,34,759,21,77,0,83,173,70,23,2,71,5,0,12,3,19,57,76,2,5,13,29,14,12,53,0,9646,4,122,3,3,31,172,285,33,1,115,0,17,74,14,30,109,5,0,7,0,3,15,207,301,206,6,0,13,7,13,29,6,7,273,0,90,0,18,156,1,0,12453,45,18,1,55,51,19,1,3,24,13,0,93,11,50,151,28,41,11,14,1,22,7,92,1,44,0,129,57,9,21,14,1,0,148,49,235,17,69,11,4,15,122,23,50,129,17,2,5,12,8,0,20,1,17,3,236,1,23,0,21,20,0,4
cell_273,377,40,2,13,75,0,16,29,32,209,91,7,84,23,1,120,33,165,0,15,252,63,35,10,12,6,76,61,4,5,0,78,26,5,39,0,7,346,143,9,29,47,31,0,5,13,162,112,179,147,40,16,7,32,1,28,7,147,3664,110,0,117,25,4,114,22,9,27,29,2,3,0,14,25,65,57,10,447,63,1,4,0,95,9,582,0,10,60,0,0,0,37,328,782,3,9,28,84,39,17,9,12,9,6,11,151,159,118,3,30,21,22,72,3,43,14,17,38,0,36,0,49,4,35,267,87,2,0,16,4,34,15,42,42,3,372,143,9,2,19,260,43,53,19,0,304,15,45,45,0,0,5,131,0,7,14,10,17,2,110,1,193,18,9,1,10,8,8,0,288,13,21,686,11,115,1,8,401,15,16,0,5,0,10,21,6,20,107,9,24,16,80,20,11,102,148,96,114,4,82,5,12,0,5,80,86,32,52,14,61,6,48,33,5,26,47,5,69,8,5,10,7,16,104,37,76,0,5,8,76,62,0,154,156,2789,20,27,7,0,1270,17,13,0,0,87,32,4,23,9,1,1799,44,9,1,617,44,26,0,80,19,30,13,4,0,27,15,58,3,59,10,225,1,257,26,28,49,57,0,10,2,17,0,7601,335,0,35,170,30,0,57,7,17,25,0,56,58,86,195,28,9,4,22,7,2,0,5,8,66,28,4,57,3,0,17,115,30,36,6,204,26,153,2,52,1010,9,32,5,41,1,1038,3,16,9,240,37,23,0,10,3,39,1118,46,22,44,53,0,53,85,37,6,0,11,62,12,26,12,10,23,6,34,206,2,4,231,72,183,0,2,13,0,0,30,0,128,57,0,2,9,44,18,1,88,1,23,56,425,1,29,30,8,0,12,65,7,23205,2,58,66,16,53,292,156,3,3,41,2,5,61,4,0,8,37,0,6,0,1,18,0,330,14,24,0,38,14,1,58,11,9,142,28,69,0,67,147,10,0,6760,16,50,3,11,66,31,0,4,23,0,0,99,1,25,395,52,28,125,14,1,9,84,6,66,157,4,326,15,10,14,13,0,1,143,16,282,3,4,6,1,14,84,22,19,12,2,3,1,9,8,1,18,11,5,4,17,0,126,15,12,63,0,1
cell_274,0,27,2,13,56,64,22,13,7,198,82,8,70,27,0,5,8,7,34,26,128,48,53,8,1,9,1,26,14,0,5,0,11,3,0,0,95,826,147,0,90,66,139,0,11,0,181,120,224,155,49,22,62,10,30,0,86,183,3778,173,1,129,10,29,29,7,16,4,111,9,15,15,2,127,54,48,4,480,37,0,1,0,90,0,540,0,77,34,1,0,0,7,438,297,17,22,60,102,23,16,2,8,36,0,11,100,84,97,3,22,65,11,46,17,16,0,84,16,0,36,0,14,2,24,257,22,5,0,6,23,4,8,71,54,1,96,92,0,0,149,272,42,9,0,1,320,9,49,42,0,0,1,188,7,0,5,69,6,27,98,7,209,1,20,1,6,3,4,4,329,70,18,764,15,18,2,25,368,0,31,0,12,0,9,63,7,33,151,14,54,19,1,27,0,49,163,25,99,1,43,7,12,0,48,76,153,132,57,9,15,11,48,31,3,10,21,2,10,8,40,3,6,0,101,29,88,10,6,7,0,61,8,28,41,2975,6,16,18,0,1318,34,9,4,0,87,51,0,33,18,31,1902,93,1,10,647,40,0,0,119,15,25,15,12,0,24,5,43,22,49,37,211,3,404,55,34,40,0,14,16,9,48,27,7592,395,9,3,0,11,0,9,10,5,16,0,36,30,77,33,35,3,25,18,10,23,0,20,5,74,25,17,41,0,0,49,70,21,15,1,62,28,142,0,18,1001,22,73,11,25,1,920,3,12,15,280,49,9,1,9,17,44,1155,51,16,23,0,6,63,51,27,0,0,1,29,24,102,33,8,0,0,34,15,18,11,391,0,155,0,7,27,270,3,29,11,178,130,72,0,5,23,6,0,14,56,19,34,532,33,12,39,5,0,4,35,0,22230,1,48,46,30,54,215,385,13,1,64,3,7,126,8,63,25,34,0,3,0,8,0,119,362,14,10,0,19,1,1,62,43,0,239,0,64,0,14,119,0,0,6913,9,46,5,20,67,15,18,12,48,3,7,99,4,17,367,0,3,49,18,5,3,18,0,0,120,0,183,16,1,12,10,1,2,105,58,291,10,8,6,6,36,99,22,0,14,8,18,3,19,9,3,12,0,62,2,74,0,37,27,27,58,0,4
cell_275,4,14,0,0,90,52,5,13,1,298,56,3,82,35,0,32,9,62,0,0,52,21,23,16,3,3,70,18,2,8,7,1,15,7,3,2,82,168,140,4,13,57,112,0,3,0,166,63,203,130,35,21,32,20,8,92,64,174,3591,177,23,67,3,29,31,75,32,27,142,6,45,31,17,302,20,41,7,385,13,2,5,1,130,14,510,0,168,60,0,0,0,6,144,260,24,4,34,17,0,38,8,7,23,1,28,68,149,116,19,32,6,14,55,7,59,6,24,40,0,45,8,56,7,35,234,4,3,0,17,14,30,21,81,9,3,111,108,10,3,130,68,56,3,0,0,93,18,41,77,6,0,0,61,7,38,5,4,69,37,121,0,48,6,18,0,11,4,7,0,304,13,15,751,2,83,4,37,364,0,21,16,17,7,17,10,1,2,133,10,56,7,53,15,10,58,167,52,332,16,20,2,22,5,24,82,200,87,45,32,15,4,31,3,6,4,7,14,34,10,3,0,11,6,73,25,56,1,8,1,146,43,0,84,121,2758,15,34,4,0,1296,24,31,1,3,31,4,0,26,10,21,2157,57,5,7,586,60,0,19,63,68,42,37,3,0,10,19,84,0,47,380,201,0,149,57,34,47,0,0,12,0,45,20,7537,323,2,67,88,15,1,24,2,37,23,0,23,41,101,125,43,9,12,36,6,42,0,0,0,119,34,28,129,10,0,19,49,15,22,28,34,23,44,5,18,820,58,24,7,0,4,935,4,23,14,202,61,16,0,37,1,36,1085,35,27,16,159,7,68,29,42,29,0,6,16,17,14,14,0,3,12,31,13,4,4,451,1,92,0,1,7,255,9,27,0,22,124,2,0,6,32,30,0,46,19,21,57,55,8,28,8,37,0,8,85,4,20595,13,59,5,25,45,50,246,6,0,116,6,11,108,109,32,0,60,1,0,44,16,22,126,407,16,0,0,5,15,4,79,10,4,159,3,37,5,90,184,4,10,7048,59,24,10,2,54,15,0,15,34,43,0,95,7,22,521,9,86,24,5,0,8,30,9,22,129,0,387,22,8,8,5,2,18,46,34,239,37,44,107,0,78,79,29,3,40,30,13,16,14,10,0,7,1,33,6,30,0,103,15,19,40,6,11
cell_276,2,18,19,0,135,38,18,31,4,109,45,4,50,3,0,14,55,97,0,4,131,89,14,0,20,6,106,17,0,0,10,0,20,2,0,1,47,597,58,2,0,81,127,0,1,15,123,35,27,85,38,23,0,13,1,34,2,152,2378,300,0,68,30,45,11,2,29,7,81,1,18,0,11,98,23,75,16,0,41,2,7,0,113,6,629,2,66,76,2,6,8,17,54,383,27,33,60,114,14,7,9,8,91,3,27,96,260,114,33,68,37,11,68,4,75,27,7,31,2,101,0,21,2,39,111,20,2,0,26,23,21,36,49,32,4,164,86,10,4,12,255,4,12,19,11,111,5,51,56,0,0,2,162,9,26,21,3,61,26,120,7,93,7,29,0,1,3,10,18,111,34,29,1141,2,51,8,14,514,1,54,0,7,0,6,31,9,37,48,2,21,27,147,20,14,10,27,45,715,8,108,1,13,2,5,69,5,2,51,6,63,2,36,40,14,15,10,3,43,0,43,13,8,3,64,55,46,12,5,32,68,77,13,34,124,2427,9,40,47,0,1144,28,35,6,0,112,19,2,38,12,1,6158,67,1,23,383,15,9,13,43,22,30,17,16,0,31,31,28,0,6,353,237,2,54,38,35,30,87,0,33,26,12,36,6250,359,5,50,110,21,2,37,0,16,21,0,27,36,108,304,31,5,35,23,43,6,3,0,2,122,21,55,62,73,0,26,88,6,35,8,105,16,29,3,11,907,32,28,0,19,13,496,30,71,41,204,68,16,0,1,1,56,1124,50,31,55,24,1,27,91,38,8,0,11,34,2,51,7,27,14,22,30,137,11,24,326,43,173,0,10,14,4,14,48,3,117,131,3,0,11,66,14,61,18,4,22,87,124,0,24,66,14,0,27,60,0,8894,2,101,21,18,52,178,149,12,0,106,4,6,8,40,0,55,7,0,2,117,6,12,18,380,20,32,0,24,25,4,3,8,0,253,0,85,2,67,145,38,0,13242,28,15,5,8,20,32,53,3,21,14,44,135,0,48,361,96,34,107,10,0,3,48,0,15,121,7,153,21,6,2,3,47,5,121,45,172,50,20,49,0,68,105,18,19,67,18,5,1,11,23,1,5,55,0,0,100,4,10,7,11,10,0,4
cell_277,0,13,6,2,100,34,12,51,23,82,14,10,9,20,0,12,14,17,0,64,42,29,14,0,16,28,2,123,1,5,7,0,7,27,1,4,25,290,107,2,0,88,7,2,8,16,54,43,52,97,60,12,23,0,1,1,16,231,2706,117,17,77,3,20,3,1,33,33,59,14,47,0,25,32,21,40,38,12,74,1,22,0,72,0,195,3,122,135,3,0,0,9,96,71,8,20,36,28,13,15,2,14,2,3,10,24,60,22,16,156,38,57,35,4,67,4,29,16,1,75,0,50,2,28,46,28,39,0,22,11,8,44,36,90,1,153,64,29,2,34,177,79,18,18,8,205,6,43,87,0,0,0,109,1,126,27,10,7,21,70,13,64,11,16,4,6,1,23,65,84,38,21,762,0,25,19,35,533,1,69,3,31,7,7,4,12,51,97,6,28,17,139,79,13,58,78,129,104,1,109,17,22,18,43,69,12,65,37,67,17,26,39,50,15,14,66,1,1,3,42,8,12,0,96,82,4,21,2,24,0,83,6,3,42,2374,15,6,42,0,1272,90,62,6,0,89,24,13,35,17,0,122,76,1,0,134,42,1,9,26,5,97,40,15,0,26,70,48,7,18,178,168,0,198,40,51,42,94,15,55,12,43,5,2917,246,19,29,197,15,0,75,1,2,41,0,5,40,44,83,49,9,20,40,22,102,7,3,42,9,61,22,89,25,0,69,83,28,67,25,96,29,62,15,36,98,22,33,6,20,10,263,16,9,18,70,52,9,3,10,0,4,2373,69,62,66,0,0,77,56,7,0,2,19,80,23,33,61,0,27,25,50,150,9,10,108,0,52,0,68,6,10,7,18,2,38,186,45,0,3,103,7,3,3,95,60,39,0,3,2,32,0,3,11,41,2,10012,1,51,12,19,56,182,29,28,11,44,22,10,20,46,3,25,42,0,21,0,7,6,60,82,26,26,3,69,0,2,7,30,0,211,0,92,7,37,89,1,0,7056,31,41,14,64,10,39,24,2,44,12,0,51,3,26,84,142,15,10,15,2,12,16,0,10,81,7,246,40,0,20,0,8,4,87,22,115,21,33,0,7,71,126,54,68,58,9,0,2,43,12,3,3,4,3,0,103,25,0,3,17,4,0,0
cell_278,0,13,10,0,93,29,11,20,6,160,54,0,66,27,1,33,35,6,0,0,119,89,8,12,12,10,172,6,3,0,6,1,31,0,0,0,4,357,56,0,3,53,76,0,10,0,28,73,209,79,39,34,14,7,23,4,13,170,2492,208,5,8,33,7,41,64,59,27,136,1,26,40,2,151,59,22,9,38,28,1,8,1,112,0,677,0,73,46,5,0,0,13,41,343,2,3,101,136,3,24,5,5,103,9,5,113,235,115,5,33,72,59,69,1,55,42,56,17,1,46,0,32,18,24,60,17,9,0,69,14,2,46,140,24,6,104,93,0,0,0,209,32,28,0,11,389,12,21,42,0,0,0,143,1,3,11,2,58,20,94,36,183,8,26,1,0,2,9,4,197,8,21,1085,0,57,8,8,506,0,45,0,35,7,30,31,6,21,127,0,37,10,11,9,0,33,58,34,246,40,32,2,15,0,6,82,29,29,33,65,18,5,13,20,0,33,77,16,5,10,25,0,4,5,82,50,138,10,0,12,6,20,9,118,131,2656,75,29,13,0,1265,24,62,0,3,89,17,0,28,14,0,5550,85,1,0,270,64,3,2,114,0,27,13,6,0,14,18,110,3,51,205,259,0,568,0,49,43,18,0,0,21,58,18,6262,375,8,19,266,24,18,47,9,18,24,0,52,30,101,7,30,2,7,10,10,62,0,4,1,0,48,35,128,3,1,72,87,31,36,48,102,14,49,4,33,793,18,47,11,22,7,547,4,4,30,181,54,12,0,29,1,22,1156,52,9,45,125,0,1,91,34,2,0,32,19,4,34,39,39,28,14,59,88,17,3,546,4,155,0,7,2,366,3,42,2,20,118,16,7,1,70,7,152,86,5,14,51,350,1,48,59,4,0,23,55,0,9995,3,101,13,16,36,222,45,25,0,107,5,9,2,37,0,0,11,46,33,0,2,17,0,462,30,24,0,9,19,4,27,10,12,274,2,66,3,61,48,4,0,13323,23,20,19,16,5,4,21,30,5,0,25,103,3,6,447,14,12,170,15,3,6,30,1,0,125,0,257,24,3,2,2,25,3,92,5,189,16,48,46,4,58,118,14,109,12,2,0,4,14,17,0,18,8,0,5,82,1,52,16,47,35,0,9
cell_279,357,30,27,68,69,35,1,21,2,17,72,2,67,12,0,29,13,96,0,11,189,72,5,18,13,1,125,50,0,1,5,78,25,2,1,0,53,261,119,0,7,62,0,2,3,42,125,68,221,162,35,0,0,14,8,45,18,50,3628,169,5,85,34,0,71,6,25,15,47,8,3,8,6,104,43,51,2,375,66,4,8,0,103,12,581,0,1,59,7,10,0,11,329,77,19,1,12,123,30,17,24,16,15,2,8,151,165,62,1,5,71,30,69,3,55,8,68,21,1,23,0,59,13,27,157,11,6,2,95,13,90,23,12,40,13,333,42,12,1,29,222,29,22,0,8,256,11,75,44,0,0,11,24,8,51,9,40,10,4,115,7,22,16,33,1,3,2,8,1,314,5,21,764,38,104,3,14,413,10,28,3,9,0,31,33,11,15,42,3,45,20,27,18,1,93,172,80,809,20,110,12,10,0,7,82,98,3,33,17,26,3,19,22,7,16,42,15,28,24,7,3,8,14,123,31,1,8,1,11,94,45,0,190,90,2658,39,1,62,2,1220,25,18,2,0,48,40,0,30,8,35,2237,88,0,0,543,17,49,0,27,22,50,7,4,0,0,21,9,39,38,235,118,4,149,0,30,48,24,65,23,22,45,48,7583,330,2,31,37,58,60,54,31,15,9,93,30,31,95,187,25,6,16,24,7,12,0,0,4,0,22,8,37,1,0,24,120,17,36,0,196,27,11,0,92,755,0,92,1,6,0,947,1,40,17,325,81,23,1,23,8,37,1104,42,29,24,294,0,25,116,0,9,0,19,35,6,59,13,51,4,22,22,202,58,1,511,74,163,4,13,31,94,0,37,5,198,120,30,6,2,14,38,85,45,6,6,12,20,0,19,22,23,0,20,116,0,22526,11,63,63,10,11,271,385,4,0,109,2,6,52,9,0,65,18,32,5,236,12,15,1,240,13,17,1,3,33,14,13,3,12,73,9,66,11,91,235,11,3,6638,66,0,8,58,28,6,2,8,117,23,30,64,7,46,413,51,11,116,12,5,12,68,6,10,147,4,135,18,14,6,19,62,0,64,50,39,16,5,48,2,56,113,34,31,26,2,1,15,2,12,0,16,15,18,1,26,4,45,6,3,77,0,9
cell_280,0,44,29,0,83,8,19,8,6,102,64,3,106,19,0,94,9,160,1,0,169,108,32,8,9,18,118,66,12,0,5,23,32,5,0,5,21,962,151,1,0,41,0,9,0,1,144,85,172,159,45,9,1,11,2,10,54,183,3750,272,12,23,18,30,11,15,27,28,151,8,1,3,6,103,27,55,28,293,39,4,10,0,130,11,507,0,107,70,3,2,5,21,355,826,17,11,11,153,21,42,5,13,8,0,4,126,162,125,7,15,23,42,64,6,53,12,12,24,1,27,0,123,4,24,169,2,1,0,15,25,72,54,18,49,2,303,95,20,0,0,218,48,18,6,9,294,25,8,69,0,1,0,151,9,13,5,0,15,25,120,4,115,4,16,1,2,12,6,14,273,10,26,805,25,65,5,29,387,25,22,3,3,0,3,8,12,19,171,9,19,1,54,27,45,94,161,71,516,10,88,1,20,13,21,68,64,80,55,12,13,9,34,18,12,19,50,17,27,0,24,10,3,0,116,31,10,22,4,39,7,10,11,142,109,2787,13,31,16,1,1353,22,17,6,0,81,10,1,31,10,0,2236,119,1,0,588,37,46,7,94,29,40,38,24,0,0,20,31,6,16,211,219,4,107,0,32,42,8,0,20,4,4,1,7746,376,4,4,56,7,0,52,53,35,15,5,1,25,56,196,41,10,4,31,23,15,0,0,0,11,19,17,53,22,0,56,120,10,46,36,98,23,39,3,25,827,26,39,2,19,3,1088,10,28,5,300,44,52,1,37,0,20,969,42,29,30,82,0,38,99,1,8,0,8,1,8,43,26,8,9,24,32,96,32,20,437,64,171,1,6,10,245,4,24,1,218,128,0,0,2,17,23,53,11,8,10,31,82,1,13,23,0,0,4,115,0,24201,15,51,47,27,67,323,400,14,26,102,13,4,94,100,0,37,11,0,84,0,1,1,53,110,17,27,0,34,7,1,25,7,0,185,1,53,6,93,244,0,0,6951,64,27,3,18,20,30,8,3,15,17,0,92,6,10,140,42,13,65,20,10,14,24,3,1,124,2,291,18,5,13,0,66,7,119,20,157,12,1,34,2,76,114,28,61,51,25,1,1,16,15,1,19,0,5,0,32,4,137,58,9,6,0,4
cell_281,0,13,0,17,72,38,13,23,28,78,63,4,104,69,0,44,14,71,2,0,190,63,5,3,23,0,42,102,3,1,5,0,1,0,0,0,0,575,134,1,1,52,202,2,28,47,145,84,249,128,40,15,14,9,1,22,17,194,3656,227,24,123,3,15,1,6,34,12,105,11,12,6,17,1,34,32,6,1,49,0,8,0,121,9,527,0,249,58,2,0,18,24,266,581,24,15,40,88,18,68,13,19,7,1,20,157,149,122,11,63,9,15,63,3,47,0,80,38,0,48,10,20,2,31,256,30,2,0,27,4,37,65,44,30,3,363,104,4,0,43,279,77,8,13,2,209,20,51,90,0,0,5,58,0,4,3,4,12,14,134,41,67,17,25,1,22,7,6,0,327,16,14,885,21,97,0,26,377,7,24,1,3,0,36,34,5,29,100,5,38,18,45,10,10,46,166,64,726,30,41,5,24,0,3,84,4,16,57,14,59,1,41,21,8,12,67,12,56,3,58,8,16,4,85,32,9,1,3,29,4,89,9,69,125,2637,23,23,10,0,1260,32,25,0,0,77,0,21,23,0,3,2380,52,0,0,561,57,2,0,66,64,49,27,10,0,29,14,29,12,3,446,172,0,174,0,39,43,126,0,9,0,43,0,7166,314,4,8,66,1,0,58,4,4,15,0,5,59,86,127,49,3,15,17,7,15,0,0,3,3,30,12,107,7,0,3,16,33,39,12,218,32,91,3,37,932,2,62,0,6,3,1041,7,41,27,233,94,17,5,33,6,22,1000,40,24,17,0,0,75,100,6,0,0,11,42,15,28,35,38,4,7,39,186,29,0,543,0,165,0,21,0,0,10,17,0,90,106,0,0,3,34,15,0,14,52,22,36,54,9,5,63,17,29,17,140,0,21511,3,53,76,23,68,269,396,13,1,127,2,5,89,66,5,12,57,0,5,142,4,43,123,306,12,13,2,41,19,5,49,13,3,207,1,64,0,113,133,0,4,7083,29,69,3,73,49,16,7,0,52,4,0,54,15,56,493,49,27,129,14,2,1,56,0,0,147,8,423,23,21,11,0,4,6,143,17,137,48,20,0,4,71,78,39,5,11,21,0,1,11,37,6,19,20,0,0,21,6,67,7,6,11,0,4
cell_282,0,7,11,17,76,8,5,38,16,303,96,10,76,37,0,34,32,18,0,3,225,56,15,6,18,4,147,16,4,11,3,77,21,1,16,10,1,601,140,1,192,56,0,0,52,20,194,118,205,125,38,13,17,39,0,21,0,172,3713,126,18,48,1,8,59,19,23,22,63,20,13,0,41,323,27,50,2,314,23,0,0,0,56,3,489,1,259,43,5,4,0,16,197,728,6,2,35,24,8,8,5,13,10,4,6,80,177,168,12,43,31,19,50,5,49,37,26,10,9,125,3,42,10,24,213,28,6,0,34,16,27,32,63,52,8,207,112,18,0,84,294,25,25,7,5,273,3,57,25,0,0,2,165,0,0,2,20,55,20,108,1,154,5,18,0,28,2,7,3,352,10,22,776,79,30,8,0,98,0,32,0,1,2,36,12,4,22,123,0,51,11,35,12,9,63,171,47,262,14,21,1,22,0,2,57,84,12,17,47,61,0,40,35,2,16,59,1,95,62,58,0,12,2,46,24,56,14,6,28,108,54,40,249,88,2759,30,9,8,0,1276,22,10,1,0,37,0,42,21,0,24,2238,26,0,4,661,52,1,0,94,19,33,22,9,0,28,7,126,0,39,427,232,0,175,0,37,40,50,0,18,2,36,122,7471,340,6,12,105,7,0,42,1,13,22,0,4,37,100,185,25,13,28,20,4,15,0,0,1,0,10,1,136,4,0,40,124,41,46,80,211,26,48,3,31,712,33,96,1,48,15,1056,4,2,18,248,80,17,0,17,0,42,1034,34,18,39,1,0,49,106,8,45,3,38,34,6,4,6,5,18,30,43,178,0,0,337,7,176,0,8,24,9,2,32,0,105,101,0,10,3,27,20,44,26,0,23,32,0,10,1,75,52,0,4,113,0,23026,0,54,40,20,48,247,341,29,0,102,0,14,104,55,10,16,8,0,0,0,12,8,0,366,10,3,2,30,30,5,48,26,0,226,4,69,2,64,164,13,5,7241,63,30,4,52,54,12,34,3,18,18,0,47,2,76,651,67,82,110,11,0,33,38,20,8,164,17,398,15,13,15,9,0,4,107,42,207,29,39,0,5,44,92,27,31,40,20,0,4,15,26,12,9,66,0,3,25,4,1,1,9,37,0,22
cell_283,1,0,2,19,67,15,22,50,26,190,66,1,99,54,0,135,26,148,1,6,219,88,52,19,27,0,49,8,5,14,7,0,23,8,24,86,3,1372,145,2,0,55,0,1,27,38,122,105,217,136,48,29,260,18,0,3,4,201,3629,94,9,97,31,50,25,9,41,32,119,23,3,0,13,208,23,43,14,0,35,10,4,0,111,8,493,0,261,58,6,0,0,0,251,701,5,30,47,143,34,14,5,6,4,6,13,139,192,134,14,48,40,70,52,0,73,14,51,23,1,49,3,1,7,34,269,27,6,4,44,16,6,29,21,50,4,557,139,0,0,0,326,46,13,13,3,285,39,61,49,0,0,0,147,0,3,3,79,19,22,123,29,0,4,19,0,18,3,2,8,320,31,24,1025,1,109,3,11,342,3,38,1,6,5,3,27,10,24,131,1,6,25,34,26,7,48,122,76,184,2,93,15,8,10,0,56,27,32,33,36,44,13,57,35,1,11,44,7,55,4,22,0,18,6,82,24,68,3,7,27,0,42,8,38,100,2588,47,14,6,1,1198,20,16,0,0,136,29,1,31,16,3,965,111,0,22,566,17,37,0,106,0,66,21,24,0,11,20,7,0,57,575,198,0,307,0,28,47,2,2,26,16,8,31,7243,376,9,11,58,30,0,54,0,12,23,12,3,53,110,14,42,7,18,34,14,18,15,10,1,66,36,1,139,12,0,50,65,37,57,22,109,22,97,3,36,683,9,46,2,26,4,847,7,13,5,254,83,26,2,32,0,12,940,43,26,30,0,0,58,110,24,0,10,14,33,15,44,8,6,22,18,47,135,52,0,383,37,177,1,10,1,0,6,24,0,170,95,48,20,13,61,7,14,13,8,10,66,11,4,2,56,0,0,9,51,0,21233,2,69,52,24,40,286,309,21,10,79,8,3,79,12,4,0,10,0,31,0,10,12,8,317,15,35,0,53,5,0,34,7,6,39,4,84,6,108,205,11,0,7507,12,84,1,28,1,27,26,10,18,5,0,94,0,56,304,70,25,53,15,0,16,35,3,10,124,3,94,25,3,4,0,1,1,88,12,158,13,11,15,6,63,84,26,0,14,11,0,0,18,4,0,8,29,8,11,57,4,28,4,10,14,1,4
cell_284,50,14,23,20,67,10,14,32,26,49,64,4,49,32,0,3,53,2,0,13,73,34,24,50,18,2,35,3,10,0,2,0,0,3,0,1,11,864,72,3,5,86,44,0,5,22,44,51,98,105,55,25,1,4,7,8,27,271,3532,149,21,37,21,7,53,0,40,25,71,5,16,0,7,23,65,9,5,0,29,1,11,0,85,3,298,0,325,49,1,0,0,26,163,118,5,1,15,151,21,17,13,11,35,1,12,74,250,48,4,58,21,34,51,8,61,23,43,30,0,12,1,102,3,23,78,2,11,0,10,11,0,35,5,51,4,306,43,10,2,0,238,89,11,6,23,285,10,10,47,0,0,0,117,1,0,3,14,4,15,72,5,123,5,35,4,66,10,7,5,106,47,23,985,3,27,24,8,892,25,30,11,15,1,43,31,10,25,154,5,30,18,26,38,0,52,114,133,192,9,87,6,8,7,0,54,35,66,37,60,37,1,22,36,1,14,90,12,15,30,45,4,2,2,54,44,4,6,1,28,97,41,6,99,73,3103,53,6,26,0,1322,58,15,0,0,95,5,0,24,7,1,1647,69,0,0,232,37,33,0,101,34,48,49,18,6,41,30,143,3,63,251,330,1,496,18,40,28,0,4,18,0,22,19,4031,384,2,7,47,2,2,60,5,5,20,2,2,25,26,61,36,3,12,21,38,60,0,2,1,167,37,10,104,0,0,71,67,58,41,0,115,25,55,5,28,676,48,51,22,29,1,423,8,47,38,115,79,24,1,20,0,8,1021,47,21,26,0,0,58,30,0,0,0,4,47,4,26,28,73,60,8,80,186,11,4,144,0,50,0,11,1,225,1,51,2,33,129,4,0,0,71,14,21,23,26,54,25,0,0,4,33,7,0,11,43,0,12622,4,80,21,3,40,234,63,23,15,78,21,13,8,27,0,0,13,0,18,0,10,64,34,161,24,16,0,40,7,10,6,33,6,140,15,45,0,42,41,38,0,13287,49,61,6,61,7,20,21,4,29,0,2,72,8,23,286,18,7,63,24,0,32,7,4,2,162,0,250,21,8,24,4,34,1,82,31,200,0,23,2,7,31,190,26,104,65,1,0,3,19,10,0,23,34,14,8,118,0,13,14,8,8,0,3
cell_285,1040,14,24,49,78,33,15,37,4,153,69,11,90,24,0,141,7,137,0,4,224,79,20,1,5,6,107,0,1,2,1,158,16,0,20,3,121,426,143,0,27,53,1,2,9,0,185,115,195,80,40,5,1,14,27,18,19,127,3453,202,0,24,30,22,114,43,30,12,122,8,4,3,8,249,18,78,7,487,56,1,9,1,121,2,470,1,0,35,3,0,10,21,428,524,8,12,48,140,33,77,2,5,10,11,14,133,171,151,9,38,118,20,62,4,31,16,17,5,5,46,0,62,10,39,118,33,22,0,11,19,38,3,16,33,1,89,93,12,2,0,176,8,42,0,2,280,31,22,49,4,0,6,177,11,21,12,8,17,13,113,1,113,7,17,0,1,6,2,3,290,12,16,923,8,6,34,35,407,2,28,0,3,0,21,26,1,26,199,5,14,12,97,28,18,67,120,17,554,28,81,0,10,1,53,71,120,63,50,29,7,5,21,37,13,41,23,18,6,4,15,2,11,4,97,29,6,16,0,23,89,71,8,155,93,3022,6,9,28,0,1414,35,19,0,0,66,64,2,34,15,0,2303,98,1,33,618,38,10,5,41,13,50,16,3,15,7,5,123,18,48,462,134,1,113,67,38,36,44,0,5,35,12,48,7865,276,7,5,26,18,0,37,9,32,21,0,9,11,132,95,32,2,10,23,32,28,0,0,18,93,33,29,15,12,0,54,107,18,35,12,70,23,50,11,2,793,17,96,2,57,32,704,8,16,28,295,72,12,1,11,8,73,1105,28,32,36,264,0,37,81,15,0,12,18,52,8,77,14,33,21,39,30,63,16,44,394,2,207,0,0,36,105,1,34,1,197,40,70,10,9,44,20,6,78,10,14,20,437,0,9,62,13,1,11,124,1,22099,6,60,42,16,41,318,238,2,13,62,21,16,111,1,0,11,1,56,69,0,0,30,0,308,2,4,0,29,7,0,2,2,4,116,10,88,4,92,92,0,1,6810,68,29,5,9,9,16,1,11,67,30,0,87,11,20,514,16,13,72,15,8,3,6,2,44,139,12,369,28,6,15,4,7,2,43,21,245,4,11,2,2,59,111,26,44,14,0,21,0,5,6,22,8,0,0,8,58,1,115,8,3,57,0,8
cell_286,76,4,0,0,109,41,1,61,0,36,66,27,29,16,0,39,43,12,0,13,61,33,33,2,15,3,63,14,22,4,10,104,48,9,0,14,5,45,89,10,0,78,37,1,2,42,56,59,102,89,80,8,6,5,61,10,12,181,2758,61,26,22,14,3,58,21,29,3,34,18,61,0,8,61,13,89,0,2,76,3,10,0,36,9,158,0,139,122,3,0,23,11,53,138,1,9,1,24,7,19,4,6,16,8,37,51,115,27,2,20,15,84,45,2,59,4,46,5,2,19,2,1,3,34,49,35,23,0,67,30,0,6,38,76,7,14,95,38,3,131,146,28,17,33,1,140,2,33,33,0,0,11,147,26,0,10,65,1,4,94,27,72,2,29,0,4,5,15,2,74,1,44,816,1,6,7,41,355,1,66,0,25,3,34,51,10,20,81,0,68,8,85,51,23,47,126,102,126,17,69,8,33,3,74,65,31,1,16,11,32,11,33,53,0,10,74,15,17,3,42,2,12,1,121,58,28,39,19,15,0,107,23,11,15,2760,47,0,7,1,1254,91,45,1,1,33,12,16,30,23,84,149,57,2,0,138,31,142,5,47,8,33,6,5,0,97,90,91,8,71,228,89,0,98,78,51,27,6,116,89,9,33,29,2878,232,6,17,314,11,3,51,3,7,48,2,41,44,71,75,45,4,73,53,58,3,0,0,21,1,39,32,44,10,0,37,49,55,44,10,92,28,52,4,42,218,4,41,5,16,1,229,2,5,4,77,73,18,1,16,6,62,2438,64,49,71,0,0,87,80,1,4,0,21,49,26,75,38,86,63,9,38,124,4,16,74,9,49,0,27,14,21,2,28,0,110,93,36,27,8,31,37,3,12,42,97,27,103,3,10,50,1,0,52,34,43,10292,1,49,36,14,63,169,70,11,1,41,4,10,34,25,4,5,16,1,0,35,9,15,24,160,47,9,0,26,13,15,5,29,0,126,5,90,7,53,116,8,0,6499,33,21,11,3,8,13,6,2,15,35,0,117,1,29,16,143,61,33,8,0,2,6,68,3,75,3,245,36,1,54,3,0,6,59,40,129,10,52,49,1,16,97,55,12,32,8,0,4,60,20,1,9,10,0,12,46,43,25,0,10,42,4,6
cell_287,0,22,1,2,95,3,21,8,12,39,92,12,59,17,0,66,5,88,0,12,57,75,21,83,16,1,36,23,3,11,7,10,27,0,0,6,42,728,159,8,46,69,10,2,8,0,96,125,226,140,31,7,5,24,1,37,7,153,3816,218,18,27,27,26,57,8,39,27,107,17,4,22,12,156,47,57,12,0,10,11,11,0,124,3,500,0,68,53,0,0,3,20,325,622,13,9,28,129,36,57,7,7,54,5,16,89,155,156,13,63,88,41,57,4,43,19,41,8,0,24,0,76,27,25,182,1,11,0,43,12,43,18,70,50,4,493,112,5,0,1,318,20,22,0,3,270,26,26,49,5,0,2,8,0,0,5,6,12,15,112,2,12,8,15,1,5,5,0,0,322,9,23,783,44,71,4,56,450,0,29,0,6,2,3,4,4,7,167,3,54,14,88,20,1,38,147,7,284,1,62,6,13,1,15,65,151,102,42,21,15,6,43,14,15,10,38,34,28,6,16,9,13,0,62,26,16,23,1,5,0,62,22,43,84,2521,9,34,3,0,1301,24,21,0,0,47,53,17,23,8,0,2435,137,3,0,608,53,32,2,75,51,53,17,18,0,1,1,79,2,47,113,185,7,39,36,42,40,14,0,7,4,23,3,7834,295,5,22,155,3,0,22,0,19,11,0,82,22,65,319,37,3,25,49,18,44,0,13,6,111,30,25,132,9,0,36,101,11,44,4,31,30,44,2,34,903,24,83,3,24,1,984,9,9,41,284,38,17,0,14,3,15,1211,48,18,42,221,0,74,99,69,0,1,5,47,9,16,30,14,23,19,48,204,42,30,428,4,159,5,3,19,205,5,16,0,121,110,29,10,2,40,27,75,11,33,5,45,55,3,4,22,8,0,0,34,0,21960,7,52,67,31,23,347,410,12,23,108,3,17,88,0,32,46,9,1,16,0,4,7,182,281,7,13,0,19,0,7,92,37,0,241,23,112,11,77,225,1,1,7277,70,43,3,24,51,31,3,10,80,13,0,91,2,42,571,46,46,44,16,0,9,43,0,2,146,12,100,23,5,2,9,0,2,82,8,239,65,13,0,3,80,79,34,0,35,23,0,0,2,1,2,19,14,1,0,20,0,142,4,10,3,6,0
cell_288,707,17,107,1,93,28,2,37,7,52,131,21,22,8,2,10,18,100,1,5,123,88,11,1,44,1,89,1,7,2,5,101,25,4,0,0,86,212,53,7,2,54,13,1,6,16,125,67,156,73,38,15,12,12,19,13,1,190,2628,186,5,136,26,2,67,9,14,23,131,14,23,6,12,171,71,26,5,400,26,1,5,1,114,5,360,0,114,50,0,0,17,42,209,249,17,17,11,94,44,35,4,4,8,6,10,31,233,114,8,11,52,16,73,3,37,6,29,6,5,36,0,8,10,30,143,25,21,0,15,38,18,0,94,34,2,109,88,0,0,86,210,47,21,0,0,54,17,48,66,0,0,14,158,18,0,20,26,12,18,117,24,155,5,21,0,5,1,13,11,168,49,20,969,24,25,0,37,508,10,41,2,25,8,15,60,4,24,116,28,11,28,239,6,0,33,29,31,579,1,109,2,20,3,19,74,39,2,34,20,55,19,17,46,0,27,35,0,51,4,41,25,9,1,73,60,28,0,14,4,109,79,4,21,88,3264,23,34,0,0,1430,26,52,0,0,71,62,13,23,1,9,5399,56,11,33,317,56,41,0,127,13,41,9,6,0,22,16,30,0,37,346,176,5,164,60,45,29,127,0,45,48,33,5,6319,371,6,45,199,9,47,31,10,8,17,6,5,49,57,288,38,4,24,18,40,9,0,14,2,1,38,1,31,17,0,20,67,28,30,32,176,10,22,8,25,971,11,40,2,47,5,238,23,30,7,199,63,18,1,12,5,55,1197,45,12,46,148,0,46,75,10,1,2,0,46,24,117,27,24,13,0,59,156,3,7,412,47,148,0,7,10,410,4,46,1,116,181,0,0,7,26,9,8,24,1,14,59,168,0,16,22,5,8,8,53,23,10036,2,81,20,18,23,226,104,4,0,16,3,8,24,2,21,22,9,0,0,0,6,15,53,338,32,7,0,27,13,4,2,23,0,313,12,69,3,68,154,33,0,11968,45,37,6,15,41,12,19,7,7,5,0,113,0,42,292,94,66,82,13,6,9,28,39,0,33,0,202,32,7,17,9,59,0,64,27,200,52,1,27,2,29,145,16,0,27,5,3,1,9,9,6,13,52,5,24,40,1,53,3,7,43,8,4
cell_289,1,14,24,4,152,1,14,84,23,23,125,0,57,30,0,21,41,120,0,1,14,58,11,6,1,3,38,40,2,12,3,12,5,2,0,30,51,85,90,2,43,79,274,5,14,0,20,79,81,84,45,39,0,4,4,14,11,195,1973,188,2,75,2,60,36,5,28,19,72,6,6,5,12,166,50,96,19,182,3,1,1,0,61,1,523,1,161,78,2,6,0,18,102,255,11,36,21,183,110,67,1,2,20,10,5,56,96,41,4,56,29,1,63,27,58,19,1,4,0,74,0,14,6,7,21,0,17,0,33,18,80,10,55,35,2,109,61,31,0,66,203,57,36,2,2,133,26,60,84,0,0,4,163,3,115,11,14,0,24,153,10,139,4,41,1,10,8,3,28,26,66,25,845,22,49,2,15,483,0,73,6,2,1,13,7,4,42,115,41,45,28,42,17,27,40,133,28,429,152,92,0,22,5,10,64,162,9,84,7,47,4,14,21,16,18,0,6,38,1,52,31,11,2,72,44,119,6,11,0,0,144,14,38,65,2655,5,12,2,1,1391,44,67,1,2,139,31,99,23,21,0,8966,10,0,19,168,106,14,1,234,7,57,27,20,0,41,33,0,3,20,417,353,10,220,0,41,31,6,0,42,30,32,30,6341,369,5,45,12,6,8,10,15,7,24,0,9,24,84,226,21,5,20,16,18,71,0,0,0,179,42,23,61,76,0,84,105,18,29,8,36,18,81,5,12,1201,265,30,1,40,40,916,7,51,10,80,69,28,3,8,12,30,873,95,72,90,0,0,44,124,17,3,2,20,63,25,118,11,37,11,15,135,279,8,1,140,10,91,0,17,49,3,1,127,3,88,186,0,7,5,102,11,10,15,4,79,43,14,3,26,29,12,0,19,140,0,13764,6,111,7,12,61,236,187,20,13,117,8,8,77,19,102,25,0,8,62,0,13,41,17,383,5,20,2,26,0,6,15,44,2,162,29,116,1,80,142,37,0,11831,26,76,7,32,69,27,2,2,57,20,31,59,13,38,156,40,0,12,11,0,2,15,12,3,62,10,95,34,7,2,8,36,1,120,31,201,10,15,0,1,39,156,23,0,115,8,2,0,14,5,0,30,12,5,5,146,1,35,2,10,2,0,2
cell_290,4,4,68,4,84,6,11,16,8,125,80,23,65,14,0,72,47,51,0,7,107,49,10,12,3,6,68,31,3,12,0,55,0,9,17,0,52,630,82,0,106,112,153,0,14,0,25,47,53,119,51,10,70,0,2,10,16,255,2965,137,6,117,31,40,37,2,34,27,77,6,10,0,16,116,79,98,15,0,56,0,10,0,70,9,334,5,29,61,0,7,11,4,205,176,3,58,7,166,109,2,5,10,0,11,5,60,282,56,8,87,17,7,56,5,62,62,14,44,0,15,0,58,7,25,82,0,4,0,34,24,3,42,41,9,2,245,79,15,0,0,188,108,5,2,0,249,11,47,65,0,0,0,135,2,77,30,7,6,24,78,0,100,8,39,0,18,17,18,15,49,58,17,1015,3,105,30,24,734,3,22,0,3,0,4,70,3,38,103,25,39,25,186,38,15,58,70,150,151,5,54,4,16,0,38,67,41,99,38,25,45,10,14,27,15,15,99,1,23,10,22,16,2,7,68,40,131,1,6,8,0,33,14,28,51,3367,20,24,0,5,1289,55,33,2,0,70,69,19,31,5,4,1317,36,2,0,228,0,35,8,74,11,46,84,21,1,34,29,0,6,53,378,336,1,175,44,31,30,105,0,19,36,15,1,4263,426,6,19,283,63,19,57,11,13,24,4,0,43,46,44,35,9,7,5,46,8,0,3,15,114,53,41,68,49,0,75,95,30,37,0,92,21,36,3,10,801,1,64,42,7,6,19,2,19,8,87,14,16,0,37,6,6,1087,45,20,82,0,0,14,89,37,2,0,7,57,38,44,17,1,25,14,89,250,6,5,177,4,38,0,1,30,280,9,59,11,60,156,1,1,9,39,11,52,82,56,51,57,64,0,51,11,23,0,8,74,8,12726,2,88,13,16,48,228,92,8,2,83,20,2,22,0,0,33,9,83,13,0,0,24,0,168,30,11,1,48,9,0,0,9,2,282,4,99,3,56,142,2,3,12142,54,18,3,11,22,13,1,2,29,1,2,122,6,47,203,100,0,51,16,0,0,15,18,0,125,2,217,22,7,9,0,111,0,127,7,131,39,25,71,8,52,151,25,1,31,0,3,0,25,24,1,21,2,1,3,58,1,25,7,48,18,0,10
cell_291,0,1,39,0,177,6,12,12,25,65,112,6,45,27,2,38,46,97,0,39,30,49,15,10,4,0,23,102,7,1,6,0,0,9,2,123,96,1168,96,12,0,81,318,4,4,0,140,81,138,96,39,58,64,2,9,1,6,231,2129,45,5,84,11,8,36,17,13,35,34,7,33,5,15,107,15,83,5,29,30,0,15,11,131,0,786,0,282,85,0,0,1,18,67,115,5,45,23,159,79,0,3,13,4,0,14,14,169,33,1,79,24,4,87,6,52,2,16,10,0,29,6,6,6,19,115,39,4,1,18,36,24,43,19,41,3,133,70,3,4,14,190,48,3,0,0,203,6,28,49,9,0,0,171,16,158,19,7,1,35,178,0,130,8,48,0,23,0,12,7,27,76,25,753,11,91,7,22,434,0,74,1,16,9,6,13,10,23,24,126,25,23,172,12,7,89,156,78,1674,17,70,2,18,0,0,72,182,79,91,23,76,5,7,21,12,4,76,1,8,14,69,22,9,2,71,32,10,0,19,21,0,109,73,20,48,2305,35,15,9,0,1324,41,154,5,1,44,27,0,24,10,11,6570,38,6,0,182,101,0,2,46,22,78,37,17,34,0,57,7,5,32,621,419,5,290,73,44,41,28,2,32,31,23,19,6559,346,3,31,78,13,0,23,11,20,24,0,9,64,85,273,27,6,5,24,20,18,47,16,17,15,46,6,92,8,0,60,73,48,30,0,94,15,70,3,8,1331,41,15,131,16,9,775,15,97,18,126,77,31,0,12,2,3,937,84,26,68,24,0,33,126,10,1,0,3,54,52,21,49,17,20,4,172,212,13,6,253,36,58,0,9,23,543,45,136,5,146,160,0,0,1,128,19,6,41,51,51,88,24,6,9,37,6,0,13,111,47,13953,8,115,10,15,50,198,206,16,3,95,5,4,45,34,47,34,4,0,49,222,21,22,90,363,19,10,2,36,1,1,18,5,0,156,9,46,2,93,128,0,11,12225,36,42,6,26,7,8,41,6,14,12,4,72,24,51,217,141,38,79,14,2,0,18,1,7,59,0,154,35,17,27,1,49,4,104,39,125,35,3,0,5,53,140,18,2,11,1,2,0,14,40,0,1,21,0,0,75,3,9,0,30,7,2,3
cell_292,0,26,38,16,168,12,16,58,47,76,121,1,68,87,0,25,48,30,4,14,48,31,8,11,14,0,0,5,1,1,3,0,19,1,0,0,81,523,101,0,0,80,259,0,9,2,143,72,133,89,43,7,27,16,3,10,7,218,2264,223,2,55,37,36,24,20,29,15,75,11,7,16,1,328,66,31,30,5,24,0,8,0,127,0,789,0,145,65,3,0,0,49,63,255,5,33,19,92,29,46,0,1,39,6,13,54,228,41,0,74,62,1,84,8,36,0,58,7,0,15,1,12,2,18,202,45,3,0,22,4,34,19,52,44,3,0,61,23,1,0,171,38,18,2,5,212,17,35,93,0,0,1,177,10,16,36,7,4,12,123,5,229,5,55,2,12,5,30,1,34,36,27,622,8,9,4,7,566,3,76,4,9,0,10,34,0,9,88,10,33,15,37,1,0,78,197,25,1560,33,58,0,13,0,9,66,76,45,82,1,36,10,24,26,12,19,58,2,20,4,18,9,7,8,96,45,124,0,5,12,16,51,101,64,92,2457,7,33,7,2,1358,44,124,2,0,161,51,2,20,8,24,8373,20,5,1,189,115,6,2,183,1,89,49,4,27,44,52,126,13,19,806,396,0,907,10,41,34,0,0,32,4,54,174,6429,371,14,13,231,14,3,43,32,7,29,0,30,39,28,121,25,8,26,27,12,53,0,3,3,0,53,24,93,15,0,100,91,78,19,1,123,22,11,14,17,1248,31,48,67,54,11,857,7,65,18,122,84,13,0,40,5,25,969,84,86,42,2,1,61,65,68,1,0,8,84,38,77,29,25,27,21,162,259,3,1,338,9,69,0,18,11,666,19,131,5,166,181,1,0,7,114,10,66,19,103,8,42,206,2,1,66,6,0,25,63,0,13810,7,96,16,9,54,238,150,11,0,135,4,1,42,8,41,0,1,0,23,0,6,59,49,442,38,16,0,31,5,1,12,14,10,145,28,109,0,59,126,4,0,11768,15,48,2,2,0,26,12,17,38,5,10,104,8,22,45,113,68,81,13,9,12,6,20,5,59,0,160,31,6,8,0,45,0,77,48,220,3,11,1,0,108,111,23,5,23,2,0,0,28,36,0,4,17,78,6,99,2,0,3,15,4,1,5
cell_293,3,24,47,4,103,21,8,7,2,22,118,20,61,4,0,5,70,94,0,0,110,67,51,24,4,1,74,21,3,0,3,53,14,2,0,8,12,53,71,1,0,65,42,0,1,20,92,64,198,105,35,4,0,12,0,13,4,154,2669,135,17,95,2,10,76,1,88,29,103,9,6,2,10,131,5,51,10,53,32,4,3,8,116,0,594,0,35,72,7,0,1,30,108,463,7,38,20,96,20,6,9,21,87,1,6,97,230,117,3,75,17,56,70,5,61,33,54,20,1,12,0,10,9,39,134,9,3,0,28,45,9,11,54,34,9,174,60,10,0,55,204,27,26,3,0,407,11,46,3,0,0,0,175,16,0,19,15,10,15,79,33,160,14,25,0,1,0,2,0,224,23,22,895,15,67,2,16,438,0,52,1,10,0,18,6,1,4,114,2,52,22,35,22,9,40,45,41,1072,2,133,6,20,0,29,65,28,53,63,33,59,7,13,37,1,16,93,20,14,0,10,3,5,2,71,48,25,2,13,5,5,53,35,33,112,2466,21,15,0,0,1109,22,38,4,0,11,0,3,32,1,3,6144,117,3,2,408,25,47,11,59,37,49,31,10,0,12,17,89,0,62,158,207,0,293,74,46,34,81,0,6,0,50,0,6164,363,2,19,82,27,6,22,58,15,14,0,3,34,62,169,19,10,31,20,36,2,1,2,3,78,41,38,140,3,0,11,63,28,21,18,96,26,34,3,29,1010,31,108,4,4,5,543,12,0,5,192,34,5,1,25,1,21,1306,39,30,56,40,0,55,82,4,2,6,12,42,7,107,7,5,10,17,40,158,13,2,525,57,166,0,5,21,421,7,42,1,111,108,16,4,13,29,5,51,40,0,29,50,168,3,24,19,6,0,18,68,59,9496,8,74,26,14,32,215,141,7,4,70,1,16,16,9,0,15,7,0,0,0,3,17,1,459,27,24,0,3,10,11,24,19,3,361,1,58,12,56,110,2,0,13978,56,42,7,20,68,33,0,12,36,16,13,106,1,50,262,58,48,88,7,0,42,32,8,0,125,0,271,26,1,7,18,0,2,115,42,193,37,9,15,0,67,90,14,110,61,3,1,4,7,23,2,11,5,0,0,6,0,12,10,17,47,9,8
cell_294,1,9,20,0,89,2,1,66,9,280,105,8,73,54,0,53,55,68,0,0,78,82,28,1,17,5,60,51,3,0,1,26,11,1,13,0,6,44,57,3,12,72,0,1,0,20,143,63,218,79,43,1,0,5,2,25,2,247,2461,233,8,156,13,19,64,7,48,4,136,24,11,0,6,33,17,83,9,302,21,4,2,0,132,7,533,0,99,69,2,0,7,40,94,277,4,23,41,21,21,111,7,0,11,1,6,16,246,94,6,29,15,24,63,0,72,0,8,23,0,57,10,73,4,21,96,38,3,0,46,31,13,11,115,32,2,506,99,32,1,77,178,81,55,54,24,343,4,45,24,0,0,7,114,1,3,9,9,32,5,131,16,191,7,30,3,2,6,19,3,117,4,29,933,5,75,4,32,513,4,44,0,4,0,50,11,8,39,129,2,86,17,59,12,2,57,53,105,1032,9,106,1,16,0,38,69,76,45,19,1,36,1,27,49,9,10,38,2,11,4,35,1,8,6,75,52,42,3,13,21,0,53,14,45,117,2808,15,39,11,0,1184,18,43,3,1,33,86,4,29,12,24,5701,69,3,0,423,57,69,0,118,21,63,34,1,0,9,27,164,4,31,185,225,0,149,3,46,27,9,2,12,9,6,39,6050,393,3,8,340,20,0,39,24,10,16,3,98,31,55,39,35,12,9,17,16,16,0,0,2,3,21,29,68,3,0,50,74,0,35,7,190,23,86,10,41,989,40,72,2,10,11,456,2,64,42,211,85,29,7,58,6,33,993,50,31,27,140,1,45,76,0,4,0,45,39,7,65,5,32,22,37,45,163,7,0,471,39,141,0,16,30,152,30,28,0,67,145,6,22,11,66,14,43,12,14,10,39,0,1,3,47,0,0,59,64,1,8978,11,104,21,14,45,194,196,15,2,94,4,7,106,91,0,0,15,0,7,25,1,34,3,472,21,25,0,16,7,6,20,2,1,230,0,70,0,65,23,16,0,12275,79,42,2,50,20,7,16,6,72,49,0,110,11,52,243,89,89,106,23,0,7,30,15,5,143,7,289,27,2,29,0,32,4,88,25,154,64,34,0,4,66,95,16,1,36,8,4,1,17,38,1,9,2,0,4,82,0,39,5,27,62,0,2
cell_295,0,0,4,18,84,6,5,57,7,22,81,9,42,28,0,18,47,36,0,17,10,44,7,15,8,4,76,131,1,14,1,21,16,6,33,52,0,39,101,0,0,35,0,1,2,16,87,40,57,98,86,10,0,13,3,1,28,207,2902,88,3,80,1,5,62,0,18,39,54,7,6,4,2,22,54,82,11,119,67,2,6,4,71,8,152,0,158,136,1,0,7,2,123,99,6,10,41,87,17,23,4,3,4,4,26,32,56,38,24,101,26,67,37,6,76,18,11,24,0,44,0,55,2,6,52,3,16,1,27,8,85,8,53,74,10,50,57,23,2,52,151,45,40,27,23,200,3,49,47,0,0,2,108,13,0,18,8,4,2,77,15,55,1,15,2,66,10,7,8,78,7,52,721,3,16,2,37,490,6,70,18,22,0,37,27,8,56,116,8,88,32,26,39,71,43,64,44,192,25,110,1,25,5,4,66,58,0,39,68,40,19,19,46,11,11,84,3,14,2,40,15,7,3,93,42,1,1,17,1,16,43,7,93,35,2780,27,12,18,0,1355,103,67,6,2,34,5,5,39,18,0,183,64,6,13,157,39,22,10,42,92,44,14,10,0,70,17,33,20,86,263,208,0,75,0,47,34,106,25,53,8,1,11,2909,226,7,19,452,5,0,19,37,3,30,0,21,7,35,38,21,5,44,44,16,41,0,0,26,121,10,14,44,31,0,47,59,50,51,18,79,21,83,4,4,231,30,79,1,6,0,255,3,83,1,88,45,23,1,60,13,45,2067,73,49,83,1,0,87,63,0,6,0,5,68,9,5,43,12,34,9,42,104,22,7,76,49,52,0,53,33,0,29,31,2,43,151,1,21,9,106,12,23,7,29,96,10,141,1,22,38,5,0,15,48,0,9876,16,54,26,19,77,200,78,13,1,45,12,17,111,25,27,3,2,0,8,0,19,9,4,105,32,22,1,56,2,7,20,30,16,280,0,86,12,53,42,0,0,6775,35,41,6,76,32,32,0,5,65,31,6,84,4,9,84,13,66,3,20,0,12,19,20,7,78,24,228,44,18,19,6,3,10,96,18,127,29,19,44,0,29,179,53,15,91,10,1,0,16,0,0,26,8,1,1,80,5,36,0,6,41,3,0
cell_296,126,32,4,50,121,14,1,41,30,62,38,2,61,54,0,69,56,65,0,11,104,71,7,0,12,0,0,6,5,11,1,4,7,3,0,132,21,85,54,2,40,79,65,3,1,5,127,77,208,81,27,13,1,9,0,34,13,140,2556,288,21,146,25,17,49,5,40,34,109,41,6,9,2,56,39,89,2,330,31,4,1,0,51,3,607,2,66,45,0,0,2,14,173,137,6,4,32,128,111,15,4,6,0,4,9,75,224,100,5,13,8,9,70,0,59,2,26,3,0,29,7,21,20,20,66,24,5,0,16,26,51,6,71,41,3,67,90,12,0,1,248,29,9,3,15,263,8,42,4,0,4,0,154,8,0,1,12,4,32,133,26,181,10,25,0,5,3,23,17,177,64,18,992,16,129,15,22,344,5,43,4,2,0,8,54,4,28,79,7,51,37,37,19,21,44,33,64,727,9,101,1,10,0,0,64,28,18,26,16,46,4,27,49,1,6,90,5,66,18,12,9,12,5,80,52,33,3,16,18,20,156,21,16,61,2676,23,7,13,0,1201,33,10,0,0,32,17,23,24,6,5,5498,78,0,0,412,13,68,0,70,10,41,21,18,5,22,7,19,8,54,11,254,0,161,61,46,29,91,0,23,2,9,9,6496,397,8,21,0,21,0,30,8,1,19,0,3,40,132,200,31,3,8,14,48,44,2,0,13,94,6,2,110,12,0,63,94,11,12,1,50,20,57,3,37,1020,13,34,1,32,8,507,3,49,15,197,101,8,3,20,3,6,1012,34,32,43,0,2,37,92,2,9,0,3,61,20,94,49,83,6,34,41,194,7,9,437,42,147,0,11,0,399,26,52,3,127,93,32,4,2,51,14,55,56,14,37,73,0,4,1,31,13,0,2,55,0,9402,6,87,25,14,33,203,170,11,17,112,2,10,100,34,52,3,8,0,20,0,1,16,19,474,21,8,1,25,1,4,30,7,1,150,3,99,0,54,93,18,7,12629,24,66,2,56,40,24,43,2,21,18,0,105,4,62,417,86,32,106,6,0,7,22,36,0,130,2,147,39,15,3,1,18,2,102,31,141,21,19,0,1,9,97,13,0,57,6,7,0,12,18,0,19,8,51,1,86,3,111,2,23,44,0,6
cell_297,0,30,6,19,66,31,2,82,5,0,106,8,107,29,0,101,15,170,51,7,32,82,54,0,3,5,0,72,1,4,2,103,4,6,0,4,130,229,103,5,1,55,71,7,33,139,177,104,267,146,38,1,0,28,1,46,0,230,3636,152,4,108,15,17,42,0,11,14,74,3,18,16,4,222,41,51,25,106,43,5,16,16,84,9,488,0,45,77,1,0,0,50,246,802,4,11,30,142,19,64,4,3,0,8,13,137,115,143,1,56,11,36,68,2,87,4,61,24,0,38,0,26,27,33,178,13,5,9,59,17,3,17,44,47,8,125,100,3,0,48,274,52,18,1,4,331,1,22,36,1,0,3,153,1,0,4,19,2,6,100,25,61,3,18,1,37,6,4,10,216,33,15,904,7,51,1,54,376,4,30,25,18,0,26,28,5,15,179,0,33,14,98,15,4,44,130,129,933,6,118,0,12,0,0,85,22,15,43,4,50,6,44,32,1,15,42,5,1,0,10,16,4,4,102,46,7,4,0,25,0,17,8,49,132,2843,35,9,4,0,1278,28,29,3,0,19,23,0,37,33,0,1998,88,1,7,635,16,37,2,51,98,44,18,24,1,32,13,0,5,9,526,214,0,217,0,27,37,125,0,17,27,18,11,7351,309,4,31,83,31,7,57,5,9,16,0,3,40,48,114,43,0,3,23,15,21,0,2,8,21,32,7,7,0,0,48,137,37,38,4,137,27,129,1,67,670,32,35,0,66,0,947,4,6,16,215,67,17,7,27,2,0,1060,37,14,27,135,7,71,95,0,4,0,5,49,5,61,23,65,17,0,23,199,33,9,391,36,185,0,15,19,270,6,27,8,79,101,6,17,11,51,22,46,9,3,23,44,0,1,0,11,4,0,2,31,0,21838,3,56,67,20,22,247,188,11,15,110,7,5,37,0,5,13,4,0,8,0,4,29,21,95,0,6,4,27,0,4,58,3,2,342,6,56,0,99,69,7,2,6844,30,61,12,15,32,16,0,5,49,32,0,59,19,36,203,75,28,20,9,3,4,78,3,0,93,0,359,18,37,10,34,33,0,81,17,227,15,2,0,1,61,99,26,7,40,2,17,8,5,7,3,11,16,0,16,49,0,73,24,15,40,2,2
cell_298,0,0,12,3,63,56,1,50,6,124,101,0,92,28,0,48,17,67,0,2,191,70,16,8,38,2,90,32,3,13,11,46,31,6,2,67,94,609,127,5,5,54,0,1,2,8,164,103,108,130,40,3,0,4,4,20,18,168,3601,85,1,17,0,0,42,20,37,5,78,8,4,3,4,203,22,40,15,7,72,8,2,0,145,2,495,3,128,28,8,0,0,2,101,693,5,10,9,94,11,59,6,21,96,1,6,97,182,128,12,120,21,66,56,0,38,6,20,20,0,40,0,41,27,23,233,61,2,0,43,26,12,29,47,38,0,92,110,19,0,0,333,14,14,36,9,140,15,38,113,1,0,5,152,6,41,8,0,100,0,112,11,94,3,4,0,3,10,14,15,324,38,12,942,1,50,3,43,383,3,26,0,9,10,17,29,7,25,163,3,45,2,29,30,10,90,29,57,174,62,119,20,16,0,24,97,77,73,56,34,64,26,57,20,12,14,39,8,79,10,59,1,6,5,76,26,55,13,0,15,31,60,31,106,123,2211,6,18,0,0,1135,23,34,2,3,77,6,2,26,1,1,2326,97,4,76,630,46,1,5,77,0,32,13,4,0,25,8,28,0,43,323,143,0,109,44,29,30,0,6,10,12,26,8,7539,382,1,63,265,3,66,51,0,15,19,0,9,25,124,296,23,7,37,24,7,34,6,0,54,1,25,20,40,28,0,17,114,21,30,24,103,22,21,0,57,530,23,96,4,76,4,986,6,10,0,185,49,7,1,12,10,11,1102,35,25,47,0,0,64,108,22,42,0,35,66,9,0,25,0,9,1,15,165,5,19,244,6,178,4,1,9,0,0,27,3,38,88,6,13,13,25,11,5,45,14,28,60,128,0,43,39,0,0,30,69,2,21058,2,55,20,16,52,258,90,6,1,103,4,13,65,99,3,2,35,6,1,13,2,2,0,79,10,88,1,20,9,2,12,6,3,34,3,91,14,105,155,22,0,7765,49,13,3,9,67,22,17,3,32,2,0,36,0,75,361,23,28,20,10,1,56,18,16,24,103,0,179,26,0,4,25,16,2,73,34,242,10,43,4,0,36,74,28,0,50,11,0,10,14,0,6,3,57,100,6,45,5,171,2,26,35,0,3
cell_299,5,10,1,8,95,18,2,71,8,91,56,0,32,43,0,62,30,2,0,5,190,76,70,0,4,0,112,31,0,7,4,93,10,1,5,95,91,149,112,1,71,48,51,0,4,47,36,117,211,136,29,5,0,22,1,22,16,149,3557,179,15,28,21,11,3,4,15,20,134,16,29,17,10,222,26,69,6,12,69,0,2,0,142,7,410,6,13,62,0,0,0,24,367,762,4,18,114,105,82,70,3,3,12,9,6,54,104,38,17,39,32,7,43,0,32,0,52,7,0,55,0,106,26,39,132,1,8,0,41,4,45,13,95,30,4,596,115,8,0,0,211,28,16,5,7,234,24,15,11,0,0,1,114,13,47,3,17,23,26,127,17,193,0,15,0,9,3,2,11,269,23,20,860,0,104,4,25,289,5,22,4,31,1,27,15,8,29,152,17,52,17,118,5,0,79,96,67,406,109,53,4,15,7,0,64,76,81,16,8,16,8,29,31,0,25,76,2,31,18,5,1,4,10,84,22,1,2,12,5,39,55,3,112,66,2799,26,2,10,5,1228,19,22,0,0,180,51,0,30,10,17,2319,68,0,11,563,56,23,2,40,21,50,17,15,0,11,21,14,29,48,536,213,0,189,27,15,64,0,0,0,37,48,8,7840,404,8,18,44,26,0,52,8,13,19,162,105,2,85,186,35,16,12,25,23,77,37,17,1,98,11,35,76,0,0,59,119,13,48,13,147,28,66,14,10,238,13,12,13,15,2,820,7,1,17,194,15,12,13,1,0,4,1101,24,22,26,0,15,32,92,100,25,0,2,61,18,6,9,105,24,32,37,204,9,17,607,0,181,0,8,27,244,2,29,7,141,133,13,1,6,36,18,163,50,17,19,79,326,0,5,23,8,2,5,63,4,19592,15,71,40,16,63,274,292,4,2,81,1,10,28,17,0,0,22,6,23,0,7,9,1,399,25,8,0,42,0,3,101,9,0,171,11,73,5,20,204,0,0,7218,41,26,5,25,13,19,16,29,24,16,22,59,8,27,262,58,8,76,13,0,4,9,17,14,88,1,168,26,3,3,9,7,0,114,34,217,8,34,65,1,27,66,14,42,25,5,10,5,10,18,4,17,5,8,10,28,2,28,6,27,68,0,3
cell_300,1135,7,0,39,63,8,0,39,28,126,74,20,23,45,0,148,12,4,0,22,189,7,38,6,29,2,192,53,1,9,4,150,7,0,1,0,77,78,155,2,12,76,0,0,6,86,106,106,230,140,40,5,1,32,8,18,5,176,3677,90,13,161,37,6,4,20,30,12,128,20,2,0,3,89,35,35,19,383,53,0,3,0,101,0,458,0,212,45,4,0,9,2,67,191,13,6,3,36,30,7,28,8,5,10,50,121,150,119,30,40,65,71,57,11,56,0,71,14,0,29,5,56,3,31,190,75,5,0,36,16,83,14,17,57,3,280,13,20,0,8,239,34,22,24,5,218,21,52,36,0,0,0,86,15,0,13,10,44,4,102,1,209,11,17,0,33,3,3,0,300,26,27,853,44,61,10,6,283,1,37,12,34,0,45,3,9,6,44,0,40,23,40,21,2,90,110,65,214,15,114,2,13,0,4,85,39,13,23,8,45,7,52,35,0,2,41,3,40,10,25,6,4,2,87,34,12,0,15,17,156,24,10,217,42,2829,30,13,92,0,1297,17,16,3,0,144,1,1,21,5,6,2359,57,0,0,573,0,4,0,79,16,14,5,17,0,13,26,22,2,28,215,176,0,193,1,33,39,108,0,23,9,63,8,7555,358,2,6,59,5,0,55,0,0,24,33,18,39,123,83,41,4,34,27,4,15,0,0,0,0,30,9,64,0,0,1,132,16,32,63,201,24,7,1,11,734,5,39,5,4,2,933,6,0,4,237,86,30,2,35,6,16,1048,32,30,12,0,0,57,83,16,9,0,7,66,12,62,12,14,18,18,27,215,16,40,253,0,175,0,14,20,159,8,39,0,189,110,5,6,4,13,20,8,33,6,23,19,50,0,12,31,13,0,14,95,3,20927,4,61,51,5,57,323,326,6,0,81,2,9,119,94,4,0,64,67,0,105,11,12,0,247,30,1,0,28,44,3,10,17,4,171,0,74,0,86,197,0,11,6840,58,30,5,46,54,19,6,20,29,29,22,63,2,57,555,48,21,24,19,0,96,89,20,6,137,0,120,19,6,13,9,0,0,110,43,14,1,38,0,0,27,114,32,37,45,5,3,0,9,6,20,19,89,3,3,44,10,149,1,14,66,0,1
cell_301,0,10,0,7,71,26,17,14,3,133,25,1,104,33,0,25,36,131,5,13,172,1,38,0,11,6,27,30,1,0,3,122,35,0,3,20,55,177,149,1,0,53,69,0,4,0,187,99,113,152,40,0,3,34,10,54,9,181,3663,135,23,154,3,38,17,34,30,30,120,2,42,47,7,102,18,53,6,0,57,4,11,0,149,2,495,0,0,73,0,0,1,49,456,710,6,1,17,26,9,33,0,8,13,2,4,86,84,110,17,30,24,17,45,7,37,5,33,17,0,49,28,141,16,39,253,9,6,0,48,7,8,52,81,44,1,441,106,3,3,0,250,27,15,3,22,188,16,41,65,2,0,2,149,11,1,3,4,26,41,138,17,202,5,14,2,3,5,4,0,349,8,23,832,2,2,0,48,393,3,22,0,11,0,9,36,4,12,144,21,33,6,74,25,2,26,143,16,492,17,68,5,12,7,14,71,85,73,61,33,48,2,13,25,4,5,70,6,28,10,22,1,4,2,66,28,9,16,12,15,0,51,29,154,84,2571,14,17,4,0,1322,24,25,8,0,64,31,5,32,14,10,2608,73,4,0,652,47,9,2,26,144,22,21,0,0,0,8,70,1,20,439,211,2,365,34,37,46,56,0,21,1,17,3,7874,330,2,13,214,5,0,25,16,36,23,0,52,35,46,95,39,5,3,33,5,12,0,0,3,65,25,11,135,7,0,56,48,41,36,5,71,18,45,1,39,1032,37,50,7,13,2,1055,3,29,18,245,30,16,0,8,6,68,1095,57,20,25,0,2,39,85,97,1,17,1,22,7,34,24,33,7,28,41,22,9,0,475,55,162,0,10,3,117,0,15,0,119,124,8,1,4,17,13,0,15,18,22,52,410,3,76,14,17,1,16,88,11,22209,4,55,61,29,44,215,286,20,0,62,15,5,116,38,30,10,18,0,57,0,2,17,142,323,22,0,2,24,9,3,83,12,0,299,0,74,7,14,56,4,0,7320,70,101,1,6,16,16,0,18,50,8,2,79,5,7,446,41,13,35,16,1,1,56,3,13,149,4,357,27,23,39,9,0,0,124,36,247,40,6,133,4,59,83,14,25,46,20,2,0,14,4,1,12,0,0,14,43,0,0,18,19,53,0,7
cell_302,550,14,2,3,81,18,8,7,9,99,17,8,46,28,0,39,25,143,0,0,215,47,15,5,6,10,0,21,4,1,6,122,23,7,6,11,0,358,132,0,29,52,53,0,0,39,158,82,199,163,42,10,0,9,2,87,0,147,3960,195,27,152,22,13,0,40,27,34,128,14,3,1,47,55,7,27,28,427,66,0,4,0,36,5,512,1,189,63,3,0,0,8,0,247,28,1,34,1,22,3,0,12,5,2,30,59,149,143,7,11,14,59,53,3,27,11,72,16,0,47,3,67,2,38,125,70,9,0,31,8,27,7,92,23,1,373,115,12,0,2,113,27,10,18,21,139,5,59,25,0,1,0,137,17,0,4,2,62,4,113,16,215,12,8,0,7,4,9,14,325,19,20,688,8,105,7,45,388,3,29,1,7,0,9,45,17,7,160,20,33,16,31,17,5,64,137,78,599,43,45,36,5,18,44,83,5,116,44,30,68,5,36,10,6,4,58,8,12,20,5,0,3,10,70,23,0,0,3,12,33,67,38,36,77,2704,53,4,46,0,1344,25,17,15,0,84,1,3,23,10,8,1622,31,1,0,663,16,15,0,53,39,34,8,7,17,37,20,34,5,43,186,165,6,187,0,32,52,68,0,65,0,36,8,7351,443,2,11,105,16,0,49,8,15,24,0,61,30,6,21,22,6,29,19,42,10,9,15,0,37,15,19,105,6,0,18,76,43,3,31,33,23,91,4,78,885,0,43,25,17,5,955,13,0,6,214,25,9,1,32,1,0,1161,38,18,4,0,12,35,86,38,58,2,25,27,2,44,7,0,7,31,31,140,7,14,400,70,123,0,20,6,122,5,9,5,120,128,0,5,15,23,7,122,27,51,17,49,0,0,80,30,37,0,11,37,0,21534,6,58,46,3,55,292,357,27,4,72,0,6,0,18,54,29,42,6,9,325,2,24,179,370,25,4,2,9,51,7,75,4,5,183,0,92,12,90,181,12,10,7021,63,47,7,10,68,18,14,1,55,35,6,98,6,77,529,68,73,171,8,0,48,32,19,6,140,4,256,30,18,9,21,4,2,112,38,9,11,63,3,1,49,70,38,32,26,11,16,11,13,25,3,20,17,33,0,22,0,114,21,7,59,1,3
cell_303,0,5,50,24,101,16,12,55,15,119,66,11,82,116,0,81,56,80,0,6,128,35,18,8,43,0,55,26,2,8,6,37,0,5,37,2,21,1076,71,1,0,55,124,2,1,16,131,82,203,98,36,13,28,4,10,45,0,253,2444,315,16,131,13,20,47,0,59,15,122,18,17,0,5,79,3,82,7,0,47,8,3,0,110,1,681,1,47,55,4,0,0,6,148,472,7,17,25,110,51,86,17,8,8,9,33,92,252,116,23,56,85,15,63,7,53,0,21,13,0,33,0,45,1,18,82,28,5,0,32,40,6,37,28,32,9,525,101,16,0,78,219,29,9,22,13,247,14,49,35,0,0,0,115,11,17,6,20,30,3,122,22,40,6,23,0,1,8,22,10,127,46,31,1169,3,35,4,19,480,8,31,14,15,0,37,39,9,19,129,7,28,29,60,6,43,35,44,76,804,7,137,4,14,2,71,100,5,23,30,7,30,2,37,53,14,5,53,1,17,10,12,0,20,6,60,53,0,2,12,25,27,67,45,148,109,2823,64,20,6,9,1358,33,10,3,0,58,32,1,36,25,1,5391,33,0,2,356,16,37,14,27,15,15,37,18,3,25,30,0,12,66,472,227,0,299,70,43,36,1,0,34,36,3,27,6413,334,2,17,264,16,0,44,0,1,25,12,0,4,96,92,25,13,7,31,29,15,4,16,0,4,38,37,17,11,0,32,79,34,33,1,186,16,79,7,26,831,16,47,15,29,15,379,12,8,7,197,78,30,6,45,1,10,1401,54,31,17,0,16,50,89,69,3,0,1,45,19,0,7,15,20,46,57,173,8,27,184,2,165,0,8,3,440,1,43,0,120,170,0,6,3,13,26,12,10,5,26,67,78,0,19,48,7,0,8,77,5,9521,12,102,14,16,23,188,168,16,3,79,21,0,77,0,0,1,8,0,26,147,7,34,0,452,30,30,1,64,7,5,7,9,2,127,5,61,12,68,127,4,0,13312,35,67,2,75,1,8,9,1,49,9,1,115,8,57,318,27,58,108,17,7,4,16,4,10,127,11,44,36,4,15,18,36,6,130,11,199,0,5,16,0,55,64,29,159,13,4,0,0,15,23,2,8,10,1,8,87,1,0,0,29,6,1,5
cell_304,0,5,41,1,131,8,3,18,11,288,106,32,54,9,0,4,75,26,1,1,90,50,26,12,1,9,81,18,0,7,3,0,5,0,0,4,27,80,62,5,89,81,2,0,4,8,89,75,43,92,34,14,0,5,1,58,0,164,2612,84,13,134,28,42,65,12,39,34,122,21,15,14,12,187,65,59,3,348,31,3,3,1,102,6,585,0,136,66,0,17,0,9,134,289,8,18,25,37,12,14,1,10,58,5,6,105,250,102,25,41,36,19,71,9,70,10,17,21,0,100,0,79,11,24,141,0,3,7,20,29,14,11,97,47,3,551,90,3,0,0,217,46,21,13,23,349,9,36,71,13,0,0,129,0,0,20,2,31,26,86,22,68,3,12,0,36,2,4,0,183,49,20,787,2,99,0,9,451,1,49,1,30,9,32,4,9,35,113,0,73,31,71,17,2,18,49,44,566,43,48,1,10,0,16,54,69,3,14,31,33,6,12,42,10,33,79,11,24,16,43,1,4,33,59,57,33,2,7,7,19,73,4,85,108,3005,22,23,0,0,1323,24,61,19,1,33,17,3,17,7,0,5830,52,0,2,406,54,58,17,61,48,79,45,6,0,29,22,84,0,42,281,301,1,294,32,40,37,127,0,9,8,19,0,6090,288,4,47,102,39,0,19,58,14,15,92,81,29,113,230,18,0,16,17,10,51,6,1,10,15,35,31,136,10,0,81,88,7,47,2,171,15,21,11,6,1095,68,72,0,16,3,448,8,0,18,219,39,32,1,11,4,47,1161,64,21,41,0,0,17,71,25,10,1,11,43,9,9,4,7,7,4,46,175,7,3,446,11,132,0,16,28,4,5,50,3,41,141,1,7,11,80,19,2,4,12,17,14,124,0,24,47,10,0,3,84,2,9534,17,94,38,22,44,205,111,25,0,115,3,20,94,0,4,52,21,3,0,0,3,12,2,315,22,10,0,38,0,1,26,25,4,343,1,93,9,58,97,0,0,11799,52,24,11,19,17,21,2,6,52,47,0,134,3,27,443,37,3,27,15,0,47,41,5,2,154,12,297,19,13,1,1,4,1,124,20,184,22,16,5,2,83,100,19,5,74,7,4,0,18,3,0,25,20,0,1,34,0,100,5,28,39,0,0
cell_305,0,67,1,17,82,47,23,52,5,418,3,9,44,41,0,58,35,131,1,4,168,79,44,50,7,0,177,23,2,18,11,125,14,0,0,20,37,301,132,5,0,41,0,0,1,163,200,82,221,148,33,6,24,12,0,43,0,163,3391,212,2,122,37,54,1,8,27,19,142,21,12,9,8,140,18,61,15,0,67,6,6,17,142,9,569,0,14,57,1,0,0,63,269,622,11,23,87,17,3,16,20,3,12,8,1,86,114,149,35,36,5,33,61,7,46,36,27,14,0,119,0,115,8,13,240,51,1,11,18,4,15,4,59,42,0,440,96,9,0,113,251,11,0,33,17,144,22,47,69,3,0,0,117,1,0,11,8,58,7,84,7,216,4,18,0,10,5,2,15,268,7,16,868,3,104,2,53,286,13,18,2,13,0,3,4,5,15,162,2,8,16,25,22,1,43,111,58,865,14,30,0,12,0,23,75,12,73,44,58,29,17,75,21,7,19,49,5,7,2,26,1,9,4,81,20,11,3,13,30,144,58,11,132,154,2474,3,10,37,0,1250,33,29,2,0,115,32,1,27,23,0,2782,80,0,0,626,54,17,2,131,5,39,24,19,0,20,7,60,4,40,95,215,1,189,13,27,49,68,9,3,17,36,52,7627,366,4,8,145,1,0,43,15,14,15,2,16,12,83,270,31,7,12,21,1,9,12,8,7,0,31,21,43,24,0,28,125,15,49,64,55,30,61,5,23,960,10,46,1,34,0,966,5,3,0,240,14,4,5,9,3,63,991,41,30,2,169,14,35,16,78,8,4,12,39,9,88,19,0,19,10,30,44,4,17,277,51,148,0,15,3,0,8,39,1,185,86,58,1,14,25,4,0,2,15,10,57,90,1,18,36,7,0,2,123,1,19957,0,69,30,7,54,299,115,16,0,60,3,2,91,3,0,76,19,7,3,0,0,24,28,312,15,9,1,45,21,1,18,22,3,184,4,101,5,97,215,13,0,6982,50,84,8,6,5,30,2,0,17,36,0,83,1,24,430,59,81,7,12,0,41,6,3,1,70,1,266,28,3,9,2,10,0,93,20,162,28,20,10,10,46,74,29,43,46,9,11,0,19,7,0,21,1,38,4,70,1,3,24,20,39,0,1
cell_306,0,16,5,0,89,44,3,87,26,30,64,14,26,32,0,9,50,38,0,9,44,49,13,45,10,7,37,136,13,3,4,99,1,39,1,0,77,12,100,3,0,101,10,1,1,0,70,59,125,74,51,3,27,12,6,6,14,244,2499,91,10,4,11,17,41,6,18,19,43,1,36,2,1,146,26,96,25,86,54,4,8,1,79,7,193,0,146,106,2,0,0,25,71,79,0,11,28,58,21,57,3,11,4,3,8,55,103,23,10,119,45,107,20,0,78,18,9,10,0,21,0,45,13,30,49,8,3,0,7,24,8,22,70,35,5,250,68,135,0,6,74,94,36,1,0,83,3,42,18,0,0,2,117,8,6,8,21,5,17,69,13,76,10,37,0,2,3,13,29,49,44,77,861,10,92,52,39,484,9,53,1,27,0,30,89,7,31,97,9,98,19,125,38,2,68,98,113,172,0,122,0,33,0,36,63,17,29,35,74,12,98,53,52,3,18,65,7,8,8,8,7,5,2,36,55,0,7,4,9,0,121,10,29,35,2591,19,26,8,0,1213,103,51,1,1,8,6,18,42,3,5,170,32,2,4,132,23,33,0,26,30,82,18,9,0,0,17,1,13,38,116,135,0,149,24,49,39,19,112,16,1,6,65,2873,287,10,5,0,18,94,65,16,23,56,0,9,36,58,82,51,12,7,49,32,30,0,0,23,170,77,46,11,14,0,83,96,19,44,77,46,32,77,3,61,209,14,24,12,12,6,146,6,41,9,67,29,11,1,2,10,32,1937,62,40,50,8,0,81,68,0,4,0,17,62,25,25,16,35,84,8,72,59,19,8,135,0,61,0,49,29,105,3,44,4,53,168,119,23,6,104,23,36,76,13,88,30,96,0,7,33,14,0,24,39,0,9147,7,53,17,17,66,158,36,4,7,55,39,30,76,4,0,3,4,93,11,0,10,1,3,37,22,11,0,49,13,8,15,4,4,220,0,90,2,74,106,0,0,6983,27,9,3,18,37,37,0,7,46,1,1,84,9,4,32,61,42,9,23,0,2,15,13,0,62,3,203,22,3,13,36,59,0,81,15,62,27,14,36,3,76,132,52,28,48,14,0,1,29,6,5,1,0,0,0,24,3,39,6,3,41,0,14
cell_307,0,14,39,11,77,5,17,58,20,20,107,0,38,16,0,5,32,23,9,2,85,54,24,0,11,2,19,0,5,15,4,128,15,7,0,0,18,269,88,3,49,99,5,0,4,1,56,39,140,98,61,0,0,11,21,3,0,242,3106,193,1,26,0,4,88,11,27,4,63,2,27,10,24,26,64,63,13,167,57,0,7,0,78,0,363,1,244,50,11,0,0,17,210,370,4,10,14,172,24,28,11,5,70,1,9,20,208,41,2,5,84,50,43,27,69,99,60,10,0,39,0,70,25,10,69,37,41,0,66,7,10,22,33,39,3,118,64,2,0,78,143,63,36,0,1,72,5,28,40,0,0,8,161,15,0,19,31,1,3,63,14,112,4,44,2,41,3,17,13,48,46,17,1096,5,32,20,29,754,2,35,29,17,0,1,57,6,42,120,3,53,15,16,41,0,38,123,8,473,1,136,1,23,4,40,65,47,2,38,31,61,7,19,29,0,4,43,6,33,0,19,5,29,8,54,52,19,23,6,11,59,47,29,113,54,2893,8,0,4,0,1240,58,44,1,0,86,85,18,22,1,0,1790,58,1,0,228,41,92,5,207,0,56,5,22,0,9,13,0,5,44,115,379,1,529,84,47,31,3,22,18,12,49,70,4395,376,2,8,74,21,9,59,23,5,18,0,57,60,45,94,30,16,45,23,15,30,12,0,2,51,50,25,83,50,2,20,61,69,36,16,36,19,18,1,32,810,64,93,4,85,0,487,12,40,1,107,5,31,0,5,10,16,1298,79,30,21,0,0,48,53,11,1,3,2,62,35,27,56,3,7,0,115,242,4,6,81,2,39,0,10,11,402,8,61,17,98,128,50,0,18,26,10,13,20,19,92,38,73,0,0,31,0,0,12,53,3,12901,4,81,34,7,47,217,27,18,0,54,8,7,52,11,0,0,5,30,11,127,8,15,18,240,7,7,1,43,30,1,8,50,5,305,8,100,17,44,160,3,0,12877,49,75,4,74,47,18,6,6,6,0,2,125,1,7,85,95,0,9,9,4,25,21,6,0,121,0,126,24,6,28,39,62,9,77,14,121,4,2,0,1,23,141,24,0,114,8,10,0,14,5,6,3,1,0,4,126,12,22,5,28,26,0,2
cell_308,0,15,1,0,40,28,21,46,11,0,80,10,37,6,0,28,27,22,0,4,47,53,21,1,19,17,25,138,13,24,2,50,34,13,0,5,55,91,64,5,60,82,1,2,40,14,81,45,102,112,71,12,44,0,3,1,0,230,4455,121,25,37,2,0,66,5,36,30,36,1,7,0,35,26,83,70,7,0,96,8,32,0,56,9,132,0,75,86,10,1,0,21,17,51,1,12,14,74,45,38,12,3,2,10,8,49,203,44,5,95,4,28,47,10,72,103,12,34,1,15,0,0,12,21,41,24,34,0,20,11,66,34,16,58,18,71,28,54,0,0,96,18,53,1,0,181,7,17,53,0,0,3,116,3,96,12,8,2,8,75,12,41,5,53,1,113,13,38,5,66,7,44,596,6,98,6,36,468,0,116,0,13,6,42,68,2,37,52,2,16,17,14,17,0,54,191,76,123,8,86,17,35,0,17,61,12,12,37,51,29,9,48,28,19,55,74,6,20,2,7,18,9,4,60,76,30,3,14,8,151,73,34,124,24,2644,2,20,6,2,1399,81,70,0,0,67,95,0,24,3,0,88,63,1,3,53,11,176,0,64,52,133,10,15,0,117,32,1,21,55,74,130,0,87,5,83,32,50,0,2,5,19,0,2295,197,7,17,125,38,1,117,3,6,42,0,16,13,40,51,35,23,10,50,12,29,3,0,15,113,55,3,53,31,0,48,102,40,51,110,72,34,105,9,9,170,0,23,7,3,0,133,6,2,30,71,48,28,1,14,5,3,1973,125,89,84,47,1,35,43,0,1,0,20,84,7,15,68,0,78,6,46,115,34,22,69,31,114,0,7,49,315,13,79,5,31,116,0,28,12,66,27,52,55,13,94,39,203,0,8,45,3,12,40,21,0,11032,9,62,22,17,58,172,4,5,4,25,12,13,7,31,3,1,35,0,10,0,26,0,21,59,58,3,3,39,32,9,19,5,12,208,40,96,26,52,117,1,0,5111,22,39,6,18,14,49,2,1,9,30,13,102,17,20,100,32,33,22,15,2,6,26,18,8,81,0,221,21,20,30,13,1,0,100,32,82,2,2,10,7,44,158,47,85,65,25,0,3,17,5,14,20,6,0,0,37,4,40,0,6,7,0,1
cell_309,0,20,0,0,72,6,10,39,3,110,87,0,43,16,0,2,38,42,2,0,109,25,0,30,1,4,12,35,4,0,3,0,0,16,0,0,10,202,77,0,99,104,7,0,8,5,57,41,102,92,50,11,0,24,4,6,0,222,3249,202,2,86,17,31,36,9,59,17,10,2,7,0,38,108,67,63,29,156,55,0,26,10,107,0,354,0,65,47,4,0,0,3,174,264,1,60,6,117,55,8,2,14,32,0,11,42,290,54,2,85,23,39,46,5,64,82,41,38,0,27,0,114,9,15,95,38,1,0,29,3,6,3,34,32,7,356,77,47,2,6,229,121,19,0,28,371,4,24,35,0,0,0,171,2,0,20,24,2,16,88,7,143,11,30,8,30,6,7,26,68,18,23,1066,23,41,9,26,872,14,27,0,7,0,35,54,15,42,140,10,35,25,12,42,0,49,124,146,528,14,62,0,22,0,8,68,112,96,48,38,14,1,10,35,7,28,63,13,12,12,7,0,9,0,78,66,0,10,3,6,105,73,1,127,58,2861,6,23,7,1,1244,72,29,5,1,22,61,0,22,11,0,1902,55,0,104,241,34,7,0,191,16,37,19,6,1,45,15,154,1,56,184,324,0,460,0,45,24,77,1,7,0,36,0,4392,367,5,15,38,26,11,66,79,17,19,0,16,26,22,3,30,16,22,37,0,7,0,0,0,51,47,13,73,9,0,80,80,31,44,0,85,21,116,0,2,754,8,130,6,5,6,444,14,8,26,96,75,22,0,2,7,25,1402,51,35,56,0,6,36,57,0,1,2,47,64,15,82,6,29,55,23,67,171,13,0,277,46,48,0,10,16,457,0,51,3,48,69,10,0,9,44,19,152,17,16,59,23,399,0,73,14,1,0,15,68,0,12914,15,66,14,16,46,239,34,28,2,108,10,8,0,52,1,0,2,0,29,0,47,13,4,276,7,18,3,11,83,4,16,7,0,399,3,69,1,68,42,1,0,15054,41,14,14,14,3,22,0,16,7,18,12,98,16,43,103,53,51,34,14,0,32,34,6,15,135,0,256,19,11,28,13,41,0,140,19,187,41,15,102,4,51,150,9,104,128,2,0,1,19,23,0,20,17,2,1,70,0,0,2,30,5,0,2
cell_310,0,7,0,2,56,30,11,51,28,22,69,90,31,30,0,9,6,23,0,7,49,41,45,0,8,0,19,82,9,4,6,18,32,3,0,9,18,128,73,4,0,94,0,2,38,37,54,59,115,132,78,0,48,1,5,2,0,244,4507,116,5,58,5,26,85,19,37,23,30,8,11,4,2,33,24,11,21,77,111,0,16,0,72,0,122,0,149,102,6,0,0,4,28,192,3,13,2,37,13,4,16,7,18,5,25,25,140,27,14,124,5,64,41,32,67,11,54,14,8,9,0,6,6,19,46,24,31,5,21,14,18,6,58,63,14,172,43,13,0,68,112,33,43,16,4,126,3,57,41,2,1,2,97,55,131,45,45,1,0,47,14,15,1,42,0,62,4,7,8,94,9,46,655,5,69,13,37,526,0,92,9,25,0,31,62,15,14,123,6,23,13,2,36,35,34,159,60,208,13,76,7,44,0,2,63,12,21,51,7,65,59,32,21,5,12,101,35,10,0,4,6,8,4,62,68,0,41,26,20,20,30,2,48,28,2054,19,33,5,0,1287,78,71,0,0,44,5,1,37,11,1,81,43,0,7,53,20,172,1,67,26,67,3,17,0,123,211,49,10,89,124,282,0,103,77,59,22,68,0,30,24,64,9,2218,131,15,13,157,1,10,176,23,9,25,0,1,40,45,15,43,47,19,65,43,36,0,8,19,15,71,2,59,7,0,25,117,48,56,24,35,15,124,8,10,170,10,102,0,30,0,165,9,124,3,70,59,6,2,0,7,6,1909,131,105,12,10,0,76,21,5,0,0,3,74,22,34,75,0,64,40,67,105,32,2,108,0,98,0,37,2,244,6,60,2,81,140,121,2,20,29,12,0,25,30,49,41,32,4,0,12,0,0,3,22,5,11498,16,64,21,5,57,173,13,13,0,15,1,14,67,9,0,16,12,0,1,1,23,1,8,80,17,9,0,35,10,2,18,28,4,200,6,60,1,18,142,1,0,6414,52,50,20,51,3,49,1,8,63,37,3,142,11,29,42,27,33,25,17,0,61,30,25,0,103,0,46,42,1,26,20,43,0,72,23,65,2,10,0,3,33,133,59,2,29,5,2,0,21,71,4,24,4,0,1,97,4,28,2,39,27,0,1
cell_311,591,16,27,0,67,61,2,34,8,236,102,9,99,19,1,124,34,180,0,0,20,83,42,6,3,0,20,15,1,3,1,138,19,2,0,7,61,149,145,0,63,55,37,2,5,0,145,134,141,158,46,10,0,2,15,0,67,160,3516,89,1,138,1,3,102,17,1,5,137,3,15,0,7,41,73,59,6,383,41,4,2,0,69,4,246,0,178,31,8,0,0,17,309,58,28,4,29,147,2,21,12,13,10,6,2,146,52,129,14,106,1,60,54,8,10,13,3,19,1,12,0,28,3,27,236,59,2,0,24,36,18,34,37,60,0,133,108,14,1,21,12,71,4,36,12,277,5,37,83,0,0,0,141,15,45,3,16,66,28,114,0,147,40,14,0,11,0,4,19,279,47,22,804,88,74,0,35,433,0,37,24,12,0,18,4,2,51,158,58,68,12,51,28,6,63,43,92,397,87,105,5,11,14,17,71,167,163,54,43,49,8,43,39,10,4,37,2,5,6,43,12,6,5,88,38,16,13,10,13,36,73,0,142,49,2815,25,24,0,0,1318,17,17,12,0,17,45,0,25,7,4,2136,109,0,0,611,42,19,4,9,25,70,15,3,14,0,17,74,0,47,558,130,2,103,73,33,34,130,0,60,29,6,26,7595,317,6,2,30,39,0,58,12,31,21,124,15,44,87,206,33,10,1,26,35,0,4,0,1,109,17,8,38,26,0,20,80,38,14,0,17,35,128,2,12,896,13,88,4,49,19,928,5,30,28,251,37,41,0,11,1,68,1135,50,33,18,6,0,72,93,6,23,0,28,38,9,66,17,12,14,1,36,90,26,0,273,3,184,0,10,26,6,4,27,3,81,55,0,3,3,31,25,0,7,26,33,35,158,1,53,24,22,0,3,67,2,21444,15,60,75,26,29,152,71,8,2,109,12,1,112,102,22,61,68,0,17,1,7,21,149,365,1,24,2,3,54,1,3,9,2,216,1,92,1,87,114,0,0,6940,94,2,3,33,42,20,0,1,92,24,5,66,8,6,389,5,26,66,9,10,0,33,2,9,153,9,411,35,26,13,37,63,0,106,33,16,15,15,18,0,90,77,28,169,25,3,12,0,13,4,0,8,0,11,0,44,0,146,1,4,59,1,3
cell_312,0,10,16,30,88,38,2,20,20,16,107,3,71,18,0,23,45,25,0,7,103,38,8,10,43,2,8,68,3,4,3,14,36,5,14,7,14,272,65,9,48,7,0,0,8,3,96,57,31,117,34,23,0,19,5,6,16,197,2468,46,9,147,20,4,7,2,14,11,84,11,0,0,4,40,13,68,6,24,53,0,2,0,123,0,659,0,151,59,1,0,2,3,157,272,15,13,35,144,33,13,4,4,84,1,19,65,130,70,17,25,11,57,74,15,47,19,25,60,1,92,0,7,2,4,42,14,1,0,30,1,60,50,82,39,6,68,79,12,0,115,235,34,53,50,2,120,4,48,26,0,0,0,102,0,81,41,33,18,7,116,8,139,0,5,4,1,7,10,17,173,23,23,971,2,78,0,2,543,3,31,6,7,0,7,18,6,25,16,3,56,12,78,15,3,54,19,64,612,18,129,9,9,26,34,63,117,68,53,3,65,1,35,40,0,0,22,11,42,6,44,10,0,12,88,62,37,0,3,30,8,65,34,29,39,3110,29,52,11,0,1367,22,6,9,0,124,38,16,23,4,7,6220,51,0,23,379,49,4,28,54,22,59,16,15,4,18,11,77,0,34,262,282,1,358,65,56,22,135,10,12,20,8,5,6354,264,4,11,333,44,2,49,30,1,21,19,0,24,100,248,24,16,5,16,13,49,13,0,0,41,35,49,104,7,0,50,69,63,22,2,203,23,18,8,21,976,55,24,9,23,22,506,1,59,5,146,40,52,6,0,6,34,1496,52,21,49,3,0,52,57,64,6,0,5,48,8,137,28,14,13,6,59,205,5,0,187,24,144,1,6,51,163,14,26,2,105,126,88,9,2,50,18,70,16,6,4,85,25,5,16,42,16,1,12,36,15,9564,8,108,27,14,36,217,157,11,0,86,4,2,40,2,5,11,10,0,18,0,0,15,116,157,40,17,1,25,0,4,13,11,42,119,0,89,7,70,127,4,0,11872,13,47,5,82,37,16,23,18,39,2,6,44,17,49,478,95,16,72,9,1,38,20,6,14,96,8,210,33,6,13,0,30,2,115,58,173,34,4,1,2,76,132,18,0,70,1,18,2,15,6,2,11,12,0,16,17,0,33,20,20,50,0,2
cell_313,174,8,12,20,87,21,10,49,19,51,99,15,106,17,0,5,32,169,22,2,106,42,30,56,15,0,47,43,0,11,4,0,2,5,4,0,23,696,160,5,2,58,189,2,11,14,177,114,160,163,41,41,27,5,0,12,11,150,3600,221,11,134,19,0,56,2,16,5,70,16,14,0,12,46,13,47,10,355,79,0,2,0,94,3,525,2,232,59,3,0,0,13,58,604,5,1,90,89,25,13,10,14,30,2,35,115,167,140,35,103,19,59,59,4,49,12,33,33,0,12,1,48,4,23,194,69,2,0,20,27,17,63,10,48,1,363,117,17,1,8,247,23,11,0,0,231,3,39,31,0,0,1,132,1,0,1,9,59,8,123,0,197,49,22,0,25,11,7,2,264,24,23,765,110,105,8,37,362,27,23,0,15,6,57,22,21,32,70,7,29,18,37,5,5,102,159,116,405,1,83,4,23,0,4,66,326,43,43,33,56,11,64,33,0,16,51,3,35,52,31,7,17,1,88,25,23,6,5,27,39,46,11,211,119,2458,38,26,0,0,1222,22,29,0,0,26,5,0,27,6,14,2106,100,0,32,658,0,36,1,47,52,47,8,16,0,27,24,72,0,50,354,188,0,112,0,34,42,21,0,22,16,10,7,7425,379,1,40,11,15,0,47,21,10,29,0,6,46,116,370,37,2,2,26,1,9,0,4,0,92,26,6,23,5,0,9,125,21,37,0,234,26,68,5,28,1042,53,13,0,47,1,977,10,23,41,256,74,15,3,14,0,12,983,47,17,39,1,1,79,96,0,6,0,9,46,6,2,8,0,31,25,33,203,14,0,564,0,171,2,0,15,7,12,17,0,48,111,0,9,1,54,35,1,83,0,21,46,2,0,97,10,49,2,36,67,16,22569,11,57,38,25,60,277,392,17,0,105,4,3,12,0,2,54,34,0,0,0,19,16,4,297,11,11,0,22,22,7,2,3,0,196,3,52,1,70,70,0,13,7018,83,41,2,68,59,11,4,2,87,9,4,79,6,61,519,11,38,98,14,0,9,49,2,3,129,26,386,22,37,14,28,27,0,134,7,46,59,35,3,0,78,83,30,107,42,14,1,3,15,8,1,27,81,10,0,32,0,13,2,0,12,0,7
cell_314,994,13,11,22,79,38,3,64,19,94,121,0,105,26,0,54,4,161,0,2,47,75,40,11,1,0,28,25,1,0,8,0,25,2,0,3,16,386,129,6,22,43,153,7,5,61,152,86,255,135,37,21,1,1,2,20,17,202,3806,236,8,76,1,1,53,0,19,3,100,17,0,4,20,213,5,24,11,472,77,6,8,3,65,4,269,8,190,40,0,2,0,32,444,770,6,22,19,148,57,85,11,8,0,2,6,120,147,141,27,40,70,38,60,4,41,15,32,13,0,36,34,54,9,38,62,0,6,7,37,11,70,9,33,34,2,106,116,8,0,57,292,37,26,2,10,339,8,38,87,0,17,0,112,11,9,7,10,28,28,144,37,69,25,26,0,6,2,11,3,326,58,14,789,11,31,6,59,445,12,20,11,20,0,31,34,15,22,173,22,29,15,64,13,0,68,129,89,401,5,102,10,20,1,0,82,208,48,16,41,46,3,24,20,5,55,71,13,4,1,10,11,30,0,108,30,0,2,7,15,71,133,45,38,126,2724,22,10,28,0,1285,18,19,0,2,51,66,0,31,47,33,2193,120,0,24,740,3,26,14,69,13,16,27,18,0,14,22,42,11,31,256,210,6,133,57,40,41,32,4,18,37,5,0,7678,394,2,0,269,63,48,61,2,8,27,0,0,13,112,171,45,12,25,20,10,22,10,0,15,70,23,20,23,20,1,39,101,32,28,12,147,35,185,4,27,243,2,30,2,14,1,1033,12,3,41,288,58,5,0,15,0,1,1248,38,24,28,0,0,7,29,0,1,0,16,53,11,39,3,86,9,5,23,156,48,0,326,0,219,0,5,23,50,8,37,8,142,104,1,0,13,32,28,80,105,1,40,32,152,0,67,63,1,0,9,66,0,23321,4,44,51,10,53,247,113,2,42,107,10,10,6,1,0,0,1,0,68,0,13,12,0,228,13,89,0,52,10,3,14,10,27,244,0,45,4,99,214,15,0,6940,17,17,6,30,8,20,1,18,10,4,0,81,7,40,587,21,10,161,20,0,7,22,3,48,120,0,43,20,1,0,7,37,1,113,37,325,25,1,137,5,51,111,38,90,32,11,5,0,16,13,1,17,7,6,0,25,2,13,32,4,30,0,6
cell_315,0,16,2,0,112,43,27,17,17,62,1,0,99,5,0,22,22,174,21,1,143,58,15,7,7,3,42,0,1,0,7,60,14,15,0,1,57,1398,141,0,110,56,204,0,7,0,174,80,213,147,46,3,23,36,7,24,32,135,3788,236,9,79,12,29,61,11,24,21,13,4,29,6,7,51,24,36,3,372,45,4,4,2,109,5,531,1,0,62,1,0,0,23,300,459,10,8,137,110,9,115,8,3,43,13,1,149,131,146,9,70,18,37,61,2,48,13,90,3,1,2,0,47,8,41,152,12,2,0,49,6,22,37,35,51,2,352,118,1,0,0,253,25,7,0,1,107,15,46,30,0,0,2,129,19,35,3,18,39,41,112,8,173,19,21,0,1,1,0,3,347,27,17,673,4,99,1,49,399,5,25,0,19,0,2,17,6,8,173,3,43,18,57,26,4,100,147,33,741,5,64,17,10,2,33,52,25,33,46,59,83,3,46,5,0,46,31,4,2,11,4,7,8,6,99,23,30,9,5,19,0,73,5,17,91,2268,18,21,0,0,1202,23,27,8,0,79,54,0,35,2,1,1866,97,0,0,641,12,30,0,53,42,55,28,21,1,2,4,85,1,6,38,184,0,460,69,44,58,0,4,2,2,45,5,7816,333,4,16,97,6,0,67,1,12,33,74,45,40,98,342,50,4,4,21,16,5,0,22,0,93,21,32,108,1,0,14,156,25,34,3,38,29,79,0,56,1119,39,45,16,14,1,994,1,7,5,280,42,6,0,9,6,57,1019,31,28,42,0,2,53,54,35,3,2,4,31,12,61,28,0,15,0,35,133,14,14,576,16,134,0,6,2,201,1,15,9,164,112,62,0,15,18,8,79,9,122,21,69,96,5,31,25,3,1,13,36,0,22643,5,59,65,17,53,308,142,11,2,78,1,5,74,0,60,29,44,2,4,0,0,27,106,352,18,4,2,47,2,1,10,11,1,140,8,59,8,88,143,34,0,7392,5,21,5,5,21,11,2,11,55,9,0,125,3,22,346,61,14,104,19,0,4,21,0,1,86,0,356,32,9,0,3,2,1,103,48,240,0,9,18,0,76,76,21,0,4,1,9,0,19,61,0,6,0,10,0,28,0,4,9,14,32,0,4
cell_316,0,20,16,2,78,3,7,24,5,218,61,1,74,17,0,19,12,133,49,0,217,62,48,0,12,13,95,57,2,0,1,106,18,0,0,0,87,268,138,0,1,64,152,0,7,4,127,97,183,155,35,0,0,21,7,17,0,171,3787,256,2,38,32,12,22,28,38,13,94,13,0,4,1,172,15,56,16,524,54,0,2,3,113,1,511,1,31,52,5,0,0,40,320,494,11,12,30,72,21,25,1,3,14,7,17,146,192,103,13,57,23,52,70,10,59,7,68,20,0,31,3,97,20,32,222,6,8,0,25,7,32,7,83,44,9,202,111,11,5,0,295,51,35,0,1,266,9,42,52,0,0,15,166,3,1,14,16,12,2,132,6,173,4,22,4,1,6,4,0,216,8,30,921,3,47,7,42,401,2,28,0,9,0,21,12,1,14,161,5,14,13,48,28,9,100,136,67,884,3,41,2,11,0,50,93,44,130,39,23,74,10,35,19,0,18,66,7,25,0,4,2,23,2,83,35,0,8,14,21,0,43,1,126,136,2586,13,2,4,0,1238,21,35,0,0,24,14,0,29,10,0,2096,139,0,1,623,32,32,0,16,4,17,21,5,0,33,20,11,41,26,574,143,4,108,42,26,46,89,0,9,9,37,1,7137,301,16,16,76,32,0,57,39,15,23,11,1,35,46,5,35,2,15,30,3,19,0,5,2,0,34,8,57,4,0,49,98,39,51,0,235,39,28,4,36,414,8,113,1,38,0,892,14,0,32,259,17,27,1,28,20,13,1037,34,22,30,356,1,58,94,105,5,0,15,43,8,70,2,44,1,18,18,179,26,7,483,16,192,0,24,4,155,0,22,3,154,97,0,2,12,9,21,30,59,43,5,48,216,0,21,22,20,0,16,123,5,23234,6,59,63,16,24,259,439,11,0,104,0,10,3,61,34,7,41,0,3,0,14,6,7,362,9,6,0,43,1,5,36,10,5,263,39,88,5,83,127,4,0,7527,46,34,16,29,35,10,0,5,11,15,3,57,3,41,504,70,26,112,12,2,11,34,4,2,127,7,284,19,2,18,6,6,1,120,39,263,19,7,0,7,69,89,22,13,22,1,17,3,9,41,10,12,29,0,10,22,0,39,11,3,70,1,16
cell_317,55,5,1,3,95,14,1,26,18,11,69,5,48,47,0,23,58,36,0,10,79,42,14,1,9,0,138,5,7,8,8,63,32,4,9,5,13,402,60,0,45,56,33,0,7,5,17,65,171,103,38,5,0,26,41,16,20,142,2554,238,14,40,7,2,38,16,40,10,115,18,8,0,67,121,52,75,2,160,12,1,3,10,51,5,656,0,155,51,0,0,2,30,64,255,17,19,88,58,9,55,2,6,6,2,15,75,193,69,7,31,22,55,70,0,45,28,51,22,0,26,0,0,3,26,104,29,7,0,78,33,56,4,31,30,9,159,94,15,0,21,200,34,31,0,15,212,3,13,14,0,0,2,122,18,1,3,11,1,2,128,3,228,12,6,6,0,3,15,0,176,3,25,853,16,116,6,6,423,1,46,0,7,0,5,1,3,0,114,0,87,10,76,18,5,48,59,57,756,92,131,1,8,0,44,78,30,21,31,11,56,4,23,41,1,12,91,0,47,2,13,6,14,15,60,62,129,0,20,15,35,73,25,43,37,2511,39,18,3,0,1220,28,21,2,0,77,10,6,23,4,4,5673,49,6,18,398,47,28,2,12,41,37,25,3,0,13,5,0,17,59,272,111,1,127,3,44,32,13,0,31,0,12,59,6439,473,5,38,0,27,0,21,50,13,26,0,7,55,91,98,33,8,19,18,17,20,0,0,4,34,37,17,128,4,0,21,80,34,35,10,133,24,24,1,27,949,37,24,12,3,6,465,1,6,9,205,81,19,0,17,0,24,1200,56,29,47,0,18,53,119,10,15,4,31,64,22,70,39,6,7,3,78,196,11,1,116,0,125,0,14,35,32,4,8,0,97,119,1,2,7,28,8,19,14,11,22,15,142,0,4,54,21,0,30,51,0,9342,4,101,24,19,41,205,128,11,8,92,6,15,51,24,45,14,9,26,1,0,8,4,57,523,32,0,1,18,8,9,29,7,0,278,3,83,12,54,44,0,2,13479,16,58,2,35,31,22,0,3,51,5,12,139,4,31,313,98,39,57,9,0,16,12,49,8,157,4,264,30,5,7,9,0,1,139,25,119,6,26,6,1,19,71,25,6,52,17,3,14,14,9,0,6,8,81,13,90,8,101,2,47,38,1,5
cell_318,12,1,12,12,77,30,10,40,10,126,89,4,82,42,0,5,27,81,0,20,183,75,15,0,24,2,107,40,2,13,2,79,26,0,4,17,25,1272,149,1,82,46,0,1,3,0,210,96,181,181,43,9,19,33,17,8,16,168,3710,191,1,123,0,4,15,7,6,20,139,16,8,0,7,229,62,43,5,0,42,3,6,0,119,3,524,0,256,66,5,1,2,4,393,723,6,4,95,113,35,103,13,7,0,7,41,144,170,139,45,51,22,16,47,4,42,1,12,8,0,75,0,92,4,6,258,33,1,0,20,30,10,34,30,53,6,99,102,2,0,0,270,44,25,1,0,166,22,41,85,6,0,11,153,15,0,2,8,25,0,130,12,2,0,18,1,8,2,4,0,280,30,17,695,2,74,6,18,295,0,17,0,13,0,43,27,7,33,135,2,37,26,107,15,29,99,90,73,554,5,111,3,23,0,33,92,40,30,38,6,54,10,53,44,6,1,11,5,25,1,55,24,15,1,91,26,0,45,5,4,1,78,0,205,68,2436,0,27,0,1,1216,14,33,0,0,30,34,0,29,10,0,2247,137,3,0,646,48,20,1,80,33,49,20,11,0,10,14,110,16,24,263,162,0,113,0,33,37,0,0,44,10,8,4,7949,378,9,7,149,11,0,38,7,23,22,0,12,9,123,205,36,3,4,33,23,11,3,0,7,79,20,2,127,5,0,14,142,35,38,0,111,27,79,2,66,1033,27,90,3,99,0,1067,3,7,17,257,99,10,0,44,5,32,954,33,31,34,1,0,64,118,15,5,0,32,53,15,2,33,0,7,13,43,148,12,2,139,52,140,0,19,21,35,9,30,3,172,126,21,3,1,41,26,75,34,27,23,30,250,0,0,45,3,0,15,120,0,23199,4,57,53,22,45,263,409,19,0,107,11,5,108,86,4,43,27,0,1,74,8,20,0,372,11,75,4,43,7,2,4,17,0,21,6,100,7,95,76,0,0,7319,67,50,2,100,55,12,9,2,83,8,0,63,6,64,544,8,6,44,17,0,0,28,1,33,156,1,301,20,3,7,13,4,12,140,33,44,33,3,11,9,58,81,35,0,26,6,11,1,13,13,0,7,4,11,13,74,8,33,7,9,14,0,2
cell_319,0,10,17,15,93,27,13,65,11,34,83,0,80,40,0,9,23,195,0,8,201,116,15,0,0,0,13,58,1,1,6,0,7,0,0,0,59,255,142,0,143,53,2,0,3,26,106,116,190,143,46,18,73,5,4,42,79,159,3860,268,18,145,3,42,87,1,29,15,62,4,13,0,20,244,65,23,20,0,70,0,5,0,114,8,492,0,117,53,1,0,0,36,346,423,9,22,6,73,36,20,7,26,6,4,7,130,161,144,23,105,38,25,64,4,64,6,39,23,1,36,25,133,6,32,235,66,0,0,15,7,89,52,52,43,2,453,124,22,1,12,333,21,39,0,4,67,7,56,67,0,9,0,167,3,0,21,25,10,39,102,8,137,10,21,4,2,1,2,3,268,54,17,827,9,69,6,35,423,2,30,14,6,42,45,3,6,20,171,22,38,21,66,32,20,57,167,48,379,22,105,0,17,0,7,64,46,29,61,7,61,2,43,27,14,13,45,5,8,6,32,1,2,2,107,25,15,8,8,20,0,17,4,29,97,2514,12,30,27,0,1240,17,27,1,0,64,0,12,33,8,6,2116,128,2,33,630,27,0,2,36,17,58,13,14,0,7,5,12,7,34,652,201,0,136,26,36,57,76,0,5,14,37,9,7764,338,8,15,8,7,7,43,22,6,18,0,37,48,59,248,40,2,4,13,33,23,0,8,5,34,26,19,139,0,0,38,105,28,33,5,196,34,59,4,11,1023,32,49,0,17,8,1117,5,39,11,192,93,20,2,2,3,30,1106,42,31,35,0,0,53,104,0,0,0,11,46,12,71,16,73,8,8,31,198,38,11,588,62,199,0,19,34,242,0,23,2,41,106,14,0,0,46,29,87,17,27,21,53,0,6,12,27,10,0,0,85,0,23879,8,56,19,20,31,274,292,5,11,92,2,14,41,0,17,44,27,7,2,135,0,7,34,299,0,40,0,37,11,0,80,13,4,241,33,55,13,99,183,0,1,7372,91,89,2,19,26,18,14,4,26,32,0,80,13,80,519,54,10,41,18,0,12,18,0,5,117,3,433,25,7,8,21,0,3,135,18,235,11,24,0,0,64,105,28,0,36,18,0,0,9,14,13,19,40,0,0,44,8,1,1,36,2,0,5
cell_320,80,26,21,0,74,17,13,37,25,29,90,0,101,11,0,0,39,184,16,22,65,76,5,3,1,0,6,20,8,2,2,96,9,0,1,3,37,107,124,0,83,45,71,0,5,0,183,109,133,154,50,11,0,5,23,47,2,194,3651,229,3,68,38,49,23,0,5,28,145,5,3,1,10,244,48,54,12,124,50,5,1,0,66,11,426,14,8,51,1,2,0,21,373,179,6,8,133,151,45,43,0,1,0,2,8,41,135,51,5,39,5,60,64,3,32,9,32,13,1,24,0,27,1,42,162,13,4,1,65,11,20,7,29,58,4,289,110,0,2,110,290,71,16,1,1,169,7,47,31,0,0,3,16,9,1,2,79,15,40,118,1,173,7,28,1,9,10,1,4,278,70,19,830,16,0,21,63,400,1,25,8,0,0,5,46,9,25,170,0,22,18,58,13,5,74,87,65,188,2,120,1,19,0,4,64,126,10,57,60,17,8,46,35,8,10,0,2,4,0,6,19,16,0,85,21,28,0,6,24,41,34,14,9,70,2528,16,11,0,0,1164,15,27,3,0,19,18,0,25,32,0,652,137,0,20,664,24,2,1,32,5,53,20,17,0,16,9,0,0,47,345,180,2,117,64,37,50,30,0,1,50,4,2,7642,352,10,25,0,7,0,60,16,9,17,0,3,50,57,232,38,2,7,22,3,12,0,15,42,89,27,28,78,10,0,50,123,13,50,5,127,21,163,4,43,360,16,11,9,50,2,762,12,5,3,257,43,20,0,15,5,61,1042,39,29,36,19,0,40,77,1,14,1,14,50,4,91,14,0,18,9,43,145,27,1,426,49,181,0,17,25,0,0,25,16,164,100,0,0,16,11,10,5,32,7,18,38,4,0,7,30,4,0,9,65,0,23224,1,65,65,18,44,285,411,10,1,88,9,0,106,0,32,27,8,0,4,110,8,14,184,380,7,13,0,33,1,11,13,2,0,125,18,68,3,79,156,28,0,7383,64,42,11,3,58,27,7,1,85,0,0,79,5,58,163,58,1,23,11,8,4,28,15,2,85,2,365,30,4,21,4,14,0,107,16,245,1,11,0,7,41,89,16,0,33,2,12,0,12,52,2,24,0,43,2,68,0,140,3,19,68,0,0
cell_321,0,3,1,7,19,5,1,18,9,7,57,14,29,0,0,19,26,9,9,13,8,86,11,0,9,0,2,40,6,8,11,0,10,42,0,0,13,39,144,0,0,235,245,1,8,41,31,113,105,81,54,17,0,5,46,2,38,811,1769,234,19,110,4,41,46,6,34,57,24,7,6,0,7,10,39,53,7,237,56,3,7,0,30,11,237,0,33,30,1,0,3,13,168,60,1,38,56,108,29,10,0,6,3,4,13,60,125,47,7,98,6,155,43,16,90,52,11,38,0,0,0,4,2,18,150,4,9,0,25,14,77,35,14,28,12,122,79,114,0,26,180,26,39,0,14,415,5,36,3,0,0,0,134,7,85,14,33,5,23,15,5,71,9,14,0,134,7,26,2,214,38,28,596,1,125,32,24,442,4,121,1,3,0,7,15,17,69,15,0,45,13,9,14,27,18,184,172,68,35,107,7,25,5,0,87,96,30,11,51,65,1,11,43,13,36,150,2,19,0,6,6,7,3,76,68,7,0,48,7,1,45,16,25,34,3223,5,11,11,0,1150,187,60,1,0,111,230,35,30,6,0,58,100,1,0,167,11,10,0,81,26,87,12,8,11,102,206,0,0,85,78,135,0,28,9,105,57,34,0,5,0,12,0,2765,378,9,15,0,23,0,185,15,10,23,0,1,31,40,17,51,16,13,24,18,9,0,0,9,141,47,61,72,9,0,126,202,27,92,0,172,38,97,6,11,103,3,28,1,0,10,240,5,5,4,106,35,40,0,3,2,7,899,70,139,95,0,0,5,55,0,5,0,20,103,14,28,47,90,72,5,29,198,18,0,82,54,174,0,70,11,0,19,5,2,26,167,0,11,9,75,14,20,12,11,46,25,94,1,25,62,0,0,44,4,0,8519,2,48,21,26,89,255,9,14,16,16,6,13,0,33,8,0,12,4,16,0,2,23,42,100,35,11,3,53,17,7,8,35,8,1078,8,74,8,25,91,0,4,2673,31,12,20,13,14,34,1,7,37,22,1,58,0,33,43,193,45,9,25,0,72,51,57,15,97,10,337,21,14,23,7,0,5,176,14,144,40,5,22,11,14,174,37,13,106,2,7,0,49,11,0,22,10,0,5,55,1,3,1,13,80,1,0
cell_322,0,2,0,11,54,32,16,14,48,2,46,52,11,3,0,6,26,47,0,19,94,43,49,4,10,0,0,26,3,4,21,0,51,1,0,16,58,13,124,24,13,73,21,2,1,8,43,59,83,85,99,29,0,18,3,4,1,114,1325,51,27,56,6,12,44,12,51,40,73,50,6,0,15,24,13,34,29,18,36,5,5,0,72,1,88,0,37,85,4,0,15,11,9,19,2,8,4,72,4,8,12,42,82,13,23,95,36,71,10,118,27,35,95,81,42,0,48,20,0,5,0,15,7,8,22,31,29,0,17,30,38,7,30,82,16,17,136,0,0,35,124,39,14,22,0,56,8,74,36,0,12,0,104,4,0,13,22,14,48,59,17,33,5,58,0,133,17,18,7,78,39,86,1688,13,86,4,39,90,0,87,24,24,0,19,49,7,13,39,1,20,69,2,59,2,15,41,11,26,24,92,14,73,0,4,91,15,1,58,8,52,26,81,19,0,5,34,12,15,7,43,67,8,12,59,97,26,0,75,53,36,22,50,15,36,1334,38,33,2,0,1224,76,68,3,0,82,15,9,128,13,23,73,123,5,0,84,59,78,15,47,8,64,15,53,1,0,22,20,0,109,42,82,9,18,103,49,54,1,0,11,4,19,0,1927,68,27,19,13,6,0,68,2,0,47,0,6,27,72,53,70,17,58,79,10,15,15,11,5,75,48,31,13,5,0,24,117,26,27,25,45,74,67,14,49,36,13,9,9,10,23,91,36,40,14,47,21,6,22,65,24,1,2322,91,77,70,0,0,59,6,1,11,0,0,59,4,11,67,5,27,0,75,64,45,14,62,20,78,1,45,7,0,10,58,3,45,93,0,0,39,130,20,17,5,9,16,44,8,5,20,11,25,0,8,34,4,3187,15,64,48,28,73,60,47,2,0,89,0,23,86,10,0,60,16,0,4,0,0,25,75,65,55,17,4,68,1,39,44,24,6,90,2,64,8,61,76,2,0,3982,46,19,0,50,57,54,42,9,68,7,56,73,2,50,42,63,30,10,40,0,52,37,2,1,31,29,37,37,6,13,5,7,3,83,25,7,0,10,0,4,27,115,42,4,55,4,6,1,67,52,1,52,16,0,0,40,7,3,0,37,88,0,2
cell_323,45,0,5,10,74,33,9,31,2,3,67,6,46,18,0,10,21,10,0,0,52,56,16,15,14,20,87,5,6,29,17,0,3,2,28,18,21,90,89,7,1,86,1,5,1,22,31,51,52,115,85,20,0,0,5,0,29,253,4952,121,3,33,21,10,47,3,10,14,21,6,2,0,24,26,19,69,14,110,99,10,12,0,52,0,116,0,120,67,5,9,0,7,92,201,0,7,15,89,28,19,21,5,63,10,7,63,231,46,21,38,16,72,37,26,78,91,7,16,7,18,0,50,0,2,8,10,12,0,23,17,22,11,19,71,20,180,30,25,0,18,59,72,42,6,1,200,9,42,11,0,0,0,103,29,0,25,80,18,23,80,12,28,0,57,0,171,9,21,41,93,38,33,593,6,57,62,44,286,64,77,10,32,2,37,10,6,20,147,1,57,7,20,41,0,32,126,37,48,13,57,22,20,0,17,55,33,67,39,40,14,23,39,47,8,55,33,33,7,0,36,23,2,1,53,78,21,40,19,5,26,13,1,117,15,2573,22,23,0,3,1378,79,29,8,0,65,72,0,33,21,0,66,40,2,31,62,1,99,22,39,0,90,4,27,0,77,85,90,2,92,78,245,13,120,3,66,35,73,5,27,18,10,4,2225,106,12,2,85,30,0,129,7,11,49,0,2,22,39,26,15,7,34,46,0,6,7,0,1,39,60,31,9,71,0,39,78,57,62,12,21,18,36,6,19,163,18,55,1,1,6,148,5,38,15,57,32,12,0,20,25,9,2098,126,85,74,0,0,64,22,2,39,0,28,86,24,1,49,5,69,39,71,40,42,5,20,17,91,0,2,34,0,14,50,7,72,142,61,37,8,32,27,0,11,0,61,14,117,1,87,47,27,0,10,23,29,12053,13,48,17,14,69,206,21,15,2,16,17,26,4,0,0,0,0,0,9,0,18,0,1,93,45,21,0,49,9,5,1,43,17,274,0,84,5,30,180,2,1,5588,62,9,3,10,55,47,0,2,34,0,0,160,1,14,110,88,6,8,31,0,19,12,19,1,73,0,51,46,19,14,10,94,1,139,10,90,2,18,6,0,29,148,58,70,149,3,0,0,37,16,4,22,7,7,13,34,20,3,1,16,43,0,0
cell_324,1,33,12,1,22,1,17,63,19,13,31,19,25,26,0,19,25,13,0,5,10,85,6,0,12,0,0,60,64,3,16,1,0,10,0,23,26,269,571,1,1,302,46,3,2,2,20,153,117,205,51,9,1,2,20,1,2,1853,2237,207,5,104,23,27,94,105,45,69,34,7,9,0,0,91,19,37,14,103,55,1,4,0,22,1,273,39,30,25,0,0,0,8,195,33,2,27,5,29,16,18,0,13,8,5,6,36,154,76,8,26,3,93,48,12,57,41,46,31,0,2,0,0,18,24,197,27,24,0,10,7,11,28,100,27,17,69,128,130,6,17,237,34,4,0,5,158,4,44,22,6,2,0,74,46,0,18,16,9,21,18,14,133,19,12,0,146,0,41,2,255,45,19,642,5,56,51,27,459,4,80,19,4,0,6,93,4,9,43,8,39,22,17,36,17,40,254,260,108,61,149,18,23,0,36,55,8,0,24,51,46,29,34,41,31,60,124,8,16,0,1,9,7,7,216,56,0,3,43,3,9,44,50,20,38,3177,33,11,4,0,970,243,67,3,0,48,399,18,27,3,0,27,136,0,0,188,12,0,0,60,0,63,11,18,0,15,97,0,8,41,48,194,0,18,0,71,48,33,23,6,13,2,0,3230,322,1,4,55,38,0,262,18,9,25,0,19,32,17,23,81,6,10,51,6,37,0,1,16,104,61,8,72,7,0,95,200,51,148,73,214,68,143,3,48,46,13,105,0,1,4,191,1,17,11,85,10,69,1,5,3,10,937,54,208,81,9,0,181,57,19,0,0,4,124,25,29,12,0,91,5,121,157,33,0,433,0,94,2,116,4,0,0,46,1,56,198,0,50,4,210,16,13,17,34,31,10,75,3,10,19,0,0,20,33,1,7085,2,78,34,22,81,308,19,6,0,17,10,42,20,12,2,17,2,0,19,0,0,11,2,72,16,9,7,58,4,19,6,17,11,847,4,69,1,4,162,0,0,1328,30,8,24,76,7,14,0,5,21,7,1,100,4,7,22,93,5,21,24,7,88,213,11,23,142,13,279,94,9,16,76,0,3,97,16,49,5,4,0,0,33,126,62,11,268,5,0,0,53,17,2,20,0,38,0,101,2,3,2,10,70,0,4
cell_325,0,12,9,11,118,6,9,15,3,194,108,1,31,3,0,73,59,11,0,0,122,70,20,13,3,7,50,54,2,16,4,13,23,5,0,46,21,497,72,1,0,63,30,1,2,5,104,73,61,90,21,3,0,10,0,26,8,143,2805,247,3,106,30,13,11,1,44,27,107,4,2,7,2,64,7,61,9,20,50,0,2,2,119,2,499,4,61,78,1,4,0,3,43,264,10,20,55,127,9,1,1,3,22,3,7,75,243,120,20,22,10,46,64,8,89,23,33,22,0,84,0,68,16,26,135,13,2,0,33,23,19,23,98,36,9,501,70,0,0,0,209,26,17,13,59,379,8,50,30,0,1,0,115,1,25,26,13,27,22,131,2,214,3,16,7,3,15,19,22,183,18,20,783,0,100,2,5,587,0,47,0,3,1,14,55,15,39,32,5,41,29,48,31,5,41,57,79,315,30,46,2,11,12,44,73,39,33,33,13,36,3,17,40,7,16,60,3,101,4,54,2,24,2,71,46,31,0,4,13,100,40,13,114,129,2691,40,10,38,0,1234,34,37,1,0,155,18,0,34,20,3,5791,86,0,0,388,47,53,16,115,1,49,16,19,0,10,11,0,1,52,164,267,1,356,58,33,19,56,0,23,1,16,7,6039,426,5,34,118,18,0,35,0,14,16,0,7,17,96,127,32,14,23,17,0,44,7,0,2,0,33,14,167,23,0,60,83,32,31,0,180,18,16,17,39,525,26,18,4,23,8,534,9,62,40,190,11,21,4,9,0,23,976,64,37,40,1,0,11,81,68,7,0,19,40,7,3,67,6,19,19,38,193,3,3,388,35,136,0,8,4,0,12,40,5,64,89,23,8,2,47,7,33,23,0,11,58,177,0,37,57,0,0,18,55,0,10059,0,73,25,18,43,229,17,12,4,86,7,5,0,7,0,2,3,0,11,0,9,9,0,459,36,0,1,20,0,4,43,0,0,204,1,74,9,71,118,6,0,12320,39,64,3,6,18,19,12,4,46,1,0,120,4,51,484,75,36,134,10,4,15,15,15,3,161,0,350,32,3,7,10,2,3,144,13,152,14,43,0,1,26,112,30,104,68,5,25,8,16,1,6,21,28,0,8,70,6,45,7,39,34,0,1
cell_326,0,34,1,14,89,0,12,50,5,32,73,0,43,19,2,10,36,53,6,4,84,41,5,11,53,1,98,35,6,3,5,166,1,1,1,39,47,339,100,2,75,122,1,2,9,0,55,35,113,91,48,15,0,5,0,11,9,257,3462,200,6,128,27,13,84,0,43,16,86,7,16,0,17,181,8,72,12,188,43,2,3,0,113,16,265,2,0,73,0,5,1,49,105,229,3,1,2,208,101,42,12,4,30,8,2,64,278,35,7,20,24,19,42,0,28,4,61,17,0,2,5,78,33,24,26,9,12,1,38,11,24,19,111,35,12,356,72,18,1,0,216,130,3,0,3,295,14,26,24,3,0,0,66,0,18,16,7,3,19,77,1,94,7,32,0,60,3,24,24,80,58,32,1112,0,126,14,2,824,47,23,6,2,0,15,32,17,11,130,6,16,23,41,5,0,49,94,84,460,38,105,1,12,0,1,53,9,10,31,12,75,2,35,29,4,26,124,9,81,6,19,10,3,10,43,57,33,1,22,11,91,48,17,166,45,2858,53,14,5,0,1240,69,22,0,0,103,67,11,26,3,5,2027,28,0,4,221,36,15,4,105,35,43,11,13,0,0,32,156,18,64,247,450,1,20,104,56,27,1,0,8,20,38,25,4601,357,2,4,19,27,24,54,11,3,23,84,17,46,52,145,35,7,27,41,61,93,0,2,9,120,22,22,64,3,0,100,67,53,26,17,118,23,1,2,47,738,73,27,2,27,9,385,5,87,9,76,13,14,2,11,2,5,1318,66,37,57,1,0,44,94,93,3,33,0,35,3,2,52,50,54,4,86,367,17,8,284,13,57,0,13,22,268,0,45,3,71,104,0,1,2,79,3,154,11,1,10,67,0,0,3,12,5,0,7,66,31,13090,4,82,24,19,37,223,56,15,0,79,3,20,64,0,0,26,15,20,62,0,6,93,0,159,20,1,1,47,1,3,30,7,12,78,30,119,0,67,84,15,0,13764,16,31,8,34,5,7,12,4,24,5,23,161,7,5,225,79,2,22,18,0,18,35,2,0,115,0,248,26,16,4,20,61,0,83,22,79,1,14,0,6,5,168,22,0,99,1,23,8,6,20,3,12,25,0,5,98,19,15,16,33,26,4,9
cell_327,0,45,99,8,97,2,3,9,2,323,52,9,70,20,0,53,58,86,2,19,87,94,22,0,5,13,21,57,2,0,2,38,18,0,0,0,0,52,76,1,34,90,45,0,7,9,112,59,192,122,33,6,0,12,0,22,2,169,2813,214,13,126,51,2,47,66,21,28,143,6,19,0,15,85,55,67,12,315,54,2,3,1,116,4,682,0,22,58,2,0,0,7,168,315,3,74,34,137,24,8,3,9,33,2,2,114,208,90,2,14,29,22,76,6,47,4,61,11,0,31,0,53,4,12,75,7,2,0,9,33,68,25,65,30,3,680,82,1,0,89,233,8,38,0,10,390,1,45,27,0,0,0,148,1,13,2,13,25,4,91,15,185,1,21,1,15,1,9,1,170,6,15,842,9,103,0,0,434,26,55,0,1,1,48,12,4,33,111,4,21,24,50,28,15,17,37,75,414,20,77,0,19,0,42,69,12,12,47,48,70,0,21,31,6,7,78,7,9,5,49,5,11,6,70,49,26,7,6,30,48,111,22,109,67,2625,33,48,4,0,1155,32,49,5,0,47,41,11,26,1,79,6106,83,0,0,406,49,0,0,182,11,28,17,7,0,4,5,0,0,36,85,238,1,66,21,9,30,16,3,6,0,59,49,6216,326,11,14,0,3,69,21,50,3,24,0,79,60,114,19,30,1,8,7,13,21,0,0,0,78,30,40,55,3,0,42,75,26,42,14,106,14,126,11,77,1028,80,38,9,29,19,499,10,15,56,158,28,17,0,44,16,13,1195,63,11,54,0,0,24,96,2,10,0,32,37,0,68,76,4,13,11,50,169,19,1,307,14,135,13,8,39,359,9,29,7,45,130,8,3,2,54,9,1,12,12,23,30,5,2,22,1,15,6,4,83,0,9675,8,105,35,17,19,229,101,22,0,94,1,11,119,29,0,34,6,0,0,21,4,50,31,390,3,4,1,10,7,3,40,48,23,204,5,115,0,64,118,1,6,12695,51,35,3,57,49,11,18,2,94,29,10,124,1,33,460,8,0,49,18,1,25,32,10,0,134,13,324,19,10,10,21,1,1,127,23,13,24,14,0,2,45,103,26,0,78,0,0,4,18,38,23,16,7,14,0,57,3,69,2,35,26,0,3
cell_328,2,1,13,9,91,34,5,87,25,1,60,7,40,16,0,1,31,23,0,4,44,54,17,12,26,3,0,50,8,3,7,0,42,4,11,2,49,116,105,0,44,78,0,0,11,7,46,50,78,98,77,5,0,12,7,7,0,205,2904,128,20,80,13,3,47,12,26,44,55,14,9,0,38,36,27,58,15,81,65,7,7,0,80,0,143,0,132,153,1,0,1,18,84,110,1,0,15,91,21,23,5,10,40,9,6,19,113,35,13,111,47,109,32,35,27,25,29,12,2,49,0,145,9,39,31,48,8,0,9,6,1,12,93,97,14,172,73,13,1,0,213,20,11,25,10,165,9,12,20,0,0,3,103,3,1,9,4,3,11,68,8,37,13,11,0,97,6,11,16,66,10,47,886,5,82,6,29,516,16,78,10,20,0,20,5,7,16,80,5,33,25,17,40,6,75,74,103,182,21,135,4,13,0,0,59,14,35,56,22,52,6,37,22,5,4,78,11,55,6,3,15,16,8,94,59,24,3,7,26,8,56,8,99,35,2674,21,4,15,0,1339,92,12,0,0,52,2,40,25,3,0,177,33,0,2,66,50,58,7,42,2,59,16,24,0,95,24,20,6,29,246,207,1,66,48,56,37,18,48,35,6,9,2,2908,224,10,24,210,38,0,103,25,5,26,0,13,24,36,102,33,15,21,56,58,92,2,7,0,45,77,10,28,16,0,49,79,60,51,2,77,19,28,10,26,202,1,71,1,17,3,205,5,108,12,57,53,18,0,10,10,16,2404,87,47,54,0,0,41,61,6,18,0,6,55,35,26,52,0,31,11,72,176,12,0,192,31,61,0,34,3,0,15,62,0,82,154,0,0,1,66,9,25,10,2,37,25,2,0,0,32,6,0,2,70,0,10086,1,67,27,16,34,184,66,22,0,37,3,18,120,4,2,27,18,1,6,4,35,23,0,158,36,7,2,63,3,3,24,38,2,230,2,94,6,52,100,0,0,7087,64,12,1,77,37,6,15,12,36,2,29,105,2,25,87,44,26,2,14,6,66,45,79,0,133,0,174,37,46,4,17,59,0,75,20,50,22,30,0,0,35,159,39,13,67,4,0,0,20,1,4,22,22,1,0,54,0,3,1,11,16,0,15
cell_329,0,9,7,6,25,22,13,21,12,10,34,4,25,19,0,5,23,11,0,22,19,25,6,2,16,14,0,0,27,10,13,0,15,14,25,5,16,203,185,1,0,215,56,4,2,0,21,103,17,134,92,9,6,5,9,5,7,877,1853,236,26,148,3,15,35,0,42,49,39,4,1,0,50,3,38,16,4,164,41,0,1,0,15,1,114,0,102,31,9,0,0,22,166,21,27,15,10,113,16,8,13,0,2,3,7,71,208,51,8,15,10,152,45,14,30,5,24,35,0,7,5,35,20,24,160,5,29,0,26,3,2,15,96,33,11,39,65,12,7,18,213,132,8,12,9,213,15,50,65,0,0,1,120,17,0,17,10,1,19,17,10,105,14,22,2,125,1,23,3,204,11,23,719,6,34,0,15,482,8,99,5,4,0,6,51,6,51,64,8,19,23,2,35,10,16,153,32,126,119,88,13,21,0,19,64,45,81,20,16,34,17,29,20,24,17,84,37,6,5,11,8,0,5,136,62,6,5,21,5,67,9,0,6,39,3245,34,17,11,0,1130,187,78,2,0,64,66,1,28,2,0,69,151,0,9,175,33,13,0,106,0,77,6,15,3,76,49,115,1,39,69,204,0,50,55,97,57,56,0,19,33,17,3,3008,325,4,44,206,22,1,180,9,3,25,0,11,30,39,66,87,10,26,56,37,49,0,2,12,0,48,27,61,10,0,86,180,31,109,13,154,40,69,4,64,71,8,40,5,0,9,268,5,116,7,120,73,9,0,28,0,14,952,54,95,65,0,0,79,26,0,2,0,4,56,42,55,87,0,15,5,46,186,22,7,251,26,142,0,59,1,204,12,47,2,32,161,22,0,5,177,8,3,8,39,34,32,34,0,31,4,12,21,19,16,0,8605,14,59,13,14,57,232,18,20,0,20,4,5,92,5,25,23,34,0,10,0,17,9,88,97,30,9,0,46,5,0,14,16,6,676,9,75,1,37,167,41,0,3083,20,12,22,87,16,14,13,4,36,35,13,111,6,18,70,118,0,15,16,4,24,29,4,16,140,6,293,31,31,30,8,60,1,120,17,130,16,12,11,5,20,132,41,0,86,4,0,1,61,19,0,23,12,0,0,90,50,10,1,42,6,3,2
cell_330,4,0,11,0,74,62,21,3,17,1,63,108,83,6,1,12,65,31,1,2,61,62,42,7,53,20,108,62,2,10,13,69,31,0,0,0,2,37,60,5,1,50,9,11,2,1,14,97,57,88,106,15,0,15,12,1,22,137,2794,26,50,56,20,16,97,3,17,13,27,20,0,2,11,2,25,59,16,14,36,8,15,0,61,17,58,0,42,47,8,0,11,37,19,117,16,10,9,55,10,6,3,68,43,11,8,38,217,40,9,53,14,77,63,115,85,10,14,15,4,18,0,10,15,3,14,2,3,0,37,15,56,28,13,92,11,51,46,0,0,12,97,50,19,23,4,91,17,160,27,1,0,0,79,15,0,6,66,5,36,39,20,3,0,100,0,115,7,10,10,41,2,32,1280,11,78,3,25,99,0,92,0,4,0,34,2,13,85,57,0,36,15,0,37,10,41,228,15,35,61,33,17,22,14,77,73,15,6,34,18,54,4,10,59,31,0,75,24,16,2,39,52,7,2,52,54,55,19,70,50,29,21,21,32,20,1733,21,8,3,0,1571,63,20,3,0,15,3,26,45,19,0,100,30,4,0,43,12,121,8,102,0,41,8,41,6,61,48,54,5,121,72,133,5,32,0,67,49,0,15,28,5,2,3,1330,44,21,15,20,0,0,101,1,4,73,0,0,15,63,5,33,10,8,75,3,7,0,0,7,3,33,41,24,24,0,42,136,122,58,15,39,63,3,11,51,140,19,35,5,3,1,48,10,47,3,38,85,31,1,54,13,5,3194,89,69,60,20,5,25,41,20,9,0,29,57,76,13,32,30,66,95,18,62,79,11,49,55,71,0,58,35,115,53,59,4,57,94,4,8,20,33,49,6,0,18,34,61,5,23,14,10,15,0,24,22,0,5609,5,88,29,23,39,74,107,31,22,48,2,30,80,7,3,34,2,0,2,1,1,11,1,88,30,8,4,33,6,23,9,31,0,73,2,51,36,62,101,0,0,3658,23,19,6,77,22,12,10,53,42,14,19,114,3,51,76,97,27,4,21,1,43,10,26,4,34,55,31,100,3,42,1,28,6,49,26,61,8,21,3,1,37,97,73,26,72,7,1,7,78,58,1,42,32,3,3,42,45,5,0,38,59,0,3
cell_331,31,5,0,0,104,0,5,15,6,281,76,31,44,14,0,29,10,49,0,0,90,2,8,2,7,4,72,6,12,5,2,140,16,11,0,65,41,298,98,6,35,92,19,1,0,1,67,40,103,115,54,3,0,6,5,28,15,207,3214,83,10,72,27,4,48,25,40,25,79,10,16,6,4,52,49,62,13,0,39,1,9,2,113,25,393,0,26,64,1,0,2,26,103,161,7,14,3,99,7,2,5,3,17,3,19,47,286,34,2,72,35,13,46,0,82,4,14,11,0,10,2,109,22,21,97,53,21,0,28,22,35,11,97,49,9,167,67,15,1,14,226,59,14,4,2,135,12,46,5,1,0,3,157,1,0,25,22,5,4,62,13,122,21,31,0,62,4,10,19,13,5,21,891,2,98,8,10,422,108,30,0,2,0,27,13,8,33,113,3,40,20,143,56,8,49,125,129,272,16,76,6,16,1,24,64,97,35,28,21,86,2,28,34,7,16,135,4,22,5,32,12,10,14,51,56,72,13,16,16,21,53,0,135,30,2862,9,31,4,7,1294,58,49,4,0,34,75,64,25,4,10,2126,24,4,5,211,30,99,12,145,28,37,39,7,0,1,62,0,7,60,33,373,3,69,105,35,31,50,183,19,0,28,0,4604,392,4,23,1,42,1,49,37,25,21,0,81,52,22,197,47,1,10,44,52,13,0,0,0,2,14,20,155,4,0,68,85,48,47,5,197,23,12,4,9,771,58,23,2,22,1,472,3,92,25,123,42,8,3,28,12,39,1441,61,23,68,8,0,28,97,64,4,0,24,40,14,89,64,38,47,56,78,418,3,19,211,36,39,0,15,10,0,0,64,1,127,13,1,10,4,55,7,129,37,13,18,44,46,0,7,2,5,0,16,60,0,12881,5,78,27,30,17,232,66,15,0,95,3,17,66,105,0,47,8,0,1,0,21,11,0,225,5,10,0,22,9,5,8,3,0,50,3,93,7,68,178,0,20,13122,58,63,3,8,17,14,0,2,67,43,0,190,8,26,138,33,51,15,8,1,3,10,9,11,97,10,297,26,4,35,7,0,0,55,15,27,39,31,0,2,28,159,21,0,116,8,7,1,20,44,5,24,11,11,1,135,8,13,2,30,24,1,1
cell_332,0,7,7,3,88,4,5,5,21,50,26,7,32,63,0,26,62,42,0,3,82,24,13,1,5,7,127,60,1,1,3,129,16,4,3,10,67,600,113,7,6,89,87,0,2,4,81,47,125,121,54,4,8,21,2,10,19,286,3356,81,11,94,14,31,29,52,43,42,75,1,41,2,7,92,40,47,17,2,24,2,8,0,106,9,373,1,277,77,4,0,0,1,184,131,3,19,22,56,5,31,6,5,16,3,4,66,282,47,2,57,52,16,45,3,60,4,40,12,0,13,0,89,1,35,73,23,4,0,41,18,23,24,111,10,5,365,94,17,0,25,251,160,0,8,7,222,10,50,30,13,0,0,151,0,18,3,13,8,24,80,11,110,6,17,0,63,4,1,33,80,4,19,1061,4,90,4,19,826,1,31,0,7,0,7,32,11,12,89,2,27,15,66,44,5,33,115,95,316,45,15,4,14,0,7,61,0,36,24,11,74,0,19,52,1,13,132,7,26,5,19,0,4,2,56,59,3,1,19,1,1,66,21,29,50,2530,67,7,4,0,1124,55,50,5,0,81,41,7,30,2,5,2083,33,4,0,267,45,105,5,20,21,33,27,7,1,7,64,0,1,38,275,365,0,267,6,38,35,104,18,21,0,57,12,4275,382,8,27,81,17,1,60,1,19,20,0,33,45,17,2,36,12,6,36,15,32,0,0,0,0,42,19,189,8,0,62,59,56,31,1,65,25,8,3,72,734,10,26,18,4,3,459,9,8,16,101,63,27,0,26,2,3,1217,53,35,19,0,0,55,98,45,5,0,16,21,20,16,15,21,30,28,109,247,4,0,262,28,44,0,12,2,248,4,51,0,109,142,0,3,10,46,11,99,13,23,29,35,6,6,2,38,7,0,17,84,0,13277,15,86,24,16,49,212,72,29,0,86,10,11,86,94,16,2,11,0,0,19,14,24,56,279,23,7,0,23,3,1,14,17,1,416,0,67,0,58,168,0,0,15138,42,25,4,30,20,14,17,0,24,22,1,156,5,21,267,115,55,20,5,0,14,14,4,1,168,1,233,25,29,17,18,51,0,146,38,148,37,36,0,2,38,147,20,60,133,3,0,7,25,3,1,7,13,0,5,57,0,61,4,42,26,0,0
cell_333,20,20,4,1,76,15,12,51,32,4,107,25,95,11,0,74,37,33,3,6,51,43,4,1,22,3,4,4,7,18,4,2,60,83,5,0,40,52,71,4,25,73,37,7,7,4,16,88,40,81,50,26,2,6,24,1,33,140,2741,28,45,60,6,9,0,3,29,15,12,6,2,8,24,24,9,55,33,40,13,14,24,0,39,28,43,0,42,50,6,0,21,31,37,244,10,9,12,85,31,8,9,34,17,1,10,28,201,40,19,28,26,15,46,6,73,3,17,20,0,27,3,8,2,32,42,9,14,0,16,15,22,22,6,93,2,13,44,20,57,0,52,23,17,0,2,122,13,135,46,0,11,0,155,44,32,17,127,6,77,67,2,11,29,96,0,22,6,51,13,44,47,27,1132,3,12,39,33,119,8,83,4,4,0,13,18,10,51,69,32,41,21,29,37,24,37,239,38,37,20,55,3,28,18,30,114,18,77,44,42,26,7,36,54,60,6,71,19,7,1,10,64,2,2,38,52,0,0,33,24,0,15,2,21,9,1890,14,5,48,0,1682,62,99,1,0,16,70,0,37,39,29,86,20,4,3,36,2,16,2,47,4,113,7,35,0,0,80,118,11,128,61,156,24,59,31,59,33,102,1,4,18,11,5,1467,48,44,27,0,68,0,95,5,34,64,0,32,60,23,22,47,5,4,66,77,9,0,6,39,40,29,37,28,11,0,41,82,115,41,10,9,59,39,33,37,45,9,7,3,14,34,58,10,26,112,50,73,31,0,26,14,8,3887,99,66,11,29,0,83,12,0,1,27,9,63,100,67,57,17,57,53,57,28,47,24,36,29,74,0,68,34,110,3,86,1,64,84,22,1,24,60,48,133,55,53,77,35,67,2,4,23,3,0,2,17,27,5602,4,97,9,11,66,64,70,25,17,34,52,83,29,1,6,0,16,0,17,0,21,22,12,65,11,4,6,49,4,9,3,7,0,95,1,90,4,57,64,2,1,2976,41,14,7,17,9,101,22,23,46,7,0,115,13,33,40,107,26,13,39,0,10,11,18,5,45,21,88,70,10,32,13,23,3,67,29,100,4,29,5,0,21,128,70,0,81,33,2,0,96,19,0,30,13,14,5,88,37,1,6,15,37,0,9
cell_334,0,3,0,0,89,48,35,35,42,4,50,6,79,60,0,9,73,25,0,0,64,59,46,5,5,4,62,11,19,16,45,14,38,5,0,3,14,75,96,0,14,34,34,1,3,2,9,106,74,74,106,4,0,37,53,15,15,165,3100,37,55,16,57,2,52,22,52,46,36,23,4,8,9,20,13,17,0,20,47,9,19,0,102,0,41,0,50,89,7,0,0,1,17,225,13,3,3,40,12,9,15,27,36,6,6,15,240,34,21,134,4,27,53,64,73,14,52,11,11,12,0,1,17,14,9,11,2,0,10,10,18,30,42,115,10,24,40,6,0,0,70,8,20,83,3,89,20,42,66,0,0,0,126,26,11,40,7,3,31,56,15,86,7,104,1,7,8,12,31,68,7,32,916,5,18,6,41,101,2,81,7,19,0,58,37,1,3,72,3,47,21,4,47,1,75,232,31,68,35,32,1,25,25,3,75,31,27,94,10,82,8,19,14,83,8,68,15,16,9,18,9,5,1,26,47,23,18,8,44,0,7,4,21,57,1526,16,30,4,3,1513,62,124,7,1,15,3,0,42,36,24,91,16,9,1,54,29,115,3,49,18,36,3,34,0,26,22,33,5,72,150,187,4,54,0,62,55,9,2,6,15,6,5,1402,54,19,19,34,8,0,96,5,6,92,3,2,2,31,18,42,8,13,92,21,64,11,21,63,0,49,19,24,13,0,61,106,71,47,1,42,53,14,13,27,120,32,77,2,10,4,68,8,1,64,42,56,12,5,25,17,48,2616,96,86,62,31,17,91,7,3,5,0,23,55,19,9,15,8,23,44,52,57,57,3,69,2,42,0,30,72,93,26,46,2,9,84,23,25,14,72,21,42,10,16,7,29,18,0,93,17,14,1,18,13,2,5891,10,72,11,22,71,81,109,28,9,49,6,12,4,2,0,0,28,12,5,0,6,0,12,109,43,21,4,23,0,29,37,15,8,119,1,49,59,60,104,0,0,3521,30,38,8,56,23,81,4,22,78,30,1,146,6,13,41,49,33,9,26,0,50,15,12,13,34,5,47,117,7,10,16,12,2,74,21,70,6,30,0,2,29,103,89,7,43,12,0,6,40,9,8,25,8,0,26,67,0,37,4,23,44,0,16
cell_335,1,7,1,1,92,82,1,69,25,37,68,70,105,28,0,0,48,25,0,0,74,72,46,0,5,0,102,50,12,11,18,0,102,0,0,17,2,8,65,4,11,62,14,2,16,0,8,94,69,75,88,48,5,8,0,0,63,129,3052,17,41,39,30,25,0,49,37,20,23,9,23,17,11,14,38,44,45,48,6,1,17,0,102,16,66,0,28,44,3,1,0,5,10,204,2,3,9,58,4,1,5,15,6,11,35,22,237,48,17,72,22,63,46,11,80,4,19,12,0,20,30,16,1,17,68,69,3,0,17,12,34,29,14,65,5,27,40,6,0,22,106,57,63,8,21,116,6,165,22,4,0,3,50,47,0,20,25,13,48,70,31,67,1,96,3,177,0,2,23,52,9,33,1156,4,87,9,23,98,0,91,0,13,5,55,23,6,50,98,1,42,24,4,76,6,16,189,1,24,105,35,1,22,2,16,75,139,70,92,7,27,4,39,38,21,10,26,34,2,5,37,5,5,11,42,56,25,35,68,40,1,7,14,3,35,1990,6,52,34,0,1544,70,75,0,1,30,58,0,40,31,9,91,33,17,11,32,17,0,0,137,13,143,11,13,0,24,50,117,0,7,67,145,0,71,2,84,54,1,33,15,13,34,0,1440,64,42,11,17,14,13,70,4,11,108,0,4,12,71,0,38,22,12,95,52,23,0,0,33,0,16,32,84,0,0,46,0,20,57,1,44,69,85,13,23,105,18,41,0,2,38,61,13,11,23,41,54,9,1,11,3,32,2966,108,96,81,0,10,63,15,31,12,8,74,94,34,23,121,17,137,50,60,46,42,34,73,0,71,0,57,0,0,60,37,1,21,25,60,6,48,34,16,1,21,23,71,15,4,13,3,28,8,0,0,25,0,5404,41,76,10,14,65,104,37,20,27,55,3,56,48,20,6,32,21,0,15,0,11,7,30,104,49,3,0,19,9,1,30,31,1,24,0,60,72,51,99,0,0,3133,52,22,6,57,42,97,5,20,9,49,0,76,30,26,67,60,21,3,29,1,18,8,29,3,29,13,39,54,3,22,0,0,2,70,13,72,32,60,15,1,65,118,81,0,51,14,5,9,77,82,1,19,1,2,5,90,39,44,1,40,34,5,4
cell_336,0,10,3,0,82,70,18,5,6,3,3,5,71,16,0,30,46,40,0,8,45,50,44,7,33,5,10,31,10,31,28,46,46,17,0,2,61,62,90,5,48,35,108,0,14,1,41,115,65,87,71,9,1,10,6,6,6,169,3115,12,3,4,52,6,44,9,18,13,14,15,35,7,15,17,15,40,12,27,45,38,2,0,113,14,49,2,24,35,17,56,0,3,32,134,2,0,0,50,31,7,3,31,19,3,12,43,222,44,6,75,30,16,44,0,83,40,22,38,67,16,2,11,7,28,4,5,6,0,15,36,110,32,22,94,15,5,61,0,0,0,109,68,9,38,17,119,7,148,48,0,0,0,126,30,2,5,14,2,51,57,1,50,3,119,1,45,0,59,45,43,26,47,1071,3,3,18,73,116,5,88,0,2,2,11,21,1,79,103,2,42,21,12,61,5,72,66,55,46,15,28,10,30,1,67,68,12,120,39,1,37,0,27,63,23,0,51,0,1,41,23,6,5,1,35,39,87,29,55,28,0,103,28,30,39,1533,28,15,12,0,1313,48,69,7,2,12,29,0,21,32,19,114,36,0,1,35,88,9,2,34,0,169,7,36,0,59,105,81,4,65,134,169,6,20,72,69,42,23,0,36,64,26,8,1433,62,9,9,87,5,2,69,6,12,94,0,8,27,78,5,29,1,7,85,68,6,0,29,29,9,44,28,59,28,0,52,129,71,52,5,45,57,29,29,15,146,13,18,24,19,7,40,5,83,37,42,75,14,0,16,41,17,2943,106,0,89,0,0,127,60,9,0,0,11,49,90,54,64,7,45,83,38,98,8,1,66,65,66,0,52,96,133,4,107,26,57,85,0,12,17,70,65,44,47,61,81,47,0,3,6,36,5,0,7,5,0,5342,15,73,3,19,48,81,87,20,10,35,12,11,55,5,0,17,17,6,11,0,16,18,0,105,17,9,3,35,13,12,11,9,35,32,2,57,21,65,107,5,0,3615,48,3,1,49,20,11,14,21,17,42,2,63,17,27,72,117,17,18,8,7,0,17,13,12,57,16,69,114,23,8,3,70,0,16,28,91,11,46,2,1,26,79,69,7,17,0,0,1,66,36,4,9,0,0,5,81,1,30,2,16,77,21,61
cell_337,11,39,0,11,78,69,4,52,13,254,118,15,87,15,0,32,39,38,0,3,111,48,7,35,25,0,12,16,3,5,3,87,6,4,0,42,54,296,121,4,0,42,16,1,9,24,123,98,150,131,37,37,0,10,3,25,65,199,3759,28,19,159,0,16,62,5,27,12,103,2,7,5,3,121,46,56,9,375,61,0,0,0,97,0,583,0,224,54,1,0,0,5,175,125,7,2,55,36,16,1,10,9,26,0,10,133,133,79,32,21,59,11,65,7,55,11,8,24,0,173,1,43,2,20,264,21,4,0,37,7,6,46,33,43,1,464,124,4,2,24,161,95,10,6,21,202,10,47,32,0,0,0,119,0,40,4,4,41,37,101,3,129,1,1,0,13,10,2,0,319,36,18,785,19,104,1,39,414,6,25,0,18,2,2,14,23,21,140,40,85,3,33,26,4,42,117,100,106,15,62,2,17,0,1,86,54,8,39,19,58,0,66,30,1,6,41,6,66,27,59,5,10,9,87,19,23,2,0,24,6,23,1,152,136,2698,53,26,68,0,1254,28,34,0,0,163,0,0,20,15,13,2727,103,0,0,718,45,12,26,63,61,62,24,8,0,0,12,19,0,41,508,198,0,433,0,37,45,9,0,49,0,10,19,7482,375,4,19,138,12,0,39,2,18,12,0,25,44,121,160,42,0,4,32,20,9,0,3,1,0,31,4,81,2,0,39,134,24,39,2,256,32,68,4,19,1126,50,13,2,11,9,868,5,28,34,288,73,25,1,1,0,13,957,53,20,33,0,0,17,108,48,17,0,9,48,1,54,14,0,20,12,55,113,26,1,389,2,162,0,8,2,1,1,19,0,134,94,0,1,5,46,8,88,4,27,18,39,232,7,32,61,32,0,10,87,0,20476,8,69,39,15,50,308,211,19,22,74,16,3,91,94,36,20,13,17,31,38,1,13,0,321,29,7,2,39,21,12,59,8,0,179,3,58,2,11,201,4,0,6361,84,52,8,11,12,26,9,3,35,9,19,89,2,28,229,70,56,24,11,1,10,79,16,49,128,0,355,21,14,23,2,7,0,113,28,213,5,32,23,3,27,73,22,12,27,20,2,5,16,2,1,12,8,0,0,30,0,24,4,1,61,0,1
cell_338,0,43,10,9,104,19,6,35,5,3,112,0,91,80,0,6,52,60,1,15,119,79,0,5,4,0,51,0,1,0,3,4,30,5,0,11,29,123,52,0,199,54,69,0,8,0,130,77,190,81,44,54,0,5,6,15,4,213,2842,97,13,59,19,9,19,0,38,41,119,9,3,7,29,295,36,10,1,352,32,0,1,14,60,13,572,0,22,58,0,0,0,4,207,343,1,0,33,123,47,7,14,4,25,1,1,24,143,101,2,27,42,40,57,3,7,93,72,12,3,38,0,41,14,25,55,0,18,0,31,5,0,27,106,33,4,21,85,9,0,29,188,29,12,2,43,394,6,28,10,0,0,0,144,3,15,30,21,22,28,124,7,229,14,20,11,9,4,5,9,216,67,15,770,3,92,17,17,439,6,37,5,10,5,8,31,21,5,79,31,37,25,39,14,0,44,58,55,536,3,103,6,8,14,27,83,101,30,60,15,29,0,12,37,0,6,71,2,11,5,35,17,18,19,77,49,213,3,3,18,113,187,29,50,106,2763,49,36,26,6,1241,33,24,0,1,141,70,0,26,3,56,6373,62,0,13,440,60,0,0,24,17,62,12,11,6,26,5,77,0,7,426,246,7,567,70,48,35,38,0,4,5,17,43,6286,360,1,3,0,61,33,19,30,4,13,115,4,12,40,117,26,5,3,6,4,88,7,3,3,108,26,27,51,11,1,64,89,26,24,0,177,25,72,0,40,1064,17,32,8,12,0,467,3,32,31,188,51,28,1,10,2,11,1306,44,26,52,113,0,25,60,2,2,0,9,28,8,139,59,9,15,18,67,62,23,2,370,36,125,22,8,37,422,0,12,6,11,89,18,2,2,59,14,86,28,11,6,34,248,0,21,38,5,0,4,24,0,9268,0,94,14,10,31,213,141,3,54,27,15,9,0,16,15,0,1,112,113,0,17,39,0,337,28,25,0,28,0,3,43,10,7,175,5,72,6,34,50,46,0,12000,14,53,1,23,4,19,22,31,4,1,20,98,1,9,478,47,0,83,10,3,17,17,12,12,152,2,351,17,17,7,3,56,5,102,23,207,0,3,0,6,42,112,8,13,62,0,4,5,9,21,1,3,0,6,0,6,1,6,27,37,30,1,11
cell_339,45,16,0,2,77,59,0,47,30,32,119,7,73,29,0,187,5,159,0,3,168,55,32,34,13,0,156,38,2,3,1,5,27,4,2,31,234,456,153,1,55,56,150,2,13,13,181,90,207,144,32,5,30,6,0,58,8,212,3912,256,23,97,8,0,67,0,34,12,125,8,2,3,11,339,15,12,7,454,49,0,4,0,128,19,466,0,263,62,0,0,3,50,266,364,7,0,31,34,48,13,0,26,0,0,12,135,161,43,11,73,51,77,67,0,43,0,60,35,0,39,14,11,22,35,275,10,19,0,130,11,22,15,42,62,7,18,120,4,0,1,275,47,0,0,1,191,11,20,16,0,0,0,176,1,8,12,26,8,40,104,13,124,27,17,0,11,2,5,0,332,14,20,747,9,0,18,53,365,4,25,2,9,0,25,20,11,11,177,12,19,15,57,24,13,74,156,88,180,43,117,15,12,0,0,72,22,184,49,35,42,4,39,32,11,1,68,19,34,24,7,4,15,1,109,29,2,0,5,18,65,64,9,105,84,2720,39,10,18,0,1231,28,30,0,0,29,51,7,24,9,39,2674,121,1,7,603,42,0,0,42,68,52,20,13,4,3,19,119,6,52,581,141,0,98,45,40,50,138,0,8,0,30,14,7607,352,1,11,0,42,5,46,1,18,18,111,22,59,88,379,45,9,9,18,8,88,0,6,7,113,3,22,110,0,0,46,99,48,28,19,213,32,61,2,27,359,0,12,5,7,0,973,16,50,33,262,110,3,4,1,0,2,1090,39,23,24,9,0,79,87,74,5,0,2,37,10,61,19,63,21,12,38,161,18,24,676,45,156,3,9,12,231,0,34,0,117,105,0,0,5,33,11,155,117,2,31,50,0,4,1,42,5,0,19,114,11,21672,17,51,40,26,43,218,431,14,4,81,7,14,41,61,6,20,51,0,0,7,11,16,25,394,16,9,1,40,1,3,79,0,1,198,23,49,9,115,48,0,3,6548,95,41,2,28,6,17,10,8,5,38,0,78,2,48,621,39,57,163,7,11,4,22,7,3,122,2,416,28,14,6,11,8,0,68,37,296,54,32,0,2,29,106,27,159,24,23,4,14,15,4,0,21,52,12,0,18,1,149,19,24,35,0,1
cell_340,762,13,35,8,75,0,2,20,20,12,87,6,18,3,0,99,31,22,7,0,58,22,14,20,10,0,25,26,4,8,5,124,10,0,0,0,7,420,96,2,33,90,5,8,6,42,67,45,58,93,50,3,0,8,4,2,4,259,3311,163,3,119,3,5,55,7,8,2,13,5,7,0,11,46,47,28,13,192,44,5,2,7,73,2,209,1,215,53,1,1,9,10,105,70,19,26,55,169,23,14,4,13,41,0,7,51,247,27,1,16,5,35,38,24,29,92,36,10,0,31,0,11,4,16,65,9,5,0,14,12,46,2,52,54,4,305,47,25,0,71,223,58,27,3,8,334,3,40,18,1,4,2,22,17,76,5,8,0,0,69,37,63,2,43,12,70,11,11,6,67,38,21,1014,47,118,0,17,262,0,25,19,7,0,14,44,20,33,42,2,63,16,21,28,18,21,132,111,485,20,107,7,18,2,31,62,21,45,18,45,90,8,15,34,9,9,101,18,3,0,23,12,13,6,53,29,70,1,8,7,77,69,48,81,23,2990,7,0,3,8,1230,66,40,0,0,36,48,38,27,2,0,1524,49,4,20,244,22,42,3,158,4,48,15,26,0,15,122,9,10,27,95,349,6,237,5,29,28,95,189,10,11,6,1,4125,266,8,12,154,35,5,74,22,0,21,24,48,51,41,70,34,23,53,28,0,26,0,5,0,42,16,15,13,42,0,3,7,49,37,7,98,33,7,4,122,437,49,85,7,29,0,466,10,51,0,107,25,41,7,41,5,9,1095,63,21,41,21,0,44,15,5,6,0,3,64,14,84,45,16,2,8,76,194,12,2,157,0,49,5,13,39,33,31,19,6,82,113,101,9,10,19,15,0,12,0,103,11,135,3,13,19,6,0,6,41,4,13153,8,76,23,3,48,192,26,9,14,44,6,12,42,4,1,32,9,55,24,0,20,13,10,54,6,6,1,39,26,10,15,21,5,435,0,67,1,70,162,3,0,12341,16,39,4,36,56,17,13,2,22,0,2,124,1,30,299,102,3,13,14,4,63,18,7,1,144,0,203,34,5,7,9,4,4,163,26,0,40,8,0,1,3,153,38,65,102,5,0,0,3,35,3,15,32,0,2,46,50,26,1,7,16,0,0
cell_341,0,5,4,13,112,22,1,14,7,87,99,1,53,13,0,28,13,102,3,15,192,41,41,2,3,1,167,21,1,4,2,37,16,1,0,13,37,108,146,2,1,39,151,1,2,108,158,102,116,132,28,4,7,42,7,38,28,176,4011,164,1,44,2,0,8,3,4,22,18,2,3,19,5,214,14,47,23,506,54,0,5,57,84,9,505,1,48,58,0,0,0,16,246,404,5,13,62,50,15,27,5,6,38,2,20,131,178,107,8,41,18,4,54,8,25,9,63,18,0,81,0,44,17,51,242,0,10,24,48,14,1,11,80,46,1,29,128,27,0,31,271,96,17,5,13,237,6,22,53,0,0,2,140,1,3,36,22,5,11,145,29,219,7,18,3,1,1,9,1,317,8,20,702,6,101,15,48,195,1,32,2,28,0,18,5,13,13,134,41,63,14,59,19,2,90,117,49,423,71,40,2,23,1,4,79,312,125,27,9,61,10,42,41,0,11,52,7,24,0,63,4,2,8,104,23,40,0,2,6,93,23,5,97,64,2816,3,1,96,0,1350,25,11,8,7,87,29,0,22,15,43,2570,90,4,21,650,31,45,2,54,29,47,15,6,0,16,16,32,17,42,585,214,2,459,4,34,46,44,0,23,16,7,34,8051,315,8,0,66,73,12,36,2,23,17,2,31,25,78,257,18,5,37,34,0,55,6,0,6,0,15,7,94,5,0,41,87,33,40,0,244,24,28,0,2,920,0,47,1,14,3,920,6,6,31,203,64,13,5,0,3,7,1206,39,27,27,298,0,64,90,3,8,1,27,49,9,48,28,5,17,13,34,45,31,9,594,1,159,0,16,11,103,0,0,2,42,81,70,10,7,34,26,156,23,6,8,38,585,1,17,81,2,9,9,46,1,21469,3,68,48,22,41,289,93,17,0,36,6,15,0,11,56,41,1,0,41,0,42,35,16,354,15,8,0,11,0,12,71,8,0,211,15,103,2,110,5,0,0,6719,36,48,4,7,14,23,0,20,56,24,0,122,3,19,558,31,16,44,22,0,4,16,12,12,119,2,385,14,5,19,0,35,4,126,15,156,33,5,20,3,20,80,26,1,8,14,1,0,7,21,9,10,4,0,4,24,4,0,45,22,29,2,0
cell_342,24,11,10,14,77,64,5,22,11,221,4,0,110,81,0,23,36,123,0,0,177,38,26,6,1,4,104,83,4,0,1,82,26,4,1,8,70,114,139,1,63,45,213,0,12,0,25,124,230,145,38,1,9,14,0,19,3,70,3973,258,5,39,6,49,11,1,13,13,76,3,19,6,3,34,30,40,10,413,49,6,5,1,147,1,551,2,66,67,1,0,0,12,385,239,17,1,36,134,43,30,0,6,0,3,6,141,156,144,5,60,3,23,50,0,54,10,20,37,0,112,6,76,16,26,57,11,0,3,21,13,28,13,57,26,3,345,96,3,0,17,282,25,50,0,12,241,5,34,56,0,0,0,102,14,0,0,23,2,10,137,23,140,11,17,0,14,0,8,8,298,44,18,679,0,26,0,54,453,1,26,7,6,0,40,3,9,36,161,3,96,24,32,30,0,75,131,67,905,10,45,8,16,7,46,99,2,8,47,20,23,0,32,48,8,1,39,3,12,4,1,1,5,2,66,32,0,1,5,0,13,62,2,37,112,2784,12,10,9,0,1288,28,23,0,0,18,54,53,26,4,3,2282,83,1,16,659,10,37,5,77,7,60,15,7,0,25,3,0,53,44,22,197,2,109,0,25,66,106,2,3,3,43,0,7274,328,9,25,0,7,0,60,8,19,27,0,21,42,80,79,43,2,3,17,3,32,0,2,0,96,24,26,122,16,0,42,131,32,44,6,32,27,79,8,15,1129,16,29,0,56,0,922,6,18,41,246,43,39,2,5,2,62,1114,48,15,10,253,0,63,85,53,2,0,17,30,11,12,8,84,12,32,28,132,5,0,224,11,163,1,16,5,150,2,22,7,165,82,0,3,5,12,17,80,113,40,23,39,0,3,0,15,32,6,8,103,19,22920,14,62,68,10,51,286,229,15,9,89,4,14,37,108,7,55,48,0,1,0,7,11,1,355,14,3,1,29,1,1,18,6,15,264,4,74,1,103,81,35,3,6489,115,48,7,17,60,11,0,0,61,8,1,104,4,62,638,29,3,139,20,4,13,42,3,0,138,0,412,21,29,8,24,2,9,23,34,159,23,38,45,3,112,83,28,69,33,1,0,3,7,8,0,27,2,13,2,87,0,165,1,16,66,0,6
cell_343,734,10,98,9,82,34,18,7,9,1,103,1,91,5,0,5,23,97,0,0,47,70,21,12,3,2,156,0,4,0,2,124,1,6,23,97,98,425,121,1,50,68,44,2,9,0,96,80,235,140,39,1,22,13,6,0,51,160,3782,87,0,90,9,36,102,6,4,17,82,2,4,25,9,54,57,64,6,243,46,5,4,1,136,0,357,16,126,24,2,1,0,24,368,95,2,0,102,156,131,15,7,20,8,5,22,149,118,153,16,22,16,57,61,8,46,42,59,21,1,38,0,102,14,25,138,19,16,0,13,10,56,21,14,46,2,139,53,0,0,4,90,13,26,0,0,47,22,11,48,4,0,6,131,4,0,2,53,8,31,94,3,226,8,19,0,7,8,12,4,271,88,25,844,18,24,0,65,389,1,26,7,11,0,17,59,7,53,11,24,30,14,89,34,0,84,91,15,97,51,83,1,17,0,48,70,270,8,59,27,26,22,40,45,6,15,0,5,16,6,22,14,6,3,82,29,15,2,2,3,2,4,0,121,115,2702,41,16,0,0,1277,12,32,2,2,34,49,0,22,9,3,2154,88,0,3,582,39,15,10,38,0,59,10,16,1,29,0,17,4,42,243,169,1,306,26,29,50,0,16,4,78,14,26,7524,220,3,1,138,23,0,36,8,18,11,17,42,28,74,130,28,2,16,24,0,16,0,16,1,52,35,6,41,32,2,7,108,5,17,5,19,19,157,9,57,1015,79,98,7,7,4,280,4,25,34,277,18,19,0,14,8,21,960,44,8,6,0,0,56,40,1,6,0,0,30,23,10,22,38,9,4,50,17,39,33,249,10,148,6,2,11,52,1,35,6,204,85,19,0,8,35,20,0,28,14,55,19,353,0,81,26,11,0,2,82,0,19975,8,63,36,15,50,243,338,8,5,31,7,5,89,0,4,25,55,0,32,94,5,20,0,260,11,4,0,22,7,1,1,24,3,179,5,76,3,104,193,13,0,7209,33,11,4,9,48,20,0,18,64,0,0,74,4,11,402,67,0,41,25,12,13,23,0,32,128,12,103,32,1,8,19,53,0,66,34,222,60,0,0,9,99,64,30,47,7,2,19,0,3,13,3,8,0,9,0,5,0,130,11,11,35,0,6
cell_344,4,20,0,4,102,54,5,67,17,50,86,0,114,55,0,113,27,150,0,3,68,68,12,0,1,0,19,83,1,7,1,151,18,1,22,26,15,343,150,5,1,46,162,0,1,27,142,123,134,127,32,8,0,16,0,8,2,148,3759,157,2,125,6,13,23,2,18,27,59,1,12,7,10,77,29,43,20,337,77,3,10,0,98,0,552,2,107,90,0,1,0,26,405,757,13,8,40,112,38,25,3,22,1,4,13,133,156,115,39,38,21,46,70,13,55,16,9,16,0,50,27,75,26,57,172,2,3,0,42,3,35,13,72,45,3,112,114,13,3,2,305,39,28,0,20,35,5,53,31,0,0,0,151,7,60,33,37,2,7,132,27,145,3,11,5,23,1,1,6,257,19,22,813,3,88,3,46,374,1,21,16,20,12,31,34,18,37,103,7,24,23,71,31,16,84,112,70,669,32,104,6,12,20,39,59,264,39,41,34,59,9,40,30,4,10,69,1,2,3,7,2,14,15,91,31,1,6,9,33,72,58,9,115,105,2729,15,18,55,0,1194,22,19,0,0,23,55,6,26,25,0,1960,91,0,5,635,19,36,1,17,9,73,12,10,0,18,8,4,38,34,342,196,0,213,48,35,56,83,0,14,46,11,0,8004,369,2,6,23,69,0,52,5,7,19,167,4,29,100,307,42,10,6,37,0,34,45,0,51,101,5,4,53,9,0,48,116,34,37,0,207,20,85,1,20,990,64,70,0,42,7,975,0,26,28,255,51,8,0,0,0,19,1239,37,27,31,0,0,47,23,43,7,0,2,45,19,3,14,89,21,19,7,194,12,23,545,0,141,0,6,15,0,5,22,6,229,66,2,28,9,55,15,7,20,3,22,60,520,0,5,22,0,4,7,76,0,22196,6,65,61,20,53,284,385,14,0,67,6,7,57,78,7,0,1,0,20,133,15,4,0,116,5,3,0,29,0,2,19,0,4,238,5,68,2,77,190,0,0,6907,60,47,4,59,2,26,5,6,44,16,0,139,20,81,347,58,72,57,15,0,32,19,9,10,117,17,228,26,4,5,12,1,0,133,17,227,50,19,3,7,45,58,32,62,35,15,12,0,3,8,1,19,0,0,4,55,0,0,1,27,40,0,0
cell_345,76,24,0,5,24,169,3,36,3,9,31,5,44,2,16,32,9,9,0,69,20,39,8,3,12,0,90,0,7,0,0,8,27,33,0,2,43,19,306,3,7,238,0,0,13,2,66,192,134,28,84,19,47,0,13,3,2,7083,901,47,16,94,2,1,5,75,31,69,23,2,24,1,8,97,26,25,28,378,21,0,9,0,21,0,176,0,63,27,1,0,0,3,76,44,0,0,6,47,34,1,2,11,20,4,0,62,215,70,13,65,8,239,28,18,65,0,20,1,0,2,0,81,4,19,272,33,5,0,37,23,4,24,85,20,48,118,132,34,0,140,298,12,2,262,0,433,8,88,46,0,0,1,133,110,0,13,35,10,29,23,0,114,4,13,0,34,19,22,2,1041,26,16,655,2,9,79,14,1414,56,164,1,13,19,13,35,6,18,12,2,20,15,8,20,0,19,785,406,157,3,41,0,27,33,34,61,245,12,19,20,38,51,19,30,1,21,191,28,30,5,1,2,9,0,526,46,4,22,91,31,85,50,9,22,65,3571,50,11,10,1,944,187,298,0,0,17,113,0,29,3,14,55,273,0,0,39,33,2,1,70,8,149,4,19,0,184,271,40,1,67,76,254,13,52,14,106,30,102,0,10,61,37,34,3037,192,6,40,27,36,1,165,6,10,27,32,23,25,34,1,79,24,2,69,26,20,3,11,2,0,81,2,310,0,0,117,313,91,199,3,254,34,55,12,82,27,6,96,7,0,6,79,6,10,7,155,59,33,0,4,14,3,1385,52,258,42,84,157,180,26,0,6,0,20,61,14,119,20,36,52,11,42,30,8,2,1317,3,213,0,78,4,225,8,43,3,50,356,125,0,7,155,6,25,147,18,8,29,1,0,3,9,10,0,8,30,112,4345,50,182,5,23,89,189,18,18,19,22,13,5,123,6,1,4,26,1,4,49,18,0,1,74,23,46,1,9,6,1,16,23,0,553,0,43,22,46,250,0,0,3686,8,4,3,5,15,18,5,12,20,17,0,45,10,52,33,123,46,9,6,4,21,44,10,2,61,0,161,200,6,53,0,114,0,21,14,81,3,3,31,39,34,197,76,23,183,12,1,0,116,29,0,17,6,1,1,45,97,5,2,23,56,0,14
cell_346,0,5,10,13,25,36,9,40,20,13,2,4,32,8,0,66,21,10,0,29,37,104,0,11,100,2,3,134,4,28,19,0,23,10,0,0,10,109,494,6,6,210,31,3,0,10,70,107,148,151,69,4,0,4,43,3,19,1267,2102,183,15,79,4,4,73,41,41,29,8,4,5,0,16,94,20,28,15,364,89,5,13,0,28,16,258,0,69,19,1,3,4,10,71,16,7,6,23,63,17,16,1,0,28,2,4,47,139,144,6,104,23,28,59,21,62,2,40,25,3,0,0,33,24,20,100,33,1,0,17,13,44,59,72,36,21,18,158,39,5,26,276,7,3,76,24,319,13,40,50,0,3,7,77,23,113,18,10,20,25,14,4,87,6,16,3,87,3,55,6,213,14,20,717,1,109,6,18,458,69,57,69,2,1,16,45,8,16,45,7,56,29,10,17,6,51,262,257,154,28,115,9,18,4,45,63,2,24,17,11,81,9,68,24,14,23,132,7,20,14,22,3,8,0,245,41,18,22,142,20,38,39,68,25,43,3438,44,10,21,0,998,266,51,1,0,46,3,27,31,12,5,49,216,0,7,194,16,181,0,118,2,94,14,4,1,0,281,52,15,40,83,150,0,18,37,68,57,9,0,15,8,18,11,3128,355,3,12,723,27,0,210,0,22,34,0,18,30,21,24,76,17,2,66,19,54,0,0,8,140,63,54,55,0,0,90,228,63,148,9,250,72,33,0,29,54,12,100,5,3,3,204,3,62,13,86,77,33,0,9,2,9,721,67,202,69,5,0,128,44,9,2,0,27,82,14,7,49,65,71,72,62,201,15,0,452,27,85,0,92,0,0,4,22,5,42,202,0,2,3,223,23,5,36,46,38,18,16,0,4,51,10,1,45,47,10,7235,26,81,35,12,100,275,20,15,12,42,4,22,85,7,0,28,4,0,1,50,1,41,13,79,14,1,0,79,4,4,4,20,3,187,3,73,23,49,217,14,2,1360,51,5,4,73,4,4,11,3,9,32,0,90,2,17,57,118,86,30,17,2,74,138,0,18,156,27,153,101,22,17,3,5,12,100,3,151,32,21,0,12,18,111,87,0,128,1,0,2,67,55,0,15,17,0,3,126,3,11,0,7,88,0,41
cell_347,0,17,0,3,22,118,6,31,3,10,16,12,29,4,0,18,19,10,0,0,20,63,12,16,14,0,0,32,4,16,7,0,96,13,6,3,31,7,296,3,0,215,25,0,12,1,60,172,159,20,37,181,0,2,17,3,5,6988,871,76,15,71,0,30,47,168,33,10,19,32,9,0,21,18,28,62,4,246,24,33,6,0,20,0,169,0,46,21,4,0,5,2,50,8,5,2,15,40,16,1,0,18,77,13,9,78,235,134,17,7,8,146,38,24,48,14,3,9,1,6,6,19,4,17,67,4,17,0,66,12,20,26,47,33,24,82,124,2,2,97,322,15,13,647,10,472,9,103,29,1,0,0,130,39,82,6,11,9,29,13,6,50,4,21,4,101,15,22,28,725,19,17,663,8,117,86,9,1258,2,159,2,0,0,5,4,11,25,38,3,68,12,3,11,13,19,454,238,20,21,39,0,28,17,56,39,185,7,2,45,12,33,39,25,53,69,127,32,10,15,26,8,8,6,278,30,37,0,339,6,14,36,3,4,54,3974,7,19,3,0,998,194,260,5,0,68,774,33,35,5,0,32,298,2,1,31,24,212,11,40,7,153,3,17,11,0,332,9,0,16,16,299,5,11,64,88,42,12,0,32,32,14,20,3133,142,1,33,8,34,0,155,6,5,18,10,1,38,51,22,87,8,1,70,22,15,3,0,15,22,52,42,63,2,0,121,243,10,172,5,150,23,94,5,57,5,1,36,3,3,3,118,36,5,2,191,57,36,18,27,6,2,1165,61,268,78,0,1,105,69,27,23,0,12,115,39,22,24,28,72,16,28,219,22,8,1163,0,227,0,128,32,0,24,13,4,34,487,35,7,7,306,9,26,8,0,20,21,29,4,9,38,1,0,7,37,0,4279,36,202,20,16,85,158,22,3,92,21,0,30,65,4,15,5,27,28,17,0,18,24,40,98,24,3,0,42,2,3,4,72,0,479,0,84,37,54,244,0,0,3065,17,4,0,70,22,19,18,16,25,26,36,116,3,66,32,132,3,3,13,4,14,101,80,23,116,3,24,209,30,11,0,7,10,64,13,125,19,7,8,32,10,180,81,5,158,4,3,2,116,4,1,10,2,1,3,49,125,0,5,8,150,0,4
cell_348,0,22,21,2,27,14,7,20,7,1,29,0,9,2,0,44,11,11,1,2,21,78,2,2,3,74,36,19,32,29,7,0,15,9,0,22,123,5,311,2,0,325,126,0,0,3,68,145,122,29,52,13,2,0,0,8,16,6541,907,104,24,23,0,3,44,206,25,38,23,6,4,8,23,16,11,51,27,263,20,1,2,0,14,16,160,18,6,28,0,0,0,31,21,8,1,1,15,30,83,25,0,7,58,1,0,75,210,128,6,136,10,9,42,12,47,27,21,11,0,2,8,29,24,34,219,16,20,0,22,16,18,4,96,27,112,112,119,129,1,9,340,1,2,2,9,387,1,30,35,0,0,2,127,0,0,28,1,9,29,18,7,149,5,10,0,97,20,123,14,786,15,12,558,1,61,90,34,1333,11,194,0,15,0,30,5,22,13,33,1,46,14,17,22,68,24,697,160,174,28,48,32,17,0,34,50,7,1,17,27,56,73,36,15,28,25,187,7,34,0,23,15,5,4,142,39,20,0,180,6,3,58,19,56,74,3513,30,13,4,0,895,139,183,4,8,48,25,5,28,2,0,45,133,2,2,28,36,128,9,168,5,62,4,28,0,180,46,0,7,69,78,261,1,24,1,71,32,80,2,9,45,18,23,3249,214,1,6,0,27,19,182,2,11,21,0,10,16,11,19,82,14,24,95,7,89,0,1,16,49,66,36,276,21,0,191,348,53,195,50,229,27,151,4,32,3,9,37,6,1,1,136,9,0,13,148,64,25,0,0,1,11,1269,52,274,90,76,0,174,74,5,10,0,2,136,30,14,59,176,111,23,21,183,17,11,1131,20,198,0,28,10,80,4,36,2,21,418,0,0,1,386,23,19,37,2,20,30,52,0,6,10,4,0,64,42,1,4150,32,205,22,24,101,161,8,15,1,7,4,50,1,14,1,1,45,103,1,0,38,12,1,108,5,3,1,69,0,13,16,22,0,547,11,98,7,39,234,2,0,3247,13,1,4,0,18,18,1,10,12,2,0,114,12,78,30,67,6,4,18,0,18,269,103,6,136,0,151,194,13,4,30,2,0,72,8,109,59,36,0,109,23,132,127,61,206,7,0,0,92,10,0,26,4,0,0,12,17,10,2,67,87,1,78
cell_349,12,2,19,5,20,36,16,5,12,8,23,7,11,2,0,17,21,10,0,9,27,56,0,0,116,64,53,113,47,4,5,0,24,39,0,13,63,44,435,14,6,206,5,0,3,1,57,180,116,199,73,4,0,14,26,4,26,1126,2287,60,14,83,9,0,38,59,40,64,10,1,23,3,38,127,44,11,8,12,89,1,2,1,28,23,274,8,13,18,0,0,6,3,59,28,5,8,26,86,13,0,1,12,27,0,1,95,166,112,5,105,9,144,45,8,67,20,38,23,0,4,18,101,62,29,226,34,14,0,29,21,55,31,137,41,104,22,134,43,10,9,225,21,6,32,0,127,6,10,40,0,0,1,99,0,17,8,10,7,37,18,10,71,5,12,6,16,6,35,0,244,23,16,641,0,6,157,24,451,29,59,13,16,23,20,44,24,25,24,0,58,19,7,33,0,28,282,342,72,0,71,6,30,1,36,79,5,17,30,1,90,37,59,22,0,27,172,11,14,9,45,6,8,0,212,67,23,0,22,17,5,13,3,26,28,3502,6,7,8,0,989,243,26,3,3,23,144,6,35,3,16,45,211,1,18,176,2,142,6,95,4,14,5,6,3,0,52,0,12,77,87,175,2,26,28,74,76,37,45,22,5,11,0,3177,278,1,10,1,5,5,85,8,6,34,0,12,38,48,24,90,44,22,86,28,111,7,0,2,89,79,16,90,4,0,107,206,70,202,31,318,62,57,6,107,56,10,28,0,1,1,205,26,70,0,95,71,29,0,20,11,12,894,47,142,103,51,0,156,106,2,6,0,25,105,34,21,31,17,53,76,119,164,18,14,317,24,94,7,60,5,30,2,35,1,14,63,0,2,3,212,2,3,102,3,66,25,58,0,31,25,35,0,34,56,0,7096,15,63,31,54,89,307,20,11,1,19,9,55,135,40,0,9,26,0,1,1,13,34,0,55,13,21,1,70,0,56,20,7,2,177,0,61,13,58,116,39,1,1268,46,1,7,3,43,11,13,19,11,15,1,124,0,15,51,45,3,17,17,0,26,164,36,2,153,2,369,68,11,20,21,0,0,110,10,106,4,3,0,70,13,94,83,0,212,7,0,2,61,7,2,13,3,0,0,35,51,53,7,36,73,0,0
cell_350,0,27,0,1,65,36,7,84,32,29,41,80,31,12,0,2,28,21,0,0,52,33,8,0,39,0,7,115,20,3,3,0,40,4,0,0,17,7,67,2,56,109,0,0,16,4,92,43,113,154,89,8,2,17,14,6,0,262,4735,166,25,31,37,26,13,6,45,12,58,17,16,0,17,64,41,56,12,25,80,7,14,0,81,0,109,0,84,92,12,3,3,15,59,100,0,24,21,39,31,39,9,11,15,9,3,48,244,48,15,69,21,14,36,15,68,61,67,11,4,14,1,31,3,14,38,24,25,0,22,6,18,19,4,75,6,183,55,42,4,3,139,24,1,10,8,67,7,52,55,0,0,0,18,37,0,7,2,7,34,74,3,21,6,64,7,84,14,64,22,90,26,28,687,13,37,2,42,532,1,101,1,17,0,11,86,6,19,81,3,60,22,3,55,3,51,181,60,106,31,73,7,24,0,34,57,13,5,37,58,42,8,51,33,6,14,64,2,21,15,13,12,11,13,73,57,18,26,53,23,1,68,14,9,24,2233,35,12,0,0,1274,90,52,4,0,7,103,14,31,12,0,64,59,0,0,45,35,3,1,54,8,63,9,1,0,38,80,0,2,20,56,167,0,58,64,61,30,122,3,13,13,41,21,2172,171,4,18,151,5,0,159,64,17,36,42,2,42,10,1,53,14,11,75,4,13,0,0,3,1,42,18,74,3,0,20,117,16,54,17,39,24,104,18,21,47,8,55,1,7,6,142,16,0,30,75,43,19,0,4,17,8,1655,117,119,68,0,11,37,49,0,3,0,11,95,24,54,18,0,38,2,56,124,26,4,92,0,109,0,32,11,10,14,58,2,59,72,4,0,18,65,15,1,11,6,53,15,0,0,7,8,22,0,7,32,1,11676,9,41,18,18,66,203,9,17,3,45,1,38,14,10,2,3,10,34,0,0,23,5,12,153,54,16,3,36,3,7,9,38,0,235,3,95,2,59,150,1,0,5987,34,41,11,44,35,38,2,4,21,33,0,137,9,29,123,152,0,16,20,4,30,56,18,10,117,4,227,28,15,23,3,79,0,107,36,21,23,43,0,6,33,123,68,8,98,22,6,1,44,24,1,25,7,0,5,45,0,21,1,12,27,0,5
cell_351,0,6,16,1,74,16,10,87,5,2,96,16,39,15,1,68,47,42,0,51,19,47,8,5,17,0,134,47,4,20,18,69,4,1,0,2,24,654,102,2,5,91,2,3,17,38,69,45,106,126,64,0,9,13,2,8,0,265,3480,195,10,101,22,14,53,1,11,12,82,22,5,7,53,117,56,61,1,204,68,5,1,7,73,1,374,0,93,51,2,0,0,13,166,290,6,42,9,93,99,84,0,4,0,0,6,44,215,48,5,54,11,6,48,4,32,55,9,9,0,32,0,29,3,18,81,36,13,0,19,36,37,9,43,37,21,105,69,44,3,130,255,44,31,1,22,368,8,30,43,0,3,27,80,5,0,8,19,0,0,84,8,142,14,24,2,35,13,19,14,71,13,7,1150,13,134,11,37,861,25,33,4,6,0,24,33,4,30,92,3,31,31,49,39,8,33,137,97,467,27,106,6,15,14,5,40,41,0,31,84,97,6,29,46,21,13,38,2,17,0,1,5,22,9,52,64,12,3,2,11,25,114,9,18,45,2710,17,0,11,0,1217,69,45,5,1,45,20,3,17,22,7,1164,34,4,1,208,50,97,0,20,11,49,43,2,17,12,32,0,19,50,240,370,0,161,29,45,30,145,22,27,4,15,34,4585,418,2,37,173,33,3,19,68,16,24,38,11,49,16,159,43,5,16,46,62,70,0,0,3,134,33,2,44,10,0,82,57,46,22,36,119,18,94,2,18,496,62,40,4,13,0,438,4,15,14,106,64,32,0,11,4,21,1481,77,28,61,69,0,65,110,2,2,0,1,77,6,75,20,18,19,14,44,379,18,0,150,17,69,0,25,53,65,4,25,13,58,105,0,20,5,72,11,39,10,20,23,29,9,0,1,26,29,2,1,53,0,13017,0,69,25,7,11,216,82,13,3,73,17,8,65,6,11,21,2,28,39,0,40,44,92,274,8,23,0,43,20,19,6,3,5,273,3,104,8,63,140,10,2,14946,26,77,20,49,10,6,0,1,59,21,18,147,7,18,263,16,8,22,3,1,0,62,2,2,93,0,243,28,34,16,10,43,7,125,30,155,14,5,2,1,26,159,19,13,142,13,1,2,3,9,0,16,9,0,0,38,0,44,23,9,5,0,3
cell_352,0,35,0,2,75,3,23,32,28,15,106,73,44,18,0,9,32,11,0,27,6,24,22,0,9,9,67,22,3,8,6,57,38,12,19,0,56,16,66,13,8,60,44,0,35,11,37,89,68,91,94,0,0,18,13,7,27,139,2605,18,39,49,36,7,72,19,41,11,32,27,5,4,26,19,25,85,4,61,45,5,7,8,66,3,52,0,30,61,2,0,14,8,6,64,4,4,5,9,5,24,3,25,40,3,12,43,166,28,4,102,12,13,60,73,59,34,39,21,1,8,0,6,42,16,58,1,9,0,20,14,16,25,39,121,17,32,46,9,3,2,98,18,29,0,5,88,11,110,68,24,7,12,132,3,82,8,19,2,16,57,13,75,7,85,7,25,7,13,6,49,3,26,1569,16,25,7,15,91,0,84,1,8,2,21,56,2,56,24,0,64,29,15,71,10,47,273,49,17,66,25,4,27,13,62,87,54,3,91,40,75,9,3,47,63,5,32,54,24,3,16,56,15,8,41,44,37,2,36,27,0,41,24,30,48,1887,1,13,13,0,1526,51,73,7,4,18,1,3,52,12,0,88,23,1,6,45,83,9,1,54,24,26,30,6,0,108,90,0,2,82,39,153,6,3,0,52,52,134,0,24,0,16,6,1401,50,22,6,76,17,3,25,19,15,71,0,16,32,31,16,36,10,2,63,24,69,0,0,39,52,76,24,59,2,0,77,94,24,68,16,68,50,49,5,1,32,28,53,4,8,15,44,8,23,20,59,56,5,11,18,33,29,2341,110,82,62,32,0,67,42,0,1,0,26,84,29,105,86,0,84,9,22,79,69,4,46,26,74,2,41,61,1,26,20,4,12,77,26,34,5,54,21,43,7,8,29,17,1,2,4,9,23,7,19,18,0,5604,6,98,30,23,34,81,83,18,5,48,8,73,66,31,0,12,10,18,3,0,34,2,2,89,8,14,0,12,1,20,35,19,2,108,0,99,18,71,81,0,6,3574,38,42,13,11,24,34,0,23,79,26,2,70,2,43,84,15,7,6,39,5,18,27,45,1,46,0,76,101,10,22,7,0,4,46,8,69,17,16,0,8,60,80,79,0,68,5,0,11,69,9,2,67,7,0,2,33,18,20,2,21,50,18,0
cell_353,5,3,7,16,29,120,14,12,4,2,12,0,15,2,0,131,40,5,0,31,25,20,0,1,97,0,13,91,18,4,7,0,26,8,0,18,96,21,269,3,3,245,2,0,27,3,60,166,147,23,62,57,6,2,5,4,27,7623,912,63,3,30,16,4,54,48,17,15,25,7,10,2,36,65,33,47,15,79,21,1,3,0,21,2,125,6,9,23,3,0,5,6,56,42,8,2,9,52,44,6,3,15,95,8,2,11,210,122,20,95,2,144,54,38,47,0,22,29,0,9,1,47,3,0,95,0,2,7,7,10,24,77,113,49,15,85,142,29,9,2,339,4,11,803,9,104,8,77,29,0,0,0,155,68,0,10,31,2,32,23,3,128,1,18,1,53,10,68,10,828,27,20,654,0,112,64,4,1441,24,179,5,15,10,28,22,29,45,20,0,23,12,6,21,20,27,489,307,191,0,26,47,11,3,12,49,41,7,10,19,68,23,22,47,13,12,86,8,13,21,26,3,12,0,389,41,1,15,70,25,33,20,10,44,28,3558,10,7,1,0,868,150,277,0,0,27,592,9,27,6,22,35,153,1,16,35,25,19,1,121,5,133,18,19,0,194,88,16,20,30,47,267,0,38,20,124,37,15,0,3,104,30,36,3040,196,5,3,183,5,3,135,11,5,15,0,8,22,37,6,66,8,0,36,21,32,31,0,6,0,68,99,254,3,0,193,334,29,166,12,273,26,5,2,36,30,9,72,3,8,12,149,7,98,1,158,104,18,2,7,13,5,1357,54,190,88,0,0,108,66,16,6,0,7,113,88,1,59,179,81,8,17,185,2,10,1312,14,238,0,89,11,266,4,30,9,8,487,7,2,3,305,17,10,32,25,4,27,4,0,1,37,18,0,9,48,0,4320,22,225,11,22,113,165,12,0,0,5,11,24,97,1,0,4,21,0,4,30,7,21,0,66,10,28,4,50,4,1,7,81,21,29,1,95,2,40,225,4,0,3470,20,5,10,25,40,5,34,7,3,0,0,0,8,122,22,93,0,5,11,0,39,177,53,4,127,1,97,211,17,4,3,33,2,50,8,135,2,22,24,126,9,142,88,0,107,0,0,0,113,20,0,2,20,0,4,69,33,20,1,30,83,0,139
cell_354,0,22,4,1,24,30,13,41,17,7,32,16,5,27,4,19,28,5,0,0,11,81,5,31,6,27,95,10,19,7,14,54,20,5,6,9,32,56,157,2,41,214,16,0,11,13,41,124,156,92,70,45,4,5,1,4,99,773,1750,31,22,31,1,9,97,108,44,37,27,2,6,10,26,107,21,16,9,251,11,0,3,0,36,23,181,0,107,28,0,0,9,40,153,82,3,19,14,91,3,15,2,17,47,1,7,64,189,69,4,71,22,28,45,23,78,63,37,5,0,4,4,15,18,20,165,15,12,329,17,4,60,20,174,19,16,100,62,62,0,33,199,34,48,2,0,114,14,64,22,0,2,0,139,10,54,75,4,2,9,15,10,108,2,28,1,168,2,15,2,190,13,28,844,4,39,137,14,455,137,94,11,10,60,33,89,1,38,13,8,52,26,3,33,0,21,213,39,27,17,88,2,22,0,13,76,133,3,23,39,50,31,25,38,9,16,161,2,4,28,1,7,10,8,68,70,43,15,109,4,78,73,12,89,17,3324,63,21,0,0,1128,202,43,0,0,125,354,3,35,7,30,74,102,0,44,159,48,20,0,216,26,81,3,6,0,141,90,42,0,75,123,247,0,56,0,87,42,3,36,0,14,44,4,3137,333,4,11,215,4,1,175,26,2,23,0,10,16,19,30,57,4,25,40,17,79,1,2,31,113,72,27,69,1,0,161,201,54,82,65,136,39,85,4,22,52,23,85,3,1,5,229,7,26,6,119,60,6,3,10,12,9,1051,64,118,71,0,36,93,12,3,3,0,7,107,12,8,37,33,26,25,61,185,17,5,227,3,159,4,13,16,230,17,46,5,13,155,118,13,14,199,19,3,41,4,89,30,236,2,8,16,2,9,14,15,15,8360,21,57,14,25,79,239,8,7,1,15,6,22,87,1,1,0,17,0,1,32,30,4,9,111,26,12,0,22,4,4,33,13,2,908,16,65,1,46,202,0,1,3249,19,2,12,31,55,29,9,18,3,20,0,100,1,7,49,114,47,10,21,1,54,13,55,8,119,17,219,34,10,5,11,11,4,117,19,195,24,13,69,37,14,130,45,0,108,4,2,3,38,1,4,13,3,1,0,71,42,30,1,47,83,1,2
cell_355,0,41,38,3,48,3,0,19,8,10,52,0,43,9,0,94,37,14,0,53,21,113,4,0,2,4,57,38,73,1,4,0,69,8,0,7,14,22,771,0,6,239,84,2,0,18,46,224,68,106,65,5,0,6,10,11,1,2706,2113,117,1,133,2,15,12,12,8,52,27,3,5,2,29,37,11,27,25,301,7,4,4,0,28,10,139,4,17,19,0,1,0,7,175,67,24,12,29,145,4,8,1,9,0,1,11,88,172,88,8,83,1,48,35,7,55,31,0,20,0,15,0,29,48,28,361,1,7,0,19,21,40,19,117,12,15,40,224,10,0,14,386,53,25,167,42,181,6,98,13,0,0,1,91,11,23,5,19,16,54,18,39,81,5,24,0,133,17,16,7,962,27,12,683,0,169,25,13,650,0,109,19,4,0,17,14,5,54,24,17,23,48,12,40,4,34,91,311,117,44,49,5,17,21,1,90,188,16,4,4,91,28,4,32,44,48,161,9,16,0,32,3,17,2,397,82,4,0,137,6,47,10,9,17,42,3676,7,21,24,0,722,157,110,0,5,48,329,0,38,14,1,100,328,0,10,186,0,40,0,81,49,124,4,7,0,103,42,2,21,14,8,259,6,24,0,78,52,16,0,12,8,6,10,3100,400,1,11,157,63,0,98,8,3,26,22,41,41,34,0,19,27,11,26,2,47,11,0,23,30,4,106,119,15,0,116,205,59,141,3,448,59,116,5,19,107,14,96,3,4,7,117,6,85,10,143,90,5,1,16,3,0,633,31,140,79,0,0,61,61,41,7,0,19,79,49,17,20,643,95,91,13,201,18,0,1360,2,60,0,124,0,0,19,15,13,6,184,8,5,11,289,5,13,47,0,16,18,60,4,9,51,1,8,10,16,1,2573,13,155,33,27,88,216,6,7,79,39,1,5,0,91,9,0,10,0,16,2,18,32,13,111,7,87,0,51,0,4,16,20,9,549,3,67,5,39,69,6,12,1582,15,4,23,27,22,17,1,5,14,21,0,186,10,62,111,109,1,6,20,2,34,99,46,11,280,27,282,200,15,26,16,0,10,89,14,105,32,1,0,103,15,109,116,3,179,5,0,0,56,5,2,14,4,0,2,120,26,12,0,74,57,1,0
cell_356,0,13,13,1,20,49,17,15,0,8,28,2,22,1,0,67,5,12,0,8,15,65,8,0,8,104,24,163,14,12,19,68,7,14,0,0,41,231,470,5,0,222,40,1,0,3,57,138,56,164,62,0,1,16,15,1,0,1255,2156,300,0,83,2,2,45,31,4,18,11,6,5,4,43,62,30,14,11,446,67,0,4,0,20,0,219,1,71,27,5,0,1,22,61,2,12,10,2,83,11,14,7,5,52,2,4,95,35,134,10,87,5,33,47,32,47,38,40,46,0,6,0,41,34,12,277,24,6,173,12,32,14,36,37,34,80,41,94,31,5,20,229,2,0,23,9,114,2,63,49,0,0,0,111,2,119,10,6,52,32,19,16,87,3,16,0,47,0,16,8,237,27,14,796,1,113,34,23,453,2,72,36,16,0,27,57,10,59,42,19,31,14,5,38,5,34,75,159,93,10,62,6,15,0,48,58,5,60,28,12,65,69,60,22,9,10,120,20,14,1,34,15,13,7,117,55,1,17,41,10,0,28,110,73,35,4372,12,17,38,0,1144,249,60,7,0,63,225,13,25,0,0,51,222,2,0,154,24,10,9,167,6,95,14,19,0,183,186,29,1,90,56,107,1,35,135,82,41,132,188,37,41,14,80,3288,255,13,3,738,11,4,118,23,6,32,0,63,10,18,55,95,4,5,42,0,38,1,1,4,114,87,3,30,21,0,40,216,65,160,36,312,80,87,8,43,36,71,101,5,2,0,190,19,126,8,79,41,16,0,22,9,4,712,46,188,91,0,7,170,36,0,3,0,12,80,18,3,62,27,18,11,122,137,38,1,483,27,125,0,1,1,135,1,58,38,49,172,0,6,3,272,15,0,12,6,26,22,161,0,48,29,1,3,20,57,16,7011,15,72,34,34,77,258,0,12,0,31,3,1,3,17,0,102,6,0,3,0,15,1,0,12,20,13,2,26,23,30,3,58,1,718,2,68,5,63,65,0,1,1193,10,5,0,51,4,22,26,1,14,9,3,107,0,10,19,2,13,15,11,1,10,129,12,0,150,0,258,104,7,22,83,97,1,106,10,189,9,0,22,51,41,139,47,78,217,9,2,5,51,13,1,14,1,8,0,129,5,6,0,16,65,0,0
cell_357,0,13,2,16,52,35,8,18,7,33,94,5,7,4,0,15,11,21,0,0,19,42,32,7,8,23,3,52,5,14,5,63,0,0,0,47,78,183,71,2,0,101,40,2,1,2,68,43,31,119,70,8,10,3,14,2,54,261,4292,86,24,86,40,7,41,32,33,35,53,21,33,5,1,58,29,98,32,121,110,2,7,0,72,0,124,2,42,77,4,0,0,6,115,84,2,10,0,11,19,2,2,15,115,7,4,56,113,21,20,120,20,90,37,0,40,20,38,47,0,9,0,30,7,21,48,18,4,1,10,14,7,9,73,46,22,68,44,24,17,22,139,36,8,69,5,83,3,57,91,0,0,0,120,1,25,32,5,18,23,78,6,42,3,32,0,39,6,8,65,90,39,37,857,1,40,50,35,543,0,99,0,27,0,32,59,23,35,133,5,22,13,18,35,6,46,58,59,136,142,27,18,19,3,1,67,5,47,29,4,56,16,15,41,14,19,61,21,7,0,18,13,4,3,52,66,23,1,12,18,23,55,25,139,29,2535,90,23,4,0,1448,94,40,20,1,83,7,0,44,8,9,67,55,2,0,62,32,63,14,4,0,56,14,20,24,126,161,20,1,101,120,243,3,44,0,71,31,75,0,41,18,18,2,2260,157,3,20,313,26,0,137,13,8,30,1,15,9,3,62,35,45,28,37,110,56,9,10,37,7,50,45,48,39,0,114,87,57,32,9,59,17,62,11,12,79,21,64,18,2,9,154,14,12,4,69,44,15,1,0,0,1,1751,114,96,109,0,0,1,48,9,12,4,0,127,21,62,104,0,24,0,42,100,31,16,139,1,125,0,14,2,272,10,78,1,18,98,0,1,11,50,20,1,5,63,29,31,62,0,23,9,1,0,14,27,0,11715,26,65,19,19,40,188,33,15,1,44,5,26,10,0,0,2,26,3,11,0,21,5,2,39,35,3,1,17,11,4,11,39,12,295,1,82,7,70,143,2,0,6140,78,13,2,3,0,36,21,42,13,6,26,122,1,38,84,88,14,9,24,0,17,18,58,8,108,0,262,15,0,3,13,36,0,120,28,107,7,45,33,3,40,148,51,68,71,0,9,0,43,21,12,51,1,0,1,28,15,30,0,40,47,0,1
cell_358,2,31,1,1,22,24,4,44,9,6,24,13,23,2,1,27,26,10,0,27,1,54,2,3,25,3,1,2,36,9,4,14,15,7,0,0,25,72,476,2,1,246,1,1,5,2,54,178,103,182,73,7,0,18,32,5,9,1178,1988,58,3,111,3,5,46,15,6,18,28,9,10,4,26,137,16,38,25,401,83,1,2,0,30,1,236,0,61,19,2,0,0,2,240,47,0,2,15,89,13,21,2,2,15,0,6,76,100,63,13,36,8,89,52,13,23,9,21,5,1,2,0,21,13,21,207,23,13,40,29,25,26,13,38,33,59,19,143,105,2,141,229,11,0,0,13,288,6,33,74,0,0,6,147,60,139,3,14,8,35,18,10,40,4,24,0,142,7,30,36,263,20,23,910,13,20,135,25,367,1,76,3,20,0,8,4,8,37,47,5,32,23,8,24,10,25,179,166,68,25,88,3,32,0,11,51,67,43,20,13,61,56,32,36,24,14,64,2,21,3,32,15,11,1,150,61,13,0,106,3,27,39,7,84,29,3374,15,8,0,0,1019,273,35,17,0,35,303,0,28,9,0,46,250,1,1,180,22,5,4,69,10,33,14,8,0,0,258,0,0,58,44,162,3,10,0,62,59,17,224,13,12,20,14,3097,314,1,8,290,3,3,162,6,10,28,0,3,23,28,21,82,9,19,61,20,24,0,5,10,118,58,1,11,29,1,63,195,59,162,0,257,87,103,4,18,46,56,38,0,7,0,175,16,56,2,82,67,32,0,11,0,15,843,76,150,91,63,0,121,102,20,6,0,7,112,60,38,54,88,27,23,124,168,25,0,86,0,113,1,3,20,0,4,49,17,48,69,0,1,6,111,24,9,22,0,44,5,65,0,2,12,3,27,5,36,1,7146,63,59,58,39,71,238,1,6,0,25,14,15,82,1,1,16,8,0,17,0,12,16,22,63,6,20,1,50,2,65,1,33,0,753,16,69,4,39,163,0,0,1581,29,3,0,5,13,22,7,9,2,4,3,83,1,18,22,15,0,0,4,3,12,109,27,13,139,17,265,88,4,20,82,47,0,108,27,84,2,5,15,25,18,115,73,75,331,5,8,0,43,19,0,17,3,0,4,92,36,0,0,47,86,4,0
cell_359,0,4,32,4,78,8,8,12,5,0,60,23,22,13,0,2,33,24,0,59,42,46,34,1,65,8,55,148,7,64,8,51,14,6,80,14,37,86,51,13,3,96,0,2,11,0,48,47,93,109,80,2,0,7,1,9,10,254,4582,88,12,59,24,4,118,0,15,25,57,10,1,0,11,69,33,61,18,34,92,4,1,0,36,13,110,6,80,96,5,5,12,7,51,132,2,13,4,88,21,0,3,14,18,1,7,56,232,36,12,53,30,103,40,24,68,26,25,23,13,9,0,17,26,13,27,57,8,0,19,11,48,5,25,74,42,187,32,20,0,63,119,40,34,2,0,206,5,48,50,0,5,12,73,1,0,18,28,3,6,37,22,17,6,23,0,167,3,34,16,103,12,36,594,1,47,43,19,572,33,128,6,11,3,29,19,5,48,157,1,45,16,9,32,41,19,168,46,151,7,62,18,18,6,17,68,3,3,30,14,45,8,39,70,12,12,41,69,28,0,24,10,4,2,55,68,45,10,64,15,69,56,3,91,20,2244,63,16,2,0,1335,63,47,0,0,7,72,31,34,4,3,72,62,0,0,73,17,107,3,62,0,51,3,16,0,136,40,0,21,94,38,248,1,69,65,56,33,124,0,18,8,26,6,2365,175,6,31,81,12,5,158,1,15,27,0,16,46,59,16,42,12,65,75,7,75,0,6,0,63,68,0,96,7,0,85,105,56,15,1,69,18,42,4,29,154,4,44,5,17,3,127,29,125,8,59,28,21,5,3,0,22,1924,103,75,86,67,0,60,67,6,2,1,17,89,22,2,63,5,68,17,40,156,35,3,98,15,120,0,5,33,289,0,59,9,67,83,0,0,4,56,16,30,6,12,45,35,22,0,1,15,12,1,11,29,0,11490,2,55,22,27,59,215,43,22,1,26,3,15,82,29,0,25,16,4,6,0,6,28,0,181,8,13,0,46,2,8,14,14,0,38,33,103,3,56,189,4,0,5890,30,42,4,8,16,11,0,3,47,0,24,175,5,31,78,91,36,6,16,1,5,38,61,5,95,4,271,30,29,15,3,49,0,78,21,13,13,4,0,2,24,124,67,20,71,1,1,6,16,51,13,17,22,4,0,53,12,48,5,38,38,0,4
cell_360,1,11,27,29,53,0,8,12,8,16,78,1,22,39,0,35,21,14,0,19,54,44,35,1,13,12,114,54,8,9,3,48,0,4,30,48,37,350,59,0,48,106,0,3,0,1,78,30,30,115,86,2,0,3,4,2,77,315,4665,84,6,80,22,2,131,1,16,37,51,2,5,1,1,69,22,74,27,102,74,3,9,0,70,5,138,2,40,82,13,0,0,7,96,152,7,36,10,50,73,4,6,29,45,8,2,33,137,49,19,65,6,94,40,8,18,79,14,22,0,10,11,86,12,20,43,21,3,0,22,9,6,19,82,74,16,121,40,116,7,0,57,56,8,39,16,149,6,10,43,0,0,0,110,5,0,22,11,7,19,55,18,59,2,16,0,15,17,34,40,105,38,44,644,1,94,68,11,513,4,97,0,5,0,1,85,6,51,92,52,21,8,4,33,3,69,23,90,81,73,68,7,18,0,24,61,25,36,31,13,51,2,40,65,24,8,101,20,15,0,18,21,2,17,92,67,0,1,9,17,54,134,23,158,26,2362,32,21,4,0,1417,79,36,6,0,88,36,0,27,2,0,68,35,3,0,59,43,26,0,44,4,91,8,15,0,127,69,75,15,74,89,199,2,19,45,66,35,42,120,19,20,3,32,2212,147,5,9,239,60,0,146,0,3,31,0,33,7,64,9,33,45,26,61,32,83,7,0,4,14,47,22,42,66,0,74,116,65,36,0,64,19,18,3,21,133,17,85,9,15,3,157,5,68,13,70,21,4,0,5,0,8,1992,110,99,67,0,0,77,59,4,0,0,3,102,0,6,38,0,51,31,73,65,40,1,112,0,108,0,48,20,81,2,69,7,65,111,4,0,18,43,7,80,14,36,16,41,204,0,8,53,0,0,11,31,0,11398,5,66,7,23,56,206,27,20,0,28,11,42,28,0,0,6,8,0,30,0,12,2,0,32,49,10,2,20,1,9,18,23,20,225,4,96,5,30,122,5,0,5880,64,35,6,5,0,36,24,7,23,10,18,189,0,1,28,32,5,21,33,9,23,14,14,17,120,2,218,31,3,14,13,86,0,111,10,102,2,15,0,8,10,147,55,51,87,3,0,2,27,2,5,40,6,0,5,51,30,1,2,15,6,11,0
cell_361,127,37,5,4,47,26,5,17,5,17,39,10,38,4,0,271,30,9,1,0,35,40,10,4,18,31,24,9,18,0,9,3,53,1,0,0,27,8,667,2,0,226,0,1,12,3,45,233,180,104,48,3,0,0,24,7,2,2901,1833,106,15,125,23,1,127,17,44,6,17,2,10,5,17,40,19,34,16,671,16,1,7,0,28,7,245,0,40,28,0,1,0,2,143,77,7,10,12,111,6,0,1,19,64,0,9,23,241,53,7,28,6,188,50,38,48,8,37,41,1,8,8,24,3,27,399,50,6,0,40,12,1,12,74,22,26,48,235,53,0,7,309,55,3,29,34,489,9,51,14,0,0,0,107,23,40,2,9,98,38,23,23,10,30,10,4,44,12,32,5,1109,12,16,666,18,161,18,2,851,0,128,7,7,0,5,56,4,19,37,10,50,6,1,7,12,26,196,411,94,21,50,0,30,9,2,85,98,32,23,5,28,29,23,7,11,4,194,5,52,11,15,2,17,2,353,60,20,11,58,27,0,1,3,6,39,3447,25,14,10,0,732,155,45,12,0,49,0,1,45,9,32,110,338,0,13,163,0,52,0,102,8,93,3,5,0,0,116,8,3,104,63,80,6,32,105,84,64,69,13,70,3,20,5,3230,535,6,73,108,23,5,141,10,10,22,0,6,47,24,3,58,24,9,48,24,15,0,0,0,0,52,69,117,2,0,26,177,99,166,22,438,64,21,0,17,143,26,112,1,3,7,156,5,20,15,124,77,29,2,42,12,8,640,31,108,31,1,0,149,63,1,12,0,33,84,11,47,52,253,50,49,74,36,26,0,2702,6,75,0,46,0,2,1,16,0,25,161,70,0,14,114,7,19,64,27,7,14,15,0,9,20,8,0,4,41,1,2740,72,181,4,27,86,204,17,11,23,25,9,10,74,5,2,0,35,0,4,0,2,14,72,116,22,50,2,13,14,19,22,12,4,639,0,51,8,43,162,0,0,1746,29,3,3,35,10,18,19,15,21,42,10,168,0,18,95,137,83,7,16,8,53,70,34,24,142,0,121,212,14,36,9,28,0,96,11,124,15,22,2,21,11,146,121,4,261,13,1,4,41,16,4,4,8,0,9,117,17,31,15,47,76,0,6
cell_362,0,8,22,4,29,3,17,24,9,0,16,9,26,8,0,19,30,13,7,87,34,99,5,13,45,11,38,91,14,9,9,39,4,20,0,16,7,52,171,5,2,233,0,0,0,0,29,128,131,103,77,0,68,26,3,3,8,774,1556,374,14,34,18,12,35,34,17,74,39,17,5,3,7,101,70,55,15,8,23,0,4,0,45,3,238,0,139,38,15,0,0,0,142,28,3,4,58,91,55,18,0,3,14,10,7,55,218,62,2,96,14,61,55,15,94,19,43,11,1,1,0,57,22,10,128,31,82,0,19,7,28,14,154,42,55,47,70,20,6,1,222,20,0,27,10,294,32,8,37,6,0,7,104,13,0,9,1,1,10,15,5,106,3,13,0,184,13,12,5,199,4,26,786,4,117,95,12,386,17,89,3,2,0,7,5,18,16,41,0,28,13,3,27,28,49,172,105,162,4,77,14,24,0,10,56,26,17,6,88,56,3,39,34,18,77,160,2,31,3,5,6,23,3,114,58,17,15,147,5,0,5,10,27,31,3080,14,18,18,0,1056,208,59,1,1,25,38,32,32,1,4,57,82,0,0,175,37,217,0,102,11,71,8,7,6,75,62,6,8,49,127,304,0,34,0,75,54,7,9,29,8,32,20,3162,301,14,20,708,34,0,162,48,19,25,0,36,44,54,1,54,23,33,55,32,97,0,0,0,111,94,19,154,11,0,167,207,65,54,26,115,57,32,1,25,123,35,24,3,5,1,263,12,21,0,97,64,23,0,30,17,9,919,55,15,72,106,0,71,90,24,2,24,18,99,3,5,9,0,57,29,47,314,13,0,274,71,147,0,49,3,29,0,35,3,4,97,0,0,1,160,0,38,20,41,17,30,0,1,0,7,18,6,12,30,52,8032,0,73,40,27,40,192,10,36,0,13,3,16,94,23,11,17,55,0,0,0,50,9,3,124,7,16,2,67,0,34,30,46,0,332,25,112,3,62,205,0,0,3450,26,22,17,12,51,15,15,0,15,27,2,114,7,16,52,42,1,19,14,2,10,105,40,20,158,3,216,27,42,7,37,57,2,127,4,30,32,7,0,3,23,97,44,1,192,4,13,1,45,14,0,20,32,0,0,78,0,52,1,65,20,1,8
cell_363,170,41,5,1,18,143,7,48,4,28,7,12,20,8,0,58,38,16,0,13,29,82,3,4,76,3,10,35,25,26,2,0,36,6,0,0,3,6,347,3,0,215,172,0,9,22,62,148,182,16,69,36,0,6,2,23,23,7273,824,61,17,40,5,20,1,12,15,13,15,19,55,7,21,23,44,47,10,265,19,1,0,0,15,4,151,12,3,29,5,2,0,13,30,53,5,3,14,19,41,5,0,5,26,9,6,62,273,31,13,36,8,181,48,5,47,1,15,6,7,1,71,42,12,15,170,95,5,0,46,22,23,8,15,35,27,4,163,4,0,135,300,17,12,216,10,499,16,80,52,0,0,4,112,35,0,7,5,14,24,20,32,76,11,22,1,63,48,68,14,904,10,18,552,0,48,27,33,1108,278,213,0,3,7,3,9,2,25,25,0,38,18,3,5,20,5,693,69,161,17,30,20,11,10,7,69,127,19,12,4,41,96,32,29,28,15,172,2,9,34,34,0,2,9,369,39,10,39,150,28,79,26,14,5,20,3376,21,17,2,0,771,156,294,0,5,35,755,42,33,3,12,43,358,0,0,31,55,0,11,212,8,234,4,38,0,11,264,62,1,53,16,307,23,23,2,51,42,96,0,32,59,42,33,2917,204,4,27,366,0,0,175,16,0,25,80,0,33,36,0,70,4,0,68,14,9,0,0,13,0,41,120,65,1,0,79,185,16,195,5,396,27,52,8,30,45,8,38,23,12,19,119,7,3,3,145,24,23,17,15,3,9,1259,44,274,64,0,6,173,93,21,6,0,3,76,36,53,138,244,55,24,36,228,3,11,1295,0,207,1,131,7,227,2,22,16,38,189,56,0,10,271,11,5,24,6,19,22,3,0,1,21,4,0,12,24,0,4084,10,204,14,21,117,185,21,1,66,9,5,34,74,10,2,39,51,11,5,0,27,53,8,106,21,2,0,41,4,1,11,21,0,84,1,93,8,43,281,13,0,3135,17,2,66,27,42,19,28,1,10,20,1,131,15,34,43,147,7,4,9,3,1,91,30,2,98,1,80,165,8,18,9,0,1,17,14,119,21,18,0,100,5,159,97,11,96,12,4,3,116,18,3,11,5,0,1,102,68,1,6,14,103,2,107
cell_364,0,27,6,0,46,6,1,46,29,48,41,5,65,6,1,130,24,11,0,0,41,46,12,1,17,33,10,68,83,29,14,124,10,8,20,0,37,27,747,5,22,251,3,1,5,5,70,213,160,102,57,4,1,12,19,1,27,3280,1864,188,8,92,4,2,9,240,69,50,7,0,16,18,19,109,32,41,20,575,6,0,1,0,35,1,262,0,34,29,0,1,1,15,141,73,6,7,21,203,31,1,0,1,7,2,2,5,207,156,14,137,8,86,37,4,32,8,13,11,0,5,0,74,41,22,505,58,14,3,11,0,8,22,16,29,38,86,212,20,1,58,403,35,7,16,4,88,1,26,43,2,0,22,113,52,5,5,8,15,47,18,72,128,14,29,0,17,14,52,0,664,11,17,798,8,33,37,13,653,0,121,1,11,1,24,49,12,20,64,33,37,51,15,36,13,32,155,327,49,3,82,0,16,14,3,69,211,41,28,19,46,46,22,9,113,56,99,11,76,13,7,12,8,1,230,64,19,101,152,19,29,6,25,33,37,3993,5,33,16,0,785,188,84,0,9,12,305,19,66,1,27,98,236,0,56,182,24,19,2,388,70,74,29,11,0,0,5,96,7,36,47,280,0,17,40,79,64,31,0,29,14,2,6,3261,385,2,31,636,12,11,91,24,10,18,0,24,25,47,23,54,29,3,54,40,22,0,3,33,11,58,2,85,1,0,158,186,70,185,1,314,59,69,0,21,140,19,118,5,10,1,113,16,6,6,165,67,23,2,3,9,12,612,31,125,68,20,0,82,18,5,1,0,22,80,44,12,35,15,25,31,39,180,12,7,1732,1,74,0,56,16,0,7,28,0,46,7,0,0,3,72,9,12,111,0,23,6,74,0,3,40,7,0,4,51,10,2834,61,191,17,34,78,224,15,1,34,24,18,4,57,13,2,17,6,0,4,5,22,1,1,53,5,19,0,31,9,14,18,16,9,521,1,57,5,35,48,0,7,1652,24,15,2,40,43,18,0,13,4,67,0,195,8,17,45,19,6,7,13,1,7,158,0,4,205,2,151,163,7,30,0,0,1,71,11,123,13,1,4,5,17,167,87,0,238,20,0,0,61,6,17,18,2,0,2,120,30,4,2,22,12,1,8
cell_365,0,13,1,0,18,111,0,67,10,92,15,5,29,26,0,0,18,12,0,0,33,81,10,6,7,16,19,8,2,26,8,0,17,3,0,0,13,36,157,0,2,193,53,0,0,2,57,116,148,112,75,2,0,15,34,16,65,795,1739,218,14,115,0,6,11,24,38,38,28,5,48,6,17,74,17,46,12,215,53,1,5,0,24,0,181,1,112,24,4,1,0,0,117,131,3,2,7,57,19,7,6,6,1,1,0,65,169,51,16,90,9,97,41,5,41,1,39,21,0,1,1,38,20,26,146,9,8,0,22,5,20,9,161,20,7,22,70,118,1,27,100,22,3,30,12,145,4,14,26,0,0,3,94,101,83,21,0,6,24,22,5,115,1,19,0,141,5,56,4,145,24,24,772,0,100,18,24,417,3,86,10,21,0,31,26,8,2,41,2,46,20,18,34,1,13,141,138,192,56,88,1,35,1,14,56,16,26,17,25,93,5,26,28,4,12,111,2,3,12,24,2,5,7,122,70,0,1,59,15,25,11,19,21,12,3094,40,3,8,0,1109,188,68,7,2,6,319,1,41,8,6,99,125,0,19,123,39,168,0,122,12,67,0,11,0,97,85,14,23,32,176,276,0,78,0,89,42,101,0,20,94,47,11,3079,347,5,1,9,7,0,196,3,3,18,0,9,33,43,21,57,6,13,50,44,54,1,0,14,38,28,84,25,0,0,132,216,79,43,46,77,45,117,5,62,112,16,56,9,5,12,243,9,91,11,67,40,18,0,0,8,6,1168,72,160,39,67,0,79,60,0,4,1,10,88,21,20,74,109,7,35,35,238,10,0,213,0,181,0,29,11,197,6,52,0,12,70,0,3,2,184,9,16,73,8,39,24,89,0,1,30,2,0,3,34,15,8654,8,81,25,8,74,218,12,12,28,17,7,34,71,6,0,0,31,22,0,33,10,31,33,124,31,12,1,48,0,18,25,27,5,872,3,86,1,47,140,1,0,3580,34,1,11,17,50,26,0,8,27,21,0,44,23,22,68,91,15,30,11,0,13,39,53,14,160,0,285,33,26,6,11,8,0,153,33,41,13,37,0,7,12,122,41,4,164,6,4,0,41,9,7,7,3,1,5,60,9,36,3,19,97,0,36
cell_366,4,9,1,0,65,83,2,44,22,30,20,29,33,9,0,1,40,28,0,0,82,29,6,40,79,0,73,13,17,1,6,12,5,25,0,12,37,84,65,6,1,32,79,0,13,23,89,40,108,101,77,20,3,4,0,7,29,295,4605,68,30,63,38,1,144,19,59,39,46,13,21,0,22,26,48,22,6,92,29,1,7,0,91,11,126,0,130,72,9,0,0,4,28,137,1,0,9,10,37,3,9,32,15,1,25,26,232,24,9,97,22,12,43,6,65,0,37,6,5,10,3,62,10,27,41,52,20,24,15,11,25,5,78,71,10,94,50,28,0,18,153,106,3,23,0,117,7,83,57,0,0,3,128,6,0,24,12,1,16,68,6,46,3,39,1,17,3,32,9,120,14,32,605,0,56,1,45,499,4,114,2,13,16,22,37,10,0,152,7,54,15,5,40,1,48,159,74,37,4,62,15,21,5,18,55,28,49,36,11,46,7,47,15,0,18,97,11,13,25,20,0,3,1,42,66,34,8,29,21,135,84,40,1,29,2361,60,25,6,1,1357,61,52,2,0,24,0,0,18,6,30,77,52,0,35,58,0,174,2,24,14,137,9,23,1,80,74,113,5,59,132,192,1,94,57,60,29,0,0,11,77,41,3,2257,204,10,28,196,4,1,145,13,1,35,0,33,22,67,67,62,22,36,75,69,12,6,3,1,0,57,16,17,0,0,41,128,60,18,14,85,21,55,5,35,175,5,111,8,2,11,153,16,137,38,64,54,16,1,3,13,0,1966,40,95,93,52,58,87,34,22,3,0,5,84,20,24,9,52,18,0,37,107,10,29,129,0,103,4,10,39,52,9,6,0,38,160,0,7,7,67,14,33,61,16,43,36,0,4,14,66,15,0,26,6,0,11308,18,56,12,16,57,230,37,12,6,33,0,7,57,80,18,1,23,0,3,14,12,5,92,149,56,4,0,33,3,9,24,28,0,24,1,27,2,50,145,13,0,5592,34,8,0,53,58,6,4,13,19,96,8,125,0,45,112,157,22,37,16,0,31,18,9,1,69,0,72,34,25,27,0,6,2,84,34,93,6,74,28,1,27,139,53,0,14,5,0,15,28,52,9,14,20,0,25,45,2,27,5,1,35,0,33
cell_367,32,58,2,7,59,15,4,82,56,2,25,39,25,24,0,23,43,41,3,4,75,59,65,9,14,0,2,28,0,2,17,15,29,8,0,0,13,9,126,0,30,70,0,0,0,21,50,51,116,47,80,5,5,6,4,4,0,97,1251,50,22,73,7,1,0,42,45,32,35,63,36,0,0,49,19,55,34,67,29,6,5,0,36,1,84,0,44,62,13,0,4,20,29,54,4,2,4,7,19,5,2,4,5,5,15,85,48,74,8,59,21,94,115,26,76,7,37,22,4,3,0,42,16,58,21,9,8,0,5,22,113,15,66,95,7,79,126,24,0,0,123,65,21,5,2,44,2,71,6,0,0,2,142,4,91,9,23,2,6,53,8,54,9,42,1,2,2,17,27,99,20,97,1673,0,90,4,11,96,5,75,2,9,0,9,51,11,12,44,1,34,67,38,72,12,106,47,66,50,2,142,0,55,0,80,73,3,102,81,14,45,2,87,63,0,7,62,3,22,5,23,4,2,20,74,81,0,13,12,60,0,68,52,23,66,1527,27,12,55,2,1357,60,86,3,0,31,0,2,86,44,5,73,96,1,0,63,14,88,0,6,3,52,24,18,0,90,15,0,2,40,73,64,0,17,123,52,34,15,0,21,1,53,7,2125,75,13,15,24,28,0,71,25,8,56,17,8,41,18,43,68,6,10,92,47,41,0,18,47,11,63,12,19,12,0,32,120,65,64,3,42,70,75,4,6,37,8,46,8,32,37,92,8,36,26,47,24,13,0,0,57,25,2304,79,57,76,0,0,97,63,15,1,0,11,76,4,52,34,8,18,47,61,65,23,6,55,0,95,0,103,87,0,4,33,1,72,95,2,12,22,12,35,26,19,15,32,41,0,29,10,18,8,0,15,6,12,3025,1,62,51,23,58,82,47,10,1,83,0,31,28,5,5,11,16,0,6,0,0,4,26,11,35,10,1,72,1,3,51,24,0,68,2,71,3,26,61,0,0,3694,64,41,3,111,36,28,47,20,71,47,39,35,4,49,31,98,28,30,18,2,9,16,10,0,52,1,37,65,14,9,21,1,5,53,58,18,19,15,2,7,59,95,61,0,61,5,10,30,56,43,1,7,2,0,9,104,8,61,0,15,116,8,2
cell_368,1,6,1,2,63,23,12,11,0,18,94,49,83,8,0,5,79,28,0,0,39,50,75,11,8,12,92,72,10,1,14,52,104,3,3,54,0,51,74,0,35,64,66,4,0,1,31,85,57,80,85,44,0,26,0,9,19,155,2543,7,46,37,14,1,50,9,31,48,11,2,2,11,10,9,31,47,25,49,20,1,14,0,88,24,63,0,5,53,10,1,2,17,47,276,8,2,27,43,14,2,1,31,17,4,3,42,216,46,5,47,7,55,53,16,93,47,8,24,1,2,24,20,18,26,70,13,12,0,19,6,49,7,28,96,2,38,44,5,0,0,93,58,21,7,1,73,14,132,20,0,0,0,127,0,5,22,9,14,60,59,4,44,3,73,6,106,9,25,6,58,7,42,1135,0,47,21,85,117,4,96,16,1,15,18,6,4,31,96,0,6,17,7,71,16,48,238,15,6,27,26,0,37,13,2,113,128,24,78,41,48,2,7,18,9,2,57,26,13,5,23,24,4,16,55,53,66,4,13,14,18,87,18,30,54,1972,38,15,8,0,1701,61,137,0,0,21,13,0,41,18,0,105,5,6,0,36,50,68,1,37,42,107,7,25,0,82,24,1,0,63,103,121,4,17,76,61,47,57,0,4,0,12,0,1410,60,1,12,31,2,0,74,3,2,58,0,5,25,47,14,7,4,5,62,14,41,0,0,10,43,43,16,38,4,0,56,145,89,51,62,35,60,50,30,45,123,12,7,17,1,8,59,10,10,20,41,47,11,5,27,0,0,2896,54,88,71,0,12,22,18,5,3,0,47,56,17,23,38,19,86,37,25,65,56,1,93,23,84,1,17,7,69,4,24,0,21,97,6,2,71,72,42,26,23,2,40,43,0,11,29,34,8,0,26,11,0,5620,8,105,19,26,69,95,86,45,6,35,5,14,1,0,0,11,7,4,13,1,18,5,10,72,51,13,0,13,0,15,43,7,0,117,4,7,105,74,86,2,2,3325,47,29,1,47,20,46,0,19,61,18,9,106,10,67,37,134,100,12,26,0,47,18,23,0,46,25,79,82,7,9,3,6,0,53,5,89,1,24,11,0,26,123,80,33,48,12,0,0,72,14,5,60,5,2,15,8,16,46,6,38,53,0,1
cell_369,56,11,8,0,68,104,1,81,23,23,48,27,2,21,0,48,33,8,0,33,47,26,9,61,35,7,6,33,17,7,8,91,43,6,0,0,23,19,83,8,0,101,115,0,7,17,58,46,98,99,57,1,0,5,14,2,0,235,4380,155,3,60,40,9,154,64,22,14,23,20,16,0,12,11,42,60,20,80,25,10,2,0,67,10,90,3,115,35,4,1,1,28,68,52,4,10,2,43,18,15,8,13,36,6,14,57,202,47,8,103,3,35,30,11,75,9,60,1,0,14,0,3,24,19,29,60,23,0,27,6,20,1,4,66,8,124,27,4,9,37,117,86,4,0,3,42,8,43,70,0,1,8,135,8,2,11,11,2,4,71,5,53,9,31,2,34,4,43,1,77,2,31,592,6,93,8,34,555,6,113,3,9,2,58,54,3,35,135,4,33,15,7,7,8,15,183,81,163,78,72,6,26,2,0,60,6,16,12,7,25,18,54,37,0,13,88,5,12,0,24,3,1,2,87,79,73,0,65,2,82,37,3,14,14,2427,23,0,21,0,1295,80,69,3,2,7,98,1,41,6,6,66,26,14,21,66,25,55,0,47,22,93,20,9,0,101,18,73,20,17,32,45,0,21,4,42,36,30,80,58,6,45,0,2223,151,18,23,3,2,0,136,4,13,38,7,24,20,48,15,40,10,47,78,91,45,0,7,14,24,47,2,91,26,0,72,116,20,42,19,15,25,59,3,22,48,6,100,1,43,1,134,23,93,18,61,77,5,8,13,0,1,2038,104,91,41,0,0,66,60,3,2,0,6,92,61,30,68,29,65,41,56,119,51,30,62,48,111,1,59,0,259,5,72,0,36,146,1,6,7,71,7,0,25,35,17,36,0,0,0,36,0,0,27,27,0,11409,22,47,26,12,64,163,23,10,4,29,8,30,117,82,28,3,15,0,0,0,19,3,20,165,8,16,0,15,10,10,4,77,7,258,3,92,5,52,162,1,0,5515,47,28,2,46,6,22,7,10,28,10,6,128,4,49,61,91,19,3,20,17,4,27,81,6,102,0,255,29,7,29,17,1,0,77,16,114,2,15,0,6,11,133,58,0,48,2,0,2,13,11,0,10,53,43,0,95,28,40,5,23,70,0,13
cell_370,7,37,0,8,57,47,25,81,29,17,6,4,30,23,0,3,49,39,0,8,126,26,33,65,38,0,29,11,6,3,7,17,32,38,3,0,30,50,125,1,0,48,0,0,2,45,22,73,76,41,85,10,0,19,49,32,19,97,1313,26,35,73,22,8,76,4,46,23,51,19,32,3,10,68,55,39,4,67,44,15,26,1,49,2,88,0,1,66,20,0,0,8,111,54,8,19,14,12,47,3,3,51,33,3,10,53,69,30,6,61,37,114,84,29,85,0,62,5,6,15,8,38,16,73,36,47,15,0,12,23,46,16,21,72,21,2,145,49,42,87,84,18,10,2,14,110,19,68,35,0,0,1,150,2,0,32,50,2,12,74,34,31,15,52,0,27,15,16,2,91,40,59,1507,8,23,5,67,82,12,65,0,16,1,33,45,3,15,34,8,7,70,17,6,8,62,66,47,72,7,136,3,50,18,53,93,9,64,58,9,59,1,59,78,3,14,6,3,4,18,3,0,5,3,75,85,0,15,14,34,60,42,6,62,25,1710,51,28,13,0,1359,62,29,10,0,14,18,0,112,21,14,61,53,0,0,72,11,47,0,28,7,22,45,11,2,90,20,26,8,63,84,77,0,52,8,46,39,12,12,64,39,67,11,2040,79,7,7,74,26,1,69,8,13,48,0,4,57,108,5,57,16,8,100,19,37,0,12,11,13,72,18,51,0,0,34,114,46,68,4,67,60,41,19,13,62,12,41,25,8,28,91,13,13,9,53,59,48,1,1,29,59,2655,70,60,21,7,4,104,36,21,0,0,2,54,25,118,20,20,44,37,63,65,22,0,59,4,90,0,37,12,80,0,78,23,47,72,24,18,11,47,38,24,54,39,15,47,6,0,0,27,13,0,23,27,0,3099,7,71,44,18,34,75,36,13,0,75,9,20,68,2,0,23,18,20,14,0,27,58,0,88,56,3,17,69,10,33,29,8,3,8,10,70,0,64,54,6,0,3517,15,25,20,21,4,16,3,35,6,33,22,54,14,44,49,33,0,23,38,0,3,15,18,14,56,0,91,44,34,11,1,15,0,46,56,110,11,19,17,2,5,126,47,57,57,15,4,0,46,21,0,2,4,0,17,58,2,5,7,29,39,0,54
cell_371,0,13,10,3,88,51,12,43,6,11,69,35,26,31,0,3,2,36,0,3,22,30,42,22,5,0,55,0,9,7,1,0,29,9,3,4,69,117,114,2,0,91,111,1,11,5,23,55,90,77,76,14,0,2,23,1,75,205,2776,118,8,100,10,14,158,1,38,23,18,18,0,0,36,73,52,52,3,146,7,1,11,0,19,0,156,0,147,157,0,0,9,14,126,148,7,16,5,96,16,5,7,22,7,4,25,43,104,28,18,83,18,32,32,15,35,29,57,18,0,28,2,6,12,34,65,20,21,0,37,16,10,3,85,70,3,24,71,68,2,74,157,77,15,0,0,152,16,39,41,0,0,1,141,10,0,57,56,3,30,72,18,31,12,30,1,104,0,0,3,61,30,55,945,10,109,16,43,536,5,57,31,16,0,37,5,4,25,55,5,44,18,83,26,8,51,114,27,125,21,120,0,25,1,6,53,115,15,11,2,43,16,24,43,0,6,6,22,17,1,21,11,4,3,90,54,0,0,35,2,71,25,0,62,29,2869,8,3,17,0,1328,77,44,15,0,40,63,5,55,12,16,174,60,1,0,153,12,1,4,60,8,49,7,14,0,39,29,128,0,82,214,156,0,49,63,54,36,0,8,46,12,13,5,2851,228,5,50,0,39,0,69,1,18,26,0,30,74,55,111,47,15,73,46,2,8,0,4,10,176,38,3,87,6,0,40,57,63,66,12,7,17,71,2,6,178,5,55,7,6,2,246,13,170,5,61,72,12,1,10,3,29,2180,89,53,39,0,0,64,72,0,2,0,5,51,44,21,67,48,51,10,67,150,30,7,174,0,56,0,30,18,109,9,53,0,89,166,4,6,5,74,10,98,3,4,72,33,41,3,12,52,2,0,10,27,0,10198,1,66,31,17,74,152,76,7,3,14,4,16,75,1,27,23,14,0,12,0,2,13,50,178,37,28,0,35,1,5,10,20,11,251,2,89,19,58,74,0,0,6475,14,24,4,40,37,25,0,10,33,12,8,101,5,21,50,31,17,18,9,0,19,26,10,8,108,2,163,37,1,20,19,0,0,116,59,121,5,12,21,3,14,154,30,0,59,5,0,0,20,3,0,31,27,2,0,50,37,1,0,9,32,16,1
cell_372,184,7,8,3,60,37,6,58,7,10,79,80,10,29,0,25,34,9,0,1,39,51,2,17,10,19,2,54,14,2,8,5,1,23,33,0,19,158,81,0,54,96,75,0,7,15,35,40,70,138,79,0,0,0,9,3,67,257,4484,27,29,68,37,11,76,73,30,3,44,7,12,9,7,42,6,61,11,74,111,0,1,2,13,20,100,0,44,54,13,0,0,13,70,146,9,7,10,12,51,2,32,7,20,13,14,22,219,32,2,14,25,36,39,4,10,22,40,25,0,7,0,46,3,17,18,64,28,0,4,4,28,4,21,35,10,169,55,106,12,48,25,56,18,1,6,120,13,73,3,0,4,0,102,5,0,39,24,4,1,64,0,15,20,29,1,133,8,30,19,78,38,49,674,21,114,54,46,510,21,105,8,25,0,36,75,5,9,180,11,27,10,10,52,5,78,143,84,38,83,36,52,19,1,18,60,53,36,18,16,59,5,34,57,7,25,98,9,10,3,12,5,4,16,77,64,0,2,4,3,130,13,5,137,17,2400,86,31,2,1,1322,78,21,10,0,51,68,9,42,1,34,89,41,1,1,65,0,6,0,9,5,73,4,6,1,98,91,81,18,70,27,143,0,170,8,47,24,26,114,11,8,85,24,2311,145,3,34,63,15,0,170,11,22,39,18,23,42,48,36,38,18,27,42,35,1,0,0,4,0,61,27,47,6,0,27,113,12,56,0,94,34,64,4,36,156,5,64,4,15,3,122,5,124,19,88,20,71,0,5,5,9,1604,106,85,37,0,0,8,50,14,12,0,8,73,26,32,133,14,88,6,59,76,37,5,72,0,115,0,7,27,312,0,49,3,78,167,121,2,13,73,30,6,49,26,29,42,183,0,33,4,5,0,8,10,4,11050,3,53,26,1,53,209,34,13,0,19,13,2,0,0,11,0,20,0,12,0,0,11,3,95,32,3,5,35,10,1,1,7,5,138,26,110,3,38,169,0,0,5526,30,7,24,29,3,31,0,12,66,61,70,125,4,7,88,92,14,17,10,4,16,43,57,6,105,5,189,40,16,12,45,17,0,101,16,88,3,52,17,1,6,163,40,81,75,0,3,0,49,9,13,30,5,4,0,35,18,0,2,0,67,0,5
cell_373,1,6,26,10,18,8,12,10,3,0,31,14,20,10,0,0,22,12,0,50,36,44,4,24,66,0,1,7,33,20,13,0,9,13,42,0,0,46,174,0,27,196,0,0,5,17,56,131,118,95,68,45,13,6,14,3,11,719,1598,280,8,147,20,2,60,0,30,12,37,13,7,0,34,8,77,21,17,267,70,1,12,0,37,0,189,1,35,29,6,0,0,8,168,47,2,0,4,86,63,11,10,12,4,4,6,45,160,44,12,69,54,32,59,5,55,0,24,36,1,1,0,31,1,10,68,9,14,0,12,20,15,26,116,31,11,25,57,13,7,0,193,84,11,21,4,212,39,33,71,0,41,5,74,13,0,23,35,4,32,22,0,38,4,18,0,29,4,40,15,189,24,27,674,0,58,14,4,407,1,116,14,5,0,24,13,23,33,38,4,37,30,4,31,0,33,112,114,14,17,109,9,9,0,6,79,48,3,12,10,39,0,37,41,13,24,0,5,25,9,21,8,4,1,142,67,9,18,42,4,75,29,28,62,54,3201,18,11,9,0,1115,180,33,0,0,98,396,0,39,6,2,59,40,1,0,178,28,132,3,83,0,19,9,7,0,108,68,2,1,56,56,251,0,55,20,92,40,12,0,12,17,1,24,3034,318,1,7,799,52,0,160,53,4,27,4,24,40,32,11,70,7,8,28,73,17,0,3,4,61,71,3,35,5,0,94,254,30,105,0,178,45,41,15,3,128,9,56,12,4,11,239,3,49,13,138,59,23,1,15,4,5,821,44,96,102,0,0,18,64,22,9,0,1,111,25,2,49,10,64,16,36,181,22,0,160,66,139,0,30,6,64,9,57,9,41,168,1,0,3,28,20,88,6,7,47,16,13,0,9,36,22,16,10,32,85,8302,9,80,29,20,57,223,15,10,0,13,1,8,116,7,0,40,3,0,17,0,2,14,7,108,34,2,0,70,5,6,8,63,3,286,35,79,6,47,212,0,0,2768,42,29,2,62,55,4,16,8,26,0,32,73,2,21,44,25,0,8,13,0,18,93,17,46,170,0,82,24,61,16,7,101,0,145,31,124,10,1,21,57,18,136,21,3,71,0,2,0,53,41,1,24,18,3,0,36,28,0,0,10,88,1,10
cell_374,0,39,6,2,71,6,39,8,12,1,75,28,51,30,8,23,43,12,7,1,37,54,13,20,59,10,33,105,9,4,12,41,56,30,44,0,0,17,75,0,0,54,0,5,7,0,53,88,47,87,87,1,0,11,2,5,3,168,2696,14,28,6,60,24,47,13,16,4,32,22,9,1,1,4,30,64,44,46,38,6,4,15,86,10,63,0,23,58,8,0,1,25,32,51,14,4,2,52,27,39,3,44,79,11,0,65,201,37,4,13,19,35,56,23,73,36,62,22,1,16,0,50,28,4,60,45,32,0,7,17,24,21,55,91,33,35,40,1,6,35,69,89,13,0,0,70,16,171,15,1,0,11,4,28,0,14,31,3,7,56,27,63,11,95,3,123,2,18,24,55,0,27,1158,40,66,7,97,98,4,95,24,5,0,21,25,18,37,53,6,35,12,3,74,19,24,252,5,46,0,12,0,36,0,65,78,61,11,91,35,54,7,57,49,2,0,17,24,23,2,30,19,5,5,28,51,25,9,24,1,16,126,8,61,52,1885,12,18,1,2,1525,78,65,6,2,8,32,35,57,5,0,82,12,26,0,29,104,32,6,26,10,31,14,28,0,40,27,0,0,126,83,163,0,47,63,79,54,31,0,19,0,57,1,1358,47,4,29,40,0,18,53,28,4,82,3,20,34,22,11,52,29,15,96,0,15,0,0,13,0,92,17,71,23,0,24,124,43,62,20,75,54,31,19,70,147,25,31,19,11,0,50,13,29,0,59,24,48,1,20,61,15,2351,104,42,38,1,0,88,48,2,3,2,3,51,68,32,123,0,86,33,85,41,78,0,79,48,95,0,69,71,2,0,55,6,16,68,0,1,23,43,48,0,11,9,50,53,3,0,20,5,24,0,12,25,0,5200,16,90,38,15,30,93,77,47,0,56,8,39,80,5,6,19,17,0,5,0,36,8,24,88,11,11,11,61,4,31,15,60,10,97,13,86,5,59,117,0,0,3096,32,16,31,20,38,47,0,18,57,22,1,138,1,8,50,108,18,7,17,6,2,56,23,5,34,1,64,98,43,32,29,11,9,43,38,19,4,22,0,0,49,80,79,38,85,19,0,3,70,0,0,36,6,0,6,12,24,38,7,6,25,3,5
cell_375,2,23,2,3,22,10,12,47,24,23,25,16,30,7,0,23,34,24,8,6,28,67,25,3,7,4,0,114,23,9,27,67,16,6,2,37,23,57,541,0,27,225,5,0,4,72,54,191,167,169,56,1,17,13,0,2,5,1241,2005,163,1,83,18,4,14,21,14,45,9,5,3,1,17,48,13,14,16,217,85,2,0,0,25,2,266,4,70,25,4,0,0,1,22,31,3,16,20,88,0,3,6,9,4,1,5,89,153,105,2,81,6,54,48,36,70,30,24,16,1,2,0,114,34,27,169,34,28,81,11,13,45,24,66,39,44,86,125,110,0,9,257,31,31,68,2,259,1,16,31,0,1,6,77,7,1,3,20,2,0,21,26,66,4,23,4,14,9,57,9,292,6,12,660,2,140,48,22,413,111,98,34,7,9,24,16,7,18,31,0,35,17,1,15,3,44,238,260,150,12,91,2,18,0,21,67,17,44,18,21,36,20,49,19,23,52,180,9,4,0,3,8,8,6,206,49,29,2,98,18,7,8,35,18,39,3851,1,1,33,0,1076,265,48,0,1,53,64,12,33,1,36,38,197,0,96,162,0,162,0,238,3,57,15,8,0,150,66,21,12,2,92,222,0,27,0,62,52,105,179,12,16,8,34,3168,289,3,17,119,49,0,148,18,0,21,96,46,8,6,15,71,48,10,50,2,110,7,3,17,69,44,36,26,7,0,122,195,44,189,81,218,51,59,1,76,12,41,110,0,2,0,206,3,27,0,113,68,12,10,14,6,0,678,59,170,64,0,0,181,34,1,2,0,18,142,40,16,9,24,63,52,20,154,31,0,263,48,77,5,142,5,145,24,10,4,66,145,0,13,6,218,23,37,14,3,21,5,43,0,0,3,0,6,40,29,5,6859,10,69,12,5,115,334,14,13,8,21,0,16,85,15,0,4,13,30,0,2,24,12,12,9,4,16,0,41,14,25,32,50,16,641,17,75,5,57,200,0,1,1140,33,9,11,59,9,16,14,6,11,21,4,66,2,22,47,8,38,5,23,0,131,41,16,0,185,1,35,88,11,8,48,0,5,76,17,43,3,1,3,35,32,104,86,0,205,12,0,4,27,9,1,17,11,1,0,107,37,57,0,21,69,0,9
cell_376,1,85,5,4,22,21,10,28,5,0,23,0,24,8,0,0,44,17,0,134,30,93,2,0,81,5,0,110,47,4,6,34,81,24,0,0,47,9,358,0,0,298,22,0,23,11,66,171,149,23,52,12,8,5,0,2,41,7176,837,59,13,100,4,9,11,19,18,61,26,11,12,7,26,35,52,40,32,304,18,0,1,0,20,2,142,0,5,30,7,0,0,26,104,17,6,4,9,44,45,21,4,6,47,5,7,91,225,131,3,68,12,27,43,30,22,0,23,27,0,0,1,52,21,21,236,32,12,0,73,3,6,12,54,19,113,0,142,41,8,77,215,45,3,343,5,109,5,55,37,0,0,2,85,0,148,33,3,3,13,26,25,106,10,15,1,358,19,30,12,817,7,22,611,2,66,56,16,1130,251,186,0,5,0,1,11,9,54,30,5,52,2,5,15,17,27,631,51,200,84,43,54,23,1,10,54,59,15,12,19,79,16,36,53,54,54,164,15,17,1,18,1,8,3,523,41,3,13,65,9,11,84,6,41,49,3922,69,20,11,0,896,147,264,4,1,12,19,33,37,3,12,30,221,0,0,28,41,25,0,141,7,218,6,5,2,0,13,0,19,52,71,133,12,20,37,99,30,87,31,8,32,30,28,3089,147,14,17,517,5,1,133,6,17,23,0,20,45,40,23,68,5,0,67,16,51,0,10,0,2,94,25,217,0,0,184,298,64,162,0,321,27,80,5,33,54,11,106,14,9,11,111,3,5,2,132,20,44,8,0,0,4,1265,30,311,97,0,0,237,110,4,1,11,15,31,30,92,114,88,125,39,31,203,11,0,1286,99,196,0,139,8,208,0,34,1,3,232,0,0,8,328,8,6,8,19,7,34,86,1,0,5,9,0,52,18,1,4036,31,196,14,27,92,198,8,3,0,11,14,28,140,31,0,14,53,0,8,1,16,94,3,69,6,51,0,31,4,4,19,43,15,362,2,108,4,22,222,0,0,2816,20,12,53,6,12,29,2,12,3,19,38,94,6,27,28,175,35,5,15,12,2,355,17,2,157,4,146,156,21,50,15,291,0,19,10,111,8,3,0,0,7,166,99,12,66,0,0,2,98,10,4,15,1,0,0,13,29,9,11,73,51,0,23
cell_377,27,11,1,27,79,28,7,71,14,20,21,12,46,56,2,15,39,19,0,0,48,27,20,0,33,2,5,0,12,2,9,19,6,1,2,1,27,180,66,1,8,88,57,1,1,0,80,48,103,127,77,10,0,14,1,14,11,284,4481,171,35,38,17,37,97,4,42,35,54,6,48,0,63,16,45,72,15,117,58,13,2,0,23,2,115,0,39,79,18,0,19,28,62,87,0,7,13,32,30,40,10,9,10,1,9,30,213,32,3,36,10,12,47,8,47,6,65,6,3,13,16,71,8,18,44,65,5,0,38,13,24,11,88,51,19,90,39,26,0,76,118,58,17,0,0,184,13,65,36,0,0,0,94,17,0,4,13,9,25,68,7,21,14,38,0,144,9,64,33,117,37,30,634,3,35,1,35,507,8,81,0,1,0,14,27,3,31,137,11,40,16,2,44,0,14,190,17,145,16,51,0,24,0,32,48,36,4,43,31,60,13,49,54,3,15,42,2,28,14,25,0,22,25,29,68,20,15,12,11,40,62,9,10,18,2540,86,12,2,0,1433,75,24,0,0,31,6,27,27,2,1,75,47,0,1,70,46,1,1,93,24,38,13,26,0,139,28,0,1,95,49,205,0,28,0,77,26,38,0,11,13,65,12,2271,171,4,7,3,4,0,151,8,3,41,54,8,51,58,22,38,15,17,42,65,41,0,20,1,48,62,14,68,27,3,65,90,41,61,12,41,31,70,5,45,133,10,6,3,2,8,164,5,42,8,49,51,21,1,2,5,26,2083,107,86,54,0,0,102,44,0,10,0,13,46,5,53,98,16,29,0,55,165,46,4,141,1,119,0,73,49,0,23,23,1,21,171,0,0,4,74,28,0,32,10,48,28,0,2,6,18,24,0,0,8,2,11098,3,45,15,19,44,209,19,22,14,15,10,17,121,0,40,4,20,1,3,1,9,17,30,149,32,3,3,37,5,15,5,30,19,203,7,109,4,25,145,18,0,5825,57,12,0,52,47,13,10,1,49,40,0,114,0,13,122,127,6,2,19,0,7,29,25,0,76,0,190,33,42,27,3,35,5,112,6,139,2,37,0,1,17,131,49,24,92,3,0,7,46,7,3,16,5,0,2,38,44,52,1,44,77,0,10
cell_378,11,13,24,12,17,26,10,40,9,2,30,4,18,14,2,20,20,9,28,28,32,65,1,2,63,46,33,38,17,39,1,69,21,4,27,17,2,15,484,1,12,223,127,0,0,64,67,168,125,117,58,6,0,21,11,2,15,433,2109,119,13,123,8,6,66,10,6,30,38,4,8,1,56,22,15,26,22,203,31,5,4,0,9,26,190,0,79,16,9,0,0,2,268,7,5,3,15,66,11,14,0,16,65,3,7,74,119,99,3,55,10,106,76,3,41,18,16,6,2,1,48,111,33,12,231,64,0,3,27,15,17,5,70,29,62,0,116,86,1,54,218,60,4,24,42,448,7,15,17,5,3,2,18,27,0,16,2,0,4,22,46,82,13,19,0,191,6,32,8,225,12,19,706,9,61,212,42,218,0,71,3,2,0,18,94,2,62,50,0,67,34,0,12,6,47,182,284,97,27,79,17,26,0,9,67,26,87,4,31,43,3,35,35,10,2,62,9,30,2,32,0,2,10,256,50,1,10,46,0,4,11,0,59,36,3525,52,14,5,0,982,241,26,10,0,124,493,49,28,6,46,34,33,0,39,177,23,153,1,215,7,121,9,3,2,161,36,20,3,61,53,171,0,3,13,63,66,29,0,15,11,6,0,3130,326,2,11,571,1,2,171,8,8,8,0,8,3,19,10,76,16,18,55,3,60,0,0,0,0,26,28,47,3,0,121,211,40,153,0,230,65,47,4,49,48,69,88,6,12,0,192,0,13,3,84,68,37,18,32,0,2,777,60,173,34,42,0,183,95,2,3,0,27,132,7,41,37,45,78,30,31,185,11,0,226,21,112,0,74,0,4,6,28,8,4,79,17,0,6,17,7,4,6,20,47,6,62,0,0,24,1,0,9,54,0,6769,30,70,17,19,38,261,18,11,0,49,4,26,98,9,13,17,3,0,4,0,54,23,35,66,1,37,3,27,17,47,9,18,20,761,5,62,2,48,136,2,3,1218,45,7,3,38,3,12,0,3,6,22,2,87,5,11,65,14,85,5,20,2,34,97,23,12,177,18,228,74,33,11,13,101,0,86,12,124,25,21,109,16,6,171,55,72,233,3,0,0,13,32,3,21,17,0,0,100,0,14,7,56,10,0,31
cell_379,3,1,31,0,50,22,2,29,15,27,59,17,28,13,0,4,10,28,0,5,4,37,41,1,0,61,107,68,4,33,6,80,1,0,0,1,13,17,69,5,0,85,55,5,13,3,36,30,66,123,82,6,34,1,0,3,86,281,4524,192,4,54,20,0,4,20,23,22,62,4,2,0,27,5,30,34,15,72,67,4,10,4,74,23,98,17,104,73,3,3,0,32,45,148,0,0,7,102,37,10,5,18,1,2,19,38,221,19,14,32,2,92,40,8,66,55,6,6,0,9,0,37,6,15,21,16,17,17,17,28,42,11,21,67,6,95,61,28,0,19,113,7,52,0,12,155,4,10,48,0,2,0,48,33,1,3,22,7,7,62,7,50,3,44,1,20,10,30,28,99,2,37,616,0,3,7,42,559,0,106,2,15,1,49,35,4,51,103,0,50,16,3,31,4,25,180,82,79,2,61,0,28,0,20,68,73,2,27,23,47,27,26,69,29,5,93,13,7,0,38,26,11,1,49,80,45,39,3,9,91,56,16,112,19,1896,23,3,8,0,1181,80,53,2,2,38,56,0,21,25,0,76,64,0,10,56,20,134,1,85,2,50,6,31,0,146,29,95,4,121,129,190,9,42,2,74,43,51,47,7,10,4,0,2159,164,1,20,42,35,28,95,28,17,25,0,11,23,22,24,52,11,25,76,39,35,0,0,5,58,33,35,45,60,0,61,102,30,41,37,25,30,105,7,14,192,6,32,2,8,1,141,21,28,6,60,70,26,0,25,11,26,1926,116,93,25,1,0,52,19,0,18,0,26,82,6,21,46,16,68,24,30,96,24,26,99,10,111,0,58,9,241,7,63,7,51,196,62,1,1,44,7,0,16,0,40,31,20,0,36,40,5,0,7,26,0,11276,4,66,7,14,62,190,43,14,1,31,5,8,118,29,0,18,2,0,14,0,13,0,8,150,23,20,0,15,2,4,14,13,3,211,3,112,22,48,177,1,3,6124,17,17,1,14,39,45,0,8,61,6,0,143,5,29,111,4,46,2,12,4,34,16,5,2,99,25,98,34,0,37,12,4,1,136,13,34,48,6,0,15,34,105,68,27,115,22,0,2,36,11,11,30,21,0,3,66,13,62,1,50,39,0,0
cell_380,0,10,28,0,27,104,16,22,1,15,49,5,25,17,0,52,22,12,0,45,15,67,11,18,19,10,37,41,13,38,2,0,35,54,0,0,18,112,195,5,6,103,8,4,1,5,57,110,57,99,79,19,23,7,5,1,0,793,1659,46,11,137,9,35,71,25,4,50,42,13,2,3,26,122,51,39,3,279,51,7,5,0,22,12,247,0,130,34,0,1,1,1,178,38,7,25,8,129,39,0,3,9,22,3,4,67,188,57,28,40,15,71,50,12,78,51,3,50,0,11,0,33,18,7,166,3,16,0,17,32,72,2,153,35,27,23,84,4,1,105,177,42,10,17,0,361,26,32,28,0,0,1,30,3,0,17,13,4,23,8,1,90,5,22,0,157,9,9,13,212,26,28,680,3,114,24,19,310,1,98,0,2,0,6,37,6,18,13,1,40,20,9,15,9,16,97,121,46,0,68,0,16,1,67,70,127,15,10,10,25,40,46,40,1,3,19,10,24,5,36,11,16,3,173,59,31,20,67,1,4,7,3,15,30,3296,22,12,0,0,1182,191,43,1,2,58,326,0,38,15,0,60,151,0,14,132,37,238,3,157,5,82,1,12,0,48,182,40,2,36,92,304,5,46,59,95,61,67,138,16,90,7,28,3123,283,4,24,149,23,1,71,25,5,26,73,6,34,48,28,68,14,7,55,57,61,2,1,0,0,71,42,70,47,0,141,176,1,107,18,212,49,33,12,123,115,28,26,0,1,0,112,14,16,9,155,39,3,0,1,2,9,942,64,102,79,101,0,76,73,7,0,0,5,33,47,37,18,13,56,27,56,213,12,0,206,15,157,0,21,22,74,6,34,17,30,112,42,0,5,191,22,2,28,0,58,29,95,0,29,17,7,5,15,37,0,7965,0,58,12,19,31,220,14,22,2,14,23,4,80,0,1,49,24,0,11,0,19,4,12,92,38,23,3,48,0,10,9,18,1,690,2,63,7,31,141,1,0,2713,31,5,25,24,47,18,10,13,15,12,13,129,11,3,55,131,24,0,16,0,1,45,11,21,164,2,251,34,6,28,8,207,0,106,14,78,40,2,0,10,26,120,54,1,161,21,0,0,46,10,0,6,11,4,1,39,12,25,2,41,50,0,2
cell_381,1,21,19,16,53,48,5,58,18,31,12,0,17,26,0,8,42,19,3,39,58,31,13,3,49,27,29,178,5,3,1,80,14,6,52,38,8,27,63,14,10,48,4,0,33,27,50,39,37,122,69,2,14,3,19,5,34,242,4732,31,3,21,11,45,82,1,30,9,22,5,21,1,4,15,29,55,27,94,99,5,1,1,54,10,96,5,6,46,15,14,3,12,88,80,9,14,1,61,7,16,14,12,12,3,1,67,214,47,10,39,11,96,39,18,72,30,4,6,10,11,0,71,10,10,20,22,14,0,13,19,13,9,75,74,14,138,42,4,3,77,137,26,42,27,19,189,9,55,13,0,4,2,87,0,0,7,6,0,21,55,13,30,0,50,1,133,10,16,51,114,25,29,585,4,63,14,37,272,34,99,21,3,1,40,72,2,66,133,2,66,24,11,38,3,13,37,37,200,22,59,10,21,15,36,66,18,40,20,5,77,2,33,70,16,10,9,20,15,1,48,5,9,3,72,74,18,7,56,16,143,75,6,25,13,2123,30,16,6,0,1259,83,66,13,0,33,88,47,33,10,0,64,57,0,35,63,15,178,44,41,4,29,7,10,3,25,53,1,11,51,111,216,5,54,83,62,26,72,16,21,111,14,0,2186,157,5,14,72,19,5,114,22,14,26,16,15,36,50,12,37,16,16,42,23,28,4,7,21,40,20,30,62,13,0,70,123,40,41,11,70,23,46,4,36,120,1,63,0,15,0,151,9,129,29,73,58,31,2,2,37,12,1732,43,23,93,3,5,83,74,20,0,20,14,77,10,74,31,21,72,23,29,102,4,0,33,44,85,0,55,15,0,25,43,9,55,150,0,9,4,80,12,0,15,15,57,20,36,0,3,26,6,2,8,22,11,11243,10,43,29,26,59,209,31,14,11,24,11,30,86,34,6,8,31,12,7,13,8,26,8,129,7,17,2,50,0,5,12,65,11,52,3,79,12,64,155,4,2,5937,50,25,0,38,35,19,13,6,53,8,2,31,18,27,122,141,1,4,19,0,5,43,10,3,84,7,297,22,23,27,9,0,0,86,18,2,15,22,2,12,9,139,63,3,39,1,0,0,38,33,3,16,4,0,6,49,7,52,0,31,29,6,14
cell_382,1501,5,0,1,178,11,3,42,21,282,34,3,60,84,0,44,15,9,0,6,40,4,41,0,3,1,10,3,10,8,3,3,20,5,2,0,154,521,108,0,2,65,270,0,17,13,103,65,130,84,40,36,185,1,13,17,5,246,2126,171,5,69,37,5,0,76,14,2,82,18,29,10,7,331,47,55,17,170,4,7,5,3,118,0,587,1,212,53,2,0,41,23,58,378,4,10,20,36,10,25,3,1,8,5,11,12,246,18,9,68,53,26,80,0,58,75,44,17,3,58,6,27,4,16,138,17,10,0,43,10,2,22,93,14,2,318,51,23,0,97,36,18,7,0,2,395,17,45,23,0,0,0,190,23,73,14,26,28,23,146,0,116,16,51,0,0,7,1,61,44,65,25,725,11,36,9,27,485,1,73,5,24,0,23,13,17,14,130,18,30,9,58,5,6,68,249,71,2116,12,28,0,17,0,14,50,124,63,85,19,8,37,17,29,9,48,99,2,11,30,16,0,9,6,54,40,1,2,1,20,48,12,49,56,31,2168,5,21,5,0,1330,43,119,6,0,89,2,0,28,6,13,8325,31,0,10,179,6,53,1,58,7,61,30,12,43,38,138,163,0,55,459,445,1,393,32,37,39,46,0,32,5,52,155,6517,303,6,24,0,16,0,46,7,9,18,0,22,15,83,72,21,7,13,26,11,9,4,2,18,132,44,5,33,29,0,59,92,58,38,7,39,17,47,10,34,1265,22,23,8,7,8,913,3,33,15,133,41,37,0,38,5,53,863,75,99,37,0,35,47,55,163,9,0,23,71,12,133,15,1,7,1,159,16,5,4,319,0,76,0,5,34,563,21,148,11,147,201,77,17,3,49,19,23,99,11,30,50,41,0,17,18,11,0,5,87,1,14244,3,101,4,6,57,225,39,23,0,124,9,1,71,68,15,6,13,183,0,2,23,0,250,383,38,5,0,1,13,2,0,11,4,192,4,47,8,71,145,1,0,11841,49,57,6,22,22,16,2,12,24,13,10,74,6,32,170,26,112,58,12,5,4,8,18,5,62,6,6,39,1,18,12,49,2,52,35,231,42,47,58,1,41,171,16,88,103,6,16,0,22,26,0,4,38,61,17,140,2,34,3,6,22,0,0
cell_383,0,8,0,1,74,28,13,20,38,16,76,75,60,40,0,39,54,8,0,22,2,60,10,4,12,0,28,113,8,10,9,0,106,37,10,29,21,19,88,13,22,55,70,1,2,3,43,92,60,81,114,4,0,4,3,19,13,169,2698,5,51,57,69,24,8,21,42,44,33,22,6,5,1,30,35,11,7,36,42,0,10,0,71,24,70,0,36,72,0,0,6,45,28,113,5,14,19,16,20,5,8,8,6,7,5,41,72,49,14,85,2,20,56,34,66,6,24,34,0,17,10,30,13,19,72,17,20,29,19,0,79,28,12,78,34,14,53,16,10,51,70,26,42,1,0,63,18,114,25,0,9,10,25,63,0,17,20,1,24,61,6,52,10,3,0,122,2,25,0,64,51,41,1019,0,20,28,67,128,13,78,6,4,0,13,30,2,13,95,2,55,15,11,37,0,52,272,12,15,19,25,9,18,0,21,78,2,13,99,24,66,10,39,33,4,14,47,56,46,4,5,50,14,14,57,54,34,2,36,25,7,81,20,94,23,1861,19,1,4,0,1509,60,61,0,0,1,0,8,36,10,1,65,32,29,0,31,100,0,3,73,51,120,14,14,0,76,29,50,20,101,0,162,6,31,48,63,45,76,0,3,0,58,25,1392,40,36,9,0,23,1,106,11,3,82,0,21,41,78,7,38,9,6,78,0,71,0,39,123,66,86,23,64,0,0,56,135,83,65,4,53,59,20,21,32,120,13,17,3,2,1,43,12,2,19,64,40,19,3,46,29,8,2656,90,99,30,6,0,89,27,16,2,0,7,68,23,57,41,3,35,48,45,62,39,0,28,67,63,0,67,54,0,1,68,0,20,102,25,2,18,62,26,32,41,6,69,59,52,0,42,14,35,0,3,15,21,5540,1,89,33,11,99,80,44,9,13,41,12,26,63,4,2,0,13,0,0,0,11,15,3,94,55,2,1,45,2,49,33,9,19,73,1,77,31,68,102,3,1,3102,17,72,25,19,37,50,3,2,63,13,0,136,18,13,80,23,41,24,47,1,48,22,8,17,41,6,93,118,9,62,13,0,0,31,17,67,4,46,6,2,34,99,95,23,91,12,0,5,88,6,2,73,5,42,5,65,34,43,0,9,24,0,0
cell_384,0,7,1,25,77,49,19,38,9,7,15,50,49,16,0,19,44,31,4,27,136,9,1,20,28,0,71,5,3,14,8,106,69,5,0,7,53,2,120,4,33,59,27,0,1,0,56,59,96,60,112,15,0,35,38,4,43,70,1297,63,47,37,70,17,104,38,62,12,58,21,23,2,13,76,28,75,46,94,33,1,3,7,58,21,88,0,55,93,9,0,11,39,125,19,3,0,11,26,12,9,3,40,10,8,13,32,54,60,4,10,41,60,95,3,71,4,26,22,0,3,1,8,10,69,24,20,0,6,13,17,21,17,58,78,9,9,132,8,10,14,108,22,12,0,16,42,15,84,28,5,0,12,139,26,2,15,30,5,74,70,7,54,0,47,0,19,1,7,0,55,2,77,1577,10,24,3,13,94,2,73,1,8,0,46,24,6,34,36,3,31,95,23,81,28,63,60,39,42,3,114,0,46,5,0,80,2,95,3,19,57,3,37,70,59,11,18,1,47,15,31,47,9,0,96,89,41,53,27,30,0,7,2,49,33,1729,24,23,59,5,1463,76,10,0,2,22,53,1,118,36,7,57,61,1,0,81,65,75,2,43,12,111,14,10,2,0,6,35,9,96,141,75,11,22,78,51,58,11,0,39,2,14,5,2094,77,4,3,0,8,1,14,29,37,67,0,4,31,94,29,69,4,7,76,50,18,0,0,43,56,18,30,45,4,0,29,105,88,63,4,12,66,11,2,7,55,13,34,31,9,8,90,4,8,27,51,53,16,4,60,23,47,2651,85,81,74,0,0,53,44,2,7,0,1,50,35,91,38,35,35,31,32,37,22,6,74,66,73,0,92,26,104,4,65,10,60,80,3,0,12,59,11,43,41,4,45,50,22,0,1,30,9,0,6,26,0,3157,0,77,43,18,38,64,75,8,1,80,50,24,59,11,1,0,12,0,4,0,9,12,7,74,29,4,5,98,6,25,24,3,0,93,5,62,26,62,46,0,0,3172,73,32,4,54,1,35,22,11,26,12,0,76,2,32,2,41,43,24,37,2,3,21,8,5,54,18,36,43,11,28,23,0,3,75,57,100,11,38,75,10,27,113,42,0,87,24,2,12,66,6,0,40,9,0,15,87,26,32,0,5,37,0,5
cell_385,42,7,3,4,27,309,1,43,10,21,29,7,36,6,2,35,39,12,0,2,15,34,0,0,73,89,21,145,76,75,0,11,37,32,1,33,3,18,303,9,0,126,138,1,10,3,71,191,31,22,75,31,0,1,5,9,10,6498,865,38,7,42,10,1,1,2,30,40,8,3,3,2,33,17,38,26,26,312,34,8,3,1,13,20,164,7,30,22,0,4,5,1,36,61,5,5,37,10,47,27,2,0,5,3,3,79,230,134,39,11,7,104,31,7,43,3,3,27,0,3,47,76,5,17,304,21,8,0,25,1,7,11,29,34,19,60,107,157,0,81,261,16,4,998,25,422,5,21,31,0,0,1,104,16,2,29,17,26,5,20,21,155,4,4,6,16,23,95,3,1055,4,17,550,0,38,42,27,1305,53,112,9,10,5,9,19,18,52,31,5,34,12,8,24,26,24,308,350,123,51,42,18,16,34,1,63,135,20,12,31,44,22,36,30,19,27,148,63,12,12,24,2,7,4,568,40,0,3,20,27,38,26,30,46,60,3548,38,11,38,6,927,125,299,1,1,45,450,52,27,13,38,32,302,0,0,23,30,256,3,93,7,98,11,8,0,191,165,81,26,58,73,293,0,30,48,113,43,77,0,27,3,4,0,3204,213,7,22,261,1,0,180,0,4,21,0,31,6,57,13,47,15,4,86,2,40,21,4,56,30,32,105,198,2,0,95,370,81,186,0,370,27,59,8,34,33,2,47,10,3,24,118,7,80,12,143,61,18,3,8,1,0,1168,60,285,82,0,0,230,63,21,11,6,10,141,7,72,58,173,114,32,6,178,0,1,255,3,210,0,121,0,0,13,13,0,28,50,0,6,5,128,3,14,93,4,18,25,41,0,5,70,2,0,15,30,0,4034,7,173,20,0,126,174,0,9,12,19,4,29,78,12,0,0,75,0,8,14,8,34,8,39,25,20,0,49,5,2,4,1,44,296,0,93,23,39,169,7,0,3331,36,13,52,27,4,35,22,8,20,6,0,89,4,54,35,97,49,4,22,2,13,64,74,25,38,18,118,201,4,64,5,1,1,57,11,124,10,22,21,17,3,165,87,0,179,3,1,0,138,16,1,20,2,0,9,56,16,3,2,2,115,0,0
cell_386,91,41,1,11,34,51,2,43,2,9,33,6,19,2,0,103,17,13,2,0,13,100,10,1,11,5,29,50,12,72,1,20,69,47,0,0,19,24,302,9,1,288,109,1,32,12,32,200,156,25,28,17,0,1,7,6,66,4961,870,62,17,13,14,0,36,56,35,34,28,11,24,5,6,15,18,55,31,77,13,0,4,0,19,7,146,1,2,30,0,0,6,25,40,59,1,2,13,64,16,4,1,7,17,25,21,1,224,116,5,51,9,104,30,46,57,15,28,34,5,0,50,35,10,16,210,39,6,56,50,11,3,10,29,39,6,0,99,61,1,19,253,9,10,139,0,528,11,46,3,1,0,0,120,3,0,38,7,11,10,17,7,71,32,32,0,19,17,59,1,608,5,18,499,3,38,40,29,1266,39,181,2,19,0,6,17,9,60,28,4,26,12,25,21,71,37,716,282,84,5,30,6,20,0,4,40,427,18,14,6,44,124,25,30,9,85,218,20,4,13,3,7,2,2,433,42,21,7,214,30,5,44,33,19,24,3675,44,17,3,0,895,142,288,1,0,18,528,0,28,10,3,48,304,1,0,26,1,207,0,137,7,226,2,37,2,266,188,0,19,79,1,135,1,12,21,90,56,1,0,44,7,21,4,3124,241,0,19,484,21,0,187,2,5,27,0,42,15,41,6,69,4,5,77,15,9,0,0,24,5,55,51,113,8,0,54,318,35,175,1,318,26,85,13,25,56,2,21,18,2,15,105,7,81,0,154,42,10,3,24,0,0,1195,56,260,21,70,28,158,47,48,0,0,5,131,90,54,98,91,80,6,30,206,1,11,1747,2,187,0,40,2,0,7,29,1,46,224,130,38,9,61,19,1,153,10,14,19,3,0,6,45,2,0,7,20,4,4094,15,191,19,14,126,192,10,15,17,14,0,11,62,1,1,35,26,2,6,0,18,15,26,43,23,14,0,11,16,2,4,9,0,300,3,70,18,46,170,0,1,2915,27,5,16,33,6,26,0,0,21,41,36,111,28,47,17,150,164,9,16,4,21,91,111,8,28,6,95,221,5,37,19,13,0,60,13,91,9,12,19,48,29,98,98,9,62,5,3,0,108,23,0,17,0,2,0,54,76,26,1,11,113,0,43
cell_387,26,10,8,14,29,125,16,43,4,16,30,0,33,14,5,0,27,7,1,88,5,116,16,7,6,1,42,7,88,44,12,0,30,4,45,22,8,11,306,0,18,223,17,0,13,4,70,203,159,12,60,40,0,10,13,3,74,6142,832,67,4,17,3,11,48,19,19,38,27,6,9,8,18,54,60,27,31,359,4,0,8,0,17,1,153,2,24,38,4,0,0,11,83,50,0,1,4,69,8,42,1,13,39,2,5,7,234,99,4,41,6,139,38,63,26,0,21,0,0,1,1,2,8,10,206,19,10,0,5,11,25,26,157,40,26,6,124,1,30,2,324,5,10,0,8,441,3,80,39,0,0,9,135,54,2,5,8,9,10,10,6,111,6,14,0,107,15,35,1,774,5,15,685,1,106,162,7,1165,240,143,2,5,37,13,23,5,29,29,0,3,13,6,23,8,15,750,9,43,9,107,0,29,0,4,39,316,23,17,61,10,57,28,20,23,17,105,44,21,9,14,0,16,6,448,41,16,34,80,6,32,17,3,11,60,3841,21,27,7,0,884,138,158,0,0,7,395,0,29,7,2,32,320,0,4,23,42,226,0,310,1,225,14,5,0,271,32,56,0,74,86,283,1,8,45,122,45,0,0,15,9,6,13,3044,174,3,19,11,15,0,21,19,4,13,87,48,25,9,3,68,5,1,38,1,93,0,16,9,36,74,32,95,0,0,180,361,47,194,1,39,22,102,4,14,26,8,74,10,0,16,123,0,65,4,143,82,7,0,8,6,16,1190,47,250,71,1,5,183,31,14,2,0,35,91,82,32,92,60,18,34,24,112,27,0,1524,53,213,2,103,10,212,2,35,4,2,387,4,3,1,455,4,4,21,4,13,3,28,3,0,17,3,0,9,26,0,3874,8,226,20,19,74,163,9,3,103,10,9,25,90,3,2,52,13,2,1,13,34,25,13,97,5,104,1,23,0,5,15,61,8,493,1,85,32,43,265,1,0,2901,14,3,18,75,5,25,8,15,10,5,0,105,9,31,43,5,21,3,9,5,96,6,29,50,135,1,29,190,9,21,52,33,3,44,3,110,2,3,86,76,10,149,98,5,138,1,0,1,59,11,0,24,3,8,0,88,22,10,9,57,71,0,17
cell_388,0,2,0,3,29,325,15,3,13,9,16,8,38,10,2,8,34,9,4,0,26,101,6,0,2,0,32,82,17,44,4,0,69,14,0,41,33,68,315,0,0,280,136,0,0,2,61,193,145,19,77,43,0,4,12,3,43,4807,864,71,21,66,1,3,45,8,44,56,24,9,3,1,24,10,11,47,3,322,2,5,5,1,25,7,179,3,46,43,2,0,0,2,63,51,8,0,14,62,11,0,0,18,36,2,4,79,260,127,29,124,1,187,57,70,57,66,0,34,0,1,0,24,28,23,215,9,0,0,21,1,16,37,38,34,18,13,151,22,0,0,316,18,9,688,22,519,2,93,26,0,4,0,136,20,0,26,19,6,44,27,1,170,0,15,0,271,13,28,0,883,19,13,518,2,83,25,46,971,0,167,4,3,0,1,18,14,49,27,1,77,19,1,24,17,46,752,224,26,17,31,6,12,10,11,43,248,6,23,37,85,35,30,30,38,29,166,15,1,0,1,14,5,1,433,32,48,8,233,27,4,111,6,3,89,3373,66,10,24,0,838,154,223,6,0,8,281,0,28,12,0,39,282,0,2,34,17,161,2,16,7,262,10,29,10,292,4,36,1,15,81,251,9,22,38,113,47,121,59,3,6,0,0,3042,208,2,2,508,1,2,162,0,6,17,52,0,49,53,13,38,1,3,63,0,64,3,0,12,32,40,70,232,0,0,157,377,56,170,86,329,23,44,11,36,45,0,45,16,1,22,129,4,44,2,147,87,10,0,0,1,15,1292,50,310,73,35,1,255,11,2,0,0,13,153,112,84,15,8,86,74,32,161,3,1,1763,5,216,0,52,14,21,33,38,0,28,133,34,0,27,343,8,11,79,24,12,23,13,3,1,89,3,0,0,45,0,3924,38,205,9,22,127,178,6,20,13,7,0,79,46,0,11,0,10,36,2,0,6,11,2,104,22,6,0,56,1,4,5,4,23,565,0,54,18,48,122,0,2,3043,25,4,0,40,16,12,21,17,16,19,0,130,11,105,32,148,38,19,16,3,116,162,25,41,136,5,148,231,19,14,0,15,0,70,13,136,60,31,1,13,28,112,117,66,117,5,0,0,100,19,0,22,4,3,6,22,46,29,0,58,32,0,48
cell_389,0,16,3,8,30,75,6,13,8,0,31,3,30,1,0,27,37,9,0,39,26,79,5,0,84,6,13,193,72,16,4,22,79,3,0,30,37,59,330,11,4,283,0,1,9,14,75,178,197,22,76,23,0,7,1,0,54,5956,805,61,20,87,14,3,47,1,33,45,19,14,0,1,17,27,4,36,18,255,24,2,5,0,17,6,171,0,23,28,1,0,2,13,52,61,1,0,20,71,16,6,4,3,44,2,5,66,154,100,13,44,7,167,63,22,49,0,12,8,1,1,0,0,26,21,155,12,1,399,38,1,9,24,59,29,44,77,110,57,0,24,326,22,3,3044,19,288,2,33,21,0,1,1,92,136,0,19,17,30,32,19,7,185,4,7,0,254,12,64,2,949,0,17,616,2,102,8,21,1077,0,177,4,5,0,2,9,19,29,32,0,66,26,8,21,14,25,692,341,190,110,49,49,27,4,16,48,14,5,10,6,64,22,23,35,9,26,211,11,12,1,10,7,4,4,500,42,7,0,208,22,34,6,42,24,38,3051,74,1,6,6,835,152,173,4,0,17,0,7,38,6,24,41,237,1,0,30,34,148,2,98,3,131,5,20,6,0,133,0,17,64,15,244,1,18,1,89,31,10,2,1,35,12,0,3065,203,5,4,266,1,0,189,0,4,20,0,0,9,47,10,60,4,7,79,27,23,73,0,2,33,6,38,199,2,0,158,334,88,143,33,347,41,19,5,53,41,5,50,6,4,15,112,18,10,5,137,38,18,3,10,1,2,1311,55,305,58,0,0,136,89,67,4,0,2,134,11,107,99,88,88,19,18,195,14,0,1338,61,191,0,49,0,172,6,25,0,35,70,0,14,18,247,3,52,17,2,7,29,39,0,0,55,14,0,19,42,0,3947,93,224,27,23,105,186,6,7,45,18,1,39,36,2,1,0,14,1,8,0,49,19,0,92,20,0,2,37,26,20,18,8,0,141,0,96,30,47,76,0,0,3860,25,4,5,12,12,9,21,11,9,27,23,110,7,69,21,154,11,18,18,0,58,378,158,26,108,3,51,240,17,11,1,72,1,46,12,20,32,5,38,7,14,108,110,23,183,2,5,4,70,72,1,22,4,0,1,28,58,22,0,31,150,0,123
cell_390,13,11,21,5,27,156,6,39,13,14,7,5,26,5,0,38,39,6,2,16,19,125,1,1,60,2,26,0,27,90,9,0,41,14,0,11,57,3,236,1,0,210,0,1,2,0,29,190,156,24,85,109,8,1,9,7,6,6362,834,57,13,48,29,10,19,106,31,39,17,5,9,2,48,49,61,33,24,161,17,7,4,0,23,4,157,1,32,29,4,0,0,8,54,33,5,5,10,18,63,12,2,19,37,6,0,50,247,50,20,28,14,282,48,54,68,0,22,12,0,2,0,41,6,15,211,57,4,0,15,13,1,14,131,28,59,90,157,71,0,62,234,7,14,154,0,455,11,40,21,0,0,5,31,64,0,21,11,9,0,14,4,94,1,19,1,171,20,102,0,875,15,15,603,0,95,32,3,1328,289,180,11,10,63,25,2,18,4,41,9,20,15,9,11,22,30,783,413,277,32,87,15,26,3,11,55,144,11,3,21,55,91,40,4,6,95,73,12,47,10,18,0,17,3,274,48,0,72,5,26,23,13,4,20,45,3399,14,6,9,0,827,170,345,0,1,31,103,3,34,6,32,26,101,0,18,30,16,81,0,275,12,163,7,16,0,261,82,103,1,62,32,245,0,45,41,116,29,46,0,65,64,16,9,2901,193,4,13,46,31,31,171,2,9,15,0,89,47,12,17,76,10,2,69,22,87,0,1,10,2,50,31,337,0,0,95,272,67,125,7,110,37,78,18,46,32,5,93,0,6,37,106,3,39,3,117,55,47,3,3,7,11,1165,63,320,73,20,8,210,27,5,7,2,19,119,38,27,34,125,52,46,28,150,9,13,1436,1,207,0,78,1,203,3,32,4,14,289,36,3,4,415,1,39,145,8,3,21,112,0,0,19,11,0,26,5,1,4138,17,216,28,4,109,164,7,11,18,5,3,27,75,22,1,1,23,36,18,0,21,30,0,111,14,67,0,43,5,8,7,37,22,45,4,109,15,22,138,5,0,3211,30,5,52,76,30,20,2,7,25,33,0,75,13,31,13,120,27,8,10,0,85,159,27,2,113,0,154,175,5,40,4,19,0,32,24,87,25,19,1,38,1,134,115,0,96,1,1,1,92,10,0,3,4,4,2,83,55,0,1,5,98,0,248
cell_391,9,22,16,0,32,164,5,35,4,11,20,12,36,8,0,166,43,8,2,10,24,89,14,1,64,0,25,92,4,10,5,14,95,27,0,0,22,3,360,9,0,261,115,0,5,0,58,188,204,22,57,130,0,1,36,3,28,7296,885,32,21,30,7,6,11,57,27,50,17,6,48,2,15,39,49,46,6,284,23,0,2,0,18,7,149,0,35,25,1,0,0,2,62,48,2,5,4,0,7,16,2,14,11,0,1,72,228,131,3,47,8,88,39,54,53,0,20,22,2,2,0,22,6,14,225,38,9,0,53,13,11,42,108,43,53,62,120,20,0,147,305,23,5,2,3,436,8,64,43,0,0,0,93,103,21,26,71,24,42,17,5,71,10,23,0,168,1,24,5,783,10,20,557,0,123,52,4,1468,275,192,0,8,1,24,37,9,4,23,0,46,12,11,16,11,23,869,448,201,125,49,53,19,2,45,50,47,1,13,2,67,29,26,51,10,82,192,20,12,8,26,0,2,3,589,55,3,2,57,19,0,118,25,33,38,4009,61,11,2,0,935,161,214,4,0,43,77,16,27,5,25,35,231,0,0,34,43,10,2,105,7,130,11,1,0,22,125,0,5,61,75,311,0,25,10,105,35,60,0,15,8,31,11,3079,200,6,6,14,18,3,176,4,18,18,33,6,72,45,13,62,11,3,73,13,41,0,6,11,38,84,26,348,0,0,189,359,53,176,1,350,22,51,1,36,32,5,132,11,2,10,127,4,13,5,167,62,77,0,12,7,3,1313,56,263,83,49,0,186,92,3,18,1,59,126,59,61,40,222,41,20,50,245,13,2,1258,0,201,0,91,1,222,2,25,1,49,454,0,0,0,448,17,6,152,16,16,14,38,2,2,32,12,1,43,44,30,3888,17,190,35,28,121,195,12,4,76,12,12,33,22,66,0,16,48,0,1,0,2,13,7,105,20,3,2,55,1,3,15,15,1,577,1,70,9,50,236,0,0,2996,17,3,70,26,16,7,1,11,21,26,35,124,17,61,41,158,177,12,18,0,25,347,14,0,146,2,169,246,25,19,2,34,2,68,13,120,15,18,0,29,26,172,127,0,120,5,0,1,147,18,0,20,3,0,0,33,12,20,5,2,122,0,49
cell_392,0,48,15,7,31,0,3,52,1,3,24,8,22,21,0,34,14,3,0,33,32,41,4,8,85,0,34,101,42,20,2,63,57,15,1,0,57,9,327,3,1,293,0,1,0,2,81,181,178,16,35,3,0,5,42,4,5,7115,846,90,3,6,8,0,29,74,28,55,22,8,1,2,5,31,8,56,25,0,24,2,7,0,20,5,172,0,27,38,1,0,0,5,6,43,0,13,10,12,22,10,2,12,81,3,11,92,252,133,1,69,1,18,57,23,53,0,15,18,1,0,4,103,26,13,214,16,27,1,31,4,15,32,129,42,163,22,102,162,0,1,319,34,14,962,13,88,1,60,32,1,0,13,92,0,5,30,1,15,0,22,17,143,4,29,5,24,8,70,4,590,11,9,610,4,24,42,4,1054,80,157,1,3,10,24,19,3,38,21,0,17,10,1,9,6,52,625,353,137,40,60,2,13,6,37,58,198,10,1,11,74,11,22,43,27,25,196,30,25,3,14,0,12,3,522,25,11,0,85,13,12,69,10,58,72,4340,33,25,1,0,939,170,227,0,0,52,0,124,27,0,0,28,83,1,0,25,10,225,1,110,8,38,15,8,0,247,137,36,20,65,30,245,8,12,0,114,34,33,0,8,14,16,13,2936,199,0,12,608,70,0,179,9,9,17,0,2,5,15,1,65,5,9,58,28,76,3,0,21,0,33,7,249,9,0,190,365,74,187,18,294,28,13,7,8,13,1,146,9,5,13,133,4,16,15,128,72,20,2,12,0,6,1118,54,287,89,84,0,213,76,20,2,0,78,141,8,18,44,35,81,57,7,181,8,0,1116,0,173,3,86,19,0,4,21,0,38,433,0,4,15,210,6,23,76,2,5,8,83,0,4,42,1,2,54,41,0,4180,33,238,10,22,92,168,19,11,12,12,2,41,58,0,0,0,17,2,5,1,0,10,1,48,24,11,0,26,5,10,13,41,2,709,0,112,22,51,16,6,0,2787,15,9,5,80,9,6,10,21,28,28,2,109,3,80,40,135,109,12,0,0,40,270,12,12,166,1,29,193,7,17,20,12,4,63,3,99,8,25,0,33,14,164,96,17,154,3,0,6,61,3,3,31,1,0,1,18,56,16,0,26,121,0,7
cell_393,8,18,49,11,28,140,5,39,2,5,5,4,27,12,1,39,22,8,1,0,21,92,4,0,13,32,78,15,64,19,15,7,10,0,12,0,41,12,351,4,10,258,105,0,1,0,50,151,195,15,81,41,2,14,9,2,95,3515,808,98,20,31,7,11,0,2,14,37,31,4,8,0,8,28,44,51,13,300,32,4,1,0,20,1,188,0,16,20,1,0,0,9,26,51,1,0,2,54,105,30,0,3,21,0,3,77,243,46,12,53,6,78,49,16,43,1,22,21,0,0,0,100,11,10,114,14,3,0,32,23,16,20,20,32,64,96,127,163,1,19,33,0,7,0,20,371,5,38,3,4,0,0,118,49,12,2,6,43,23,19,12,88,8,22,0,77,13,20,2,725,4,11,533,5,132,21,31,1312,211,176,0,13,0,24,0,14,2,43,2,53,15,4,31,2,31,704,318,200,41,63,4,18,12,16,63,0,1,9,22,52,25,41,39,8,6,107,9,0,24,9,5,6,4,527,45,4,19,156,3,17,55,7,63,76,3606,15,2,4,0,907,137,227,1,0,6,34,70,21,5,40,25,159,1,0,29,37,130,0,204,39,168,3,18,0,0,38,76,7,74,43,214,0,28,0,83,32,115,0,8,6,4,7,3117,183,5,0,0,5,7,142,10,6,19,0,11,13,29,5,64,1,0,42,21,13,0,11,0,60,26,85,165,0,2,68,388,59,185,31,44,26,105,5,62,37,4,9,0,2,8,114,2,7,2,126,28,35,0,26,11,8,1304,44,301,7,2,41,322,88,10,6,0,16,24,32,0,65,273,51,28,30,62,15,0,259,31,171,0,50,3,252,8,26,6,15,164,37,15,1,318,9,71,97,6,17,14,77,0,5,4,48,0,7,41,11,3661,67,196,9,21,90,101,10,5,28,14,5,30,47,14,0,82,3,21,23,0,4,8,0,103,14,19,1,56,3,13,12,11,52,576,4,88,18,44,201,0,1,3185,19,3,2,56,45,22,0,1,24,14,0,90,10,6,27,0,31,12,19,9,20,105,43,0,142,0,60,173,22,4,73,134,0,17,26,70,6,17,40,108,6,144,130,99,182,3,0,4,105,35,0,6,2,23,1,64,12,12,6,22,166,0,103
cell_394,1,9,23,0,27,5,17,26,11,6,26,8,11,5,0,83,26,1,0,69,21,57,17,0,73,0,0,120,62,2,3,0,2,33,0,0,62,2,332,0,0,342,2,0,17,24,73,159,164,24,70,69,0,5,20,0,18,7169,791,99,6,70,3,4,0,23,13,43,20,15,40,10,11,59,19,45,34,33,30,0,0,0,29,2,174,0,39,31,6,0,0,16,77,18,6,5,15,18,14,26,0,6,12,7,5,69,186,111,10,123,7,70,49,26,41,2,36,22,1,2,18,108,1,18,272,45,0,0,56,6,0,57,40,28,31,38,128,47,0,0,355,21,0,502,12,198,8,76,38,1,0,2,138,0,98,12,4,17,37,23,7,104,3,32,0,217,8,50,1,985,13,18,650,1,82,89,2,1208,0,174,1,15,7,3,11,20,59,16,4,30,22,2,7,15,30,752,490,41,94,61,29,19,0,32,73,33,15,16,7,46,77,44,44,13,35,182,11,49,37,37,2,4,1,474,44,8,16,132,15,0,32,7,56,68,3780,19,2,11,2,893,173,285,15,0,58,421,12,31,0,0,33,265,3,0,26,55,13,2,60,21,224,4,11,4,0,135,68,0,36,26,166,0,27,7,115,36,15,0,22,5,37,3,2936,191,5,12,13,34,0,191,33,8,10,1,29,42,25,11,73,18,4,43,1,11,0,3,23,0,75,99,279,6,0,118,347,86,204,1,396,37,44,4,2,44,5,45,19,7,6,118,20,3,17,128,72,16,0,13,3,0,1373,46,258,98,5,0,95,86,20,6,0,24,156,37,51,102,12,84,19,23,184,4,0,1347,0,192,0,148,15,21,1,34,5,22,415,0,0,2,51,14,28,47,63,7,4,21,0,3,10,1,0,34,43,0,3984,4,228,18,28,134,177,1,13,0,16,0,39,2,29,3,0,29,0,3,0,6,25,23,71,23,28,3,71,2,0,4,16,24,699,7,89,10,34,82,0,1,3098,19,6,3,38,7,34,59,2,32,1,2,102,21,94,26,151,9,19,14,8,17,201,15,26,140,0,167,166,21,24,31,9,3,65,17,138,30,27,7,62,9,141,100,40,147,0,4,0,139,38,0,17,2,0,3,70,44,0,0,54,102,0,69
cell_395,102,10,39,1,26,211,14,40,7,7,10,0,38,17,0,12,59,8,0,2,15,110,18,0,14,0,3,38,22,0,1,0,64,97,0,0,8,21,334,2,23,271,146,0,10,2,36,187,182,25,72,19,0,7,70,2,27,6127,771,41,6,32,10,19,18,54,4,14,21,11,43,3,38,8,36,63,5,351,4,3,2,0,11,3,172,0,9,29,2,4,0,5,72,56,2,1,12,11,78,10,4,0,38,2,4,76,170,116,17,45,11,283,47,1,45,17,30,8,0,1,49,66,3,19,24,15,6,0,12,33,16,7,65,37,44,11,147,70,7,44,222,21,0,0,16,445,18,64,11,0,0,2,107,39,1,4,49,6,11,20,36,108,17,22,0,26,18,17,11,957,16,18,574,4,142,119,23,938,15,185,0,11,21,2,24,7,34,24,2,45,7,12,23,0,51,511,333,230,8,30,36,15,0,54,50,101,10,3,45,25,6,19,40,3,54,196,25,9,9,21,0,37,2,438,43,1,3,74,23,0,62,5,2,54,3286,52,15,9,0,801,159,168,2,0,25,601,0,28,7,9,38,269,0,0,34,20,196,0,55,2,106,1,9,0,30,63,0,17,87,13,342,0,52,1,69,39,6,0,73,8,32,33,3002,217,4,13,85,8,0,124,7,23,18,0,47,56,24,7,84,10,3,46,26,22,0,1,0,59,71,58,340,3,0,133,324,32,139,8,107,32,127,5,18,34,7,84,25,6,13,128,4,52,9,132,71,31,0,9,6,4,1152,72,246,42,0,9,220,106,4,0,0,4,133,64,109,87,139,67,3,34,167,3,0,643,0,172,0,116,12,58,9,35,5,29,341,9,0,19,172,7,16,166,74,14,12,119,1,0,64,2,0,33,25,0,3931,16,260,21,22,115,187,14,17,22,10,8,9,32,11,17,18,37,19,11,0,10,19,16,99,28,5,5,57,17,6,0,16,7,546,3,94,15,40,207,1,0,3064,14,5,31,31,14,20,2,10,15,8,54,113,28,49,37,75,47,13,18,1,0,115,52,7,150,0,31,152,11,11,22,46,6,51,16,102,4,32,18,60,9,121,97,1,70,2,4,0,123,71,0,2,0,3,1,18,24,1,0,16,115,0,224
cell_396,0,50,2,1,25,37,3,12,0,5,14,10,20,0,1,6,30,9,0,58,13,61,10,0,10,21,105,21,31,9,6,33,40,40,16,0,32,54,320,0,2,280,3,2,0,0,88,175,14,31,70,58,4,17,30,5,1,6625,915,118,6,70,3,24,0,14,13,41,19,1,13,5,44,81,75,34,27,185,25,2,2,0,16,0,124,2,30,35,4,1,0,9,75,34,2,4,14,72,35,1,0,8,5,1,10,61,102,88,17,16,2,204,40,20,34,13,13,18,0,11,9,42,1,8,244,0,6,0,7,5,20,45,35,28,55,60,149,68,1,88,219,8,7,526,6,372,8,108,22,1,1,0,141,73,0,9,51,17,39,3,11,131,3,17,1,155,29,9,0,962,22,15,489,0,62,145,7,1212,2,186,1,6,0,6,1,20,45,39,1,27,21,6,17,8,13,771,85,100,9,35,0,15,0,55,60,103,17,23,18,6,29,46,50,37,11,136,8,26,2,7,10,16,2,451,40,12,75,69,14,40,82,0,45,17,3464,9,8,9,0,803,170,264,16,0,15,521,21,25,11,0,27,147,3,0,29,50,62,2,192,0,67,16,26,0,0,41,0,1,20,47,267,10,17,3,123,31,89,4,16,42,7,26,3182,190,15,17,0,4,0,195,11,5,20,0,43,30,52,10,62,4,4,98,24,26,0,7,21,0,54,30,161,10,0,51,276,41,162,36,77,26,14,3,50,44,3,32,0,8,8,120,1,0,0,142,40,17,1,8,7,6,1367,52,238,39,76,0,289,52,32,10,5,8,29,52,81,93,169,31,45,43,35,0,27,1455,59,217,0,123,15,230,0,37,5,42,422,10,1,6,99,24,87,27,2,15,16,63,0,7,10,11,0,13,51,2,3886,10,213,17,12,117,160,0,13,4,10,6,32,108,26,3,73,48,0,5,0,13,15,6,101,7,21,1,47,6,0,8,60,7,637,2,83,29,46,99,0,0,3381,26,11,25,28,66,21,13,5,8,6,0,132,3,8,36,109,2,3,4,6,7,64,10,2,141,0,164,246,14,9,25,197,4,41,12,40,17,8,0,46,19,135,105,0,193,27,6,0,117,2,2,26,0,2,10,75,25,14,1,85,167,0,124
cell_397,1,64,24,3,26,89,11,24,6,16,28,21,27,13,0,70,19,11,0,0,20,18,9,4,99,16,52,59,30,8,12,3,26,6,0,0,12,35,341,1,0,306,4,0,11,13,46,174,166,29,42,16,0,3,56,3,22,6394,869,60,5,18,9,4,0,91,35,23,23,5,34,0,8,55,23,47,18,0,22,2,3,0,21,4,177,4,62,28,7,0,0,18,51,58,6,1,5,52,0,11,2,4,130,5,12,30,280,57,15,45,1,188,42,28,53,3,33,45,6,1,0,45,10,15,270,54,1,0,41,6,1,34,4,19,42,5,144,70,0,6,366,18,7,6,9,269,5,93,41,0,0,0,108,12,10,31,9,38,11,16,20,42,13,15,1,153,7,39,1,1008,10,14,662,15,80,27,19,1252,0,198,0,16,10,14,7,9,24,24,0,56,13,7,16,26,17,703,113,179,4,34,1,19,8,13,50,279,10,25,12,101,42,33,17,29,12,166,2,18,4,11,0,26,1,453,46,10,11,52,26,0,141,36,24,66,3246,45,24,5,0,811,150,195,1,0,17,436,73,27,1,2,48,154,0,1,23,34,3,4,187,0,171,4,17,0,0,74,60,11,77,13,145,0,42,22,94,44,8,0,28,9,39,4,2966,234,0,16,504,3,0,165,3,16,18,0,9,51,23,18,70,12,4,72,12,11,0,0,60,0,76,50,151,2,0,2,106,42,201,13,318,43,8,1,24,31,3,176,12,10,10,132,0,4,6,161,104,34,0,10,0,14,1246,64,303,62,0,0,180,32,11,5,0,32,149,137,86,99,51,33,6,28,225,4,3,1450,0,206,0,87,9,191,5,34,0,41,388,96,0,8,115,14,0,240,17,19,6,56,4,2,18,8,0,1,34,33,4061,32,196,18,16,96,167,24,7,0,8,5,5,12,6,0,0,49,0,0,0,9,4,46,87,18,27,1,12,8,1,0,25,5,513,1,56,12,49,201,0,0,3490,7,3,26,80,34,29,1,11,12,15,9,115,3,76,41,148,36,2,5,5,50,261,3,0,101,0,65,221,6,20,2,64,0,30,12,138,34,47,63,57,18,132,102,0,153,0,0,3,120,40,0,15,11,0,10,52,45,11,5,5,84,0,70
cell_398,6,40,2,0,29,123,14,8,6,10,15,0,2,16,14,125,9,6,0,14,26,48,3,11,0,548,105,56,8,10,6,0,89,28,9,8,56,41,344,1,0,248,148,0,5,0,23,172,126,21,65,23,0,4,3,7,4,6268,802,55,8,91,6,0,21,29,19,68,17,5,1,6,14,25,46,39,30,325,13,0,2,0,22,0,143,1,24,28,0,0,0,29,68,37,3,9,28,39,31,3,0,15,9,3,0,90,264,143,30,54,22,83,48,35,43,21,26,13,0,2,0,13,28,21,224,4,22,1,31,0,4,6,165,34,31,24,169,46,0,16,332,7,6,717,2,323,18,86,24,0,0,0,133,0,0,54,14,7,9,21,6,182,8,15,0,40,29,15,0,751,4,24,669,1,126,2,39,1040,5,187,1,11,0,5,4,31,16,28,2,23,27,8,24,0,38,582,279,120,2,12,15,18,4,31,42,69,7,13,8,27,90,35,33,0,31,119,16,6,1,5,10,7,11,443,33,2,5,49,4,110,90,0,12,70,2942,26,10,34,0,843,172,288,3,4,24,742,0,23,16,0,41,178,7,16,27,10,216,2,104,2,143,7,32,0,355,125,96,7,79,3,260,23,37,32,121,46,99,0,49,0,9,0,3017,209,1,4,111,48,0,194,2,6,32,0,36,23,22,10,14,29,10,57,6,24,0,2,13,4,78,14,194,18,0,99,354,82,212,3,290,29,97,5,50,9,2,132,7,1,1,127,6,6,8,139,34,11,0,7,6,8,1240,41,288,70,0,0,217,61,37,11,0,17,157,120,14,25,30,119,7,40,132,4,1,1241,88,223,0,231,5,0,3,35,9,29,435,0,9,16,358,8,0,82,7,3,24,141,0,29,60,1,0,49,7,0,3696,25,233,21,26,91,164,7,10,33,9,1,18,0,0,2,0,34,1,1,0,3,67,0,100,22,0,0,48,0,5,17,63,16,509,2,102,11,26,214,0,0,4047,21,9,4,6,48,31,0,3,10,1,0,107,2,33,34,151,111,18,9,0,39,202,27,9,125,0,147,194,3,6,1,1,5,69,8,131,0,18,0,16,23,117,94,0,85,1,1,1,73,6,0,31,0,0,1,40,22,4,6,16,138,0,8
cell_399,0,23,12,3,31,135,11,16,12,3,13,0,45,9,1,99,32,6,0,6,23,109,7,0,21,194,20,231,8,28,6,23,45,67,13,6,84,34,278,0,0,326,10,0,36,6,87,173,187,25,70,38,30,0,0,2,2,6749,800,80,9,19,0,4,10,26,11,63,4,4,6,4,18,36,25,18,31,324,30,2,3,0,30,0,174,0,43,33,0,4,0,19,38,71,4,0,10,74,70,2,10,3,0,0,2,79,187,120,27,81,5,190,48,18,63,7,26,40,0,7,0,55,6,13,261,4,12,4,30,4,1,51,123,25,49,55,150,63,0,0,277,4,4,485,1,257,3,83,57,0,0,0,139,9,125,9,14,10,36,20,8,138,4,12,7,174,11,22,4,809,9,20,555,0,98,19,9,1260,0,185,1,16,1,20,53,15,61,30,11,35,12,5,34,8,28,587,321,227,3,51,17,18,0,49,64,2,6,23,66,23,5,38,12,0,11,207,4,19,4,14,8,7,0,623,35,0,1,44,37,0,117,39,53,58,3994,11,16,4,0,921,167,297,1,4,10,19,12,28,6,0,30,303,0,0,21,40,248,0,116,3,207,11,13,0,221,175,32,7,68,3,254,17,39,0,114,48,70,48,16,18,19,0,3105,241,16,3,247,42,9,189,12,6,31,0,29,21,35,3,40,18,1,43,0,92,3,7,18,34,87,15,238,9,0,164,413,60,191,55,381,27,132,5,93,48,0,38,1,1,0,138,12,13,0,165,73,9,2,12,9,0,1163,55,52,64,0,0,59,56,8,1,8,48,134,17,23,74,1,100,24,36,148,13,0,1381,0,202,0,166,9,69,1,34,8,23,414,3,2,3,422,5,4,191,3,10,26,137,0,2,19,19,0,92,55,2,3859,7,222,21,11,116,179,3,7,0,7,3,17,1,12,0,30,60,0,4,54,73,29,0,45,16,73,0,55,0,0,17,22,17,583,0,103,24,41,150,0,0,2767,21,7,1,15,42,29,9,1,8,7,0,104,19,74,25,15,12,9,14,2,26,287,3,0,150,0,143,241,4,30,13,17,0,82,17,92,36,1,0,27,33,141,108,6,183,3,0,0,95,7,2,15,3,0,0,69,2,17,0,39,40,2,83
cell_400,6,5,2,3,34,142,3,40,1,9,24,8,25,17,0,12,33,1,0,0,4,6,8,1,13,4,12,105,17,6,1,1,23,12,0,2,2,11,260,0,5,220,0,1,1,17,45,188,172,30,49,182,5,4,0,5,11,6642,823,28,19,50,0,3,15,133,2,43,25,3,32,7,71,10,23,30,34,314,23,1,2,1,30,0,98,0,53,21,7,0,1,22,66,60,3,0,7,12,13,6,4,4,0,0,0,42,224,125,34,144,2,221,46,22,59,12,9,19,0,6,70,40,1,13,213,4,9,0,90,32,6,36,109,19,32,34,127,64,0,25,284,6,10,11,20,444,1,109,33,0,0,0,153,6,1,25,20,47,19,19,8,75,11,14,3,355,6,12,4,831,8,10,684,7,44,91,13,1231,11,175,0,15,21,20,36,23,49,23,0,24,11,2,24,5,17,634,334,3,35,18,4,24,8,0,60,323,22,9,26,67,9,12,45,47,35,200,40,11,39,18,0,17,5,498,42,9,11,60,1,39,27,15,45,46,3625,66,18,12,0,889,161,277,0,1,42,564,9,19,0,12,39,296,3,14,20,7,97,0,113,9,145,6,8,0,243,142,80,0,62,70,271,1,36,0,112,21,66,22,12,9,26,10,3145,235,1,31,35,29,0,165,10,9,18,112,10,11,36,3,68,11,3,49,4,82,5,0,6,0,59,0,154,16,0,142,390,83,209,1,392,18,171,0,91,45,12,50,4,10,11,86,8,5,9,130,81,78,3,7,0,3,1382,52,54,86,0,0,136,83,0,31,0,77,155,22,4,22,125,81,31,33,147,1,0,991,0,199,0,74,7,1,3,37,8,11,417,6,3,2,366,15,31,107,0,13,10,15,0,12,33,18,15,61,23,14,3736,0,224,17,13,105,184,5,16,11,14,3,12,12,29,0,0,5,0,2,0,28,9,2,78,5,24,0,31,6,2,4,13,6,645,0,28,22,44,81,0,2,3288,6,2,1,87,11,21,8,10,15,5,4,96,11,89,27,12,112,10,14,2,50,213,55,5,120,9,142,214,40,20,44,0,3,65,10,150,16,21,0,25,22,135,94,64,164,2,1,0,127,4,1,31,4,0,0,55,13,0,0,56,133,0,0
cell_401,0,13,13,2,29,14,9,9,3,9,24,19,31,3,0,12,22,13,0,3,17,101,4,15,21,3,23,127,48,4,1,1,68,3,1,0,66,24,318,2,2,259,130,0,3,0,63,181,171,43,70,153,0,4,9,0,19,6785,844,20,14,108,11,5,32,47,29,40,19,5,0,0,12,42,29,9,30,113,9,0,4,0,28,7,175,1,9,15,6,6,0,9,79,51,10,7,36,71,20,8,5,14,6,5,6,97,242,78,10,68,1,131,45,68,46,4,22,34,1,2,8,31,3,16,213,13,0,628,15,20,13,49,67,40,16,97,133,8,1,3,349,49,11,1032,0,489,2,88,33,1,15,0,45,11,0,8,20,5,9,17,24,164,9,17,6,386,10,7,22,888,9,10,546,1,70,43,15,1161,0,207,9,4,0,6,23,23,23,25,0,25,15,3,23,51,21,723,83,8,50,49,1,20,0,46,54,360,5,20,48,67,55,40,19,12,49,152,26,4,8,22,15,11,3,543,38,31,8,42,27,29,63,4,13,24,3581,14,19,0,0,871,175,233,0,5,12,199,0,24,1,2,33,285,0,10,24,53,0,1,272,8,173,9,22,1,294,173,67,0,20,71,254,8,34,39,120,37,16,14,4,5,13,1,2930,152,5,17,269,16,0,211,18,0,24,1,21,39,45,1,54,17,2,30,0,44,0,13,4,59,110,64,68,0,0,169,382,56,203,0,357,26,136,6,103,30,3,61,16,2,12,126,14,42,3,163,80,36,0,25,17,11,1265,53,328,89,0,0,210,12,25,10,1,14,117,27,117,87,20,92,9,26,156,14,0,1048,8,221,0,65,9,191,4,8,2,16,409,145,7,10,357,5,0,33,10,12,29,16,0,0,27,3,0,35,4,0,4153,32,182,19,2,102,168,7,9,56,10,0,35,86,20,1,10,36,57,7,0,14,23,18,85,16,32,0,43,3,4,8,39,14,531,5,99,5,55,209,0,0,3097,8,6,10,28,39,3,22,1,12,11,5,113,1,65,31,125,38,18,26,0,139,156,37,4,118,0,167,196,15,29,30,13,1,68,9,44,18,0,2,9,19,125,104,0,24,1,2,0,104,11,0,21,3,1,4,41,108,23,1,45,103,0,5
cell_402,0,4,17,0,34,136,13,33,17,5,16,0,30,8,0,28,22,14,3,21,46,88,10,6,32,0,0,0,44,28,23,0,44,29,0,19,77,6,303,8,18,240,6,0,11,11,78,184,165,34,74,22,0,11,0,0,4,6199,884,90,11,5,11,14,21,42,21,50,11,17,2,1,15,59,9,44,10,429,24,40,7,1,18,21,148,0,46,37,0,3,1,5,26,56,0,10,17,57,38,6,2,6,142,1,1,2,219,140,3,98,15,234,49,44,24,26,16,6,4,2,0,0,15,13,197,0,2,0,23,15,20,22,92,23,31,60,135,133,4,0,332,10,2,584,2,504,0,67,13,0,0,0,126,83,4,18,5,18,36,22,4,139,1,13,6,152,39,24,4,926,11,16,650,3,0,186,13,895,17,179,3,1,0,2,1,16,11,33,1,61,22,2,18,15,15,705,148,223,15,79,19,21,15,14,41,70,20,16,53,74,42,41,3,1,61,208,9,38,16,9,2,13,3,516,39,42,19,283,25,13,97,11,5,61,3900,23,19,0,0,907,181,16,4,0,13,43,13,29,3,0,31,168,0,0,35,29,202,0,164,6,205,12,16,0,31,59,29,0,1,28,262,3,6,0,109,38,0,1,41,44,12,11,2993,242,1,18,80,22,12,110,19,4,15,0,0,38,48,25,70,15,14,59,15,90,22,3,1,1,59,44,105,11,0,206,320,32,45,135,66,34,52,12,64,41,13,34,2,5,3,134,11,25,11,134,83,5,0,0,8,20,1212,53,105,114,61,0,144,66,6,46,0,26,149,60,75,30,92,0,59,28,190,20,4,1562,16,203,0,59,16,76,3,25,3,32,375,0,4,23,344,17,23,85,21,8,35,0,1,3,20,0,0,29,20,0,4056,11,217,13,18,102,165,23,10,18,7,2,76,30,0,16,19,15,107,0,63,26,5,24,88,8,7,1,62,0,17,15,36,34,567,5,93,38,39,272,15,0,2817,23,0,4,20,30,29,22,13,4,19,4,93,4,61,33,169,55,3,6,9,65,122,109,6,111,2,68,229,5,2,15,107,1,52,12,146,1,3,0,14,11,147,106,0,180,3,3,1,119,3,1,11,1,0,0,25,3,37,0,57,116,0,178
cell_403,11,38,7,2,26,226,22,46,8,2,2,6,24,3,0,29,42,8,1,12,29,89,0,7,18,47,88,180,3,2,5,0,37,31,0,0,40,29,337,4,29,305,0,0,0,0,64,191,144,16,69,36,0,16,13,1,1,5902,820,22,6,91,10,17,15,45,34,11,0,5,6,2,5,62,34,3,26,306,31,2,0,0,31,11,160,0,49,31,4,0,0,15,78,6,0,0,0,87,44,10,1,11,114,3,0,80,252,105,40,131,5,171,44,95,72,1,28,24,3,5,31,17,8,8,246,27,4,3539,31,10,18,42,11,31,103,16,127,0,0,16,328,5,20,34,5,514,6,94,50,0,0,1,128,53,1,14,12,4,46,13,12,169,4,13,0,442,10,36,11,902,6,18,571,1,158,36,17,1387,95,156,4,10,1,23,7,13,16,24,0,51,11,1,36,0,8,701,2,175,46,68,14,18,1,0,41,8,0,32,11,83,29,33,0,1,20,28,26,17,10,9,0,5,0,486,40,7,40,130,13,30,88,6,33,65,3234,30,16,29,0,791,156,153,0,1,9,753,5,32,2,6,37,332,0,32,31,49,222,1,311,0,274,3,14,0,20,53,112,2,75,9,286,0,48,67,96,46,26,0,3,79,22,6,2999,228,11,16,80,2,2,137,12,1,15,19,11,21,47,14,77,9,0,88,26,88,0,1,25,38,97,34,219,2,0,135,374,70,83,15,123,38,58,15,37,38,19,97,1,1,10,127,7,33,0,132,65,34,2,2,6,12,1343,53,137,89,37,17,1,15,0,5,0,7,152,131,82,89,34,14,0,6,166,3,0,1517,85,192,0,115,17,10,2,26,12,32,279,0,2,5,449,7,107,15,21,19,13,76,0,0,4,32,0,11,40,5,3931,71,191,26,8,86,183,6,8,0,23,0,10,103,71,0,24,63,0,11,0,29,50,1,103,11,66,0,67,1,1,8,59,0,70,0,83,16,48,218,3,0,3363,19,0,10,29,2,5,0,15,3,17,0,128,14,84,34,24,2,3,16,0,102,216,30,0,148,2,168,136,44,27,9,51,3,9,15,124,1,8,108,7,32,110,91,64,188,2,1,8,108,21,1,30,8,3,0,75,14,32,0,53,59,0,81
cell_404,4,32,39,0,24,35,1,18,7,0,10,2,27,11,0,53,13,12,1,18,26,106,2,0,103,37,40,95,18,1,10,7,2,10,0,10,90,19,315,1,0,303,6,3,0,3,57,189,158,23,69,30,0,3,3,8,52,5881,833,62,11,83,9,1,31,20,14,51,25,6,1,0,10,56,56,31,38,243,24,0,2,0,14,9,164,0,59,25,2,1,0,3,92,37,5,2,17,48,27,13,1,4,104,5,2,82,281,115,1,56,5,76,47,64,48,26,18,4,0,1,12,59,9,13,72,6,2,0,38,28,13,16,134,39,42,95,142,139,11,6,261,55,3,239,12,61,4,57,73,0,1,0,96,1,173,3,0,18,14,19,10,113,3,7,0,349,4,29,16,876,18,18,580,1,47,27,16,1311,1,174,19,1,0,5,18,16,37,26,5,36,6,18,24,57,40,484,402,223,37,70,20,20,37,5,52,0,9,12,8,77,17,40,15,62,77,172,26,9,6,11,6,26,3,493,52,18,0,136,8,0,43,0,22,56,3297,51,5,9,1,810,162,265,13,2,29,131,2,28,1,16,34,313,1,3,31,15,238,0,89,3,164,11,18,0,0,10,44,24,44,77,285,1,14,47,114,46,0,0,11,15,3,4,3000,208,1,6,42,19,0,187,0,14,23,0,20,34,18,12,77,11,3,74,35,38,0,0,9,2,12,79,291,1,0,139,379,63,158,20,180,28,8,11,40,49,0,77,21,3,2,121,9,27,13,146,82,65,0,3,8,1,1252,53,252,54,69,0,226,80,16,21,0,59,124,88,37,28,274,13,74,37,237,14,0,1817,2,182,0,135,3,216,6,23,3,27,452,0,0,12,454,6,88,64,14,9,15,57,1,4,19,7,0,28,54,1,4094,49,177,11,16,102,159,16,9,60,17,0,63,77,1,13,145,23,5,3,0,2,2,0,89,14,88,0,27,2,8,7,11,3,772,0,66,13,52,213,0,0,3378,38,0,32,47,13,20,9,1,28,22,1,121,1,62,14,168,73,12,12,2,32,263,56,18,73,6,65,225,5,5,26,252,0,76,10,130,28,23,89,0,15,144,118,15,136,2,1,1,86,22,0,19,2,0,1,25,82,23,0,8,182,0,154
cell_405,1,11,7,4,31,200,6,13,6,1,31,12,18,18,0,8,27,16,1,10,12,113,10,4,32,2,37,2,25,3,6,0,11,18,48,0,81,18,303,0,6,307,147,1,3,0,15,167,163,18,85,126,0,5,9,9,49,7110,846,78,16,81,7,0,13,30,29,38,21,18,4,0,6,35,47,50,7,339,3,0,1,0,15,1,147,0,39,31,0,0,0,7,80,35,3,14,16,7,6,7,1,22,88,7,7,40,237,123,20,95,5,13,42,94,44,0,30,20,0,3,0,22,1,17,254,1,6,0,3,13,3,21,93,32,9,103,115,30,3,10,262,26,7,472,4,280,14,58,43,0,0,0,115,15,2,30,10,8,23,17,4,59,13,21,0,112,24,49,6,887,13,19,601,7,72,128,12,1128,7,180,0,9,82,6,4,27,14,4,8,56,15,6,14,0,24,674,299,116,42,48,19,15,6,17,48,293,10,10,16,69,79,35,35,3,64,176,36,24,9,10,5,19,10,344,35,22,0,55,3,6,47,7,10,30,3374,15,11,1,0,829,176,229,6,1,27,326,0,31,2,13,42,44,1,6,25,22,126,0,99,3,254,19,13,7,254,44,101,4,57,15,217,13,21,0,89,36,60,7,39,15,14,3,2952,196,2,3,437,6,9,144,5,28,22,11,29,43,23,5,61,46,7,59,2,75,0,3,12,30,93,12,162,1,0,163,373,61,187,3,18,36,115,5,17,21,10,90,11,1,9,133,4,11,5,152,67,49,0,1,16,3,1003,56,290,45,44,7,240,48,21,9,0,17,152,45,85,13,70,62,17,35,142,11,0,983,0,207,0,72,1,235,13,33,5,19,420,6,16,10,370,22,4,32,45,10,11,23,0,2,18,12,0,21,15,93,4022,30,177,15,18,128,163,11,4,10,12,0,19,22,6,32,1,50,0,0,0,10,15,25,100,20,30,2,45,7,11,15,40,17,611,1,96,10,37,241,0,0,2972,6,8,21,54,17,26,2,12,12,20,7,74,12,66,40,83,55,17,11,0,87,226,62,4,144,0,79,225,6,30,1,50,3,55,17,114,3,4,2,77,11,139,77,7,150,14,0,0,104,0,0,11,8,29,1,12,10,14,0,8,111,0,42
cell_406,0,15,1,0,25,20,23,3,3,7,2,27,18,5,1,25,20,10,0,15,23,25,3,0,12,0,66,12,171,9,7,0,1,9,45,8,121,40,252,3,21,273,26,0,6,4,10,163,138,18,81,87,0,7,39,3,118,6437,773,47,25,42,18,16,8,52,25,52,9,12,4,4,29,43,35,47,5,0,21,4,10,0,18,23,158,0,9,33,1,0,9,10,62,29,1,1,25,31,63,2,0,25,14,3,2,64,262,91,19,80,14,69,48,8,58,0,18,18,0,2,38,37,5,13,201,5,8,0,17,5,2,69,15,22,19,107,110,64,3,2,344,6,4,153,2,363,27,84,23,0,7,0,129,42,4,8,37,37,28,21,0,149,6,20,1,57,13,118,1,935,24,22,714,0,130,14,11,979,454,171,2,1,13,9,34,15,37,27,3,28,20,1,27,30,21,754,275,31,36,14,38,8,6,52,48,23,17,21,40,24,13,31,22,45,17,145,5,26,45,1,1,6,2,505,35,14,18,47,14,50,23,3,59,35,3551,25,11,17,0,925,191,3,0,0,27,624,52,34,24,3,38,110,0,0,35,12,14,0,86,17,101,3,15,11,223,96,102,5,65,14,226,0,20,41,104,40,35,47,13,5,20,1,3063,221,4,34,16,2,0,176,16,5,17,0,15,28,32,3,68,6,4,35,20,31,0,1,8,5,78,63,310,1,0,157,371,48,187,18,145,28,50,11,15,44,3,28,11,3,49,127,3,9,13,142,60,42,1,7,1,6,1079,59,257,78,0,550,134,67,77,2,0,8,126,98,62,26,118,100,89,44,119,3,5,1348,73,211,0,67,3,147,5,37,2,42,273,39,7,2,221,4,72,131,33,24,37,64,1,6,27,31,0,21,43,28,3964,32,192,10,9,106,202,10,6,18,13,4,35,104,1,0,22,2,54,1,0,5,32,0,100,15,6,0,45,14,2,4,9,15,207,0,63,16,36,192,5,0,3222,22,4,3,11,3,13,19,7,2,22,0,99,20,67,38,51,61,15,13,0,39,109,4,23,134,5,77,165,4,6,3,0,0,52,7,99,46,20,72,112,25,127,98,6,57,11,9,0,109,24,0,34,3,6,1,26,79,30,2,33,66,0,109
cell_407,0,39,0,4,24,179,3,56,5,6,21,4,22,12,0,62,21,4,0,106,17,99,9,0,3,143,140,56,68,6,3,12,79,10,4,2,79,27,317,7,15,254,1,0,14,8,7,186,165,28,63,22,0,1,0,13,2,6621,836,27,11,46,15,3,43,10,22,27,31,2,8,5,39,23,43,12,2,322,22,1,1,0,14,21,112,0,24,29,1,0,0,7,84,90,0,2,24,16,85,22,1,13,4,7,0,62,259,125,21,129,4,97,45,8,51,7,15,24,2,5,54,40,30,17,311,6,5,0,25,7,25,35,130,32,89,89,138,157,0,26,392,18,28,1,3,423,2,73,32,0,0,4,142,49,154,34,49,7,12,16,28,124,5,10,0,137,25,55,5,852,3,18,623,2,39,28,14,1283,23,165,14,2,98,20,29,3,13,19,8,15,23,3,27,5,47,655,225,195,19,36,3,11,2,24,61,143,10,13,29,78,50,41,43,28,39,158,10,41,10,2,0,7,4,540,42,2,14,24,22,93,102,9,38,68,3104,35,25,5,4,799,152,244,0,0,19,378,5,20,2,5,27,268,0,5,23,43,151,1,131,13,110,12,6,0,264,34,44,43,27,66,244,5,29,41,120,41,104,0,4,6,31,13,3100,221,1,16,0,43,75,179,10,4,26,0,49,10,45,11,45,4,1,62,8,89,0,0,52,38,61,23,200,2,0,166,369,52,180,81,386,34,118,2,42,40,6,73,0,1,5,125,0,116,5,159,55,36,0,0,6,8,1391,53,329,85,0,0,246,85,10,8,0,9,145,2,115,5,94,107,52,12,187,7,25,1389,3,235,0,133,16,22,1,16,3,37,345,0,5,6,333,4,21,196,19,8,31,2,0,1,28,24,0,22,25,1,4073,4,205,13,9,99,167,19,7,0,19,1,45,78,9,0,23,37,0,5,0,6,23,0,51,18,0,0,49,2,6,16,19,58,697,0,99,11,37,119,0,0,3283,10,17,37,64,10,12,20,3,17,15,0,93,17,81,42,61,15,3,12,0,65,138,3,0,136,0,149,215,8,32,7,0,1,41,6,149,22,13,1,111,13,150,99,0,182,5,0,2,25,5,4,20,6,1,6,16,36,0,0,15,104,0,17
cell_408,0,66,46,1,30,309,3,8,12,4,14,0,11,16,0,28,17,7,0,3,20,111,9,0,3,504,47,87,45,33,7,26,94,6,0,48,67,24,344,0,18,76,114,0,1,0,37,190,132,21,64,28,3,7,0,6,11,6396,833,80,15,5,8,0,19,109,27,75,20,1,4,22,14,33,9,46,11,265,25,6,2,0,22,0,131,4,6,42,2,2,0,5,23,40,2,4,17,14,22,3,5,3,48,1,1,69,222,138,18,15,0,230,51,27,24,13,9,11,0,3,3,40,33,16,275,0,22,0,57,5,0,4,125,21,72,93,149,28,0,138,72,24,11,1863,0,402,7,32,5,0,0,3,54,10,0,36,1,19,3,19,37,139,4,18,0,187,52,63,1,763,5,15,516,0,77,54,37,1093,131,135,8,21,0,11,30,15,10,30,3,34,6,3,10,0,34,633,193,206,16,15,8,13,17,56,48,113,23,9,9,3,54,12,13,0,67,183,15,0,0,5,0,9,2,411,30,1,24,43,3,67,18,77,27,15,3219,16,11,7,1,800,176,145,4,4,13,0,1,31,10,1,41,166,1,0,36,32,177,7,169,13,222,2,23,0,257,257,23,21,69,44,265,29,62,44,93,39,56,0,5,88,7,45,3052,213,2,5,247,41,15,186,2,3,13,0,41,9,35,2,3,22,25,89,12,91,47,9,3,2,44,70,154,2,0,140,297,9,71,11,267,22,37,3,124,48,3,55,4,0,5,134,3,0,0,177,3,31,1,0,2,3,1098,41,270,46,41,118,174,33,41,11,2,19,83,8,8,52,79,63,2,34,5,9,7,1494,0,181,0,54,7,175,5,20,11,24,406,119,58,11,384,13,37,94,4,20,17,144,0,13,54,4,0,9,21,0,3894,31,190,3,21,118,53,11,6,1,4,3,39,0,0,0,0,9,26,10,0,2,20,8,134,28,8,1,30,0,13,26,10,29,596,1,88,28,37,151,15,0,3097,9,0,59,10,17,15,0,12,2,21,18,19,4,12,18,153,105,9,15,0,24,43,33,6,86,0,141,197,8,32,0,72,3,90,8,44,35,4,0,32,10,130,66,72,122,19,4,3,16,8,1,3,0,0,1,5,66,32,5,77,132,5,219
cell_409,4,35,45,1,34,79,12,1,7,3,1,5,15,7,0,36,36,5,0,0,15,111,7,1,23,0,4,6,36,0,17,53,5,30,0,0,97,80,274,0,0,298,84,0,9,0,27,175,167,25,63,71,4,3,6,0,8,5844,796,111,6,78,2,24,0,40,14,20,42,6,5,3,17,13,31,44,26,3,15,8,1,0,25,4,124,0,14,31,17,0,2,7,71,34,8,1,19,64,20,7,2,12,48,2,1,14,237,112,19,85,3,102,39,39,50,3,38,13,0,0,0,8,3,12,190,2,5,5,3,4,23,23,29,44,19,98,129,15,15,15,230,38,4,45,16,366,9,63,55,0,0,0,104,57,32,0,6,11,23,16,6,158,5,19,0,356,53,66,8,975,24,16,635,0,83,104,4,1226,0,187,0,0,0,3,11,3,46,28,13,44,10,1,5,29,7,681,238,211,15,35,26,20,10,27,58,17,13,15,21,16,58,34,37,65,16,105,49,8,4,14,1,1,2,63,45,0,6,80,8,27,24,8,18,60,3680,23,11,1,0,956,182,301,2,0,21,420,12,38,0,21,37,258,7,0,31,49,200,0,195,0,136,0,11,0,0,22,46,7,60,7,306,11,11,0,111,35,1,0,6,43,12,17,3068,165,12,6,51,16,0,202,29,10,26,4,89,54,53,0,69,11,6,58,25,33,0,10,0,43,65,58,172,4,0,141,341,89,59,1,38,33,54,9,57,46,4,66,2,15,32,126,12,29,10,117,21,13,4,11,2,8,1162,54,129,13,0,0,238,67,78,2,0,24,52,4,36,108,121,108,56,38,108,10,0,965,1,217,0,123,9,213,1,49,10,40,404,1,1,10,174,3,48,33,103,13,15,10,2,7,16,0,0,5,31,0,4064,29,202,15,23,116,73,14,9,33,16,4,9,111,85,2,13,61,0,7,0,12,32,21,92,6,26,0,48,21,2,0,49,22,499,0,125,9,51,211,0,0,3034,23,4,25,26,51,20,13,3,7,0,23,85,1,8,34,106,58,14,19,1,8,119,79,0,137,0,144,228,12,38,24,294,2,38,17,92,2,3,0,55,23,141,122,0,81,1,1,1,92,37,1,7,0,1,5,70,14,4,3,12,121,0,150
cell_410,36,13,0,5,19,312,21,19,2,1,42,0,31,6,0,53,22,5,0,87,22,49,17,1,2,79,3,4,28,13,4,35,73,6,4,0,22,34,316,3,1,229,41,2,3,2,80,173,149,25,80,54,42,8,19,3,2,7195,866,21,5,78,3,5,52,21,16,12,24,3,15,5,51,33,39,15,5,271,23,1,9,0,28,0,189,1,46,41,9,0,0,2,33,38,6,7,21,28,14,3,1,4,114,8,13,74,181,125,8,69,7,65,45,57,39,17,32,30,0,6,0,71,3,8,269,48,14,0,25,4,1,31,28,41,3,6,107,6,19,4,261,30,9,37,4,447,11,68,24,0,0,8,127,35,130,11,32,5,3,18,15,95,6,20,3,21,10,43,4,943,5,15,527,9,73,26,9,1099,171,177,3,21,78,3,16,10,33,3,1,25,7,7,15,32,17,466,130,113,55,30,2,10,5,53,65,323,26,17,20,19,177,35,41,0,17,113,5,42,2,16,1,2,0,503,59,14,30,106,32,9,26,22,40,49,3498,8,35,7,0,871,160,142,1,1,46,392,2,37,1,2,29,135,0,9,24,33,172,0,211,0,205,6,5,22,266,189,88,0,68,90,301,18,49,25,111,43,0,0,45,10,30,8,3239,182,1,17,480,8,208,21,17,0,15,11,43,10,17,5,67,13,8,82,23,6,0,4,20,48,77,57,113,11,0,42,378,21,201,1,88,25,15,8,25,28,17,134,12,5,0,131,14,83,3,171,75,4,5,11,12,26,1304,47,301,47,0,26,287,18,8,1,0,7,104,50,35,70,0,73,1,28,16,10,8,973,75,204,3,107,3,219,4,9,11,33,424,140,0,1,167,11,7,12,8,27,23,184,0,2,31,2,0,8,14,83,4285,15,189,1,9,108,185,25,2,0,19,5,13,29,1,0,22,32,8,1,0,45,2,19,34,11,59,1,8,2,5,6,80,57,630,1,80,2,22,230,0,0,2880,0,5,16,53,15,36,41,9,14,10,58,117,5,14,29,46,30,1,8,9,7,20,8,0,141,3,34,188,0,8,12,10,6,66,8,109,4,0,3,88,16,165,73,0,136,8,0,2,101,4,4,3,6,0,6,83,19,0,1,39,18,0,1
cell_411,161,36,0,13,29,162,10,26,17,0,31,3,24,7,0,174,14,3,0,0,24,82,8,5,13,17,0,25,8,14,11,7,39,19,2,0,29,37,301,0,0,307,99,3,18,3,34,156,184,20,79,22,13,5,5,1,23,6778,846,112,18,91,1,0,3,121,39,31,27,5,1,12,19,12,6,6,24,255,22,2,6,0,22,2,128,0,40,27,0,0,0,10,66,75,7,3,23,78,32,19,2,7,1,0,6,63,232,98,4,82,8,66,48,63,31,0,26,20,0,1,0,12,6,15,196,67,11,9,57,3,8,20,32,27,43,17,83,11,0,53,308,6,3,35,20,321,1,41,44,0,9,1,126,51,184,2,15,11,25,19,42,89,8,12,4,371,34,49,3,859,1,17,549,7,110,95,18,1230,0,187,1,16,0,14,28,9,52,29,8,27,12,0,10,76,18,740,209,101,66,63,4,17,1,14,53,83,9,12,18,22,7,3,26,56,59,174,28,16,2,17,0,16,0,287,55,3,1,180,17,7,60,52,13,54,3509,63,6,28,0,901,137,274,1,3,28,26,2,22,5,50,44,266,4,3,41,16,40,0,139,6,87,5,17,10,137,169,63,4,69,21,121,3,25,51,86,37,0,20,11,0,13,28,3187,216,4,19,68,5,0,203,10,1,16,0,26,33,24,2,68,6,22,64,13,65,0,1,69,32,29,11,150,1,0,160,358,70,201,0,198,24,149,9,28,32,3,124,10,9,22,119,12,23,12,128,56,14,4,20,1,7,1299,45,220,24,0,6,187,34,2,1,0,33,98,32,47,103,103,67,37,14,226,18,0,1058,0,187,0,89,2,7,12,11,4,14,452,116,0,5,377,3,8,53,42,4,25,43,7,7,31,4,0,45,15,0,4069,56,197,9,3,108,184,9,9,159,5,2,8,111,25,0,5,6,0,7,32,14,33,29,109,4,62,2,4,13,2,6,43,5,648,0,95,16,30,185,0,8,3228,6,9,39,70,10,29,37,7,14,12,6,99,5,63,47,12,61,8,5,4,112,87,49,12,128,4,70,217,9,29,36,87,3,69,9,104,0,9,12,18,16,146,88,79,43,1,0,1,106,13,1,27,3,0,0,47,29,7,2,51,77,0,25
cell_412,8,59,11,8,16,38,5,7,10,6,34,47,22,0,0,56,25,14,1,13,27,63,16,7,112,25,0,80,2,51,2,35,2,36,0,0,62,116,472,10,2,234,0,2,5,113,74,198,150,155,64,2,0,6,13,13,2,1242,2131,215,13,158,20,0,99,23,34,4,42,21,11,0,30,64,6,45,8,387,69,1,8,0,22,7,226,0,99,22,3,0,1,9,147,6,7,18,4,41,7,9,5,17,53,1,13,55,134,113,2,80,17,66,55,35,49,0,52,10,1,0,0,61,5,17,238,88,6,0,24,21,7,6,0,24,19,12,71,76,0,13,168,4,1,123,3,285,16,25,31,0,0,0,75,70,131,12,5,30,19,17,0,96,49,13,0,10,2,43,0,233,3,16,673,10,126,70,20,411,1,68,7,17,0,5,38,9,43,17,43,48,23,13,26,14,37,331,345,50,0,103,44,13,0,36,46,30,4,27,21,47,23,66,1,13,27,171,5,45,7,26,18,4,0,289,50,1,6,88,18,2,38,83,57,43,3868,37,5,53,0,1017,244,57,24,0,66,0,2,27,7,8,37,299,1,0,185,7,189,3,99,11,122,12,17,0,192,221,63,1,78,10,90,2,22,115,77,55,46,0,58,9,2,103,3149,332,7,12,959,69,0,216,7,7,32,0,17,13,22,42,89,13,36,58,6,6,3,1,5,28,58,36,24,7,0,11,215,65,167,15,344,76,29,0,29,46,22,92,7,9,7,223,28,18,15,83,61,39,2,52,1,0,733,55,240,48,20,0,70,44,1,2,0,2,145,28,35,53,0,23,14,116,135,22,2,402,5,110,0,38,6,3,2,51,0,42,123,0,4,5,293,10,3,82,19,23,18,18,1,4,48,4,10,24,62,1,6917,24,63,34,24,88,304,11,12,0,29,1,27,6,2,0,78,34,0,0,0,7,18,54,19,17,29,6,48,29,110,9,18,0,461,5,96,0,51,166,0,0,1091,30,1,0,14,0,18,49,0,14,34,6,60,1,30,30,87,68,29,20,0,13,109,2,4,76,4,63,89,13,28,42,71,0,109,20,75,33,14,110,2,29,108,68,25,229,12,2,0,53,77,5,18,13,1,0,114,8,0,0,0,22,0,1
cell_413,0,81,0,5,32,23,14,10,7,0,20,7,49,18,0,18,4,17,0,16,15,48,8,0,28,107,30,38,53,4,5,20,79,13,7,2,45,43,320,0,0,264,1,7,2,3,50,169,164,29,72,57,0,7,1,16,15,5553,846,88,14,82,14,10,0,11,37,63,28,10,8,0,45,103,16,38,25,367,17,5,3,0,24,1,175,2,46,24,0,0,0,14,73,34,0,2,10,57,24,6,2,1,78,2,3,100,236,97,6,82,4,141,33,18,48,5,27,5,2,1,0,62,16,12,304,19,9,0,91,12,1,17,126,31,63,34,111,164,4,6,276,8,6,0,4,244,5,92,18,0,1,0,152,73,124,13,24,31,5,15,7,79,11,11,0,61,10,27,1,825,6,21,571,2,58,78,11,1133,250,144,12,11,1,22,8,5,17,18,0,40,8,6,22,3,27,751,80,241,18,58,17,17,9,63,51,125,10,18,9,17,22,36,42,7,9,189,42,37,0,3,7,3,1,508,42,5,27,81,6,59,85,0,31,67,3387,36,2,29,0,902,157,256,1,3,25,11,0,33,7,3,42,176,0,0,24,47,185,0,277,11,89,2,24,0,240,74,92,2,76,64,181,5,16,0,103,47,1,0,22,6,10,15,2948,235,7,16,0,17,97,150,3,10,17,0,104,29,8,8,68,10,4,89,29,22,0,0,2,5,103,55,268,2,0,80,370,52,184,5,95,40,25,2,97,33,4,126,11,0,2,116,14,89,9,161,84,13,1,18,0,7,1236,65,253,41,80,73,196,63,6,3,0,21,118,62,66,15,12,34,57,25,121,16,3,1496,67,208,0,176,6,78,2,31,0,35,438,169,4,7,352,3,68,35,1,5,27,71,0,1,44,2,0,35,37,0,3860,12,219,9,19,109,168,9,19,1,22,10,42,30,9,0,14,36,4,0,0,35,21,0,95,18,15,0,21,2,25,17,34,0,521,1,77,14,57,169,0,2,3238,6,12,119,19,14,27,0,1,24,25,0,93,0,90,10,46,118,5,2,0,8,24,29,2,136,0,73,176,8,49,14,6,10,60,20,119,7,13,95,11,14,152,91,8,168,14,2,0,115,7,1,7,8,0,2,42,148,24,2,53,58,0,51
cell_414,0,33,13,9,24,98,27,20,2,0,21,0,8,14,0,1,38,5,0,245,19,99,1,4,118,35,0,20,105,1,13,4,70,41,0,19,26,87,320,9,0,275,0,0,11,0,89,171,142,30,75,9,0,3,5,0,0,5711,779,92,0,51,21,10,16,0,8,23,19,5,6,5,27,21,20,61,23,150,24,3,5,3,13,4,181,0,8,50,6,0,0,6,68,15,3,7,12,60,100,28,8,3,70,5,1,66,221,125,11,31,3,73,44,13,27,33,33,28,2,5,1,34,26,13,305,40,4,0,18,18,8,10,75,34,105,5,82,1,1,0,229,30,6,610,5,449,11,95,45,0,0,6,134,25,7,38,7,4,20,24,24,112,1,8,1,111,8,48,3,828,9,17,492,0,22,111,16,1204,40,168,2,5,0,0,16,24,51,29,14,4,17,0,30,0,33,740,200,129,1,76,17,17,5,18,55,59,6,11,25,63,141,53,29,2,54,54,2,40,2,16,1,35,1,452,43,10,11,64,3,11,103,0,17,56,3761,22,2,14,0,955,161,170,2,0,47,199,47,15,4,0,28,232,1,0,25,54,171,0,58,0,202,12,28,6,11,37,1,13,35,28,240,0,70,66,91,29,0,46,19,18,10,128,3125,205,3,13,423,9,135,144,2,12,25,0,17,26,37,8,54,8,7,78,13,28,0,2,22,0,79,15,144,23,0,193,373,49,233,11,363,38,33,11,44,36,10,106,12,3,7,113,9,11,0,141,22,17,7,17,19,22,1240,55,253,73,54,0,248,92,20,0,1,7,126,7,64,105,180,39,22,31,219,3,1,1187,4,200,0,152,25,0,0,23,3,33,405,4,3,20,307,8,2,37,26,2,20,44,0,0,47,0,0,38,6,0,3766,3,202,24,24,120,156,21,9,48,18,11,12,44,1,1,0,33,13,25,0,31,14,17,97,33,14,0,56,0,5,7,26,27,348,0,112,11,40,81,0,0,2756,2,14,21,31,1,13,4,7,17,0,3,131,1,12,14,145,85,8,6,11,3,179,33,38,93,0,109,224,7,37,1,69,0,72,7,126,0,10,0,15,14,134,85,1,77,1,0,0,111,9,1,7,0,9,3,64,56,0,6,14,128,0,181
cell_415,9,39,47,0,20,211,10,36,13,11,26,5,32,13,0,26,30,5,0,3,24,76,20,1,4,26,56,5,43,21,9,0,35,0,0,1,5,26,281,0,0,297,2,1,6,1,46,171,157,21,73,27,0,3,0,0,0,6140,767,111,2,42,0,1,53,179,32,33,27,15,20,6,12,7,14,62,33,18,2,4,7,0,15,1,125,0,63,49,0,0,1,29,44,38,6,3,28,38,36,5,0,5,6,1,10,3,241,147,12,146,0,68,50,56,29,10,8,13,0,4,0,33,25,14,274,25,7,0,27,19,15,23,87,41,13,37,145,15,1,0,277,11,5,70,18,204,0,73,18,0,0,0,106,28,0,14,2,5,18,15,4,136,2,12,0,48,16,48,4,957,6,17,597,6,125,0,10,1149,0,171,0,3,7,9,6,17,42,0,10,62,13,1,30,7,46,572,519,147,3,67,0,17,5,0,57,11,31,15,11,10,69,39,29,18,9,191,17,65,33,21,6,6,4,458,36,10,6,127,12,0,21,1,21,77,3493,10,14,16,0,830,147,321,1,1,6,191,0,38,3,0,32,130,10,0,33,0,119,0,43,5,73,1,11,0,182,142,65,9,39,12,213,2,16,3,107,49,2,0,51,0,16,3,2965,190,1,13,513,15,0,127,59,6,23,0,15,7,53,24,62,18,10,66,22,42,1,3,10,40,93,21,168,15,3,177,392,18,193,1,42,37,113,9,5,36,8,163,2,2,0,125,2,66,8,116,63,9,0,7,9,9,1116,49,237,59,82,3,253,69,29,8,0,38,122,42,27,25,6,32,20,39,144,17,1,1338,11,185,0,117,0,0,31,27,4,27,450,63,7,8,354,9,0,108,4,4,13,21,5,0,30,0,0,6,25,0,4031,3,208,9,24,112,156,14,14,28,9,3,25,91,5,13,39,12,0,2,0,18,0,0,100,8,38,1,8,3,2,15,35,13,633,0,95,19,22,239,0,1,3187,24,3,3,88,56,29,24,3,2,12,0,85,4,72,25,78,78,10,19,7,35,46,30,12,149,1,113,187,9,11,30,0,11,60,19,105,18,19,10,128,14,139,90,1,126,13,0,3,121,3,1,26,4,0,3,72,26,18,2,33,76,0,24
cell_416,0,37,9,3,42,67,0,51,24,25,30,0,22,20,0,89,37,11,12,12,26,92,7,0,1,0,19,82,36,13,5,95,21,11,0,19,50,13,696,0,0,196,56,0,1,28,81,229,201,82,71,3,46,16,1,2,9,2881,1893,67,1,119,16,24,51,11,36,26,3,2,8,7,15,70,17,21,9,640,17,5,3,4,29,6,217,1,37,15,0,0,0,7,141,50,1,17,8,14,5,35,2,13,7,2,1,79,203,160,2,111,3,159,44,9,38,5,3,24,0,1,26,12,34,32,433,0,7,14,34,29,2,28,86,18,17,60,195,90,1,111,272,39,26,103,29,511,6,67,40,0,0,3,65,99,95,5,38,6,20,21,53,121,18,13,2,148,20,15,1,1002,31,14,772,1,126,28,3,765,37,85,0,7,8,2,28,11,9,79,7,67,26,9,15,2,42,147,267,138,7,32,8,17,45,64,66,36,44,11,35,53,68,21,26,36,29,116,11,6,3,3,0,14,5,343,70,22,6,13,14,0,28,27,5,43,4070,22,25,30,0,806,164,102,0,0,12,39,1,41,9,3,32,246,0,8,204,27,83,0,435,15,130,12,2,0,115,154,9,11,67,57,268,1,34,85,65,55,125,0,14,34,12,0,3044,525,9,24,496,18,0,90,34,9,14,0,24,44,42,17,46,42,4,46,55,51,1,1,0,61,62,14,38,8,0,152,247,57,170,6,457,41,123,3,24,123,57,110,0,7,6,91,2,19,10,136,73,61,4,5,3,23,545,33,118,55,0,0,204,65,12,2,0,16,53,51,59,10,406,63,31,31,109,5,0,833,47,75,6,128,6,90,1,13,7,23,200,0,6,7,186,2,10,132,11,11,12,30,4,1,11,0,0,8,16,0,2482,9,152,20,7,85,221,24,13,138,9,10,5,25,10,4,3,27,42,19,0,31,14,52,101,8,17,0,47,2,1,5,22,31,623,4,51,19,32,112,12,0,1375,36,14,2,15,5,16,0,9,4,44,5,142,5,9,82,123,70,3,9,4,16,79,8,14,239,0,217,192,2,31,38,0,9,71,12,113,3,6,24,27,15,128,99,0,73,3,1,3,11,2,4,10,0,0,0,105,0,33,15,100,49,0,10
cell_417,0,4,42,2,26,158,18,1,9,11,14,6,30,5,0,142,33,5,0,4,23,65,7,0,76,67,19,215,39,16,1,0,35,25,0,0,16,44,342,0,0,243,15,0,5,0,58,152,48,35,96,45,0,16,4,4,5,6568,898,62,18,104,1,4,1,0,30,51,9,7,2,9,21,43,13,5,32,334,27,3,6,0,16,3,168,1,28,30,1,0,0,20,71,28,5,1,14,27,86,0,8,11,7,3,5,90,212,112,35,33,10,50,44,57,45,1,8,49,0,9,5,127,5,4,286,20,14,7,44,13,4,50,49,27,60,81,137,6,0,18,291,48,9,734,3,479,13,65,36,0,0,0,125,3,0,15,5,9,37,22,16,90,4,22,1,334,24,15,18,344,17,17,539,0,41,7,24,1232,139,160,33,5,0,7,37,15,44,30,15,28,26,7,20,44,32,846,202,132,8,34,14,15,0,5,56,10,15,23,8,27,16,36,30,1,34,62,13,28,1,10,8,5,5,520,39,4,9,72,28,6,44,5,61,52,3550,20,7,7,0,900,161,155,10,4,16,60,34,20,18,0,31,277,0,0,35,24,55,5,84,8,165,4,27,0,0,101,5,6,40,48,299,6,27,45,100,47,109,0,15,53,14,1,3077,127,4,17,541,2,1,191,5,1,15,0,3,31,3,10,43,21,1,90,0,19,0,5,2,0,68,35,244,2,0,34,300,68,208,10,387,29,58,2,54,34,4,25,7,1,14,117,9,0,2,149,70,23,0,29,6,0,1242,68,240,48,9,0,204,62,2,1,0,3,102,124,69,40,9,118,18,38,161,2,10,1195,72,174,0,166,1,12,6,34,7,32,458,1,0,10,44,7,9,94,14,11,21,94,0,1,39,13,0,19,47,17,4445,51,203,12,3,134,178,11,14,1,17,2,8,53,2,0,93,23,0,6,12,8,48,5,70,37,1,2,67,2,1,8,62,0,669,1,95,1,36,203,0,1,2760,18,11,5,19,71,15,0,11,0,3,0,95,9,23,43,185,2,7,12,0,70,264,7,5,150,3,160,192,26,14,4,50,0,59,11,113,15,6,0,107,35,155,107,60,174,10,0,0,126,13,0,26,9,0,16,47,35,0,1,11,52,0,84
cell_418,0,29,44,5,29,276,22,9,2,15,18,0,15,8,0,5,22,7,0,60,26,36,10,1,14,149,8,78,29,5,12,18,84,4,10,1,60,67,269,0,9,250,114,0,12,1,92,149,156,20,70,25,0,4,0,3,31,7637,870,36,4,60,4,1,11,113,16,62,5,3,7,16,26,29,45,33,16,184,22,1,8,0,28,10,171,2,22,29,2,0,0,0,89,62,1,1,46,33,21,10,0,8,94,0,0,81,236,95,3,88,0,57,28,35,52,17,16,3,0,10,18,29,24,11,219,7,2,0,25,10,5,12,116,30,65,89,158,15,2,0,323,8,2,1562,8,298,4,27,44,0,0,4,173,0,11,6,5,5,22,18,7,136,1,0,3,220,57,11,6,915,3,11,653,1,110,16,32,1204,109,152,4,4,26,12,14,15,19,18,0,32,22,2,21,3,45,853,175,150,36,28,12,14,3,17,65,88,21,19,9,57,34,25,28,2,15,78,15,8,2,6,1,10,1,720,47,7,4,23,19,4,35,2,20,59,3641,32,12,4,0,930,156,283,17,0,16,186,59,43,3,4,39,252,0,0,24,14,282,0,84,0,161,11,12,0,248,119,15,12,68,73,249,6,14,12,104,23,18,1,7,32,15,8,3010,219,5,22,419,2,47,190,3,0,19,0,59,21,38,8,50,16,5,78,5,105,9,0,0,0,60,86,248,10,0,193,365,78,208,31,154,32,17,2,67,36,12,44,7,1,4,136,16,96,10,134,58,21,0,1,12,13,1335,60,205,111,2,0,226,45,21,10,0,11,147,23,34,29,0,7,24,29,148,9,1,1486,13,205,0,67,9,0,5,21,2,26,314,0,22,10,391,1,16,44,14,13,13,37,1,1,20,1,0,64,28,0,4399,31,226,21,16,104,169,18,15,0,8,2,35,2,10,1,3,37,0,5,0,43,18,12,68,7,58,2,34,2,4,12,28,39,737,1,74,23,59,168,1,1,3074,17,1,10,21,44,38,13,4,1,2,3,61,5,63,32,138,30,9,15,0,53,88,46,3,115,0,185,163,7,1,8,3,1,60,3,125,26,13,0,105,18,177,95,3,226,1,0,1,99,3,0,20,7,0,6,25,4,19,5,61,10,0,41
cell_419,3,19,64,6,30,269,3,41,4,2,20,0,36,12,0,19,27,4,0,36,26,72,9,0,0,48,49,90,36,31,2,0,90,68,0,13,38,21,310,0,15,61,4,0,31,0,17,152,171,26,65,18,7,1,0,3,0,5755,907,88,1,19,1,2,33,20,13,65,24,21,30,4,54,81,7,38,24,343,24,8,5,0,24,0,141,0,28,30,4,2,0,6,8,52,7,0,25,24,24,2,9,6,4,5,1,66,230,129,32,77,6,69,56,26,45,30,20,9,0,7,0,18,13,16,159,0,20,2,25,6,1,26,98,28,28,0,128,85,0,1,239,14,18,2104,1,315,14,101,26,0,0,0,123,2,0,17,17,23,23,16,3,41,3,14,1,23,11,134,6,859,4,14,463,0,42,137,16,1272,338,150,13,11,1,13,13,3,10,22,10,53,21,4,26,1,25,833,344,273,1,48,2,11,8,35,61,96,29,23,25,4,65,28,42,20,44,224,21,7,7,9,0,2,0,213,31,0,140,18,17,6,114,44,6,64,3694,9,4,14,0,939,162,309,9,1,9,41,0,24,11,0,27,236,2,17,24,49,164,0,96,7,209,4,15,0,283,94,96,42,50,2,267,5,61,0,96,46,77,0,15,24,15,57,2969,166,16,14,24,22,0,205,21,5,14,0,7,27,35,10,12,18,5,76,17,85,43,6,23,34,52,83,157,5,8,169,378,68,101,35,208,26,117,11,100,37,12,25,1,12,6,145,2,67,6,172,25,9,0,0,6,3,1340,53,289,106,74,0,287,87,20,6,1,45,120,12,8,3,29,30,14,38,117,8,0,1119,76,187,0,187,23,135,10,12,6,28,389,49,12,6,149,6,49,62,2,7,16,7,0,8,48,8,7,17,10,3,4349,8,206,25,11,118,181,11,25,0,9,3,29,0,27,0,7,14,23,9,0,4,15,8,80,22,106,3,52,0,8,20,11,31,559,0,82,33,26,59,2,0,2813,7,6,26,53,85,23,5,15,17,3,13,61,25,40,31,94,16,32,3,0,11,33,45,29,130,0,139,157,8,53,47,64,1,70,7,125,9,12,0,33,15,165,76,0,80,0,2,2,47,5,2,0,0,0,9,85,0,10,0,30,176,0,22
cell_420,0,38,3,2,31,263,0,41,11,6,25,0,15,5,0,57,17,9,2,40,10,108,5,7,43,2,10,226,12,87,7,28,55,20,7,3,46,3,280,4,7,258,0,2,4,1,53,148,134,23,64,15,0,5,17,2,6,6696,917,30,10,40,3,4,51,39,19,24,23,17,45,8,37,40,36,44,11,412,16,4,0,0,24,10,140,0,48,38,4,0,2,19,94,27,1,0,20,18,34,1,0,10,15,1,6,79,201,138,20,7,12,61,48,27,29,30,3,3,0,6,1,33,35,12,157,6,13,378,31,2,13,14,29,25,33,66,132,47,9,72,314,31,2,215,9,360,6,55,16,1,0,3,59,16,46,7,12,4,43,16,0,144,7,23,0,80,3,160,15,944,2,10,564,1,35,40,25,1242,51,167,3,18,19,20,22,8,59,36,11,57,17,14,30,14,26,754,273,124,8,52,0,13,0,3,56,43,16,23,43,57,88,30,25,32,38,190,27,41,40,25,2,4,6,552,44,10,0,167,17,16,108,2,51,63,3968,16,1,7,0,956,181,290,10,2,8,683,13,40,5,1,36,340,0,0,25,47,193,0,94,0,56,9,5,0,0,93,13,26,67,36,230,0,9,52,88,50,109,23,45,32,13,10,2986,212,1,39,5,2,17,136,18,11,11,0,22,11,48,2,67,17,7,75,32,31,0,1,65,11,17,27,108,1,0,107,347,10,206,10,304,29,73,5,74,32,3,59,8,1,2,135,9,55,5,152,45,25,0,0,10,6,1154,66,297,86,92,0,227,79,5,40,0,7,139,55,23,92,54,65,2,41,121,4,5,908,87,237,0,116,12,0,0,24,1,41,253,0,0,7,243,15,16,102,0,14,24,58,0,0,31,14,0,5,40,0,4249,30,210,19,18,84,171,10,7,1,13,14,62,103,51,0,16,27,52,0,0,19,10,0,77,4,4,0,45,3,11,9,5,3,337,0,62,30,44,283,0,0,2927,26,1,8,42,46,33,11,6,3,20,0,97,16,46,32,121,43,9,18,1,0,200,46,11,127,3,148,242,14,37,19,186,0,48,11,135,17,36,21,42,9,152,80,44,159,23,1,1,123,4,0,8,2,0,0,69,47,14,4,18,91,0,17
cell_421,130,4,15,0,24,187,2,52,11,7,22,13,38,2,0,54,30,16,0,4,34,27,3,3,119,65,4,42,66,25,12,7,56,60,0,0,24,13,335,0,0,295,0,1,3,14,60,153,151,12,94,110,0,0,3,5,0,7614,820,67,13,117,16,0,1,27,16,13,20,24,40,0,21,84,26,36,33,219,34,2,4,0,13,6,161,0,56,30,2,0,0,12,43,21,9,5,3,42,24,1,6,7,11,7,8,74,225,66,18,38,2,119,43,10,52,1,26,20,1,2,0,28,3,11,237,58,6,0,32,14,0,35,4,41,20,24,132,59,0,0,327,69,7,1311,0,433,7,65,46,0,1,1,112,49,16,11,3,41,24,19,0,146,29,26,0,265,17,48,6,812,5,19,613,3,26,10,4,1265,128,175,2,12,0,4,11,4,26,29,4,55,14,20,26,7,38,570,392,138,26,58,6,14,0,13,55,63,11,18,7,65,23,39,18,53,43,191,15,11,10,36,6,6,3,531,41,20,0,45,35,2,47,18,29,62,3609,15,10,5,0,878,159,321,5,2,24,5,0,20,7,3,43,284,0,0,33,38,212,0,62,0,162,7,24,0,131,301,84,11,26,20,125,0,35,28,102,42,70,0,66,17,18,1,3087,219,0,74,277,28,8,210,13,7,20,0,61,24,40,13,72,10,10,65,9,12,0,2,5,2,66,31,50,1,0,22,353,41,209,1,398,29,24,16,80,39,1,39,12,6,5,138,8,45,12,142,77,6,10,39,6,0,1251,48,296,98,52,0,217,90,94,6,0,17,174,47,125,68,1,20,0,44,213,14,0,1254,0,197,0,84,2,9,1,28,9,27,402,111,0,5,373,16,57,100,1,8,8,20,0,2,33,42,0,17,17,0,4162,23,193,19,35,112,143,22,4,4,20,7,29,6,5,0,45,62,0,0,0,15,21,1,53,19,53,2,36,9,2,9,11,9,281,1,74,0,58,304,0,0,3136,10,0,3,31,36,33,25,4,4,21,28,96,16,19,37,128,35,19,13,15,2,136,18,0,159,9,123,195,15,15,36,152,1,27,19,134,38,10,80,9,23,176,112,26,167,7,0,2,112,12,1,0,3,0,0,89,71,2,5,0,95,0,56
cell_422,0,38,28,1,24,47,9,48,4,0,27,14,29,7,0,46,13,9,0,195,23,122,4,7,87,19,9,61,75,111,5,55,32,0,0,9,107,63,314,3,1,242,0,1,10,3,65,190,50,20,80,37,7,3,0,0,0,5427,798,78,13,66,1,2,44,11,17,34,24,4,10,1,25,29,25,47,25,392,35,0,2,0,19,8,147,1,29,40,0,0,0,1,29,44,4,0,8,20,8,12,3,2,26,8,2,72,215,149,29,81,12,237,47,8,28,1,8,18,0,13,0,35,11,11,269,31,19,0,12,7,32,61,109,47,92,112,127,46,17,27,275,18,6,1609,1,386,1,33,57,0,0,5,126,44,158,5,5,31,9,13,17,124,6,14,2,215,9,18,11,1031,9,14,603,0,135,50,3,1254,175,189,1,20,0,5,30,36,44,32,2,39,8,4,4,15,24,552,262,233,67,49,4,17,0,0,43,35,23,21,45,116,23,36,33,44,23,179,35,75,2,23,8,12,3,496,31,6,30,20,21,9,31,10,48,59,3495,7,2,9,0,827,187,272,0,2,38,682,12,39,0,5,29,340,1,0,24,36,184,1,158,0,175,3,12,0,288,281,6,0,60,35,297,0,34,0,109,59,5,50,26,14,5,0,3014,197,1,14,644,4,0,198,0,0,23,3,7,10,15,18,78,6,5,82,32,94,13,6,15,0,43,1,214,5,0,200,297,57,225,17,380,18,99,0,37,32,3,53,3,1,4,153,4,16,6,157,64,6,1,3,7,3,1050,65,279,95,0,0,198,86,9,15,0,19,92,52,3,77,0,95,18,53,167,12,7,1173,69,211,0,107,0,0,0,22,0,45,454,13,4,1,328,23,0,17,0,11,44,19,0,0,46,0,0,44,34,13,4115,1,189,28,18,120,178,16,8,5,7,7,5,85,0,0,22,15,0,11,0,23,0,0,61,21,6,3,54,0,6,12,73,0,393,6,114,41,48,224,0,0,3256,17,2,26,89,19,31,32,6,22,16,9,105,3,20,11,123,48,1,17,4,26,224,85,18,128,0,34,204,12,22,4,77,1,85,8,82,6,1,5,40,11,143,100,1,167,18,0,0,78,1,2,27,4,0,10,70,97,5,6,14,100,0,10
cell_423,19,39,2,1,31,109,9,28,7,4,23,6,27,16,1,21,29,4,0,22,32,108,15,20,4,24,13,6,13,9,2,55,32,15,0,4,150,15,294,0,13,223,5,0,8,0,25,208,174,25,61,27,19,3,53,3,2,5051,824,35,4,37,15,1,43,25,23,43,25,8,18,13,3,41,30,42,16,117,14,1,10,0,27,0,183,4,2,29,1,0,0,6,64,80,9,1,24,3,121,13,1,15,18,7,2,82,234,37,32,78,4,204,51,34,48,7,13,30,0,2,82,16,12,15,225,18,9,0,20,32,1,19,135,39,9,29,147,60,0,0,312,46,9,499,4,409,19,62,19,0,0,0,153,43,0,16,44,7,8,14,26,88,3,24,1,47,1,24,1,767,4,15,626,0,58,49,10,1185,65,170,3,4,4,7,14,4,15,25,8,32,12,4,16,1,42,888,422,146,24,35,2,18,8,18,53,293,17,4,11,69,17,22,39,12,21,182,12,8,7,1,1,3,2,471,30,0,0,26,9,1,13,0,20,44,3210,14,10,0,0,881,162,308,1,0,15,389,11,36,2,0,33,302,2,0,29,28,202,0,45,0,93,7,6,0,197,296,79,47,62,63,266,1,33,4,70,40,4,0,28,38,35,1,3002,236,4,18,73,43,0,188,53,11,22,0,31,29,14,2,55,10,0,65,40,66,0,8,0,9,65,46,294,1,0,176,359,59,204,3,176,31,78,11,32,39,7,40,7,7,5,107,3,69,8,149,39,62,0,17,0,5,1416,52,314,80,0,18,250,65,108,0,0,30,106,4,79,33,224,123,86,45,70,1,0,1231,5,228,0,173,2,180,3,22,12,17,411,51,27,9,185,5,94,190,9,4,26,89,0,2,29,6,0,20,15,65,4286,27,217,19,24,98,162,16,8,1,17,5,25,2,0,2,7,12,0,20,1,2,7,0,73,22,4,0,45,3,9,13,9,11,657,0,71,20,49,36,0,0,3478,19,2,26,48,28,27,7,14,11,11,1,112,4,36,22,92,88,20,18,5,19,274,22,2,99,10,170,211,19,32,38,63,1,46,21,98,14,21,79,10,18,129,105,10,119,9,2,0,39,32,1,8,2,0,19,54,5,0,4,20,106,2,4
cell_424,0,94,9,2,35,161,7,48,6,14,22,0,23,18,0,36,28,4,5,2,25,96,10,9,43,88,12,163,67,43,2,24,88,41,4,0,28,24,282,0,7,248,10,1,9,2,23,169,199,32,58,0,19,4,0,6,56,5682,830,71,7,50,7,10,1,29,30,31,33,8,20,13,0,80,11,46,32,343,20,1,3,0,20,18,153,0,26,24,4,0,0,17,68,45,0,6,27,10,54,32,1,8,74,0,3,49,211,126,10,143,3,38,37,6,58,11,28,11,0,2,0,44,19,10,198,43,9,0,53,10,0,11,123,22,94,50,149,83,7,102,215,3,1,293,2,165,23,51,25,1,0,0,135,9,0,30,0,6,2,8,9,101,5,17,0,143,19,21,9,828,3,14,580,0,152,58,20,1213,697,170,2,5,40,4,18,10,11,27,0,33,7,5,36,119,35,874,90,215,0,48,23,18,8,0,57,85,2,21,13,70,47,37,38,22,80,180,39,44,5,4,0,10,2,577,33,7,3,8,15,1,48,0,21,62,3693,64,5,3,0,827,179,256,2,2,7,720,8,32,1,8,28,267,0,0,35,60,225,0,183,7,179,5,1,0,264,129,6,12,68,74,170,0,37,43,114,41,12,0,4,29,27,13,3068,229,13,15,658,34,0,181,22,14,25,0,0,44,17,9,61,9,3,58,17,77,0,0,2,0,68,14,265,3,2,146,371,51,190,5,248,31,32,9,31,31,11,90,2,6,1,111,2,5,13,170,35,57,4,0,2,4,1236,55,296,76,62,0,199,93,29,4,0,76,81,21,54,19,8,105,39,33,200,10,0,1488,32,205,1,148,2,175,0,34,6,7,427,5,12,9,402,1,75,90,30,13,38,46,0,1,19,1,0,71,15,1,4130,33,231,25,11,107,151,11,7,17,17,7,18,67,35,0,5,19,7,0,0,45,27,0,86,6,13,0,20,0,2,10,28,24,593,2,69,37,47,267,1,0,3118,29,7,93,33,17,34,15,0,1,16,8,99,3,17,9,147,130,5,20,3,26,120,10,0,129,0,98,175,10,19,29,59,0,31,11,121,0,21,0,1,1,164,107,0,125,7,0,5,41,0,1,14,11,0,2,64,6,6,1,35,140,0,50
cell_425,0,23,1,0,23,33,9,17,9,7,26,8,25,4,0,66,23,11,0,62,17,84,8,0,12,132,5,31,23,0,1,5,64,5,1,0,17,28,307,8,0,268,26,1,7,1,61,177,187,30,81,17,1,3,99,1,2,6073,746,86,5,71,4,3,21,10,17,41,27,6,0,1,47,14,57,40,19,335,20,3,7,1,12,3,150,39,28,35,2,0,0,0,91,56,2,0,14,110,74,33,0,14,13,0,2,58,36,101,14,45,3,219,46,45,45,14,21,19,0,1,0,29,7,12,150,15,18,18,46,11,0,22,56,28,34,86,120,46,7,2,335,20,5,11,12,162,1,24,42,0,0,4,23,110,155,12,22,7,16,18,1,134,14,17,1,114,7,42,7,866,28,8,664,0,67,4,31,1177,23,167,4,10,0,10,26,23,25,34,10,45,14,6,13,11,39,701,314,232,3,82,1,31,0,15,43,40,0,21,35,93,4,47,37,15,42,85,39,34,6,3,8,21,2,494,29,1,1,35,11,0,114,0,33,48,3614,9,5,6,0,834,175,281,6,3,21,664,6,45,8,0,35,376,0,0,25,11,97,0,15,11,166,8,27,0,0,207,0,25,24,71,221,57,26,28,100,38,87,3,16,3,2,12,2912,224,12,5,241,17,0,133,18,5,21,0,22,22,3,16,52,9,2,40,4,21,0,7,9,52,75,106,70,3,0,19,372,21,190,40,21,21,142,9,41,28,1,74,8,0,3,132,14,0,2,160,59,25,0,8,8,3,1048,65,279,33,1,0,123,34,0,2,0,26,114,44,84,49,2,64,15,45,94,26,5,609,0,198,0,206,3,217,8,39,15,28,453,0,4,7,57,9,12,30,27,5,8,18,0,5,26,6,1,3,43,0,4147,3,224,15,6,122,191,14,7,6,15,2,5,11,0,0,97,15,0,3,0,1,23,36,64,14,37,3,36,3,23,15,57,8,603,2,106,4,53,206,2,0,2957,10,5,36,57,53,28,0,1,20,7,0,76,1,22,38,42,0,11,13,0,25,112,21,6,122,2,45,260,8,12,38,149,0,80,13,104,6,2,12,20,19,138,104,27,147,4,0,0,55,20,0,30,0,0,5,45,18,4,0,27,22,0,25
cell_426,128,12,24,2,31,246,2,37,16,11,25,7,29,8,0,13,23,6,0,1,3,112,3,10,25,0,0,36,59,16,3,0,0,23,0,16,33,48,356,1,0,265,29,0,10,14,69,223,168,21,78,132,0,0,32,0,51,6365,944,65,0,48,4,0,34,26,8,11,21,5,6,3,25,35,11,48,19,370,12,0,12,0,15,2,135,0,43,14,1,7,0,5,89,65,2,3,23,74,139,11,0,8,30,0,25,81,197,96,19,73,5,103,49,15,47,11,30,22,0,3,0,25,8,26,201,39,5,80,27,13,12,10,25,36,0,4,114,192,4,56,295,62,14,0,4,497,1,61,51,1,0,1,136,29,48,31,39,16,7,23,5,144,19,22,2,0,32,55,7,790,6,9,555,12,8,54,28,1363,0,174,6,11,9,5,26,9,53,29,13,40,15,10,26,14,38,410,314,30,11,64,5,15,1,16,47,384,18,21,45,27,206,49,38,42,10,87,3,3,6,27,9,9,2,490,39,0,2,7,24,11,99,8,16,40,3890,8,8,3,0,869,155,334,3,0,24,618,0,20,11,1,29,297,11,1,32,49,159,0,81,2,265,6,24,2,3,102,96,8,45,10,299,0,40,10,98,40,0,0,15,22,5,0,3222,190,0,1,212,30,20,180,0,2,21,0,33,18,35,23,61,4,4,71,0,1,0,0,35,0,70,101,32,3,0,70,373,11,231,0,318,26,197,17,6,38,0,101,11,14,23,135,10,35,8,155,56,13,0,17,8,15,1542,40,308,68,0,0,274,17,6,1,0,15,146,30,67,101,156,91,0,42,200,10,11,680,0,212,0,48,14,124,4,28,11,43,389,139,7,10,65,11,0,202,12,16,10,2,0,3,24,4,0,20,27,0,4092,0,194,24,15,96,177,5,14,0,11,1,19,35,0,2,10,91,6,7,0,21,6,1,17,8,59,0,41,21,1,0,10,29,198,0,149,0,48,94,0,0,2837,17,4,15,87,35,30,1,1,10,17,4,135,12,49,29,52,2,10,16,10,11,18,13,8,94,4,20,259,14,30,4,28,0,37,21,158,36,7,45,46,15,107,122,0,165,1,0,0,52,21,0,12,0,4,2,80,3,0,1,2,38,0,116
cell_427,225,15,0,6,19,39,6,40,14,2,3,13,35,16,0,33,20,6,0,23,38,76,10,0,39,8,24,247,46,31,6,34,78,36,5,0,4,22,375,1,29,167,134,0,0,4,71,174,150,26,58,3,0,10,7,3,0,4801,945,116,14,95,1,2,34,19,26,15,33,16,17,0,23,24,5,53,3,355,14,12,1,0,13,9,147,4,43,30,1,0,1,7,25,28,5,0,22,50,62,11,7,5,1,0,7,66,220,114,5,10,0,180,44,10,53,58,10,13,0,1,12,53,7,14,73,46,5,0,16,5,33,53,15,32,12,50,132,85,0,142,285,26,6,157,19,490,4,76,26,3,0,1,133,60,23,5,11,0,15,16,15,122,8,22,0,73,12,92,5,849,6,21,569,0,93,6,36,1282,303,149,0,0,0,2,14,0,50,22,3,41,12,12,33,15,29,927,379,185,0,39,0,8,1,64,52,10,14,14,5,47,4,31,30,35,1,176,50,14,16,12,1,17,4,520,41,0,45,60,17,0,67,11,18,63,3768,13,11,9,7,941,166,189,5,0,0,621,17,29,8,0,40,184,1,0,37,50,147,0,208,18,139,15,22,31,0,64,81,34,71,48,223,0,34,57,113,37,53,0,25,2,11,13,3169,166,2,18,365,10,0,208,23,11,18,0,20,22,23,1,71,6,0,98,29,10,0,0,26,43,43,26,62,1,1,67,342,88,193,76,220,26,67,24,31,45,2,57,6,5,7,145,7,12,4,134,24,46,1,19,6,6,1527,56,278,17,79,10,267,67,7,3,0,19,80,28,73,72,71,80,15,30,130,2,5,202,45,207,0,198,25,43,3,16,2,32,409,6,5,5,134,9,19,90,3,13,26,2,0,0,53,32,0,7,31,0,4488,28,187,14,9,85,181,13,12,33,12,12,24,80,13,1,33,29,4,4,0,34,23,30,63,20,11,1,54,12,14,6,28,21,112,1,101,6,52,247,12,1,3130,13,1,18,92,57,10,14,2,11,11,0,128,33,28,37,114,92,1,7,6,29,126,89,7,150,0,2,174,28,45,28,21,7,46,15,146,9,25,11,41,17,175,123,14,176,4,0,0,123,22,0,12,0,1,3,93,38,7,1,2,90,0,4
cell_428,0,56,17,0,34,75,10,12,4,0,15,16,35,4,0,25,38,7,3,203,5,61,3,0,1,65,0,181,50,0,10,2,74,140,0,1,32,25,365,1,13,270,108,0,1,3,11,167,72,30,65,74,0,5,27,12,73,5295,870,65,16,58,2,21,0,24,33,28,20,6,9,0,9,12,53,14,11,323,19,1,1,1,32,9,156,0,4,30,5,0,0,3,68,15,0,2,11,32,8,3,2,0,9,2,0,85,172,117,18,124,5,261,38,84,68,8,17,48,0,1,2,43,3,16,218,43,5,0,41,4,21,74,2,29,48,37,132,10,57,30,293,9,18,0,19,470,10,69,6,0,3,2,23,96,59,17,20,15,43,19,2,112,6,14,1,232,33,47,5,884,7,17,556,6,122,70,16,1254,0,169,1,3,0,6,15,12,27,18,0,23,7,8,28,21,20,899,175,35,26,52,10,20,3,8,54,37,12,24,41,83,12,1,16,10,39,120,27,18,0,8,2,19,0,565,35,1,3,57,6,97,37,0,13,47,3649,5,21,26,0,822,160,86,7,0,27,598,24,23,1,17,41,271,1,5,26,0,25,1,83,17,196,5,4,2,252,79,0,2,75,1,107,23,15,0,89,39,67,0,18,0,21,7,3120,218,14,49,0,30,13,210,37,14,19,0,32,40,51,7,42,23,11,35,1,13,0,1,39,37,71,93,275,1,0,138,366,58,178,4,195,34,172,9,14,46,5,149,4,0,22,150,3,43,3,172,75,60,0,22,1,11,1396,52,174,65,0,2,6,66,3,6,0,76,157,40,107,12,49,48,26,5,244,7,0,552,90,195,0,170,16,2,0,30,0,38,108,0,23,12,101,3,33,28,29,11,8,102,6,3,19,20,11,62,11,14,4289,44,197,16,8,101,168,1,13,13,14,3,4,0,2,11,5,18,0,0,0,17,4,16,71,32,16,2,30,5,1,3,43,20,441,1,91,45,57,262,3,8,3045,13,13,20,8,6,7,7,12,21,6,57,133,29,95,34,17,15,4,7,5,112,220,44,4,136,0,161,175,8,57,3,0,5,81,10,130,8,1,128,36,24,167,37,48,126,1,5,2,132,26,0,26,4,6,1,30,15,8,0,42,70,0,0
cell_429,1,10,1,4,15,80,11,32,4,8,25,12,25,4,2,63,6,4,0,18,32,97,10,0,70,31,13,4,16,47,4,49,73,5,1,2,89,33,317,3,15,264,0,1,6,2,57,173,109,27,72,27,6,4,45,3,1,6308,906,14,3,58,2,2,27,56,20,15,13,3,31,4,7,38,25,39,6,0,20,6,2,0,23,12,196,0,41,23,2,0,0,21,93,92,0,5,17,37,33,11,0,10,147,1,5,73,195,115,28,133,5,121,41,15,52,24,26,22,0,0,0,22,2,17,314,53,4,11,13,11,9,29,33,37,25,15,160,12,23,0,311,5,3,448,0,239,6,37,36,1,0,0,148,102,25,26,8,22,19,16,0,129,9,20,0,352,23,38,2,684,13,18,547,12,109,53,20,1239,81,172,8,14,55,10,27,10,27,25,10,28,13,6,22,76,18,967,102,45,25,51,0,8,0,3,59,141,27,21,10,48,55,47,41,10,143,179,19,46,16,5,5,11,1,513,30,11,56,27,30,3,16,8,53,46,3339,9,22,1,0,809,146,296,1,0,32,789,12,38,0,2,25,170,0,6,21,32,44,0,215,45,206,9,16,0,303,50,85,0,74,59,270,2,25,0,106,28,28,15,11,31,28,92,3143,221,3,9,27,22,0,195,8,3,14,0,9,32,50,14,68,15,4,91,11,40,0,15,17,0,54,32,80,2,0,53,355,50,239,4,182,33,32,11,37,50,11,130,5,6,0,126,12,6,6,161,41,28,5,0,2,10,1403,52,310,75,3,0,195,24,7,0,27,50,140,36,33,101,0,94,2,34,215,8,6,1527,0,217,2,5,11,0,1,40,5,32,317,94,0,8,408,8,82,94,4,12,9,161,0,0,61,17,0,12,30,13,4426,13,206,19,22,103,148,10,13,0,6,3,45,108,0,0,29,8,0,0,0,30,7,3,35,6,40,1,73,3,0,5,24,10,659,2,73,0,25,169,2,0,3466,25,4,5,18,17,30,25,4,23,11,7,123,6,28,34,143,29,6,14,8,14,104,28,3,108,5,144,224,7,4,53,152,0,22,15,117,57,19,4,13,6,173,96,0,210,9,5,1,83,16,1,12,1,0,21,99,21,0,0,16,22,0,88
cell_430,11,6,0,7,30,200,5,11,3,1,31,23,5,3,0,14,19,5,0,14,15,49,7,1,35,34,52,84,64,4,2,0,0,35,0,0,34,16,300,6,1,276,110,0,14,10,52,185,144,32,89,47,12,5,6,3,15,6185,843,74,6,103,13,1,26,44,24,34,25,8,26,0,73,31,24,55,9,362,24,6,12,0,25,3,171,3,19,36,1,0,3,5,88,47,13,1,3,49,118,2,4,6,37,4,13,72,131,112,6,11,0,61,46,0,30,40,13,44,0,2,0,28,3,21,253,4,5,0,4,29,17,12,16,19,9,0,91,6,2,13,301,45,3,143,0,85,2,65,77,3,1,25,62,74,0,22,31,4,9,19,9,17,29,26,2,2,7,147,2,872,15,13,631,6,63,2,28,1213,3,117,0,10,5,14,33,51,56,7,9,25,14,10,28,15,26,922,438,215,18,24,1,9,0,2,65,394,6,20,10,62,175,14,34,52,15,58,11,26,0,31,6,10,0,600,39,0,36,69,25,1,80,19,73,55,3674,35,14,9,0,910,183,252,1,0,20,251,0,44,11,73,32,273,1,0,31,30,179,0,7,12,93,12,27,0,0,157,8,3,17,47,152,16,53,48,115,37,99,15,107,29,20,27,3046,143,0,22,338,32,0,131,0,8,19,0,35,13,14,12,71,8,6,74,17,5,0,12,49,0,66,35,118,5,0,77,117,71,178,66,279,19,27,2,34,25,4,100,18,0,16,160,7,43,3,154,96,19,0,31,2,1,1178,39,311,46,18,52,205,100,0,0,0,4,120,59,45,116,100,65,7,34,30,13,6,627,88,202,0,29,0,213,3,19,3,17,150,6,0,10,66,15,0,47,12,19,12,106,0,5,3,0,0,0,36,15,4453,25,184,6,22,111,155,11,12,3,9,5,37,104,15,0,50,34,6,23,0,21,21,12,39,9,7,2,20,23,2,3,12,0,686,0,88,9,62,188,0,0,3370,5,2,31,20,9,22,1,5,20,21,0,80,15,65,28,61,36,7,10,1,2,185,46,6,147,0,157,199,2,14,9,7,0,60,19,120,25,6,25,5,23,156,100,45,69,6,1,0,144,14,0,16,3,15,0,20,32,1,16,4,30,1,15
cell_431,6,17,3,12,24,140,11,41,6,21,17,7,29,11,0,9,33,4,0,66,25,16,4,9,89,16,61,85,25,4,2,0,52,6,12,0,4,90,298,0,2,268,0,0,27,5,64,218,183,24,82,47,0,2,9,5,23,7967,797,50,17,25,10,2,48,27,26,37,6,4,7,0,17,20,3,11,4,323,28,7,6,0,16,1,174,0,42,27,9,0,0,3,40,57,4,0,8,16,24,5,0,5,16,1,3,61,243,135,7,14,6,50,40,28,37,0,39,22,0,5,0,48,4,16,321,20,5,0,29,16,3,15,103,25,38,93,138,119,0,3,379,36,9,1440,2,55,7,46,53,0,0,0,155,21,0,9,46,28,1,14,19,128,10,24,9,120,22,31,4,832,8,8,804,1,41,27,10,1163,28,156,12,11,16,10,6,10,19,26,5,7,17,1,28,0,23,880,415,246,30,62,19,13,5,2,44,12,8,16,23,31,24,52,33,0,17,161,6,31,12,17,2,10,1,467,44,1,7,52,38,13,25,10,11,70,3398,18,6,5,0,832,169,109,0,3,24,0,0,42,3,6,32,154,0,0,26,1,180,1,92,10,160,5,19,0,146,215,50,0,60,100,231,22,22,0,84,35,18,0,17,11,19,7,3098,164,2,18,72,14,2,185,14,0,18,9,3,20,7,6,81,3,2,67,25,18,1,1,2,2,51,109,66,1,0,87,286,19,191,79,303,33,33,12,72,25,3,48,21,3,2,151,6,1,11,130,65,12,1,11,3,13,1099,46,209,79,0,1,188,73,1,7,0,56,135,7,79,30,31,42,39,35,126,16,1,1262,44,236,0,46,2,207,1,4,8,31,397,0,5,10,342,3,69,51,4,13,30,2,0,1,51,19,0,27,16,45,4572,33,231,11,4,93,177,23,20,40,9,5,16,105,5,1,112,35,78,1,0,7,27,4,49,21,28,4,45,0,3,11,8,26,677,4,68,5,51,100,0,0,3649,2,3,13,79,33,31,17,7,12,4,13,83,10,47,29,135,55,10,9,6,56,156,69,24,131,1,23,162,12,3,23,4,0,63,1,97,6,2,0,108,9,156,101,8,112,5,0,1,92,10,5,6,10,0,0,17,12,0,3,2,137,0,126
cell_432,0,94,0,5,38,248,14,41,2,14,13,3,29,11,1,52,41,9,8,4,24,56,4,0,29,81,44,79,21,3,19,22,68,13,0,8,44,8,327,9,0,108,48,1,6,3,73,167,108,23,63,21,0,6,32,2,3,7262,812,99,4,39,6,16,4,11,5,29,16,6,19,0,20,20,18,46,15,334,3,0,8,0,16,4,133,1,6,35,10,0,0,26,52,54,5,1,17,27,14,38,4,0,17,2,4,84,238,145,24,92,8,26,49,3,50,9,7,6,0,8,15,75,7,10,293,37,6,1204,18,12,0,19,31,25,32,10,95,92,2,77,319,31,20,1186,7,369,3,81,49,0,0,0,114,34,29,28,6,25,44,16,23,153,6,23,0,13,13,17,6,895,12,16,637,2,9,138,21,1182,33,140,7,1,0,1,28,4,5,23,13,37,12,5,21,10,21,646,50,202,5,38,13,22,15,28,56,69,16,28,18,63,73,32,38,17,37,1,22,20,0,41,0,13,1,578,37,25,45,77,16,1,26,16,7,76,3819,14,12,12,0,882,147,315,9,0,8,348,18,20,12,0,27,234,0,0,27,35,13,2,146,8,153,3,11,0,243,118,0,2,32,56,200,16,29,0,106,44,73,50,15,43,3,1,2985,192,16,19,349,1,0,160,3,12,15,0,38,43,34,8,47,6,1,50,6,16,2,0,56,0,92,48,82,8,0,78,266,62,204,26,235,37,145,4,6,34,0,167,1,3,29,117,5,13,10,144,10,11,0,0,15,25,1050,69,305,84,0,0,201,67,10,10,0,17,129,69,116,39,76,90,37,38,117,8,6,983,3,192,0,168,20,165,3,11,1,19,253,34,0,18,47,4,33,24,29,12,5,93,0,0,38,13,0,7,25,25,4136,9,204,10,13,97,142,8,3,107,16,13,8,35,6,2,47,24,0,1,43,22,17,78,65,15,49,0,50,5,1,9,41,1,473,0,99,14,24,98,0,0,3300,11,8,38,19,16,30,7,2,5,17,1,90,11,22,24,159,11,2,17,4,2,50,33,21,99,0,132,192,3,24,0,27,2,61,10,102,37,8,29,133,30,154,62,81,67,7,4,0,119,7,0,10,0,1,5,82,1,7,2,29,86,0,46
cell_433,0,16,5,0,42,101,10,4,0,8,32,0,61,9,0,30,30,17,0,0,22,113,2,0,4,25,5,10,16,7,3,15,28,0,0,1,18,186,766,0,1,245,11,3,7,11,44,228,90,83,70,15,0,20,30,5,12,2721,1995,92,3,123,18,4,68,16,26,56,18,0,9,3,47,98,52,16,26,938,18,1,6,2,21,0,237,6,36,17,1,0,0,20,265,56,3,7,14,151,29,5,1,6,22,13,6,111,213,208,6,57,3,66,30,4,43,31,24,108,0,5,0,79,3,35,369,3,13,0,50,45,0,19,44,10,45,41,189,32,7,3,233,63,2,0,23,669,7,44,20,0,0,1,81,33,4,3,33,60,27,25,40,123,36,9,0,132,10,18,11,590,22,18,625,2,99,2,42,866,25,86,2,22,0,21,28,2,39,44,16,21,52,17,42,3,42,145,260,67,81,51,2,16,5,5,80,151,37,11,2,27,40,17,32,20,14,139,2,18,7,11,7,5,15,410,65,4,17,16,3,4,31,3,30,59,4357,67,17,10,0,891,157,73,0,2,12,64,0,46,12,4,83,210,2,0,192,35,81,6,60,2,169,15,22,18,115,48,77,1,30,40,278,2,45,91,76,64,13,104,10,1,11,1,3005,310,1,24,595,4,17,143,0,12,16,0,24,28,22,24,14,2,6,37,39,15,0,0,4,3,63,44,147,16,0,94,250,54,251,88,402,73,80,1,24,117,13,7,22,0,13,132,16,2,3,124,72,36,0,53,0,6,651,35,125,8,23,11,111,81,16,9,0,0,74,49,41,47,9,94,96,88,161,16,0,2002,42,84,0,68,5,91,0,18,0,11,170,0,2,5,192,11,33,39,42,11,14,57,2,36,27,4,0,10,27,2,2772,55,149,10,34,88,240,10,16,0,38,5,1,3,42,2,10,3,44,3,0,9,16,1,66,13,18,0,19,17,12,1,23,45,642,0,35,20,28,132,0,2,1344,9,3,18,5,7,7,0,3,24,0,16,208,5,23,43,25,72,1,18,0,12,79,25,25,223,0,295,188,6,16,45,108,1,50,15,134,0,4,10,29,28,133,111,128,177,5,0,0,48,13,1,16,3,2,1,54,49,1,10,60,33,0,3
cell_434,25,62,27,0,18,105,2,18,12,4,24,4,4,3,0,126,18,7,0,79,23,101,3,5,50,31,2,106,7,17,5,57,10,45,0,11,57,3,293,1,16,257,145,1,7,1,78,164,189,30,79,49,0,12,20,0,145,6901,954,37,19,16,7,4,2,40,8,30,18,11,19,1,21,10,40,29,31,73,24,5,5,0,27,13,176,0,45,26,4,0,0,6,50,9,4,0,9,79,18,1,1,12,14,1,0,40,251,26,2,26,0,207,42,26,34,0,23,15,0,0,2,0,4,20,128,4,3,0,33,40,11,53,67,40,30,97,168,11,12,48,303,30,0,0,13,301,1,42,15,0,0,1,34,1,0,11,15,6,50,15,14,152,3,12,5,274,39,16,2,829,10,12,455,0,68,60,11,1753,11,203,1,10,80,17,16,9,38,29,14,41,16,3,27,1,18,655,350,64,20,53,25,10,43,30,55,51,4,11,10,85,41,26,33,5,14,195,20,17,14,42,2,10,6,390,47,4,0,280,13,27,60,43,12,60,3421,53,20,5,0,863,160,254,1,2,24,534,17,22,0,7,33,246,2,0,30,22,121,2,79,5,213,5,15,0,21,48,5,14,81,49,190,0,25,49,50,35,29,34,14,1,20,0,2934,230,3,15,3,37,3,97,3,5,24,2,23,19,39,18,86,10,13,86,47,72,1,0,45,20,7,103,353,0,0,212,264,40,170,18,198,35,69,3,53,42,1,13,25,1,8,132,19,26,1,177,84,47,0,20,0,3,1457,38,135,112,4,1,226,95,4,3,0,24,149,58,97,91,52,104,12,33,179,16,0,1440,62,205,0,95,5,186,4,28,0,15,371,0,0,0,320,5,77,76,1,7,20,25,0,0,23,0,0,22,23,0,4212,29,186,11,13,99,159,9,13,74,7,0,49,84,8,11,45,46,0,2,5,4,9,10,82,15,25,0,35,2,3,13,22,11,674,0,76,6,43,291,6,0,3247,17,0,3,28,24,3,38,12,4,3,5,105,10,72,26,150,36,11,14,4,16,206,137,16,99,0,131,184,11,4,39,0,3,48,16,81,10,21,3,8,10,178,93,99,124,1,0,4,88,14,4,17,6,0,0,21,2,21,0,23,46,0,26
cell_435,0,14,12,0,24,342,0,47,9,16,13,7,20,10,0,0,29,13,0,8,20,86,3,0,52,4,19,67,21,20,8,1,71,47,0,0,56,22,333,4,2,271,140,0,4,0,67,175,203,28,80,24,0,3,4,1,14,6225,853,75,11,80,6,10,28,109,38,39,3,2,24,5,35,22,15,48,28,277,2,2,4,0,22,0,179,0,36,32,3,24,0,9,79,37,5,4,38,8,19,33,0,13,26,2,5,60,219,139,18,130,2,153,38,35,39,5,4,12,0,5,2,31,21,19,149,19,3,0,37,5,10,13,129,3,15,14,156,122,6,0,324,34,13,762,5,330,0,41,34,0,0,1,134,8,0,29,5,13,49,19,3,143,2,14,0,150,8,29,1,828,8,16,573,0,63,136,23,1345,1,164,6,5,1,10,11,15,30,18,7,48,9,6,14,75,14,834,192,256,12,29,8,20,4,17,69,68,25,8,39,77,4,21,33,34,108,128,12,12,1,22,0,4,3,535,34,6,1,35,13,6,37,0,6,47,3336,31,9,7,0,835,174,272,2,0,18,261,3,35,5,13,51,202,0,2,33,26,119,0,131,24,137,4,6,0,72,51,72,13,47,73,246,2,14,4,116,32,135,0,7,32,11,0,3114,233,11,11,185,20,0,196,1,24,24,93,99,48,37,8,55,21,1,66,17,74,0,0,15,17,63,76,294,1,0,165,357,24,144,16,190,30,6,9,14,55,9,123,1,1,29,137,9,23,5,116,65,47,2,0,8,12,1242,54,332,82,0,3,229,73,32,2,0,31,164,33,93,63,16,35,31,43,197,4,3,1447,0,213,0,169,3,170,13,21,2,17,360,0,1,7,341,5,54,152,29,10,21,44,0,1,38,8,0,31,47,1,4179,14,192,16,20,147,198,14,6,14,9,4,48,27,1,6,0,21,0,10,50,23,13,25,115,23,28,0,29,22,2,6,12,3,604,0,124,20,50,166,0,0,3339,13,4,24,40,62,37,2,4,10,19,0,61,12,35,32,179,44,5,14,5,22,227,9,2,90,3,161,194,17,28,0,49,2,38,16,124,23,28,0,25,24,126,92,2,179,6,0,0,107,33,0,12,2,0,0,20,6,19,0,25,111,0,66
cell_436,0,5,15,0,26,256,2,37,0,8,20,2,27,9,0,75,33,9,0,97,28,100,2,1,16,82,57,177,1,21,3,61,11,69,0,19,41,23,132,0,23,114,94,1,7,3,15,184,181,22,70,79,41,4,4,8,31,6913,881,32,9,15,8,14,26,9,22,52,9,11,35,0,65,39,6,20,26,119,29,0,1,0,26,1,147,6,30,27,4,0,0,4,64,39,3,8,25,33,14,4,0,0,10,3,1,78,171,93,31,111,14,223,54,0,55,12,19,20,0,7,35,51,17,18,209,12,8,1393,13,18,20,45,34,35,121,129,121,95,16,130,327,0,20,104,12,369,13,92,35,0,0,0,141,1,0,14,8,17,26,11,13,125,0,15,3,84,10,99,0,895,1,18,602,0,27,34,30,1201,146,181,7,12,39,16,2,6,14,21,0,34,20,7,28,18,12,598,249,94,10,28,7,21,12,10,47,65,4,13,28,59,22,27,29,3,21,118,77,7,8,20,0,5,2,399,41,15,37,110,22,30,115,7,20,58,3683,36,23,18,1,877,185,195,3,13,12,21,5,31,11,27,23,292,1,3,26,5,18,5,122,6,172,7,23,0,272,116,68,2,58,46,264,6,37,60,108,57,57,56,34,3,30,2,3027,188,4,36,163,6,35,68,1,2,20,0,14,14,29,8,35,11,5,75,12,102,8,0,10,32,101,22,213,0,0,220,343,12,220,27,333,32,116,11,91,16,12,62,0,6,18,132,2,18,3,150,84,37,5,3,0,8,1181,39,222,87,28,1,107,90,8,9,3,19,136,14,61,13,84,114,25,13,149,6,0,433,35,227,0,172,19,91,0,12,0,50,432,121,10,6,371,13,1,22,10,10,21,5,0,9,63,19,0,44,14,0,4352,16,208,7,19,99,177,12,20,95,16,5,17,19,11,0,0,5,26,1,0,44,4,0,79,20,38,1,44,1,6,14,91,0,160,1,70,32,51,224,5,6,3529,2,2,10,33,10,21,3,14,11,6,0,30,15,88,35,28,91,12,17,1,57,109,26,8,145,0,144,162,8,5,1,1,6,50,10,126,0,45,38,4,20,145,114,20,194,10,1,0,134,5,9,1,1,0,0,31,14,21,0,41,26,0,12
cell_437,0,23,52,4,23,160,4,15,2,12,9,1,31,10,0,54,37,4,0,0,29,36,3,0,19,144,65,94,71,18,10,0,35,10,1,7,81,25,293,13,14,135,66,0,2,8,31,155,77,25,79,105,0,8,1,2,0,6078,957,30,7,32,2,7,0,42,19,52,27,3,46,4,9,33,14,27,21,332,7,5,3,0,29,5,161,0,44,28,2,0,0,13,60,55,1,2,42,21,35,33,8,10,24,5,2,62,266,122,55,93,2,83,42,52,57,62,13,15,1,12,1,96,2,9,237,6,16,5,44,5,1,59,125,9,3,64,139,76,0,3,328,22,5,766,1,272,18,93,29,0,7,0,86,99,1,42,2,14,24,25,2,155,5,10,0,314,14,44,3,872,17,14,512,0,89,0,24,1269,23,63,5,14,7,11,8,30,7,35,7,52,21,3,40,6,21,498,151,89,0,45,15,17,20,17,59,62,10,16,40,55,53,27,28,1,106,167,8,21,20,16,7,20,1,540,37,4,97,49,20,35,27,13,18,70,3313,34,12,5,0,896,163,240,10,1,36,682,10,25,4,0,33,317,0,0,31,0,205,5,99,0,129,9,23,0,249,225,6,4,16,43,262,11,35,61,108,30,45,0,8,49,19,3,2964,148,8,15,590,7,0,173,2,5,22,4,29,21,19,20,15,8,3,26,1,10,7,3,9,30,59,80,285,3,0,33,412,23,208,43,309,29,48,4,40,34,11,51,9,1,7,131,16,4,0,154,64,42,0,1,4,13,1084,51,337,90,2,10,56,31,31,10,4,0,144,77,65,19,64,17,1,35,214,1,7,1549,0,200,0,166,0,0,18,29,2,26,338,19,0,11,278,3,0,18,2,10,17,16,0,7,44,9,0,7,19,45,4188,5,193,25,7,126,171,3,7,0,19,2,41,1,18,2,73,51,1,0,1,1,9,7,84,30,21,1,77,7,3,12,25,4,629,0,79,30,34,236,3,0,3518,13,4,19,27,81,9,5,5,5,9,0,49,21,77,44,193,38,7,14,0,57,238,39,30,54,0,160,181,15,10,9,61,6,62,10,88,18,29,87,132,22,162,93,7,166,13,0,0,90,0,2,16,6,0,1,27,4,0,0,12,91,0,19
cell_438,0,14,0,7,42,4,1,31,5,31,33,1,34,12,0,124,16,5,0,0,17,114,15,0,7,62,62,5,24,31,3,5,50,14,0,4,4,27,243,0,0,228,0,2,1,0,10,175,61,29,88,59,2,2,0,2,15,7945,865,67,12,13,0,1,30,19,26,63,25,2,6,9,9,66,17,40,20,257,29,3,2,0,16,0,163,27,44,28,1,0,0,2,57,94,7,4,5,73,12,1,0,5,38,11,4,62,83,154,32,40,2,210,51,64,34,12,15,23,0,2,0,19,7,16,173,26,13,0,22,3,18,11,105,40,32,141,153,101,0,0,218,19,4,19,4,385,8,66,7,0,0,1,135,26,12,15,12,32,15,18,3,78,7,20,0,49,22,104,13,817,14,16,639,5,127,5,37,1213,31,143,1,15,0,5,5,21,22,24,1,50,10,10,27,33,38,679,330,14,19,49,0,9,0,14,29,190,8,24,42,72,54,31,29,80,73,195,18,17,3,10,12,8,4,253,44,14,2,58,19,0,10,10,41,56,3929,10,18,1,0,914,185,244,13,0,31,30,0,31,0,0,39,157,0,0,24,8,28,0,42,15,177,8,25,0,194,72,1,8,53,72,260,5,25,0,89,33,29,0,12,1,3,21,3207,244,3,4,1,0,0,191,1,5,16,0,68,15,8,3,63,13,6,88,2,49,19,1,0,56,78,71,56,17,0,136,402,54,205,53,195,30,116,2,99,43,3,60,17,2,2,137,3,0,1,113,14,27,4,15,2,1,1266,67,289,48,0,0,171,66,1,12,0,11,121,113,16,55,0,91,11,37,150,15,17,1164,0,215,0,35,2,2,1,16,0,23,419,39,0,8,240,7,1,61,1,11,19,125,0,3,11,10,0,1,19,0,4160,6,224,15,22,115,213,23,6,13,17,4,41,90,7,0,79,39,25,0,0,12,0,35,32,31,98,2,34,2,7,27,86,3,732,0,95,32,5,206,0,0,3262,17,13,17,15,52,26,12,2,29,0,3,72,5,9,33,63,48,5,18,2,71,145,74,0,145,4,53,277,3,3,32,26,0,54,14,134,4,12,0,41,22,174,117,0,208,8,0,0,112,0,2,26,0,6,2,12,44,3,0,27,109,0,0
cell_439,0,21,5,0,29,128,15,56,5,20,5,4,33,20,0,23,31,16,0,0,22,42,1,0,10,40,75,32,1,18,16,0,14,78,0,2,45,13,299,1,2,270,2,2,14,0,31,197,130,18,63,18,0,8,18,0,28,7426,830,112,12,41,7,7,0,42,21,48,19,8,6,0,8,5,64,52,15,142,25,10,2,0,13,0,142,1,16,26,2,0,0,2,74,54,4,2,6,72,19,23,2,3,35,2,0,99,209,114,26,113,2,128,52,72,58,57,10,13,0,4,0,43,26,11,142,14,0,0,29,2,6,50,56,29,40,22,147,176,14,4,367,10,1,7,24,267,10,74,51,0,0,0,134,9,125,34,2,43,28,24,4,141,7,4,10,281,14,57,17,847,11,8,671,0,167,117,31,1267,56,133,1,12,0,15,4,14,22,27,2,45,26,4,29,9,39,721,97,236,2,79,54,7,27,23,50,32,0,11,30,67,10,44,34,67,55,65,17,3,2,13,11,20,4,524,41,6,4,66,14,2,113,5,28,64,3470,21,11,22,0,832,173,176,5,0,30,566,1,41,8,1,33,272,0,0,39,40,15,2,92,0,214,24,24,2,144,35,15,24,79,38,331,0,16,57,111,33,29,0,18,17,3,7,2943,160,3,0,143,4,2,191,5,29,7,0,19,46,45,6,48,9,3,51,29,56,6,0,33,37,75,66,96,2,1,161,364,44,194,26,83,33,141,22,36,46,5,90,35,5,36,135,8,83,2,119,79,34,0,3,3,18,1230,60,321,73,65,0,81,41,12,10,0,5,177,134,92,93,31,28,24,29,235,17,1,1258,0,184,0,159,18,9,6,26,0,20,321,0,6,15,423,2,4,3,45,3,18,22,0,0,35,12,0,9,30,0,4175,20,214,10,23,124,177,10,5,5,11,3,61,74,0,5,27,33,71,7,0,0,48,0,100,11,58,0,68,3,4,0,30,37,500,1,96,31,36,250,0,0,3473,20,2,12,79,35,18,2,2,5,9,0,119,11,54,46,137,30,11,4,1,106,79,32,20,120,0,164,258,14,4,19,30,2,59,7,92,13,8,1,0,10,148,75,1,177,6,2,1,92,29,1,20,1,1,0,67,69,31,3,31,62,0,126
cell_440,0,5,0,9,26,102,2,45,9,27,38,0,19,24,0,44,36,0,0,97,27,81,14,0,54,0,3,68,0,7,4,0,90,130,0,17,44,20,282,9,0,221,0,0,3,13,64,177,66,20,88,237,0,4,0,1,24,7815,851,11,18,87,0,6,46,10,26,57,6,13,43,2,97,51,7,27,9,357,23,2,3,0,25,0,145,2,45,27,4,8,0,5,56,61,6,3,27,1,183,22,1,1,105,1,2,60,179,134,28,101,8,35,56,6,67,2,21,23,1,7,16,59,0,14,291,11,4,0,51,9,0,54,110,20,54,68,120,198,0,30,344,10,9,2226,2,44,9,103,32,0,0,0,86,15,0,47,97,13,20,19,7,69,3,9,0,190,14,21,35,455,34,19,739,0,92,221,19,1144,343,38,7,14,168,5,30,37,3,34,2,24,23,19,30,2,29,638,333,106,156,21,13,13,18,0,39,136,15,23,6,63,76,33,58,1,12,191,7,38,45,12,0,7,2,495,31,5,12,10,36,0,21,27,10,33,3983,89,1,5,0,893,147,79,13,0,59,2,20,32,10,24,27,216,0,0,37,5,21,0,21,10,237,16,17,0,248,115,66,1,11,94,252,0,43,13,73,31,48,0,11,121,28,12,3137,241,5,8,287,19,0,169,0,1,23,0,24,34,17,8,58,14,2,64,10,91,16,4,11,0,68,89,328,0,1,188,316,76,190,2,356,30,18,5,115,32,4,130,20,3,20,128,0,6,6,131,73,67,0,3,1,2,1107,49,280,100,0,19,249,106,34,7,0,14,129,56,98,2,118,76,31,31,151,0,0,1213,88,249,0,183,7,47,4,11,0,0,458,1,10,9,381,10,35,111,13,10,23,0,0,2,37,4,0,46,9,0,4016,20,193,20,19,87,194,15,10,80,8,2,35,34,65,5,0,21,84,1,11,3,23,1,61,21,11,2,46,0,9,31,2,10,686,0,83,20,6,77,1,3,3118,33,2,40,17,15,15,51,7,16,25,0,101,6,78,29,214,33,14,17,0,39,198,60,15,73,0,157,286,17,18,0,0,1,81,4,138,14,23,0,13,5,153,90,0,101,8,2,0,105,12,10,8,6,0,7,10,3,4,0,50,94,0,62
cell_441,170,50,15,0,24,41,0,35,4,28,11,7,21,0,0,37,17,7,0,27,26,130,9,2,48,91,18,132,64,11,11,26,40,22,0,0,22,7,265,11,17,223,40,0,7,5,65,188,174,28,73,4,0,5,1,0,2,5447,861,58,8,25,10,2,59,12,31,25,32,4,32,6,4,18,10,46,1,321,26,4,6,0,33,13,142,0,17,27,4,0,0,16,62,70,2,1,54,82,105,9,0,7,11,1,0,63,250,146,1,72,2,205,44,0,48,10,21,12,1,3,0,12,25,25,96,8,5,1,21,15,14,12,23,29,45,18,127,18,5,90,311,5,13,143,3,282,1,17,65,2,0,10,63,8,46,30,4,4,26,24,37,73,29,16,6,88,6,108,15,859,0,10,562,0,31,29,30,1186,25,153,3,10,27,9,38,7,6,27,6,26,16,8,26,24,43,775,430,252,19,51,24,26,2,32,46,4,4,23,25,89,7,38,32,34,96,193,13,11,40,21,4,11,1,401,46,1,0,81,37,23,12,12,1,74,3600,44,10,2,0,946,184,347,2,13,7,77,7,22,10,0,28,277,3,3,28,37,150,0,17,2,143,4,23,0,0,129,3,56,72,77,193,6,33,56,90,39,112,0,11,32,30,0,3040,211,1,11,207,34,0,179,11,15,21,1,0,38,29,6,59,4,1,54,25,22,0,6,47,9,53,58,145,4,0,125,273,26,202,43,376,27,25,3,48,30,2,116,30,0,3,108,5,2,10,172,50,15,0,5,11,1,1213,40,324,88,15,1,84,102,27,2,1,14,132,54,72,45,156,114,9,10,239,7,1,1451,11,191,0,34,12,168,4,34,12,21,114,0,3,18,323,5,12,248,7,4,36,1,0,0,17,9,0,9,35,44,4319,46,204,22,19,30,161,1,5,236,17,6,16,0,0,1,0,23,5,11,3,27,31,2,44,18,32,2,46,0,5,10,0,3,404,0,87,0,44,178,20,1,3125,28,0,24,18,51,15,2,6,2,10,0,72,28,53,33,163,15,21,19,0,6,147,42,0,75,1,81,252,26,15,8,61,0,45,14,108,20,37,1,83,9,113,81,56,151,1,0,1,75,51,0,2,2,6,0,15,18,19,6,11,116,1,262
cell_442,1,23,17,0,22,34,20,43,5,0,13,0,12,15,0,190,13,7,0,10,16,102,5,0,14,0,35,52,61,16,13,41,89,18,0,12,108,41,322,0,4,324,5,0,7,0,48,204,144,35,69,45,0,6,0,0,31,7745,783,105,5,30,11,20,52,28,17,68,10,0,13,10,27,86,46,43,36,262,3,12,3,0,33,1,178,0,20,26,0,4,0,12,70,53,4,8,10,92,30,2,0,6,48,4,1,15,228,120,5,110,1,156,40,56,39,11,10,17,0,6,0,21,16,21,172,0,0,0,24,22,35,62,84,33,30,127,161,121,2,0,395,21,21,0,13,149,1,93,36,0,0,1,145,5,1,23,32,1,37,11,2,15,6,12,0,101,15,116,11,875,11,16,633,0,77,268,26,1284,0,185,0,4,59,4,6,9,49,27,2,51,15,8,25,16,5,751,259,213,38,60,6,22,0,0,50,67,18,23,7,44,1,26,47,81,13,141,18,20,3,17,6,8,3,470,42,26,99,70,24,0,14,1,17,61,3349,17,17,5,6,839,144,234,0,0,19,521,21,29,4,0,33,220,1,0,29,51,0,0,84,0,193,14,26,0,1,29,0,6,20,50,307,1,23,0,129,25,0,0,4,15,8,8,3172,192,11,8,44,26,0,142,5,24,17,0,0,39,66,11,77,9,3,68,37,102,0,0,30,0,58,33,247,24,0,166,370,51,196,37,13,23,88,7,8,37,8,54,2,13,9,136,5,84,4,136,51,48,1,3,1,2,1419,51,80,91,57,0,244,93,20,4,0,8,117,137,25,87,35,26,39,19,205,11,13,1548,1,223,0,136,0,239,4,31,7,46,425,0,0,5,365,1,19,15,25,11,20,0,0,1,10,0,0,10,14,0,4177,3,210,19,20,87,176,15,3,166,18,15,43,106,8,0,4,6,11,9,0,7,11,5,101,2,24,2,24,0,2,6,30,9,687,3,99,3,37,232,1,0,3528,28,1,0,57,5,27,8,16,36,0,0,55,9,46,42,184,65,2,15,5,29,124,45,5,120,0,142,220,3,37,36,226,0,37,6,134,10,23,0,28,16,152,96,1,203,1,0,2,125,15,0,2,0,0,1,66,32,18,1,81,30,0,23
cell_443,17,6,5,0,32,317,4,36,2,4,14,0,29,1,0,7,34,15,3,129,2,117,2,0,1,11,0,90,3,11,8,0,63,7,0,1,39,26,311,0,13,266,117,0,4,0,58,179,145,22,65,73,5,0,91,6,4,6057,903,106,4,98,3,6,43,13,26,45,15,5,13,9,95,23,26,44,24,297,8,11,2,0,27,3,148,0,0,36,0,15,0,11,88,44,3,2,26,50,163,2,0,14,0,1,0,84,121,116,3,72,0,164,51,10,35,13,11,13,0,1,0,21,12,24,158,2,2,0,45,9,14,11,37,33,12,36,146,124,4,35,293,15,5,1,8,300,3,85,56,0,0,1,122,112,0,1,37,2,35,17,17,113,6,22,2,18,32,23,1,805,18,10,546,0,11,61,30,1355,93,177,5,1,0,10,23,9,46,32,7,12,6,9,21,59,23,813,369,205,154,64,2,14,20,30,32,152,28,24,28,56,7,17,7,44,12,185,23,0,4,3,2,14,3,496,31,1,4,78,23,32,101,17,0,50,3424,37,7,10,0,840,151,282,0,0,3,386,7,25,11,5,40,327,0,10,30,17,79,0,41,18,248,6,17,3,181,95,52,3,21,58,235,2,16,69,96,30,91,13,9,31,7,10,3067,189,0,0,0,23,35,184,29,2,24,115,0,34,48,20,59,7,2,69,39,72,6,26,45,50,5,90,38,3,0,179,333,61,126,1,37,31,136,11,43,42,1,56,4,3,12,132,3,120,7,150,25,27,0,0,3,7,1207,55,190,83,72,2,119,56,11,0,4,3,133,18,94,100,327,43,20,13,170,11,7,1416,77,183,0,39,5,234,2,26,0,19,82,0,13,7,406,14,35,73,11,8,26,10,1,0,43,9,0,23,14,0,4411,37,189,12,9,129,153,17,7,51,9,1,23,28,0,0,128,8,16,15,0,2,80,19,57,13,32,5,31,7,1,18,7,4,420,4,69,18,42,207,14,1,3081,26,2,0,21,8,25,27,4,17,6,31,106,72,90,31,104,4,18,11,3,4,237,71,10,168,4,151,216,18,16,10,3,0,49,15,132,0,11,69,108,7,133,75,0,118,3,0,1,117,34,0,19,0,0,2,76,0,22,0,32,80,13,39
cell_444,17,62,0,23,25,97,7,23,4,22,18,9,31,4,0,203,50,5,0,1,18,115,6,0,1,31,89,61,35,52,0,0,83,25,5,0,23,10,332,1,1,224,12,1,0,1,13,197,141,28,68,63,2,0,0,5,1,7849,887,110,10,75,1,4,12,32,5,65,20,2,24,11,32,25,11,42,34,229,24,0,5,0,28,0,136,0,25,36,0,0,0,16,66,30,2,7,18,38,59,8,4,16,1,2,1,89,251,137,34,52,3,167,45,10,57,16,13,19,0,2,2,44,7,25,232,11,23,0,41,12,15,49,126,35,23,87,136,56,0,93,168,21,4,73,0,424,3,56,28,0,0,0,128,50,0,17,23,12,18,18,3,119,6,26,0,82,3,32,9,833,28,26,623,3,89,109,12,892,7,169,0,12,1,6,10,11,13,21,11,10,11,11,12,30,45,751,431,189,13,52,24,20,0,41,51,67,0,17,17,76,42,39,46,2,77,182,21,7,7,8,2,4,1,571,43,0,3,81,19,24,28,13,28,68,3621,18,13,9,0,897,189,243,3,0,47,13,8,23,2,37,35,273,0,3,35,35,201,1,51,7,124,11,18,0,267,214,2,0,69,22,302,10,15,43,121,34,114,44,11,26,5,6,3112,211,1,10,71,22,22,186,31,6,16,0,17,31,33,7,53,20,2,75,30,34,0,7,4,0,50,73,30,3,5,86,379,30,158,42,280,29,123,8,35,53,2,48,1,1,7,140,1,6,1,152,30,41,8,0,7,7,1241,45,291,57,92,1,198,89,12,2,1,3,103,45,19,50,63,74,0,34,187,15,9,1209,0,207,0,101,3,56,0,26,12,52,411,0,2,11,401,16,51,64,0,7,16,137,0,3,26,15,0,31,18,43,4326,5,230,19,18,100,192,18,6,20,14,1,23,96,25,0,135,48,0,3,0,1,2,2,46,27,13,1,52,4,3,10,30,12,663,0,102,21,5,239,1,0,3257,2,7,4,29,43,26,5,3,10,10,8,125,20,31,37,108,5,5,19,0,47,243,21,7,150,0,38,227,16,18,25,5,0,67,3,32,28,4,1,80,23,136,99,4,177,4,2,0,102,41,2,25,1,0,0,44,54,2,0,38,109,0,140
cell_445,0,19,3,7,30,259,1,38,3,25,17,1,39,13,0,14,32,13,0,0,29,28,7,0,77,13,1,178,37,17,9,0,81,11,0,0,21,25,325,2,0,349,2,0,3,5,55,200,105,19,80,19,0,1,0,2,2,7362,897,68,8,70,15,6,0,14,34,39,8,4,21,7,38,34,2,15,39,390,24,3,5,5,18,3,164,0,18,22,9,0,0,4,11,65,9,5,9,27,23,3,2,3,65,8,0,64,224,68,62,94,1,176,47,19,48,2,20,20,0,10,0,84,4,22,240,25,1,0,42,0,0,5,127,24,33,87,138,50,0,12,353,36,3,576,4,106,19,77,42,0,0,0,139,30,21,20,6,13,28,19,6,155,9,22,1,119,8,25,12,808,18,10,619,0,38,63,21,1319,2,146,5,9,0,8,9,6,11,23,1,22,18,1,31,20,19,479,234,280,36,11,1,11,22,52,63,29,13,17,4,102,85,34,3,5,35,165,16,22,0,12,6,9,2,444,40,4,0,82,24,2,44,8,8,76,3684,4,8,19,0,921,135,148,0,2,27,8,18,35,5,4,33,167,0,0,40,5,123,0,162,2,103,12,12,0,21,27,77,4,44,30,267,2,57,53,90,35,51,0,33,65,30,10,2863,195,2,40,293,18,3,210,3,4,27,5,18,22,27,6,66,18,11,85,51,59,0,11,62,3,57,78,207,14,0,171,383,41,179,47,299,40,12,3,123,15,4,74,0,5,25,150,21,117,3,131,100,21,1,21,2,3,1241,63,347,75,19,15,152,53,19,12,0,4,124,122,79,46,94,37,93,30,190,9,2,1645,44,179,0,179,4,200,5,27,0,3,393,0,0,13,431,3,26,115,2,4,26,65,0,11,36,19,10,9,35,0,4339,29,213,17,13,124,176,0,11,12,10,4,12,0,5,0,3,43,0,2,4,51,20,0,95,26,72,0,59,0,4,8,16,7,592,0,82,4,54,227,2,0,3327,18,0,28,6,14,31,7,2,15,1,5,80,2,61,18,145,52,6,13,0,16,81,29,0,136,0,158,227,1,14,2,74,4,83,16,81,22,25,11,23,6,153,100,13,180,7,3,0,116,6,2,9,6,0,0,78,94,15,0,38,144,0,37
cell_446,0,5,3,10,24,63,17,15,0,5,9,12,30,24,0,58,8,3,0,41,22,50,8,1,28,68,40,17,15,6,2,0,26,13,0,0,81,80,258,0,0,298,3,1,0,0,50,166,144,26,76,127,0,4,15,7,49,6178,908,60,18,91,3,8,23,94,43,51,19,7,18,11,56,28,39,48,12,302,26,7,6,0,25,0,176,0,31,26,2,0,0,17,51,70,1,6,5,15,58,2,0,4,21,4,0,68,247,112,9,105,1,41,42,7,53,19,20,11,2,0,0,60,6,22,260,30,4,0,28,14,0,27,84,24,49,109,139,52,0,1,250,10,6,0,0,369,6,25,47,0,0,0,137,18,0,24,19,35,14,27,0,160,13,14,0,52,23,49,0,998,29,7,654,5,83,53,34,996,47,166,0,25,0,25,35,37,32,29,11,27,24,14,18,24,18,849,388,237,36,18,11,22,0,0,60,34,24,15,7,74,54,25,20,42,58,80,22,3,7,0,2,0,0,434,49,0,0,64,25,14,34,2,50,65,3242,60,12,3,0,851,150,312,7,0,34,148,62,29,1,20,45,84,0,0,26,11,205,0,11,29,102,4,22,1,324,49,0,13,73,90,289,4,48,23,98,38,58,1,66,22,18,6,3022,232,2,7,72,17,0,150,0,17,14,7,4,28,0,10,77,17,8,89,18,5,0,3,3,0,96,33,387,1,0,156,371,67,234,19,81,32,46,7,23,39,6,128,29,0,5,129,7,1,12,145,75,54,0,0,0,14,1352,60,276,54,0,5,83,102,2,1,0,30,146,53,62,4,56,113,21,32,128,9,0,1076,13,224,0,68,1,207,0,36,0,5,321,2,4,8,338,17,40,109,4,3,30,167,0,6,68,13,0,32,45,1,4046,97,224,8,22,111,175,14,24,0,10,4,25,0,0,0,8,19,0,0,0,47,12,0,95,26,34,1,56,0,7,18,6,17,580,11,112,3,19,236,0,0,3698,22,7,0,5,1,36,0,6,6,9,0,132,0,49,40,86,85,11,14,0,55,143,14,6,128,2,109,227,13,40,10,12,1,55,12,163,18,27,113,48,19,103,99,81,116,7,1,0,99,13,3,5,4,0,2,49,3,6,1,46,4,6,134
cell_447,0,71,0,14,22,183,7,31,5,5,16,5,27,2,0,30,37,16,0,131,18,32,5,0,34,1,4,204,65,7,8,6,1,89,0,32,54,16,292,2,0,302,39,0,10,1,89,155,134,25,91,20,0,8,0,11,0,7279,852,111,16,110,22,20,0,4,8,56,12,21,24,2,4,23,27,35,36,303,22,1,1,0,24,4,151,0,49,43,2,0,0,5,20,39,3,5,32,7,146,6,5,3,20,1,0,71,115,67,21,161,7,202,35,8,52,10,3,37,0,12,2,108,6,19,249,44,4,9,21,11,0,8,49,23,29,45,136,39,1,15,345,50,2,3060,4,257,5,85,24,0,0,0,128,13,0,8,21,2,32,16,0,111,2,7,0,181,10,74,24,790,29,12,619,1,47,114,8,1193,0,169,1,2,0,0,15,11,16,32,1,37,17,11,21,6,19,610,409,260,9,67,11,19,5,0,47,14,24,14,9,61,2,33,55,29,66,131,2,69,3,31,1,5,4,452,44,8,0,289,25,0,28,39,8,60,3440,13,7,25,0,866,162,246,9,3,10,0,64,36,4,1,3,243,1,0,25,36,144,4,97,20,208,11,26,0,29,95,23,10,13,29,231,2,19,51,49,39,36,43,44,58,9,2,2878,257,14,45,96,23,0,171,22,5,17,0,8,25,39,10,76,35,3,62,35,15,0,8,16,22,35,31,221,5,0,195,303,29,120,1,357,32,49,1,18,32,9,67,6,1,5,133,18,13,6,111,67,23,5,5,1,5,1209,56,315,73,73,0,95,97,18,3,0,1,150,33,107,23,56,69,21,14,210,9,0,631,60,194,0,188,9,3,0,25,0,25,188,5,0,6,315,8,55,20,7,14,19,2,2,4,20,0,0,14,25,59,4260,36,192,19,20,113,157,1,2,95,8,7,54,68,23,5,0,41,0,4,0,29,28,7,84,26,52,1,57,8,0,9,10,0,637,0,96,3,3,190,1,0,3285,28,17,1,16,7,25,49,1,1,19,11,82,19,81,26,153,17,1,15,0,4,267,62,11,118,1,165,167,20,32,3,6,7,62,17,39,32,29,10,87,11,152,84,30,208,15,4,0,122,37,0,24,6,2,0,43,2,14,0,11,35,3,59
cell_448,42,7,45,1,33,56,10,3,3,0,25,8,24,1,0,64,47,8,1,129,27,64,1,11,74,117,89,32,43,4,11,26,13,22,1,0,20,4,299,0,1,281,1,0,5,8,40,160,46,11,74,95,1,1,70,8,162,6369,928,25,1,82,4,6,22,38,13,14,27,7,12,2,23,15,58,10,26,346,24,0,8,0,14,21,127,0,31,33,4,3,0,29,86,24,14,2,7,58,15,4,0,9,62,5,1,78,233,70,26,70,1,42,53,34,42,32,7,37,3,5,4,47,1,10,220,15,2,252,38,23,8,50,9,5,27,25,106,70,6,16,234,19,2,2608,4,457,7,66,71,0,6,3,126,2,8,25,0,38,37,27,0,58,14,23,0,304,30,30,10,784,4,17,533,5,34,61,3,1411,1,189,1,2,0,4,6,3,51,30,17,40,10,3,3,32,20,449,152,55,59,20,18,17,15,12,41,28,2,6,21,108,38,16,7,62,95,37,25,44,7,16,4,4,4,493,29,29,0,43,1,8,23,1,32,54,3511,57,16,0,0,866,146,58,9,1,37,40,12,29,3,4,34,228,5,1,33,1,54,0,51,0,83,6,3,0,324,31,2,0,74,63,249,2,11,20,121,35,123,0,36,21,20,5,2963,116,5,41,636,43,0,153,29,18,20,0,32,46,33,9,32,28,3,52,20,4,0,8,12,0,78,54,329,13,0,97,175,75,127,0,327,17,5,3,15,55,8,126,8,4,8,134,24,20,3,133,54,40,0,29,4,7,1161,69,181,84,0,0,96,74,1,10,22,68,143,39,90,19,44,15,47,37,228,4,0,1560,20,171,0,65,5,133,0,34,19,15,320,6,0,17,109,8,57,99,25,19,9,37,0,7,25,4,0,19,12,23,4244,12,205,16,20,122,203,11,3,43,12,1,11,78,17,2,46,11,0,4,0,9,32,0,111,17,39,0,26,12,3,5,8,10,360,19,89,22,42,211,7,0,3459,32,3,15,1,19,26,4,0,3,21,44,129,2,29,12,118,24,6,3,4,8,129,78,3,123,2,162,259,5,17,7,15,0,58,4,146,35,9,9,65,28,138,113,10,154,1,1,1,106,3,2,17,3,0,3,25,4,7,7,6,132,1,22
cell_449,1182,10,11,7,92,49,13,10,14,285,74,7,31,14,0,86,19,189,0,1,190,97,10,21,19,1,53,5,0,3,6,36,19,0,0,0,27,831,160,7,0,55,90,5,8,21,184,100,132,147,40,29,0,1,8,1,7,171,3502,139,1,112,3,8,7,27,13,9,109,6,4,0,10,45,10,35,24,446,8,1,5,0,117,16,445,0,113,65,4,12,2,15,373,389,1,2,161,136,33,0,13,7,7,9,9,144,119,163,17,43,9,56,53,4,47,5,22,15,0,31,0,127,13,29,144,28,10,0,12,10,27,10,7,45,1,315,105,1,0,14,260,44,1,2,6,81,24,32,44,0,0,0,127,12,20,5,14,17,45,129,13,201,12,22,4,19,5,4,4,362,19,22,699,10,100,3,69,383,0,31,2,21,0,8,15,14,41,185,14,17,24,130,35,6,51,25,18,79,74,76,4,8,1,4,74,107,44,49,46,67,5,33,18,11,27,79,16,2,5,57,18,7,2,100,22,18,2,11,14,95,12,8,29,113,2403,12,8,20,0,1191,24,21,0,0,32,48,3,26,11,6,2442,113,0,16,700,33,1,8,46,2,40,18,17,0,0,3,131,0,55,511,144,0,118,81,39,55,19,56,12,90,12,1,7659,400,3,18,59,22,0,62,3,2,15,35,8,37,100,136,34,10,27,51,3,4,0,2,32,125,12,11,35,37,0,11,106,4,41,37,38,28,128,4,34,1045,10,102,6,46,11,1095,23,10,37,237,39,9,4,24,2,10,964,39,27,40,0,0,18,24,49,13,2,0,69,22,30,22,12,19,1,34,207,13,42,274,56,156,0,17,20,0,4,24,7,161,22,74,0,15,44,4,0,29,12,12,24,316,0,14,50,0,0,6,111,3,19014,8,54,35,21,53,321,87,10,11,125,5,3,99,0,33,5,54,0,6,0,6,11,211,93,7,89,1,37,5,2,20,13,0,171,1,57,10,113,117,37,2,6967,18,13,1,10,31,32,3,1,46,4,13,104,6,69,511,73,0,47,21,1,7,49,3,13,134,4,280,23,4,2,7,21,1,107,30,82,23,11,32,2,52,116,26,115,28,3,0,0,15,31,1,17,14,44,0,50,2,0,11,7,4,0,2
cell_450,0,2,12,8,60,37,19,84,14,56,91,0,21,81,0,1,9,97,0,2,184,52,17,54,8,0,141,1,3,2,3,98,6,8,0,10,64,441,133,5,0,66,23,5,22,17,190,129,208,134,35,26,320,19,9,8,34,123,3246,190,0,71,19,52,38,0,9,9,114,15,21,0,4,62,51,30,26,399,15,7,5,0,92,0,418,0,232,38,3,0,0,23,385,655,30,28,23,94,11,54,2,5,1,2,12,41,90,135,23,59,40,22,59,9,47,20,43,4,0,29,1,6,3,33,138,44,19,3,41,27,3,16,55,35,6,185,129,16,3,35,252,23,12,0,4,45,19,50,56,0,0,0,189,8,0,1,38,9,6,148,9,113,10,8,0,25,2,4,3,223,32,14,902,38,44,6,51,342,1,18,7,29,17,56,20,10,15,133,1,27,23,79,32,29,82,85,17,589,21,97,6,14,17,0,92,82,55,30,9,66,10,41,38,2,6,33,10,8,0,38,9,20,4,106,35,51,0,2,5,21,66,0,36,100,2522,32,10,18,0,1227,27,28,0,6,49,46,26,33,20,18,928,25,5,73,696,10,20,3,26,13,50,55,8,2,22,1,152,0,7,177,121,0,148,0,16,49,0,48,66,4,21,8,7733,431,1,10,0,12,1,20,0,32,28,0,2,49,37,198,30,5,49,19,48,39,0,11,16,52,14,6,30,29,1,27,124,27,30,36,8,20,146,6,7,1001,34,76,2,57,9,60,8,13,36,202,87,34,0,16,0,44,1026,30,12,14,0,0,63,132,0,12,0,15,48,20,61,6,21,11,5,26,145,23,21,259,24,153,0,9,11,204,1,25,3,103,108,0,11,8,65,6,0,84,26,20,53,150,9,3,20,0,21,13,29,8,18988,2,74,31,11,43,279,390,6,0,27,11,5,111,97,27,0,45,3,10,224,9,28,5,308,5,20,2,37,8,3,4,4,3,314,8,82,2,52,151,2,5,7288,38,42,3,25,5,18,8,14,72,0,5,60,6,52,229,13,38,58,10,3,10,133,3,7,135,1,374,22,1,6,31,0,1,126,25,208,26,15,4,11,17,83,32,42,33,3,7,0,17,2,0,22,21,21,1,37,0,12,0,2,37,1,2
cell_451,356,44,9,4,95,0,8,9,29,494,77,9,51,11,0,74,9,120,2,6,142,72,56,29,1,23,156,21,2,2,6,22,29,1,1,0,36,281,116,8,78,49,42,2,4,40,187,104,255,166,29,17,32,16,0,22,13,158,3361,121,14,53,1,7,22,22,30,7,115,24,5,12,7,117,20,9,2,448,29,7,7,0,115,9,512,0,226,55,5,0,0,45,301,918,6,12,20,132,11,10,8,7,11,6,18,165,178,117,11,24,18,73,66,9,35,12,32,15,2,30,11,101,2,38,235,85,7,66,55,10,26,27,23,26,1,77,119,17,0,10,262,33,21,0,5,257,13,22,26,1,3,11,144,8,10,7,9,25,9,107,24,216,25,25,2,9,3,5,4,348,1,10,883,101,101,1,32,302,0,16,9,1,15,24,23,8,42,141,6,34,5,16,33,6,79,154,44,119,8,61,0,19,0,11,88,292,107,43,12,45,17,41,8,15,21,83,8,54,43,22,5,10,2,119,30,3,25,13,36,4,78,2,56,112,2589,25,38,13,5,1304,18,36,0,2,34,56,9,26,0,26,2505,123,1,42,654,46,39,0,150,21,26,19,11,0,35,5,127,0,53,598,164,1,25,2,34,49,8,2,0,8,33,40,7832,411,0,23,4,39,16,64,24,0,21,0,84,12,33,26,25,2,3,29,8,25,0,10,25,109,9,33,33,5,0,15,115,32,34,11,108,34,76,3,39,954,38,36,0,34,1,927,10,17,18,231,26,5,4,34,7,44,1057,33,24,11,363,1,33,10,0,8,11,11,22,2,56,22,5,8,11,6,162,25,13,514,30,154,0,2,15,47,3,26,3,95,44,86,0,1,58,14,12,38,0,13,25,2,0,13,25,4,3,5,138,0,18515,3,43,11,20,29,330,163,16,0,111,1,7,40,14,0,84,28,0,1,0,21,4,7,45,10,20,0,8,13,1,37,7,5,147,26,42,7,102,201,15,1,7366,56,33,0,37,60,35,21,0,26,28,1,73,5,8,583,12,39,71,12,1,28,19,8,6,96,26,382,25,3,15,36,9,4,10,12,30,39,20,4,2,52,80,24,2,32,14,1,15,17,12,5,26,34,8,0,47,7,43,50,6,2,0,0
cell_452,0,38,21,37,85,23,14,19,9,207,86,2,45,30,0,20,22,189,0,4,208,87,30,2,6,2,176,2,0,3,5,0,11,0,4,27,99,1486,160,6,0,50,1,4,10,23,45,132,58,134,46,53,0,8,0,6,43,161,3459,230,3,102,9,40,53,24,42,25,133,5,1,0,11,50,12,48,21,320,60,0,7,0,114,0,444,2,73,47,4,3,0,5,61,741,13,12,7,138,15,2,12,13,65,8,16,84,146,96,55,41,26,84,59,7,55,4,60,41,0,21,0,76,5,36,173,35,5,0,112,7,14,55,26,50,0,205,137,22,0,0,89,104,4,3,1,189,14,69,87,0,1,0,151,8,5,21,29,107,11,105,1,192,11,17,0,3,8,6,9,249,32,29,888,6,117,15,10,372,2,28,5,13,5,4,13,7,14,141,21,56,14,53,26,1,66,127,25,7,9,103,0,18,5,46,80,82,174,59,6,76,13,50,22,9,10,69,9,43,14,37,12,15,11,84,27,26,20,9,40,40,36,17,189,114,2230,21,34,7,6,1157,23,21,3,0,163,50,0,20,3,16,2330,105,0,0,730,60,0,1,135,3,49,31,22,6,0,17,10,0,57,131,175,1,203,10,47,48,6,28,11,4,17,7,7833,393,7,30,56,3,0,53,0,6,19,1,24,56,62,387,36,6,4,8,8,1,0,0,0,11,15,16,14,16,0,30,103,22,40,13,139,17,74,1,38,921,46,86,2,34,22,1027,10,18,0,250,37,6,3,8,7,83,1151,55,25,15,377,0,7,2,63,3,0,16,12,7,0,30,0,11,6,47,95,19,31,660,14,181,1,1,19,102,2,32,8,200,109,2,0,10,44,17,0,0,5,6,57,286,0,43,69,6,0,2,97,0,18765,28,68,48,10,55,283,309,17,1,87,3,5,12,0,0,14,32,9,23,136,0,22,0,126,21,63,0,23,21,0,10,2,8,182,3,78,13,100,208,0,0,7744,67,90,9,15,37,20,21,2,31,13,11,111,7,16,327,15,20,24,17,1,7,16,1,1,119,0,133,24,2,3,15,9,1,126,26,66,49,23,0,0,76,84,39,22,42,10,4,0,11,22,3,34,0,45,4,51,0,1,36,35,27,0,0
cell_453,0,5,3,0,77,6,3,28,18,157,50,4,110,16,0,0,20,149,0,8,164,89,21,0,0,4,60,37,0,0,4,23,7,4,0,0,130,92,146,3,75,56,113,0,20,58,184,102,220,138,39,0,0,12,14,48,115,197,3470,196,25,129,5,30,21,1,32,30,119,0,12,18,11,143,68,56,25,461,45,4,3,0,138,9,469,0,1,53,0,0,0,11,490,288,4,5,15,118,46,2,4,15,5,2,5,76,136,130,8,46,40,41,69,0,50,3,70,14,0,21,0,126,14,38,287,42,12,4,49,5,28,34,113,37,3,66,103,1,5,3,301,62,36,0,5,79,19,37,43,1,0,1,13,12,0,4,9,12,30,104,0,216,9,16,0,5,2,2,0,328,62,16,842,0,117,0,53,407,1,27,0,8,0,27,37,6,38,162,13,57,19,111,36,8,112,130,76,526,0,73,4,26,0,23,86,134,63,31,27,55,1,39,29,7,2,10,5,18,3,6,10,6,9,102,27,51,0,4,3,16,72,0,48,119,3108,4,3,0,1,1334,31,18,8,2,99,25,15,27,25,18,2217,32,0,3,731,52,0,1,57,20,48,12,5,50,27,1,65,3,41,115,201,2,461,0,36,43,18,17,30,18,11,0,7601,426,2,15,41,23,12,21,30,31,11,0,43,48,58,382,37,10,10,29,14,18,0,0,0,56,37,9,159,0,0,55,92,27,34,0,48,23,100,4,48,925,24,31,13,13,0,898,2,0,10,285,71,35,0,8,9,38,993,28,25,31,0,0,59,91,4,3,0,2,54,16,2,10,17,12,2,46,128,39,4,505,54,205,0,17,21,124,3,30,3,19,68,0,0,3,52,16,10,96,6,28,49,423,0,10,22,35,0,3,107,0,18545,30,57,66,22,58,298,226,5,7,102,6,14,66,22,21,9,22,0,23,0,6,27,3,337,18,5,2,40,2,7,88,9,2,137,0,72,0,99,62,4,12,6893,85,14,4,20,63,21,0,9,30,18,0,91,22,38,296,56,14,157,11,0,4,59,6,0,154,2,372,22,9,1,0,0,26,155,39,241,0,13,0,2,51,120,25,0,39,10,0,12,9,11,0,28,8,44,1,18,0,81,5,30,58,0,8
cell_454,212,21,1,11,90,1,3,29,8,0,99,0,110,46,0,64,30,173,0,9,178,90,13,0,11,4,164,81,5,3,0,101,0,0,2,35,144,233,156,4,84,62,1,2,5,0,120,103,45,169,38,0,0,21,0,7,57,145,3335,260,4,63,30,0,107,0,15,30,136,7,1,8,7,310,28,45,15,413,60,0,3,1,81,4,408,4,50,40,2,0,0,35,342,469,19,3,146,131,67,64,0,2,0,10,17,146,131,161,4,8,16,73,73,2,15,47,54,16,0,21,0,59,27,28,217,6,13,1,13,16,91,29,82,38,8,457,135,22,1,21,15,93,3,2,12,172,19,20,29,0,0,0,160,0,48,20,9,4,10,86,2,93,16,9,0,5,4,10,10,383,11,23,842,4,77,0,40,416,6,21,5,13,0,19,9,12,54,158,27,81,15,25,32,9,116,99,43,818,19,114,6,12,13,2,84,43,77,45,40,65,13,41,40,12,3,63,3,11,7,14,5,2,7,102,27,0,2,3,5,43,56,12,201,97,2522,17,10,6,11,1233,13,5,2,0,6,38,28,34,15,5,2359,129,2,0,744,51,14,1,29,12,47,43,21,0,0,6,13,59,53,729,200,4,93,57,23,41,89,0,3,7,2,14,7678,371,5,2,180,15,0,44,3,14,22,0,20,15,114,208,41,6,6,18,0,10,1,0,5,28,7,19,36,7,0,37,121,45,38,28,228,26,35,0,9,1045,0,6,4,93,15,1021,2,13,3,235,25,23,0,1,2,22,1021,48,30,17,74,0,70,96,12,1,13,12,25,10,14,35,1,21,18,34,117,25,2,309,82,144,0,19,4,1,1,31,2,119,54,0,4,10,23,6,73,14,6,22,63,361,0,0,8,5,0,21,147,0,18429,11,62,50,15,59,240,313,11,0,37,9,8,81,0,0,22,17,13,94,0,14,40,0,310,5,19,1,37,4,10,72,3,8,184,12,94,11,45,45,5,0,7362,79,30,4,16,77,15,0,2,28,6,0,76,9,10,448,58,13,84,12,6,11,24,10,7,146,0,320,25,11,15,21,59,0,65,38,165,26,5,0,10,3,82,28,63,25,7,4,1,1,12,1,20,0,0,1,63,3,0,40,7,62,0,0
cell_455,0,20,15,29,96,75,0,32,2,70,66,1,61,8,0,15,29,97,2,41,175,40,45,0,7,2,132,36,0,9,2,0,1,2,7,0,79,111,129,6,0,42,127,0,6,12,94,88,193,93,43,28,1,16,0,37,61,173,3419,183,20,139,20,38,2,0,30,14,105,23,24,0,34,19,28,67,9,363,67,0,2,0,109,4,480,4,101,78,2,9,3,23,310,153,15,7,11,132,81,0,5,18,2,5,10,131,138,50,20,27,35,15,62,10,44,3,35,9,0,63,2,169,4,17,231,57,9,0,43,20,15,30,53,55,6,22,79,1,2,115,273,6,16,20,7,259,16,49,51,0,0,4,106,10,0,12,56,8,50,73,21,177,5,16,0,4,5,9,2,292,58,15,683,5,102,4,48,288,3,18,11,19,15,35,21,16,47,177,5,51,21,56,38,8,81,141,61,472,1,42,1,19,9,37,73,250,4,49,19,24,21,64,28,6,13,50,3,8,0,54,1,11,1,92,20,7,14,11,32,64,7,12,96,81,2744,12,6,54,0,1254,20,28,1,0,20,3,7,22,25,57,2056,135,0,21,743,20,37,5,131,36,32,3,22,0,0,9,18,1,50,373,205,0,272,35,19,58,52,0,27,136,20,5,7663,424,3,35,207,9,1,17,3,1,12,0,51,6,64,446,37,10,7,38,16,8,2,6,3,12,8,7,52,1,0,42,97,13,30,24,235,32,40,2,46,1181,61,23,2,5,3,929,2,17,7,295,96,24,2,26,0,70,910,37,32,31,0,0,44,123,5,1,0,0,8,19,54,19,83,7,3,26,108,11,27,515,24,150,0,9,7,65,0,26,2,200,45,45,0,4,21,10,165,19,12,23,59,96,11,12,35,3,0,3,131,0,18496,9,67,22,16,66,299,474,6,0,88,1,4,87,4,1,62,8,13,40,0,9,15,120,315,10,7,0,34,10,3,45,5,0,85,10,104,2,33,201,3,0,6921,33,60,3,14,12,27,40,5,7,45,0,64,9,47,412,24,8,14,11,2,19,34,14,4,147,22,339,26,11,25,7,4,4,117,5,224,60,10,100,12,23,83,34,34,11,15,0,1,15,16,1,19,62,7,1,71,7,0,12,11,46,1,13
cell_456,0,24,16,0,84,23,8,75,37,24,84,2,29,20,0,3,9,80,0,49,154,72,10,4,20,0,7,58,3,8,4,9,22,1,26,0,157,244,181,1,126,71,22,0,12,1,149,115,230,132,30,9,0,21,11,14,2,157,3570,181,28,106,4,19,6,37,28,12,65,11,7,1,5,297,31,40,20,11,70,0,3,0,111,6,526,0,132,34,4,0,15,48,18,28,9,1,44,40,13,18,1,16,13,11,19,106,108,118,9,98,28,52,57,13,55,1,65,22,0,91,2,37,16,49,123,34,3,0,72,1,105,52,31,57,11,68,111,9,1,16,371,46,15,0,23,132,7,38,24,0,0,3,141,0,40,6,1,18,32,116,5,208,6,1,3,25,0,16,2,314,46,12,790,46,51,17,4,401,11,39,2,20,4,17,15,22,38,79,0,74,13,100,20,3,44,151,19,149,4,73,26,13,0,1,73,5,125,38,5,60,5,52,34,3,13,68,8,80,2,58,7,15,5,79,22,52,4,8,27,12,146,13,214,125,2497,16,15,58,0,1152,22,5,0,0,176,6,24,20,1,0,2231,128,1,8,717,58,11,7,148,24,28,13,4,0,6,9,34,0,20,458,166,0,90,1,33,40,5,0,7,0,55,16,7934,303,5,16,23,5,0,55,19,3,27,0,19,61,111,245,39,9,4,33,39,58,8,0,12,4,36,22,139,1,0,34,111,30,34,1,200,22,49,0,12,209,36,37,1,81,10,847,8,24,17,275,91,15,3,9,6,47,1080,50,27,49,1,0,77,67,15,4,0,6,54,15,96,23,3,12,15,7,210,39,9,461,43,216,2,13,7,0,0,31,0,193,126,0,7,1,24,7,19,20,1,37,43,9,2,40,22,7,2,17,77,0,19005,1,56,59,21,45,280,231,12,0,90,15,22,54,2,0,3,8,0,0,0,8,12,2,400,20,6,3,38,4,6,89,15,10,204,2,110,7,89,158,2,1,7307,34,93,0,84,12,10,42,26,11,8,2,90,4,51,487,76,9,39,13,10,35,74,3,11,125,0,210,24,7,14,26,0,8,99,22,271,10,13,0,3,88,91,32,0,35,1,2,4,16,3,1,18,7,1,1,58,7,41,2,6,58,0,0
cell_457,7,20,9,5,86,46,12,33,11,124,107,7,84,64,0,32,34,13,0,23,50,53,58,25,1,8,131,53,0,1,1,58,19,0,18,3,1,164,140,4,30,42,55,0,12,48,128,94,225,161,34,9,0,32,0,42,15,191,3290,33,13,62,18,1,71,2,27,41,110,7,23,12,13,90,26,57,19,199,67,3,1,0,115,2,536,0,137,73,0,0,0,9,124,369,8,6,27,39,13,20,16,9,14,3,24,154,97,103,18,32,22,19,67,15,37,10,36,11,0,62,1,115,16,14,126,22,5,0,62,8,82,27,96,43,5,438,134,17,1,43,277,53,19,8,2,133,15,54,108,0,0,2,116,0,16,6,0,15,27,124,10,198,10,6,7,2,0,5,1,302,11,19,788,9,90,0,50,419,4,31,52,19,3,20,0,10,14,85,3,92,18,40,28,15,62,62,34,255,7,96,13,10,2,14,103,91,46,33,31,66,5,49,21,1,11,32,4,13,17,62,16,10,2,114,30,25,2,25,13,1,98,11,40,114,2631,19,11,0,6,1206,31,14,13,0,66,54,9,26,4,6,2440,121,0,3,660,6,41,16,96,26,35,35,7,0,15,2,0,3,55,519,196,0,212,37,25,42,24,38,16,1,18,0,7573,418,1,24,97,14,6,11,16,3,21,0,80,22,102,113,35,3,5,15,5,44,4,1,4,44,36,21,25,0,1,29,118,29,34,1,171,28,43,4,47,986,39,56,0,10,4,868,2,27,5,304,61,30,0,33,3,8,965,41,20,35,237,0,37,78,2,13,0,14,69,18,24,11,9,7,19,30,161,7,17,278,43,160,0,10,7,0,7,4,10,134,120,0,1,2,33,31,50,9,12,20,18,54,11,56,40,21,3,20,30,0,18789,2,66,68,17,68,321,440,12,11,112,10,5,117,8,38,9,64,0,0,0,17,6,9,305,14,8,1,37,0,2,77,12,10,139,0,55,5,50,132,4,6,7273,17,28,2,59,42,11,22,13,71,9,2,77,1,20,398,42,11,41,3,1,18,41,0,5,131,0,233,17,6,3,6,0,1,135,36,201,5,10,34,28,81,80,26,0,35,4,3,0,17,3,7,25,3,3,0,10,0,159,0,5,43,2,0
cell_458,11,5,32,25,114,17,9,7,27,258,75,14,43,16,0,109,44,39,0,0,108,91,17,6,20,11,132,22,3,17,5,19,11,4,0,38,66,515,56,15,30,30,127,2,14,49,47,76,225,126,27,49,19,6,0,2,7,174,2388,15,14,91,43,36,3,6,43,22,53,2,14,5,12,129,2,50,1,337,52,2,2,0,115,12,574,16,319,67,2,2,0,2,90,280,10,36,194,120,87,11,5,6,46,2,16,98,243,55,21,22,61,46,57,4,71,25,14,24,0,66,0,46,0,24,18,16,4,7,5,20,35,13,96,34,4,49,109,7,0,57,68,24,17,9,3,263,11,16,37,0,5,0,152,23,1,13,1,2,17,80,11,63,5,21,0,16,2,7,9,82,77,25,951,2,61,7,32,510,5,34,2,27,0,19,15,19,22,66,7,58,18,61,2,0,39,36,34,38,1,48,12,14,27,40,77,64,29,38,5,40,12,22,38,2,27,76,21,5,18,8,4,6,7,92,51,170,15,4,41,53,116,42,69,46,2599,86,44,20,36,1205,28,49,0,2,28,56,10,29,7,35,5335,86,0,2,454,7,9,40,128,22,50,13,20,0,0,8,133,0,53,110,236,3,353,69,35,16,21,71,13,64,17,93,6201,422,4,15,78,52,0,51,6,3,16,0,29,41,82,196,23,6,13,14,10,27,8,0,1,85,46,23,51,9,1,32,111,33,21,43,183,24,76,2,67,965,60,6,4,60,10,480,14,1,0,221,21,34,13,11,3,32,1179,44,21,23,10,0,3,25,21,0,0,1,8,10,21,23,16,18,0,72,119,0,19,491,13,162,3,4,8,437,2,39,6,72,60,98,3,4,62,7,93,41,1,20,64,342,0,24,37,13,0,9,40,8,8840,4,102,20,7,36,225,139,9,1,104,1,1,123,6,0,9,24,0,32,36,2,19,18,157,18,7,1,47,0,1,16,7,22,64,0,57,7,74,124,10,0,13595,25,32,0,7,11,20,3,1,31,13,19,42,11,11,336,120,68,139,9,0,25,48,2,3,78,17,356,27,5,9,8,97,0,26,42,42,24,45,1,1,62,121,25,83,57,1,13,0,17,19,4,16,14,27,7,74,0,15,9,1,12,0,6
cell_459,0,10,26,18,96,11,19,50,16,42,86,1,20,73,0,54,48,15,0,5,53,42,5,10,16,1,86,32,6,15,1,155,21,2,0,17,14,1368,108,0,4,84,75,5,0,0,70,55,36,111,55,16,3,3,1,5,0,228,3069,124,1,122,9,9,87,0,46,38,77,4,4,12,11,54,21,61,13,0,47,6,8,0,91,1,330,3,191,62,0,0,0,25,193,212,11,5,12,118,11,14,2,12,29,6,11,59,247,37,3,75,13,26,43,0,61,22,27,50,4,42,0,20,23,25,81,1,6,0,38,11,10,19,87,47,10,47,94,17,0,48,188,98,25,0,10,318,3,44,27,2,3,4,111,0,33,60,3,2,15,79,22,111,3,23,0,64,2,11,81,97,6,25,1094,8,74,21,30,662,19,31,1,15,3,13,33,4,44,112,39,19,20,83,36,4,61,93,58,252,32,48,6,17,4,2,70,42,60,33,3,65,7,25,26,17,10,120,7,12,5,11,2,18,5,53,51,45,3,11,1,34,27,13,31,58,2937,53,32,11,17,1291,68,30,5,0,52,51,5,28,10,0,1916,57,2,3,238,43,84,26,25,0,60,3,18,0,51,59,9,6,49,285,422,1,101,104,24,38,144,7,13,5,29,6,4441,437,6,7,368,5,0,68,0,4,21,23,1,47,40,150,26,4,22,28,56,81,11,0,11,0,36,26,51,53,0,54,81,33,40,10,161,19,21,1,20,630,45,40,7,13,3,421,4,108,3,125,36,27,2,12,3,28,1052,61,32,60,0,0,53,41,11,1,0,1,62,23,60,52,36,37,35,94,309,7,5,273,0,66,0,8,22,25,3,30,8,25,122,1,2,2,81,18,22,12,17,46,48,25,1,19,13,5,0,8,34,0,12397,16,69,33,14,39,248,27,12,10,118,14,5,30,19,0,0,7,99,17,0,17,32,0,61,19,6,0,41,0,2,21,5,0,300,9,86,9,18,109,0,0,13525,31,29,14,24,5,22,1,6,22,0,0,113,0,17,280,82,45,17,16,0,2,17,2,6,37,3,299,23,4,6,7,14,1,124,15,181,19,13,60,0,47,118,36,79,107,0,8,2,9,7,1,16,1,15,15,67,4,37,12,37,7,0,0
cell_460,8,14,12,48,140,28,8,53,18,404,24,21,62,81,0,0,41,84,0,0,96,32,46,0,0,4,49,2,0,17,6,4,22,4,1,103,49,759,86,8,0,51,45,0,14,23,97,70,203,110,48,9,8,25,0,0,0,170,2458,322,7,53,50,49,4,26,30,31,136,1,63,0,21,62,15,69,8,96,31,1,4,0,114,0,677,1,274,63,3,0,0,20,127,401,19,17,40,73,33,36,23,8,17,2,22,5,105,110,23,69,41,28,69,16,53,2,27,16,0,65,1,11,1,24,46,38,1,0,11,21,2,21,17,22,0,117,90,13,0,55,150,22,5,16,34,280,14,40,52,6,0,0,123,20,0,9,32,13,28,131,20,51,0,32,0,1,1,11,2,201,61,22,992,3,38,8,24,556,0,27,2,39,0,39,23,3,13,130,2,65,32,128,20,1,38,59,58,1046,30,120,0,10,5,55,67,70,61,41,24,23,20,19,34,8,19,66,7,16,6,17,0,2,1,42,47,2,12,11,21,0,117,16,16,109,3097,6,25,6,0,1250,31,43,8,3,42,17,0,19,17,29,5845,55,0,0,440,5,17,0,50,28,48,44,18,0,30,16,156,0,64,187,268,1,582,0,58,37,9,18,39,12,67,37,6379,430,10,36,58,1,0,41,12,4,19,0,31,9,50,256,34,9,17,18,31,17,14,9,0,109,43,18,38,50,0,31,45,25,29,5,6,16,75,2,12,736,171,81,2,59,0,458,6,27,1,222,83,13,7,1,1,67,1103,47,20,10,0,32,42,22,9,10,0,3,31,8,10,25,31,0,3,71,27,1,24,165,0,138,0,14,35,373,35,45,10,109,148,67,2,3,6,11,12,22,20,16,50,40,7,31,26,20,0,18,20,37,8885,1,99,5,6,55,227,145,14,0,89,3,0,24,32,0,0,17,0,0,11,12,0,3,418,28,16,0,22,16,0,6,21,7,268,0,53,2,64,147,0,0,12023,37,10,2,56,25,24,0,9,91,5,4,1,3,38,317,25,29,68,6,0,2,13,3,4,148,19,60,31,5,4,4,10,2,131,64,197,0,90,0,6,96,115,31,36,63,8,2,1,13,7,0,0,2,33,10,126,0,87,0,12,43,0,0
cell_461,0,15,0,16,77,33,6,56,38,226,31,1,111,37,0,24,27,14,0,72,216,75,24,0,16,2,15,75,3,19,6,12,15,0,0,77,66,424,155,10,123,18,0,0,24,14,230,108,234,148,29,4,329,22,0,11,0,138,3527,297,24,124,2,18,0,9,36,18,97,7,6,18,14,94,25,14,19,408,9,6,22,0,73,1,490,0,196,64,0,0,2,1,178,474,3,1,99,116,90,122,2,5,0,2,4,48,71,125,25,97,25,13,55,3,51,2,14,29,0,199,4,14,28,38,275,2,4,24,32,7,40,14,42,54,5,183,134,4,0,0,340,46,13,49,14,322,7,14,74,1,0,7,145,13,0,0,9,3,32,137,25,176,1,20,2,19,4,15,1,287,25,22,828,0,67,2,27,367,0,30,12,15,0,14,56,4,17,176,10,41,17,30,13,3,91,148,95,749,0,98,0,26,9,0,75,11,47,39,33,22,2,18,22,6,23,51,14,94,18,7,14,15,12,85,26,0,8,3,17,0,62,2,66,134,2467,1,0,76,0,1164,28,16,0,1,92,40,1,24,29,0,2114,69,0,34,649,49,29,0,94,95,73,38,15,0,5,18,92,45,6,542,202,7,146,46,27,39,91,17,9,18,10,6,7577,380,11,13,212,34,0,50,8,2,16,0,0,15,127,278,43,2,9,21,2,69,52,0,40,38,14,7,94,4,0,49,112,5,38,32,120,29,168,4,39,164,2,47,0,21,0,890,9,0,15,230,57,4,6,20,6,0,934,39,26,17,322,0,32,80,12,0,0,4,47,5,5,0,5,3,24,28,160,20,51,504,39,190,0,27,0,23,29,14,0,83,119,8,0,0,63,5,57,71,34,23,38,9,8,0,81,3,0,17,76,0,21087,3,59,31,7,63,272,5,4,13,77,6,9,117,97,9,0,9,1,44,0,30,7,0,305,17,10,0,43,9,12,70,10,0,223,0,72,8,75,75,0,0,6685,28,100,0,79,53,28,14,5,45,18,0,94,6,59,521,66,22,38,16,0,18,54,4,43,87,2,283,26,22,9,0,0,7,82,20,220,14,16,0,11,63,90,23,1,24,14,0,7,17,17,3,11,18,4,7,68,10,146,2,18,13,0,2
cell_462,435,23,0,22,117,37,16,52,3,109,42,4,99,14,0,0,24,127,16,0,38,64,16,42,1,0,17,1,0,7,14,5,2,3,0,0,44,787,141,0,112,44,114,0,3,16,122,124,263,150,50,7,0,21,0,26,3,185,3562,93,8,27,10,36,114,24,28,17,83,6,34,8,18,193,19,53,4,271,37,10,15,2,122,5,558,0,59,72,0,0,0,28,328,902,6,7,132,167,21,81,4,16,49,8,1,129,160,136,11,57,23,21,61,8,52,6,94,10,0,21,0,97,24,44,163,1,4,2,41,13,10,10,11,54,5,502,125,7,2,1,259,5,10,0,5,246,46,29,25,2,0,1,158,7,0,0,30,7,31,97,17,193,4,14,19,2,8,0,2,351,22,15,755,1,93,0,61,379,0,29,0,28,0,17,8,4,19,145,12,65,12,95,23,9,68,189,23,563,13,88,9,17,1,0,78,80,14,56,63,51,10,47,26,1,55,31,9,9,4,13,4,13,5,77,26,22,7,4,31,0,22,18,13,114,2404,18,32,0,0,1209,27,35,0,0,48,33,0,38,10,0,2731,118,0,0,665,6,37,1,147,122,52,16,19,0,0,8,47,0,61,22,245,0,215,52,38,53,38,0,3,32,57,9,7834,380,0,6,2,23,0,32,16,18,16,34,69,31,108,162,45,6,11,30,15,65,9,2,7,75,32,31,74,8,0,51,115,40,47,34,10,32,138,1,85,1145,76,17,1,14,6,984,4,20,40,251,15,3,0,5,0,2,972,27,21,34,8,0,30,39,7,2,0,0,42,3,44,23,6,15,6,31,145,25,30,489,1,160,0,1,5,1,2,17,1,28,66,59,0,4,61,26,7,18,12,4,59,0,1,12,11,1,0,6,34,1,21418,2,57,55,23,16,313,301,26,22,71,1,20,45,0,0,0,8,0,26,0,9,31,41,147,20,31,1,46,0,7,87,3,0,240,7,76,8,112,185,36,0,6938,21,1,11,1,20,15,2,21,80,4,0,88,8,31,651,36,17,69,19,0,24,28,1,4,129,7,313,15,5,2,5,2,0,112,20,195,0,30,0,5,60,64,28,2,45,8,0,1,11,13,2,22,0,13,1,43,1,177,10,32,31,0,12
cell_463,1006,39,20,14,99,50,8,20,14,305,68,0,48,33,0,62,19,157,0,1,172,98,16,4,10,1,0,74,2,0,2,125,0,9,0,2,204,2057,145,1,0,69,132,2,1,16,173,114,71,130,42,4,0,2,0,7,17,193,3384,295,3,106,29,2,3,0,16,9,122,26,3,5,8,450,23,51,22,488,41,0,14,0,110,3,442,0,51,39,2,0,0,13,297,295,24,30,42,145,37,8,15,14,15,6,15,114,168,142,29,97,6,23,72,10,59,14,19,57,5,66,0,32,6,26,92,9,0,0,6,5,53,32,5,14,2,371,110,26,0,0,262,80,7,13,0,207,27,25,76,0,10,0,179,1,45,38,0,31,23,130,7,198,15,17,0,4,7,35,9,374,41,14,893,5,44,22,51,376,35,37,0,2,0,4,11,23,29,73,64,67,4,105,12,47,96,45,62,308,65,62,6,12,0,19,69,132,122,45,2,3,19,47,39,11,11,66,5,30,15,6,16,0,23,89,38,24,2,5,26,1,26,13,86,86,2495,20,38,30,0,1163,20,8,7,0,25,63,6,29,12,16,2975,125,0,0,676,60,0,3,22,23,44,12,20,0,0,8,43,23,41,281,178,0,175,72,39,12,94,3,4,42,9,68,7799,349,20,52,166,18,0,51,0,18,17,96,10,24,127,98,27,17,15,31,31,19,4,10,0,0,45,14,34,25,2,40,146,11,29,0,230,17,51,3,29,849,11,80,1,86,16,867,10,21,17,208,9,8,5,2,9,1,999,47,24,9,307,0,55,43,20,11,0,3,30,16,34,21,5,12,6,37,81,40,2,294,0,191,0,14,33,210,5,37,6,173,97,1,3,12,45,15,25,48,74,17,48,246,0,49,23,3,0,5,101,0,19849,7,51,65,19,49,301,55,8,0,125,15,12,2,49,8,9,25,1,14,0,7,18,1,106,14,61,0,24,14,7,25,20,25,147,13,65,5,83,142,0,2,7780,45,12,8,17,21,14,20,2,3,18,10,53,2,10,411,71,29,117,16,1,36,12,0,4,133,2,377,32,5,16,1,63,4,55,28,265,9,13,0,2,65,87,27,20,34,10,11,1,16,22,10,11,0,102,3,47,0,150,59,7,9,0,5
cell_464,593,15,21,4,80,61,5,58,14,14,80,7,105,42,0,34,0,38,26,0,168,35,29,16,9,1,177,0,2,2,4,21,24,0,0,4,36,296,153,4,85,59,0,0,1,11,186,111,191,131,42,12,1,41,8,7,0,155,3386,118,3,34,10,36,34,33,26,4,43,2,11,9,0,19,12,49,18,44,3,6,5,0,103,0,524,0,128,59,1,1,1,4,232,501,6,0,26,118,9,13,6,6,47,2,8,6,138,116,8,61,18,56,63,9,58,7,33,21,0,50,53,112,6,33,228,36,1,0,38,9,5,6,11,40,1,327,116,0,0,14,257,106,28,0,24,92,8,47,45,0,0,6,164,12,12,11,43,48,37,117,25,190,2,21,4,9,8,1,16,361,14,17,969,4,43,2,31,392,7,26,26,25,0,9,9,14,16,192,0,59,23,69,23,9,29,127,11,472,12,60,0,18,46,8,85,205,94,27,38,57,3,31,30,2,7,63,1,8,3,46,1,13,4,83,34,49,18,7,18,61,12,30,60,108,2625,9,14,7,0,1273,25,3,1,0,117,50,0,24,12,1,2489,58,0,22,563,40,10,5,79,12,30,47,19,0,0,15,62,0,22,481,212,5,523,5,29,29,0,0,8,21,59,6,7596,440,1,11,125,10,0,59,8,6,21,2,4,1,53,206,33,5,18,27,24,8,5,1,8,0,32,7,36,9,0,38,111,15,41,4,62,23,63,2,21,943,16,58,4,11,16,990,0,28,13,197,113,13,1,44,3,66,969,41,25,36,0,0,55,51,17,9,0,1,42,9,100,15,46,16,13,12,68,33,28,366,26,183,0,7,14,15,29,4,1,188,85,22,1,17,10,10,0,43,0,20,43,155,8,7,30,7,0,5,48,0,19586,1,55,50,23,49,325,299,6,10,81,12,4,14,6,7,13,4,0,53,0,5,0,44,334,11,6,0,42,1,3,15,6,7,224,7,64,11,98,191,48,0,7158,9,19,0,40,10,18,0,41,52,12,0,64,6,25,512,69,13,27,17,0,13,10,24,7,145,0,50,18,0,1,1,3,5,116,3,178,1,6,18,8,79,109,24,6,43,1,0,0,16,5,3,2,13,0,7,48,3,0,7,13,60,0,4
cell_465,50,8,46,10,143,1,2,36,1,51,139,10,51,68,0,8,13,105,0,0,21,37,8,5,14,0,123,33,7,4,8,0,32,2,5,6,107,202,112,6,12,104,295,1,6,1,134,75,11,79,29,32,0,0,9,6,10,217,2040,77,0,90,5,16,7,11,22,9,14,39,12,12,7,145,66,63,14,75,22,3,13,1,107,18,757,2,62,91,0,0,54,60,89,268,1,33,21,25,126,43,0,19,26,3,9,57,200,23,4,90,49,4,73,1,65,21,4,20,0,27,0,49,10,22,219,12,13,0,33,33,47,6,96,52,2,54,71,65,5,5,199,83,67,0,0,92,5,36,18,13,0,0,147,4,0,47,28,5,4,157,0,67,7,65,1,7,5,0,12,25,80,25,740,16,36,16,20,258,5,52,1,3,8,47,5,6,11,106,4,40,18,197,31,17,73,227,81,1683,29,42,0,13,0,21,50,285,84,74,53,69,7,12,24,7,17,70,1,20,1,36,32,2,13,121,42,8,0,6,17,12,29,26,116,98,2440,6,30,0,0,1362,55,14,1,0,30,12,54,20,5,1,8265,18,0,56,169,23,46,0,139,88,78,36,7,0,28,6,128,6,29,647,373,1,102,65,60,42,67,0,46,20,14,16,6482,362,1,5,0,29,7,25,4,10,17,1,21,52,21,199,36,2,35,18,7,63,0,0,18,217,36,10,147,69,0,74,98,44,28,35,68,25,38,2,35,1135,178,22,1,24,10,959,6,106,32,129,101,26,0,7,3,68,858,71,90,114,36,0,59,85,23,2,0,4,81,12,41,13,38,34,17,35,212,7,7,370,0,73,0,5,30,14,18,139,3,166,134,35,48,13,119,11,97,99,1,49,87,102,0,30,22,3,0,8,95,0,13805,7,102,13,6,48,226,238,16,0,115,2,13,51,0,3,22,1,0,1,0,19,112,94,283,11,5,0,21,8,1,7,2,6,224,17,95,0,78,71,8,5,12206,35,10,3,14,31,20,0,9,79,24,0,77,28,78,166,30,156,32,9,0,2,13,34,0,76,16,176,30,7,8,6,2,0,102,16,89,45,10,6,1,52,133,24,114,121,10,0,0,21,7,0,12,46,0,0,166,0,57,0,29,1,3,0
cell_466,1,13,5,0,100,57,4,8,3,5,58,7,27,57,0,44,42,9,0,4,51,23,34,10,6,23,76,21,10,2,4,76,14,0,7,2,13,186,98,0,3,73,23,1,8,0,95,30,98,78,51,5,7,29,0,27,53,194,2411,95,11,82,31,7,33,24,23,54,51,6,9,1,29,117,13,82,11,95,59,0,13,0,80,5,182,0,60,152,23,0,0,3,49,64,2,0,6,98,16,18,2,20,14,4,24,21,114,31,2,39,8,18,35,9,37,5,53,15,4,3,0,20,19,2,42,2,15,4,37,18,16,7,76,63,8,152,86,41,0,117,196,91,9,48,0,18,8,63,36,0,0,0,71,9,24,27,16,8,8,73,34,34,12,28,0,45,5,29,14,64,5,52,722,2,57,21,18,489,11,56,4,28,0,26,10,6,16,65,0,13,18,11,46,0,55,98,82,74,15,99,16,36,40,48,71,132,21,30,2,32,30,31,50,2,13,82,3,9,4,29,3,9,10,106,69,12,16,8,12,33,116,18,77,27,2801,41,36,0,0,1327,93,59,1,1,33,4,5,49,4,25,155,68,1,0,154,48,23,1,93,2,66,14,6,11,116,27,78,13,25,103,146,1,173,17,45,24,3,0,6,8,23,9,2906,231,4,11,224,5,0,77,49,10,51,2,94,11,46,47,44,13,10,38,15,30,15,2,1,7,61,32,27,1,0,67,69,72,60,3,115,22,34,10,96,199,44,33,8,12,1,211,12,74,15,80,78,14,15,43,10,40,2334,72,39,31,28,5,86,60,8,5,2,20,13,4,36,54,22,43,52,67,61,21,0,200,50,54,3,33,33,213,20,36,19,96,169,56,5,5,80,33,74,5,30,35,37,45,2,19,17,0,0,20,22,0,9480,2,66,21,13,101,193,74,13,1,59,13,2,9,3,0,0,13,0,17,0,9,5,0,166,56,6,0,32,0,4,6,22,21,91,14,38,4,55,122,3,0,6265,2,14,2,7,13,6,0,11,3,6,0,85,1,2,25,48,26,15,22,4,8,6,55,1,90,0,325,26,11,29,15,51,9,87,25,100,3,0,0,11,37,172,50,76,24,10,0,5,45,10,0,23,4,2,5,57,84,28,2,28,49,0,0
cell_467,0,3,11,0,76,71,22,36,12,39,60,0,3,9,0,4,32,38,0,17,58,32,19,0,0,0,25,0,10,1,3,0,35,16,0,1,46,121,118,0,0,86,1,0,6,3,45,50,108,85,65,14,18,2,6,9,0,222,2425,128,1,69,3,33,2,31,29,44,67,12,48,15,16,134,47,21,17,0,35,3,6,1,63,10,147,0,142,128,2,0,0,32,84,74,0,4,11,66,7,10,9,5,10,5,16,7,105,27,22,186,12,20,54,5,60,4,55,39,0,22,0,32,5,55,104,6,22,3,14,7,11,38,33,50,3,82,60,34,1,0,218,32,6,0,6,154,37,48,59,0,0,2,147,4,23,22,28,17,36,84,2,26,5,21,0,91,4,12,20,83,32,33,920,0,81,23,13,434,0,76,1,24,2,28,45,20,20,47,17,7,19,42,34,0,32,110,53,71,46,117,0,21,15,0,63,26,66,31,26,28,21,26,38,23,22,45,4,42,7,40,2,11,2,86,50,9,4,8,12,0,17,9,118,41,2597,10,21,8,0,1286,92,53,0,1,99,35,0,39,5,1,151,83,1,4,141,54,97,1,70,19,64,21,11,0,83,26,50,0,67,298,144,0,151,0,43,40,38,9,13,1,43,21,2738,237,15,17,0,18,17,89,3,18,44,0,67,84,34,74,48,17,60,48,24,78,0,17,32,4,64,34,99,31,0,78,84,67,80,32,25,30,120,1,0,89,3,28,0,35,7,232,12,28,15,59,45,13,0,4,0,29,2062,65,26,87,0,0,48,64,12,0,0,1,71,22,41,54,15,34,11,53,171,16,5,139,0,61,0,33,8,242,1,53,16,19,149,5,4,6,69,5,69,25,52,33,11,93,0,27,40,1,4,13,46,2,9645,0,59,22,2,80,193,23,9,0,57,8,4,63,66,2,5,60,0,1,0,12,12,0,139,13,13,3,47,4,1,11,15,0,293,4,103,10,34,46,0,0,6891,15,55,4,9,11,50,21,3,66,4,1,77,4,19,78,34,28,10,15,3,11,17,6,0,113,1,267,30,3,1,23,0,1,88,8,103,2,18,0,5,49,159,35,0,64,1,0,0,19,7,4,25,8,0,1,113,6,0,1,23,32,0,0
cell_468,0,4,5,3,114,59,18,7,14,11,54,0,32,18,0,21,18,23,0,4,80,46,28,0,2,15,89,1,7,6,3,0,28,2,0,27,42,140,134,3,104,96,35,2,3,0,23,52,48,54,74,8,1,10,6,2,11,207,2523,130,6,27,25,5,95,30,10,40,59,7,9,5,15,72,68,86,11,93,51,1,2,0,66,0,181,0,38,121,1,0,1,14,95,171,6,13,31,71,21,5,0,41,63,4,12,53,102,30,22,98,17,21,45,24,55,43,20,1,3,14,0,129,11,17,42,5,15,0,25,10,68,11,127,101,3,116,79,42,2,0,194,81,4,2,3,159,47,37,68,0,0,0,82,3,0,47,5,2,20,76,4,76,0,30,0,78,3,0,19,80,40,35,966,6,123,30,26,402,13,60,13,14,0,26,25,18,46,83,4,49,26,14,61,6,72,101,55,21,44,71,1,21,5,30,50,132,49,36,54,19,32,30,46,34,56,29,8,20,5,23,14,11,11,117,59,2,19,4,7,12,30,1,195,40,2440,3,8,1,0,1213,95,55,11,0,60,45,0,31,6,8,127,81,0,0,170,63,19,11,57,3,34,18,16,0,3,3,24,0,32,244,169,1,46,2,55,50,18,0,8,2,0,9,2994,205,2,6,25,29,0,83,40,10,35,11,4,22,44,79,55,19,47,82,0,78,4,1,3,0,46,13,85,53,0,77,89,49,72,38,61,22,50,4,10,87,22,47,4,6,0,243,9,19,5,64,21,5,1,2,23,12,2147,57,45,54,0,0,94,55,27,8,0,2,49,44,0,38,0,57,22,60,156,13,36,141,34,57,0,2,9,0,34,52,9,83,175,29,6,10,109,14,6,10,0,53,36,245,0,45,31,1,0,20,54,0,9296,14,49,13,14,75,158,49,9,1,43,10,35,98,0,0,23,22,0,12,0,6,18,1,178,37,7,2,98,0,11,16,32,0,243,0,94,13,14,88,0,0,7343,43,47,15,13,50,40,18,4,16,15,25,100,2,14,92,4,1,2,21,0,39,2,28,17,113,3,46,39,3,1,14,4,2,78,20,5,9,6,2,20,29,133,40,2,69,13,0,0,33,2,1,22,7,0,2,67,18,0,0,28,26,0,6
cell_469,273,64,12,12,105,32,6,47,5,22,106,8,87,55,5,30,30,84,0,1,30,53,14,12,13,0,21,6,3,6,5,0,0,0,2,61,10,459,68,0,0,54,0,4,15,7,53,67,178,85,47,42,10,10,1,13,25,190,2530,264,17,137,34,16,49,9,56,24,127,10,5,2,8,44,30,46,8,379,59,17,5,0,116,2,661,0,160,68,1,5,3,8,86,336,9,21,9,72,17,29,4,6,68,9,14,87,205,114,4,22,21,16,66,13,14,1,23,3,0,32,1,15,4,13,94,13,14,0,32,28,53,14,82,36,1,558,92,22,0,52,116,76,14,16,50,310,12,18,19,0,0,0,162,5,0,6,20,29,8,121,49,198,4,19,0,6,3,24,0,213,2,26,869,16,34,8,29,477,6,31,10,8,0,13,23,8,25,117,18,11,36,34,22,12,23,43,35,988,95,110,0,15,1,13,75,71,94,47,18,42,6,21,8,3,13,30,8,18,1,20,9,7,29,60,53,63,0,10,4,28,89,36,98,107,2710,48,18,0,4,1339,28,17,1,0,27,1,2,23,12,36,5417,19,0,4,425,71,0,10,142,102,31,60,24,0,12,7,0,0,13,70,274,2,243,35,40,38,0,0,12,11,1,0,6276,349,0,13,153,10,8,45,16,2,22,0,1,13,52,243,36,4,47,26,12,65,0,0,0,83,17,18,28,12,0,63,76,14,30,24,123,26,134,2,41,397,70,31,13,5,31,522,13,11,15,190,43,36,5,26,0,11,1540,45,32,42,62,2,62,90,15,5,0,7,24,2,45,58,76,7,10,86,162,20,3,290,0,177,5,5,23,382,2,28,0,61,106,0,5,9,38,19,2,1,0,35,41,167,7,5,42,0,5,3,57,0,8831,3,77,20,12,31,184,46,13,7,55,6,20,82,0,9,8,22,150,89,3,13,15,0,451,20,8,0,23,7,3,30,16,16,291,2,80,7,65,145,1,0,13412,23,25,4,59,24,15,1,6,15,21,58,128,8,35,214,51,32,32,7,0,20,33,17,2,120,3,98,25,3,8,3,2,8,124,44,151,13,20,0,3,15,114,26,77,79,12,0,0,9,2,0,20,0,1,2,4,3,32,5,33,24,0,1
cell_470,0,14,13,12,85,4,12,48,17,0,64,29,39,11,0,40,22,26,0,2,83,42,57,37,12,3,94,8,4,5,5,0,8,0,0,0,65,49,91,1,38,110,0,2,5,4,46,46,104,101,75,17,5,3,0,2,22,210,2676,116,11,82,9,3,106,0,36,41,33,3,3,0,26,74,74,25,9,130,55,2,16,2,46,1,156,0,101,112,4,12,2,34,121,167,3,6,13,80,20,10,23,14,3,14,14,51,108,30,28,75,7,36,45,5,62,59,29,21,0,24,0,21,10,35,64,8,97,0,7,12,3,16,30,66,2,106,67,49,0,0,196,130,46,0,6,175,25,19,26,0,0,0,133,0,0,4,14,7,35,92,21,69,24,40,0,24,4,11,0,75,15,53,860,18,84,1,21,438,23,69,23,9,5,41,8,10,22,75,2,42,27,30,52,1,75,133,120,94,1,142,0,31,0,45,74,43,20,33,21,25,59,44,32,3,30,86,4,59,2,32,19,26,5,78,46,45,4,15,20,16,71,5,146,34,2644,13,8,22,0,1260,90,21,0,0,86,15,0,33,7,2,173,43,5,11,138,43,0,0,83,12,62,18,16,0,9,46,83,4,49,95,165,1,84,85,51,30,67,0,13,4,20,1,2793,309,6,7,0,6,0,70,23,1,58,81,13,27,8,39,34,10,21,60,24,28,0,0,41,176,47,4,29,8,0,65,63,51,53,153,30,20,10,0,42,117,39,46,0,5,2,230,8,8,27,67,58,11,0,49,9,18,1972,76,71,67,0,0,20,15,0,7,0,6,71,19,65,79,69,54,8,35,80,23,5,164,53,57,0,69,7,201,14,56,9,16,124,74,13,2,119,7,106,64,0,55,28,123,0,52,6,4,0,5,28,0,9682,1,53,13,14,68,179,14,12,45,43,8,13,3,0,0,8,5,11,22,0,16,3,0,78,9,28,0,47,4,6,25,12,0,371,13,95,5,53,49,1,0,6849,22,64,3,49,37,44,1,7,2,28,0,73,2,7,66,28,22,23,21,0,10,33,6,16,73,0,255,25,0,35,35,2,3,84,22,96,15,13,8,9,32,164,39,0,72,15,0,0,34,16,2,15,11,0,0,57,64,0,0,3,40,0,0
cell_471,0,34,100,6,99,14,5,40,4,58,42,9,23,23,0,48,43,53,8,7,50,30,18,1,8,1,18,66,3,2,9,1,27,2,2,0,45,216,90,10,23,91,9,2,3,7,86,42,69,88,77,0,3,12,0,3,0,175,2557,89,1,84,5,30,23,1,14,9,59,2,11,0,16,34,18,71,13,86,54,0,21,8,45,13,164,3,52,130,6,0,1,41,86,72,4,10,0,91,44,22,4,8,6,2,7,15,99,26,9,144,10,21,35,5,59,40,14,22,6,25,4,53,5,33,58,11,19,0,15,9,12,18,58,37,2,95,73,55,0,23,152,44,9,6,0,14,18,47,61,0,0,0,111,10,1,30,39,2,13,77,22,78,12,23,2,45,5,25,40,81,47,38,846,13,62,9,20,516,2,67,9,2,0,23,28,7,10,45,6,43,34,56,9,1,54,131,57,198,2,70,9,25,0,25,54,24,6,40,22,58,2,27,34,10,1,95,5,33,2,6,5,5,2,96,71,29,30,31,21,113,42,5,42,30,2362,38,4,2,0,1148,109,43,4,0,25,67,12,42,0,0,140,100,0,5,155,9,130,1,56,7,36,26,12,0,78,23,112,7,19,127,151,0,86,3,43,29,29,100,21,74,32,48,3003,302,12,13,133,23,0,96,10,1,43,0,5,37,48,59,38,7,10,73,35,1,0,1,12,154,47,36,22,43,4,18,88,43,43,34,50,26,7,3,107,160,10,75,0,25,0,200,12,111,26,69,38,12,5,7,4,32,2072,68,43,63,47,0,50,56,1,0,7,0,25,29,88,59,56,32,14,50,136,10,32,160,35,57,7,50,27,235,8,47,14,85,130,10,0,6,28,27,24,37,0,80,27,23,0,35,4,20,0,7,58,7,9341,2,46,26,14,48,194,8,7,6,35,13,6,10,0,0,46,15,0,7,38,15,17,8,28,34,16,0,32,18,2,2,24,3,245,14,97,0,57,107,7,0,7429,37,8,11,14,47,39,5,3,28,38,0,0,0,26,76,178,19,11,17,5,10,12,19,0,75,6,295,35,16,27,8,61,2,83,9,69,22,17,6,1,51,147,43,22,73,12,6,0,29,6,10,6,13,0,10,61,38,29,11,8,40,3,22
cell_472,143,13,2,8,84,37,16,72,14,8,32,28,24,32,0,43,13,44,4,32,58,37,10,0,8,0,0,28,21,0,4,10,18,0,0,0,5,102,110,0,0,79,78,1,1,10,63,48,93,89,59,7,0,3,2,1,0,235,2688,117,21,90,2,4,32,6,48,16,56,8,48,1,31,0,18,68,11,79,48,21,9,0,69,0,183,0,107,125,13,0,2,30,84,210,9,0,6,10,4,5,2,12,22,4,6,52,128,20,4,7,26,104,41,0,41,0,15,9,0,27,0,2,0,38,60,6,48,0,26,12,23,36,53,80,2,163,81,16,0,23,124,129,5,16,35,190,0,35,34,0,0,0,124,38,0,1,7,8,14,74,39,53,8,27,0,0,4,3,2,86,12,46,916,8,88,1,17,502,6,52,0,2,0,8,55,21,5,45,13,32,21,12,57,9,49,140,142,204,35,91,0,22,5,0,48,8,79,15,25,37,4,33,38,5,22,92,1,38,2,49,0,8,9,72,44,12,16,16,21,0,88,39,16,36,2658,0,25,54,1,1241,95,27,2,1,87,0,0,41,3,0,120,44,0,0,146,7,144,2,69,25,73,8,17,15,100,82,127,0,65,232,164,2,77,0,54,33,30,147,136,4,30,2,2906,233,6,18,294,4,3,113,11,4,38,0,2,42,24,45,54,13,6,74,101,28,7,0,12,12,29,14,50,20,0,60,66,49,76,71,20,25,38,10,49,108,9,34,17,2,3,276,4,8,16,70,55,8,0,22,13,7,2480,77,36,56,0,0,75,91,4,11,1,14,32,20,48,81,24,56,9,35,60,21,1,117,0,63,4,44,0,0,6,2,2,30,157,35,0,8,72,22,32,3,1,45,35,11,6,6,24,0,0,9,14,0,9786,0,70,33,15,66,147,10,41,36,53,25,23,72,0,5,0,9,78,52,50,16,4,35,149,22,0,2,31,31,3,13,9,19,301,1,67,11,34,69,12,0,7196,36,21,5,72,5,29,17,15,23,71,16,106,11,14,89,112,66,15,19,3,13,9,35,4,117,0,175,36,3,24,31,12,10,101,23,147,1,18,4,11,19,180,45,16,83,32,0,2,39,2,2,0,18,1,6,55,49,0,1,16,21,1,0
cell_473,0,28,7,4,82,6,6,20,14,213,81,0,65,14,0,234,8,69,0,3,200,87,43,16,0,5,71,40,0,2,8,114,22,1,11,41,85,197,129,0,0,58,63,1,22,2,141,85,208,141,36,5,0,0,0,10,0,214,3464,207,4,13,10,21,103,24,20,28,133,1,23,23,13,68,19,56,9,385,73,3,0,0,123,4,554,2,39,50,0,0,2,62,282,512,3,2,55,75,40,25,8,19,17,11,2,148,133,128,3,8,57,26,52,3,40,0,67,12,0,28,1,111,27,11,226,31,2,0,36,13,82,6,70,55,10,435,129,2,0,59,251,44,17,14,3,275,12,40,95,1,0,1,160,0,0,6,11,13,19,87,23,179,4,17,1,4,15,6,0,336,19,12,776,0,47,0,29,367,9,19,2,18,0,10,18,9,33,170,12,49,11,44,34,6,81,169,14,223,21,20,8,17,0,52,82,56,123,42,92,9,4,46,31,0,24,55,24,6,10,52,1,2,3,103,31,13,8,3,16,154,66,37,93,107,2657,16,11,52,0,1244,26,31,0,0,89,7,34,17,23,36,2145,144,2,0,444,63,13,14,175,25,40,21,20,0,32,7,0,0,55,403,168,3,319,51,33,53,19,0,1,3,42,0,7753,397,1,14,1,7,0,53,1,0,15,16,25,18,72,128,35,1,31,21,15,82,2,0,31,72,28,18,79,6,0,44,96,32,36,1,175,33,75,6,91,1016,72,65,0,14,1,988,5,9,18,294,22,0,2,29,4,26,877,46,20,37,0,0,62,56,20,7,8,11,11,2,4,25,11,18,3,37,119,4,55,573,4,164,4,9,12,263,6,9,1,154,114,0,0,2,45,19,13,23,7,20,47,395,2,11,39,0,0,4,58,0,20967,6,51,68,22,64,299,322,2,5,46,4,6,99,9,0,1,26,0,20,310,4,13,2,117,21,8,0,31,0,1,91,24,0,73,2,82,13,87,215,9,6,6861,64,54,4,33,56,6,28,12,82,10,0,46,2,4,536,58,41,26,19,1,2,35,3,58,151,0,368,20,2,4,10,0,8,88,41,145,13,16,36,1,8,110,31,0,18,2,2,9,17,4,13,4,0,2,3,71,0,183,40,28,52,0,5
cell_474,0,5,37,13,57,50,8,83,4,180,96,2,111,7,0,111,23,125,0,2,153,44,30,10,4,1,4,71,0,8,3,45,35,1,4,14,79,356,131,12,126,62,122,1,2,80,84,84,201,145,31,32,0,7,2,14,10,140,3253,198,18,59,9,19,66,9,20,22,123,14,22,13,27,103,21,42,8,465,71,0,3,0,118,2,545,0,188,43,0,0,0,5,219,271,9,10,27,84,7,13,6,12,8,10,24,149,148,131,11,43,20,23,62,0,56,3,11,26,0,106,1,49,11,35,184,6,2,0,70,5,13,27,41,51,3,552,104,8,3,41,299,28,16,2,24,197,12,45,55,0,0,4,185,13,41,0,16,4,25,142,4,51,1,13,5,11,7,3,0,309,14,25,848,7,40,4,61,381,9,20,2,21,10,19,14,15,25,161,21,19,23,97,13,17,80,119,74,693,33,87,1,19,7,0,78,66,129,47,56,32,1,46,8,1,20,58,18,26,6,42,4,19,3,94,22,7,1,5,19,52,18,15,49,163,3015,10,3,65,0,1269,26,24,0,2,96,0,3,30,19,25,1782,103,0,0,674,31,23,1,49,49,45,20,10,0,29,22,44,6,31,196,161,1,309,11,32,38,99,29,5,8,14,4,7788,420,4,47,25,23,7,43,8,7,19,0,87,30,83,407,35,9,3,33,24,27,4,2,27,30,10,21,52,6,0,32,106,20,33,5,191,36,140,1,23,936,6,19,1,24,9,1043,12,5,45,246,37,21,1,10,7,7,1002,47,25,29,0,0,21,95,2,26,0,13,45,0,17,4,15,19,13,31,152,32,8,479,0,190,0,17,6,178,6,28,0,21,76,0,4,2,42,14,77,32,11,26,41,144,2,13,82,6,0,20,111,0,20406,1,53,62,16,45,291,156,15,5,79,10,6,45,125,24,5,35,0,16,9,3,34,81,104,19,24,1,49,1,2,70,11,3,247,0,76,3,85,47,22,0,6717,49,19,0,45,8,30,12,11,73,7,0,20,1,53,519,53,19,29,4,2,10,34,1,46,135,2,356,21,19,5,3,0,18,112,10,180,11,18,0,2,75,115,19,0,44,28,0,4,11,12,3,12,1,0,0,52,2,22,4,17,23,0,2
cell_475,2,8,19,25,75,17,6,62,15,132,110,0,91,34,1,50,29,105,2,0,212,13,22,14,30,10,42,46,5,5,11,0,14,1,0,0,16,141,148,0,7,78,0,0,1,5,233,99,220,143,38,9,0,30,2,3,23,153,3542,106,15,44,29,12,127,12,36,32,0,5,7,1,5,221,2,69,8,356,60,7,3,0,101,4,486,0,74,69,1,0,4,8,263,683,8,10,57,111,31,8,11,15,63,1,5,40,166,86,9,45,17,0,76,2,31,1,51,12,0,92,3,44,6,27,190,38,1,14,18,3,8,7,63,40,4,34,122,15,0,31,276,45,13,15,3,39,3,40,52,0,7,7,152,4,0,22,2,10,23,138,6,185,23,22,3,14,7,4,2,286,22,24,674,2,19,2,45,376,0,33,2,16,0,21,29,3,16,127,7,89,17,60,29,3,121,144,56,769,15,117,1,16,2,20,67,50,80,33,2,55,3,62,26,10,14,24,1,17,11,42,10,6,14,105,21,82,25,4,33,1,8,25,15,117,2666,21,9,1,0,1241,29,20,7,0,56,3,3,20,19,0,2357,75,0,71,691,45,0,0,63,34,24,44,1,0,0,19,34,0,5,557,171,0,173,58,30,49,30,0,28,98,10,0,8030,414,4,11,231,17,0,39,1,3,19,0,41,34,43,422,43,4,15,26,22,36,0,0,13,0,23,30,32,1,0,49,125,40,34,42,205,24,31,0,36,1155,21,112,3,37,13,969,3,14,20,244,67,6,0,0,16,11,937,38,19,44,0,1,53,48,44,2,0,20,59,6,71,13,35,9,20,31,151,31,5,532,0,155,0,7,25,232,6,21,3,177,105,0,2,14,51,17,1,36,8,19,45,175,0,21,44,1,0,13,94,4,20692,23,68,50,12,55,294,359,5,7,98,2,17,89,23,0,31,10,0,4,3,2,14,0,165,8,24,1,34,5,1,96,8,2,271,0,89,0,42,188,26,0,6450,46,6,4,2,31,21,32,5,58,28,0,32,0,16,358,91,15,97,18,1,35,69,20,12,147,11,282,26,1,11,0,7,0,121,12,229,61,17,1,6,50,103,22,0,43,9,0,5,14,6,17,2,2,0,0,29,2,65,19,13,59,0,16
cell_476,3,5,5,3,90,55,8,63,23,409,97,4,77,35,0,1,25,139,0,12,25,57,70,30,1,1,135,5,2,4,6,10,0,8,0,21,38,199,135,6,1,73,0,0,5,0,227,80,203,131,32,29,0,21,1,3,52,229,3491,103,2,101,2,17,40,8,5,14,21,5,22,3,3,176,21,44,13,521,69,2,6,0,113,7,498,0,223,46,1,0,0,2,362,220,12,22,31,125,19,25,2,11,37,1,9,148,136,143,24,58,12,50,57,2,38,4,20,9,0,32,1,133,7,35,215,41,6,28,28,32,67,36,13,43,1,33,127,12,0,0,300,37,5,4,3,147,10,26,81,0,0,5,167,0,0,4,3,3,44,131,8,174,3,13,1,9,1,3,9,306,74,14,885,4,110,13,24,408,3,26,0,16,32,22,10,5,41,169,2,49,20,119,19,18,105,58,80,330,25,76,1,19,0,13,83,259,97,29,41,72,5,56,29,7,6,37,3,5,27,59,3,5,3,100,24,54,0,5,21,0,51,10,46,129,2491,6,16,4,0,1118,26,26,0,0,24,30,9,31,4,7,2182,138,2,56,643,48,19,2,104,2,40,12,13,0,0,4,4,0,40,339,211,0,100,28,35,73,28,72,17,18,45,1,7846,361,4,19,124,16,1,27,17,5,18,27,89,22,119,230,50,6,8,32,7,41,1,0,24,57,25,25,48,3,0,62,144,3,53,0,118,45,112,16,69,916,49,97,6,38,14,832,3,31,34,289,83,24,2,2,3,19,932,50,17,36,0,0,59,74,7,5,1,22,52,19,39,19,36,24,5,25,162,6,2,406,2,184,0,12,24,211,12,30,4,174,101,64,1,6,68,22,30,48,17,17,19,119,6,1,43,8,0,5,76,0,21458,2,60,41,19,61,317,439,5,6,89,15,4,116,31,3,0,11,0,15,329,8,4,0,171,13,47,0,20,3,1,17,1,11,155,1,59,5,85,175,1,0,6993,59,18,1,53,31,22,26,19,33,27,0,98,9,35,323,12,0,48,19,3,3,19,0,43,135,6,234,33,5,2,15,8,3,118,22,190,61,20,1,2,62,101,33,0,34,8,0,2,9,26,1,26,2,77,0,55,0,197,16,25,23,0,2
cell_477,7,37,42,3,73,5,0,47,19,56,104,1,54,48,0,11,5,7,0,0,82,50,14,3,6,10,127,1,0,3,8,131,17,2,1,0,12,74,96,7,0,92,213,0,6,34,77,51,158,92,46,1,0,34,2,9,12,224,3209,192,4,24,7,10,29,31,33,7,82,0,19,6,4,161,43,71,17,6,0,0,9,2,103,0,377,0,44,48,1,0,0,36,97,117,2,39,5,105,16,85,1,14,53,7,4,47,288,52,2,70,31,33,56,14,63,19,58,11,0,12,5,100,10,43,117,12,3,0,54,19,24,17,92,33,2,10,71,23,1,43,200,35,42,0,2,272,1,55,55,0,0,1,122,0,0,49,7,10,6,59,27,141,9,32,0,28,4,12,9,85,16,27,999,7,66,14,33,802,0,40,0,22,0,39,2,9,23,86,0,64,29,106,57,0,31,107,29,227,17,53,0,26,1,58,64,108,10,20,53,24,4,33,45,1,6,110,5,3,20,41,1,2,10,52,46,24,2,8,2,24,64,56,51,64,3120,18,27,0,0,1228,63,42,0,0,52,63,13,19,4,3,1703,50,0,18,239,46,86,2,201,0,46,12,10,0,58,12,159,7,84,103,351,3,151,94,39,38,51,1,8,21,52,13,4198,350,0,5,0,18,0,48,47,13,18,0,6,29,24,131,42,16,31,33,14,5,0,0,2,9,31,28,84,16,0,66,92,33,28,5,120,20,62,2,35,709,25,86,1,12,4,419,0,14,18,70,69,1,4,2,0,28,1240,51,41,72,0,0,53,74,20,8,1,4,66,33,92,37,70,51,12,50,269,2,26,266,0,53,0,14,28,269,39,62,6,90,135,2,1,5,38,9,72,21,6,18,18,30,6,34,16,0,0,27,50,0,12469,3,78,25,23,41,246,97,6,0,95,1,14,6,4,0,1,16,18,2,163,1,15,3,283,21,2,0,23,6,2,5,26,6,417,11,102,1,69,88,0,2,12405,70,11,0,36,43,4,2,8,6,19,0,124,3,29,293,94,42,4,23,0,15,20,23,0,168,5,153,16,3,5,22,0,2,141,45,60,1,17,0,7,46,128,31,89,15,0,6,1,13,9,0,19,2,12,0,36,31,55,0,24,31,1,3
cell_478,0,15,4,2,80,31,2,84,4,16,47,24,39,9,1,52,39,62,0,2,73,41,18,21,18,1,126,64,13,1,3,0,0,22,0,15,41,54,127,0,1,103,44,2,5,0,70,36,84,86,60,12,2,8,0,4,0,208,2534,121,16,79,3,2,71,10,63,32,49,8,6,2,22,96,66,42,20,125,28,1,12,0,67,13,138,0,149,141,0,1,0,10,61,120,4,9,27,81,82,41,1,24,0,0,13,50,117,44,32,208,33,33,39,4,64,51,6,7,0,23,1,51,14,52,62,9,40,10,25,12,9,20,62,80,0,184,67,64,0,0,193,77,11,1,5,70,7,24,80,0,0,1,114,0,0,14,9,6,34,74,2,59,11,27,0,0,16,20,74,64,22,41,998,3,20,30,24,455,2,77,11,5,0,36,19,12,18,81,10,34,32,23,60,31,80,127,154,158,3,113,0,37,5,3,44,38,66,33,48,79,4,41,48,12,20,63,3,39,5,44,5,17,7,91,58,23,5,18,20,1,24,9,70,46,2261,11,16,6,0,1164,101,51,0,3,27,29,0,60,14,6,148,53,10,0,180,24,5,0,62,19,32,26,14,0,10,4,12,11,49,261,171,4,70,1,39,34,2,0,37,33,5,1,2680,256,6,16,37,43,10,81,46,16,34,2,3,22,31,77,42,8,11,59,32,62,0,0,3,59,19,0,127,52,0,64,102,64,65,0,90,26,41,3,16,187,0,55,11,15,3,248,18,1,40,66,55,9,0,33,0,14,1754,77,47,68,0,0,73,75,1,21,0,12,51,24,75,12,67,99,77,20,116,25,0,158,60,67,0,40,10,99,14,46,1,17,102,0,0,7,90,7,96,73,0,28,30,28,0,4,13,1,0,8,53,0,10032,6,43,17,24,71,164,46,17,9,40,29,20,8,3,0,67,22,0,15,1,13,2,0,142,12,28,0,69,7,3,14,0,7,254,13,64,0,60,52,0,1,7307,37,35,2,9,37,32,9,10,45,55,22,93,11,15,83,17,8,30,16,0,1,27,12,8,108,1,180,33,8,8,5,3,1,126,25,40,8,7,13,6,38,150,42,0,75,27,0,0,23,10,3,25,5,1,3,76,4,15,0,28,10,1,1
cell_479,13,9,14,8,93,25,12,44,33,0,65,0,22,15,0,14,39,26,0,0,35,31,3,18,21,10,24,96,11,4,5,28,6,63,0,12,5,231,121,1,0,98,135,2,8,12,70,60,106,53,57,4,17,16,0,2,15,131,2485,146,2,77,25,9,1,11,28,10,47,7,11,2,9,151,9,43,34,101,60,2,17,0,88,4,137,3,144,120,3,0,0,10,40,72,4,18,9,103,25,10,4,7,22,6,7,5,59,26,2,149,18,59,42,14,72,8,49,46,0,21,7,62,15,45,46,10,16,91,18,2,17,21,6,95,10,157,71,47,0,22,196,146,5,21,19,153,4,18,75,0,0,13,110,5,0,9,1,0,38,62,13,25,7,12,0,171,4,29,92,97,18,58,841,6,62,30,17,492,8,53,7,7,0,21,7,8,42,74,5,79,24,66,20,7,22,102,110,115,16,68,0,22,0,0,57,39,67,21,69,82,1,22,48,10,14,107,40,1,0,35,11,1,6,73,52,20,0,20,27,55,35,3,80,31,2408,63,35,17,0,1211,79,9,0,1,11,75,3,42,4,2,160,40,0,4,154,57,105,8,91,6,48,40,15,0,90,72,131,10,49,28,177,0,102,4,59,38,12,32,4,18,15,26,2824,217,0,27,40,9,0,98,2,4,43,1,0,47,73,31,51,63,10,90,32,74,0,0,2,134,49,16,29,21,0,82,109,61,74,23,95,24,22,4,18,179,14,19,0,59,9,197,15,81,14,81,63,29,0,21,2,5,2109,71,28,36,52,0,24,48,13,12,41,4,57,36,91,65,37,74,76,46,185,15,3,71,9,54,0,38,2,176,4,53,11,65,65,0,0,4,67,6,50,43,9,60,12,24,6,0,35,8,0,35,31,3,9653,5,52,33,20,81,190,12,10,10,64,3,31,98,10,0,0,7,0,4,0,26,20,2,98,12,17,0,69,33,1,4,12,10,90,5,84,4,58,99,6,1,7240,66,29,3,17,8,10,18,13,13,12,3,62,1,20,93,34,5,17,15,6,8,30,24,0,115,0,231,51,17,19,28,15,0,38,22,79,0,64,0,2,61,143,47,58,99,0,2,0,44,10,3,26,14,17,0,92,15,16,3,14,18,0,4
cell_480,0,25,0,17,75,19,2,74,45,370,36,13,7,79,0,37,48,5,0,0,84,44,12,17,19,6,78,16,1,8,5,130,6,2,0,0,57,459,104,6,2,80,191,0,14,0,62,51,132,86,66,9,12,7,0,9,9,208,3221,224,17,76,11,45,3,13,63,36,76,0,7,7,46,101,43,32,19,5,8,1,4,8,91,1,283,0,262,57,0,0,0,14,107,154,2,68,45,29,14,18,2,1,1,16,11,34,258,44,9,37,17,5,42,22,61,33,17,6,0,95,4,19,11,16,94,43,34,0,19,0,16,18,135,49,4,273,59,78,0,62,57,122,23,4,6,189,3,26,43,0,4,0,87,12,50,48,4,2,12,72,10,101,3,17,0,57,11,10,1,110,14,25,903,6,117,15,10,847,3,15,9,14,0,8,13,5,3,111,25,58,22,54,15,4,43,122,43,511,3,31,0,21,1,33,49,9,84,41,15,59,1,25,31,12,1,113,20,72,1,3,7,6,2,19,65,17,1,25,13,0,43,6,38,53,2931,22,18,18,0,1172,64,42,1,0,75,96,35,4,8,0,1620,22,0,0,216,49,114,10,170,7,34,64,22,0,42,32,4,8,24,77,350,0,457,37,29,18,26,5,9,1,32,0,4295,436,23,6,10,18,0,62,1,14,27,0,98,49,17,166,33,6,47,52,47,73,1,3,1,0,48,33,155,21,0,29,34,48,30,39,77,26,39,15,19,730,29,54,0,31,4,422,15,2,6,98,47,49,17,4,4,31,985,46,50,12,2,0,61,10,49,4,22,15,15,23,44,18,2,10,1,133,64,15,22,212,0,46,0,22,4,148,12,2,0,69,110,0,14,2,58,1,46,33,48,56,44,79,0,12,73,7,0,10,39,32,12267,6,69,27,4,48,196,45,6,0,102,31,4,59,42,7,4,12,0,15,0,13,5,57,341,34,0,0,40,6,0,39,10,6,344,11,89,9,29,151,25,0,13768,49,73,44,22,72,19,10,0,32,16,0,134,0,4,185,88,41,3,12,2,18,16,1,2,129,8,81,34,2,13,1,1,2,121,7,180,15,20,14,4,31,143,18,0,123,13,1,2,28,1,1,6,2,0,3,120,1,48,17,15,22,0,0
cell_481,122,18,24,0,100,12,5,19,4,71,123,20,9,22,0,105,23,54,0,0,22,51,14,13,19,0,69,48,5,2,1,71,6,6,0,23,48,535,72,20,2,59,86,0,19,17,67,49,101,93,21,53,3,2,11,24,14,163,2686,38,3,138,37,12,23,25,50,11,28,4,19,12,25,78,37,48,12,112,29,3,4,0,107,7,681,0,76,46,3,0,3,1,182,96,12,21,12,75,8,22,1,7,29,11,35,58,183,54,14,19,87,26,67,3,42,13,6,63,0,26,1,21,6,18,94,26,11,0,40,46,4,20,17,34,6,91,87,1,0,15,215,89,20,6,2,299,18,39,53,0,0,3,181,3,2,7,8,9,19,124,5,150,4,20,0,4,3,4,3,167,22,29,984,60,59,9,12,520,25,43,27,8,3,11,11,8,40,121,4,32,11,190,28,1,51,60,93,15,10,32,0,11,0,16,86,165,61,30,17,47,3,40,47,6,19,63,5,33,3,25,14,5,9,65,50,54,4,4,7,0,51,1,55,104,2773,49,49,0,0,1277,24,14,0,0,105,11,83,21,2,39,3853,53,2,0,438,46,54,2,100,18,52,22,7,1,18,16,48,0,72,85,143,0,347,16,63,26,20,1,22,12,29,0,6318,391,0,12,180,0,14,33,8,9,31,0,41,27,97,75,34,9,12,10,34,32,0,8,5,6,38,8,68,11,0,43,81,42,37,1,155,34,97,7,16,409,7,48,3,13,5,412,17,72,32,172,43,22,1,64,2,16,1385,51,38,32,0,0,39,86,61,5,0,20,38,35,61,40,7,8,16,50,136,4,8,131,42,191,0,3,12,5,3,33,5,134,136,0,0,4,21,28,3,47,2,21,35,245,10,44,38,3,9,13,24,21,9111,3,109,30,24,36,241,183,16,2,92,20,1,35,0,3,2,6,0,5,0,17,10,21,140,24,6,1,27,25,2,8,1,3,244,0,58,3,79,74,2,0,12503,58,17,10,31,14,12,12,36,53,15,6,112,4,11,340,91,30,13,18,5,5,27,4,1,78,3,254,21,13,7,5,0,2,128,9,186,25,6,0,4,43,97,13,18,50,5,6,2,15,8,1,13,0,14,6,52,2,1,2,4,44,4,0
cell_482,0,9,6,15,79,13,4,50,28,4,116,30,30,13,0,39,38,45,2,18,64,52,19,0,8,3,14,29,1,29,2,67,17,2,0,11,37,358,99,9,7,77,0,0,5,18,67,50,148,104,58,11,0,27,3,7,1,251,3167,116,5,71,20,37,64,59,21,11,63,14,3,0,7,159,61,77,20,4,8,1,2,0,60,5,310,0,254,68,4,0,0,0,35,210,0,5,57,158,12,4,1,10,107,8,3,0,200,38,12,102,42,53,48,24,56,47,31,20,1,49,0,1,5,6,23,9,22,13,61,15,0,8,31,37,1,281,85,0,0,15,224,41,15,31,0,380,10,57,40,0,2,1,162,30,66,21,31,6,26,48,19,119,0,10,5,24,10,38,30,60,18,19,1144,7,80,1,6,731,0,30,0,16,0,2,13,7,19,74,0,67,15,53,34,0,50,71,42,267,4,125,1,18,0,4,40,21,9,35,28,71,4,20,3,0,25,12,0,33,0,36,21,11,4,39,52,218,0,20,28,0,53,49,9,46,2961,3,8,0,0,1222,56,23,2,0,88,92,0,20,5,0,1637,50,6,7,231,4,39,32,75,5,57,22,6,0,53,63,71,0,21,259,335,0,556,0,44,36,21,4,33,9,29,60,4396,418,9,59,351,18,0,62,1,2,25,0,13,38,37,89,25,4,29,36,22,6,12,0,0,135,42,11,58,53,1,16,72,4,31,26,46,15,30,3,58,638,95,68,1,12,0,434,6,16,0,95,51,8,3,6,18,30,1248,68,45,82,20,0,35,55,3,49,0,21,56,19,120,14,0,39,5,112,237,23,6,163,32,49,0,11,16,0,20,50,2,118,121,0,4,22,52,0,1,0,52,15,4,17,4,3,23,44,0,10,54,0,12789,2,80,16,19,33,202,32,12,9,101,5,10,72,33,11,23,7,0,0,0,7,0,33,230,27,11,2,26,5,15,24,35,0,332,6,77,3,50,133,0,1,12606,23,29,0,18,52,24,14,2,23,11,5,129,0,56,63,123,8,13,20,1,34,23,31,1,112,0,130,28,12,1,4,48,0,150,50,144,0,1,0,4,50,149,24,0,126,8,17,2,15,40,2,12,3,7,13,119,4,12,3,48,25,1,0
cell_483,15,16,11,30,83,57,17,28,12,21,81,2,53,53,0,40,23,59,0,68,226,38,21,9,26,3,167,21,5,8,1,7,17,5,1,61,2,1273,130,10,6,27,0,2,27,37,207,107,180,134,45,2,15,0,0,67,23,175,3422,90,15,113,9,4,22,10,32,11,83,4,6,2,33,112,31,39,12,395,61,0,13,0,114,0,496,0,217,79,3,0,6,1,429,134,42,1,8,41,41,72,12,8,13,3,29,139,154,148,53,97,14,26,65,11,43,1,12,57,0,99,0,162,21,19,270,89,3,0,55,4,16,28,32,35,12,150,95,14,0,1,271,32,7,14,28,250,15,35,93,0,0,16,145,0,49,11,2,19,11,113,36,157,8,17,5,4,4,3,3,241,4,15,1056,30,55,6,44,326,0,27,3,21,0,37,15,10,22,9,3,23,14,10,21,11,111,158,45,312,6,66,8,13,2,20,65,371,67,36,5,49,2,33,38,2,4,8,7,102,37,22,6,5,5,98,26,0,8,13,13,81,95,4,162,117,2737,17,27,81,13,1260,27,13,3,0,49,27,1,35,14,5,2339,114,0,1,641,5,27,3,172,8,43,12,12,1,25,2,92,7,40,187,163,0,209,44,34,38,18,9,47,7,18,13,7605,376,6,21,249,9,1,50,17,16,22,0,5,6,139,88,36,4,8,20,0,22,8,5,5,2,25,8,28,5,0,15,87,17,38,2,203,36,30,2,18,984,36,104,5,18,5,1110,6,40,42,210,95,19,1,18,2,74,913,49,25,28,382,3,48,11,19,2,3,5,44,11,8,23,15,1,9,11,137,14,0,485,5,179,0,10,40,0,2,24,1,133,59,0,3,4,43,23,5,20,25,18,42,82,0,27,90,9,0,14,75,0,22447,1,53,51,25,21,278,190,9,1,114,1,4,25,41,0,10,29,5,17,196,2,10,78,284,19,33,0,18,11,0,15,1,1,66,4,56,6,92,155,29,0,6908,19,70,6,84,11,3,1,13,10,18,0,57,1,60,538,34,26,79,2,17,19,38,2,50,77,15,327,20,6,18,4,24,8,140,24,90,28,7,2,4,41,114,25,90,26,10,1,17,10,18,0,17,10,0,0,51,7,70,3,17,19,2,14
cell_484,98,20,5,1,65,45,0,54,32,272,103,4,54,67,0,60,13,11,0,0,143,85,13,8,22,0,118,34,3,1,2,0,1,6,0,16,152,178,144,18,1,28,0,1,12,25,116,110,155,162,11,29,0,6,3,33,24,184,3791,93,16,118,16,4,0,28,37,24,147,5,11,13,19,238,5,36,23,133,61,1,3,0,99,5,484,0,239,48,0,0,0,0,219,451,8,6,35,16,5,22,19,19,2,5,12,126,164,45,53,45,15,39,55,9,40,0,18,10,1,207,0,42,1,31,233,24,10,0,47,25,40,15,44,25,0,165,117,26,0,28,121,31,36,39,1,60,22,36,52,0,0,3,150,3,17,23,14,77,32,120,0,137,2,17,0,5,6,5,6,246,50,30,771,6,87,18,15,393,5,23,1,32,0,15,34,7,0,74,12,75,11,97,1,0,113,94,98,637,46,104,25,14,7,65,74,182,180,31,3,37,15,64,19,4,10,31,23,34,19,8,0,20,15,68,28,20,0,0,19,6,61,16,81,102,2584,3,4,38,1,1213,20,3,0,0,169,8,0,12,14,0,2038,89,0,4,633,9,4,2,52,24,62,14,7,7,10,7,29,13,51,538,201,0,420,27,31,36,52,1,30,109,20,12,7507,373,6,3,60,56,0,52,0,43,24,0,2,22,38,48,27,6,9,30,3,14,0,7,26,0,33,15,51,5,1,17,20,1,36,0,195,20,76,5,7,115,27,66,5,35,26,899,7,28,36,215,36,13,0,0,2,5,1160,43,25,38,0,0,38,24,11,55,0,17,62,19,26,7,6,0,0,43,106,10,2,423,0,184,0,6,25,43,9,27,12,140,111,71,3,7,20,24,44,105,23,8,41,226,0,88,80,16,0,23,76,1,21874,2,50,53,7,52,361,305,4,3,125,23,9,0,15,29,0,4,1,21,0,10,6,0,422,22,1,1,27,0,4,26,2,1,236,2,58,3,96,139,0,0,6680,4,11,11,50,23,23,10,34,1,33,0,62,14,48,319,88,23,55,3,2,80,24,2,40,82,1,147,24,3,5,0,19,0,96,19,268,18,45,2,3,68,88,29,22,33,5,4,13,10,5,4,1,2,0,2,22,0,73,42,14,75,0,2
cell_485,0,36,1,0,27,40,4,66,18,47,9,3,25,0,0,25,32,17,6,0,19,106,3,0,37,0,0,94,19,15,11,3,0,21,0,3,24,68,558,0,5,269,188,1,0,6,58,197,149,143,67,0,2,5,1,8,39,1147,2094,226,15,161,5,3,104,7,36,38,29,3,9,12,8,15,48,35,13,335,71,2,3,0,27,6,248,3,73,20,0,0,0,6,159,22,2,8,4,90,49,2,5,6,8,3,6,98,93,90,9,119,8,104,48,16,53,2,54,7,0,4,0,85,39,17,217,48,16,107,19,18,2,13,22,31,36,32,135,2,2,0,209,147,2,26,13,400,10,44,19,0,1,1,110,12,11,6,13,10,64,14,36,103,9,26,0,159,4,20,32,249,35,21,786,0,123,10,26,455,15,88,4,10,0,8,26,1,50,44,25,88,28,17,9,2,30,222,347,137,15,95,13,24,0,3,61,1,89,11,36,34,2,60,31,0,4,149,12,37,16,5,4,10,2,177,65,0,1,92,21,30,12,2,30,30,3243,17,2,15,0,939,275,49,1,0,37,20,0,42,7,0,39,315,0,0,174,29,71,5,107,4,98,9,12,0,34,108,13,17,75,51,194,1,21,37,61,64,53,0,4,7,18,4,3137,349,12,16,105,88,6,278,23,5,31,0,9,34,44,7,117,15,0,64,11,73,0,0,2,128,49,59,47,1,0,92,100,6,126,0,262,74,36,4,14,59,20,1,5,10,4,220,15,35,21,84,40,17,4,9,3,2,652,56,202,27,2,0,106,86,5,1,0,0,55,27,10,40,151,95,1,119,115,30,0,408,18,87,0,139,3,114,6,35,1,37,135,0,0,2,233,13,21,50,28,22,34,8,0,1,11,11,32,0,37,1,6896,14,55,49,28,100,292,4,4,1,33,9,29,98,3,1,7,11,0,6,0,44,43,0,91,22,7,2,62,0,29,26,17,0,250,3,77,1,53,206,0,0,1378,44,3,1,43,30,17,4,4,20,21,5,58,8,11,49,59,11,22,21,0,9,169,3,5,169,0,303,98,42,15,28,39,4,101,12,101,6,31,0,14,21,114,74,0,257,3,5,1,47,16,0,22,2,0,0,138,45,12,4,12,72,4,12
cell_486,0,4,2,0,54,44,17,16,10,6,66,71,12,7,0,15,15,22,0,19,57,30,37,2,66,7,87,40,15,24,3,31,23,1,0,20,63,81,61,16,0,68,0,1,10,2,49,43,54,113,63,4,1,13,50,13,3,302,4413,88,24,72,32,15,67,20,31,59,48,4,8,2,3,55,44,68,20,52,96,4,5,0,56,16,124,0,23,83,0,0,15,26,93,57,7,24,4,96,14,1,2,0,18,9,2,48,138,23,31,5,20,42,38,16,44,1,31,59,1,19,0,7,10,7,29,3,17,3,9,6,77,6,38,71,38,113,49,17,8,77,79,73,4,12,3,171,12,62,46,0,0,4,36,13,42,22,13,1,38,66,12,24,0,47,1,75,0,11,3,85,17,38,554,0,68,42,34,495,2,96,2,17,0,8,38,4,12,137,7,10,15,32,44,2,43,143,27,44,11,64,6,32,0,72,66,8,32,34,52,66,7,35,36,16,8,45,1,27,6,49,32,13,4,94,64,101,0,29,5,13,124,15,117,26,2188,11,8,5,0,1345,69,17,0,0,25,125,42,26,14,14,43,62,0,0,86,49,60,22,12,13,54,16,18,12,9,40,30,0,76,104,208,3,109,90,62,34,39,1,4,5,8,21,2219,194,10,14,193,4,0,118,0,7,46,0,47,44,41,49,29,24,14,43,108,36,1,3,30,19,64,48,55,13,2,11,115,34,52,24,70,25,26,0,25,180,15,65,6,7,0,141,15,10,0,55,42,8,0,15,7,4,2048,113,90,73,1,0,50,59,9,8,8,0,73,77,58,76,12,9,37,46,98,15,17,118,39,110,0,58,23,5,3,51,3,69,162,1,2,10,60,18,0,11,23,57,37,149,0,13,34,4,14,4,41,0,10645,4,63,26,27,74,182,4,7,1,17,23,11,61,9,0,2,5,0,29,0,38,13,0,120,68,8,0,53,6,6,28,20,0,168,13,104,12,45,132,0,0,5710,19,29,9,9,9,36,2,4,44,36,0,121,1,8,82,77,9,7,23,0,1,40,79,3,84,2,268,26,5,11,8,20,6,100,11,111,7,2,1,0,25,126,63,1,88,10,1,1,37,13,1,18,0,0,31,34,24,4,10,7,41,0,1
cell_487,0,12,12,15,38,43,16,31,8,3,51,2,30,37,0,7,15,5,0,1,49,39,42,14,50,0,88,37,15,15,5,1,37,3,25,0,54,92,53,13,5,71,0,0,3,14,35,56,111,113,88,1,1,15,1,2,35,265,4402,167,31,27,11,4,62,1,53,34,61,7,9,9,14,74,28,89,16,103,99,8,12,0,75,1,131,1,120,86,14,0,4,29,66,83,0,18,2,42,9,2,1,17,123,24,9,9,238,37,6,83,25,27,41,2,76,1,52,1,4,5,0,15,17,5,34,22,7,0,8,1,7,29,93,74,7,167,39,23,1,0,118,8,27,3,6,43,11,63,31,0,0,0,110,43,0,26,8,2,8,50,6,0,6,47,0,23,5,24,9,106,4,46,675,3,58,46,28,487,3,102,5,9,0,21,2,5,24,166,21,43,19,6,37,5,60,171,32,151,5,69,14,27,0,1,72,6,37,37,12,18,10,40,32,23,18,65,10,13,10,16,5,10,18,52,75,2,72,9,7,3,137,27,95,30,2678,27,6,16,0,1381,84,34,0,0,58,149,5,33,8,15,92,32,1,0,64,42,109,3,43,14,88,5,16,0,23,52,8,19,66,50,270,6,81,75,57,25,4,4,16,20,19,3,2290,196,8,11,257,2,1,108,1,7,40,0,13,12,27,84,43,17,26,54,121,69,0,0,94,135,52,36,108,2,0,74,90,66,44,13,30,20,0,8,8,158,11,37,9,6,8,129,7,45,17,62,61,3,12,4,14,5,1639,111,108,57,0,6,64,59,23,1,0,8,50,27,6,109,33,18,53,59,98,38,18,156,2,92,0,25,29,307,21,60,0,29,208,79,1,12,59,18,52,20,23,45,34,8,0,26,21,14,0,10,53,0,10599,7,58,20,31,66,195,27,18,0,24,2,31,70,1,0,3,18,0,14,51,22,12,2,108,52,13,3,37,9,13,26,56,3,201,2,80,18,25,170,2,0,5563,35,21,17,92,20,32,10,6,10,14,0,124,6,17,39,137,44,10,19,0,12,18,17,4,126,0,77,24,15,0,15,44,12,78,8,96,14,64,21,3,45,178,53,5,50,14,0,1,26,10,3,6,5,45,7,54,44,16,0,30,33,0,10
cell_488,17,3,0,0,54,65,14,85,36,8,78,116,77,49,0,51,24,8,1,0,44,39,12,1,27,0,0,24,4,10,6,88,47,32,3,0,51,9,67,4,0,59,85,0,10,1,31,90,72,58,96,5,0,29,4,3,6,146,2754,22,35,71,5,3,72,1,35,26,20,14,10,8,5,3,17,66,38,74,50,3,19,0,100,18,65,0,45,43,14,0,5,26,14,92,3,5,5,5,18,5,4,12,4,8,15,34,211,42,1,46,6,12,45,15,64,3,24,23,0,2,1,50,6,36,67,45,2,0,16,10,32,11,0,93,7,42,30,41,1,5,94,36,6,0,16,101,1,16,19,0,0,0,141,23,1,7,8,3,15,55,16,85,11,97,1,152,8,19,13,41,16,34,1339,11,95,14,49,104,16,74,1,13,3,52,46,17,7,92,3,52,29,10,17,22,35,271,39,67,86,31,4,36,0,18,88,25,35,64,2,30,4,41,53,21,3,77,15,6,0,10,21,6,16,60,40,7,6,63,45,13,10,17,43,51,2021,8,4,23,0,1664,69,118,11,3,8,24,11,61,22,37,77,11,7,0,48,30,42,1,107,22,73,8,24,0,36,76,108,13,85,92,64,0,96,42,55,54,76,11,46,8,26,14,1447,50,13,32,4,13,0,89,2,2,92,0,2,11,29,5,50,14,17,100,51,9,0,7,10,87,34,14,25,1,0,32,156,51,72,15,43,66,13,4,30,65,6,41,7,7,13,49,3,25,88,52,49,42,3,23,28,2,2743,87,74,21,1,2,85,40,17,0,0,6,54,34,36,36,17,136,63,47,41,50,0,50,1,64,0,57,11,114,13,72,4,62,72,35,22,19,59,28,16,23,5,111,54,104,1,0,26,1,0,7,18,21,5408,9,89,41,14,69,94,37,21,2,42,20,33,72,55,5,4,17,0,2,0,23,13,25,62,26,0,7,29,20,11,13,7,0,106,4,72,1,45,92,0,4,3363,57,27,3,24,2,111,6,10,26,17,7,129,18,27,60,42,23,2,53,2,11,18,1,8,41,9,78,64,21,19,4,5,11,56,35,49,29,62,15,0,19,119,73,66,71,22,1,2,79,17,12,21,22,12,16,87,10,24,9,7,5,0,7
cell_489,0,9,0,8,95,51,1,86,7,135,75,1,121,13,0,3,25,40,0,8,158,57,41,6,2,0,123,14,5,7,3,22,29,2,2,94,51,626,152,0,4,57,3,0,7,79,104,118,215,133,43,15,106,15,0,9,0,173,3370,117,7,84,3,13,43,18,24,28,126,9,40,7,5,229,11,34,11,397,60,0,3,0,69,0,592,0,62,66,2,0,1,9,225,530,6,12,63,20,89,44,14,8,9,7,6,154,118,128,29,37,18,6,71,5,48,6,30,18,0,46,0,14,8,50,309,19,9,0,35,17,0,16,72,38,2,229,105,1,0,1,317,50,10,3,10,130,10,46,60,0,0,1,151,5,0,15,33,13,27,120,3,178,4,15,0,31,0,2,1,275,21,20,878,2,108,12,12,337,0,34,2,18,3,31,11,5,9,145,3,46,21,57,13,0,94,163,74,172,6,83,5,15,1,24,111,176,121,33,40,63,2,54,20,0,27,62,4,18,11,42,0,9,2,106,32,6,0,4,20,27,46,12,30,114,2385,19,1,54,0,1160,22,15,0,0,67,7,2,25,6,0,2046,119,0,0,685,8,37,1,21,8,26,33,3,2,8,10,8,5,8,204,161,0,306,0,21,48,115,0,10,16,37,2,7638,380,1,13,1,31,0,53,3,8,22,5,109,55,100,51,40,6,9,30,14,23,7,5,30,24,17,18,90,6,1,31,149,34,30,0,225,24,201,4,7,766,13,34,4,11,5,914,6,2,47,252,44,9,2,2,4,13,1075,45,33,46,0,0,60,111,7,6,0,12,57,1,23,0,19,13,13,35,171,16,0,528,0,173,0,10,2,141,3,21,2,79,100,0,2,3,45,16,27,89,6,7,41,176,4,33,50,0,0,25,71,0,20145,0,64,72,24,53,301,436,10,6,39,9,1,0,10,1,0,15,0,31,0,4,31,20,339,29,41,2,34,12,5,66,1,1,231,4,89,12,61,126,0,7,6835,21,101,6,13,10,24,14,27,17,11,4,54,1,33,472,45,31,149,15,0,13,9,24,13,141,0,363,26,6,5,26,0,0,121,28,236,28,25,0,5,54,74,22,107,29,11,3,8,10,23,2,9,6,10,3,31,0,24,2,5,64,2,4
cell_490,0,53,5,19,85,85,12,51,1,217,113,1,101,57,0,1,26,170,3,4,36,65,20,11,8,4,28,55,5,3,4,0,4,1,0,2,59,759,139,12,0,58,6,2,14,13,186,97,83,148,31,33,17,36,3,33,16,153,3328,79,6,132,6,61,13,1,31,12,30,1,6,7,14,92,25,21,11,501,44,9,14,0,109,3,544,0,253,66,6,12,21,22,361,592,19,8,85,108,31,102,6,6,30,0,11,121,132,106,59,20,13,38,59,2,51,18,20,28,0,133,0,96,4,29,235,1,3,0,65,9,23,38,20,49,1,122,63,8,0,98,151,45,18,0,7,191,7,51,70,0,0,0,146,0,0,17,5,35,48,105,9,113,23,19,2,26,0,3,14,294,37,12,769,29,16,3,44,399,7,27,33,23,0,39,23,2,43,99,4,58,11,75,37,17,56,154,29,667,11,103,0,28,12,0,60,305,14,51,36,63,10,51,32,19,16,19,10,16,2,53,1,6,8,100,32,18,2,2,11,49,81,44,129,113,2840,51,23,9,0,1322,25,27,5,1,23,32,16,32,21,4,2154,113,0,5,567,69,3,8,108,9,15,29,11,0,24,9,0,0,16,470,208,2,276,0,51,62,98,0,11,23,20,3,8070,362,6,12,33,0,22,37,18,28,18,38,21,37,78,252,49,0,5,34,3,17,0,12,21,18,35,17,39,29,0,35,148,7,37,7,255,39,66,3,19,1053,76,76,1,31,1,911,6,39,16,255,88,49,4,6,1,34,1023,38,22,32,0,0,39,63,6,12,3,4,21,5,22,18,61,15,38,39,159,29,3,557,3,189,6,8,7,227,0,16,10,45,87,0,6,1,52,27,24,14,1,34,46,213,0,60,51,3,0,15,95,0,20680,6,63,60,14,51,175,145,22,5,106,14,2,112,139,3,0,16,8,31,16,6,12,7,345,5,33,0,53,7,0,15,13,11,212,0,70,5,84,139,11,1,6233,39,21,11,32,20,23,1,4,69,3,0,69,9,9,164,40,72,32,17,2,21,47,1,6,98,3,402,27,14,34,3,37,7,118,46,239,26,13,24,2,80,88,32,12,42,32,0,1,21,0,0,15,3,0,0,39,1,24,13,19,24,0,0
cell_491,0,6,6,17,53,1,9,23,18,407,83,12,109,31,0,8,26,170,0,12,41,55,36,6,9,2,22,51,14,7,7,13,9,10,0,24,43,660,156,13,0,33,0,6,9,10,120,106,215,147,38,15,0,12,2,11,14,173,3582,133,2,37,12,12,9,18,15,29,128,10,4,10,37,211,21,62,28,0,60,12,5,0,111,13,551,2,65,59,3,11,0,4,124,218,6,20,3,136,1,23,2,0,6,0,7,106,108,147,12,61,38,71,54,2,47,1,7,28,0,21,0,164,13,24,247,10,3,0,31,15,80,28,75,47,3,205,136,13,0,1,242,104,30,9,4,162,0,62,48,0,0,10,113,0,0,4,17,73,16,121,1,213,2,7,0,2,2,13,2,377,32,19,720,4,79,8,22,420,0,12,0,1,3,26,62,17,44,189,1,26,13,55,40,20,53,81,45,174,14,77,16,26,5,12,101,38,73,64,21,47,11,35,39,8,7,35,13,27,2,70,18,13,1,107,14,8,8,5,32,0,46,36,104,81,2390,35,25,43,3,1250,16,30,4,0,58,49,3,39,7,2,2289,91,4,5,675,63,20,0,108,9,49,21,13,0,31,14,0,0,39,96,203,0,109,42,35,47,62,0,8,9,0,5,7506,385,1,8,62,7,1,51,0,13,28,0,7,39,39,123,33,4,28,32,11,38,10,1,0,43,19,32,64,19,0,47,158,26,34,31,126,26,142,5,49,832,13,25,2,35,25,984,2,14,23,285,51,17,3,23,1,35,1017,43,5,32,1,0,50,110,24,12,0,35,46,1,60,31,0,6,15,36,165,24,1,183,19,149,0,9,8,207,11,34,2,195,49,0,0,7,55,21,0,13,12,15,36,54,1,2,65,2,0,12,101,0,20985,11,62,62,23,51,325,411,19,2,125,4,10,138,6,0,24,33,37,9,0,4,20,0,163,10,12,0,31,3,0,69,12,14,21,7,74,3,80,218,42,0,6867,29,20,3,12,62,17,25,3,83,25,0,56,4,49,480,62,46,66,5,6,19,31,1,21,141,17,402,26,12,14,11,8,0,91,29,10,3,22,1,6,62,95,32,0,22,5,5,5,22,14,5,10,1,0,1,64,1,128,2,12,19,0,1
cell_492,134,33,2,15,83,90,10,54,25,25,94,0,115,51,0,69,13,97,1,0,173,46,5,19,13,0,25,0,2,0,9,122,3,3,0,0,112,220,131,4,3,59,183,1,0,0,189,95,150,138,37,14,0,6,3,10,65,227,3515,222,4,106,20,1,19,2,22,16,101,8,3,14,4,143,22,53,6,489,61,0,10,0,115,3,337,0,166,53,1,0,0,40,353,326,9,0,56,106,21,85,3,11,33,2,10,68,119,119,25,14,30,10,81,6,8,8,84,13,0,27,0,62,10,37,50,9,4,0,83,5,7,24,34,44,1,393,107,3,3,16,286,72,4,1,12,21,9,33,43,0,0,0,119,11,29,33,6,50,37,113,6,137,15,23,0,17,8,10,10,319,35,18,816,14,29,16,52,386,0,25,4,19,0,8,20,17,55,98,4,54,18,65,13,2,104,143,80,490,9,91,2,19,1,3,75,234,79,47,33,44,7,49,43,6,8,72,0,1,14,34,9,3,3,85,31,13,7,27,33,195,14,0,90,111,2722,47,12,2,0,1280,28,27,3,0,135,23,0,21,5,8,2282,55,0,0,610,14,14,11,9,0,13,51,14,0,15,23,133,0,20,696,191,0,330,29,32,51,1,0,15,34,18,7,7831,355,3,22,23,19,0,42,19,22,23,0,1,28,72,367,44,1,15,25,0,5,0,1,13,0,21,12,36,5,0,50,140,28,44,0,214,28,26,8,28,894,24,42,9,60,5,859,20,38,44,224,84,8,0,60,2,47,1016,39,29,26,96,0,75,34,38,11,0,1,57,19,87,27,26,21,0,34,123,28,2,585,0,164,0,14,2,177,1,28,6,189,131,6,3,6,21,23,38,34,3,18,32,66,0,28,48,0,0,8,93,0,20112,11,61,66,27,45,257,297,6,2,91,6,1,121,11,14,0,9,0,30,0,10,5,160,308,6,21,2,27,1,2,7,7,12,125,8,87,2,71,176,39,0,7020,36,48,8,27,14,17,25,23,30,5,1,71,8,20,343,74,88,31,13,3,5,21,17,18,60,0,397,30,6,17,8,80,0,123,26,253,1,14,1,3,58,79,33,125,43,3,15,5,17,14,0,4,14,0,0,75,0,0,9,8,70,0,5
cell_493,624,33,11,38,67,16,5,66,4,112,97,20,36,20,0,9,53,57,3,24,41,40,18,9,46,2,11,38,7,4,1,3,16,9,0,6,38,24,86,5,42,97,54,1,7,39,82,36,113,93,50,3,0,8,17,7,8,285,3089,48,6,118,9,13,30,8,15,22,76,2,26,4,33,56,61,84,6,165,56,8,2,5,74,7,345,0,51,67,1,0,13,7,165,153,1,28,29,48,21,77,0,16,20,3,8,41,100,36,4,30,7,5,45,1,60,6,6,11,0,12,15,47,13,13,123,20,14,0,26,10,15,10,101,46,3,184,72,82,0,10,243,122,23,1,6,265,15,43,4,0,0,2,13,3,111,28,5,1,8,92,3,18,2,30,10,7,3,23,17,85,37,27,1099,9,96,9,0,680,2,32,0,1,1,0,5,17,21,62,34,42,18,75,34,8,27,117,124,186,25,67,2,11,0,16,56,40,87,25,63,69,3,29,37,5,15,29,6,62,11,33,1,8,18,75,55,37,0,8,18,3,53,21,119,50,2935,12,22,9,0,1255,79,38,2,0,35,3,34,24,2,12,1395,62,3,0,229,54,33,0,12,36,14,49,0,0,0,13,8,12,50,224,322,0,183,34,40,38,61,0,19,5,16,0,4486,493,6,8,120,29,0,21,22,6,20,0,56,42,66,57,23,17,7,26,16,78,46,0,9,11,38,30,82,4,0,70,52,46,30,10,108,26,8,3,71,688,75,60,5,8,5,407,2,137,7,99,50,24,0,5,5,8,1010,54,31,64,4,0,57,90,35,0,0,8,72,9,91,57,7,27,27,98,196,11,4,151,0,55,0,10,5,265,5,30,1,28,36,0,6,8,30,2,78,41,13,54,37,173,0,1,14,10,0,20,18,0,12152,13,98,32,20,45,249,57,0,3,87,26,25,91,78,0,23,13,0,58,31,2,28,74,169,14,21,0,32,6,0,33,6,3,346,13,82,1,33,177,5,0,13462,22,66,20,12,8,19,12,4,37,28,1,89,0,6,190,70,0,20,20,5,0,55,6,0,119,1,294,28,1,5,6,0,2,102,24,68,3,17,0,9,17,181,17,0,119,9,5,1,18,4,7,24,15,3,6,102,23,25,3,31,15,0,0
cell_494,0,12,13,21,101,56,13,33,30,1,30,17,100,33,0,118,30,127,0,0,228,34,10,3,12,4,55,15,0,1,3,0,20,5,2,0,73,207,128,3,0,53,93,0,4,13,192,97,214,115,29,0,0,21,4,11,9,207,3589,290,1,147,3,48,1,6,16,9,133,2,8,0,14,60,24,53,9,318,11,0,8,0,84,2,306,0,216,60,3,0,0,5,335,185,11,3,75,135,15,69,3,3,15,2,24,147,181,125,15,29,12,8,61,24,42,7,56,15,0,14,0,17,13,32,101,0,1,21,35,3,65,14,46,70,4,8,110,17,1,62,163,58,3,3,33,143,18,25,66,4,5,3,149,3,34,7,7,0,41,122,11,101,2,14,1,17,8,1,5,279,62,29,822,46,40,0,36,357,0,28,2,18,0,3,24,4,23,77,16,84,20,34,4,5,74,139,37,825,4,77,12,11,8,5,71,41,31,10,10,41,18,42,24,11,6,20,11,6,3,0,13,4,7,105,34,2,8,10,14,0,12,10,27,88,2479,7,24,20,0,1260,24,10,6,0,27,35,36,31,21,0,2275,125,0,3,633,60,37,2,72,11,38,82,11,5,2,10,8,17,26,212,212,5,312,30,26,56,89,0,12,141,28,20,7825,372,9,0,226,13,0,41,8,8,28,0,11,32,73,167,36,7,7,29,19,14,0,11,5,48,23,2,15,7,0,26,102,20,10,0,150,26,34,3,1,843,5,103,1,28,6,1047,4,36,5,283,47,16,5,10,4,20,920,41,23,5,366,0,19,20,13,1,0,5,57,22,21,20,27,2,14,24,121,29,1,533,0,192,2,18,3,225,5,27,8,187,89,0,11,18,33,22,64,21,76,11,0,113,17,5,37,45,0,8,85,1,20665,13,52,54,16,53,281,306,8,2,104,3,2,95,0,38,46,21,0,47,3,11,0,126,384,11,10,0,42,8,8,28,19,10,248,6,72,1,82,180,4,0,7067,38,23,5,67,14,25,4,6,27,6,1,89,5,18,55,57,2,81,8,4,61,35,6,17,117,7,213,17,5,6,4,65,0,77,50,200,7,0,21,4,93,91,27,10,13,2,5,0,16,13,0,23,0,0,0,53,1,162,6,10,76,0,74
cell_495,0,0,28,0,119,14,5,43,27,443,31,5,26,23,0,79,23,68,3,12,97,25,2,5,32,9,0,52,0,15,6,0,14,5,0,11,86,340,82,8,4,48,0,1,30,43,126,69,37,83,42,21,22,16,10,9,0,198,2798,48,12,160,11,31,3,34,35,13,91,9,46,2,20,215,48,24,26,437,34,1,7,0,109,0,610,0,260,39,4,3,4,13,231,173,4,135,34,37,45,11,4,9,38,8,1,52,227,93,37,66,62,8,57,21,63,5,5,24,2,140,1,16,3,14,89,15,22,45,13,3,12,19,52,22,13,129,51,20,0,32,218,13,1,19,0,132,20,14,86,0,5,2,84,29,18,14,6,13,20,96,3,131,5,17,0,28,2,2,4,161,42,18,891,0,41,9,32,554,0,45,4,15,14,17,38,8,6,117,17,45,33,61,0,27,37,17,14,142,21,56,0,10,4,33,81,30,102,48,26,57,5,38,13,2,12,49,18,26,7,23,8,11,6,108,61,73,17,17,28,25,23,2,66,68,3046,9,41,12,0,1368,33,38,14,3,30,80,19,35,17,8,4951,63,0,27,419,12,53,15,32,31,52,17,5,0,21,23,164,1,26,204,211,0,229,40,44,25,18,12,10,96,36,21,6410,333,17,45,328,11,17,53,11,3,16,0,50,44,105,215,35,13,22,29,15,56,64,46,10,0,36,13,104,7,0,34,83,32,10,5,154,24,54,9,6,495,65,43,7,72,2,488,27,60,13,201,82,10,4,2,13,8,1572,63,13,40,115,0,10,44,113,10,0,8,55,17,127,29,0,9,18,57,197,0,5,430,0,167,0,9,16,0,10,51,1,73,77,1,0,2,65,4,14,57,40,26,54,127,0,3,68,11,0,5,98,15,9342,2,76,24,16,43,262,5,14,0,61,6,8,109,33,18,16,25,0,0,0,36,16,1,389,10,29,1,36,21,0,9,15,8,123,0,91,4,60,124,2,7,11591,41,9,8,2,4,32,16,17,46,39,17,41,7,38,397,70,4,51,15,0,15,51,8,12,128,7,316,27,11,19,4,60,4,74,31,101,37,29,0,5,70,102,30,4,83,14,8,0,20,6,4,10,11,0,0,92,0,4,0,9,9,6,1
cell_496,0,13,67,5,69,9,1,39,11,119,92,69,55,3,0,9,22,44,0,1,96,51,9,32,44,5,0,14,3,1,6,138,21,5,0,0,68,421,77,3,1,87,3,2,5,41,48,45,127,131,62,2,0,12,22,2,4,236,3175,168,11,62,34,0,81,3,40,11,54,16,13,3,17,75,14,92,1,47,63,10,2,0,66,3,427,0,237,56,3,0,0,4,116,233,3,25,33,121,10,6,8,1,111,3,4,1,250,34,2,41,28,68,44,1,65,18,67,19,0,54,0,0,4,20,35,3,1,0,83,34,5,23,2,20,13,252,73,9,0,100,203,24,17,1,17,441,16,11,5,0,8,1,137,6,133,20,12,3,19,98,2,97,18,34,1,30,2,21,26,68,12,31,858,35,65,27,11,721,3,31,0,25,0,10,12,3,38,127,6,68,10,73,33,1,37,140,153,595,4,107,21,14,4,6,86,12,8,36,20,50,7,28,24,1,17,118,1,23,19,40,6,10,18,62,57,7,1,11,26,0,34,19,80,39,3222,73,2,2,4,1351,68,44,1,0,67,29,3,26,0,6,1401,52,1,4,166,20,21,2,52,12,38,3,14,0,0,34,37,11,35,142,284,1,524,1,32,41,1,19,63,1,56,87,4340,456,4,30,33,18,0,80,3,20,18,0,74,48,53,128,38,9,9,30,17,11,10,0,2,15,43,0,72,10,0,76,98,28,34,25,143,19,21,6,28,542,34,86,12,55,2,393,10,113,21,97,72,53,1,11,8,0,1475,57,24,54,0,2,37,91,29,2,1,1,72,9,134,49,0,40,62,110,338,23,1,312,1,52,0,13,10,369,7,67,2,93,71,75,0,3,78,6,57,36,33,32,13,29,0,23,24,15,0,38,67,0,12786,0,96,33,15,27,257,42,29,14,110,15,9,0,1,9,0,3,0,4,0,34,10,2,245,9,33,2,28,8,19,23,7,4,330,11,83,7,71,177,0,0,11426,42,6,0,43,9,15,3,8,28,9,15,131,1,32,64,129,50,43,9,2,39,41,2,19,82,0,270,32,28,25,35,65,0,98,29,96,5,51,0,0,37,149,29,9,158,0,9,3,24,19,6,0,5,0,0,104,2,17,8,11,34,1,4
cell_497,8,17,70,7,355,12,4,67,56,23,24,0,54,30,1,0,39,70,0,16,12,31,3,1,0,0,0,47,19,1,9,0,7,0,10,0,48,66,124,1,14,85,63,0,8,0,49,59,165,46,62,0,2,9,6,4,2,291,1579,440,9,10,32,73,12,24,9,29,68,16,8,24,17,277,26,17,15,172,14,3,3,10,101,10,735,0,149,45,0,0,0,19,93,156,1,81,40,175,37,37,1,7,17,1,1,55,135,58,3,49,100,22,92,12,28,3,63,5,0,45,3,47,21,20,138,8,13,0,19,6,21,19,57,39,12,237,96,19,3,24,99,13,2,0,30,370,8,11,85,1,0,23,165,7,6,1,16,5,14,297,6,161,8,33,2,69,8,4,32,76,72,23,1019,6,34,5,17,271,2,80,8,53,5,56,13,0,15,147,5,46,18,68,19,3,26,298,43,1509,22,46,1,8,2,21,46,7,23,48,51,22,8,10,16,10,77,89,42,12,1,31,8,2,6,130,52,216,2,11,18,28,29,57,94,80,2841,24,24,5,0,1165,66,158,1,1,60,8,10,23,8,83,8722,20,1,12,216,128,10,5,331,56,21,47,7,2,87,30,156,4,56,863,891,0,336,2,58,27,102,15,15,24,47,42,5087,268,18,19,0,12,0,41,10,7,11,24,132,52,152,202,36,6,12,24,6,178,0,0,6,79,50,6,52,3,0,103,45,43,39,23,52,27,117,27,7,1211,115,45,2,100,15,411,6,29,5,104,94,27,3,0,13,59,1227,156,60,44,2,0,21,43,2,0,0,3,91,27,135,88,7,20,10,242,313,7,0,293,10,30,0,9,35,543,7,111,2,87,104,4,0,0,178,5,22,19,8,27,27,53,0,2,24,35,0,7,107,0,9267,10,125,16,9,23,277,71,14,0,178,31,16,58,39,12,52,1,38,4,0,13,23,98,291,21,4,1,21,0,5,27,20,15,190,5,81,4,28,231,0,7,11576,30,49,8,22,10,5,12,11,38,11,20,56,40,8,182,28,10,21,5,0,28,12,9,1,47,0,163,56,37,20,16,27,1,102,18,163,16,19,0,10,37,109,19,44,140,1,1,2,24,0,0,16,8,0,0,272,0,84,6,34,2,0,2
cell_498,2913,89,20,8,303,1,6,106,98,171,116,30,41,3,0,15,67,166,0,2,10,50,1,3,21,0,120,30,14,27,25,12,9,5,3,8,49,194,123,4,2,103,67,3,3,8,118,88,168,56,45,42,0,3,0,1,0,284,1696,350,4,85,22,8,3,3,14,22,88,7,3,0,9,148,64,38,5,197,19,10,2,0,98,12,821,0,259,36,2,0,32,9,79,116,5,4,5,308,19,12,4,12,18,2,4,85,222,64,7,20,98,12,112,11,24,5,17,10,1,140,0,70,8,18,139,11,6,7,25,6,59,20,7,31,5,414,51,28,0,86,93,19,51,1,17,369,14,29,33,0,7,6,209,0,0,6,26,18,7,417,0,197,11,29,0,46,9,5,13,74,46,37,972,41,109,3,5,423,0,66,10,10,0,36,3,6,34,118,137,34,17,43,15,9,18,306,87,359,0,38,0,14,6,1,41,23,41,70,64,45,1,24,9,10,24,106,5,40,9,23,9,23,26,164,51,37,1,5,38,39,40,22,71,143,2640,23,10,11,0,1150,66,209,2,0,40,3,17,27,3,36,9266,65,0,2,228,148,19,2,416,8,68,22,20,0,21,69,55,0,38,85,688,0,397,109,78,34,130,0,21,4,19,1,5153,364,0,12,50,22,1,86,2,7,6,1,90,26,153,330,34,11,9,24,7,86,0,0,2,21,19,19,8,5,0,69,60,74,45,5,136,28,33,10,3,1262,175,11,15,82,20,425,19,130,25,74,84,15,2,9,2,52,1513,163,150,39,5,0,6,37,3,14,0,11,120,10,245,94,28,5,6,139,221,12,0,108,2,38,0,7,111,893,13,104,2,256,66,4,0,0,186,18,70,32,0,18,28,13,0,3,46,26,0,21,102,0,8712,2,120,21,5,21,276,107,17,16,202,28,8,48,58,0,0,1,81,17,0,15,40,47,201,74,17,0,25,30,7,13,6,2,104,2,93,6,52,195,0,0,12923,12,65,2,68,23,20,4,8,63,15,3,70,12,10,165,51,19,38,14,6,53,31,4,3,30,0,103,46,7,25,5,47,0,109,38,135,10,52,55,2,49,131,28,10,168,12,1,1,16,2,1,23,11,164,1,259,1,137,9,9,4,1,1
cell_499,460,8,15,10,294,3,2,34,17,18,120,0,40,22,0,14,42,122,7,0,16,33,13,0,0,0,7,19,16,0,6,91,4,1,0,11,33,308,111,4,13,79,201,2,0,16,70,79,174,52,52,69,0,13,0,5,3,302,1608,135,4,54,4,23,7,1,28,23,45,17,31,7,25,231,13,79,25,24,12,31,12,0,146,0,796,0,171,32,1,0,0,13,86,28,8,2,11,307,87,4,3,26,153,20,7,0,189,24,3,85,195,24,122,13,26,13,61,22,2,54,0,55,8,15,58,1,56,0,18,39,0,30,77,31,7,178,68,2,0,0,145,20,12,11,17,260,8,13,40,0,0,0,181,24,0,5,30,5,22,302,5,228,10,72,14,0,6,4,55,92,88,40,1098,4,29,5,16,379,3,65,1,37,0,34,0,10,31,113,34,60,17,16,18,9,41,253,140,1532,17,39,1,10,0,25,46,33,44,77,17,33,2,14,18,3,15,63,5,1,9,57,9,16,15,178,39,318,10,16,35,0,33,115,21,104,2776,21,50,0,0,1204,72,39,9,0,35,7,0,23,4,3,8575,68,7,21,216,9,4,1,403,12,63,20,20,1,20,69,42,0,24,494,871,1,502,9,76,17,3,0,21,15,30,0,4864,278,1,17,44,2,0,49,8,0,15,0,16,13,74,262,37,5,6,15,44,94,22,10,0,116,54,14,55,16,0,86,55,11,47,1,121,17,110,6,40,1045,476,36,65,74,82,403,43,100,5,88,113,23,4,6,2,0,1409,162,101,62,0,1,28,76,17,0,0,0,161,63,238,23,12,21,6,163,240,10,1,400,6,40,0,6,13,166,16,109,3,259,170,34,8,3,84,14,65,44,0,14,75,2,4,10,24,9,0,8,46,0,8869,5,129,17,23,33,235,189,38,7,173,18,9,2,2,0,30,3,297,13,0,3,45,21,51,182,20,0,24,3,5,10,11,0,261,0,94,1,39,168,17,0,12715,38,24,3,29,12,5,21,30,16,2,0,76,16,66,170,101,18,49,17,0,0,9,13,0,51,0,151,34,13,1,4,25,0,142,36,301,0,49,0,5,72,129,15,15,89,0,0,2,14,9,2,17,21,120,0,172,0,0,1,31,17,0,6
cell_500,1783,30,84,5,178,8,0,80,18,55,143,4,69,12,2,37,29,73,0,0,11,56,23,10,3,1,30,16,0,2,4,71,12,7,55,0,26,447,105,0,1,72,50,5,17,34,50,83,150,92,51,2,149,0,6,1,26,233,1927,238,1,29,26,7,6,5,8,8,73,0,8,0,12,79,43,64,23,69,18,1,2,0,63,3,352,4,282,41,9,0,0,5,87,236,12,35,15,171,33,48,12,3,11,1,19,18,159,51,2,54,46,31,73,22,24,28,43,5,0,27,0,11,2,16,63,48,11,38,80,17,21,9,50,33,4,161,37,24,0,20,68,30,9,0,4,258,8,38,67,0,0,6,193,8,167,4,8,5,1,148,17,171,16,69,0,15,0,6,63,22,11,8,924,76,20,1,19,476,8,49,2,21,0,11,7,3,30,99,9,23,9,28,19,20,111,104,27,2350,23,88,0,16,1,16,66,130,7,66,19,74,24,23,21,0,4,50,9,6,1,24,30,2,2,113,40,64,1,5,22,14,71,41,26,107,2793,12,31,0,0,1496,60,77,1,0,3,11,0,29,5,2,8288,36,1,7,143,20,32,0,115,2,48,21,13,2,40,30,133,4,60,267,245,0,664,0,48,28,75,10,73,7,36,65,6344,417,2,35,18,23,0,49,17,5,17,0,27,20,61,33,28,10,29,28,48,6,0,2,0,40,58,17,7,99,1,19,106,19,33,6,32,18,91,7,37,1179,287,23,4,108,1,951,12,107,6,73,60,5,0,19,5,15,890,78,65,12,98,0,46,59,2,2,0,15,77,14,97,15,0,17,1,151,78,14,10,30,0,74,0,15,20,490,3,145,9,177,174,5,21,10,70,8,1,44,2,24,64,64,3,13,33,3,0,24,93,13,13626,13,114,11,3,47,231,168,19,1,90,11,2,40,2,19,23,9,0,0,25,17,28,130,317,14,50,0,8,5,12,2,35,1,172,1,99,1,79,133,1,0,11996,7,41,2,17,85,24,5,1,42,0,27,27,8,47,117,11,38,4,10,6,2,8,19,0,53,1,47,31,3,2,15,83,0,155,25,4,1,1,55,0,22,144,19,35,153,5,3,0,24,13,0,21,21,0,0,179,0,33,9,11,8,0,0
cell_501,0,34,0,9,84,30,13,37,33,340,64,74,23,12,0,24,43,21,0,0,83,43,2,3,9,0,0,70,6,0,2,0,10,4,0,0,9,416,102,0,2,97,130,0,3,11,67,38,142,129,53,0,2,3,17,1,7,259,3128,88,6,114,30,20,51,6,73,5,68,5,2,3,9,81,49,57,4,2,31,0,6,0,93,0,393,0,101,52,1,0,0,6,174,305,2,30,19,43,71,11,3,4,3,0,11,74,259,41,6,53,14,24,40,23,64,8,47,12,0,21,29,8,8,19,96,70,52,0,10,2,8,19,16,45,7,107,75,20,1,0,196,61,8,5,12,382,15,48,38,0,0,10,150,1,0,9,10,3,8,60,0,151,2,36,3,41,12,12,4,75,39,24,886,15,110,17,15,783,0,40,0,7,0,3,48,13,27,97,22,68,18,14,32,2,55,134,48,425,6,103,14,20,1,54,48,18,18,44,65,52,0,33,21,13,11,105,9,2,34,3,0,14,7,66,53,95,35,7,17,0,98,25,28,79,2784,10,12,15,0,1205,66,41,6,0,43,53,15,41,5,0,1401,74,0,0,259,57,25,0,44,4,33,55,6,1,11,73,97,11,42,216,388,0,176,98,28,33,83,148,22,18,17,132,4445,462,4,1,365,8,0,67,21,1,31,0,4,45,50,53,33,12,8,40,1,44,0,0,6,0,53,6,53,4,0,33,83,41,50,20,111,22,24,0,21,736,9,113,4,32,14,465,8,90,9,95,34,10,0,25,14,26,1155,63,49,32,80,0,60,37,21,0,0,6,62,9,138,51,9,43,13,92,192,1,1,161,40,57,0,19,3,347,25,52,1,127,110,0,3,13,33,5,9,48,74,40,18,207,8,1,30,7,0,9,66,0,12193,5,86,25,5,46,210,41,19,0,73,2,11,77,0,24,11,7,0,19,0,12,14,68,283,15,1,3,45,54,9,8,20,7,367,0,101,8,58,176,6,0,13184,52,11,31,61,7,12,0,11,0,20,7,128,9,9,207,144,12,77,14,1,34,53,1,3,141,1,268,27,11,36,0,11,0,71,62,144,22,16,3,3,41,148,23,0,93,1,0,0,11,7,3,19,6,1,18,57,0,1,10,1,11,0,2
cell_502,1741,18,26,9,294,5,1,102,69,147,87,13,24,37,0,5,58,86,0,0,8,32,10,5,2,0,6,2,27,13,10,2,24,4,1,28,25,447,113,0,9,55,56,0,1,23,95,86,162,46,54,43,6,1,0,18,0,335,1618,65,11,115,2,41,18,2,52,17,10,21,32,0,13,175,31,71,23,187,12,1,3,0,157,6,790,0,111,41,0,0,6,9,46,73,0,1,8,63,23,40,6,12,38,5,3,86,174,54,9,90,131,28,124,2,28,2,27,31,2,16,0,80,4,12,139,12,15,0,26,27,1,41,115,32,3,246,71,43,0,39,111,35,16,4,0,90,5,27,36,0,0,0,192,3,4,11,12,28,9,299,2,246,14,54,1,15,19,6,22,97,136,41,903,2,47,3,25,422,38,72,0,23,0,24,47,18,7,150,0,51,13,59,19,0,44,269,139,815,7,38,0,11,7,44,26,16,41,89,9,47,8,29,7,6,7,96,4,12,47,15,14,10,11,104,47,239,10,0,33,7,47,132,30,79,2714,11,45,0,0,1136,56,157,5,0,123,14,4,22,5,0,8224,36,0,37,211,0,4,2,440,70,58,23,16,2,59,149,196,0,53,355,670,1,390,103,77,39,40,26,30,9,42,20,5048,356,3,16,108,22,0,72,0,1,22,0,34,36,48,122,26,0,5,22,37,13,0,13,2,174,71,11,28,13,0,34,49,47,28,11,110,16,34,9,62,982,758,21,4,35,8,396,25,3,3,101,63,29,0,16,21,34,1410,200,168,52,0,2,56,51,11,16,0,1,132,31,219,26,9,6,0,166,183,2,16,242,22,41,0,8,62,42,13,89,7,245,213,0,7,7,75,21,30,43,5,28,68,0,0,32,76,77,0,43,38,1,8838,5,104,17,12,33,265,171,17,0,174,16,0,45,0,3,34,9,349,0,0,0,66,0,101,202,2,2,21,19,5,9,18,0,136,1,99,2,40,156,61,0,12887,20,38,1,29,62,4,14,3,18,1,40,74,6,98,159,118,17,14,12,0,19,12,24,2,20,0,153,49,15,7,0,0,0,179,8,307,22,25,0,7,68,113,19,0,95,4,3,3,14,29,4,15,11,2,14,167,0,52,0,45,21,0,0
cell_503,581,72,23,49,363,0,7,13,31,62,102,0,32,20,0,15,40,101,0,28,13,5,10,28,4,2,49,4,20,19,9,68,9,7,32,0,71,128,127,2,2,83,2,0,0,39,88,47,106,37,38,10,42,3,2,24,8,325,1754,348,4,18,19,18,15,0,46,14,113,13,3,8,8,160,15,71,4,195,10,5,3,2,117,12,777,0,29,44,2,0,0,16,23,72,1,25,5,84,3,9,1,0,133,9,0,77,225,54,5,48,48,40,103,23,16,26,36,14,4,72,5,45,4,11,144,4,29,19,15,12,90,11,101,31,9,107,54,64,7,7,94,5,5,1,1,382,6,30,41,0,1,1,50,1,1,22,7,17,11,303,5,191,25,19,0,18,7,20,17,72,9,33,760,14,93,0,4,481,14,65,1,13,0,12,9,8,9,120,55,31,6,53,0,9,47,327,39,372,9,20,0,9,1,22,39,6,47,95,31,30,1,18,18,8,47,88,60,14,10,1,0,5,16,166,62,179,4,4,11,59,90,20,76,120,3000,11,48,2,17,1254,64,138,3,0,34,2,13,17,4,53,9224,40,0,8,215,92,31,0,76,6,46,23,10,0,55,14,43,1,68,226,939,0,592,27,70,26,73,0,35,0,32,189,5484,370,0,33,0,29,3,83,21,14,12,0,35,32,96,226,28,13,25,27,13,103,20,0,1,36,71,15,54,15,5,72,50,53,36,9,116,18,11,4,13,1495,374,23,42,20,3,465,46,112,11,92,29,42,6,0,11,136,1681,196,198,45,40,3,28,57,20,12,0,37,135,11,69,24,4,5,5,136,296,4,7,376,0,34,0,1,128,33,8,109,1,316,205,8,35,7,208,6,138,45,2,17,51,149,0,4,49,22,6,35,53,7,9168,7,137,12,5,31,284,225,27,0,199,12,25,2,0,0,124,1,18,0,0,4,45,34,267,220,11,1,3,0,9,21,7,9,182,44,97,6,32,224,18,1,11119,9,63,8,5,5,17,41,16,26,9,25,119,6,28,122,74,84,22,13,3,43,15,27,0,36,1,161,63,6,7,19,0,0,115,19,310,23,47,0,6,24,158,19,17,120,10,14,6,22,5,4,16,8,29,2,94,0,82,2,10,7,0,5
cell_504,6,44,3,0,348,12,0,100,111,3,105,0,46,50,0,35,37,221,0,5,19,45,33,10,3,0,21,17,10,16,4,3,1,3,2,46,82,250,131,1,1,101,0,5,7,1,107,85,193,46,42,19,0,6,4,0,7,307,1547,435,13,25,6,1,5,5,26,46,101,9,13,11,38,251,45,7,13,242,14,0,4,0,135,3,780,0,245,39,3,0,0,56,98,166,0,2,64,350,48,18,1,9,10,0,1,91,253,62,1,81,212,8,122,23,3,7,67,20,1,36,0,6,21,17,117,49,10,0,35,12,5,3,143,48,8,1,58,46,0,28,121,16,3,0,2,35,4,15,42,0,0,1,171,26,6,27,21,20,26,367,0,181,1,41,2,49,1,10,23,71,71,21,1007,2,9,5,25,408,31,62,2,26,5,45,20,21,56,97,101,22,16,33,30,2,59,316,130,1630,2,86,0,18,2,29,49,8,42,54,43,28,2,16,26,0,57,92,12,0,6,32,18,6,0,145,56,25,12,22,10,92,48,190,66,91,2890,34,0,40,2,1216,76,115,0,2,37,13,0,18,27,38,8957,84,1,27,183,36,20,0,262,9,4,45,32,3,0,34,111,17,91,1096,735,2,128,130,72,38,15,239,8,91,5,46,5232,359,7,3,16,3,14,64,5,0,19,0,0,30,23,306,48,6,16,13,21,170,2,0,18,70,11,10,39,10,0,105,68,75,31,7,122,20,38,8,20,1263,0,44,82,71,22,462,36,10,39,71,90,18,0,0,11,72,1449,117,140,52,28,37,28,31,0,5,0,6,117,38,59,74,45,14,5,146,248,7,0,503,2,45,2,10,59,611,5,172,4,206,201,0,0,1,208,9,74,22,15,19,89,93,0,0,71,3,0,5,111,0,8988,7,102,5,12,40,273,292,13,1,59,15,19,34,6,23,119,0,0,9,252,5,95,7,267,29,19,1,32,5,20,15,2,8,160,22,86,0,45,195,12,0,12328,38,1,3,35,26,19,4,5,1,0,0,79,38,34,171,47,48,80,15,19,15,2,10,8,39,0,56,59,8,3,11,156,0,199,40,311,32,18,1,1,6,96,12,0,30,0,3,13,17,6,1,18,28,0,0,270,1,157,12,45,10,0,14
cell_505,210,1,81,61,337,17,1,28,24,52,111,7,32,50,0,12,62,74,8,3,17,38,5,3,5,1,85,53,2,15,4,11,8,3,13,4,8,96,122,9,9,71,374,5,2,30,65,78,106,40,38,63,0,0,3,0,12,259,1680,135,2,144,20,56,3,23,16,2,47,8,2,3,21,93,29,77,17,161,18,3,0,7,124,6,940,0,228,41,4,4,0,0,127,89,3,20,77,271,14,20,1,9,32,2,5,99,173,63,6,55,77,13,124,7,26,40,2,13,0,150,4,62,6,11,33,7,7,0,31,21,29,9,151,31,4,216,57,70,0,5,55,14,16,21,26,287,21,29,35,0,0,0,185,1,144,12,11,7,14,371,11,109,40,21,1,5,0,16,7,59,80,31,912,13,108,0,7,436,5,62,1,8,15,22,11,6,11,144,52,37,10,50,10,87,25,120,97,1275,24,59,0,14,27,38,62,24,33,35,31,52,1,11,30,3,13,74,29,13,1,57,2,10,11,113,52,75,1,7,13,0,4,13,12,119,3038,2,32,10,0,1342,66,177,3,0,65,16,10,29,5,3,9806,44,0,8,244,105,27,9,208,19,61,28,10,0,58,111,194,1,75,406,875,5,334,5,65,26,39,0,26,10,5,41,5106,320,3,5,83,21,0,74,1,6,15,0,24,7,92,230,5,1,5,18,17,65,4,2,7,190,24,35,31,89,0,78,43,31,21,31,52,24,80,18,30,854,368,31,6,17,24,480,22,150,23,107,102,27,3,17,3,146,1527,179,171,25,0,0,25,53,27,5,5,9,114,35,76,10,33,27,5,183,186,3,6,255,0,45,0,26,109,0,29,45,1,76,190,9,23,6,163,1,24,24,4,15,78,138,1,47,53,16,1,10,83,0,9040,5,131,7,5,37,247,72,12,3,238,28,7,30,7,12,2,4,50,9,0,15,18,28,235,111,50,0,19,4,5,9,13,12,212,0,86,0,45,199,0,0,10856,29,19,11,19,35,26,6,0,52,5,146,78,8,35,133,37,119,88,14,1,2,2,5,10,38,8,165,34,17,12,3,35,1,178,37,236,9,39,5,4,29,158,18,9,155,10,0,0,18,0,1,7,4,0,13,172,0,13,5,8,9,0,0
cell_506,0,69,41,3,337,11,0,130,48,62,153,0,39,13,1,72,30,166,0,0,31,46,10,4,6,0,59,16,3,22,10,28,13,2,0,37,107,298,137,0,18,97,33,0,2,4,40,52,190,47,55,2,0,11,0,5,0,288,1667,376,7,64,6,1,3,5,30,18,68,23,11,8,11,291,62,67,14,28,21,1,9,0,134,4,900,0,215,41,0,0,0,0,54,108,2,25,8,249,12,13,2,9,26,4,7,24,233,62,10,95,325,5,113,15,31,32,48,21,0,251,1,26,6,17,114,14,13,0,24,6,15,7,116,36,3,167,59,29,2,0,99,0,14,19,1,368,5,24,46,0,0,3,166,0,67,19,3,41,9,368,1,195,8,48,0,12,2,3,13,69,60,36,744,3,42,3,18,385,4,89,3,49,0,57,32,5,35,140,105,46,17,90,18,4,48,142,126,1394,61,65,2,14,0,5,53,22,34,82,44,12,5,16,12,4,9,88,11,24,13,9,11,5,3,161,57,294,0,5,28,9,49,85,87,122,2594,0,24,11,5,1096,71,187,3,0,116,4,9,14,8,8,9623,54,0,176,222,33,7,0,82,3,30,16,20,0,61,27,141,5,73,524,611,6,383,2,69,37,28,12,18,1,19,36,5114,388,8,48,88,22,0,74,9,1,23,6,1,7,100,89,40,1,4,18,1,119,0,0,1,45,77,0,26,35,3,90,64,4,56,10,135,16,126,26,10,1114,44,59,16,47,9,426,3,13,7,80,80,22,2,0,4,54,1450,166,169,42,7,0,42,64,0,9,0,14,123,4,22,8,3,27,25,230,309,18,1,455,0,42,0,8,40,497,4,155,6,108,187,0,30,7,141,15,99,41,0,28,55,361,0,23,52,19,0,44,107,0,8636,2,145,16,12,28,305,218,15,0,249,12,3,60,3,0,1,0,0,1,0,14,28,12,212,86,28,1,10,8,7,16,6,12,211,0,113,3,18,217,1,0,12026,37,26,3,8,15,18,18,9,35,16,239,60,30,78,121,16,59,53,11,2,35,8,58,6,42,0,45,33,10,6,5,15,0,160,7,246,43,7,0,3,80,123,25,25,104,9,7,9,20,20,4,12,2,32,0,172,1,6,0,14,13,0,4
cell_507,13,28,0,0,306,6,2,122,69,181,26,10,6,15,0,45,17,109,0,1,13,39,14,40,1,7,3,13,50,19,8,61,18,11,0,146,33,121,125,3,0,117,11,0,4,6,95,76,241,52,45,17,0,11,0,2,0,262,1569,252,2,48,15,5,0,6,18,56,95,24,22,36,9,138,24,69,7,190,7,3,3,0,111,6,924,0,70,48,0,2,10,19,78,76,0,56,27,194,26,9,2,20,21,3,4,96,145,44,2,8,77,20,130,2,19,3,30,0,0,105,0,5,22,21,112,23,24,0,6,18,8,4,91,41,3,367,59,38,0,1,94,36,16,0,6,230,2,22,5,0,0,1,93,8,2,3,20,13,15,326,2,194,1,54,2,0,35,8,11,97,78,30,879,8,63,2,18,265,49,85,6,13,0,1,25,7,20,149,96,55,13,20,15,2,52,250,104,747,18,68,0,25,1,0,53,3,43,28,20,17,28,19,13,2,68,94,2,7,0,21,19,11,10,153,47,417,5,5,24,0,70,0,23,111,2359,2,11,10,0,1074,71,202,0,0,85,3,7,21,9,0,5165,48,0,2,184,63,16,0,48,76,22,6,28,0,0,117,24,2,31,584,800,3,541,12,76,31,0,18,14,6,20,0,5164,359,16,25,13,19,0,61,0,4,9,0,49,16,77,204,31,2,12,20,32,64,15,1,32,29,29,3,53,24,0,64,20,25,52,78,6,21,47,9,15,577,192,66,45,61,9,413,32,5,7,89,29,0,1,32,9,8,1187,167,206,45,0,0,62,65,10,10,6,13,116,45,225,80,1,24,5,229,90,4,9,185,1,30,0,26,0,27,29,72,2,265,226,102,0,12,38,3,93,25,0,14,71,157,2,0,27,0,0,15,59,1,8610,4,132,8,9,36,282,195,12,28,46,62,8,23,11,18,81,7,0,14,0,2,53,39,172,182,4,3,23,5,7,27,6,9,194,49,102,0,38,174,14,0,12743,21,55,1,61,12,24,24,3,18,10,13,62,10,17,161,137,10,42,14,0,43,2,24,1,21,0,19,43,0,8,1,1,0,172,16,270,9,23,36,1,14,133,29,0,97,20,10,6,14,4,3,4,0,0,13,368,0,20,13,18,10,0,1
cell_508,139,9,44,3,315,5,1,110,97,163,142,10,39,66,0,33,52,156,0,0,7,34,48,2,5,1,15,46,6,21,0,76,20,2,51,1,53,83,103,0,0,87,242,8,0,47,24,75,230,42,45,7,43,3,8,2,19,318,1676,240,1,40,9,6,17,31,33,4,131,15,1,2,4,30,70,66,21,214,10,0,5,0,126,0,663,0,262,39,0,5,0,6,83,85,8,22,44,312,59,21,1,29,6,0,22,98,219,58,4,103,83,33,94,31,32,25,40,6,1,48,35,1,10,12,68,49,3,0,9,39,27,30,59,30,4,296,48,38,0,95,99,33,24,1,2,321,6,35,37,0,0,0,219,20,102,7,0,15,1,298,12,74,7,46,2,42,3,6,19,88,86,27,1071,52,122,2,17,436,3,79,3,7,0,46,45,8,69,131,0,27,5,29,20,11,31,173,118,63,30,55,2,21,1,1,52,25,2,64,20,80,0,27,32,21,3,97,9,4,1,24,7,4,4,169,52,330,2,8,41,4,43,38,13,127,2700,17,24,6,0,1186,78,179,0,1,56,10,59,21,1,48,7159,110,6,28,231,26,8,0,454,1,64,14,17,0,77,218,84,7,64,799,673,6,309,85,91,29,32,1,23,2,4,9,5055,378,4,17,84,1,0,53,4,6,18,55,15,20,89,357,29,8,12,7,5,32,0,1,0,148,54,4,18,16,0,84,59,38,46,10,157,26,138,9,25,1178,572,53,15,132,12,229,9,85,4,106,114,27,7,2,0,33,1328,175,127,32,25,0,66,63,14,0,0,39,106,46,43,70,42,20,6,126,239,8,3,114,13,40,0,11,27,346,17,72,3,238,213,0,24,1,113,5,8,12,1,53,28,25,1,11,29,14,0,60,61,0,8818,7,113,25,4,37,281,289,15,8,168,11,5,84,15,35,72,2,0,0,0,7,20,8,171,18,17,0,13,4,3,5,12,15,95,3,45,1,42,198,1,5,12448,25,3,3,77,35,18,23,2,24,13,0,78,5,88,114,110,77,24,12,6,60,9,26,5,27,10,151,49,13,3,13,26,2,141,23,290,4,4,0,3,53,148,28,0,40,6,0,7,19,21,3,19,18,0,0,379,2,75,1,11,9,0,0
cell_509,379,77,4,11,340,15,1,146,86,98,148,16,29,74,0,23,62,39,8,4,7,30,9,9,2,0,46,12,1,8,9,3,1,6,0,0,13,112,139,4,0,104,0,0,8,9,98,80,198,49,27,1,0,6,8,4,21,265,1641,326,6,111,13,29,6,0,55,13,77,14,14,1,15,64,31,80,21,202,8,2,9,0,174,0,585,0,274,30,5,0,0,10,77,63,0,49,32,46,11,58,1,8,33,1,14,53,175,69,7,26,77,21,120,5,19,0,24,2,0,67,31,8,14,14,194,71,16,23,55,1,48,1,91,32,3,298,64,33,1,54,64,25,2,0,25,164,7,31,34,1,1,7,198,9,129,5,40,6,7,379,6,195,15,43,0,12,8,8,2,86,28,30,930,97,84,1,3,458,17,71,2,38,0,24,20,5,28,105,66,36,17,34,15,0,20,246,68,660,40,47,0,9,2,12,37,40,19,65,30,28,7,23,18,3,18,41,5,64,1,16,6,3,19,181,62,28,0,13,40,56,44,7,50,129,2910,12,38,9,0,1235,80,188,2,0,33,11,5,21,5,8,8298,61,1,11,176,44,30,0,389,10,11,67,3,0,0,159,16,2,56,116,481,0,367,79,72,35,0,117,35,8,55,20,5170,410,2,11,28,18,0,71,27,3,23,0,6,5,144,384,37,8,17,19,17,51,4,2,7,131,41,8,11,7,0,32,26,50,41,4,15,23,45,14,9,1235,387,39,4,98,13,409,13,17,7,77,90,33,1,10,1,65,1389,165,200,30,6,2,72,25,12,6,0,5,119,13,196,42,35,14,1,84,213,4,3,163,10,41,0,13,39,728,7,166,0,315,159,2,8,7,47,10,139,41,0,25,58,16,4,0,27,0,0,34,81,5,8286,5,151,17,4,39,251,170,4,1,249,59,2,42,3,4,65,1,1,27,10,9,5,72,303,149,1,0,13,17,10,3,3,14,187,4,67,1,39,126,2,0,11782,35,66,6,39,2,22,29,11,25,15,10,86,19,39,56,12,36,57,16,0,13,3,7,0,43,0,16,38,0,4,23,0,0,148,51,293,12,44,146,3,33,110,18,1,142,21,1,0,27,1,0,19,24,73,2,282,3,2,1,24,15,0,0
cell_510,1,84,23,11,294,8,9,119,82,121,125,0,41,16,7,49,69,120,0,0,8,25,7,35,0,1,19,18,22,6,3,96,6,5,3,48,23,136,104,1,4,35,43,1,10,24,72,59,204,59,45,11,0,10,0,11,0,304,1661,203,6,32,29,2,19,8,44,22,84,5,4,29,10,135,99,64,9,172,14,5,14,0,150,9,948,0,74,35,3,0,0,0,2,89,3,20,34,170,36,32,0,15,46,0,2,25,171,59,2,37,128,27,97,7,17,20,47,9,0,16,0,59,23,10,94,52,5,18,55,9,14,20,150,34,5,433,62,38,0,22,107,30,15,12,7,256,7,12,47,0,0,0,211,3,110,4,2,11,14,410,7,189,7,20,0,8,21,8,0,63,33,34,1063,1,32,2,20,431,192,74,2,42,10,9,42,3,7,111,107,59,5,41,15,6,76,309,151,1055,16,53,1,13,49,19,52,20,52,81,35,20,13,36,27,0,48,95,13,13,17,5,1,2,4,81,61,104,0,4,27,22,19,68,38,146,2421,13,19,7,16,1176,85,189,4,1,51,0,20,16,6,0,9121,30,2,0,201,173,15,0,24,49,72,19,12,0,26,148,17,8,82,546,639,0,867,101,66,34,44,0,9,6,13,4,5263,425,1,4,39,11,0,61,7,3,8,55,146,11,120,26,40,9,4,17,14,118,27,0,1,101,78,7,1,1,0,104,42,54,26,16,80,17,93,9,49,1153,315,51,78,45,19,355,11,52,35,78,17,34,0,0,13,4,1473,74,195,30,2,3,77,17,18,9,0,22,131,0,18,10,4,20,1,240,56,10,0,296,12,42,0,7,44,86,27,65,0,225,180,20,83,3,210,17,54,53,3,7,70,7,3,3,44,11,0,83,19,0,8609,4,132,15,6,35,248,174,19,4,207,8,0,6,43,0,15,7,3,8,0,1,33,6,156,173,11,3,13,0,7,16,6,9,61,20,103,1,49,198,34,0,12694,23,3,4,53,29,27,28,10,49,5,37,30,2,11,59,68,107,128,22,0,13,12,13,9,30,0,140,37,5,27,6,19,0,145,2,204,2,12,15,2,18,113,24,4,74,4,14,16,14,22,9,8,2,2,8,216,0,134,17,25,22,0,3
cell_511,116,13,0,9,352,14,1,126,100,220,59,6,26,19,3,75,7,162,6,25,23,36,2,7,5,0,38,17,10,27,1,0,2,0,0,1,63,50,135,0,0,86,82,2,4,34,39,88,201,42,37,1,3,1,20,36,0,272,1704,331,2,78,26,4,18,0,32,7,116,18,3,1,12,83,13,43,10,169,21,6,4,0,124,0,719,2,0,28,0,0,76,48,66,128,7,34,3,207,126,2,3,22,6,11,2,68,211,85,4,24,67,15,107,8,24,0,76,30,0,39,0,41,3,16,108,22,14,0,18,17,40,7,57,36,0,20,82,27,9,12,159,18,48,6,9,71,12,37,22,0,0,9,96,35,1,21,8,9,12,366,6,169,55,55,21,8,15,8,65,94,46,16,953,2,97,2,13,459,11,75,4,41,0,64,27,16,11,115,50,31,20,120,8,4,41,301,115,1301,22,51,2,15,1,2,23,5,14,81,10,61,23,35,12,1,22,37,3,3,1,4,6,5,7,120,54,0,0,1,39,21,63,90,4,115,2335,10,32,19,1,1075,58,174,1,0,121,7,37,21,8,63,8203,48,0,67,219,0,12,0,105,6,37,19,2,2,70,172,74,35,39,895,842,3,604,105,65,28,109,6,11,47,37,5,5339,382,12,1,0,57,2,67,17,0,17,1,8,26,7,257,28,10,21,27,24,25,0,1,70,235,52,3,16,1,0,39,57,56,45,93,120,18,39,16,25,1137,85,78,42,33,27,447,24,48,9,87,21,8,8,36,14,102,1485,184,170,63,0,0,41,24,6,7,9,1,126,9,205,81,25,17,0,79,318,4,4,322,0,44,0,14,4,286,31,93,4,259,187,0,0,11,82,4,3,66,10,23,51,188,0,6,33,2,0,27,83,3,8948,7,104,22,3,34,237,166,10,4,216,4,2,26,0,0,0,0,270,37,1,1,181,78,37,151,3,1,33,14,0,12,5,11,133,6,144,0,34,175,32,0,14456,38,41,19,34,4,23,1,4,30,9,1,93,14,58,178,114,11,105,19,0,33,23,2,0,17,0,39,55,2,1,2,0,0,156,10,349,7,22,20,15,27,103,25,0,107,6,5,2,13,27,1,3,3,5,0,213,2,31,18,2,23,0,6
cell_512,714,0,56,0,326,16,9,32,26,32,111,3,22,39,0,25,58,168,0,0,6,32,33,6,3,0,87,20,9,4,3,10,10,1,1,81,50,319,119,7,0,76,146,1,1,7,90,69,168,56,45,49,0,3,30,5,4,320,1613,50,9,113,2,4,20,2,38,36,72,21,2,32,54,57,43,8,6,225,14,2,5,0,103,1,769,1,282,29,0,1,6,4,89,65,3,3,26,293,31,9,5,14,66,1,14,64,159,47,4,10,21,43,122,23,11,40,21,19,0,42,0,16,8,16,167,0,1,3,26,20,3,1,120,36,8,82,58,4,1,59,113,29,5,7,9,261,4,6,43,0,0,0,162,19,3,3,24,7,17,379,2,186,3,41,2,35,3,5,6,64,70,27,1006,7,24,0,16,350,0,72,6,38,0,50,24,13,37,134,50,34,13,21,15,2,52,121,117,694,8,58,1,16,1,16,33,67,49,23,23,68,11,6,13,0,12,28,21,3,1,30,13,5,1,177,44,145,0,11,26,85,39,16,26,46,2632,23,20,3,0,1146,72,213,11,2,63,14,1,23,5,12,8684,87,0,1,204,50,15,7,82,30,34,41,23,0,6,183,149,6,63,917,752,1,242,37,64,21,26,127,11,3,8,8,4977,385,0,20,180,37,0,31,0,2,10,0,73,16,117,107,7,4,11,21,10,158,64,8,10,99,60,16,21,19,0,95,61,46,39,4,73,19,49,14,21,992,347,32,176,3,1,433,12,37,27,77,108,43,0,6,2,110,1311,186,119,41,0,0,43,9,3,5,85,10,134,32,190,23,8,21,10,153,142,12,2,292,1,38,0,13,15,0,74,96,6,151,178,0,3,5,183,6,3,28,0,15,19,92,9,19,89,3,0,30,52,0,9141,8,151,14,14,39,244,300,27,5,120,28,15,21,42,9,0,1,5,10,0,5,23,67,195,195,13,0,18,0,15,16,3,0,213,0,41,7,37,88,0,2,12666,36,3,5,52,41,9,18,9,23,0,15,62,9,24,130,47,54,85,11,5,37,2,90,2,32,2,170,45,13,20,2,16,1,158,23,227,0,6,0,7,27,124,16,69,125,15,2,1,20,12,0,15,2,13,4,163,2,115,1,37,9,0,0
