,Gene1,Gene2,Gene3,Gene4,Gene5,Gene6,Gene7,Gene8,Gene9,Gene10,Gene11,Gene12,Gene13,Gene14,Gene15,Gene16,Gene17,Gene18,Gene19,Gene20,Gene21,Gene22,Gene23,Gene24,Gene25,Gene26,Gene27,Gene28,Gene29,Gene30,Gene31,Gene32,Gene33,Gene34,Gene35,Gene36,Gene37,Gene38,Gene39,Gene40,Gene41,Gene42,Gene43,Gene44,Gene45,Gene46,Gene47,Gene48,Gene49,Gene50,Gene51,Gene52,Gene53,Gene54,Gene55,Gene56,Gene57,Gene58,Gene59,Gene60,Gene61,Gene62,Gene63,Gene64,Gene65,Gene66,Gene67,Gene68,Gene69,Gene70,Gene71,Gene72,Gene73,Gene74,Gene75,Gene76,Gene77,Gene78,Gene79,Gene80,Gene81,Gene82,Gene83,Gene84,Gene85,Gene86,Gene87,Gene88,Gene89,Gene90,Gene91,Gene92,Gene93,Gene94,Gene95,Gene96,Gene97,Gene98,Gene99,Gene100,Gene101,Gene102,Gene103,Gene104,Gene105,Gene106,Gene107,Gene108,Gene109,Gene110,Gene111,Gene112,Gene113,Gene114,Gene115,Gene116,Gene117,Gene118,Gene119,Gene120,Gene121,Gene122,Gene123,Gene124,Gene125,Gene126,Gene127,Gene128,Gene129,Gene130,Gene131,Gene132,Gene133,Gene134,Gene135,Gene136,Gene137,Gene138,Gene139,Gene140,Gene141,Gene142,Gene143,Gene144,Gene145,Gene146,Gene147,Gene148,Gene149,Gene150,Gene151,Gene152,Gene153,Gene154,Gene155,Gene156,Gene157,Gene158,Gene159,Gene160,Gene161,Gene162,Gene163,Gene164,Gene165,Gene166,Gene167,Gene168,Gene169,Gene170,Gene171,Gene172,Gene173,Gene174,Gene175,Gene176,Gene177,Gene178,Gene179,Gene180,Gene181,Gene182,Gene183,Gene184,Gene185,Gene186,Gene187,Gene188,Gene189,Gene190,Gene191,Gene192,Gene193,Gene194,Gene195,Gene196,Gene197,Gene198,Gene199,Gene200,Gene201,Gene202,Gene203,Gene204,Gene205,Gene206,Gene207,Gene208,Gene209,Gene210,Gene211,Gene212,Gene213,Gene214,Gene215,Gene216,Gene217,Gene218,Gene219,Gene220,Gene221,Gene222,Gene223,Gene224,Gene225,Gene226,Gene227,Gene228,Gene229,Gene230,Gene231,Gene232,Gene233,Gene234,Gene235,Gene236,Gene237,Gene238,Gene239,Gene240,Gene241,Gene242,Gene243,Gene244,Gene245,Gene246,Gene247,Gene248,Gene249,Gene250,Gene251,Gene252,Gene253,Gene254,Gene255,Gene256,Gene257,Gene258,Gene259,Gene260,Gene261,Gene262,Gene263,Gene264,Gene265,Gene266,Gene267,Gene268,Gene269,Gene270,Gene271,Gene272,Gene273,Gene274,Gene275,Gene276,Gene277,Gene278,Gene279,Gene280,Gene281,Gene282,Gene283,Gene284,Gene285,Gene286,Gene287,Gene288,Gene289,Gene290,Gene291,Gene292,Gene293,Gene294,Gene295,Gene296,Gene297,Gene298,Gene299,Gene300,Gene301,Gene302,Gene303,Gene304,Gene305,Gene306,Gene307,Gene308,Gene309,Gene310,Gene311,Gene312,Gene313,Gene314,Gene315,Gene316,Gene317,Gene318,Gene319,Gene320,Gene321,Gene322,Gene323,Gene324,Gene325,Gene326,Gene327,Gene328,Gene329,Gene330,Gene331,Gene332,Gene333,Gene334,Gene335,Gene336,Gene337,Gene338,Gene339,Gene340,Gene341,Gene342,Gene343,Gene344,Gene345,Gene346,Gene347,Gene348,Gene349,Gene350,Gene351,Gene352,Gene353,Gene354,Gene355,Gene356,Gene357,Gene358,Gene359,Gene360,Gene361,Gene362,Gene363,Gene364,Gene365,Gene366,Gene367,Gene368,Gene369,Gene370,Gene371,Gene372,Gene373,Gene374,Gene375,Gene376,Gene377,Gene378,Gene379,Gene380,Gene381,Gene382,Gene383,Gene384,Gene385,Gene386,Gene387,Gene388,Gene389,Gene390,Gene391,Gene392,Gene393,Gene394,Gene395,Gene396,Gene397,Gene398,Gene399,Gene400,Gene401,Gene402,Gene403,Gene404,Gene405,Gene406,Gene407,Gene408,Gene409,Gene410,Gene411,Gene412,Gene413,Gene414,Gene415,Gene416,Gene417,Gene418,Gene419,Gene420,Gene421,Gene422,Gene423,Gene424,Gene425,Gene426,Gene427,Gene428,Gene429,Gene430,Gene431,Gene432,Gene433,Gene434,Gene435,Gene436,Gene437,Gene438,Gene439,Gene440,Gene441,Gene442,Gene443,Gene444,Gene445,Gene446,Gene447,Gene448,Gene449,Gene450,Gene451,Gene452,Gene453,Gene454,Gene455,Gene456,Gene457,Gene458,Gene459,Gene460,Gene461,Gene462,Gene463,Gene464,Gene465,Gene466,Gene467,Gene468,Gene469,Gene470,Gene471,Gene472,Gene473,Gene474,Gene475,Gene476,Gene477,Gene478,Gene479,Gene480,Gene481,Gene482,Gene483,Gene484,Gene485,Gene486,Gene487,Gene488,Gene489,Gene490,Gene491,Gene492,Gene493,Gene494,Gene495,Gene496,Gene497,Gene498,Gene499,Gene500
cell_1,5,24,290,76,78,110,11,110,9401,8,10,28,154,141,2,38,11,61,0,12,65,59,105,49,5,9,2,2,0,40,5,109,9,214,9,0,7,2,0,8,995,116,236,95,2,89,161,119,54,1,18,13,98,0,0,107,22,70,41,26,0,6,0,24,49,25,51,53,55,43,5,17,13,64,0,122,33,130,3,5,25,252,11,10,451,169,15,57,82,25,243,15,137,32,20,210,1,43,0,476,198,10,7,367,3,8,0,0,3,36,17,38,5,57,0,0,3,24435,338,32,6,0,3,39,178,263,0,9,21,1,43,20,209,55,15,7,24,28,65,13,115,102,0,29,8,99,45,53,222,13,63,22,46,30,6,243,49,0,12,39,196,0,0,12,159,0,2,1,22,4,44,62,56,0,0,26,23,0,0,17,101,1,13,0,3,41,1693,9,321,22,11,62,0,105,87,0,1,1,6,92,0,5,12,0,21,91,5,14,38,178,0,0,3,55,21,44,33,0,72,39,4,6,4,6,0,1,140,0,86,2,70,16,16,154,42,14,39,1,3,249,12,2,17,61,1,0,118,214,15,38,21,107,297,20,5,9,140,7,50,129,0,162,21,83,535,10,23,33,10,6,27,15,1,44,1,20,125,134,1268,69,7,0,2,23,1,1,82,49,2,20,0,0,3,0,35,44,0,33,23,13,0,6,34,101,2,23,148,1,0,51,6,7,40,77,29,0,107,0,7,67,117,20,0,0,117,48,45,17,429,2,17,5,7,16,22,70,1,4,0,53,4,2,6,3,47,0,28,37,548,134,20,15,5,7,29,0,36,68,11,97,107,221,245,27,81,0,86,8,57,1,1408,38,33,3,32,20,153,22,24,4,4,0,19,2,24,27,2,14,29,62,209,1,781,26,217,13,23,0,10,0,15,50,80,58,25,24,72,1,150,2671,0,71,15,7,8,1593,1,0,2,5,19,104,5,68,18,81,38,106,27,86,90,162,0,25,0,1,27,128,24,0,67,185,54,2,105,34,1,12,1,15,1047,1,35,76,8,120,76,436,22,0,315,8,34,51,18,11,77,35,76,0,7,30,1,19,212,199,39,2,45,162,136,38,18,104,50,30,10,0,0,8,231,12,2,1,89,4,18,5,12,11
cell_2,1,20,214,87,10,55,52,16,6261,5,19,32,127,28,25,79,4,61,7,22,46,24,69,0,162,4,61,1,6,7,0,66,12,169,11,0,18,6,0,7,453,0,307,50,0,95,0,215,26,50,38,6,80,4,15,75,4,18,52,39,0,1,6,9,53,10,37,13,15,21,28,20,61,16,1,13,30,34,0,1,0,113,15,2,12,213,70,70,124,96,0,9,89,25,26,63,31,0,9,435,203,74,0,168,12,15,0,0,6,33,60,21,2,140,2,1,2,9099,55,17,14,0,6,29,95,88,0,8,20,0,37,64,117,72,31,22,31,65,49,68,97,80,3,32,3,101,19,83,158,101,0,19,20,16,1,175,38,41,36,61,94,23,0,0,225,0,10,12,11,23,34,103,17,0,0,48,9,1,0,2,39,0,63,78,14,36,4620,3,153,31,1,35,4,154,63,1,2,8,1,84,0,2,0,0,87,81,27,24,24,142,55,0,3,6,24,83,37,10,88,61,2,25,25,12,31,0,181,0,100,1,65,40,3,48,50,16,29,4,26,189,16,0,12,27,5,4,93,39,65,40,25,82,135,47,16,9,210,49,83,100,0,62,47,26,427,41,2,13,4,118,47,15,23,1,3,7,85,22,1391,3,0,9,3,1,0,7,78,1,4,1,1,0,0,0,0,46,315,62,12,27,6,0,69,157,8,37,30,0,0,68,12,17,36,42,22,0,106,0,6,14,74,49,0,70,25,24,18,5,576,0,15,0,7,8,12,18,0,1,2,35,5,11,11,22,23,34,19,47,338,70,4,42,41,13,46,33,64,30,4,152,79,93,113,5,85,2,68,4,44,0,1301,7,107,0,5,8,42,37,44,81,12,0,17,0,49,9,0,52,13,28,38,8,215,13,15,4,37,0,16,0,6,112,63,115,8,80,6,7,18,3042,0,13,1,48,15,2057,0,0,12,22,0,38,27,26,0,68,59,27,28,47,41,145,0,51,0,0,22,307,1,0,74,99,45,6,85,25,0,1,2,1,0,1,27,28,18,112,78,220,3,1,192,10,23,125,84,11,38,32,7,15,13,42,0,13,379,150,37,2,20,94,42,56,6,123,1,1,22,0,0,49,120,43,5,0,9,9,34,17,34,24
cell_3,3,19,265,191,97,4,68,206,4995,12,28,79,65,29,12,39,10,57,11,10,14,67,51,1,153,11,0,2,6,0,3,76,1,26,5,6,6,2,0,65,1656,0,349,96,0,7,11,176,53,14,4,8,166,43,0,173,20,3,21,73,1,9,29,34,31,111,61,37,33,23,11,18,45,0,19,163,61,71,0,6,6,100,6,13,359,78,80,2,80,12,86,6,140,7,21,359,5,2,4,377,175,138,6,143,1,44,13,26,5,56,17,43,17,95,0,17,7,8337,104,12,6,0,1,1,204,135,0,6,11,0,11,29,24,88,50,20,12,73,49,27,98,193,29,49,6,88,7,11,401,42,0,6,75,18,2,161,31,0,9,29,160,16,1,14,210,5,8,9,7,4,68,118,108,0,1,80,2,16,34,9,63,0,33,234,60,32,235,15,424,9,5,37,7,96,116,0,16,0,23,120,0,8,0,2,17,61,5,17,48,127,64,1,6,65,29,60,37,2,75,85,1,2,48,80,201,0,183,8,63,0,78,29,0,133,0,15,2,3,0,305,7,0,20,59,2,0,170,50,66,2,36,11,144,17,23,31,79,20,40,85,3,417,17,35,679,2,19,50,18,62,44,24,18,64,1,25,74,212,1614,37,45,102,8,65,1,1,45,55,2,0,2,0,13,0,0,17,3197,34,20,3,2,9,101,54,1,24,101,14,0,17,134,63,6,308,11,0,22,0,4,25,102,64,31,15,122,14,19,5,518,16,1,1,3,1,20,1,0,9,3,67,13,15,6,86,19,0,13,2,730,69,12,258,47,8,13,5,9,50,8,145,164,142,391,0,161,0,108,6,63,9,967,31,38,9,9,22,21,29,37,17,2,0,13,1,49,7,3,2,37,231,8,1,384,25,126,0,17,2,5,0,8,54,106,23,11,15,0,4,68,2287,0,30,2,1,9,1989,3,18,22,24,45,112,26,11,4,46,61,32,38,55,8,117,2,78,2,1,6,388,0,0,63,258,24,6,52,57,3,1,23,6,960,0,5,143,0,13,74,484,3,21,151,23,21,46,63,36,119,43,54,1,21,64,2,1,196,48,10,9,0,316,251,82,1,47,33,11,9,0,0,83,41,9,6,3,44,0,0,7,47,14
cell_4,2,17,90,0,2,22,36,113,3176,6,23,82,143,4,65,31,2,85,7,9,39,9,62,33,71,14,12,1,9,13,0,108,13,14,8,0,3,0,0,142,814,0,341,38,5,176,53,113,26,25,9,10,191,30,0,0,0,2,47,56,4,1,23,27,44,27,79,31,12,1,7,69,14,1,0,1,46,111,0,5,12,62,19,15,244,79,38,2,132,35,18,3,88,18,14,3,7,0,3,469,130,203,0,211,2,33,3,9,3,2,20,38,3,43,171,0,0,5531,269,21,1,0,0,39,94,133,0,0,18,4,7,33,141,48,11,25,5,17,56,25,78,166,9,82,0,82,23,3,199,54,84,23,30,36,2,73,11,9,7,95,134,3,0,3,268,8,1,3,4,2,51,98,100,2,1,47,0,3,0,0,70,3,13,206,36,37,369,22,95,14,1,38,6,96,226,1,24,16,47,111,3,61,1,0,28,56,0,21,61,118,12,3,4,9,30,40,44,0,66,63,2,9,51,28,310,30,142,0,59,1,66,56,4,45,47,1,15,1,2,201,20,4,3,4,0,1,72,8,15,39,31,59,221,20,0,23,74,16,32,59,0,226,1,48,848,42,10,38,9,7,30,29,9,43,2,16,98,197,1716,92,58,17,4,2,0,17,28,50,1,32,0,0,0,0,9,2,0,127,48,2,13,40,51,46,0,41,172,1,0,61,10,119,45,116,19,1,24,10,8,6,81,65,4,48,81,0,70,3,1516,0,1,5,12,2,21,1,0,1,6,77,3,8,45,50,0,7,22,0,228,41,3,211,13,17,21,13,33,119,28,14,140,195,414,25,113,4,105,48,99,6,1073,43,51,4,2,20,37,47,84,7,6,9,30,0,37,5,0,2,53,191,9,0,38,40,118,22,25,7,1,13,4,28,138,74,38,24,19,0,29,1385,1,3,0,9,5,1388,2,17,3,0,10,4,14,0,224,45,82,104,16,20,16,158,0,80,24,4,7,176,0,0,68,220,15,1,82,15,5,34,9,16,0,2,28,81,0,84,67,402,6,5,140,12,21,14,112,4,45,40,3,7,4,95,0,4,169,12,35,0,0,308,92,61,30,36,0,24,9,0,0,192,64,28,54,2,1,10,1,15,10,28
cell_5,16,23,214,7,8,111,12,111,8820,5,16,26,176,83,19,28,2,71,8,13,7,16,35,542,92,11,11,3,13,44,4,36,33,63,6,0,2,4,0,1,747,1,467,66,0,49,95,195,71,31,11,10,78,31,2,112,9,39,44,38,0,0,21,85,45,38,37,10,14,53,0,54,23,6,5,49,13,118,0,6,5,222,1,14,339,172,89,124,87,141,209,5,96,27,15,39,29,65,0,457,217,62,2,405,0,93,31,5,7,12,20,20,5,125,0,0,8,27777,288,29,26,0,0,45,216,203,0,5,21,0,15,32,170,55,29,11,28,10,77,22,237,73,7,32,0,62,8,11,275,23,0,14,18,14,1,207,186,0,100,82,168,8,0,12,213,2,17,5,22,0,26,7,42,4,0,80,1,1,0,8,54,4,0,39,36,46,1546,5,155,12,75,57,12,58,138,0,40,11,6,81,12,2,12,0,40,98,2,34,34,158,171,0,3,22,17,35,49,15,87,156,16,26,13,22,203,0,123,4,74,3,75,15,0,131,15,22,66,0,3,280,15,3,18,95,0,7,158,67,13,54,22,99,230,49,15,35,88,6,74,122,0,142,28,137,404,15,13,22,11,3,13,5,4,35,1,20,31,397,1503,52,101,162,14,37,2,3,85,48,10,3,1,0,4,0,27,40,0,39,22,11,0,11,7,98,0,36,12,25,0,71,45,56,96,91,19,0,45,4,6,30,88,58,0,2,56,1,29,10,427,47,10,6,7,9,24,20,0,4,0,43,0,0,20,17,53,13,23,0,0,97,2,6,14,82,28,0,44,28,160,136,79,169,263,74,119,2,75,17,20,0,1469,32,7,7,6,32,171,24,33,23,0,7,32,7,38,16,4,11,30,154,186,0,718,30,257,8,33,0,2,75,15,100,88,61,39,22,16,0,159,2345,10,64,13,10,3,1610,2,107,128,6,61,184,7,0,27,82,55,36,17,4,25,104,0,49,9,0,35,373,2,0,89,112,41,0,108,53,0,8,7,5,1,3,35,84,0,112,76,333,10,14,324,8,16,76,87,28,32,42,31,2,9,58,0,5,266,123,10,0,23,395,139,31,4,205,47,26,2,0,3,37,235,13,0,7,1,4,0,14,48,6
cell_6,1,42,212,9,58,52,51,113,6171,16,7,19,12,7,17,23,3,32,0,24,107,110,30,0,59,7,8,1,8,26,0,100,15,42,12,10,15,7,0,21,420,62,156,38,2,134,0,69,28,2,44,6,92,52,4,11,9,15,62,15,0,1,11,29,53,52,35,88,18,15,15,23,15,1,30,0,39,59,0,1,0,136,10,22,214,198,25,17,107,54,13,1,68,82,15,141,18,0,4,458,228,114,1,191,3,38,12,24,8,25,36,30,3,18,0,0,0,9186,3,38,15,0,3,40,189,160,0,37,2,0,6,80,147,31,43,14,23,10,72,13,0,146,8,40,9,120,9,7,184,118,116,8,5,15,4,147,58,57,62,51,12,7,0,5,201,1,0,9,18,0,46,18,9,1,2,0,2,0,12,1,125,1,17,37,3,42,6030,15,73,21,0,17,7,66,82,0,45,8,27,88,0,19,12,1,79,95,0,5,33,128,4,0,0,15,33,55,51,1,84,53,2,25,7,7,29,4,117,1,65,1,58,10,21,59,50,0,40,7,0,171,6,0,44,5,0,2,57,237,6,52,9,69,157,18,13,3,239,39,37,101,1,24,18,42,461,76,28,13,6,105,20,5,2,20,0,18,2,195,1460,28,3,57,1,21,1,7,51,7,2,3,0,0,3,2,0,28,15,47,28,9,0,34,26,162,1,15,57,0,0,73,18,65,5,20,29,0,4,0,2,35,66,10,0,9,48,4,35,4,587,0,21,4,4,36,20,9,23,5,24,21,8,5,10,16,1,5,34,23,9,58,17,97,21,20,49,35,65,3,16,36,99,168,6,25,87,0,60,79,25,13,1289,54,6,4,3,18,90,42,40,0,5,2,17,1,15,5,0,16,17,38,42,0,65,15,48,2,39,0,0,0,27,18,62,126,38,18,3,1,11,2995,1,65,8,8,12,1948,1,0,45,0,23,54,4,0,0,62,51,121,21,40,59,46,0,68,0,2,22,183,7,0,49,144,22,18,63,20,1,3,6,0,0,3,29,40,48,25,26,277,16,5,125,0,26,9,16,2,171,13,12,4,13,39,0,11,206,65,35,3,0,291,31,30,36,44,6,29,89,0,3,31,136,7,1,6,1,11,1,15,10,19
cell_7,2,40,207,222,113,5,76,145,2837,4,52,15,24,21,52,36,6,49,10,2,0,71,31,1,34,25,9,3,9,69,7,73,27,194,2,5,17,12,0,69,958,0,50,38,0,49,0,86,27,5,24,3,179,65,20,168,3,2,59,47,3,1,9,44,240,84,51,48,17,2,7,7,0,12,2,184,35,149,89,13,45,72,3,37,140,81,95,12,89,10,38,14,116,18,31,3,3,13,20,300,149,117,0,82,4,62,82,2,5,78,17,36,4,53,0,11,3,4087,63,31,1,10,0,46,30,273,0,1,19,0,13,100,38,22,52,26,5,15,82,4,94,151,1,101,2,61,13,39,194,34,75,20,2,102,1,121,66,1,26,24,166,6,0,44,157,6,4,7,2,16,33,116,48,0,0,72,3,5,2,10,97,3,17,3,39,32,400,5,194,35,2,13,2,79,44,0,0,14,61,65,0,95,0,4,15,61,0,8,82,87,11,3,0,7,68,68,32,15,60,89,1,17,41,11,98,0,165,0,86,1,90,203,0,84,1,16,215,2,3,123,10,39,1,119,0,7,77,67,52,37,9,59,68,6,14,11,132,16,42,38,1,136,3,0,392,17,18,36,26,52,61,19,10,0,0,27,13,7,1759,99,20,8,0,55,5,7,4,61,0,14,7,0,22,0,0,11,0,51,10,7,0,23,39,101,0,35,20,0,0,78,19,124,3,75,21,0,21,0,4,4,48,29,9,0,203,16,65,3,772,9,13,2,54,15,33,18,0,17,11,108,8,31,11,57,34,15,8,36,7,112,6,425,19,12,14,0,29,63,70,44,45,110,505,35,30,14,48,10,11,5,1117,68,123,8,11,22,11,15,72,2,14,2,33,20,8,8,1,14,28,203,17,1,247,25,21,9,31,0,20,0,7,85,40,71,5,338,1,26,51,1604,0,32,4,4,2,1784,12,3,31,21,42,13,14,0,175,27,89,29,44,26,28,137,3,139,0,5,5,218,3,0,2,151,15,8,92,24,38,5,32,2,0,1,23,74,1,37,82,336,4,7,159,10,22,86,39,3,19,27,13,1,17,56,0,3,14,15,61,7,48,281,103,40,9,65,1,95,6,0,13,277,67,24,26,1,98,1,0,11,32,13
cell_8,4,19,497,0,0,82,21,135,3209,1,59,56,11,12,62,23,7,75,0,20,0,130,53,55,0,21,33,7,11,6,1,149,2,60,3,1,21,0,0,0,825,0,347,108,1,268,0,153,25,11,22,24,222,3,56,53,0,22,55,8,0,3,44,115,75,4,70,75,41,10,4,30,1,25,8,2,48,118,0,0,0,112,7,13,292,56,35,13,131,34,97,11,104,36,31,62,1,24,0,510,149,224,0,233,5,13,0,4,1,40,26,44,6,54,0,5,1,4283,17,69,29,37,4,30,91,105,0,14,8,0,64,81,152,80,31,15,5,11,44,49,131,122,9,62,0,122,0,26,154,14,3,30,62,59,15,81,22,0,14,88,58,0,0,0,287,17,1,0,4,16,46,61,0,0,0,102,20,0,3,16,25,4,3,10,31,24,352,46,281,85,23,27,0,59,61,0,21,3,54,113,1,33,10,1,12,76,31,30,60,118,5,9,4,4,28,47,32,6,36,47,12,32,50,1,79,0,144,0,43,0,63,70,7,147,23,2,79,3,3,225,9,2,12,80,5,3,63,9,37,39,29,98,44,9,13,39,78,18,34,86,0,207,13,16,955,9,14,13,3,38,3,22,8,0,0,26,0,77,1665,47,50,4,5,0,0,12,40,91,1,47,0,0,2,5,0,0,0,96,14,0,25,0,66,85,0,37,92,20,0,74,3,81,106,32,20,0,40,5,3,13,56,62,0,38,150,24,21,18,1541,118,7,5,2,7,28,6,3,0,5,48,12,24,9,26,1,38,11,0,0,64,0,0,19,2,20,0,40,1,48,94,112,466,365,127,124,8,114,36,31,0,1003,22,19,0,4,7,3,41,31,10,1,0,11,4,19,16,8,12,42,202,53,0,168,14,112,12,28,0,12,0,19,120,136,38,14,69,7,0,80,1882,3,62,0,2,12,1341,9,0,11,4,121,2,0,32,131,9,89,114,4,11,34,228,0,70,2,7,22,83,0,9,63,225,39,2,98,19,9,7,0,2,0,0,23,86,0,124,72,10,16,49,146,13,22,2,62,0,29,51,64,3,12,94,1,8,42,86,47,17,149,191,158,41,41,81,3,24,63,0,0,187,75,6,24,3,1,33,0,0,24,49
cell_9,3,24,299,0,77,29,83,148,5363,2,24,11,56,39,7,44,13,63,12,6,8,73,82,0,132,12,17,0,4,14,0,92,0,1,4,0,15,1,0,19,1647,135,217,43,0,22,119,72,6,21,3,24,147,25,13,171,4,0,38,40,0,3,24,96,57,59,49,92,6,14,1,4,9,47,0,110,98,131,0,0,50,77,20,5,412,68,42,11,99,59,36,8,141,7,27,56,20,6,14,359,190,122,5,241,1,43,34,0,8,89,8,26,3,98,88,0,0,8317,9,6,7,1,1,23,113,113,0,7,5,0,22,25,107,24,44,24,25,0,63,13,188,184,0,24,6,155,38,34,348,58,5,15,32,17,0,122,42,7,3,59,143,6,0,18,182,5,11,3,0,1,65,62,61,0,0,70,2,5,0,18,38,0,8,37,53,45,485,34,518,22,50,20,6,57,117,0,0,9,27,130,4,58,0,5,6,93,2,3,39,79,10,2,0,20,22,53,25,5,64,159,0,13,13,42,22,0,250,2,65,0,77,42,0,36,0,16,93,5,1,365,10,3,49,198,1,3,138,36,43,37,31,16,94,22,16,3,49,11,32,56,0,483,8,68,558,1,13,36,9,8,24,3,0,5,0,2,34,53,1576,80,44,39,0,101,1,6,16,78,3,101,9,0,6,21,0,28,0,25,9,2,1,0,47,38,0,32,100,1,0,53,13,56,71,67,27,6,30,1,0,19,108,30,1,8,115,10,4,9,497,124,13,23,3,1,21,38,0,10,12,59,0,2,15,105,14,0,2,0,208,80,16,257,4,40,22,7,20,85,5,122,23,280,377,94,114,1,63,5,68,12,971,20,6,13,8,20,22,31,36,4,3,0,13,43,5,7,13,3,41,234,24,0,277,44,169,6,20,0,3,0,5,38,67,5,5,121,25,8,175,2243,0,42,5,5,2,1867,6,126,58,13,86,93,8,63,144,51,57,83,25,6,13,124,0,81,12,0,17,400,27,3,8,246,41,0,44,29,12,6,5,10,17,1,20,148,0,44,80,398,2,31,162,12,14,0,136,17,28,47,24,0,17,51,0,5,175,122,166,2,137,252,221,70,30,97,3,96,9,0,0,28,57,8,10,1,48,30,2,3,40,6
cell_10,8,24,309,7,12,18,32,179,6046,1,15,79,123,38,37,65,13,61,11,20,12,29,77,0,81,18,25,7,21,0,0,76,13,237,9,4,12,2,0,42,1557,0,214,72,0,122,1,83,73,66,16,4,177,4,23,192,8,5,46,52,0,1,5,7,57,8,53,58,25,21,5,18,17,28,24,73,59,7,0,2,72,63,25,8,439,35,58,23,102,11,54,1,183,15,23,201,29,13,6,378,174,170,3,228,2,25,3,18,5,61,13,35,0,140,189,0,0,8607,10,22,12,11,1,45,93,138,0,29,17,0,4,42,151,13,18,0,1,20,53,21,239,58,6,43,3,92,4,36,346,61,0,26,36,20,1,115,74,0,3,46,130,19,0,47,183,3,5,13,2,1,22,45,75,0,0,61,30,5,0,3,61,1,17,60,43,34,662,15,313,31,2,25,0,67,123,0,22,0,27,128,21,105,3,3,2,65,1,12,44,135,9,5,2,4,39,59,2,11,75,162,0,8,37,8,214,4,225,0,48,0,70,23,0,78,12,7,22,7,3,436,8,1,49,4,5,1,147,72,16,29,41,53,185,16,4,19,89,5,27,57,0,493,9,16,586,66,30,18,4,72,33,10,3,0,1,28,57,186,1525,85,9,37,2,14,0,2,47,93,1,53,1,0,1,29,0,21,0,38,35,3,1,36,59,34,0,26,236,18,0,20,54,15,37,45,11,1,45,0,6,33,116,33,0,19,66,46,11,34,527,7,3,1,0,2,12,5,28,0,5,60,88,10,28,45,1,20,20,8,92,132,0,35,30,39,15,0,35,97,1,80,124,88,380,75,71,1,84,19,36,7,988,23,15,12,6,15,1,28,41,1,8,0,5,0,4,14,11,5,15,212,95,0,199,8,49,10,31,0,8,1,4,59,90,108,20,18,8,1,88,2154,3,0,4,5,6,1789,1,18,10,0,44,13,49,2,139,62,57,57,33,46,8,132,1,44,0,9,11,411,4,0,60,260,37,1,74,19,24,8,1,3,107,3,46,121,1,48,67,378,4,37,126,8,25,35,25,29,125,38,12,6,19,61,1,2,68,102,157,2,127,120,185,74,56,21,39,25,7,0,0,44,152,35,36,3,106,11,1,0,45,4
cell_11,0,16,359,22,80,48,65,57,3304,0,67,76,39,18,56,31,3,39,0,0,18,30,65,6,104,22,9,0,16,15,7,124,20,57,16,7,5,11,0,0,711,3,198,74,3,38,1,143,63,4,9,9,242,1,1,57,3,0,43,102,1,1,10,4,54,72,81,21,71,26,8,0,44,3,0,171,20,90,3,1,9,96,17,24,72,92,50,8,121,29,28,26,101,46,26,119,20,26,15,520,147,196,4,124,1,41,0,1,11,59,22,56,10,41,41,8,0,4188,222,26,38,0,1,33,113,98,0,9,33,0,0,8,140,63,73,15,14,15,96,51,69,200,0,52,3,34,16,19,143,3,3,24,73,34,1,84,45,0,11,56,125,3,1,3,269,3,17,16,0,5,35,63,51,0,0,5,23,0,0,13,12,1,28,135,55,25,314,1,76,13,10,22,0,88,160,0,0,12,34,125,0,7,1,0,15,53,13,16,85,136,6,3,19,10,26,50,37,8,51,19,0,16,60,79,288,0,137,0,54,2,78,55,13,149,9,3,93,0,6,229,11,2,35,62,1,11,72,56,84,23,27,9,100,6,10,56,57,14,36,72,0,210,11,25,869,20,15,63,13,2,27,10,21,59,0,31,27,196,1670,21,8,14,7,33,0,2,49,83,4,10,0,0,17,0,0,28,0,96,15,1,18,0,67,78,0,34,107,1,0,57,35,118,8,97,6,0,57,0,3,6,95,50,67,2,73,0,76,8,1507,24,5,0,14,0,11,6,1,21,18,79,3,18,16,78,15,20,7,13,354,26,6,360,31,4,25,2,31,1,57,15,17,212,396,48,108,0,123,19,61,0,1084,17,42,31,17,5,22,41,48,21,5,0,23,6,2,21,17,0,40,89,63,0,252,18,119,3,22,0,1,0,2,30,112,12,13,39,9,10,48,1941,7,61,0,10,4,1377,22,1,3,1,60,18,20,2,127,40,64,60,38,42,18,205,0,86,1,4,3,195,0,2,67,230,12,3,83,63,3,14,16,8,22,0,1,98,2,19,64,229,0,34,155,10,21,38,104,11,61,35,27,21,11,95,0,9,188,67,60,8,43,110,139,83,57,79,8,6,17,0,0,167,22,14,31,1,101,11,0,7,21,30
cell_12,0,25,231,0,100,19,51,139,6636,6,36,23,73,32,14,80,15,13,2,25,5,16,45,0,167,11,7,1,8,46,0,73,26,0,8,0,11,8,0,70,482,0,87,46,0,62,0,185,5,44,17,0,88,107,21,64,3,4,54,25,1,4,23,38,48,18,37,10,40,27,25,46,34,25,0,10,30,89,0,3,2,151,39,21,162,159,69,19,86,0,29,24,90,2,2,83,2,0,3,453,219,131,22,158,4,127,7,0,18,23,41,33,1,65,111,11,0,7854,0,17,22,0,0,22,131,46,0,11,24,2,15,24,139,77,37,32,29,10,81,58,98,80,4,33,0,148,2,13,155,25,0,7,3,28,10,176,124,14,5,70,41,11,0,19,205,7,0,9,0,3,67,14,19,5,4,4,9,4,1,8,33,0,26,84,50,50,3685,16,71,14,0,58,7,123,43,9,0,14,22,90,5,18,0,0,68,81,3,27,16,134,63,1,8,34,34,83,65,1,67,26,6,3,26,0,99,0,111,0,67,3,77,16,5,112,46,15,6,3,3,173,20,0,9,0,1,7,84,122,12,56,8,83,38,34,21,23,169,53,60,21,0,80,1,28,446,42,16,26,21,67,11,2,68,49,0,2,66,110,1310,59,0,130,0,0,2,12,37,4,4,6,1,0,27,1,0,11,0,34,50,2,17,42,23,108,0,21,123,1,0,72,29,53,80,20,21,13,48,2,7,0,58,73,0,35,84,13,37,5,559,11,17,0,21,2,28,18,2,4,21,38,3,27,4,91,52,15,1,21,356,24,0,124,46,12,39,0,74,3,95,194,47,112,122,44,116,5,16,55,51,1,1248,6,8,8,4,32,56,16,19,28,8,5,39,0,37,10,8,8,22,70,50,0,58,15,71,12,45,0,2,0,3,14,84,92,5,127,18,0,13,3416,7,53,4,1,5,1999,5,13,36,17,26,110,18,6,54,73,62,119,17,2,15,138,1,52,1,2,12,97,2,0,80,128,43,4,84,40,8,7,2,12,3,6,13,31,2,45,86,299,0,6,193,6,36,7,46,5,46,14,49,4,15,50,0,2,202,34,158,8,71,316,42,51,13,11,22,214,3,0,0,81,132,4,3,2,71,5,20,7,15,11
cell_13,6,29,477,1,100,215,96,42,2276,3,33,17,15,28,13,31,8,46,26,3,14,74,23,4,0,10,6,4,9,6,2,89,4,98,6,0,49,9,0,27,1052,7,52,154,0,7,0,98,62,7,89,8,115,17,6,153,4,14,23,78,0,2,5,17,205,76,25,98,60,13,12,45,24,6,0,361,6,284,24,12,52,80,14,10,147,50,108,18,102,13,30,6,113,4,15,16,2,27,6,277,123,150,0,22,2,20,12,33,4,52,21,38,4,48,5,0,1,3284,78,89,8,0,4,51,97,199,0,35,20,2,4,13,85,73,82,12,40,36,56,12,112,78,5,112,2,113,31,10,225,25,57,22,14,142,1,152,30,0,16,121,172,3,0,0,202,3,1,18,12,7,44,62,44,0,0,93,7,7,48,1,125,8,15,52,12,28,501,15,35,14,2,34,3,48,70,0,0,8,4,70,18,25,1,1,68,67,10,53,99,82,76,0,0,15,59,56,34,15,13,301,6,4,24,14,394,0,214,0,108,11,93,136,0,113,4,3,148,0,1,80,7,2,24,98,3,1,82,36,19,41,9,10,30,19,8,20,176,21,24,58,0,100,14,9,442,16,13,42,22,0,12,25,10,38,0,4,92,221,1646,93,16,4,7,11,1,14,49,45,1,9,0,0,17,0,0,14,0,48,18,5,11,2,37,154,0,40,59,7,0,57,5,111,13,83,19,0,19,0,0,14,85,37,0,13,16,9,86,5,790,31,9,9,29,11,30,9,0,18,4,94,2,16,17,45,15,18,2,15,121,123,15,488,8,18,28,8,48,58,54,27,61,261,288,90,76,4,59,53,47,33,1160,42,65,66,3,8,28,49,45,9,17,0,28,2,22,1,2,9,63,145,38,0,353,9,67,12,36,0,5,0,2,44,46,97,26,199,29,1,21,2008,3,74,2,14,5,1787,7,0,20,17,24,47,10,2,101,22,77,48,25,14,36,97,12,124,44,12,31,262,0,9,115,156,14,9,100,65,14,55,38,3,0,0,8,58,2,28,100,492,6,5,124,8,27,111,14,12,13,3,72,5,17,49,0,6,25,22,72,1,198,410,156,71,27,10,1,35,9,0,0,233,79,19,0,1,3,18,0,3,57,8
cell_14,1,31,436,1,0,77,7,64,2642,1,36,34,71,23,39,42,6,54,18,7,6,22,27,0,0,14,24,4,24,25,7,80,12,0,3,11,36,3,1,8,770,0,65,108,0,46,11,72,29,24,34,19,182,44,1,27,6,29,64,35,4,2,30,83,205,21,47,99,18,12,14,17,40,0,7,8,39,29,0,10,103,56,11,3,220,46,61,18,67,71,100,6,127,0,43,0,5,30,20,293,103,145,0,110,1,58,6,2,7,69,32,36,0,110,0,0,15,3995,23,25,12,6,0,36,34,90,0,13,11,10,12,59,117,73,49,51,16,7,79,8,41,35,5,131,2,84,5,6,212,39,0,13,42,145,9,154,54,0,17,117,161,7,2,13,135,13,6,15,0,11,39,146,37,7,0,102,0,9,0,9,62,1,23,78,39,39,384,13,29,40,7,24,3,63,139,0,71,7,28,86,10,26,1,0,37,57,0,33,49,113,53,0,8,28,66,66,58,5,80,37,9,0,63,81,155,0,193,0,48,1,88,70,26,51,0,8,257,2,6,146,14,25,0,267,0,5,65,71,9,21,18,204,152,55,10,39,142,5,53,48,0,97,3,28,352,42,25,16,9,0,50,9,2,10,1,21,0,279,1584,29,58,33,3,26,0,17,56,92,2,62,0,0,16,0,0,10,0,67,23,8,33,40,40,54,0,42,228,3,0,29,49,145,7,132,22,0,35,4,4,14,64,70,5,35,17,2,31,9,762,28,11,10,27,1,18,3,0,9,15,117,0,11,29,54,24,0,5,11,365,109,11,31,26,11,18,0,37,84,81,34,108,462,569,9,25,7,52,8,16,1,1166,53,135,4,13,29,14,47,59,1,6,1,5,15,23,8,12,20,49,162,11,0,260,34,90,9,45,0,0,0,6,73,90,100,22,62,24,1,90,1633,8,127,1,22,2,1736,10,1,12,6,38,70,8,0,506,31,67,14,33,7,37,61,3,160,12,5,23,229,0,0,95,153,34,1,71,69,3,59,16,4,19,3,30,55,0,26,59,281,29,25,175,16,25,27,19,4,6,5,7,8,9,43,0,25,23,37,29,8,0,419,122,32,0,23,4,8,2,0,0,237,58,43,17,4,1,7,2,7,101,20
cell_15,0,44,394,37,11,63,96,46,2489,2,58,23,1,25,10,21,13,72,24,5,10,97,30,11,42,9,9,4,17,0,0,76,0,0,7,7,0,3,0,20,944,0,170,126,0,64,0,15,30,9,96,8,104,21,1,69,11,27,49,36,0,4,45,63,217,67,59,84,38,5,19,86,9,16,0,226,26,273,0,1,45,60,10,20,245,57,36,17,128,16,10,33,91,32,10,3,0,15,0,303,122,113,2,39,1,67,47,24,3,45,27,35,12,111,139,13,0,3901,58,56,7,1,4,48,109,205,0,31,16,2,5,37,95,55,50,6,24,36,51,3,88,40,37,120,2,109,18,5,202,25,0,5,57,69,1,162,24,0,10,105,114,3,1,68,245,9,3,0,0,0,50,47,14,6,1,1,19,0,26,1,35,0,22,72,42,45,511,25,85,54,6,20,0,5,67,0,5,0,39,58,5,50,24,0,49,58,19,44,96,68,6,0,2,28,44,57,74,0,46,82,0,27,55,100,305,0,170,0,105,0,104,64,0,40,6,2,199,0,6,103,24,1,22,12,6,2,61,34,11,36,25,186,87,17,8,10,191,21,41,54,1,110,1,39,385,29,17,44,13,10,47,30,0,0,0,30,58,367,1697,143,11,15,1,24,0,6,81,35,2,36,0,0,0,0,0,10,9,50,43,15,3,9,63,134,0,15,159,0,0,48,4,115,29,187,22,0,33,0,0,16,56,81,24,22,61,3,102,5,849,29,10,0,33,0,11,13,1,4,1,90,32,20,4,80,13,4,17,0,312,97,0,374,4,10,15,13,29,45,36,36,94,180,585,26,86,1,36,35,0,18,1044,19,9,38,3,27,21,64,29,0,23,0,22,10,34,9,5,12,38,227,50,0,224,14,15,5,34,1,8,25,2,81,54,101,3,366,20,5,55,1816,1,22,0,5,0,1777,5,2,6,0,12,6,3,12,269,29,78,39,26,10,0,31,1,126,3,16,14,53,0,0,2,35,5,8,101,43,9,63,10,1,0,0,21,54,0,27,88,116,8,53,150,5,17,85,38,5,35,8,41,3,20,40,0,3,15,60,54,10,219,415,102,68,7,19,8,57,21,0,0,243,90,55,12,2,0,22,0,5,15,11
cell_16,4,16,270,11,0,29,8,142,9585,2,13,22,61,68,23,21,0,56,6,7,11,15,77,0,114,13,19,4,1,107,0,36,10,180,38,2,0,2,0,1,864,0,606,50,1,34,3,40,39,66,13,23,99,8,1,17,6,40,52,15,0,3,33,89,34,33,47,182,1,40,7,29,72,5,3,41,12,31,0,11,13,231,46,9,411,105,33,12,79,65,175,4,139,16,15,10,33,0,5,498,208,92,0,270,0,41,0,103,11,18,14,29,10,140,0,0,4,21247,250,30,15,1,0,37,136,190,0,9,23,0,5,36,149,35,36,23,7,16,73,13,125,46,20,22,0,42,15,5,253,29,0,17,41,13,0,131,126,0,55,78,138,34,0,12,167,7,2,5,25,2,29,65,17,5,0,16,0,17,0,22,32,3,10,94,36,44,1723,4,108,17,38,71,10,95,108,0,35,2,0,113,5,12,11,1,34,118,0,9,10,166,182,0,4,14,12,22,30,40,56,106,2,41,23,29,116,0,166,0,67,3,64,26,1,212,11,15,51,2,15,264,31,5,68,159,13,8,184,23,20,23,24,67,262,1,21,29,88,14,39,96,0,68,27,23,455,27,6,28,0,69,38,11,93,19,0,19,0,309,1310,47,40,71,2,29,0,4,61,30,9,3,0,0,2,0,0,33,0,33,12,4,15,1,41,111,0,15,15,1,0,61,73,50,55,27,22,0,14,0,1,16,70,53,5,23,59,15,9,45,425,0,1,0,24,9,14,33,11,10,6,44,28,4,28,60,6,7,16,41,147,110,5,81,28,16,35,0,64,37,20,98,101,327,254,9,139,0,67,18,18,2,1289,28,15,1,20,5,87,24,31,80,2,2,25,1,3,12,0,3,9,116,139,0,260,35,155,11,29,0,4,0,5,87,86,125,46,57,11,2,60,2763,0,37,6,3,9,1555,16,28,88,0,85,61,48,0,77,75,61,73,16,34,14,26,0,62,10,1,19,464,0,0,47,174,31,7,127,30,2,0,6,2,1,1,18,57,0,57,57,233,17,13,362,4,26,60,34,53,42,34,26,2,15,61,11,2,142,261,60,0,41,313,127,63,11,96,29,87,4,0,0,60,220,42,14,0,0,9,9,3,39,6
cell_17,0,40,242,0,0,41,41,78,5743,3,29,20,87,6,33,80,6,69,13,47,8,21,38,39,173,21,13,4,0,1,0,87,4,71,12,2,48,1,18,26,417,9,70,53,0,115,17,142,54,27,5,17,81,7,6,77,10,26,67,9,0,0,42,59,58,22,33,63,28,0,19,12,20,0,92,19,39,66,30,4,14,123,9,1,204,62,11,58,86,115,73,0,79,9,2,91,18,0,2,425,228,34,0,170,3,73,2,25,2,22,47,36,8,145,93,0,0,7969,2,2,6,2,1,27,121,93,0,53,29,0,1,34,175,76,24,13,22,0,47,28,4,44,0,35,1,199,3,86,186,47,0,16,4,38,6,162,124,0,13,78,36,66,0,9,212,7,6,8,2,2,36,12,116,0,0,46,40,0,0,11,48,0,2,164,42,41,5708,4,68,4,7,24,0,83,45,0,23,0,31,97,3,8,9,2,36,95,0,30,42,108,32,0,17,6,27,22,16,4,91,147,2,33,36,5,19,0,156,2,115,1,82,53,0,123,30,4,28,28,3,150,10,3,56,123,10,8,71,218,10,67,18,99,103,14,2,55,222,19,61,54,0,34,0,24,441,26,30,12,2,43,30,9,14,1,0,3,77,156,1480,6,12,33,3,13,0,3,42,20,1,4,2,0,0,11,0,48,0,57,23,4,4,9,38,111,0,36,4,14,0,66,14,56,53,2,15,7,14,0,0,2,52,67,0,3,57,14,13,14,544,12,9,1,7,2,24,39,24,6,6,30,10,7,9,68,0,6,6,0,0,58,5,238,48,32,59,16,49,54,18,204,108,425,90,140,51,4,12,25,32,0,1191,29,17,0,8,51,57,38,38,13,11,0,13,8,37,2,5,12,33,100,60,0,32,5,143,5,42,0,11,0,5,79,54,112,14,153,11,0,54,3232,0,2,6,22,13,1948,24,48,49,3,26,14,5,2,57,30,56,218,36,27,100,144,0,83,0,2,20,295,11,0,76,82,36,1,67,11,2,6,32,1,229,3,29,33,1,74,94,229,11,42,154,1,30,0,56,21,82,45,98,1,18,48,0,2,65,188,106,11,25,300,49,57,1,63,3,38,14,0,0,90,131,27,30,6,1,11,3,2,20,19
cell_18,5,38,169,143,68,9,48,80,6052,18,11,12,82,23,10,50,1,47,15,9,30,59,52,29,185,18,12,4,10,28,0,48,1,123,6,2,2,3,0,28,473,112,127,55,0,88,89,189,9,4,32,21,79,49,0,80,27,8,65,3,8,2,14,24,44,40,36,61,21,37,21,2,26,22,0,5,39,49,3,0,0,133,4,15,116,202,30,102,90,26,52,5,95,17,18,119,18,0,11,499,221,116,0,145,2,124,7,35,0,24,36,8,0,112,0,0,6,8348,43,10,6,6,1,47,213,104,0,36,33,0,19,75,110,71,21,2,23,31,29,23,129,109,51,29,3,31,10,71,173,98,33,5,5,8,8,169,43,8,20,19,109,0,0,4,181,1,11,16,1,6,13,71,74,1,0,40,0,7,20,6,94,0,41,107,46,38,3781,0,92,20,7,39,14,150,81,0,3,3,48,108,0,1,10,0,104,59,31,6,23,126,195,4,1,42,23,4,10,18,107,142,1,26,25,13,57,3,181,1,69,1,42,11,0,110,58,13,39,15,9,187,10,1,48,0,2,5,75,33,60,17,18,105,64,23,9,21,208,57,69,64,0,92,45,31,449,13,10,3,21,20,21,5,36,81,3,15,6,110,1332,0,14,184,0,0,0,19,52,10,1,4,0,0,13,1,0,43,16,59,28,25,0,0,29,157,3,26,55,3,1,41,21,32,61,66,18,8,39,0,16,7,59,51,12,24,28,131,7,3,565,30,3,4,23,6,15,3,4,1,16,23,0,18,10,62,66,5,19,5,376,65,1,96,20,28,31,2,95,64,11,19,108,46,139,3,63,0,69,59,57,12,1212,2,58,1,6,33,8,51,31,0,2,3,41,0,33,19,0,31,9,9,48,0,181,17,43,6,26,0,8,0,5,180,47,102,8,139,4,0,105,3020,0,38,0,6,5,1980,6,30,3,11,16,181,25,19,43,67,52,23,24,53,146,35,0,28,15,1,15,52,3,0,184,128,29,3,84,21,0,4,20,12,10,2,56,29,1,127,28,214,7,3,157,2,25,65,88,47,84,6,0,0,14,31,5,14,299,101,17,2,92,127,39,34,21,163,13,21,4,0,0,66,115,10,25,6,3,1,12,17,28,14
cell_19,0,22,105,0,2,26,19,129,5369,23,21,11,81,12,50,64,0,28,17,63,15,143,83,4,84,23,0,2,5,0,0,67,34,95,11,0,11,0,0,24,325,0,521,2,1,126,0,73,16,111,15,10,105,33,7,9,1,4,61,37,29,0,30,57,44,19,36,46,3,1,14,13,3,25,0,0,21,32,10,0,0,77,39,14,8,116,71,33,55,27,149,2,85,55,23,0,33,50,17,488,190,119,0,157,8,60,5,9,10,5,52,27,6,180,0,0,0,7456,29,9,28,0,0,11,99,124,0,30,38,4,10,48,153,22,3,12,10,1,60,15,180,76,8,39,30,87,1,78,155,90,2,24,39,19,3,136,56,45,32,19,157,1,2,15,242,6,9,11,22,1,26,81,21,1,1,66,0,8,0,2,95,2,51,119,42,34,4770,20,99,23,0,35,1,109,57,0,0,36,35,89,2,24,2,0,28,119,0,22,26,118,215,3,5,1,20,107,19,1,104,170,8,9,10,38,76,0,138,1,97,2,63,18,0,3,45,1,3,22,11,179,21,3,50,48,2,3,107,55,23,65,23,74,56,33,2,8,207,45,51,63,0,36,7,3,456,18,9,2,21,98,56,28,32,0,0,9,14,214,1496,2,5,146,0,0,0,30,0,15,8,2,0,0,0,0,4,27,303,49,24,11,22,3,19,51,0,16,89,0,0,61,28,43,86,8,20,0,12,0,11,0,30,62,23,30,113,15,8,4,567,13,13,14,30,6,20,5,0,3,97,36,0,24,12,95,96,29,10,0,165,75,0,45,48,12,29,0,63,56,48,197,112,56,93,101,78,0,68,6,25,20,1254,8,29,2,3,17,52,38,8,38,0,0,21,0,13,27,0,8,35,84,21,0,133,37,103,8,42,3,18,0,9,62,41,132,14,166,15,0,27,3409,0,50,0,8,5,1994,9,16,12,21,82,10,31,0,120,76,62,190,12,38,45,179,0,79,13,0,15,211,10,0,121,132,19,7,45,17,10,6,2,1,1,2,16,67,10,93,77,315,3,0,202,2,25,28,96,2,87,37,14,7,25,41,2,5,160,47,72,4,40,242,45,42,3,68,34,6,7,0,4,76,138,25,12,3,113,7,0,8,23,10
cell_20,5,23,204,118,68,32,49,104,6102,6,23,16,78,38,30,57,9,58,15,5,7,136,41,25,162,15,47,2,7,48,3,23,12,136,4,0,17,5,0,6,445,0,498,46,0,96,160,249,38,47,32,6,92,31,5,79,1,1,53,4,0,1,1,29,59,91,33,8,68,2,21,57,67,0,2,15,47,57,3,0,3,161,21,4,63,145,89,37,72,83,51,0,115,5,24,8,10,0,5,469,238,122,12,92,0,112,2,7,1,14,37,31,1,122,0,0,0,7519,142,72,11,0,1,11,170,45,0,0,28,0,36,34,123,98,42,18,6,0,41,41,55,11,24,24,3,16,11,11,61,19,0,9,0,16,5,148,0,26,16,23,148,30,0,0,225,1,6,12,0,5,64,37,64,6,3,18,2,1,0,0,93,0,15,79,16,46,5433,16,45,10,2,39,2,135,82,0,35,12,26,110,0,4,7,2,49,51,39,38,11,125,168,0,0,15,28,93,59,23,83,168,0,19,45,12,80,0,119,0,99,10,46,12,13,128,52,4,61,18,9,173,7,2,35,37,4,0,95,20,8,34,13,117,84,24,3,5,229,43,52,32,0,60,24,13,470,35,3,4,1,72,40,16,32,39,0,13,14,233,1353,61,42,51,2,0,0,14,52,14,2,1,0,0,10,0,5,22,0,50,24,15,7,43,28,132,0,21,45,3,0,66,1,24,8,14,19,5,45,0,7,14,50,47,0,51,33,32,0,2,596,55,6,6,10,1,12,4,0,11,6,26,9,20,1,79,78,27,25,40,262,39,24,2,12,4,21,13,83,45,19,13,94,218,64,44,124,9,53,24,57,12,1140,7,47,1,6,16,3,44,39,103,6,1,66,2,8,16,0,10,9,75,11,2,89,24,114,8,37,0,15,0,12,95,28,33,12,79,12,0,76,3379,0,17,0,28,10,2069,2,0,13,0,14,198,23,0,66,45,74,168,22,2,14,93,4,61,19,1,21,130,5,0,112,108,6,8,72,23,4,11,48,18,181,2,41,34,8,47,39,299,8,19,187,4,27,90,51,16,10,39,33,2,21,53,3,12,335,2,34,3,65,228,37,39,16,77,4,56,7,3,0,91,126,9,10,7,53,9,13,6,43,8
cell_21,0,30,68,0,28,45,7,109,5514,10,8,11,33,4,38,42,4,70,15,27,9,29,89,0,0,25,4,6,2,17,0,44,2,44,11,0,68,0,0,2,499,0,410,15,0,54,67,188,42,23,24,11,77,11,13,8,3,16,14,23,1,4,6,22,40,12,33,7,17,3,5,0,0,31,0,41,24,130,0,5,1,46,32,10,231,107,34,56,66,22,129,12,118,17,17,0,38,35,2,492,218,137,4,183,10,52,0,0,3,10,53,44,1,32,6,0,0,8238,195,26,28,1,5,5,123,184,0,1,7,3,13,98,175,99,5,1,19,7,34,54,172,91,11,25,6,149,13,91,94,70,216,2,45,26,4,25,12,0,14,68,29,33,0,85,203,0,12,3,9,1,66,33,1,2,3,28,4,1,0,2,16,4,43,13,47,45,4578,5,173,19,13,31,13,108,67,0,0,19,31,119,11,18,30,2,28,91,5,10,28,118,80,0,2,4,15,139,6,42,89,119,0,17,5,7,18,0,134,0,89,0,87,31,4,43,58,1,34,16,0,184,32,7,20,108,2,6,107,2,38,49,28,48,164,22,3,22,221,30,33,38,0,21,9,40,438,72,3,11,1,2,5,14,7,18,0,3,90,63,1272,20,1,32,5,4,0,4,8,39,2,14,0,0,8,3,0,55,6,47,0,12,0,47,13,64,0,44,45,9,0,57,4,41,11,52,16,0,3,1,9,14,60,88,7,37,150,59,17,1,576,155,4,2,18,14,18,4,0,1,45,35,12,5,15,13,5,11,21,0,15,69,3,30,1,22,39,1,89,30,20,0,128,271,144,96,147,6,82,0,48,8,1390,2,21,2,2,17,17,38,36,9,0,0,18,4,3,14,2,6,26,16,84,0,51,6,123,2,55,0,3,2,13,144,17,116,13,54,22,0,57,3157,1,16,0,0,2,2101,25,82,28,2,66,124,4,0,63,74,56,224,3,24,52,191,0,71,0,4,6,112,3,14,90,89,18,0,66,11,7,3,14,3,0,0,20,48,0,131,74,218,48,20,171,4,25,15,51,4,67,18,9,9,17,43,0,4,19,126,41,12,79,108,32,28,0,42,5,26,26,0,0,71,165,30,37,2,1,8,5,8,29,19
cell_22,3,23,227,4,63,37,45,55,5657,8,18,14,126,19,53,70,4,65,10,44,18,95,89,0,117,20,23,0,6,22,2,93,30,301,4,0,21,4,0,71,456,0,635,36,1,56,28,220,48,113,26,2,71,68,23,48,6,0,54,32,0,0,7,23,43,104,39,54,19,13,12,21,45,5,0,36,34,97,1,0,0,158,19,9,188,189,63,35,85,153,62,0,96,44,25,51,27,2,9,476,204,143,0,95,6,87,0,2,2,1,40,35,24,159,0,0,5,6701,0,29,35,1,0,25,106,105,0,14,25,1,46,43,163,24,39,3,29,19,48,30,42,12,15,22,2,62,9,46,157,6,0,24,18,28,4,146,70,66,22,59,188,19,1,0,203,0,8,12,0,4,49,54,64,0,0,39,0,1,1,20,114,0,30,7,14,35,4956,14,49,19,1,57,6,117,85,0,1,9,31,88,0,19,0,2,91,99,0,36,15,131,166,6,3,8,29,85,55,44,88,179,0,43,32,26,66,0,125,3,80,0,86,9,1,104,15,33,2,4,12,177,15,2,39,9,2,0,128,38,50,40,24,94,57,36,3,24,237,46,43,94,0,62,12,14,494,6,4,1,11,10,43,18,9,72,3,19,87,204,1427,0,0,33,0,5,0,7,53,6,6,2,0,2,0,2,0,24,29,37,14,7,12,33,18,135,0,39,84,15,0,92,10,50,16,31,19,0,17,0,13,19,48,64,0,52,56,3,7,10,586,10,2,2,3,1,13,19,1,8,10,31,0,11,11,98,95,40,14,6,293,55,16,90,20,39,29,0,89,44,40,0,134,372,51,44,167,5,75,41,42,24,1139,7,44,8,4,44,29,48,27,11,0,0,75,1,6,38,0,4,3,25,40,4,174,23,146,9,34,0,8,0,4,53,17,123,15,105,19,0,8,3739,1,37,1,11,1,2055,1,26,22,3,16,119,35,29,26,54,62,97,40,20,15,149,0,60,0,1,18,256,0,0,91,124,59,4,84,21,10,0,22,2,0,17,26,38,12,86,81,274,30,0,199,1,19,70,61,38,29,43,20,8,12,54,3,16,136,87,81,1,86,249,50,41,20,176,19,59,24,0,0,90,168,6,22,4,2,12,12,16,41,16
cell_23,6,22,194,11,1,7,56,76,6132,9,50,20,22,30,36,92,15,38,9,61,11,11,89,0,51,16,51,5,0,26,0,90,18,147,10,0,9,2,0,12,409,0,169,24,0,80,0,140,48,39,19,0,92,53,18,104,3,24,58,49,0,0,11,22,69,60,39,100,7,1,6,19,34,20,0,2,6,8,8,4,1,154,43,21,217,149,45,19,92,68,142,26,72,24,17,111,11,0,1,451,193,105,3,158,1,69,13,16,5,22,28,44,3,149,1,0,0,7508,0,21,23,0,1,42,194,140,0,15,35,0,13,77,142,12,25,6,20,13,62,29,84,48,1,39,1,164,8,55,152,39,131,12,44,29,0,147,78,0,24,55,78,16,1,1,216,5,4,8,0,0,20,9,11,0,0,53,11,12,0,18,74,1,7,32,51,37,5532,11,49,41,2,47,0,44,89,0,13,5,19,103,0,29,11,2,26,124,4,11,27,132,24,2,8,13,22,87,4,14,100,82,0,41,36,1,47,0,145,0,109,0,96,16,0,59,44,14,25,25,5,153,19,10,9,26,6,5,97,140,7,58,22,73,68,5,5,35,212,21,66,80,0,77,2,18,445,60,25,5,12,135,37,4,4,1,4,10,10,110,1438,54,6,45,2,19,3,15,70,32,3,16,0,0,9,2,0,30,0,59,15,7,21,0,10,115,0,31,48,11,0,73,25,36,56,0,17,0,7,0,5,0,54,48,3,2,103,30,20,27,534,12,5,6,6,8,20,25,3,2,46,25,2,12,2,130,6,17,13,0,130,64,0,71,71,34,53,0,98,36,2,197,87,76,81,67,117,0,36,17,31,1,1185,15,6,4,3,45,47,25,29,6,3,1,41,5,30,13,3,2,36,89,72,0,61,34,138,8,46,0,7,0,7,73,40,133,5,100,9,1,24,3466,2,42,1,11,11,2076,15,0,33,2,68,141,21,0,99,45,63,43,25,16,72,160,0,81,0,1,15,229,0,0,108,125,29,4,93,22,6,4,10,24,0,5,15,53,16,83,93,211,5,23,125,4,20,18,12,2,50,35,9,5,22,44,2,10,276,105,121,4,3,259,44,47,0,109,10,40,44,0,2,75,149,17,14,10,53,16,6,10,29,14
cell_24,4,17,229,3,0,25,24,167,9125,1,22,22,96,66,20,22,7,59,2,33,107,20,80,0,104,11,20,1,10,6,1,111,42,105,9,0,6,4,2,0,822,1,474,56,0,16,6,69,26,74,19,27,101,2,11,128,19,20,40,41,1,0,19,80,34,49,42,2,6,17,2,9,84,1,0,13,51,41,0,3,15,272,64,7,140,74,43,53,75,10,114,6,121,61,24,90,31,21,6,513,217,66,15,278,0,16,13,28,7,22,20,23,1,98,89,0,0,22579,44,24,21,0,0,21,101,190,0,1,6,0,14,25,165,43,35,17,11,1,66,51,39,149,6,26,3,72,23,22,151,32,47,9,33,20,2,190,17,5,54,61,26,48,0,32,163,5,6,17,3,2,81,16,1,0,0,42,0,8,2,9,53,0,7,88,36,33,1771,16,185,12,0,60,1,34,92,0,36,31,25,103,11,24,3,2,8,72,0,11,26,163,2,0,1,38,21,52,4,17,90,130,0,30,19,14,178,0,149,2,58,1,88,12,32,43,14,5,24,1,4,328,22,1,61,105,1,6,154,81,8,52,35,70,292,13,0,29,102,15,34,49,0,112,10,40,399,44,15,65,0,60,11,14,57,88,0,9,11,339,1463,60,46,13,6,48,0,5,73,30,4,4,0,0,3,1,21,32,0,27,10,3,14,44,9,85,1,30,121,5,0,40,20,56,38,11,22,0,34,0,8,4,78,35,0,6,163,7,59,17,391,0,5,1,13,4,10,25,0,5,17,29,15,4,10,32,0,19,17,16,132,30,0,213,9,9,30,29,64,43,43,125,46,343,199,113,158,1,79,19,53,0,1228,24,21,14,4,25,141,22,34,51,5,6,20,0,22,9,7,2,23,49,148,3,151,21,188,10,30,0,8,0,2,37,61,102,10,36,30,2,54,2845,3,10,10,24,8,1670,13,20,43,0,88,193,32,2,17,69,49,159,26,27,20,133,0,36,0,1,29,527,2,0,99,179,30,2,104,37,0,4,3,8,37,1,17,88,7,52,68,312,39,18,336,3,29,15,49,10,128,33,24,6,8,56,10,19,59,129,29,4,48,284,137,78,53,123,79,29,16,0,0,48,123,24,5,2,2,9,11,3,45,11
cell_25,2,12,268,92,75,15,49,133,5345,9,23,21,113,18,28,41,1,63,15,66,78,115,78,18,163,15,19,2,1,27,4,115,8,139,13,0,45,0,0,0,462,27,687,37,0,106,0,132,63,31,35,9,79,110,5,60,6,0,58,7,0,4,8,70,47,57,46,66,6,3,19,25,12,15,25,1,14,113,12,3,0,90,24,10,223,167,78,47,111,100,28,0,94,8,19,65,17,48,1,454,198,119,8,180,1,65,9,0,16,15,46,36,1,102,0,0,3,8010,110,31,16,0,8,0,138,201,0,7,20,0,48,79,166,62,19,2,0,2,42,6,51,67,5,16,0,88,9,83,179,87,11,10,67,20,11,84,71,10,46,76,143,13,0,1,250,2,4,2,2,2,32,70,28,1,0,65,2,4,0,9,108,5,23,73,15,35,5359,3,97,14,2,28,5,129,108,0,27,0,19,94,16,6,11,0,50,93,0,38,32,114,174,3,1,19,21,86,0,16,104,122,0,5,18,17,4,0,159,15,107,1,92,10,6,50,2,0,11,9,0,171,17,4,19,100,7,3,96,23,55,50,19,22,159,38,3,13,208,24,24,26,0,25,54,35,432,31,13,15,0,1,46,25,2,0,0,22,8,233,1408,0,19,56,0,0,2,5,62,26,6,9,0,0,18,0,0,42,0,62,20,31,4,0,13,107,0,25,11,0,0,60,28,51,61,30,21,0,11,0,5,10,64,74,15,17,287,105,49,0,534,9,0,2,4,4,15,6,0,3,6,31,0,13,11,9,1,18,29,27,0,54,0,29,3,29,51,0,80,31,7,9,124,73,81,37,114,4,69,14,88,8,1216,13,13,0,3,28,52,40,4,0,0,1,8,3,34,13,0,53,31,45,34,2,58,47,84,5,39,1,7,0,8,111,30,127,21,178,27,1,95,3236,0,2,0,6,6,1956,1,10,72,17,30,0,4,8,106,54,63,138,20,40,9,183,1,49,4,1,7,220,11,0,70,124,28,4,73,9,16,3,16,10,0,3,37,39,12,112,26,300,14,60,181,4,19,7,65,52,62,34,29,0,13,39,4,24,313,75,24,7,0,151,13,42,11,79,20,7,15,0,1,73,127,12,29,3,0,5,5,5,19,9
cell_26,13,37,172,128,91,34,8,99,5332,4,17,10,152,27,29,94,6,55,2,0,29,1,47,6,187,23,13,7,5,3,0,100,72,133,4,0,1,2,7,32,444,0,201,59,1,116,7,239,18,38,6,28,98,81,8,92,32,6,47,27,0,0,4,50,48,89,30,38,16,3,22,32,0,9,0,28,29,67,14,2,0,99,15,40,193,176,70,16,102,147,45,21,90,9,20,17,32,42,6,442,212,127,2,71,5,86,42,55,17,27,36,36,9,105,0,2,6,7611,28,23,20,3,0,29,55,173,0,12,28,0,0,98,148,16,27,0,6,6,55,12,104,109,8,30,5,166,2,59,177,80,4,12,9,24,5,121,119,45,22,63,189,18,1,5,221,1,5,6,14,1,69,66,8,0,0,28,1,3,11,7,123,5,24,51,27,29,3486,5,71,32,121,26,0,118,68,0,16,13,47,85,0,9,0,0,78,135,2,16,35,136,4,2,25,18,29,44,11,15,85,54,0,25,43,21,50,0,170,1,53,1,72,3,0,118,64,20,22,17,1,162,11,5,50,45,0,3,100,237,11,41,24,36,152,19,11,42,225,28,61,84,0,58,50,19,526,28,23,8,16,102,39,3,0,0,0,11,7,184,1414,46,21,35,0,2,1,18,49,26,1,19,6,0,0,4,3,16,0,60,17,11,22,43,18,97,28,38,82,4,0,102,23,60,11,0,18,6,29,0,6,14,52,57,0,2,122,36,6,17,587,2,13,3,4,1,19,43,4,5,11,30,19,8,2,79,49,13,25,0,359,67,3,100,28,2,50,12,104,17,86,190,109,103,140,31,81,1,60,45,8,0,1234,15,20,11,7,39,5,41,33,0,25,0,16,7,1,30,1,8,8,95,27,1,202,69,149,6,44,0,8,0,7,86,81,143,11,50,7,0,25,3327,1,13,1,10,7,1996,3,16,47,15,36,9,6,20,33,59,78,82,28,18,69,152,0,82,3,0,18,267,0,23,107,134,39,2,45,23,28,1,5,1,74,8,45,36,1,130,50,269,15,5,158,2,10,59,89,38,34,35,11,0,8,38,16,6,275,115,163,5,75,291,50,48,0,136,36,34,10,0,1,84,161,1,10,0,0,6,0,4,45,7
cell_27,0,27,185,0,78,19,8,87,5429,2,7,18,46,27,37,64,4,51,6,3,7,14,81,0,1,29,22,3,9,1,0,113,18,191,3,8,8,5,0,39,434,0,491,15,0,106,19,294,12,52,19,1,109,17,28,67,3,10,56,43,0,2,12,31,50,36,32,37,95,4,14,16,0,6,4,40,13,187,0,2,6,135,41,7,36,210,100,29,89,15,36,7,109,16,17,111,6,0,2,467,211,168,0,152,6,94,17,60,0,8,51,35,0,117,0,0,0,6781,108,42,32,6,0,37,62,104,0,8,40,1,16,86,128,36,51,0,4,0,64,26,63,38,6,23,0,73,24,26,158,42,20,12,2,30,1,137,17,0,28,42,190,8,1,5,215,1,5,7,0,7,49,21,0,1,0,75,2,0,0,2,97,3,17,110,46,28,4683,39,97,13,17,43,6,165,67,0,3,1,33,101,4,19,1,7,16,138,6,32,29,126,118,1,5,1,13,70,14,15,81,74,0,29,20,11,82,35,179,0,85,2,37,19,6,178,22,17,38,4,8,164,20,4,4,25,0,6,120,15,23,48,25,100,71,19,4,29,205,24,43,93,0,61,71,35,507,32,3,12,18,29,43,16,21,90,0,19,15,113,1290,1,2,21,0,0,0,13,9,15,0,3,0,0,1,0,0,44,0,47,17,4,23,0,25,123,0,30,58,1,0,67,4,66,89,39,26,13,53,0,19,6,68,58,0,33,78,43,9,3,574,14,1,2,15,9,19,6,0,10,21,39,49,16,8,74,77,90,19,25,0,74,20,0,14,7,58,0,103,56,56,128,91,172,118,109,107,5,75,38,46,4,1309,28,64,0,13,18,16,50,24,29,3,1,55,0,7,31,0,14,29,56,16,10,22,17,134,8,58,0,27,5,6,109,48,110,7,136,15,0,21,3605,1,0,0,3,2,2127,19,21,33,13,77,41,29,1,36,64,65,300,0,3,33,139,11,75,0,3,20,218,0,0,137,92,20,1,68,14,3,3,18,6,0,7,38,38,0,125,39,243,25,18,216,2,27,77,82,0,146,26,50,1,24,52,2,25,379,179,114,2,22,223,54,51,4,117,5,60,17,0,0,91,124,32,12,4,6,20,0,8,44,19
cell_28,0,24,123,0,0,79,16,43,5693,0,27,19,16,11,31,54,8,52,3,10,32,137,107,1,0,19,5,13,5,14,2,94,28,45,12,0,4,1,0,0,420,0,485,59,0,113,1,178,40,82,26,9,112,74,28,108,1,25,63,15,0,1,6,15,45,22,31,42,67,0,9,0,4,25,4,0,39,192,0,0,2,131,38,21,217,182,44,60,110,45,88,17,81,55,20,63,12,12,4,461,287,117,0,203,1,23,21,0,27,36,37,30,5,116,2,0,0,8140,12,44,42,17,1,26,108,85,0,6,34,1,64,40,172,48,39,13,21,6,52,53,58,76,4,50,1,114,11,35,174,1,4,22,6,25,4,161,77,0,26,72,164,41,4,1,201,2,1,9,0,7,86,94,3,1,4,43,5,1,0,5,112,0,7,28,10,72,4789,34,112,8,2,38,0,56,24,0,20,0,7,67,9,11,17,4,55,89,0,16,30,127,21,0,9,24,17,92,43,0,112,46,0,50,5,11,48,0,173,0,58,0,55,21,14,104,35,5,34,32,0,210,17,0,23,61,2,2,110,44,20,53,27,81,87,6,1,8,87,43,78,72,0,66,47,12,490,42,19,8,15,21,54,11,22,40,0,14,12,96,1357,56,10,29,5,9,0,16,43,46,3,8,0,0,3,1,0,20,106,71,23,22,27,0,79,100,0,23,34,1,0,69,0,27,79,23,24,0,18,0,0,11,37,47,1,11,116,3,17,11,577,45,21,1,20,8,16,7,0,23,15,30,0,7,2,26,0,18,36,18,141,59,24,114,57,13,56,0,79,37,37,94,99,81,107,119,64,8,62,2,34,0,1049,1,62,1,4,32,49,39,29,8,15,2,17,0,60,7,1,8,42,75,10,2,67,89,128,3,33,0,2,0,13,51,69,132,8,25,14,0,75,3038,1,51,2,10,15,2063,34,0,32,25,24,27,29,0,120,46,65,262,15,46,42,182,0,68,0,2,24,62,0,0,35,95,42,1,78,8,7,0,2,0,0,1,42,37,0,52,48,83,12,1,150,7,13,47,4,1,133,23,41,9,8,38,0,3,98,15,62,1,58,186,27,28,7,88,34,23,27,0,1,53,107,8,17,0,24,15,0,3,28,11
cell_29,1,19,298,0,1,28,33,159,8342,2,4,13,61,74,27,42,10,68,3,4,31,102,108,0,6,16,32,1,14,34,3,111,1,29,16,3,7,0,0,10,917,0,537,59,0,44,0,145,7,25,22,17,110,16,2,22,3,12,56,27,0,5,16,82,41,119,50,49,16,2,8,51,20,6,11,74,4,57,0,0,0,228,51,10,182,158,78,24,93,17,94,5,131,24,18,23,37,37,1,502,230,67,2,291,0,49,33,4,3,42,23,33,0,71,0,1,1,27445,361,19,13,0,0,5,118,214,0,6,15,0,4,44,206,73,33,3,18,0,46,40,149,123,33,33,4,80,19,31,256,22,0,12,27,22,31,152,4,0,66,77,205,36,0,0,171,4,8,19,28,0,89,90,17,0,0,39,0,2,0,5,97,6,15,35,53,41,2060,4,80,2,24,52,16,118,45,0,5,30,0,112,7,18,17,0,43,99,0,7,21,155,156,4,3,10,14,51,11,2,30,64,7,12,21,35,39,0,146,0,46,2,72,31,28,62,0,17,56,0,8,319,15,4,49,164,5,11,152,93,30,39,18,41,315,12,21,7,114,11,63,90,0,149,12,25,483,12,7,46,1,60,50,9,23,4,0,12,1,205,1349,63,66,61,1,2,1,24,49,56,1,22,0,0,0,0,0,27,2,41,25,16,4,0,26,98,0,29,56,9,0,93,15,53,25,49,17,0,8,0,1,0,91,57,46,3,202,14,28,22,361,7,12,1,18,5,22,20,1,15,26,37,39,4,3,31,0,22,24,34,2,131,0,150,1,45,41,2,36,75,126,177,142,177,271,68,72,1,107,32,53,2,1239,43,1,1,4,19,131,1,41,16,10,0,5,1,0,4,4,4,41,171,51,0,724,39,165,10,16,0,30,0,14,103,83,92,19,202,21,0,109,2300,0,52,10,5,7,1502,7,30,121,4,96,58,14,0,47,80,63,200,30,43,25,148,2,52,9,0,30,590,4,0,122,164,55,5,79,44,2,5,8,17,0,0,37,82,3,168,58,428,65,8,357,5,15,40,13,126,187,18,15,4,13,53,0,11,136,55,36,7,29,274,122,57,77,92,50,41,23,4,5,52,235,68,25,0,0,27,0,8,31,10
cell_30,15,12,291,0,1,89,16,27,7876,5,11,21,88,117,15,49,5,24,16,4,0,25,86,0,0,27,9,0,5,28,0,119,0,29,46,0,9,2,2,38,960,1,440,79,0,2,0,134,12,11,18,1,117,36,27,86,1,19,38,57,2,2,55,35,48,38,43,11,4,11,4,3,0,1,2,3,19,200,8,0,9,223,29,6,73,140,59,26,85,68,290,7,129,11,18,11,13,0,0,475,207,84,0,355,4,108,6,5,3,52,17,20,0,158,0,0,0,23993,20,15,2,3,0,79,225,85,0,14,22,0,83,17,40,72,12,40,31,0,74,43,10,85,16,27,0,99,0,8,179,68,0,10,2,21,1,190,139,9,16,41,67,44,0,35,189,2,1,4,0,17,50,28,280,2,0,50,0,1,6,14,69,5,41,167,24,40,1710,47,131,5,1,49,3,95,42,0,16,11,19,107,4,26,0,0,56,115,2,11,17,212,249,0,3,18,17,50,103,0,27,118,3,11,19,11,108,0,151,0,53,3,80,32,7,163,47,3,50,21,3,269,14,0,24,41,0,5,110,33,44,39,30,136,132,8,8,19,99,24,67,113,0,154,1,61,498,26,15,27,19,6,25,3,3,0,0,20,127,134,1389,10,1,35,0,2,1,20,12,12,11,4,0,0,6,0,0,25,0,43,37,0,17,0,84,98,0,35,113,8,0,70,14,47,156,61,21,10,10,0,0,2,29,30,0,34,144,0,2,20,429,7,7,2,12,6,24,12,0,21,15,51,12,5,16,67,47,7,16,0,738,147,9,199,33,33,41,18,56,18,54,59,30,483,306,1,158,18,80,18,24,7,1207,16,6,21,10,28,7,25,29,81,0,1,43,3,18,29,0,0,32,158,141,0,772,8,219,4,27,45,11,0,0,11,36,111,15,48,27,0,37,2597,4,88,3,23,2,1628,17,101,52,0,20,60,33,0,64,75,49,241,0,6,7,34,0,50,3,1,41,341,0,0,118,110,52,0,70,34,3,1,6,5,0,0,8,93,0,65,62,301,0,6,335,11,22,7,11,6,99,54,65,0,24,68,3,13,2,165,190,1,2,337,191,51,6,129,15,4,8,0,0,22,216,17,1,2,71,13,1,22,32,8
cell_31,0,31,251,0,0,4,15,86,4910,3,24,8,40,22,35,59,1,32,13,11,26,14,109,0,0,8,30,2,8,9,0,73,27,166,4,0,4,0,7,14,458,0,133,17,9,117,0,252,40,38,23,16,74,67,0,4,0,30,37,26,1,0,2,35,38,14,30,29,9,1,17,6,0,26,9,3,3,79,0,0,0,158,11,27,84,168,49,102,94,41,217,5,114,6,11,50,11,0,28,519,206,173,0,202,14,126,19,0,4,13,40,26,3,56,0,0,0,7386,187,21,15,105,2,34,52,134,0,9,14,0,37,89,112,22,31,1,23,4,74,19,179,8,4,37,3,118,3,49,139,14,179,13,17,25,6,137,49,0,19,47,128,14,0,73,263,11,0,13,0,3,68,36,86,1,2,15,21,0,0,6,99,3,6,61,52,33,4094,19,55,37,1,31,1,88,98,0,52,28,37,84,6,19,28,4,41,94,0,15,29,134,3,2,6,4,29,93,8,2,96,27,0,33,10,3,39,0,164,0,110,2,40,14,4,104,1,7,57,27,2,185,18,1,2,44,3,0,88,150,13,44,17,77,89,17,0,66,186,23,55,83,1,58,30,59,481,81,10,2,6,2,25,4,39,32,0,11,5,234,1259,0,16,31,1,23,0,21,39,29,1,3,3,0,14,4,0,62,0,46,33,2,15,64,8,134,0,27,60,5,0,68,7,34,17,21,19,0,9,0,11,0,64,69,21,17,122,40,27,5,517,22,19,0,5,8,17,16,4,2,10,32,20,5,3,69,2,22,3,0,259,45,0,7,54,5,59,0,80,34,30,169,114,322,138,23,31,1,59,38,63,3,1115,24,2,2,5,31,86,20,20,11,0,0,21,0,31,31,0,1,43,53,31,0,8,39,158,2,51,0,27,0,11,40,62,143,3,137,29,1,41,3299,2,24,0,10,12,2067,29,36,20,25,102,32,1,0,103,52,57,176,10,9,44,139,0,65,0,0,15,46,0,0,2,82,26,4,68,7,2,2,32,20,0,1,34,29,0,62,77,233,5,9,193,0,25,34,29,0,97,27,5,10,23,46,0,9,133,66,75,9,11,351,42,29,2,50,13,24,35,0,1,42,135,21,13,4,2,7,0,19,11,5
cell_32,0,16,217,87,0,10,9,178,5295,1,18,8,44,4,24,67,1,51,6,7,20,118,104,20,0,10,16,10,1,0,1,67,6,60,9,2,11,1,0,5,506,43,75,44,0,101,0,62,56,40,16,8,98,46,0,67,1,36,51,20,0,3,7,95,32,25,29,62,93,22,36,0,65,46,3,1,2,10,0,0,18,152,65,6,164,184,10,67,105,3,95,2,100,13,22,66,3,0,5,448,164,75,1,199,1,78,19,7,18,30,43,40,0,165,98,0,3,7209,70,38,23,21,0,24,167,159,0,7,11,0,16,88,151,89,40,12,32,3,58,46,32,41,14,31,17,128,24,16,162,22,8,27,7,11,4,139,91,0,8,39,193,14,0,1,214,0,0,15,0,4,26,79,12,3,0,45,3,3,0,9,126,1,36,89,74,33,4050,7,62,17,0,41,0,136,60,0,0,8,27,103,6,29,6,5,27,94,1,13,39,145,107,0,6,54,22,109,21,5,57,6,3,11,44,39,70,0,139,0,46,3,87,16,1,73,22,1,24,30,15,202,10,0,39,142,0,3,130,94,26,20,35,104,21,0,15,24,187,41,53,79,0,63,26,21,443,37,13,29,19,111,26,9,102,60,0,27,11,233,1333,0,19,16,2,2,0,18,59,39,7,2,0,0,10,9,0,40,3,50,10,33,6,2,67,127,2,18,17,2,2,65,44,14,116,73,19,0,29,2,6,1,50,72,0,28,26,67,17,7,582,73,20,1,37,5,17,1,0,6,16,25,17,22,2,39,72,20,19,25,221,45,35,67,13,4,53,3,90,26,32,177,90,284,122,50,54,1,54,12,84,4,1131,58,20,3,0,33,136,15,20,64,6,7,1,4,4,15,1,4,33,97,10,0,141,36,118,17,47,0,30,0,10,112,87,139,4,106,14,0,106,3333,0,3,8,17,5,1978,31,0,21,0,110,124,5,0,12,59,60,70,30,11,15,104,0,53,13,2,9,81,5,0,140,96,48,2,59,7,0,5,6,9,0,0,39,43,6,25,99,283,22,4,171,13,17,2,86,5,51,25,48,10,23,42,0,3,313,8,41,29,0,159,43,57,1,65,16,15,17,0,0,92,108,3,31,1,0,3,8,1,13,12
cell_33,0,16,359,0,34,118,15,75,3308,4,64,56,105,13,40,23,16,48,22,24,33,30,48,0,33,25,22,4,4,2,0,58,12,38,6,0,2,1,0,38,734,0,374,18,0,204,0,150,54,36,9,13,147,6,22,114,8,7,63,51,0,9,19,61,63,24,61,43,2,11,13,60,1,2,2,80,29,83,0,15,24,115,20,36,325,44,28,7,138,29,90,10,71,8,11,0,10,0,0,479,142,213,0,171,9,52,0,0,2,12,17,49,0,99,0,0,6,4766,106,29,3,0,0,67,107,212,0,32,26,1,14,69,152,29,28,7,18,4,61,19,19,92,4,69,0,53,11,15,243,51,24,2,12,54,2,101,43,0,10,47,162,10,0,16,345,18,9,13,18,6,4,63,153,4,0,114,0,6,0,2,63,10,4,61,9,28,346,10,53,70,5,32,3,51,158,0,54,22,44,116,4,91,0,3,24,74,0,19,67,124,59,1,0,19,19,40,41,8,43,184,8,22,39,39,142,0,150,0,79,1,79,56,0,123,5,16,118,4,0,240,15,9,11,57,0,2,71,16,6,28,18,87,78,24,0,61,86,11,47,40,0,216,15,62,806,51,17,11,17,20,37,21,0,0,0,24,44,169,1810,101,72,25,1,5,1,13,25,87,4,68,0,2,2,10,8,22,162,145,24,1,27,48,20,109,0,38,137,4,0,77,109,126,47,28,16,27,0,0,1,2,86,20,0,3,94,41,77,9,1537,0,1,3,13,11,25,3,25,10,25,68,0,7,109,39,0,18,18,48,0,85,0,304,34,11,28,0,36,40,159,80,96,256,313,58,151,6,115,66,38,0,1033,31,3,0,18,17,41,44,57,0,4,8,16,30,6,13,0,4,35,40,65,1,19,28,121,16,20,0,0,51,4,106,139,69,48,87,15,0,103,1729,0,68,3,11,2,1421,10,8,29,23,61,15,19,0,173,40,62,57,16,12,85,217,0,35,0,0,9,156,5,1,146,222,24,0,99,3,24,25,11,4,0,1,12,79,0,79,64,266,7,13,146,0,22,41,59,5,18,26,1,1,20,86,4,0,37,143,95,7,92,307,109,75,0,39,20,91,15,0,4,191,76,28,38,0,12,9,0,3,0,59
cell_34,9,19,258,71,0,2,39,78,5455,4,22,21,132,9,35,70,14,43,3,50,0,14,72,140,163,13,13,4,2,10,1,98,0,0,5,6,76,0,0,38,519,0,128,9,0,110,13,267,28,0,21,15,89,83,1,86,14,0,53,9,0,0,58,9,60,77,37,16,4,66,17,46,5,1,0,0,23,17,0,2,23,148,47,13,131,198,60,26,71,15,91,12,110,3,12,95,16,3,20,455,232,88,0,269,2,145,44,0,7,22,45,29,0,151,0,1,0,7785,138,5,14,2,0,43,104,114,0,3,29,0,10,88,165,54,38,32,6,3,66,22,1,22,1,20,19,134,0,2,82,137,3,8,42,7,0,149,19,0,10,78,54,12,0,0,199,6,3,6,3,4,68,26,107,0,0,23,9,1,60,22,95,1,0,206,63,31,4097,47,92,23,1,36,6,62,69,0,61,43,22,75,0,15,0,0,29,121,2,19,39,120,38,0,0,25,22,110,23,9,115,45,1,13,36,6,40,0,131,0,105,0,60,17,3,126,8,3,52,37,2,145,18,2,22,117,1,8,108,244,11,31,27,82,78,14,11,18,170,41,65,105,0,67,5,39,485,94,5,12,7,126,34,7,36,1,0,0,0,170,1360,23,10,101,1,24,2,20,51,30,8,5,0,0,0,0,18,52,0,62,10,11,11,5,14,161,3,28,14,9,0,72,62,82,18,4,22,0,46,0,19,0,45,77,2,6,130,62,28,16,577,17,22,0,13,2,16,26,16,0,8,27,26,15,6,76,133,0,6,26,0,40,4,30,21,10,55,0,81,62,23,15,79,299,111,42,27,0,18,19,64,0,1157,69,49,0,1,51,23,6,33,182,6,1,64,1,1,21,2,2,36,74,31,0,10,30,157,2,37,0,14,0,2,35,90,129,2,70,1,4,8,3430,4,0,0,21,4,2106,7,78,8,0,35,46,9,3,74,41,67,39,28,0,0,55,0,63,0,0,2,169,10,0,70,131,39,17,42,25,2,12,22,0,1,3,37,36,0,89,132,266,20,19,151,0,12,36,69,0,80,45,9,5,14,48,0,19,181,194,35,20,1,345,68,40,7,106,9,64,16,0,0,56,97,19,8,9,0,4,3,20,7,9
cell_35,0,20,182,31,14,27,27,153,4847,2,9,79,70,24,12,41,1,44,9,0,11,15,73,4,3,18,20,4,5,58,1,102,9,88,2,6,1,0,0,40,2050,0,115,26,0,83,1,129,32,8,26,17,226,31,4,127,2,20,30,39,0,10,4,102,65,19,29,108,23,3,2,24,11,11,0,31,78,112,42,19,0,42,20,50,358,78,76,20,106,13,76,5,184,22,23,292,2,0,4,372,160,176,17,235,1,45,22,75,7,86,9,42,4,44,52,0,13,9552,234,14,23,0,2,32,121,190,0,29,14,0,1,34,128,8,48,8,15,4,52,21,71,199,14,48,1,75,17,4,419,36,75,4,30,23,0,126,58,0,21,62,114,19,0,20,203,1,0,2,0,8,57,81,71,1,0,27,1,0,17,6,89,2,11,98,49,32,732,1,334,8,61,35,0,113,191,9,0,4,5,129,0,34,6,0,27,67,11,5,16,109,51,0,6,9,28,6,56,5,63,106,2,23,22,45,213,26,239,15,52,1,74,14,0,118,7,26,101,1,1,290,5,0,47,3,3,6,103,169,41,25,29,72,337,29,5,24,28,26,75,32,0,396,21,94,526,3,10,55,15,29,35,11,0,3,0,39,25,170,1571,54,58,45,2,48,1,17,56,41,10,0,4,0,0,0,0,11,38,42,40,4,0,0,76,67,0,13,50,0,0,64,0,91,138,105,15,10,52,0,6,1,115,63,29,2,93,39,55,7,486,19,11,0,30,6,12,37,0,1,0,69,0,9,34,69,16,9,11,51,265,133,9,78,8,17,18,0,28,8,154,125,135,237,491,73,145,0,87,28,55,3,944,39,35,10,16,6,13,35,35,0,0,9,8,0,19,12,0,8,17,189,132,0,183,20,52,20,35,0,1,0,6,96,80,81,47,110,16,0,199,1946,1,47,1,20,4,2017,1,3,24,6,95,121,4,48,65,57,46,29,29,91,19,98,1,39,8,8,13,104,0,0,40,219,1,1,62,64,0,1,6,10,141,6,27,118,0,122,26,113,17,15,156,6,15,28,100,33,168,21,30,2,17,58,0,2,207,37,88,0,12,300,199,83,556,91,14,95,19,0,3,51,98,25,1,4,17,9,22,9,29,14
cell_36,1,17,164,16,12,78,28,52,5789,2,21,14,52,7,35,57,0,47,13,7,9,24,95,12,67,28,45,5,6,5,0,118,19,98,16,0,13,0,0,27,448,0,283,14,0,74,14,132,53,55,6,3,84,40,0,84,0,34,73,51,0,2,31,42,51,37,40,49,25,1,28,6,46,16,0,4,29,185,0,0,4,181,10,6,175,210,60,10,99,100,234,8,103,29,28,0,29,0,26,470,173,117,0,246,7,17,49,2,11,23,36,28,13,151,0,0,7,8197,87,5,28,143,0,29,124,52,0,0,14,6,20,53,141,69,28,22,23,3,67,3,11,59,4,31,1,161,11,11,70,14,0,25,55,18,5,140,63,1,29,60,199,27,3,2,212,0,5,0,12,3,52,55,94,0,1,48,0,2,0,9,131,1,14,27,42,34,4012,27,31,20,19,55,14,95,49,2,0,1,13,76,13,11,0,7,79,106,0,26,37,122,115,0,3,38,19,93,20,6,28,14,3,7,16,9,41,2,136,0,88,0,69,13,28,112,13,14,8,2,3,170,18,3,64,62,2,1,87,40,11,40,27,119,26,44,5,8,145,47,69,91,0,75,0,33,459,15,17,24,27,39,12,3,106,18,0,5,91,255,1362,40,4,108,0,3,0,19,40,18,10,5,1,0,4,0,3,64,0,60,27,15,21,47,5,61,0,23,149,20,0,66,15,65,64,38,30,0,5,1,4,6,40,64,0,20,101,11,7,14,564,13,12,5,8,7,17,6,3,2,10,24,0,5,17,7,59,4,11,0,0,55,4,107,41,35,45,1,69,55,6,163,79,208,140,23,96,2,51,25,7,12,1184,57,57,2,1,11,177,26,26,143,5,0,7,1,8,28,11,11,37,75,14,2,198,58,163,3,49,0,11,2,10,50,51,76,32,86,4,0,14,3245,1,8,15,6,12,1953,11,0,33,0,55,180,27,36,112,45,35,146,23,2,44,117,0,51,2,0,22,229,25,1,79,95,68,1,55,18,0,18,4,8,79,5,32,42,0,104,95,90,25,0,192,5,23,9,9,21,93,9,106,7,15,44,0,12,195,113,110,3,0,339,56,33,8,40,14,43,54,0,1,90,128,10,17,4,102,5,7,6,43,16
cell_37,5,15,108,21,57,15,1,124,2577,15,32,6,41,2,49,38,23,74,36,15,0,45,18,0,0,62,8,7,8,2,1,32,8,12,5,5,32,3,3,33,390,0,25,2,0,99,19,69,59,20,29,3,63,77,26,33,0,50,57,52,0,8,48,101,261,24,20,21,87,5,25,42,4,3,14,0,40,98,5,11,11,68,13,3,136,58,99,11,104,11,38,6,86,36,34,1,0,0,14,339,119,87,15,70,3,8,22,32,0,37,31,53,2,67,95,0,7,1250,15,83,52,0,0,44,11,63,0,19,33,6,41,98,51,20,68,3,39,8,41,18,102,57,6,99,3,87,18,8,136,41,121,33,10,225,8,188,28,1,5,90,88,21,0,18,70,39,41,0,14,1,12,39,13,9,0,59,0,9,0,6,146,2,3,41,28,57,188,29,46,34,4,38,2,61,96,15,62,25,0,67,17,105,4,5,18,53,12,72,31,87,69,6,12,2,27,25,21,5,60,37,39,28,32,0,194,0,192,0,41,4,71,27,4,45,4,9,137,6,1,82,22,15,38,27,3,3,115,92,6,75,22,148,19,48,7,18,153,25,50,17,2,77,4,55,167,27,27,32,15,85,41,33,8,93,0,18,99,218,1820,0,46,2,13,9,1,26,27,50,4,9,4,0,9,1,3,14,1,37,7,22,76,0,24,91,1,62,154,28,0,84,0,96,9,4,22,0,6,0,10,1,78,91,2,12,209,37,29,0,732,12,19,13,40,10,34,7,0,3,25,106,10,35,7,14,43,33,14,36,9,153,11,8,44,6,19,0,61,66,74,38,157,150,379,91,27,18,30,23,32,21,2306,52,9,6,5,4,35,22,39,1,12,7,0,6,1,23,33,13,82,86,12,1,13,19,58,7,62,0,10,13,15,58,54,119,14,319,63,0,25,2288,4,38,5,10,2,2961,2,0,13,14,68,13,14,8,525,26,52,7,44,19,5,76,0,127,0,18,13,51,7,0,13,20,17,7,35,67,6,81,15,10,16,36,29,47,3,42,30,222,17,53,74,7,25,16,40,5,11,11,11,3,25,33,0,22,21,53,21,3,0,223,127,48,23,27,7,29,9,0,4,151,73,13,19,3,0,24,1,7,107,9
cell_38,1,29,150,222,221,48,32,117,2958,0,81,9,94,14,75,41,12,37,3,9,37,69,25,0,24,17,5,3,6,2,7,72,2,209,7,34,18,1,1,0,1237,11,53,118,2,115,4,93,15,4,17,1,161,32,25,18,1,1,66,20,0,0,10,70,80,55,30,6,86,0,23,49,3,0,130,414,36,118,4,7,75,75,16,33,49,53,39,3,104,17,67,18,144,75,16,76,16,1,11,282,142,131,0,46,2,26,19,1,2,29,37,47,0,120,1,13,0,3959,102,40,70,54,1,45,63,73,0,19,16,0,12,44,79,94,59,33,27,5,82,13,21,70,18,101,3,161,36,13,249,45,16,21,13,123,1,81,0,0,5,58,156,3,1,13,148,4,7,18,13,6,32,26,104,0,8,77,4,20,1,1,117,1,13,113,25,9,424,74,190,31,3,14,4,55,72,1,24,15,99,79,7,48,6,7,22,70,0,47,79,74,4,0,0,9,59,56,8,17,64,83,1,11,48,42,317,96,169,2,111,0,88,44,28,61,20,14,7,4,1,62,7,9,19,180,2,0,58,129,35,20,8,71,14,2,7,42,164,13,49,29,2,168,0,15,432,38,10,11,16,48,16,7,20,82,0,30,71,138,1581,73,0,15,3,25,0,16,43,90,3,32,1,4,21,0,4,15,62,53,13,6,32,13,57,120,0,33,71,16,0,53,54,76,10,33,14,0,14,2,7,3,52,83,1,5,280,3,37,9,778,24,17,1,17,4,16,4,25,6,54,111,5,10,5,49,13,11,12,0,0,104,18,334,65,15,24,0,35,35,112,15,83,145,239,79,89,2,50,19,50,2,939,33,14,76,6,26,78,27,24,0,8,0,32,1,23,7,16,22,23,97,6,5,396,13,77,15,42,42,6,0,9,41,47,46,7,4,24,5,24,1814,0,33,0,14,13,1840,20,0,6,0,15,26,57,7,117,29,62,39,26,1,7,129,1,67,12,4,10,283,0,1,129,142,46,12,72,12,14,17,41,1,604,5,21,41,3,10,77,449,0,30,136,6,27,36,13,0,20,17,26,15,17,52,5,2,40,50,66,4,2,347,121,62,1,28,4,12,8,0,0,375,35,14,32,3,8,6,0,3,56,8
cell_39,7,59,360,34,0,38,53,31,3913,6,40,22,24,80,59,74,3,53,8,71,191,147,8,0,121,17,20,13,8,0,0,52,5,379,18,0,16,15,0,10,3205,0,69,15,13,72,0,96,27,2,60,5,140,3,1,55,0,0,55,24,1,0,33,38,59,13,24,51,76,6,8,17,51,10,47,267,15,139,0,8,42,53,15,15,194,78,24,12,108,9,0,8,255,58,32,96,21,0,10,227,112,39,2,143,10,1,4,33,1,51,26,39,14,101,5,0,0,3107,0,51,23,5,43,35,41,271,0,8,9,1,4,27,61,27,93,3,17,3,86,6,22,103,11,15,2,103,10,16,488,34,56,25,28,235,31,138,42,51,11,82,42,4,2,2,115,4,3,9,17,5,31,16,2,1,10,104,30,4,3,5,23,0,2,20,4,82,162,18,220,41,0,25,1,71,203,0,16,28,111,92,3,171,12,2,7,98,0,17,95,54,0,4,2,4,53,145,21,3,48,275,3,5,48,58,335,0,500,0,70,0,81,100,0,97,5,36,97,2,1,147,11,5,20,169,4,10,47,328,2,32,22,133,209,12,10,1,81,8,32,60,0,36,0,17,366,46,6,54,14,29,24,23,28,29,0,53,76,522,1642,51,39,35,11,9,5,13,90,20,0,6,0,0,0,10,0,7,2917,20,31,2,0,34,34,99,1,51,124,11,0,44,21,80,25,0,17,16,49,0,18,4,61,39,0,10,219,0,84,91,365,8,16,4,29,5,19,11,17,0,3,153,8,30,3,30,2,10,2,11,358,280,0,49,87,20,19,0,23,4,4,12,161,166,194,68,66,13,53,13,19,78,570,24,33,1,7,11,34,32,38,2,4,0,21,1,2,0,52,13,32,282,63,0,271,11,106,6,17,0,3,0,8,19,106,54,17,360,35,3,35,2387,0,1,2,19,13,2073,1,71,11,12,47,45,15,0,287,22,70,36,69,3,10,95,0,89,0,1,69,528,108,0,20,159,12,38,49,11,10,106,3,3,24,1,4,110,39,12,73,705,13,47,157,6,15,0,126,25,130,29,18,27,12,34,3,4,132,59,112,2,73,243,356,56,61,18,8,17,13,0,0,115,86,27,62,2,46,27,2,7,30,2
cell_40,12,226,19,0,21,0,29,170,5668,4,108,27,9,51,42,32,1,27,2,56,118,91,54,42,5,16,1,2,10,7,0,65,11,1,5,0,44,1,0,0,1475,0,64,19,35,48,30,136,18,3,58,10,269,18,4,70,5,0,34,8,0,0,107,64,35,25,27,15,1,5,13,20,10,17,2,88,22,165,3,17,112,30,19,217,182,10,31,9,95,12,75,9,236,9,33,13,27,3,4,171,74,63,14,91,2,23,16,33,2,24,8,47,0,99,96,0,2,5388,11,7,25,10,1,15,84,132,0,1,12,1,22,17,6,50,86,11,33,45,48,20,133,137,16,34,1,24,20,1,461,15,219,0,13,84,0,76,10,0,28,3,8,1,0,67,221,12,6,36,8,2,54,86,36,0,1,130,8,1,2,1,30,0,37,63,87,51,279,31,3780,66,0,26,12,203,98,0,35,0,139,46,0,119,40,0,46,156,0,11,85,49,11,0,2,35,129,417,10,16,51,140,6,3,36,44,142,0,542,1,79,1,63,14,1,102,5,18,187,2,0,311,24,4,1,217,0,2,62,19,10,49,101,222,155,10,3,1,219,4,276,29,0,306,0,58,309,77,49,14,45,24,24,7,2,41,2,186,539,200,1911,18,83,7,10,80,0,3,24,70,12,0,0,0,0,4,1,24,0,15,27,10,22,6,24,109,3,88,100,15,0,31,46,91,0,310,14,0,14,0,10,21,20,88,13,5,110,16,46,28,487,10,18,9,13,9,22,2,0,3,37,68,63,2,9,136,4,0,19,0,182,177,0,148,224,49,32,0,21,51,24,1,173,282,256,32,25,0,30,23,16,51,626,5,15,8,4,10,5,32,20,1,27,1,32,9,13,18,48,5,25,23,160,0,14,10,83,7,40,35,10,0,24,35,71,87,9,38,4,0,50,4411,0,112,0,25,11,4456,29,194,35,0,26,13,6,8,191,31,45,26,34,23,3,83,0,40,3,17,16,150,1,1,26,167,54,4,72,100,0,37,36,8,84,3,7,385,0,7,87,444,51,77,186,9,23,14,68,0,187,20,5,9,15,33,0,9,64,45,8,4,125,471,400,49,3,39,14,35,11,68,7,147,63,5,7,1,39,1,1,18,19,4
cell_41,0,58,156,65,15,36,41,56,4615,4,105,31,25,79,0,48,9,0,10,0,15,52,23,0,8,26,3,6,7,36,1,80,0,0,15,8,2,22,0,60,7224,0,21,50,1,16,0,138,29,9,38,4,72,61,1,4,9,3,67,98,2,5,58,43,198,20,17,51,53,8,3,23,0,2,199,246,78,208,0,1,33,88,8,20,785,174,122,1,50,0,41,10,231,8,25,30,35,1,2,172,174,230,0,481,4,51,20,57,0,62,7,27,1,53,0,0,0,3493,95,25,6,0,0,44,37,628,0,42,10,0,23,131,17,28,29,13,29,2,71,42,17,125,0,66,1,287,5,1,7,32,1494,5,9,58,1,225,53,0,13,95,112,12,6,4,72,11,8,22,0,9,37,68,38,40,0,3,3,16,5,7,121,2,8,260,53,116,884,127,107,17,7,85,1,93,38,0,3,19,21,68,7,33,4,3,17,99,11,8,64,156,230,0,4,11,25,80,95,0,78,265,1,5,44,22,588,0,350,0,84,3,105,77,1,62,1,214,265,2,3,181,5,42,99,199,0,1,282,64,26,11,15,31,38,47,0,19,141,16,79,97,0,90,6,121,212,16,6,24,23,52,62,7,4,8,0,30,12,411,1523,335,12,14,0,29,7,17,58,85,4,3,1,0,6,1,2,14,31,12,47,1,0,36,103,288,29,74,435,8,0,44,16,61,16,221,10,0,11,1,0,0,75,68,38,29,95,9,34,19,303,11,49,4,50,6,15,9,0,11,37,110,0,39,0,125,13,47,7,16,406,248,2,125,56,76,9,0,67,58,51,18,52,130,1080,77,88,13,84,1,9,21,497,29,21,7,8,23,0,8,26,3,8,3,16,12,8,5,0,6,32,354,19,0,29,5,91,4,25,0,10,0,7,30,52,199,4,32,10,0,8,1242,2,87,1,13,5,551,13,141,77,4,52,11,17,14,165,33,67,57,58,5,41,63,0,137,0,2,9,30,0,0,34,223,23,15,19,37,6,3,12,0,98,1,0,33,1,27,63,839,2,46,89,10,19,40,32,0,130,31,202,1,16,32,1,11,3,129,102,2,0,294,71,76,7,40,7,21,3,0,0,43,83,189,3,1,146,7,2,17,72,24
cell_42,3,54,226,114,602,45,26,47,5128,40,98,18,15,23,33,71,3,67,3,24,54,17,23,0,1,17,2,9,2,1,0,86,6,21,6,3,3,0,0,6,8832,40,153,33,1,44,0,85,11,32,36,17,103,61,29,54,21,4,59,6,0,0,31,54,190,1,25,9,3,13,7,125,30,2,1,510,7,264,0,0,0,72,10,47,822,78,15,4,32,10,119,0,230,3,18,7,22,0,4,151,153,206,0,302,3,12,0,15,6,13,32,39,31,29,98,1,0,3785,66,18,18,6,8,29,59,555,0,3,6,2,17,136,107,31,29,9,25,17,67,28,23,27,2,46,0,431,14,23,421,31,15,6,45,151,8,165,56,5,42,124,54,25,0,6,56,14,6,9,18,10,58,74,188,13,1,45,8,39,0,2,142,4,8,328,40,69,898,44,220,51,12,85,8,159,121,0,14,29,14,62,1,16,2,0,36,90,13,20,77,140,89,2,3,10,39,15,48,10,42,58,0,8,6,7,579,3,414,0,135,1,64,108,5,96,22,66,174,3,2,125,11,28,58,493,3,2,258,122,34,37,10,136,29,36,30,38,166,10,102,130,0,63,1,25,242,21,12,25,12,96,8,29,76,8,3,29,216,964,1493,0,13,12,8,17,0,18,20,86,1,4,0,0,0,6,7,25,0,17,18,16,26,0,32,131,1,43,571,2,0,60,63,65,3,375,10,0,0,1,1,21,64,73,0,53,1007,4,10,91,290,35,5,3,32,3,14,3,19,0,39,126,25,23,4,43,29,4,10,0,389,153,11,3,20,4,4,1,71,57,16,55,202,263,762,70,110,0,83,23,4,3,482,11,174,0,5,18,36,30,37,1,31,0,15,1,14,18,2,3,16,82,55,1,146,2,142,3,38,0,1,7,2,173,64,73,39,95,37,1,12,1164,7,59,0,0,4,570,1,17,6,27,30,7,7,0,261,16,55,115,29,0,10,136,1,73,1,0,13,567,9,20,40,231,30,1,31,42,4,82,0,0,126,6,5,30,6,71,42,534,27,1,78,14,22,37,41,2,93,30,0,6,10,19,20,8,68,184,16,2,184,208,44,36,3,10,5,46,2,4,3,118,87,133,46,3,1,9,6,8,73,20
cell_43,1,18,298,0,71,276,7,143,4181,6,55,39,13,14,48,40,18,56,20,6,72,81,37,0,107,2,14,13,12,6,0,34,0,132,11,0,25,4,0,1,2716,0,75,84,2,9,57,49,46,3,19,0,138,25,0,65,7,29,79,30,0,1,34,114,121,14,33,273,8,0,11,83,23,3,0,60,20,291,1,7,103,45,10,39,131,79,46,13,78,11,83,4,218,41,65,0,20,0,24,210,111,88,0,56,2,15,22,39,3,103,17,57,0,99,102,0,25,3243,0,138,29,2,0,49,64,80,0,12,13,1,24,6,40,72,107,15,41,0,55,5,5,104,0,92,1,89,31,1,442,4,0,25,7,185,9,156,67,2,18,91,115,14,0,40,73,0,17,0,13,0,11,80,55,0,3,137,0,3,34,2,62,1,6,47,17,78,170,70,383,20,7,36,5,79,217,0,19,5,30,86,8,119,2,0,87,105,4,13,17,60,25,0,3,14,44,98,64,35,55,54,0,12,46,57,419,0,664,0,16,2,80,10,73,61,14,11,205,0,7,146,17,0,14,151,0,6,111,18,23,27,27,227,188,13,11,45,93,7,76,58,0,66,0,24,397,34,36,71,13,59,47,9,6,129,1,153,159,291,1569,24,20,15,5,8,0,5,63,35,0,26,0,0,0,0,3,11,4,16,42,6,15,2,26,139,0,29,158,1,0,67,36,169,7,126,25,1,15,0,6,63,64,35,32,19,141,5,42,62,401,3,56,16,11,6,31,8,1,15,8,132,2,1,8,33,19,5,12,41,289,335,9,214,80,15,16,0,32,34,49,43,174,152,492,20,25,2,34,44,14,6,605,37,20,17,7,16,148,27,32,14,3,0,70,0,16,8,2,4,8,240,47,0,723,29,103,25,20,1,1,16,18,59,99,32,31,78,32,13,40,2510,0,98,1,13,58,2108,1,17,8,7,20,6,60,0,61,27,61,88,24,18,13,4,0,74,2,35,91,699,21,2,41,131,30,0,85,89,0,95,20,4,178,4,13,112,0,11,34,607,30,74,123,16,5,51,110,3,29,15,13,8,1,31,1,14,67,91,37,0,43,515,382,39,0,8,7,0,12,0,17,127,73,18,11,4,0,13,5,4,39,26
cell_44,3,64,102,0,51,253,8,143,4503,9,83,1,16,73,3,52,1,43,11,0,19,55,29,0,0,22,0,2,1,23,0,20,4,102,3,1,2,13,0,17,8246,10,124,62,1,47,14,84,20,14,20,5,124,25,8,157,1,30,58,36,0,4,9,239,218,6,24,58,77,2,1,4,0,15,0,533,103,351,0,0,6,69,8,10,613,178,62,20,36,3,74,7,249,8,30,13,10,60,0,152,140,271,0,370,0,12,0,0,15,38,29,22,12,75,7,0,2,3524,82,59,16,0,0,40,60,614,0,30,16,10,11,170,103,18,23,9,26,9,57,142,69,146,1,70,1,608,38,43,481,32,1791,12,44,158,2,180,39,2,8,58,99,20,0,0,72,38,2,15,9,0,28,95,2,2,0,69,18,11,0,1,156,10,23,1,16,72,751,38,194,15,30,78,4,101,126,1,20,16,35,83,4,14,13,9,33,116,21,37,44,133,116,1,9,15,34,50,19,8,85,170,3,42,14,19,449,1,424,1,120,9,108,82,0,79,1,66,252,8,0,208,11,6,0,315,0,3,280,98,77,34,18,113,110,41,22,57,168,24,59,97,0,88,8,81,229,0,4,30,12,93,27,21,12,0,0,18,0,700,1607,0,38,2,12,24,4,9,34,141,6,52,0,0,11,2,5,32,157,24,6,3,0,2,64,150,0,53,883,0,0,35,17,71,10,175,15,0,10,0,0,31,66,48,0,3,407,8,29,24,303,67,65,2,2,0,11,22,0,4,41,104,0,5,5,59,22,3,5,0,0,194,1,38,8,33,7,0,80,15,19,52,132,286,1303,109,124,13,88,3,17,0,464,31,52,47,14,17,0,25,33,2,12,1,7,7,12,4,15,2,36,190,72,0,241,16,154,0,34,2,1,0,15,109,12,226,42,39,22,0,66,1175,0,33,5,7,0,560,4,8,53,15,117,2,57,7,422,34,47,102,16,8,75,118,1,138,1,0,15,145,5,6,39,198,10,0,19,36,15,34,0,0,1486,0,9,30,0,20,73,722,12,36,78,4,18,73,31,17,32,12,51,2,10,34,0,4,8,150,80,5,0,123,89,68,0,67,6,0,5,0,5,120,123,130,6,3,61,4,0,6,49,10
cell_45,2,96,30,1,27,32,67,173,4170,9,117,13,72,84,58,68,7,60,56,36,0,18,24,64,2,17,0,23,19,0,7,64,25,155,22,13,24,4,0,34,3079,0,75,26,0,49,3,229,30,12,23,15,114,38,29,236,23,0,72,53,0,1,155,43,174,30,23,121,0,0,16,15,35,0,1,16,6,84,6,3,0,64,8,13,136,76,78,11,105,7,100,2,213,10,67,99,3,1,31,239,90,64,2,107,3,21,87,17,3,101,25,40,9,72,0,0,2,3419,1,30,39,47,2,8,34,126,0,17,12,0,4,40,37,59,112,32,27,42,64,17,18,71,7,79,0,86,12,18,421,50,0,35,11,251,5,144,37,5,51,22,30,34,0,1,77,36,3,35,13,21,32,113,27,0,1,129,4,2,1,7,80,4,10,148,56,52,122,22,234,7,0,26,1,151,231,0,1,40,148,102,0,72,3,2,37,121,0,17,82,82,96,0,8,20,45,95,0,32,69,26,2,0,53,65,601,76,632,0,84,0,35,61,3,73,3,13,88,6,0,176,11,7,31,18,4,2,111,34,28,41,39,141,78,8,11,30,100,18,77,51,0,77,5,38,402,37,2,20,12,30,50,7,12,148,0,136,211,395,1652,0,24,32,3,8,0,25,26,26,4,6,0,0,8,6,0,28,0,29,7,1,24,0,21,156,0,61,329,13,0,72,20,148,17,0,18,0,17,0,8,5,58,68,0,13,206,7,7,50,427,0,7,9,26,0,20,1,0,4,6,148,5,25,23,81,26,0,5,0,36,425,0,46,42,18,16,0,21,51,20,52,238,287,689,1,17,9,40,7,28,2,551,38,85,3,8,4,6,37,57,0,0,0,24,1,3,22,22,19,29,284,41,0,207,23,62,10,25,0,11,0,8,26,121,78,3,382,23,1,73,2267,0,3,5,2,8,1998,1,28,14,0,26,1,36,0,367,10,70,18,76,72,10,120,1,115,11,2,34,697,1,0,39,133,27,0,99,18,2,9,52,2,0,7,11,121,0,39,16,635,3,39,202,7,24,46,93,25,10,28,16,4,30,19,4,17,133,82,80,7,207,536,316,40,1,26,6,9,5,0,0,129,104,20,41,3,103,5,1,11,38,19
cell_46,1,48,154,100,322,48,16,125,5531,13,74,32,28,37,40,36,3,69,0,9,20,45,14,0,37,23,5,1,11,0,0,70,14,90,21,69,19,24,0,19,10252,4,151,1,0,28,14,15,85,12,93,11,133,94,1,169,1,8,49,61,0,1,47,76,178,23,34,110,11,0,7,26,3,36,0,55,117,508,0,7,43,66,8,12,153,147,90,14,60,5,94,8,263,34,40,173,2,23,0,161,184,314,0,504,1,21,14,30,15,46,24,31,1,34,0,8,0,3700,6,13,12,2,4,9,132,270,0,2,13,0,8,31,90,37,47,17,42,6,88,11,176,70,5,49,1,288,1,3,446,7,0,40,15,103,3,346,24,6,5,9,51,31,0,14,72,23,11,13,1,5,37,126,94,0,0,65,40,8,9,0,95,0,13,140,71,79,884,60,163,27,4,93,0,215,84,0,29,14,35,84,11,26,2,2,18,81,0,0,86,131,3,0,3,7,35,87,12,35,41,11,0,39,18,5,686,6,468,5,103,2,74,88,14,90,2,97,266,5,5,222,15,47,85,737,4,2,257,52,24,36,17,96,60,1,22,28,182,18,59,108,6,132,1,34,205,19,1,69,9,51,41,6,131,27,2,29,184,575,1336,151,30,48,0,21,0,8,44,31,1,1,0,0,0,2,0,13,92,15,16,3,24,0,71,234,1,29,1240,0,0,66,57,58,19,56,18,0,9,0,5,9,66,67,0,17,719,2,21,32,301,0,14,2,61,1,21,7,0,7,49,101,45,58,4,105,1,39,5,0,293,307,14,43,66,55,13,1,36,108,13,17,163,62,1255,80,63,0,54,8,5,69,449,17,186,10,1,1,63,18,24,0,25,4,46,0,8,18,16,3,22,200,8,1,170,11,106,3,38,3,7,0,0,100,102,51,10,102,33,3,8,1240,0,37,0,0,7,573,8,0,12,0,92,10,17,0,151,55,60,116,58,46,18,124,0,160,0,1,10,638,1,0,49,216,6,4,36,74,3,6,7,2,24,3,9,37,0,28,55,608,28,9,104,3,14,63,26,9,120,25,41,11,9,29,2,25,206,94,230,2,104,202,70,85,2,80,18,25,7,0,1,121,95,328,11,4,143,7,0,14,68,14
cell_47,7,35,283,173,145,81,18,134,3674,5,74,27,189,78,27,19,25,50,35,18,3,63,28,1,44,21,3,7,19,1,0,75,23,52,7,0,5,7,3,51,1033,0,8,59,0,113,1,107,8,52,26,4,111,40,33,242,3,13,60,50,0,0,22,35,109,18,59,96,7,11,6,12,2,0,30,250,40,232,0,6,36,98,10,3,390,78,55,6,142,3,43,4,141,25,60,168,3,0,1,391,68,85,0,218,8,10,30,12,12,52,21,63,34,89,0,1,0,5700,6,20,28,0,8,59,65,63,0,2,18,0,14,64,78,8,73,2,45,0,84,6,135,30,9,105,2,55,28,8,307,33,0,45,6,209,6,132,48,0,5,128,146,8,0,100,183,2,1,19,3,4,67,98,4,0,0,95,14,18,0,5,95,0,7,3,11,21,41,71,373,27,9,24,6,19,151,0,10,0,20,119,3,97,3,16,13,57,0,18,101,81,13,0,8,14,48,51,7,8,58,17,2,6,39,50,503,0,210,1,61,1,104,33,20,102,11,45,209,1,3,211,8,3,21,181,1,5,100,123,13,30,9,101,90,31,25,31,24,15,26,100,0,163,3,10,450,21,8,38,18,24,45,8,5,14,1,30,112,93,1924,68,26,5,0,19,0,24,24,127,2,55,3,0,8,1,6,7,0,43,31,0,27,47,18,169,0,82,268,7,0,28,3,152,8,75,30,1,18,0,4,7,96,8,22,5,203,3,23,7,544,17,46,1,2,12,27,7,0,6,10,142,0,2,23,56,11,51,6,70,0,158,17,186,62,17,19,0,30,78,24,45,187,236,520,38,145,6,25,28,32,0,1056,27,42,21,4,23,7,28,38,0,5,3,35,26,3,9,0,24,61,217,24,1,460,37,104,30,31,0,0,10,9,22,104,71,18,14,71,0,27,1933,24,3,1,3,4,1320,5,66,11,27,52,40,18,0,273,31,79,48,36,5,2,125,0,122,0,21,52,399,0,0,23,189,26,1,159,31,13,31,6,2,120,4,20,60,7,28,35,331,15,6,181,31,24,11,33,17,11,40,39,3,34,74,25,6,19,44,158,2,155,314,194,42,30,57,6,48,7,0,1,159,73,30,8,0,29,11,0,13,33,6
cell_48,7,207,160,7,19,13,53,79,5234,2,307,99,30,62,50,250,13,55,17,88,14,57,27,0,0,23,1,5,13,0,0,63,25,56,3,8,16,0,0,83,1292,0,115,8,0,134,1,255,3,9,57,6,352,36,7,149,12,1,55,19,0,6,87,6,72,46,25,77,33,1,25,21,15,0,0,209,18,203,57,2,44,27,32,27,352,18,83,4,8,7,66,4,254,21,23,92,19,0,3,180,74,79,0,69,4,26,15,0,7,80,18,29,0,90,396,9,0,5899,29,3,6,1,4,25,56,50,0,4,15,1,7,32,35,22,40,5,25,22,38,13,104,99,5,84,1,57,8,8,669,43,234,3,20,105,3,53,13,1,6,58,8,6,1,0,143,5,2,4,0,8,71,10,18,0,0,19,11,0,1,5,23,1,2,52,83,45,430,8,2872,17,2,22,10,329,158,0,0,24,137,88,2,208,1,7,41,160,1,23,71,40,49,1,5,21,133,386,16,23,40,36,0,15,76,8,322,0,693,1,55,0,56,72,0,72,26,7,107,6,6,329,20,2,2,101,0,7,85,237,29,46,93,211,83,6,6,23,278,13,286,30,0,316,1,24,321,100,1,29,38,21,20,7,4,67,0,174,597,73,1978,25,26,63,3,15,1,6,52,128,6,3,2,0,2,1,0,17,758,22,6,1,1,28,78,141,0,96,66,22,0,68,22,122,5,82,16,0,22,0,10,9,22,92,0,9,69,10,17,178,511,3,17,0,0,2,20,5,0,10,45,83,5,6,11,450,12,60,14,0,142,75,1,0,127,134,18,0,20,111,87,35,210,64,297,111,66,3,22,4,28,12,605,11,24,0,0,20,2,55,20,3,0,2,66,2,2,28,67,21,21,108,165,0,44,23,65,3,43,0,12,0,11,17,42,113,21,173,5,0,187,4137,0,10,0,5,3,4446,59,126,27,11,32,20,16,2,154,25,47,18,72,30,6,105,0,70,2,25,40,603,0,0,19,112,49,4,42,59,15,12,31,5,0,3,12,407,0,10,91,347,17,88,241,12,20,16,33,45,258,17,70,1,16,37,2,9,146,30,112,4,164,460,424,66,0,44,6,51,12,4,0,165,49,10,17,1,125,1,0,13,100,14
cell_49,0,34,151,121,50,63,99,96,3750,1,53,19,54,120,65,18,8,70,19,16,67,77,33,0,48,24,3,5,16,1,5,86,15,90,1,1,20,0,0,5,1208,0,65,128,0,122,0,76,34,35,66,7,113,8,7,150,7,7,73,41,0,11,66,152,118,18,41,96,17,4,7,35,8,0,6,68,30,284,0,15,35,135,5,35,401,64,54,5,118,7,28,2,126,27,50,8,0,0,0,343,67,73,37,136,4,10,29,0,9,50,23,49,7,85,0,6,0,5713,54,18,16,3,7,28,65,338,0,6,1,1,3,39,89,65,50,54,10,3,100,28,161,69,32,104,0,75,14,9,323,23,0,51,20,177,37,149,31,1,25,115,72,9,0,0,148,19,1,0,0,5,40,69,62,0,15,2,23,1,2,5,63,9,7,14,45,62,44,32,148,20,38,18,0,62,211,0,32,15,20,100,15,122,3,1,18,48,1,13,88,72,15,0,2,6,53,28,48,13,41,37,35,18,31,81,531,0,179,0,33,3,141,102,1,94,9,5,74,3,0,216,11,3,35,94,21,9,128,38,23,40,27,85,115,16,22,11,30,11,42,83,0,159,0,19,429,18,13,32,20,16,20,17,13,0,0,17,26,170,1876,123,9,47,1,1,0,28,13,61,3,26,0,0,1,6,14,10,0,37,17,1,13,38,86,55,0,56,235,5,0,81,8,115,66,126,35,1,5,0,0,15,110,39,0,27,38,3,65,37,492,33,33,2,19,9,23,26,1,8,24,117,0,13,35,48,11,24,13,17,0,108,0,18,33,12,23,3,22,10,9,29,186,90,824,28,108,9,105,17,38,2,1056,25,8,3,3,19,43,40,28,0,2,0,12,5,35,15,12,3,43,310,30,3,170,20,80,13,25,0,10,0,13,81,57,51,37,134,34,1,34,1790,1,66,2,9,1,1485,1,0,19,0,61,59,8,2,327,35,56,64,16,5,18,112,0,130,1,6,100,341,5,6,23,210,29,85,164,33,19,14,0,7,46,0,13,68,5,48,39,280,9,1,183,10,24,0,65,18,38,28,24,35,20,66,0,1,52,114,118,3,2,320,142,52,1,43,4,54,26,0,0,224,81,56,31,3,45,10,0,18,45,18
cell_50,0,33,362,26,107,24,96,116,3629,0,52,34,78,56,36,28,27,69,51,47,36,169,32,0,24,17,2,7,50,3,1,89,20,110,5,28,9,4,0,8,1151,0,15,92,0,125,36,14,1,22,68,1,149,15,3,75,12,2,69,23,0,3,46,48,140,14,53,69,20,20,14,46,65,1,46,91,33,42,0,18,114,120,14,46,378,42,56,14,99,8,1,3,117,14,46,85,5,0,47,314,62,70,23,122,13,32,47,14,4,110,23,51,0,35,162,14,0,5790,0,5,42,19,13,12,30,43,0,0,4,11,6,17,70,47,58,30,13,0,71,17,101,58,41,90,3,48,10,5,48,29,5,18,44,146,0,130,45,30,9,131,43,2,2,18,148,6,13,37,1,8,21,25,42,0,1,62,14,3,6,4,83,0,11,82,44,65,38,6,281,32,8,39,0,29,154,13,7,15,61,88,9,114,0,8,12,58,3,28,65,77,4,3,3,10,36,41,10,16,69,22,2,8,84,10,598,7,224,0,60,0,123,180,0,90,3,46,132,5,15,197,17,3,37,60,36,7,113,90,13,47,26,98,112,11,14,23,30,12,33,73,1,178,4,4,459,102,9,49,6,50,58,8,11,24,0,47,60,243,1912,115,4,17,0,0,0,21,73,17,4,78,3,0,0,1,0,5,0,35,26,1,23,11,81,152,1,50,295,6,0,65,78,108,45,13,41,0,67,31,2,26,114,53,0,38,109,0,53,24,551,7,7,4,11,10,31,29,3,4,14,127,4,14,30,52,28,41,1,5,12,159,0,192,18,25,8,0,18,15,12,23,105,201,796,27,148,2,50,49,27,5,1032,17,40,0,0,7,0,26,27,0,12,0,49,2,8,14,14,5,25,242,42,2,64,18,49,7,20,0,9,0,0,90,83,48,9,125,61,10,22,1874,5,35,0,7,2,1398,0,0,1,1,21,32,13,2,219,17,74,29,40,9,7,78,0,153,0,5,25,519,0,0,10,168,20,16,142,24,12,137,26,2,180,4,15,79,11,40,31,186,19,18,228,13,24,6,10,10,32,41,19,8,33,37,2,20,80,64,103,3,0,154,173,77,1,16,14,40,12,0,0,184,52,36,69,0,13,10,64,12,59,35
cell_51,1,62,286,0,30,39,13,49,4604,7,142,33,27,73,34,43,10,94,38,47,117,26,9,3,35,26,7,6,30,2,0,60,5,48,6,12,6,40,1,31,8519,46,142,36,0,34,34,8,33,11,106,13,91,32,12,20,13,53,69,77,0,1,47,106,78,8,23,163,5,8,2,53,66,23,0,375,33,269,1,11,10,69,16,51,694,76,79,16,81,9,13,2,203,27,11,240,3,1,13,163,126,223,0,543,5,25,22,12,26,40,25,32,14,35,0,3,4,3875,0,37,28,2,12,24,135,371,0,10,8,0,11,11,111,23,38,1,31,0,62,38,32,53,39,61,1,823,18,12,441,3,0,4,10,166,1,340,34,0,34,135,76,21,1,6,71,24,3,2,8,12,6,55,23,0,2,60,0,13,1,1,38,1,13,29,42,92,999,0,205,36,1,93,6,116,103,1,14,2,2,80,14,15,10,0,38,59,1,12,22,135,40,0,13,8,42,19,82,7,73,64,1,9,15,19,242,0,462,2,114,3,105,8,120,52,9,50,261,1,4,184,17,4,62,236,1,4,237,549,27,34,17,79,26,24,11,50,225,14,81,137,0,109,0,62,237,1,18,17,7,5,23,12,14,21,0,24,1,898,1533,305,44,10,0,34,1,8,107,112,3,7,1,0,6,14,22,20,2,19,10,5,0,0,48,234,0,40,750,9,0,23,30,52,24,68,17,0,7,0,0,0,53,51,0,13,1084,3,10,29,304,25,25,1,36,0,13,15,9,6,3,117,14,12,12,27,18,0,1,0,150,142,12,57,55,122,9,9,56,64,5,42,172,528,1404,14,119,12,75,50,25,64,428,22,62,19,0,9,66,34,28,1,9,0,5,2,9,10,11,3,18,302,85,1,423,31,131,10,38,0,11,12,10,100,78,87,4,144,69,2,36,1177,0,1,9,12,5,588,2,0,24,13,73,0,17,3,100,5,69,32,57,12,12,25,2,156,0,2,10,403,0,0,63,128,55,9,32,25,1,103,7,2,314,1,16,35,3,56,59,645,13,87,89,4,18,16,53,7,43,17,158,1,18,22,0,21,73,235,77,3,197,262,41,89,3,92,22,14,21,0,1,139,74,214,14,1,34,21,3,3,37,13
cell_52,0,38,205,6,14,66,64,36,4751,6,176,33,0,16,24,56,13,46,54,0,147,26,18,6,79,18,3,4,12,4,0,59,26,138,4,0,16,0,0,13,9849,0,224,57,1,68,2,51,28,48,49,2,123,82,2,128,7,7,60,98,0,5,60,100,214,63,17,56,33,6,2,56,11,7,0,452,36,58,0,3,7,91,8,12,497,172,22,2,63,3,113,3,299,33,20,157,15,0,5,133,142,282,0,466,8,48,9,3,0,19,25,47,2,18,119,0,0,4034,6,10,10,0,1,34,56,608,0,56,13,1,1,76,116,39,34,14,16,5,87,48,8,88,6,62,0,730,4,7,456,2,0,11,36,130,8,315,61,0,17,127,101,13,4,21,65,4,6,4,4,6,19,84,3,0,0,12,0,21,0,5,160,2,17,245,60,73,772,33,160,11,31,76,0,166,90,0,0,5,4,62,4,29,1,11,49,78,12,25,84,127,18,0,7,13,42,61,106,0,59,41,0,35,29,38,686,0,443,16,147,2,79,43,151,73,17,118,228,3,2,201,15,22,106,372,2,5,267,154,18,32,14,122,36,28,11,45,126,20,108,148,0,97,3,26,188,2,11,30,17,100,61,26,14,0,0,33,117,572,1398,167,3,33,0,82,0,20,53,127,6,6,0,0,0,37,0,18,254,23,24,8,22,0,82,219,0,51,414,0,0,50,23,69,37,174,17,3,25,0,2,5,61,60,0,13,790,6,41,7,307,14,50,1,54,2,18,36,7,5,37,134,0,11,0,95,32,7,4,0,651,272,14,13,44,2,15,0,51,32,24,62,165,110,1257,38,76,4,46,11,31,0,464,37,220,5,11,30,56,42,31,0,2,4,16,0,5,18,7,2,31,269,10,2,122,16,185,7,36,0,7,14,13,122,84,126,17,77,11,0,34,1055,3,6,1,2,3,600,8,0,10,22,46,5,3,28,225,51,54,113,60,35,26,83,0,88,0,2,20,321,8,6,44,226,28,10,24,26,0,11,5,0,822,1,9,32,2,65,17,611,9,8,61,5,29,26,73,5,72,38,13,1,17,25,0,8,149,171,145,3,161,331,63,81,0,47,29,32,5,13,5,125,70,296,16,2,30,7,0,6,23,39
cell_53,1,149,125,199,337,13,57,186,5115,3,58,8,12,90,57,229,16,36,5,27,204,68,54,0,0,22,3,1,42,0,0,58,2,291,7,0,267,6,0,30,1156,1,30,3,7,160,0,239,42,15,28,10,297,33,43,38,0,0,55,13,0,1,21,193,99,33,23,86,24,2,7,10,8,9,126,75,1,461,0,5,74,15,6,21,100,28,38,13,107,4,27,3,186,4,43,71,31,0,2,185,65,39,4,90,7,21,18,0,2,75,14,49,4,121,313,5,0,4890,19,28,7,4,2,47,97,69,0,1,3,6,0,36,56,86,82,0,16,6,48,11,119,40,6,58,4,60,30,7,618,9,269,23,3,60,12,41,38,8,1,25,126,31,0,29,163,6,2,42,1,1,60,31,64,0,0,82,12,9,0,1,114,7,24,49,69,31,419,45,3736,13,16,0,0,159,110,1,1,24,267,76,6,172,1,16,12,161,0,11,83,39,1,1,12,9,126,408,7,64,52,45,0,14,47,10,460,24,561,0,62,2,80,123,1,88,23,9,86,25,0,303,10,0,5,78,2,0,84,181,19,36,73,92,57,7,23,34,93,9,168,7,0,310,0,11,305,48,17,88,53,107,14,23,15,3,0,312,405,121,2115,0,114,21,0,56,8,12,20,107,2,8,1,0,1,31,0,0,6,23,9,7,7,0,34,79,9,90,60,0,0,73,44,94,18,11,13,0,16,0,3,1,33,78,0,0,20,8,39,21,473,26,13,8,28,12,25,27,10,2,29,103,27,16,5,397,4,4,8,0,0,42,12,196,159,84,15,0,22,68,80,18,220,35,190,90,44,1,31,16,32,0,602,34,1,40,9,9,7,6,17,0,5,2,57,54,25,4,16,44,19,116,26,0,44,15,92,0,22,0,20,4,12,24,22,86,86,272,18,3,38,4407,0,1,0,0,18,4656,37,70,53,1,59,73,5,26,147,25,42,26,12,4,18,116,1,50,0,17,85,750,7,0,31,160,26,2,67,24,25,3,6,6,0,3,32,394,10,12,79,159,0,184,108,10,25,14,105,65,375,19,6,5,19,23,0,5,32,15,89,6,123,522,490,55,389,37,12,59,7,0,0,165,61,7,39,0,12,9,0,1,54,2
cell_54,1,44,308,159,40,27,2,77,4196,17,91,40,31,41,61,97,22,60,17,8,142,22,24,0,120,4,14,20,4,0,3,35,17,113,30,1,13,11,2,56,3645,0,9,13,0,27,54,16,41,22,11,16,107,9,46,199,15,11,68,21,0,0,51,50,172,67,19,28,15,2,5,66,18,5,0,389,5,143,0,22,45,50,8,18,261,51,16,2,118,12,90,13,266,3,41,161,13,0,28,227,89,29,5,44,7,8,27,4,6,84,17,32,0,61,253,0,3,3384,1,38,66,2,0,58,73,197,0,22,14,4,3,14,62,18,98,0,46,21,56,4,178,44,1,99,0,50,15,5,356,5,0,24,0,163,3,179,0,17,16,3,92,9,1,0,100,0,19,29,15,1,18,79,32,0,10,2,0,17,0,8,100,5,23,209,18,59,121,27,170,22,18,19,6,168,191,0,0,15,146,92,9,197,0,3,49,73,0,20,63,67,29,0,20,7,35,107,9,119,66,29,1,8,23,18,439,17,494,0,53,0,88,19,0,71,22,34,222,0,0,172,23,0,28,215,2,0,110,279,11,25,6,117,188,23,3,39,100,20,81,4,0,63,0,3,360,31,7,62,17,65,49,9,27,82,1,64,258,354,1508,82,5,0,9,15,0,4,60,112,4,15,1,0,0,0,4,10,138,17,21,4,0,9,23,112,0,56,265,2,1,90,44,190,6,3,17,0,20,18,8,22,60,7,0,1,56,0,38,80,357,2,20,5,43,9,24,16,14,6,8,89,3,21,17,208,8,2,5,20,0,181,5,45,65,30,14,0,20,51,112,43,180,81,671,32,60,0,16,46,8,0,561,25,45,26,6,11,76,18,30,0,6,0,88,46,1,9,47,11,22,10,68,0,403,28,78,12,20,2,9,0,2,4,138,88,22,330,46,0,110,2329,1,204,0,0,19,1995,14,0,4,9,56,48,20,4,421,22,63,26,63,8,22,72,0,134,0,21,28,556,16,0,10,160,8,0,101,77,1,91,26,5,122,8,11,96,40,6,53,751,0,0,165,5,14,60,31,38,34,7,9,6,23,25,24,17,34,69,139,3,135,446,236,33,2,13,7,40,1,10,3,65,120,17,21,2,23,5,0,9,14,5
cell_55,1,137,234,105,23,9,45,156,5681,3,95,35,8,86,50,115,10,60,2,0,21,106,35,1,0,14,7,10,13,1,2,86,3,17,10,16,29,7,0,58,2896,1,26,24,18,125,1,214,12,6,35,9,212,23,0,145,12,10,44,22,0,0,50,14,97,11,34,115,17,2,7,0,2,2,1,94,6,237,0,7,25,36,17,62,170,35,64,5,155,5,76,10,257,0,66,74,3,0,4,182,100,51,0,176,0,21,18,0,1,105,17,41,0,139,0,0,9,4723,27,17,3,8,0,38,28,258,0,6,16,0,26,32,42,77,115,2,9,18,53,14,120,104,3,64,0,30,9,3,504,22,56,17,2,143,8,52,35,0,18,30,93,15,0,43,129,10,28,39,5,9,41,84,7,0,7,73,2,8,13,9,146,1,8,41,67,58,194,10,2577,24,38,22,0,190,108,0,2,32,219,100,0,139,11,0,45,169,5,13,83,48,8,0,8,69,63,225,14,51,41,314,0,12,47,2,491,6,1001,0,60,0,111,121,0,83,12,21,242,7,0,282,14,6,24,318,8,1,101,76,6,26,49,153,196,17,47,31,137,11,95,28,0,128,13,2,456,82,12,65,20,32,58,1,44,66,0,287,240,158,1885,39,19,21,7,31,0,3,71,118,1,28,0,0,1,4,0,2,0,19,14,12,6,9,43,187,0,91,93,0,0,69,11,161,6,100,19,23,26,0,22,28,39,42,10,1,79,19,101,16,369,8,33,8,10,7,24,7,0,4,16,129,32,22,7,329,12,2,3,7,219,278,0,158,53,48,15,0,29,89,64,2,253,166,508,17,44,0,33,21,30,15,484,10,63,2,6,17,5,37,36,0,9,1,65,33,9,8,4,3,45,130,117,0,100,22,113,8,21,0,4,0,11,14,30,113,10,341,1,2,169,3382,3,0,0,16,22,2553,9,203,26,2,110,11,37,4,574,23,43,32,39,75,15,75,0,74,1,33,24,1082,10,0,46,138,25,2,107,51,6,6,13,4,0,0,24,193,0,16,58,456,28,69,224,1,12,48,125,37,159,17,12,0,22,33,0,17,93,30,60,7,31,520,301,38,131,20,12,3,3,3,0,85,63,23,24,1,67,13,0,23,24,9
cell_56,4,33,180,5,13,203,77,80,2729,11,20,46,70,15,49,43,13,41,8,11,31,81,19,242,0,26,23,10,24,4,1,86,19,196,2,1,52,7,0,8,1005,0,124,65,0,28,107,15,43,9,56,47,188,55,2,206,6,7,72,43,0,0,60,29,192,43,32,123,3,2,15,22,6,0,0,267,22,114,4,21,125,71,12,21,248,76,26,15,140,82,73,9,127,55,42,1,7,11,0,290,140,131,0,103,5,57,2,35,8,76,28,31,10,139,0,0,0,3781,0,23,19,1,1,35,77,239,0,14,19,2,27,45,90,18,49,9,20,0,62,17,10,68,15,133,0,137,0,36,222,59,7,22,18,89,1,146,41,65,14,26,142,4,1,13,161,11,3,29,1,3,66,89,0,0,1,86,7,1,9,6,124,0,3,50,8,53,435,57,74,55,2,23,4,82,114,0,2,11,81,69,1,92,1,5,78,62,0,28,67,89,2,0,1,1,50,45,75,4,54,107,0,51,17,102,483,0,196,23,99,0,76,15,0,76,16,42,193,1,1,142,8,11,21,108,2,1,82,26,21,51,22,53,69,3,0,21,144,5,40,52,0,149,8,1,428,14,23,36,24,47,53,14,2,1,0,8,7,63,1747,106,9,23,0,23,2,18,34,35,1,12,3,0,4,0,0,4,0,47,20,6,29,23,48,136,0,46,250,4,0,60,71,138,16,5,31,0,13,0,0,30,61,12,0,7,48,0,6,16,787,18,32,0,3,30,24,2,0,15,11,95,0,18,19,99,11,51,11,34,16,90,6,175,42,68,17,5,37,124,5,32,50,110,578,60,89,0,55,32,17,58,1066,22,99,68,0,34,37,73,47,0,14,0,46,35,5,23,0,6,51,29,61,0,318,31,64,5,49,0,2,0,3,56,11,128,44,369,27,10,85,1848,0,169,4,16,5,1885,14,0,12,0,50,86,16,0,428,25,81,43,25,6,34,76,0,140,3,31,18,270,2,0,32,168,20,3,77,41,1,3,25,2,12,7,8,52,1,51,102,388,2,0,166,1,18,29,73,8,36,16,35,2,25,44,0,15,99,123,131,1,32,314,112,61,6,62,6,30,6,0,6,153,91,82,0,5,126,21,1,13,87,3
cell_57,0,79,217,0,21,22,9,225,4529,0,39,34,21,74,21,103,19,63,19,2,9,26,30,162,9,15,6,3,67,10,0,39,46,6,23,4,10,4,0,49,4095,104,76,8,0,95,25,272,26,10,17,28,33,32,0,110,0,6,69,52,0,8,7,27,125,4,31,186,57,4,6,43,41,12,120,81,49,362,3,9,23,32,20,13,119,59,76,7,106,1,44,9,186,3,24,0,4,0,24,208,115,94,6,196,3,9,4,18,2,5,15,31,0,126,0,0,5,3041,63,28,26,0,2,24,40,241,0,8,4,0,1,71,93,11,67,7,29,69,57,8,239,93,31,85,0,87,63,12,283,46,193,21,9,82,3,260,26,2,11,49,109,38,0,11,86,1,12,26,18,5,27,59,58,2,6,80,3,3,0,9,125,4,3,31,64,71,365,30,280,24,9,47,3,111,152,0,36,40,71,78,2,141,4,2,14,100,4,23,45,64,39,6,4,17,43,95,23,5,75,77,3,49,21,4,234,43,551,0,60,1,60,35,27,87,0,15,243,2,1,201,20,9,19,391,1,2,135,171,4,27,21,179,85,9,28,15,127,21,90,24,0,191,17,87,365,51,14,43,25,8,26,17,18,4,0,103,131,448,1551,41,8,26,0,13,0,18,64,89,3,12,1,0,1,1,0,15,215,31,11,2,20,0,36,78,0,56,538,19,0,66,11,80,20,238,19,0,8,0,2,6,49,88,14,6,133,19,89,14,440,5,5,0,21,1,19,3,6,1,9,89,9,26,1,222,0,9,8,25,206,328,2,5,98,2,19,0,30,57,126,0,241,241,762,60,51,5,36,2,27,27,565,16,3,3,6,16,13,4,24,1,2,8,30,6,1,8,9,0,41,87,30,0,11,14,135,6,22,0,7,64,8,72,112,132,18,87,39,6,64,2139,1,121,0,1,20,1803,13,41,24,10,79,19,11,34,574,18,76,16,43,4,15,89,0,86,3,2,25,9,0,0,64,168,31,3,79,38,0,29,10,4,40,0,12,121,4,35,67,1041,16,0,153,9,22,6,69,7,48,23,69,5,11,28,12,13,22,54,63,19,217,328,224,62,0,55,7,54,2,1,0,185,92,87,55,2,14,6,0,8,82,18
cell_58,0,70,115,0,62,44,18,274,4996,4,94,8,3,19,79,59,2,59,8,88,107,103,51,21,14,11,1,18,29,1,0,64,15,39,12,11,3,6,0,0,3254,0,103,22,0,97,7,196,29,54,21,19,228,41,0,6,6,1,60,94,0,0,52,98,140,17,26,120,5,0,4,24,0,53,3,1,29,332,0,2,44,41,19,49,269,28,50,2,86,8,52,3,211,92,41,154,14,1,28,194,119,66,0,197,6,10,24,0,18,52,17,42,8,44,0,11,0,2962,12,22,28,2,6,17,94,145,0,10,11,2,95,36,70,49,67,27,34,14,58,33,157,26,26,30,3,171,8,17,342,17,0,30,34,179,7,218,38,0,11,12,94,11,2,8,76,28,1,22,2,8,34,119,20,0,4,49,91,4,0,8,52,9,7,64,63,74,422,44,502,25,0,67,0,123,137,0,21,8,7,82,8,94,26,1,12,123,0,16,73,72,0,3,10,9,55,87,10,16,76,38,7,23,22,28,324,0,727,0,60,1,68,87,137,81,0,8,92,7,0,192,12,17,0,186,2,2,165,46,26,44,20,13,162,6,17,15,84,6,72,77,0,141,2,47,399,98,7,9,21,5,32,6,2,81,0,72,2,129,1625,74,49,4,2,9,0,16,81,125,3,19,0,0,13,5,1,12,0,28,18,2,12,37,21,52,0,66,325,1,0,73,7,40,10,60,20,0,13,0,6,0,35,74,0,8,464,2,28,11,437,8,28,2,21,2,18,7,5,5,16,133,18,29,3,107,0,0,19,1,219,278,0,28,23,37,13,0,16,35,46,31,229,115,817,49,78,4,31,0,5,2,498,22,29,33,2,0,46,37,11,2,6,0,5,0,30,16,17,24,27,464,24,0,22,30,146,8,16,2,21,0,15,70,101,93,20,241,12,12,15,2037,0,39,0,5,20,1852,10,0,15,12,47,0,2,20,83,23,61,82,31,39,13,106,0,74,0,15,7,270,45,0,6,174,18,11,77,33,4,52,10,0,23,3,17,95,10,4,29,897,78,39,162,2,21,19,15,1,10,35,13,15,7,36,2,23,53,71,69,14,213,434,235,49,1,52,13,36,19,0,1,188,109,55,18,1,16,17,0,10,74,14
cell_59,2,94,144,0,113,57,17,133,4150,6,131,17,33,93,55,73,13,43,5,6,44,42,28,4,61,6,2,7,15,1,0,80,4,28,35,12,29,0,0,37,3025,44,112,24,2,56,0,92,10,13,40,28,141,50,66,221,8,2,76,19,0,8,101,69,52,24,38,21,43,4,10,24,2,7,0,722,37,323,0,6,15,48,24,52,152,70,86,11,145,2,97,5,258,12,61,63,2,0,22,219,112,45,8,140,6,25,1,12,5,23,24,49,5,86,0,0,2,3958,23,68,15,0,0,16,93,291,0,9,12,0,5,46,50,89,104,10,6,23,74,19,26,138,9,98,0,33,12,5,461,33,53,1,23,141,12,137,35,0,33,107,73,4,0,67,112,27,2,12,3,5,24,68,23,2,0,1,0,0,10,4,116,2,43,60,50,61,149,9,63,22,0,37,0,148,103,0,0,1,5,71,6,159,4,4,88,65,1,8,73,75,87,1,10,13,34,80,4,17,29,51,0,11,39,22,738,18,545,2,69,2,72,199,0,76,0,50,265,0,3,163,14,4,23,138,3,4,77,123,54,44,26,168,37,11,31,29,90,26,90,7,23,32,3,39,346,4,3,62,15,5,29,14,7,134,0,88,117,393,1744,0,8,30,9,15,0,7,24,84,4,0,0,0,0,3,0,14,3,25,31,8,17,1,93,140,0,58,228,0,0,50,19,156,7,192,33,15,13,0,7,0,88,79,33,20,96,9,22,1,351,30,0,12,23,5,23,2,0,7,59,146,2,5,19,130,0,16,10,7,0,205,0,85,98,17,21,3,25,13,28,53,196,128,730,78,66,2,57,27,34,0,559,24,74,0,2,3,28,36,58,0,0,1,79,13,6,9,6,10,50,179,101,0,753,19,25,8,22,0,4,0,6,79,54,67,43,434,65,0,179,2194,0,0,0,3,21,2139,14,60,11,12,72,0,5,24,226,24,57,74,71,65,9,151,0,51,3,33,69,625,2,0,27,114,8,0,100,55,2,9,18,4,77,0,14,85,0,20,70,603,3,23,188,9,14,41,13,11,109,21,0,2,26,25,1,7,64,24,18,9,0,472,295,56,144,29,9,10,5,0,1,132,111,29,18,0,18,22,0,9,41,6
cell_60,4,70,164,0,192,22,87,126,5126,7,32,35,50,42,29,56,17,62,16,11,52,33,24,9,12,25,0,3,1,6,7,76,30,32,2,0,8,2,1,1,8741,0,305,24,2,11,0,115,41,51,66,7,79,9,4,103,3,15,62,51,0,4,5,25,211,33,23,88,6,2,13,152,9,3,17,198,125,695,1,7,0,78,4,72,591,140,80,1,71,11,26,6,211,22,22,87,6,10,7,142,167,233,9,512,4,22,0,109,5,23,22,29,3,54,0,7,9,3848,1,13,16,0,9,3,230,408,0,10,11,0,50,82,96,15,25,11,23,5,95,37,104,165,23,65,0,322,9,1,428,55,285,27,43,160,13,312,14,0,7,89,120,17,0,74,80,6,1,19,20,2,51,101,223,6,0,55,18,27,0,0,179,2,4,74,53,63,760,27,277,11,0,67,0,182,131,0,0,0,15,72,1,22,6,0,32,105,0,12,38,120,34,2,5,6,28,83,9,40,65,17,0,13,19,11,913,0,427,6,97,0,98,24,89,78,3,99,297,5,0,199,16,62,32,599,11,3,268,135,15,33,9,50,41,18,11,9,221,13,79,149,0,133,14,58,215,22,24,60,6,17,37,24,116,4,1,2,96,321,1496,365,4,24,0,87,0,20,73,102,0,8,0,0,0,0,0,4,1509,27,28,5,23,0,10,174,0,68,1741,1,0,71,10,66,9,145,11,0,5,0,1,16,74,55,15,41,768,5,62,2,299,3,12,1,7,3,13,15,0,1,27,83,1,2,5,132,33,4,15,2,548,349,2,135,13,8,7,0,25,64,10,0,156,143,1335,39,106,3,65,13,21,0,463,7,46,12,5,23,4,37,27,0,0,0,14,0,14,13,0,8,48,53,4,0,37,40,148,1,33,0,9,0,9,73,75,122,34,22,10,1,7,1202,2,42,0,12,2,575,2,45,54,0,24,0,27,20,433,44,56,147,20,40,43,109,0,153,0,0,6,426,0,0,34,207,14,2,29,17,4,4,6,1,0,0,6,21,1,64,20,789,83,0,94,0,17,24,25,13,40,11,28,13,4,25,0,7,112,88,46,0,4,289,47,66,1,54,5,15,17,0,12,147,42,107,23,7,38,26,0,19,93,34
cell_61,0,22,235,0,6,56,58,76,4812,7,129,40,21,41,20,60,9,82,30,31,41,17,22,0,0,22,10,0,22,0,11,73,16,170,4,13,14,4,0,39,3453,0,292,10,0,44,55,88,41,5,112,6,117,46,0,151,14,0,51,82,0,1,23,37,239,150,15,35,68,2,1,14,73,15,0,1,72,87,68,0,0,91,9,116,725,166,32,8,58,0,27,17,230,19,32,50,16,0,4,181,165,252,12,533,3,40,0,30,8,45,31,33,3,33,111,0,4,3732,5,79,18,0,4,3,124,683,0,14,7,0,34,85,101,53,55,3,29,4,55,147,14,165,43,63,1,489,9,26,477,14,0,9,40,166,1,290,53,0,44,118,55,26,1,0,51,7,1,2,13,4,8,40,35,22,5,36,4,0,0,3,49,0,18,315,73,61,988,3,220,50,1,85,13,133,115,0,0,21,8,70,0,21,2,0,43,88,10,29,94,121,129,7,2,8,41,31,43,7,94,41,1,13,37,14,730,0,483,5,139,2,107,87,21,51,2,148,214,2,7,203,20,17,7,557,1,0,257,177,95,32,17,102,26,38,12,30,150,18,80,97,0,100,9,76,226,19,2,42,1,25,75,40,110,4,0,30,1,548,1516,356,30,21,4,3,0,6,108,108,2,20,0,0,0,1,0,12,1592,18,37,10,20,41,61,282,0,61,247,9,0,59,9,60,44,159,17,0,42,0,6,0,51,62,8,19,1581,2,104,31,291,13,7,3,96,1,17,9,0,5,20,146,0,12,1,97,25,119,1,9,504,327,4,1,76,43,13,3,92,13,29,1,208,169,722,67,177,2,76,4,20,104,495,30,197,5,5,25,29,10,28,6,0,3,40,2,10,6,8,1,12,45,52,0,160,10,97,1,46,0,50,0,5,148,74,68,1,168,6,3,27,1208,0,36,0,11,0,575,8,0,4,0,61,2,7,0,160,11,64,23,65,43,3,139,0,125,2,0,7,205,3,0,53,201,41,5,28,75,7,27,25,0,63,1,4,34,20,74,67,883,34,130,91,3,25,59,61,21,111,52,20,2,15,23,0,11,220,122,14,1,179,179,72,61,0,87,6,0,2,0,0,150,74,151,72,2,116,28,25,6,85,32
cell_62,2,49,267,29,10,82,9,87,3993,14,19,0,0,38,65,65,4,65,15,2,76,63,40,76,4,11,18,10,24,2,0,57,12,368,20,0,5,3,0,0,3356,0,91,18,36,64,0,208,39,34,9,11,121,3,2,105,13,20,64,43,0,1,26,42,133,26,30,53,65,1,4,2,4,4,167,794,31,350,0,22,104,68,9,1,199,64,25,3,126,18,11,1,254,11,36,0,2,0,3,228,102,60,0,94,3,16,18,59,1,116,24,57,1,49,23,1,0,3092,53,31,19,40,0,54,33,25,0,0,16,1,0,62,50,86,120,25,36,19,62,20,91,60,0,78,2,57,18,3,409,4,0,35,1,227,10,146,1,2,34,38,99,6,0,55,97,7,9,41,14,35,27,73,33,3,3,96,34,2,0,4,48,9,11,69,63,52,160,50,422,12,4,20,1,35,243,0,33,9,136,80,1,38,6,4,66,123,9,26,52,82,13,0,22,21,37,93,5,72,46,69,0,26,40,8,625,53,629,0,78,1,115,122,4,115,3,32,105,5,1,133,25,5,4,366,2,4,107,23,3,30,23,132,305,39,0,59,91,14,57,20,2,32,2,24,387,90,10,26,34,51,48,16,0,3,0,159,301,355,1702,0,8,11,11,11,0,16,79,131,0,32,0,0,6,2,0,15,0,18,25,11,19,46,115,109,0,66,49,0,0,58,7,139,2,152,34,0,11,0,44,37,71,73,0,0,36,1,15,14,372,6,33,6,11,12,27,7,13,9,37,142,23,18,2,75,7,8,2,0,0,344,15,0,25,13,18,0,34,31,59,55,180,85,634,70,59,12,40,34,11,0,557,30,58,0,17,8,19,43,10,1,0,2,68,1,24,12,6,63,13,78,12,2,16,25,74,15,28,10,11,0,4,34,65,76,10,122,51,0,64,2591,0,217,1,10,9,2148,5,0,4,0,1,70,16,38,76,23,57,57,25,19,34,122,8,99,0,20,47,348,3,0,9,112,8,1,98,7,6,29,82,2,0,10,30,110,0,4,1,607,1,51,195,8,17,44,15,1,60,12,34,19,5,42,4,20,92,66,93,6,0,551,374,37,0,13,0,22,20,0,0,166,97,32,51,1,3,4,2,15,55,24
cell_63,18,50,270,149,340,127,16,141,4789,28,23,42,26,56,22,61,22,92,31,39,12,41,23,0,70,37,1,1,12,3,0,16,6,49,10,0,0,28,2,80,5039,0,238,4,0,18,3,126,27,17,13,11,79,16,9,84,2,2,73,40,1,0,11,127,203,107,24,16,40,1,6,46,1,0,0,240,106,731,8,1,16,92,5,8,786,157,62,4,81,6,40,0,202,76,21,20,25,7,2,128,182,227,0,236,4,37,5,4,18,20,28,17,2,73,0,8,47,3814,4,46,7,0,0,16,55,217,0,25,10,0,52,96,104,6,49,6,17,6,56,74,11,182,17,49,1,249,1,26,475,27,1524,15,2,151,4,307,44,36,11,92,58,7,0,0,50,1,15,24,5,3,34,103,21,3,0,56,2,5,0,2,186,1,17,72,16,32,947,105,170,42,20,77,1,88,113,0,0,25,21,71,9,31,0,3,1,77,0,36,85,135,114,1,0,0,35,73,41,35,83,249,0,2,35,1,891,0,472,0,93,7,96,12,19,27,14,59,37,1,5,209,12,39,50,231,0,0,265,25,34,6,11,40,84,18,19,30,214,14,82,36,0,118,1,24,226,34,9,40,18,102,53,8,33,2,0,1,73,755,1539,60,1,12,0,13,0,3,45,113,0,37,0,0,0,0,2,12,156,12,36,8,23,21,37,226,0,51,777,0,0,84,21,70,19,40,13,0,5,0,2,28,57,58,0,55,1935,2,51,20,265,3,37,10,41,2,11,16,0,14,59,101,0,10,0,77,11,7,16,10,34,349,8,54,20,19,19,0,76,18,11,35,122,305,229,36,71,2,86,43,13,93,438,25,16,12,3,22,117,3,41,6,3,2,42,0,10,5,6,3,21,315,25,0,198,24,120,4,30,2,6,0,4,15,13,193,30,45,31,0,6,1177,1,147,0,13,9,556,8,29,16,0,41,8,4,0,299,31,65,204,4,8,14,132,0,162,13,0,12,513,8,0,103,275,23,4,29,64,13,80,2,1,624,1,5,26,3,5,46,957,128,106,81,14,27,37,46,26,121,41,76,11,14,30,0,15,31,40,92,0,6,291,42,79,0,71,5,25,4,0,1,146,86,552,39,4,13,6,2,2,43,38
cell_64,0,107,238,24,16,73,77,40,4091,2,105,31,0,114,21,65,9,21,15,53,115,82,4,0,14,20,0,2,8,0,0,64,11,241,47,0,5,1,0,17,3581,0,130,54,0,56,0,200,32,11,20,2,147,50,7,91,5,0,78,65,1,0,69,112,175,35,32,220,7,0,11,70,10,38,49,46,25,325,0,2,0,64,14,54,113,55,81,0,121,2,23,19,258,3,27,18,16,5,13,252,118,86,0,173,0,35,1,5,5,30,24,40,8,45,44,0,20,3064,57,55,9,0,2,41,141,340,0,31,7,2,15,55,71,26,73,22,29,59,85,10,65,21,27,60,3,106,8,26,404,35,134,17,28,256,4,149,26,8,36,167,39,18,0,87,100,28,20,1,0,6,18,105,30,7,7,98,11,7,0,3,30,4,41,29,47,64,122,53,216,27,7,24,2,154,143,0,2,7,115,103,0,117,20,0,85,145,1,23,83,66,43,12,2,11,37,19,11,0,56,157,0,2,78,21,372,0,513,2,80,0,97,110,14,42,18,53,3,4,1,160,10,2,19,29,12,4,86,12,33,31,19,146,289,15,4,24,82,18,66,58,0,23,1,37,349,6,20,53,24,7,36,33,0,75,1,92,218,311,1620,14,12,67,3,21,6,27,41,58,3,13,0,10,4,2,0,6,0,28,22,6,8,34,89,136,0,58,8,21,0,65,25,146,19,55,26,4,7,0,4,0,22,70,15,20,317,1,61,8,397,1,0,33,8,13,25,2,17,1,3,115,0,27,22,189,0,0,14,0,0,426,0,186,59,8,13,0,10,9,56,58,209,107,602,52,96,8,40,6,10,5,590,17,43,0,2,19,13,55,9,0,2,5,22,0,58,6,0,60,37,420,96,0,81,6,95,4,18,0,4,0,8,13,70,109,8,350,51,1,46,2431,0,85,4,7,1,2067,2,26,39,27,11,2,7,22,409,22,70,77,25,71,11,156,0,141,0,9,53,181,0,0,57,43,23,6,92,33,24,23,28,5,8,3,8,104,10,30,24,767,7,79,176,5,17,12,7,1,15,11,3,0,21,22,5,10,66,77,58,1,106,554,355,27,54,3,2,23,9,1,0,83,132,47,36,1,134,3,0,12,42,8
cell_65,0,64,311,0,18,196,26,102,4207,2,94,12,18,93,5,29,0,66,50,15,55,202,33,0,30,11,0,25,14,14,0,47,8,0,7,12,4,0,0,35,2981,0,30,73,1,20,16,301,43,31,11,12,153,27,0,190,1,57,97,45,4,3,119,130,163,28,37,76,11,0,4,46,13,45,0,0,20,399,11,11,2,28,0,68,0,75,118,9,117,0,75,3,241,5,78,2,5,0,0,209,114,59,1,104,3,22,1,13,2,112,17,37,28,166,0,0,30,2993,58,29,59,0,14,24,112,98,0,18,10,7,66,62,62,70,46,25,29,77,60,23,98,96,23,95,0,68,0,5,459,23,34,29,9,111,0,139,76,11,19,121,88,8,0,33,91,35,4,10,10,8,16,126,66,0,1,154,5,7,8,2,60,5,43,82,68,53,157,27,368,44,0,44,0,126,59,0,1,55,155,103,3,26,0,0,44,95,5,12,61,90,108,1,0,19,53,109,1,0,34,154,5,13,35,10,354,0,498,12,41,1,99,156,85,122,1,111,25,1,0,159,21,0,23,56,6,4,135,10,32,39,17,84,36,12,54,4,79,24,57,34,2,78,0,46,388,13,20,60,11,33,25,8,22,52,0,108,97,453,1756,5,0,85,2,5,0,4,65,4,7,7,0,1,2,0,0,16,2840,18,17,1,9,9,119,118,0,48,30,0,0,71,21,152,22,126,25,4,16,0,2,2,72,61,3,34,19,5,92,13,384,13,5,45,25,6,18,5,3,21,17,111,14,24,14,57,7,0,2,0,76,218,12,84,119,35,19,0,26,65,213,8,148,90,683,59,44,19,35,20,16,109,614,31,38,16,4,13,101,22,30,0,2,0,14,5,78,8,42,21,5,432,44,0,693,7,28,12,37,0,4,0,4,32,133,66,24,156,11,0,3,2644,0,46,0,11,11,2107,1,26,44,0,38,41,6,0,58,26,54,26,11,86,6,98,0,74,19,6,61,181,20,4,5,95,35,4,31,140,4,14,11,3,18,1,18,140,0,41,63,629,27,17,151,21,11,42,80,4,39,2,16,4,11,25,0,15,18,54,13,4,0,479,308,33,0,33,6,37,0,1,2,129,89,13,67,6,2,1,3,1,86,14
cell_66,0,80,187,91,0,112,47,129,3833,8,30,29,45,88,23,62,33,44,38,11,0,120,29,0,21,24,19,16,50,3,6,75,14,7,11,67,27,1,0,56,2836,2,77,58,10,51,0,235,35,44,5,13,123,51,0,173,10,5,53,25,0,10,21,73,165,27,47,188,5,0,9,31,41,69,0,0,3,200,6,3,0,64,7,10,4,63,88,0,118,3,36,15,259,11,69,2,12,0,65,201,110,44,0,152,12,19,44,27,1,90,23,37,3,88,0,4,26,3137,1,2,20,0,0,22,118,214,0,11,12,3,9,62,63,59,77,0,11,0,57,6,143,163,6,92,0,79,1,16,491,76,0,37,3,96,0,137,54,9,6,98,110,11,2,32,107,14,14,20,7,7,19,126,94,1,1,60,0,14,10,7,101,0,5,30,64,65,156,4,117,10,16,34,2,131,210,0,0,11,97,102,0,147,1,2,63,126,4,7,98,93,23,8,0,29,56,106,10,18,40,42,0,9,79,3,272,4,478,0,13,0,77,96,1,107,1,50,132,0,14,173,11,1,29,146,3,5,109,172,20,13,28,86,87,7,40,23,106,26,58,65,0,83,2,27,420,26,11,59,9,68,39,16,9,27,0,171,56,51,1651,6,10,27,0,8,0,23,16,89,0,3,0,0,4,0,0,9,2,25,16,21,8,21,25,40,0,70,236,25,0,79,53,167,25,56,29,0,26,0,18,0,68,77,0,4,65,5,64,24,383,3,12,14,51,1,18,2,12,9,11,162,1,26,17,212,30,6,18,18,0,372,8,69,51,33,17,0,22,53,217,75,220,110,652,22,87,9,42,6,35,0,646,18,54,0,2,10,50,28,32,0,2,0,96,7,41,13,11,1,40,335,40,0,793,37,24,16,29,0,11,0,0,47,132,100,27,342,16,2,168,2640,0,0,0,20,5,2131,3,0,14,3,45,33,12,0,434,25,56,13,54,25,9,96,0,122,2,13,44,548,0,0,11,137,65,7,96,36,2,6,8,2,0,1,17,107,0,44,27,610,3,0,185,11,21,10,69,46,51,5,11,4,20,35,0,1,112,51,166,3,16,423,444,44,37,34,3,50,1,0,26,81,106,35,39,0,1,4,1,5,41,15
cell_67,0,164,108,178,2,20,25,168,5069,2,118,132,1,29,39,148,12,62,11,28,223,652,66,0,75,5,9,17,16,0,0,56,11,128,1,3,7,0,0,3,1312,41,100,34,0,167,3,209,39,24,38,4,276,48,5,139,1,17,51,13,4,2,11,143,96,13,32,238,56,0,28,56,32,4,0,124,22,392,0,6,30,17,9,31,332,23,94,4,171,11,26,12,198,6,65,33,24,3,12,187,68,69,1,88,6,2,3,16,42,110,21,33,2,50,71,2,4,5597,0,31,11,2,9,24,292,26,0,0,12,0,1,21,40,37,67,18,26,23,51,15,277,148,7,78,1,33,27,8,552,22,1,15,23,37,1,140,49,0,6,25,102,7,1,0,188,2,11,9,17,8,81,77,0,0,1,91,7,9,3,2,83,0,13,28,45,36,350,40,5095,8,9,20,11,169,156,0,15,15,50,88,16,68,6,9,29,121,1,25,62,39,3,0,4,49,112,357,28,5,59,43,2,3,38,49,170,2,681,0,33,5,66,70,14,75,16,18,183,9,5,290,12,0,11,434,1,2,70,169,18,31,50,176,164,16,8,14,239,17,196,41,0,323,4,20,300,46,58,66,15,38,36,12,34,17,2,210,412,151,1975,1,9,27,2,112,0,12,102,143,0,7,0,0,6,0,0,3,0,14,37,16,10,27,52,94,33,60,211,0,0,40,112,93,0,25,20,0,34,0,7,73,35,92,0,15,47,0,28,48,553,10,12,5,8,2,27,3,19,10,5,73,2,17,1,117,17,0,17,0,2,146,14,133,204,90,31,0,11,86,20,68,181,72,250,25,65,0,43,43,10,0,583,29,38,18,5,7,16,42,23,7,10,0,28,6,2,4,6,22,27,83,41,0,134,64,105,9,27,0,3,13,5,66,80,64,99,40,1,0,192,4069,0,2,3,23,9,4450,9,63,55,2,40,100,18,0,400,26,38,16,63,21,2,92,0,76,0,6,47,490,3,0,6,148,65,5,69,82,12,30,2,3,259,3,36,338,5,10,66,434,31,24,174,52,22,48,33,15,139,19,24,19,6,32,0,15,106,6,22,3,131,331,453,15,102,23,2,8,8,0,0,207,41,3,29,3,31,13,7,13,78,10
cell_68,6,91,239,0,55,57,31,39,3959,5,58,22,54,75,52,68,13,66,54,14,47,5,12,0,5,16,22,6,10,13,2,12,8,395,75,0,8,16,0,55,3178,0,54,46,36,74,0,55,17,2,17,4,115,48,30,197,11,12,60,40,0,2,64,49,165,77,31,58,47,1,17,9,4,1,0,275,26,91,0,24,22,72,13,106,183,87,9,13,118,11,73,11,250,41,64,157,5,0,0,239,117,21,0,101,2,28,1,0,6,116,23,39,3,63,128,0,4,3450,61,115,41,46,0,35,24,325,0,7,11,0,12,49,72,37,126,14,31,0,46,12,9,115,4,73,0,74,17,10,450,7,3,5,6,278,12,129,33,5,44,73,30,17,0,33,97,7,4,15,9,11,24,23,7,3,3,150,0,1,14,1,72,3,8,106,2,50,176,1,273,11,15,21,14,125,171,0,6,33,84,88,1,110,2,0,93,107,0,20,89,71,72,0,8,19,45,21,18,0,81,53,0,10,14,44,333,10,471,1,82,0,22,142,6,101,18,72,196,2,0,186,15,6,10,58,0,1,65,29,22,41,28,187,68,57,6,15,87,17,79,73,0,58,7,26,430,11,7,7,20,77,58,24,6,0,0,142,0,499,1569,0,4,17,30,7,1,10,81,53,6,19,0,0,1,0,1,6,2,14,18,15,0,0,26,214,0,73,79,19,0,60,3,141,9,152,38,0,3,0,14,4,58,46,1,1,106,12,32,14,393,1,8,7,14,6,23,4,1,5,3,183,0,11,19,21,34,25,4,8,120,400,5,0,46,47,11,0,43,48,41,65,250,159,719,12,89,0,60,10,19,3,586,14,18,1,8,14,54,50,51,1,11,0,94,10,1,11,42,6,28,92,101,1,393,23,81,4,17,0,3,0,24,58,51,91,37,363,9,6,189,2346,0,137,1,2,12,2155,2,1,11,4,27,10,27,29,161,4,56,14,52,81,16,96,2,62,0,16,52,529,70,0,5,156,38,3,114,18,7,5,44,9,0,1,4,96,6,38,46,851,7,8,221,2,13,41,70,52,29,22,11,0,16,4,3,18,85,71,31,2,12,353,282,14,11,22,4,17,7,0,8,140,113,44,20,3,57,6,6,2,66,20
cell_69,1,19,184,0,4,59,54,125,4420,9,89,19,4,26,51,87,23,51,4,4,63,40,46,0,193,8,11,15,25,8,3,70,0,148,12,0,11,28,0,29,3827,105,119,65,1,52,0,139,15,11,67,6,181,16,8,69,0,0,100,76,1,1,33,42,164,27,29,12,47,1,12,12,40,1,1,393,49,361,0,0,23,35,15,34,168,58,16,5,105,2,84,2,187,23,30,24,13,25,8,231,123,109,0,75,1,11,3,0,3,44,15,44,1,27,222,0,0,3309,10,160,32,0,6,40,129,274,0,2,12,0,23,18,86,50,68,10,34,0,74,42,199,78,28,71,0,76,27,4,385,8,125,31,15,114,4,214,28,0,36,78,45,20,0,0,85,4,8,6,0,3,14,7,1,3,4,28,24,15,0,1,95,0,21,156,54,43,346,43,323,22,6,62,3,32,50,0,36,36,7,86,6,97,6,2,69,85,11,31,48,90,49,0,6,0,87,76,78,1,3,72,7,8,33,17,222,12,566,0,72,2,66,108,0,80,7,26,106,9,2,170,17,0,70,230,0,1,99,68,14,28,14,33,63,10,46,4,13,15,110,62,0,169,4,29,372,20,12,30,15,62,26,24,64,75,0,109,6,387,1660,105,12,22,1,17,3,6,75,62,7,27,0,0,1,0,0,6,6,19,26,8,17,0,63,111,0,35,157,7,0,75,0,68,5,68,17,211,26,0,1,24,54,34,3,8,89,4,61,17,484,3,17,4,11,5,16,12,0,9,18,112,8,4,3,48,0,55,1,36,442,337,12,156,39,48,12,2,27,19,24,76,241,38,595,74,125,0,68,3,8,0,454,9,11,26,2,7,38,16,56,7,13,0,20,20,6,2,54,2,25,387,51,0,34,16,151,5,22,24,4,0,11,73,25,109,23,230,81,2,92,1809,1,78,4,2,5,1860,15,19,19,1,26,7,20,30,109,24,58,63,70,29,42,69,0,114,0,54,41,685,0,0,83,174,55,5,83,78,1,16,16,5,0,1,14,75,1,6,97,904,10,37,91,14,25,43,14,14,48,25,10,17,14,18,10,13,19,6,54,6,36,501,183,47,0,49,10,28,8,0,1,167,109,40,28,4,101,34,2,13,70,12
cell_70,0,73,67,5,18,10,11,71,3874,9,74,4,27,51,59,95,22,59,8,0,76,46,33,0,1,10,0,8,12,0,13,76,2,66,6,0,0,0,0,19,2423,0,67,10,0,52,0,104,8,5,74,16,179,79,12,2,2,5,76,43,0,2,71,50,65,26,22,27,26,0,14,46,6,19,6,47,21,336,0,16,79,67,22,13,219,68,11,9,100,13,45,3,250,23,57,151,10,3,7,245,89,42,14,124,2,22,56,5,3,51,21,54,10,95,0,0,0,3096,0,19,17,4,15,29,15,338,0,23,14,3,3,17,63,39,135,13,26,23,52,13,43,73,15,96,0,92,7,5,353,44,0,17,33,282,8,171,9,0,19,108,84,5,1,16,58,4,0,31,2,0,40,41,9,0,0,66,5,6,0,8,104,2,8,201,49,57,145,41,439,34,2,36,0,71,97,2,15,2,28,96,13,158,10,2,24,93,0,24,81,67,4,0,11,13,30,122,74,23,81,28,0,10,121,93,766,4,617,1,69,0,91,14,0,106,18,24,252,0,1,139,18,3,10,195,0,1,85,268,7,45,23,85,51,2,0,24,34,12,75,62,1,70,4,18,432,82,6,30,23,4,49,6,4,20,0,153,44,216,1628,77,11,1,6,51,0,2,77,124,1,3,1,0,0,3,4,14,1117,18,7,0,21,15,66,187,0,50,161,10,0,56,32,142,0,5,30,7,0,0,40,8,54,79,4,11,259,1,4,86,374,2,7,0,19,2,35,11,3,4,59,152,6,8,5,174,22,16,13,0,336,395,10,156,126,21,21,0,38,31,29,0,192,28,682,30,99,0,42,5,10,7,573,6,42,0,5,7,27,49,37,1,1,0,68,1,6,7,0,1,39,50,63,0,246,24,44,45,19,0,9,5,28,88,51,56,4,207,20,3,156,2471,0,55,0,4,5,2177,19,0,12,13,63,24,19,26,387,27,62,37,58,9,5,73,0,144,0,44,63,771,0,0,13,101,6,20,76,37,0,115,75,1,0,1,3,137,0,10,64,503,2,0,201,4,13,42,45,0,92,37,1,17,20,45,0,15,63,32,89,2,182,512,245,19,0,17,23,41,16,0,0,142,68,18,8,9,22,24,0,17,45,5
cell_71,2,7,141,100,17,93,9,116,2158,2,64,27,26,16,48,29,18,59,22,1,48,20,16,3,74,31,1,5,10,91,4,32,22,57,11,1,2,15,1,1,249,0,56,49,0,67,43,31,6,8,20,7,60,17,21,52,0,19,84,86,0,2,54,27,224,15,47,2,25,0,12,120,8,0,5,198,30,23,0,5,34,95,23,4,82,62,23,11,48,3,38,5,88,67,43,31,2,0,1,345,104,130,3,88,4,44,23,6,2,72,32,44,1,41,79,0,0,1170,77,45,19,0,0,50,30,71,0,12,34,0,2,38,52,30,80,52,37,7,53,21,64,44,7,102,1,24,8,10,153,3,234,32,38,206,15,165,0,0,30,40,22,4,0,52,107,24,16,26,2,0,42,34,11,1,5,73,5,10,2,3,59,4,36,26,8,60,142,25,25,26,1,24,2,4,77,6,26,2,15,73,25,65,16,0,27,55,0,29,69,78,5,0,25,20,60,43,10,6,87,31,33,43,30,35,162,0,159,7,62,5,118,96,23,38,11,28,190,9,2,81,15,22,4,33,3,5,77,39,23,73,19,114,40,12,6,15,90,14,41,43,0,51,2,21,161,11,12,66,9,10,49,15,6,67,10,13,26,242,1592,29,9,7,10,96,0,19,58,81,1,3,0,0,2,0,3,11,0,47,32,10,39,0,22,113,0,43,80,0,2,29,7,93,4,18,36,0,19,0,5,101,68,22,1,7,43,10,102,7,783,2,26,17,21,10,33,28,4,19,25,116,3,10,16,23,3,7,20,21,118,84,10,50,22,10,17,0,50,8,20,29,76,69,300,24,57,4,63,10,26,3,2520,51,126,8,6,20,82,53,31,1,41,16,7,5,9,22,14,28,79,38,40,7,17,30,45,4,64,0,0,0,25,16,11,77,16,77,17,5,9,2337,0,26,0,9,12,3008,6,0,2,2,23,6,51,10,280,23,70,27,34,87,56,62,3,44,0,4,14,108,3,0,70,73,6,3,55,78,1,86,11,1,22,2,19,44,0,1,105,216,5,46,67,2,23,85,5,1,10,20,9,18,13,35,1,25,36,96,21,7,2,267,92,46,4,51,4,25,5,0,0,173,61,22,3,11,45,39,5,10,81,22
cell_72,6,79,171,153,25,134,15,63,3933,2,104,27,0,71,56,74,4,54,53,19,50,9,11,0,90,18,4,13,13,1,4,57,5,149,27,0,4,20,0,18,3293,0,37,94,0,19,0,152,12,43,49,1,128,42,22,220,19,27,78,45,0,0,16,104,131,54,43,139,18,2,6,21,57,2,0,33,18,202,3,5,45,71,9,7,71,64,51,6,129,1,41,1,270,64,45,164,0,2,0,207,119,79,0,58,4,20,10,0,15,102,19,42,7,34,172,0,4,3564,9,33,19,0,1,46,81,161,0,55,12,3,15,29,59,91,115,5,35,51,86,10,24,112,8,100,1,67,28,4,450,19,0,29,0,214,5,168,55,18,12,102,67,7,0,20,118,0,1,22,0,7,16,76,0,20,6,99,0,7,2,2,109,0,26,40,22,63,120,10,255,9,14,31,1,157,164,0,0,7,10,91,2,51,16,1,79,106,11,21,82,65,52,0,13,12,41,36,64,7,54,40,1,10,95,45,263,3,466,4,82,2,112,46,31,99,10,21,191,0,3,80,6,0,22,202,3,10,116,140,24,27,18,188,272,14,29,38,65,17,79,58,0,40,3,10,354,2,31,42,13,24,30,10,8,27,0,164,3,434,1455,78,82,28,1,32,1,23,80,134,0,5,3,0,3,0,0,2,14,26,34,3,20,0,69,136,0,53,53,5,3,63,22,184,20,103,31,0,59,0,0,10,79,9,0,14,4,6,97,16,399,0,29,2,50,11,22,24,1,20,5,141,4,20,15,40,15,10,13,45,368,357,16,161,61,55,22,0,24,33,243,47,204,178,532,52,95,13,41,13,14,0,589,7,42,7,15,3,73,56,28,1,1,4,44,7,19,10,17,4,33,329,87,1,552,13,95,11,21,0,13,0,9,21,47,53,17,339,43,0,109,2239,0,40,0,12,7,2256,8,0,12,9,19,48,64,1,119,21,55,43,35,80,6,146,0,113,5,56,76,525,1,3,39,138,27,0,131,99,1,26,9,0,21,0,4,65,14,19,63,370,8,63,174,6,19,35,47,12,42,13,22,1,15,30,6,29,104,119,78,1,0,364,267,43,73,28,19,24,3,0,0,127,123,50,7,6,0,4,9,3,54,6
cell_73,0,14,146,12,0,49,20,174,5561,2,40,30,112,15,43,63,17,59,16,19,14,31,87,1,180,21,49,2,4,57,1,31,4,1,25,0,5,2,0,108,456,0,61,60,0,86,105,188,46,36,10,5,56,56,0,92,27,18,64,10,0,2,39,17,38,19,33,15,21,8,11,7,72,0,16,16,5,34,0,2,5,69,44,22,224,153,19,53,101,176,254,0,104,18,21,65,7,0,4,470,224,172,4,211,1,115,9,1,0,14,47,36,0,118,0,0,6,8128,22,7,28,10,1,27,77,94,0,2,36,2,30,13,165,56,37,27,38,1,40,28,62,45,16,19,0,142,5,12,33,21,0,11,12,30,3,63,12,0,30,29,86,102,0,26,250,6,13,17,1,6,26,64,165,2,0,7,1,1,0,16,98,0,3,3,67,39,2359,7,155,30,13,36,5,129,92,0,6,3,3,91,0,14,4,6,80,99,0,45,35,144,146,0,2,74,17,63,46,19,111,151,5,15,25,5,73,1,118,0,98,0,57,10,1,114,9,14,6,2,3,196,31,3,0,72,3,5,103,33,12,39,34,112,158,23,0,27,163,13,38,97,0,77,15,46,455,30,14,15,23,13,33,3,58,45,10,16,12,200,1261,34,3,64,0,12,0,18,64,27,6,3,1,0,1,1,13,51,0,48,10,10,0,38,11,134,0,27,68,25,0,86,40,45,45,1,26,1,4,0,2,16,52,76,2,45,324,31,9,3,642,24,7,2,9,3,27,35,4,19,1,23,1,3,19,84,14,0,23,0,103,48,57,207,46,14,67,19,69,73,5,81,86,278,172,1,55,2,35,10,77,5,1279,33,18,7,3,51,87,40,32,3,0,0,44,3,31,21,3,3,43,27,65,1,10,70,158,7,49,7,11,6,1,23,59,115,37,40,5,3,78,3336,1,8,0,3,8,2063,19,36,20,14,33,180,9,27,110,46,65,132,22,26,6,81,5,22,0,3,16,222,0,0,89,116,17,4,90,17,0,12,26,8,14,2,52,32,0,32,78,307,47,2,193,2,24,6,53,32,2,39,58,2,14,38,2,6,232,16,60,7,0,313,44,42,0,115,16,40,15,0,0,106,77,13,54,7,9,13,6,9,7,17
cell_74,9,30,227,58,40,7,41,128,5075,3,30,15,70,30,18,35,9,62,1,16,1,30,69,67,100,17,7,3,5,23,1,69,0,180,6,0,8,1,0,0,486,0,164,53,1,33,0,257,27,15,37,0,73,2,34,102,2,44,33,17,1,1,9,10,52,54,30,24,19,37,23,51,1,31,10,19,27,93,0,4,4,147,36,23,199,137,49,101,73,159,56,36,111,37,10,100,23,145,5,461,214,138,1,106,5,21,46,38,10,19,36,17,2,137,0,3,2,8971,49,39,13,10,0,25,48,65,0,31,34,1,5,36,28,66,24,4,14,0,43,40,35,19,10,22,0,76,20,19,149,19,0,13,29,20,4,117,101,0,14,61,165,12,0,19,291,1,21,13,2,6,52,11,62,0,4,49,15,2,3,1,68,0,6,18,13,24,3430,25,90,15,7,41,7,51,31,0,4,6,27,76,9,6,28,3,60,78,6,8,25,141,121,0,5,3,23,89,54,1,83,111,16,22,22,5,30,0,134,0,102,4,79,5,3,92,30,15,20,9,4,118,11,1,24,46,1,7,81,49,5,17,11,23,15,23,0,27,199,2,70,89,0,69,25,1,415,12,16,26,18,60,19,2,7,8,1,7,98,120,1251,53,56,95,0,10,0,9,13,35,10,1,1,0,14,3,31,52,0,79,27,5,9,16,12,106,0,35,50,0,0,51,13,57,9,9,17,0,37,6,0,5,61,16,9,3,100,12,11,3,648,66,13,16,4,17,24,21,0,7,38,36,2,5,6,16,26,25,12,13,381,40,32,95,34,16,64,19,70,20,22,100,47,130,111,20,181,2,54,16,18,10,1260,1,14,15,6,46,45,28,30,45,0,0,18,3,37,11,9,3,37,53,36,4,245,39,136,11,32,0,2,0,11,62,70,16,1,6,35,10,25,3042,0,6,3,25,6,2016,15,47,67,5,18,25,28,0,105,56,52,230,26,9,64,13,0,29,19,0,30,246,0,6,156,99,10,12,79,22,4,1,12,5,1,0,9,44,0,25,90,254,3,33,107,10,19,43,20,2,3,47,43,1,20,52,1,9,241,43,65,5,87,295,38,52,18,89,35,28,37,0,0,84,94,33,7,3,66,22,4,7,28,10
cell_75,0,3,306,24,24,124,4,146,4689,6,19,71,50,21,9,32,1,49,10,30,75,87,62,0,147,16,12,8,12,4,0,66,22,168,5,0,15,1,0,1,1431,0,237,81,3,75,15,203,33,55,4,7,187,14,3,42,0,25,28,62,2,1,14,186,59,83,39,26,15,15,4,31,29,3,5,16,22,127,0,10,49,81,32,4,36,92,17,8,83,60,169,2,154,8,17,49,16,31,1,438,141,150,1,119,2,6,4,0,1,12,17,26,1,22,133,0,18,8155,71,42,15,0,0,53,51,61,0,116,20,0,32,21,142,21,48,44,15,30,41,28,33,190,0,39,11,123,5,30,422,30,82,22,24,20,7,112,28,0,21,51,108,18,0,2,149,1,2,5,18,2,90,29,3,2,1,88,4,0,0,6,97,1,15,54,4,52,725,53,373,12,19,29,7,22,179,0,28,13,20,103,7,54,4,1,13,90,3,22,40,91,56,0,5,10,32,43,33,19,57,118,9,5,9,7,80,0,217,0,41,4,74,27,13,131,18,14,69,0,1,314,11,18,0,274,0,7,155,12,6,40,35,45,283,24,0,28,64,9,30,78,0,173,6,51,620,25,5,58,1,16,43,11,16,7,1,6,106,39,1626,33,69,38,15,9,1,17,26,70,0,20,1,0,13,0,30,10,0,33,64,2,28,0,7,42,0,31,123,0,3,81,70,68,50,52,18,0,39,0,2,35,90,29,32,12,28,6,59,33,499,27,22,1,10,13,13,6,1,4,1,78,0,4,14,15,1,14,19,7,649,127,31,143,10,5,16,0,37,150,125,134,105,351,370,120,81,3,87,9,67,7,1125,35,6,2,6,8,89,10,30,43,0,1,8,1,5,6,0,9,32,268,117,0,158,35,159,23,30,0,3,1,4,57,55,104,14,57,34,5,29,2210,4,100,7,31,14,1908,7,14,5,0,44,51,10,0,95,66,62,150,0,8,8,156,0,22,6,1,9,222,8,0,53,197,26,8,55,70,2,22,3,2,195,3,13,156,0,62,89,356,5,20,191,7,9,14,175,39,48,4,22,5,5,79,17,13,187,117,120,6,105,266,250,80,2,40,1,56,25,0,2,54,140,36,7,4,26,7,14,7,51,20
cell_76,6,21,136,10,0,32,14,147,8926,3,24,33,27,176,32,14,3,66,32,4,0,102,84,0,0,14,38,5,5,16,0,105,6,110,4,6,13,0,0,0,498,0,453,67,0,98,0,172,30,24,8,10,121,46,6,6,0,15,62,59,3,1,20,68,47,53,50,52,3,0,22,11,1,6,0,0,8,96,0,0,3,216,11,4,295,194,45,39,71,17,287,7,102,5,13,12,6,7,7,500,204,95,0,382,3,14,32,47,7,40,27,25,0,155,66,0,1,28008,82,39,22,1,0,60,120,74,0,9,24,6,1,22,187,75,17,39,13,13,84,61,29,90,16,30,1,29,1,7,115,44,85,20,1,11,0,225,120,58,46,57,154,42,0,49,142,4,6,2,11,7,15,58,23,5,0,46,0,4,2,3,84,1,11,144,39,38,1705,42,200,4,1,49,3,92,53,0,22,20,0,87,4,20,11,4,38,92,0,10,39,156,38,5,0,12,10,44,25,1,38,128,12,21,4,1,45,2,128,0,50,0,56,37,3,115,0,12,80,13,18,284,12,5,70,82,2,2,121,28,11,46,20,149,192,50,0,29,119,27,61,57,0,183,41,34,430,88,4,20,18,82,42,8,103,53,0,28,7,231,1382,1,15,45,0,7,1,21,39,17,2,8,0,0,0,0,0,32,0,37,34,6,3,59,73,98,0,29,43,0,0,63,8,43,142,27,20,0,19,0,1,0,96,41,2,3,297,20,27,11,422,3,8,4,1,8,25,12,1,20,38,33,0,2,11,45,4,49,8,15,554,129,2,221,35,21,32,0,39,12,193,108,82,221,186,81,123,2,99,20,88,5,1456,21,6,3,8,5,13,6,37,36,5,10,10,2,29,30,0,10,30,63,93,7,92,33,91,16,31,3,2,1,9,40,75,102,7,15,40,0,49,2462,0,77,4,27,12,1720,11,97,59,0,49,175,8,0,25,77,38,125,23,51,15,76,0,45,4,3,3,178,0,0,83,190,58,1,81,27,7,0,2,5,0,0,40,92,0,66,9,414,31,43,381,13,26,48,3,0,120,43,6,3,7,54,2,4,99,119,91,1,37,370,134,67,11,176,2,34,2,0,0,36,214,33,10,1,20,4,1,16,16,15
cell_77,1,5,195,0,12,55,53,138,8926,1,10,25,118,50,35,30,3,55,10,24,88,84,46,0,7,19,33,0,1,56,0,121,15,124,88,0,2,0,0,61,955,0,585,19,0,85,2,40,9,49,19,11,89,70,0,97,4,5,58,31,0,10,64,15,47,31,52,36,6,1,8,67,25,14,0,0,3,303,0,6,0,153,17,5,381,148,46,15,87,14,19,24,116,9,10,137,21,0,3,506,208,54,0,408,9,40,0,1,6,13,19,22,1,48,0,0,2,27270,0,5,22,0,0,5,367,113,0,12,14,3,61,4,180,84,29,53,31,0,86,85,38,128,1,26,0,80,5,6,216,40,0,20,19,31,13,244,25,2,44,90,40,64,0,76,173,12,2,11,30,1,75,9,196,0,0,3,0,8,1,8,89,0,4,81,32,39,1681,50,30,9,15,45,0,125,100,0,6,10,0,118,7,22,0,1,35,67,0,27,32,182,74,0,2,28,21,34,63,21,57,2,9,7,7,37,184,0,147,0,88,4,62,45,19,149,26,23,8,1,5,309,19,3,42,139,5,4,151,102,16,44,23,99,196,20,0,10,73,5,46,60,0,172,2,19,436,64,3,19,1,42,30,30,83,13,0,21,2,292,1324,84,18,148,2,8,0,22,53,16,7,0,1,0,0,0,20,18,0,35,9,1,10,69,42,73,0,23,74,0,0,78,0,48,174,1,25,1,34,0,0,1,86,70,0,37,96,6,44,6,453,1,7,0,26,19,19,17,5,6,17,37,5,11,35,71,56,1,0,0,419,77,1,19,29,50,33,1,32,5,49,33,99,243,134,118,152,0,68,67,5,7,1508,21,26,1,6,11,110,39,19,7,0,9,14,0,30,8,0,10,39,90,145,6,97,42,164,11,26,0,11,0,0,66,66,102,36,157,18,5,35,2369,13,40,0,5,12,1634,1,0,12,1,32,159,4,0,53,85,40,238,10,47,39,174,0,73,0,0,42,560,0,0,87,183,33,14,93,47,9,17,15,4,0,2,2,72,0,185,69,430,11,7,348,5,22,62,33,23,106,54,10,10,10,57,1,8,333,122,75,0,0,335,105,48,151,91,3,137,9,0,0,40,132,28,8,11,7,21,1,19,28,10
cell_78,2,17,378,187,31,24,20,49,4627,10,35,6,19,10,9,28,2,11,1,3,5,22,93,0,0,22,0,2,6,5,0,107,0,108,6,13,13,0,1,9,1574,0,54,56,0,135,0,60,62,11,1,4,202,32,2,9,1,5,27,19,1,3,48,112,32,25,32,101,59,21,13,14,4,4,48,198,71,64,0,6,45,80,39,13,264,76,38,17,95,38,100,17,173,28,16,6,16,0,7,443,74,138,0,259,0,53,74,124,0,93,18,36,14,136,0,0,0,9662,280,28,9,3,0,38,96,146,0,5,23,0,0,45,136,70,57,12,17,39,62,18,98,32,34,49,7,100,9,3,374,14,0,3,51,27,2,140,66,0,3,60,137,4,5,1,198,21,0,7,0,3,28,58,215,1,0,13,0,2,32,9,70,6,16,309,52,36,755,78,114,19,39,35,0,43,48,1,58,14,31,85,2,23,1,6,4,60,1,3,37,45,2,1,6,12,29,45,13,0,70,52,3,22,47,27,336,1,195,1,23,4,62,40,1,118,0,1,61,14,5,313,12,0,42,42,2,0,113,117,7,43,18,123,217,13,6,14,77,13,47,84,2,414,20,6,527,9,16,19,21,45,11,11,21,2,0,21,98,196,1565,44,66,72,4,34,2,23,18,18,1,18,0,1,6,8,1,7,213,26,59,5,16,15,147,34,6,23,87,20,0,31,66,56,27,161,18,0,11,20,12,7,111,55,39,5,129,9,6,17,505,76,20,0,14,4,17,26,7,6,8,66,15,0,10,55,0,5,23,50,95,107,10,208,29,24,31,0,21,65,132,147,124,271,436,84,26,1,99,24,0,18,1155,68,4,1,13,26,20,25,47,2,14,0,18,0,11,20,1,29,29,240,7,0,331,27,51,5,34,0,3,3,4,107,154,75,37,31,15,1,80,1921,7,97,2,10,4,2100,4,70,39,17,56,14,27,5,151,50,79,64,12,4,16,121,1,47,9,3,22,186,8,11,21,122,17,3,51,49,3,5,14,8,881,2,33,190,0,45,48,213,12,13,223,0,26,3,42,0,159,19,70,2,12,75,4,5,2,135,63,1,0,302,182,75,50,61,12,36,11,0,1,27,138,6,12,4,0,11,0,4,27,9
cell_79,0,6,112,20,0,85,3,122,5986,8,9,8,0,20,32,26,3,42,3,0,9,68,88,0,4,9,23,9,0,50,0,102,18,13,7,1,23,3,0,16,397,0,169,31,16,65,24,71,78,10,11,14,36,16,0,60,0,54,50,62,0,8,12,1,34,52,26,55,14,79,13,3,25,0,0,9,26,74,0,1,9,176,33,5,181,207,11,28,90,46,71,43,107,0,15,16,0,19,25,466,201,118,1,207,0,59,7,53,1,28,18,32,0,144,0,0,0,8359,230,5,4,2,1,44,137,48,0,37,38,7,3,28,191,31,31,12,19,6,66,33,157,87,6,31,1,8,14,3,166,82,0,24,28,7,10,177,107,0,35,14,171,27,1,43,212,0,0,13,6,7,87,79,18,1,1,57,6,6,12,17,71,5,0,88,4,42,3423,35,171,39,8,48,0,37,59,0,0,2,26,67,0,10,13,4,69,97,4,11,31,112,2,0,5,31,20,74,51,18,76,143,6,24,19,33,100,3,111,2,90,0,82,39,27,90,8,5,36,13,4,182,13,2,60,168,0,4,96,2,6,23,12,87,140,3,7,4,165,49,61,39,0,73,14,8,432,54,17,27,18,34,35,4,113,87,1,13,99,92,1379,37,36,43,0,76,2,18,64,36,1,5,0,0,0,0,1,29,0,61,36,4,14,26,40,108,0,34,84,0,0,43,0,63,17,28,21,10,55,0,0,98,59,13,0,18,4,42,29,2,602,21,17,1,4,13,24,24,0,9,17,48,117,1,2,46,125,14,1,11,351,64,53,111,32,29,44,0,52,51,3,119,42,39,106,89,80,0,89,4,40,0,1371,65,58,3,3,12,9,39,32,68,12,1,33,5,4,12,2,0,40,12,8,0,7,30,147,7,45,0,1,11,6,9,20,118,28,8,14,5,56,3346,0,17,0,18,0,2021,16,9,22,0,18,55,3,20,38,76,60,284,21,21,147,39,0,57,20,3,7,51,0,0,35,140,9,1,84,32,4,9,12,4,9,0,8,40,0,22,77,230,10,11,192,9,32,72,87,2,180,29,26,12,7,53,0,18,10,79,105,2,51,256,46,16,8,89,9,9,17,0,1,18,19,17,20,1,73,15,0,16,36,8
cell_80,1,4,236,0,50,11,1,162,5294,0,19,3,46,35,27,69,18,49,11,9,19,16,95,0,0,19,23,5,11,17,1,83,2,126,10,0,10,3,0,80,378,0,264,13,0,52,2,134,27,83,4,5,71,44,2,70,0,4,44,80,0,1,4,38,45,56,37,22,75,4,4,15,7,26,4,23,15,264,0,2,9,204,23,2,202,192,65,20,107,8,87,38,85,8,19,34,1,84,0,473,183,115,1,195,2,80,50,0,6,31,28,42,0,110,0,6,2,8199,105,30,35,0,0,39,66,15,0,0,31,1,0,24,173,73,29,24,40,0,71,40,138,44,23,13,11,75,8,66,80,14,0,18,1,25,6,149,31,0,18,53,173,57,0,0,277,0,20,15,0,2,40,29,26,1,0,57,1,0,0,5,105,2,46,37,37,10,3722,34,68,25,15,38,1,45,68,0,1,19,0,84,9,21,40,4,28,97,0,46,34,131,17,2,1,0,14,93,6,30,76,145,1,39,33,12,67,0,132,0,37,4,49,33,26,116,11,11,35,6,15,126,21,2,34,95,11,10,103,41,21,57,20,83,103,47,10,11,215,33,58,50,1,62,14,3,450,28,8,29,13,23,35,4,131,69,0,10,110,102,1506,39,38,46,0,2,0,9,43,43,3,4,2,0,72,0,15,52,0,53,20,9,31,52,13,103,4,25,22,3,0,62,12,52,94,0,22,3,30,0,1,0,71,37,0,6,77,4,22,0,600,5,15,0,25,3,15,21,3,22,8,23,0,17,1,66,32,51,12,19,231,65,21,208,27,32,54,0,92,42,113,155,33,352,69,121,196,3,49,34,48,0,1300,73,22,0,8,29,40,2,37,61,2,2,48,0,53,8,8,5,37,68,23,2,26,53,158,3,30,1,44,16,9,14,33,90,4,141,19,3,9,3366,0,0,3,4,18,2014,20,2,12,23,82,186,9,50,134,53,56,286,4,1,19,169,3,47,5,0,11,72,18,0,146,96,69,2,70,27,8,18,8,15,3,4,23,36,0,3,31,258,1,33,197,4,9,91,19,33,112,26,41,0,21,45,8,2,117,64,150,15,1,337,45,65,22,100,0,45,0,0,0,95,144,8,42,2,88,3,0,3,26,4
cell_81,1,68,261,27,97,31,20,174,4068,21,51,21,62,117,12,76,10,67,18,0,40,48,32,0,58,22,14,5,32,2,1,69,17,71,0,14,0,1,0,15,3219,0,73,65,0,55,0,139,27,2,11,25,118,19,55,149,16,22,57,9,0,11,3,115,179,95,31,215,72,9,9,22,31,16,0,912,10,65,0,9,35,65,24,24,176,85,63,9,99,8,38,15,220,1,66,64,9,0,7,217,76,54,3,14,1,11,16,2,1,115,18,38,11,113,0,1,0,3496,43,76,27,7,0,40,45,277,0,20,12,0,4,64,36,27,106,1,0,50,60,5,46,83,62,82,0,20,25,23,448,77,16,1,25,127,48,142,41,6,19,164,129,15,0,0,97,0,5,6,14,14,34,52,2,0,1,113,4,3,0,3,102,4,34,129,9,37,144,7,463,15,64,29,6,118,189,0,3,12,16,102,12,37,0,14,24,105,15,16,25,75,18,1,1,22,57,92,14,9,80,20,5,13,104,79,106,37,543,1,62,2,76,167,10,62,25,22,62,5,8,124,6,1,24,37,0,3,88,240,65,15,32,138,40,12,28,36,83,15,77,50,0,53,3,3,362,38,7,44,13,88,40,50,30,3,0,67,25,272,1653,17,0,0,2,16,7,14,92,122,1,36,0,0,11,10,0,18,5,15,35,3,6,0,104,139,0,44,131,2,0,71,11,160,18,135,19,0,89,1,13,20,74,72,7,6,38,8,56,92,399,9,3,3,4,2,20,10,0,1,7,171,0,13,7,46,17,30,7,26,0,264,13,13,72,47,19,0,30,4,105,29,171,118,680,26,87,3,34,33,23,0,590,46,49,10,15,21,26,22,27,0,9,0,69,3,0,2,0,8,26,360,16,3,692,10,65,57,18,0,7,0,3,73,75,87,13,269,8,0,193,2328,1,4,0,8,4,2187,4,23,2,25,30,46,17,2,446,21,64,25,52,4,6,76,0,135,10,4,21,451,1,18,19,134,27,6,57,66,21,9,8,2,26,0,12,116,4,30,24,736,13,106,45,46,16,74,113,26,45,18,28,1,26,29,0,1,103,92,57,0,62,548,374,45,3,14,8,49,4,10,0,130,62,37,54,0,0,10,7,0,80,20
cell_82,0,96,231,195,88,34,36,140,4248,10,79,29,14,61,29,66,25,59,22,6,2,124,15,7,119,19,7,11,10,4,3,35,13,70,3,2,17,5,0,60,3218,42,159,67,0,63,0,227,37,5,27,7,39,24,33,69,0,8,18,69,0,3,3,24,176,54,37,176,44,4,3,28,11,6,0,464,30,184,0,7,32,67,5,24,89,38,79,7,99,3,10,0,252,30,46,15,12,0,2,219,108,58,1,49,2,19,5,11,1,45,23,43,0,106,0,0,2,3717,2,70,4,32,5,36,57,178,0,0,13,0,19,54,39,31,84,2,1,2,49,12,156,64,23,106,0,25,16,3,454,34,50,24,20,59,0,156,3,21,1,84,101,7,0,14,106,0,52,29,0,3,18,28,23,4,0,96,214,3,1,2,89,4,3,6,45,47,147,19,206,33,13,38,8,49,49,0,0,25,214,97,5,161,32,15,45,86,5,28,34,71,32,0,7,15,55,67,19,27,42,138,3,16,76,28,633,19,456,8,41,0,84,83,69,46,7,9,15,4,3,171,11,0,24,56,2,2,93,41,13,30,21,159,72,15,14,24,104,19,86,34,0,79,0,25,369,29,21,10,9,90,31,20,10,73,1,159,9,544,1640,0,1,6,0,50,2,18,97,59,1,47,0,0,1,2,0,5,5,24,15,2,13,11,38,156,0,73,142,5,0,50,3,134,5,154,30,9,4,0,12,12,77,74,0,42,79,11,17,34,410,63,52,3,3,10,25,0,10,11,8,204,111,4,0,158,15,14,3,4,78,277,1,48,32,12,13,0,38,31,50,61,183,119,656,68,31,9,32,59,3,23,581,15,3,6,7,17,6,18,34,0,0,1,96,0,3,5,0,1,9,282,3,0,683,6,91,7,15,0,7,25,3,77,71,76,1,9,53,1,51,2218,0,5,1,0,33,2187,0,146,35,27,24,22,17,0,507,23,70,42,4,20,6,47,0,122,0,42,48,552,0,5,67,137,21,9,102,28,9,14,56,4,99,3,8,107,10,9,41,494,6,21,149,42,19,45,62,14,87,16,2,3,11,25,0,14,5,86,52,0,32,369,358,20,0,8,8,7,2,0,0,144,129,24,12,7,69,6,0,7,61,11
cell_83,0,46,323,0,50,256,13,31,3792,10,55,4,19,74,50,7,6,55,7,0,27,213,20,0,0,26,15,28,25,6,3,17,13,131,1,0,7,6,0,0,3219,0,83,81,0,16,8,217,25,12,64,13,132,4,39,191,0,49,29,54,1,0,14,98,171,36,21,201,41,0,4,34,0,6,162,634,41,589,0,1,1,26,9,46,48,82,8,0,116,4,59,8,234,4,55,40,4,7,8,211,93,57,2,55,0,12,24,0,1,31,23,33,10,79,0,4,1,3597,43,73,54,4,14,16,43,58,0,6,12,3,21,18,78,51,103,17,44,86,74,4,64,100,0,98,0,86,13,6,419,12,0,24,1,177,11,145,20,0,8,64,86,7,1,111,77,0,3,30,0,10,20,27,15,2,2,54,105,10,1,1,103,8,13,124,9,39,149,55,382,15,57,29,6,120,88,0,6,64,44,21,1,41,40,1,61,85,24,26,24,65,29,1,13,2,35,34,78,7,63,272,8,10,24,9,556,1,520,20,75,4,68,68,88,99,19,14,73,2,0,10,17,14,21,447,3,0,104,5,18,27,23,46,130,36,31,21,94,13,81,66,0,63,7,37,352,9,5,32,8,1,10,47,17,131,0,147,76,430,1735,13,50,11,22,8,1,10,78,132,2,11,3,0,0,7,0,14,110,24,15,8,15,0,73,147,0,56,40,8,0,35,0,80,23,337,11,50,43,0,4,28,51,12,0,30,58,3,24,6,393,67,32,6,56,5,16,5,0,4,1,174,12,14,6,3,0,12,3,3,44,351,81,25,71,8,14,14,30,2,108,59,205,61,173,60,44,9,69,27,6,0,618,20,20,1,7,9,37,9,53,4,1,0,23,10,46,7,0,17,41,332,27,3,664,19,94,10,29,0,3,5,10,25,64,36,30,78,51,1,145,2353,0,188,8,13,27,2146,8,0,9,14,57,21,9,0,328,21,21,56,45,84,50,119,0,18,28,106,72,82,10,2,45,109,31,13,71,92,1,3,30,0,182,0,5,110,11,34,67,141,39,70,193,19,23,8,120,12,29,6,32,5,0,30,4,27,28,51,22,1,38,448,330,34,4,49,7,11,2,0,3,57,96,28,2,4,23,10,0,4,62,5
cell_84,0,31,212,72,39,43,85,76,3900,5,19,35,53,101,3,31,1,75,60,2,7,175,43,0,61,8,1,5,23,6,1,68,3,7,0,29,5,0,0,0,883,81,63,148,1,35,28,116,37,40,76,29,114,7,4,211,17,5,59,32,0,2,34,12,121,29,20,157,57,14,28,0,3,21,0,542,20,79,0,49,14,53,6,23,2,74,68,7,113,10,48,8,149,4,81,142,0,0,14,305,59,71,2,145,5,24,21,5,6,146,21,34,0,44,0,0,9,5998,25,29,23,0,13,31,51,271,0,8,15,0,2,40,50,47,103,1,52,59,75,38,162,123,9,95,0,27,1,36,329,58,17,17,12,125,32,160,13,0,13,55,121,0,0,84,201,3,6,36,16,1,32,90,74,0,0,82,118,6,4,28,92,3,31,32,45,63,60,3,224,41,0,25,1,39,174,0,0,1,75,113,0,79,13,2,22,53,19,6,81,90,1,0,1,50,43,51,22,3,32,19,6,8,77,56,470,0,187,4,78,3,157,142,24,108,0,37,29,0,1,183,4,19,25,91,1,5,108,29,38,38,31,58,46,18,10,40,42,16,40,87,0,147,5,57,464,24,10,42,5,64,55,22,40,31,0,65,65,390,1947,35,9,5,1,10,0,6,46,112,7,0,2,0,8,0,0,13,0,33,17,12,3,8,92,260,0,36,35,0,0,30,47,85,18,340,41,0,43,2,16,2,77,62,15,13,33,5,83,0,540,17,6,10,7,7,27,30,0,10,34,132,6,30,5,57,7,0,16,19,379,139,0,155,40,99,14,0,22,58,137,71,121,206,703,6,88,2,121,13,22,36,1243,0,29,29,7,30,39,13,17,0,13,0,37,1,34,23,32,8,31,148,45,1,927,26,19,8,22,0,2,0,11,25,123,22,10,37,4,2,58,1870,0,74,0,16,3,1390,1,234,13,3,59,61,1,8,132,36,79,25,33,54,9,76,0,104,13,5,37,75,0,1,5,179,18,4,144,64,4,0,43,1,18,0,24,65,0,28,53,171,1,10,141,5,25,47,47,29,20,0,12,6,31,33,0,3,26,168,30,12,82,164,116,61,0,19,14,15,9,0,1,123,102,19,5,0,9,0,0,9,28,19
cell_85,1,89,142,6,1,5,82,147,4199,9,110,53,5,10,28,123,25,80,30,19,8,16,35,0,175,20,12,4,11,4,3,77,0,364,18,0,4,19,0,37,3812,0,93,52,0,21,6,192,12,2,42,29,183,21,13,171,3,6,55,34,2,3,33,37,127,96,29,20,85,5,10,66,105,6,0,138,41,59,50,0,21,28,16,59,79,71,13,20,84,9,63,0,188,38,38,21,17,11,1,222,104,94,5,45,3,36,4,12,4,66,19,31,0,39,3,0,2,2923,6,155,25,3,2,15,140,308,0,10,16,0,8,16,57,63,59,11,13,0,60,45,1,185,17,55,4,224,20,23,329,15,4,0,24,141,3,202,36,1,25,69,44,17,1,5,68,4,0,29,7,5,26,0,10,0,0,183,11,0,0,3,133,1,2,51,46,66,310,8,306,5,7,54,3,70,169,0,4,22,0,94,16,28,5,2,63,123,12,18,48,97,131,0,0,4,66,72,50,4,62,73,2,14,68,15,65,51,760,3,71,0,55,32,0,105,18,8,157,0,7,158,13,0,43,234,0,0,78,60,17,34,16,108,69,62,20,48,92,23,78,49,0,69,1,54,398,12,13,44,2,83,40,11,8,0,0,93,0,478,1584,76,5,1,4,8,1,12,79,69,0,18,0,0,13,0,1,22,0,24,6,7,0,0,21,75,0,66,237,4,0,32,2,87,10,85,4,0,24,0,0,0,66,70,1,22,196,1,44,119,419,7,15,7,5,3,24,4,1,18,6,118,0,9,8,119,10,94,6,3,489,371,9,12,1,7,13,0,44,16,18,73,54,78,851,69,95,11,53,11,44,2,527,35,14,5,10,29,103,43,18,7,3,0,22,3,1,3,0,9,35,426,119,0,471,11,167,5,27,4,35,0,5,116,77,87,0,357,22,3,176,2235,1,32,1,4,27,1836,11,3,34,10,45,12,14,23,310,12,67,37,55,21,3,49,1,82,0,27,42,880,6,0,63,145,42,1,37,69,3,16,42,1,0,0,4,127,1,30,75,1184,5,111,111,13,17,73,115,31,10,16,17,2,8,42,2,9,9,41,80,0,46,468,403,47,2,57,16,7,3,0,0,178,80,27,19,1,60,33,19,4,80,18
cell_86,0,41,278,91,29,59,61,138,2630,1,63,42,26,13,28,53,20,59,25,0,24,28,31,0,21,36,14,9,5,12,2,56,7,187,10,0,11,14,0,63,1142,0,179,16,0,88,2,75,29,34,10,5,134,104,6,137,1,3,46,42,0,1,19,11,134,22,46,111,6,5,39,28,13,1,0,6,43,219,0,2,5,81,18,24,255,50,85,0,116,5,63,24,118,34,25,44,3,0,11,290,146,130,4,128,4,37,25,0,10,61,21,39,4,86,0,12,10,4111,3,15,31,19,0,29,89,223,0,16,24,0,8,50,83,46,46,44,35,8,75,5,51,117,2,132,7,64,34,2,221,5,62,31,7,166,11,146,64,1,21,30,167,11,0,29,172,17,20,14,0,19,47,106,40,5,6,11,0,11,0,2,94,2,0,77,58,34,300,19,150,7,5,19,8,67,132,0,0,5,80,87,0,93,0,0,62,54,3,37,62,73,72,1,4,66,45,53,29,23,87,93,1,11,34,48,384,28,185,2,53,2,101,81,2,95,5,41,21,0,1,126,14,5,4,50,2,1,67,39,13,11,14,130,66,8,3,23,149,16,47,65,0,143,11,6,381,16,16,21,16,0,43,21,10,63,1,18,65,102,1591,85,2,46,0,1,0,25,19,77,5,24,0,0,16,0,0,20,0,33,11,4,23,22,18,147,0,40,131,18,0,73,53,115,11,42,26,0,0,0,3,7,67,77,42,2,238,38,62,0,759,28,22,0,22,0,24,3,1,12,14,101,2,32,17,86,35,4,2,27,290,127,10,179,8,11,19,0,39,55,28,33,96,258,560,3,120,3,36,5,29,1,1248,25,43,75,12,25,20,44,31,2,3,8,43,7,29,13,9,1,36,135,23,5,22,35,73,8,39,0,20,0,3,63,52,101,24,230,14,6,32,1738,1,0,0,1,3,1756,4,27,18,20,34,30,35,20,471,33,68,45,37,22,23,94,1,150,20,4,10,234,10,2,122,133,31,6,97,18,4,32,20,3,30,4,20,57,0,38,25,434,10,1,137,3,11,20,105,5,21,31,9,2,23,46,14,19,126,27,39,8,24,385,132,70,17,39,5,61,8,0,6,358,77,16,11,3,107,7,0,4,82,27
cell_87,0,54,222,1,56,225,19,13,5422,1,120,4,5,18,19,47,6,85,52,3,17,81,24,0,0,20,2,9,0,3,1,67,24,185,4,3,3,1,0,0,8269,0,128,68,0,79,0,77,4,76,70,3,146,23,2,97,0,44,14,75,0,0,80,143,163,28,13,72,13,4,10,0,0,3,0,12,41,141,0,5,58,100,9,24,721,156,19,8,62,7,67,1,216,6,22,4,2,12,2,153,96,220,0,467,11,34,9,0,4,62,38,32,7,28,3,0,0,3490,0,34,8,0,3,47,53,294,0,108,8,3,22,65,101,54,41,3,38,0,87,122,22,62,17,65,0,924,3,46,441,14,0,28,33,124,6,311,87,0,17,102,87,10,0,140,49,15,1,24,17,6,41,73,0,0,0,35,14,9,0,2,21,0,9,267,23,93,966,91,291,35,4,98,0,64,60,0,0,12,29,69,2,31,3,2,43,105,10,25,70,108,75,4,8,2,37,90,90,0,52,101,1,6,7,54,307,2,492,0,131,3,86,32,23,53,10,41,209,1,1,209,8,10,5,103,2,6,227,23,23,43,16,136,26,15,6,9,210,11,67,123,0,72,5,26,184,18,7,26,18,60,47,23,147,4,0,26,164,628,1532,265,9,8,0,19,0,6,82,127,0,1,1,0,0,12,0,19,1,16,56,14,7,0,130,307,0,43,840,0,0,46,0,16,37,78,23,1,17,0,1,42,73,49,0,85,162,2,12,43,286,19,29,9,12,4,19,40,8,6,65,115,2,13,9,31,13,8,3,41,85,286,11,146,104,36,10,14,107,27,20,78,114,112,1031,39,151,3,58,10,17,0,480,6,191,29,4,14,40,37,25,0,6,0,0,4,17,7,3,2,32,429,68,0,152,10,144,20,40,0,8,0,17,121,39,102,21,81,89,0,57,1254,0,4,7,6,7,582,5,0,6,1,22,3,24,0,431,35,45,242,56,7,27,95,1,142,0,4,23,224,0,0,3,143,48,3,32,20,4,66,0,1,0,2,9,28,1,33,56,472,9,32,47,13,23,30,14,7,41,26,75,6,14,25,0,7,102,174,225,0,0,248,67,52,0,55,1,1,2,0,0,109,56,387,10,5,6,51,2,7,85,26
cell_88,2,110,283,6,0,67,16,135,3798,6,90,17,0,19,64,43,6,58,53,10,15,32,59,0,110,18,19,0,18,0,0,65,5,285,49,11,9,2,0,17,3856,0,6,58,0,48,103,20,24,10,15,1,112,11,3,181,0,56,75,55,2,0,92,64,209,29,23,85,9,4,7,0,50,0,9,5,25,75,24,5,187,48,5,10,291,87,37,3,120,5,29,7,260,5,64,8,12,0,1,237,96,62,2,166,1,4,60,6,4,111,18,27,0,56,0,0,0,3455,26,78,13,19,0,45,58,256,0,12,15,6,2,28,34,90,132,40,42,10,67,19,112,59,0,79,8,56,2,2,350,20,11,18,22,113,0,148,39,2,42,109,96,16,0,197,118,11,5,29,14,5,12,89,40,0,0,119,1,3,56,17,96,0,18,46,51,57,136,24,240,11,1,31,3,25,96,1,2,0,145,89,18,109,3,4,11,69,0,9,95,78,15,0,6,20,43,137,7,0,37,51,2,6,8,87,151,6,522,0,72,2,95,131,12,98,21,13,219,2,5,163,21,2,0,83,6,4,105,51,12,29,18,152,216,30,0,18,57,15,81,54,1,70,0,24,354,30,29,35,14,52,25,4,14,34,1,178,35,387,1495,25,50,27,6,62,0,21,65,46,1,8,0,0,0,0,0,22,0,24,6,1,15,4,107,80,0,68,140,8,0,62,20,161,13,234,43,0,22,0,5,12,65,69,3,2,8,2,13,45,403,2,29,21,17,5,23,4,1,4,11,148,9,7,19,43,23,1,1,10,303,358,0,156,41,21,9,0,18,19,18,65,255,62,726,37,83,0,48,3,18,80,619,31,26,1,13,17,45,43,46,0,8,0,30,17,8,28,8,8,41,258,59,0,144,27,73,11,12,3,5,0,4,15,137,74,2,59,7,0,37,2446,0,0,2,6,8,2126,11,3,1,0,16,66,15,0,75,27,70,50,58,29,1,33,0,98,0,18,66,558,9,0,20,66,37,2,101,30,10,76,15,0,607,4,24,98,0,1,60,895,7,75,199,16,20,47,13,4,87,17,10,15,18,19,4,14,61,82,68,1,238,416,311,31,9,12,1,9,2,0,3,107,107,9,52,2,46,7,3,10,30,13
cell_89,5,159,179,0,15,3,64,195,5419,0,87,38,25,160,52,33,19,63,8,10,18,359,26,17,0,2,12,12,70,0,1,57,14,77,2,1,27,2,0,0,3506,0,42,19,0,114,24,301,59,5,50,35,261,19,3,31,2,24,38,28,2,0,32,6,107,20,33,549,22,0,5,17,5,5,19,319,23,384,0,9,124,40,34,11,193,39,82,12,132,4,51,5,218,13,56,58,8,5,2,181,91,51,38,147,13,17,35,3,8,111,13,32,2,118,18,0,0,5171,19,28,23,2,7,25,100,192,1,4,8,0,5,29,48,80,117,9,27,0,51,35,134,126,46,62,3,23,2,2,641,73,0,7,3,63,16,109,15,0,18,19,107,7,0,3,126,4,4,30,2,8,36,53,6,0,16,124,23,3,6,5,137,0,10,64,76,65,202,36,368,19,2,23,3,114,181,0,15,1,35,122,2,189,12,3,19,67,0,9,75,58,24,0,0,27,84,220,17,27,37,97,0,16,32,18,276,22,893,0,52,0,97,64,0,20,3,41,270,4,0,308,14,8,21,187,0,2,121,42,12,32,38,67,236,26,0,36,118,11,86,4,0,88,15,4,426,112,21,50,11,107,46,3,11,2,0,200,0,299,1746,36,46,11,10,51,0,1,93,127,2,1,0,0,15,2,0,5,0,20,7,4,1,1,94,185,0,83,127,0,0,78,7,184,1,0,20,0,19,0,4,17,38,24,0,9,205,4,40,34,380,34,49,8,3,15,25,3,1,13,35,138,3,8,9,305,21,27,11,0,231,208,3,237,187,53,16,0,26,4,67,2,164,16,386,35,68,0,40,18,42,113,509,35,49,8,1,0,0,24,27,5,5,0,68,11,14,2,25,9,21,79,55,1,81,24,36,14,14,0,3,0,2,11,16,87,28,61,8,2,139,3083,2,2,0,12,36,2409,20,27,11,0,62,112,24,0,16,20,53,36,45,94,1,55,0,104,0,8,15,954,0,1,48,85,9,10,91,49,18,10,34,3,0,1,15,192,1,2,58,561,5,131,183,7,25,42,163,8,199,5,24,15,24,30,9,14,143,83,79,5,4,561,293,40,391,30,0,38,5,0,0,105,31,32,8,2,107,9,0,16,31,6
cell_90,0,114,177,0,7,94,31,157,6084,0,113,49,24,55,60,36,14,67,64,8,2,65,50,0,0,1,4,0,17,5,0,66,37,5,11,3,28,0,0,0,3302,0,66,95,0,70,0,228,13,4,51,13,235,8,19,174,0,0,85,10,0,0,93,96,86,25,35,58,10,0,12,36,6,46,0,0,18,329,63,14,16,37,6,26,274,45,82,7,123,4,67,6,249,8,72,2,10,10,4,205,82,26,8,154,2,19,14,0,15,113,14,63,0,91,0,5,14,4958,3,91,27,4,4,17,113,257,0,1,22,0,30,10,10,111,128,30,31,36,77,41,121,79,77,69,0,66,8,8,440,6,0,26,0,260,3,203,42,0,46,28,44,13,0,0,140,2,42,6,5,0,33,60,2,0,0,101,4,2,0,3,54,1,33,112,59,71,199,38,2677,7,2,26,23,169,160,0,6,10,9,79,7,42,4,0,43,133,6,16,85,65,96,0,0,33,41,170,3,128,40,30,1,10,53,70,90,0,816,0,57,0,87,33,0,54,1,10,323,0,0,251,24,0,0,100,3,7,117,105,18,44,40,174,276,2,1,9,110,18,113,26,0,103,3,62,477,59,3,44,28,1,50,8,28,0,2,177,86,200,1900,46,57,4,4,4,0,12,14,169,1,14,0,1,2,0,12,10,0,22,3,4,2,33,18,208,0,90,79,0,0,84,24,148,8,80,23,0,25,0,3,0,33,50,67,26,139,11,44,52,396,3,7,6,15,0,20,9,12,13,19,108,8,9,21,77,0,6,16,0,207,239,0,129,13,55,18,1,17,76,39,57,189,49,576,39,72,4,33,50,23,49,503,17,20,0,5,4,26,18,24,3,0,0,11,8,20,8,29,86,17,263,113,0,152,42,90,36,20,1,5,0,19,25,103,64,14,537,26,0,108,3098,0,1,0,10,27,2519,26,152,14,3,22,20,7,11,141,14,50,55,39,52,7,92,1,105,1,44,104,710,0,0,14,99,7,2,140,117,0,80,17,0,0,1,9,180,0,23,65,78,55,98,189,12,18,16,22,5,45,21,18,8,21,23,9,3,106,44,19,19,148,573,240,53,12,12,9,40,2,0,27,133,69,49,2,3,5,12,37,6,26,12
cell_91,0,133,54,12,0,18,13,185,5279,4,243,147,0,44,38,168,14,57,20,64,106,151,38,1,207,9,28,3,110,7,2,67,79,389,9,40,111,1,0,10,1356,0,148,67,0,176,0,144,37,8,13,4,336,34,0,147,30,4,43,9,0,2,37,99,106,59,26,77,21,1,21,55,55,20,0,84,2,94,34,8,2,32,16,263,413,13,107,4,114,14,96,9,224,21,42,101,33,0,42,190,70,67,16,71,1,7,20,32,13,118,16,48,0,11,0,0,33,5112,6,38,8,12,2,15,61,88,0,8,17,1,25,57,39,99,106,8,25,20,57,83,81,42,15,29,0,20,8,6,50,16,33,20,11,93,1,186,12,0,21,56,105,3,0,0,199,18,41,33,1,8,65,61,3,5,4,88,1,0,1,5,34,6,19,34,58,44,415,24,1987,12,6,23,6,230,206,0,29,0,9,74,5,33,10,0,58,179,0,36,70,43,51,0,4,35,111,248,20,11,20,8,1,5,87,8,176,17,544,0,67,0,37,72,1,74,0,30,162,6,21,321,15,3,0,92,10,2,92,122,15,41,71,248,200,18,1,10,240,9,234,43,0,336,21,21,298,22,28,47,20,7,42,14,6,6,0,292,246,97,1849,1,27,26,12,12,0,6,84,48,4,34,0,0,6,0,0,10,1,16,35,37,3,0,64,63,0,85,78,4,0,69,92,103,3,333,9,0,40,2,28,2,34,81,5,7,179,32,15,105,534,1,0,2,38,0,22,3,0,1,16,71,17,4,13,112,5,55,31,41,0,121,0,13,18,42,23,5,17,157,83,30,241,126,312,32,89,0,37,7,1,0,664,21,29,0,8,6,11,50,22,0,0,1,51,0,30,24,8,231,15,77,113,0,87,45,87,7,40,0,18,1,1,102,77,67,34,342,8,0,167,4380,1,1,1,15,6,4688,2,26,1,0,9,35,20,1,9,17,33,14,76,29,0,128,0,55,0,41,11,532,37,0,14,62,29,5,47,71,3,50,4,1,2,2,44,381,1,27,36,391,50,86,174,12,25,102,18,40,115,26,57,4,14,35,8,12,116,37,23,3,124,279,357,55,318,32,24,48,11,0,7,166,59,5,31,1,112,13,33,6,89,14
cell_92,0,192,197,195,94,23,7,66,4369,5,70,143,9,46,2,224,6,51,4,2,67,615,67,0,0,22,3,0,4,8,8,47,21,146,0,0,251,0,0,23,1509,2,157,59,1,132,0,181,48,32,34,3,328,33,81,3,5,13,39,17,0,1,11,173,95,81,33,365,56,0,15,26,4,25,0,240,47,181,0,5,1,16,30,6,304,25,83,1,131,15,77,15,246,12,66,17,61,0,12,184,48,70,2,46,0,6,3,59,10,23,14,47,2,113,0,0,20,5460,0,76,34,0,1,21,135,132,0,7,14,8,16,39,59,77,39,3,24,41,32,31,63,120,7,88,0,76,4,1,45,15,8,14,7,100,6,139,19,0,1,84,117,4,0,7,195,1,4,1,8,13,35,96,0,2,2,102,0,0,0,2,120,2,26,15,32,13,374,77,5233,40,68,24,2,276,187,0,8,14,0,90,18,178,6,4,52,144,0,25,34,40,2,0,2,16,103,211,28,11,46,47,1,16,57,22,443,0,601,0,32,9,85,23,19,51,19,26,17,0,8,132,16,0,25,403,1,7,80,49,13,18,71,229,132,28,25,48,271,14,254,52,0,255,29,12,323,21,67,54,37,168,40,16,7,2,0,200,215,155,1949,5,48,3,0,3,1,14,41,110,5,68,1,0,0,0,0,4,749,16,3,24,10,2,48,42,0,98,107,18,0,61,58,110,12,364,23,0,6,0,2,41,20,71,7,22,139,27,75,27,540,11,2,2,19,4,29,6,13,1,6,69,1,11,10,125,2,5,10,20,0,110,9,111,117,50,17,1,24,13,258,72,237,317,146,132,59,1,41,46,2,0,623,23,14,0,16,17,17,18,33,1,2,0,13,1,18,19,14,15,29,83,67,0,137,54,92,9,33,0,3,4,3,80,88,138,121,37,3,1,106,4079,0,122,5,14,14,4466,9,75,148,6,37,37,14,0,328,35,72,30,1,7,13,116,0,70,6,31,61,436,0,1,38,141,52,4,61,116,8,8,0,4,0,0,37,373,8,14,30,124,300,2,220,13,11,13,132,5,201,0,36,7,12,40,0,20,19,13,10,0,16,515,470,25,38,17,4,63,16,34,4,209,80,3,17,1,0,10,4,4,37,10
cell_93,1,164,93,0,3,20,11,117,5313,1,136,110,22,32,23,147,13,55,6,26,23,258,43,0,29,14,34,12,79,0,3,28,16,159,2,4,11,5,0,5,1281,0,78,44,0,77,0,215,26,1,69,21,282,14,64,52,16,64,49,15,0,0,3,90,104,37,19,157,5,1,4,23,52,2,6,66,9,283,11,5,139,28,26,124,350,14,111,19,126,6,105,9,175,4,39,103,24,4,4,160,86,54,1,51,1,10,10,123,8,89,12,28,10,101,0,0,0,5461,6,97,49,2,10,28,66,39,0,0,11,8,7,18,52,37,78,4,44,16,41,33,216,64,21,97,2,48,14,2,612,3,0,3,12,79,4,129,36,0,14,59,87,13,0,5,206,0,3,16,2,2,61,11,49,2,0,20,60,2,7,6,35,1,20,0,66,38,386,32,3453,62,14,26,4,158,167,0,14,8,207,75,25,149,13,3,57,120,0,21,16,48,12,0,2,38,112,390,114,1,28,18,6,31,30,28,565,17,550,0,61,9,64,38,30,55,15,3,178,2,9,236,20,3,14,513,4,3,78,107,4,37,50,233,154,2,16,33,259,12,224,55,0,329,22,53,287,48,22,25,9,5,13,6,37,48,1,335,6,118,2184,16,16,63,0,34,0,12,79,127,6,40,0,0,0,2,0,16,4,26,21,6,12,4,14,82,0,88,238,24,0,70,100,99,9,359,20,0,8,0,1,11,31,33,0,18,76,1,99,31,500,15,5,4,4,4,15,10,4,0,7,81,1,2,7,166,2,99,14,46,100,111,7,98,93,125,21,0,30,32,40,46,252,280,347,33,8,7,17,5,11,45,620,2,10,43,6,16,21,32,24,3,0,0,17,16,15,15,9,0,23,139,123,0,58,50,100,6,40,0,6,1,3,94,85,77,82,52,1,10,177,4446,0,20,9,8,10,4590,54,35,61,0,34,46,32,0,218,35,54,9,65,15,5,40,1,62,0,3,48,340,0,0,20,160,45,2,92,109,0,25,2,6,6,0,33,378,3,15,71,409,20,23,199,3,21,18,63,3,225,16,93,36,14,35,6,19,100,29,70,4,0,150,418,49,125,42,5,106,12,0,4,193,50,11,11,0,0,16,20,16,90,7
cell_94,1,32,164,6,0,60,3,98,4593,4,135,137,8,48,31,183,6,59,8,30,304,103,47,26,122,7,1,13,23,6,0,40,13,401,6,0,57,0,0,63,1020,0,72,36,0,174,6,46,11,4,80,16,350,33,1,190,1,12,21,7,0,0,26,21,16,50,28,168,9,0,5,0,7,46,0,159,11,314,0,11,304,12,24,118,335,26,23,12,149,24,74,27,238,18,55,204,1,0,2,166,71,71,2,87,3,6,5,0,13,101,12,45,4,47,0,0,0,4696,0,16,31,0,1,25,83,103,0,0,18,12,0,34,72,49,102,25,32,0,48,47,127,37,5,54,1,64,8,3,334,1,1,22,4,89,1,146,24,2,21,66,64,3,0,6,236,7,2,6,6,2,37,50,7,0,0,98,2,10,0,1,24,4,3,21,22,30,406,62,5249,32,10,33,4,246,195,0,19,1,0,106,9,220,8,0,57,175,0,18,60,40,10,0,4,3,100,273,12,34,41,85,0,20,13,51,430,0,544,14,72,0,82,63,4,94,5,6,170,0,2,263,19,0,5,734,6,4,95,294,8,44,78,210,54,5,10,29,105,4,203,43,0,205,4,19,311,116,74,15,28,0,39,3,6,7,4,296,49,116,1913,0,103,16,6,92,4,2,108,97,4,46,1,0,2,0,1,29,0,28,5,45,11,0,35,89,0,121,78,0,0,57,12,111,16,78,24,0,0,0,30,42,28,114,7,3,11,2,28,48,518,28,27,9,15,15,16,23,0,1,57,63,29,3,11,435,10,24,19,0,0,161,8,70,144,10,17,2,28,30,37,17,267,179,264,97,65,0,32,17,19,5,623,12,36,0,4,4,33,40,30,0,0,0,63,11,0,1,33,15,29,24,168,0,150,26,103,10,21,0,2,0,14,26,38,64,116,99,1,0,190,4800,0,34,0,24,21,4717,19,0,16,0,45,49,15,0,86,24,47,9,64,51,10,94,0,38,0,17,68,533,8,1,12,159,19,1,57,168,1,20,11,2,287,3,45,334,0,10,79,89,13,24,202,6,11,83,53,32,115,36,117,27,9,27,0,0,150,20,137,0,120,393,451,38,76,26,22,48,4,0,2,109,91,10,9,4,0,31,2,5,30,18
cell_95,2,143,112,0,53,81,50,101,5386,3,36,33,41,42,45,76,1,58,34,2,27,100,49,83,30,5,7,26,0,18,3,56,20,41,11,0,6,0,0,4,3042,2,14,62,6,69,5,167,10,21,36,12,271,16,0,187,9,101,64,0,0,1,132,104,121,7,29,522,9,0,6,0,59,0,0,125,17,262,0,14,50,55,13,66,249,37,19,4,160,2,87,5,201,1,76,27,10,0,4,183,76,41,2,56,5,8,1,40,8,128,10,36,9,139,0,0,2,5168,0,70,26,14,1,43,106,254,0,19,13,2,11,30,45,82,96,22,32,57,77,20,0,157,6,84,3,71,5,1,589,45,125,20,3,204,7,179,39,28,24,84,70,8,0,13,135,3,0,11,20,25,13,88,5,0,1,3,1,11,5,26,41,0,45,26,51,71,193,46,577,51,34,26,9,119,139,0,37,30,80,98,9,92,8,2,53,151,8,2,70,59,93,0,1,24,75,199,65,23,27,131,1,5,47,36,286,0,917,1,40,0,95,36,54,84,23,3,118,1,9,304,6,0,28,427,3,8,109,43,23,42,47,123,142,34,28,15,92,7,107,80,0,115,0,34,447,11,20,55,35,68,34,9,8,1,2,267,276,355,1996,14,2,77,3,2,0,13,69,46,2,45,0,0,0,0,0,10,2,23,26,5,17,0,107,138,0,81,133,0,0,27,61,181,11,285,17,1,20,0,2,76,40,53,1,23,36,3,48,44,381,1,23,4,10,0,24,17,0,6,20,99,0,3,12,12,17,1,0,40,0,283,32,23,179,25,7,1,15,22,68,63,221,98,512,21,21,16,36,14,18,156,486,16,81,16,2,9,62,33,34,0,14,0,4,10,6,15,52,24,9,263,88,0,475,17,93,10,33,2,6,0,8,35,131,84,96,28,3,0,32,3275,0,88,5,17,8,2609,2,30,68,0,1,76,27,7,680,19,48,11,67,86,21,30,0,76,2,22,85,672,0,4,1,147,36,0,122,126,1,0,13,0,51,2,23,233,0,16,22,442,77,15,282,19,17,4,108,4,134,15,8,25,19,31,1,26,63,63,71,1,0,565,334,27,0,28,11,37,2,0,6,59,63,26,18,2,0,7,26,4,76,14
cell_96,11,185,113,19,0,6,44,188,5061,2,175,75,25,24,6,187,2,45,9,7,1,119,63,0,4,11,0,0,0,3,4,56,0,83,6,16,47,7,0,63,1100,0,91,43,11,94,0,303,32,53,36,9,321,45,11,188,6,0,60,9,0,3,50,192,97,74,34,66,27,1,12,9,11,0,1,2,6,32,1,8,138,27,21,135,291,13,23,7,104,24,99,16,202,19,50,82,11,13,10,196,19,29,0,61,0,21,53,0,7,114,12,44,11,80,0,0,94,5529,28,22,18,5,2,32,73,48,1,15,26,4,14,36,13,100,44,24,31,55,47,20,72,34,12,70,0,51,0,6,522,1,30,19,26,110,13,1,29,0,4,62,115,11,2,5,193,23,1,40,0,0,69,61,1,2,0,95,10,5,0,2,125,1,23,35,88,41,396,26,3166,51,12,18,0,259,102,0,1,22,280,80,0,45,32,0,71,159,6,48,77,53,78,7,3,29,113,384,1,17,17,43,2,6,84,77,185,0,592,0,66,2,73,96,1,58,0,33,87,5,0,240,5,2,0,522,5,0,73,31,20,9,79,137,86,50,25,42,67,5,258,48,5,303,38,47,351,4,3,39,33,0,34,0,5,57,5,67,488,181,2065,28,131,102,1,17,0,14,24,125,4,70,1,0,20,11,0,12,90,18,14,16,3,13,40,84,9,93,56,10,0,77,191,128,7,21,13,0,26,10,5,0,29,103,16,6,48,6,18,77,513,11,23,5,8,8,24,28,1,6,1,93,2,8,6,337,3,7,29,0,1,133,6,49,24,106,23,4,8,69,22,68,164,170,355,49,69,2,12,3,2,0,636,40,3,1,20,22,11,40,30,2,9,0,34,74,24,21,43,139,18,161,80,0,98,39,104,3,24,0,39,0,7,82,59,94,39,305,6,0,173,4205,0,50,3,39,13,4568,71,130,99,2,54,50,41,0,144,26,54,29,65,29,5,127,0,35,0,14,12,602,15,8,8,107,39,2,48,66,5,4,17,0,198,1,49,309,0,16,94,447,22,186,204,38,3,15,3,21,5,31,42,4,13,46,2,9,98,30,71,10,2,428,448,67,10,39,6,72,9,0,7,240,77,4,8,1,56,5,15,12,35,13
cell_97,5,54,170,0,5,306,67,146,5962,9,94,9,43,70,1,73,7,39,8,9,28,53,24,0,48,31,28,5,19,3,1,93,7,189,0,1,6,0,0,1,8320,15,86,77,0,36,161,65,11,9,73,5,115,45,15,55,0,8,66,85,0,5,13,305,215,24,17,77,19,2,7,1,38,36,0,414,96,465,0,0,0,84,10,14,362,154,28,16,90,27,98,8,238,7,35,8,15,12,0,120,65,201,0,635,4,34,14,0,0,65,44,40,6,70,0,0,7,3366,11,77,20,5,4,43,55,566,0,12,9,0,14,153,59,45,42,3,17,0,83,179,117,97,20,59,11,980,9,11,253,21,0,38,14,109,2,351,38,0,2,125,109,25,0,46,35,8,0,24,5,7,46,46,42,0,0,47,21,0,0,1,110,0,1,64,49,88,808,29,193,10,1,120,7,104,68,0,21,1,27,75,0,1,6,0,37,107,7,4,79,94,66,0,5,5,24,71,41,3,41,95,0,9,14,21,339,0,512,37,106,2,89,15,40,31,21,80,316,0,0,245,6,2,111,815,2,0,273,35,15,35,14,83,25,20,13,26,213,3,55,117,0,108,6,61,203,15,10,20,8,0,44,6,29,1,3,29,17,232,1550,305,6,22,0,22,5,19,4,131,3,50,0,0,3,10,0,15,0,22,17,15,26,0,62,296,0,48,626,2,0,52,8,42,17,58,24,5,13,4,1,10,55,85,8,10,80,0,5,12,298,219,52,6,18,2,18,12,0,5,35,97,0,0,2,128,2,58,10,0,0,280,10,44,18,40,14,0,91,86,20,65,177,164,1224,75,57,8,60,15,6,30,498,0,13,14,1,23,42,39,38,0,2,1,26,15,2,17,0,2,44,174,12,1,500,38,140,0,32,0,3,19,9,203,76,180,24,87,36,2,54,1302,0,3,9,3,2,527,5,24,67,2,86,0,16,0,421,30,71,45,52,1,49,51,0,165,13,8,22,890,2,29,69,239,60,2,25,24,3,3,9,1,0,0,11,30,0,50,61,765,40,1,89,0,14,6,97,13,19,19,41,2,16,30,0,22,2,31,180,1,101,158,70,63,15,110,27,0,2,0,9,30,63,61,58,2,21,49,4,7,53,25
cell_98,5,45,138,0,480,28,47,106,5125,3,113,16,42,60,19,45,12,54,8,0,123,64,13,0,3,22,7,3,17,0,0,68,0,13,8,0,10,8,0,46,8484,0,127,47,0,46,14,97,91,5,84,0,76,84,22,87,0,9,64,46,0,4,13,54,184,84,18,51,77,0,7,2,7,0,0,362,76,303,0,10,5,87,14,6,784,154,75,14,85,10,94,5,206,1,26,124,4,14,3,133,172,218,1,217,3,12,39,3,4,64,31,20,17,72,0,0,0,4355,9,52,9,7,2,50,161,520,0,20,7,0,10,94,126,32,39,3,6,2,75,55,106,125,4,53,0,213,26,3,366,37,0,10,8,156,2,311,29,13,6,125,87,6,0,138,59,0,0,22,15,3,36,51,35,6,0,84,1,0,0,5,200,0,19,229,11,68,776,48,140,34,14,72,9,107,99,0,17,17,24,74,1,9,2,3,57,64,22,18,56,145,78,0,10,10,27,59,92,1,66,85,1,14,23,12,370,25,492,10,26,1,122,26,4,67,25,71,107,3,3,210,4,10,92,433,1,3,145,492,58,25,9,80,56,22,9,39,202,8,93,116,0,106,2,17,180,11,6,14,25,64,36,17,34,24,0,20,41,942,1570,0,5,1,4,25,5,22,88,155,0,10,1,0,1,0,5,10,0,17,40,0,19,6,9,273,0,51,1081,10,0,39,1,66,12,152,11,52,45,1,0,17,72,1,11,2,72,7,37,38,280,23,125,1,8,4,12,31,1,12,4,117,0,5,0,38,54,65,17,42,238,317,37,4,56,12,10,0,74,66,30,63,87,290,266,12,27,2,61,5,20,0,432,15,28,26,15,21,62,36,36,7,12,2,49,10,2,5,2,5,22,95,18,3,306,20,151,3,37,0,5,0,3,95,96,141,13,6,45,0,32,1024,0,149,5,8,19,539,2,4,39,10,41,8,32,0,399,37,64,39,67,13,8,79,0,143,0,2,18,578,0,0,67,250,37,4,29,63,6,5,1,2,126,3,13,29,14,9,44,948,4,3,94,17,16,61,132,11,73,21,105,1,24,24,3,5,34,37,64,0,159,131,46,35,0,87,3,35,2,0,0,62,74,63,2,3,114,12,6,14,79,17
cell_99,0,74,235,0,3,38,4,141,5317,8,174,23,32,38,3,67,13,43,43,5,0,50,29,13,0,28,0,1,8,17,4,92,11,119,16,8,6,5,0,44,8307,0,88,0,2,34,4,91,20,55,24,3,48,76,4,70,1,2,75,112,0,11,54,92,109,32,19,24,14,1,5,0,5,9,0,0,28,75,6,25,22,79,22,67,423,135,63,6,58,5,150,12,225,17,28,27,7,15,8,113,145,235,6,562,10,41,6,83,13,29,34,26,11,98,128,1,0,3582,15,2,36,9,0,29,35,404,0,29,10,0,2,123,74,5,26,8,25,10,75,38,42,151,34,67,0,251,11,3,315,9,1427,10,48,169,2,86,94,0,2,78,108,21,2,77,77,14,6,25,3,5,42,114,10,14,0,58,0,37,2,2,159,5,13,248,66,90,719,28,254,22,6,86,0,160,83,0,0,0,44,77,5,39,0,3,13,104,1,14,90,126,120,3,5,9,31,82,18,11,94,128,0,31,32,12,826,0,410,3,137,0,82,63,13,81,0,138,293,1,2,232,12,33,19,749,1,9,260,107,37,13,15,67,15,8,4,107,161,10,74,109,0,93,18,102,187,45,0,17,14,1,59,4,36,23,2,25,5,927,1457,367,12,1,0,95,0,3,30,136,5,11,0,0,2,6,0,16,0,20,16,3,28,0,49,271,0,41,629,14,0,63,47,84,21,26,16,0,6,0,1,2,47,60,56,22,2296,22,71,50,281,4,22,1,74,5,17,37,0,11,98,139,3,42,2,122,3,5,18,0,599,336,0,81,63,8,11,0,67,32,43,72,126,174,1332,24,187,0,67,1,11,0,463,23,71,3,6,10,17,29,24,0,4,9,39,1,10,24,5,4,34,23,40,4,0,34,127,4,29,0,14,13,11,18,72,182,2,71,29,0,15,1132,0,44,0,2,0,596,10,105,23,32,106,2,50,23,325,42,81,52,64,6,24,97,0,144,0,1,1,139,0,0,5,221,4,2,34,34,2,22,16,0,2,0,6,28,0,25,48,185,55,38,92,11,12,49,23,10,89,40,170,8,13,24,0,15,36,140,101,7,1,253,74,92,0,79,36,19,12,0,5,115,71,342,19,3,84,14,0,19,43,10
cell_100,5,62,226,77,724,79,3,50,4935,15,123,8,6,4,29,41,29,74,10,25,1,7,26,0,0,14,0,9,10,2,1,74,10,214,16,28,2,26,3,33,8653,0,41,0,0,4,58,7,40,6,47,12,102,16,13,157,7,28,65,46,1,2,108,29,157,38,9,34,82,7,5,0,0,2,0,125,11,613,0,2,51,38,9,31,570,144,23,6,89,12,11,6,229,20,20,133,5,0,2,161,127,236,5,165,8,26,37,11,0,48,25,6,3,62,59,1,0,3773,1,7,21,8,4,40,50,172,0,1,9,0,44,10,100,31,39,2,39,24,56,24,80,84,0,61,0,484,9,6,370,25,131,13,0,70,9,286,53,11,7,76,14,32,0,0,58,5,1,21,7,3,66,28,66,0,1,43,1,7,52,7,163,6,21,207,16,73,925,37,247,30,6,93,1,77,110,0,0,30,19,71,10,39,0,11,7,93,3,10,97,114,33,0,7,7,37,83,32,6,90,21,1,13,7,10,680,0,435,1,168,4,103,18,136,34,14,35,126,4,5,188,14,3,89,213,3,2,119,240,30,12,14,29,45,5,4,26,215,17,63,69,0,112,0,30,186,14,0,56,10,26,6,5,27,12,1,1,7,913,1477,88,10,10,2,31,0,10,58,106,9,8,0,0,0,6,3,17,225,25,36,1,9,0,31,127,2,29,1305,0,3,58,34,84,49,203,17,0,43,0,4,36,71,5,7,6,58,2,30,27,299,29,7,9,21,15,11,48,0,2,29,104,14,16,7,91,36,5,12,36,11,86,29,56,9,13,8,2,59,14,11,25,67,290,1358,32,50,2,57,28,13,99,481,28,42,25,6,18,48,18,28,6,10,0,38,7,3,11,19,0,49,26,91,1,407,13,142,1,35,5,5,0,0,4,37,162,18,130,6,20,11,1145,0,100,2,1,2,566,10,0,10,22,133,17,11,0,252,49,25,137,62,0,16,30,0,66,2,6,23,745,14,2,16,216,9,0,25,51,1,95,3,5,748,1,3,19,0,13,70,661,71,6,81,12,19,18,34,16,147,40,8,18,14,24,0,28,182,105,212,1,195,267,81,71,1,69,20,42,3,0,2,15,59,153,45,2,6,30,3,3,55,4
cell_101,0,75,292,210,12,56,56,188,3953,0,136,3,29,56,25,82,19,54,4,5,138,38,39,0,4,21,4,9,63,4,1,73,41,133,10,0,43,3,0,0,3553,0,70,64,20,76,89,107,17,9,22,5,112,68,0,97,1,13,60,29,0,1,60,74,175,23,27,120,5,1,12,15,7,7,30,108,34,247,1,18,29,64,17,29,238,74,35,12,98,6,70,14,241,12,13,116,7,3,4,221,90,66,7,100,0,22,1,0,0,93,13,42,17,103,196,0,0,3048,28,31,27,7,7,46,33,319,0,10,14,19,3,38,61,100,112,42,19,30,69,4,46,53,1,90,2,84,13,0,404,19,101,38,20,224,10,68,55,0,19,40,76,10,1,183,100,13,0,21,7,7,42,76,25,1,18,30,25,10,0,3,48,0,5,71,41,67,152,68,374,2,7,18,0,60,121,0,73,18,154,85,1,51,2,4,48,110,11,7,83,64,11,0,1,37,56,103,15,28,52,74,3,13,79,58,340,0,444,3,64,3,104,67,55,96,0,24,186,0,3,117,12,4,16,94,3,7,93,30,5,13,24,142,48,21,2,23,114,13,74,14,0,52,5,28,389,31,23,32,15,52,24,0,16,88,0,136,61,191,1575,83,19,23,4,13,1,2,15,116,5,38,1,0,1,0,12,16,334,12,16,4,19,35,89,61,3,56,304,15,0,78,45,136,23,135,32,0,3,0,3,5,59,55,1,6,274,8,62,2,392,22,20,7,22,4,30,13,12,11,45,142,9,4,6,127,16,0,4,31,383,252,3,57,7,16,11,4,21,20,35,64,189,197,556,26,52,9,12,31,16,0,561,11,29,6,22,15,26,33,45,1,3,0,65,16,13,6,20,5,27,322,41,5,17,11,118,4,20,1,14,6,11,21,49,91,31,92,22,0,10,2487,0,134,0,10,2,2101,14,86,28,0,29,27,18,7,396,21,59,34,39,23,9,107,0,146,2,6,22,319,12,4,51,145,60,2,76,10,6,8,8,2,65,0,1,102,2,14,44,486,20,33,191,9,12,4,99,4,8,31,47,4,9,19,3,27,7,44,47,7,6,531,399,39,42,45,5,3,1,9,8,138,97,8,31,6,77,13,0,4,79,10
cell_102,1,92,159,35,7,96,8,73,4520,1,49,19,14,40,29,58,5,75,64,16,47,121,58,8,130,6,31,14,31,6,2,54,30,144,1,5,26,4,0,7,2714,0,85,82,0,67,80,261,5,41,32,2,98,47,0,12,15,29,51,66,0,0,39,55,110,40,20,32,19,1,8,1,53,2,0,219,9,105,0,13,59,58,9,12,123,70,39,5,93,0,34,4,221,18,55,38,3,0,3,227,86,59,62,44,3,12,1,0,2,68,23,49,1,14,0,1,0,3327,20,65,26,20,1,15,39,303,0,24,6,12,2,59,61,112,91,17,35,14,63,22,17,146,40,84,3,62,27,8,308,31,0,9,22,279,3,126,2,37,52,48,97,19,0,51,89,13,5,24,21,4,12,109,1,10,3,62,4,5,0,6,67,5,29,101,65,64,148,11,294,15,11,27,7,134,241,0,3,0,6,88,24,44,12,0,61,98,2,30,76,78,93,0,1,5,37,90,23,16,65,218,0,0,27,23,567,12,543,0,80,3,45,61,5,42,0,7,79,3,3,156,11,3,0,182,5,2,88,19,56,10,18,71,179,12,2,34,78,19,87,52,2,3,11,52,426,35,15,10,8,12,47,13,3,14,1,136,273,405,1663,5,20,3,6,13,0,10,101,96,2,43,1,1,1,0,0,22,87,29,12,3,13,31,67,132,0,74,236,0,0,12,33,151,2,290,39,0,39,0,4,22,62,47,4,10,221,15,77,42,378,7,28,9,2,2,29,5,3,2,11,157,2,0,26,9,26,10,7,47,180,360,1,84,30,35,12,1,26,13,39,33,254,259,463,100,65,9,44,3,35,2,576,18,55,0,8,4,18,72,49,2,2,0,52,7,45,16,46,30,28,149,62,0,338,25,99,8,15,0,8,10,13,90,75,95,30,10,11,0,60,2397,0,73,2,21,10,2054,9,25,25,16,18,31,19,36,328,23,52,14,72,72,0,93,2,120,2,6,26,343,0,0,29,178,11,4,119,56,1,10,32,2,94,0,11,83,2,10,14,743,14,40,201,1,20,22,23,12,8,5,63,16,9,31,15,22,108,64,12,0,46,387,305,52,6,20,6,8,1,0,4,129,95,22,24,0,2,3,24,9,29,17
cell_103,13,71,156,216,84,85,76,116,4723,25,77,5,52,37,16,47,11,73,4,20,46,26,17,0,49,33,0,3,8,4,6,32,1,77,5,0,0,0,0,0,8631,41,172,50,0,70,62,113,58,9,66,3,138,53,14,139,17,11,63,19,0,2,71,252,219,97,20,175,3,7,14,55,1,17,0,760,36,229,0,5,8,84,13,43,466,132,22,10,65,8,93,4,228,0,23,18,34,122,1,128,145,206,26,400,4,36,4,1,5,34,35,22,10,70,0,0,9,3865,37,26,3,2,5,29,96,783,0,22,6,0,4,138,108,26,24,7,39,13,47,49,45,80,0,63,0,759,11,8,391,42,52,3,6,94,5,105,24,8,12,85,31,1,0,31,64,0,6,0,2,7,52,94,7,9,0,0,3,7,12,1,177,4,25,55,20,94,982,114,223,53,4,77,9,136,115,0,28,3,37,82,0,27,4,0,51,98,0,1,35,152,58,0,1,9,24,14,32,3,27,51,2,4,33,17,160,13,428,26,72,5,115,13,26,80,19,66,146,23,3,154,14,40,89,324,1,0,211,125,24,18,10,110,3,16,9,41,215,2,73,105,0,73,1,9,214,6,8,8,6,31,7,20,64,0,0,7,154,533,1502,230,30,59,1,21,0,4,11,56,4,22,0,0,3,22,0,12,3819,16,13,5,4,44,71,303,0,41,527,1,0,50,50,80,10,310,13,0,2,1,6,54,34,80,1,38,59,8,3,39,316,38,14,1,0,6,13,21,5,0,37,103,0,8,7,122,3,0,17,0,0,158,9,31,66,46,14,2,99,82,45,22,249,584,884,9,108,10,68,22,7,20,480,8,45,25,3,19,35,47,29,0,5,0,21,1,1,27,7,12,22,204,92,0,357,10,116,1,21,0,2,0,17,122,69,90,1,9,8,0,24,1161,1,71,1,2,4,572,6,35,63,1,22,2,31,0,147,45,73,119,40,42,38,36,0,128,2,2,18,471,0,87,55,225,15,9,38,66,15,2,7,1,62,3,16,41,0,44,79,316,28,4,98,1,12,11,57,3,41,19,0,3,13,27,0,6,63,139,19,0,161,276,53,23,1,91,11,62,6,0,8,53,101,235,10,1,0,10,0,12,24,35
cell_104,0,71,311,38,13,58,24,115,5356,3,126,23,23,28,23,49,1,74,21,25,25,57,25,9,0,18,8,4,2,3,0,48,8,139,4,2,4,1,0,26,8178,17,102,10,0,66,13,80,46,42,47,1,113,56,36,99,13,0,49,11,0,0,107,230,248,48,24,136,4,5,15,17,20,4,0,537,108,204,0,0,4,87,17,26,121,158,78,10,88,7,121,13,250,8,25,26,20,5,6,118,173,152,3,527,1,35,6,74,0,53,35,29,1,50,0,0,10,3942,1,20,6,20,0,20,91,309,0,9,20,0,29,145,79,32,28,18,29,6,71,74,17,68,10,61,0,564,1,10,435,10,1255,9,21,158,2,202,61,0,9,51,83,19,3,61,53,52,12,20,0,0,22,147,5,0,0,59,3,11,7,7,167,0,9,116,76,85,838,24,154,34,0,62,0,138,80,0,15,5,40,71,0,26,9,1,43,78,2,9,70,128,16,1,1,12,46,48,0,33,81,93,0,41,43,7,794,0,557,6,116,0,94,77,0,11,6,56,192,8,1,214,14,5,92,535,6,5,260,113,31,42,16,147,58,13,9,5,250,21,93,93,0,97,0,30,222,18,22,21,10,6,32,7,30,38,0,0,192,1402,1442,146,35,16,2,89,0,13,32,102,2,8,3,0,0,9,0,17,0,21,26,9,21,53,24,240,0,42,343,7,0,80,34,73,5,59,16,0,8,0,4,9,69,70,1,40,541,11,19,7,297,80,45,2,9,2,13,7,0,6,33,121,15,4,5,113,19,1,6,0,0,340,25,46,38,23,11,1,87,35,32,13,148,588,873,131,85,3,62,0,7,16,449,8,48,1,5,28,43,49,27,0,3,0,32,2,1,19,15,11,39,323,22,2,307,31,132,1,39,0,4,16,6,111,87,198,14,39,30,0,42,1139,0,0,0,0,1,572,3,46,36,6,116,2,1,23,91,23,75,112,57,31,18,96,0,147,2,2,3,637,0,2,34,165,21,2,30,53,1,4,16,2,114,9,19,35,0,39,70,286,24,53,107,4,27,17,45,20,60,33,64,3,17,21,0,8,171,35,70,5,175,249,56,40,7,66,9,1,9,0,1,126,87,107,28,0,54,10,0,15,23,28
cell_105,2,76,1,0,17,38,69,138,4753,7,95,28,6,17,17,52,17,86,31,12,22,49,20,1,17,35,3,5,19,0,9,55,55,135,4,16,0,5,0,68,7291,0,72,60,0,33,1,95,3,65,78,1,62,22,29,78,24,51,35,85,1,1,16,105,239,36,28,114,26,0,1,71,0,34,0,56,74,165,1,1,9,80,7,48,783,184,109,12,55,28,113,8,224,25,14,51,3,102,6,173,134,236,12,571,6,23,74,76,13,65,26,31,19,75,0,3,15,3237,2,13,9,0,6,36,73,554,0,7,8,1,22,69,102,11,35,1,26,1,76,59,168,208,48,58,4,780,6,26,469,22,99,23,45,123,9,313,44,0,8,134,88,16,0,87,67,1,5,1,13,9,23,73,26,0,0,54,4,13,0,1,35,0,7,42,65,88,887,7,238,24,17,91,2,36,134,0,0,0,18,71,12,19,9,0,37,99,4,13,54,128,12,1,13,0,39,75,46,7,82,125,3,7,37,53,599,10,387,31,112,1,126,22,25,101,0,105,239,8,7,185,22,5,0,173,5,5,278,63,34,30,15,32,64,14,13,62,148,14,50,133,0,92,5,30,193,15,9,51,24,3,35,18,20,2,2,19,170,97,1565,209,11,13,1,61,0,8,66,120,1,29,0,1,0,1,0,5,0,19,40,2,9,1,62,137,0,59,274,17,0,63,19,42,64,35,2,0,17,7,0,2,51,46,1,16,1619,0,10,38,270,8,51,5,3,5,20,58,0,0,10,88,0,14,5,79,43,3,20,0,229,276,0,56,49,49,6,22,19,47,7,43,104,80,1224,14,55,7,31,6,14,2,441,1,71,6,5,29,9,32,25,0,8,0,10,1,18,12,5,2,0,390,53,0,461,9,55,8,38,0,3,0,3,139,62,139,2,98,30,2,21,1307,4,8,7,17,3,546,1,0,57,18,13,10,23,13,416,29,82,14,25,8,12,36,0,141,3,4,11,528,21,0,1,243,30,8,33,27,6,27,2,7,1869,5,7,28,0,54,22,897,18,54,95,9,18,5,96,46,30,20,51,2,15,25,0,33,274,265,260,2,173,95,67,69,14,86,41,36,21,0,0,112,66,212,44,3,3,10,15,14,41,29
cell_106,3,21,352,225,124,19,19,174,4361,5,67,7,6,58,35,9,0,69,0,43,81,121,24,141,77,32,8,7,29,0,2,86,3,12,7,15,1,7,0,43,8551,0,273,54,0,76,0,33,68,3,81,9,84,41,8,17,7,14,47,33,0,5,52,288,202,37,24,170,67,8,0,37,38,10,24,87,50,427,14,0,1,81,17,14,790,131,142,7,66,1,7,11,208,19,31,108,18,13,0,183,159,269,4,471,2,25,21,119,5,64,25,36,4,21,0,1,15,3468,111,85,23,2,1,32,154,554,0,12,10,0,2,118,105,46,45,4,22,1,56,56,90,156,41,60,0,689,16,10,442,44,1410,13,29,171,1,275,50,0,13,87,91,10,0,0,55,39,8,9,1,11,12,107,7,7,1,86,20,24,13,3,73,1,35,68,50,102,937,1,91,18,3,75,0,173,127,0,28,15,11,73,5,9,14,5,25,78,4,4,69,148,16,5,3,5,36,94,23,8,52,108,1,7,41,42,320,111,422,2,0,0,139,66,148,23,12,92,129,4,4,203,4,9,78,518,2,5,230,169,53,7,16,114,137,5,11,9,208,14,59,118,2,83,2,24,200,12,6,45,1,11,47,21,110,1,0,34,97,1122,1500,218,32,6,5,10,0,7,73,36,0,3,0,0,1,1,1,0,407,21,16,3,23,0,116,276,2,44,353,14,5,66,4,62,28,313,19,0,22,0,1,5,55,51,3,49,404,1,6,30,288,30,35,4,33,2,26,10,42,1,3,111,27,24,0,33,19,7,9,21,0,321,4,29,41,8,10,0,83,23,29,42,199,632,1094,78,45,13,86,20,24,0,473,48,74,0,6,18,31,23,34,1,3,0,11,0,0,2,0,8,15,353,11,1,325,27,113,1,41,1,19,0,1,130,108,102,0,166,16,4,24,1261,0,0,0,6,4,561,2,5,35,18,88,0,8,10,384,16,78,89,49,22,30,83,0,126,38,0,11,404,0,0,114,226,32,0,34,51,2,29,1,5,2,0,19,42,9,28,30,902,14,50,88,10,23,10,118,44,121,14,159,1,10,26,0,51,240,81,50,4,178,78,79,80,15,70,3,9,16,0,0,149,81,70,56,3,17,17,0,3,102,12
cell_107,0,66,296,8,92,154,47,144,4568,7,68,27,17,67,33,41,0,64,21,16,79,99,11,1,74,20,5,1,21,13,2,72,33,324,7,18,17,7,0,31,8494,0,270,49,0,5,88,70,27,31,78,2,124,47,6,179,11,12,62,78,0,0,20,74,188,68,26,127,38,4,5,0,81,0,8,209,18,340,3,2,4,49,12,1,0,168,88,1,77,15,74,7,238,13,33,225,19,1,7,159,166,265,1,474,1,1,1,8,10,82,35,36,2,52,0,0,10,3522,14,27,26,2,1,17,140,192,0,19,16,0,14,145,137,23,38,1,41,11,84,58,81,168,1,54,0,349,19,31,396,34,1184,31,32,143,0,273,39,5,19,55,67,15,6,0,71,2,20,12,3,0,26,127,0,0,0,46,9,3,7,2,168,0,57,34,16,58,895,31,48,57,8,99,0,191,125,0,0,27,21,75,4,4,8,0,57,86,10,18,73,123,39,12,2,10,21,78,50,22,89,36,3,21,32,11,717,0,475,0,92,1,119,28,132,29,16,69,109,0,8,177,10,11,97,168,0,1,292,31,119,24,19,57,138,16,7,12,180,24,63,111,0,84,3,26,213,4,3,61,4,106,47,40,43,2,4,0,10,233,1439,0,10,7,4,16,0,19,93,93,0,9,0,0,8,0,0,9,0,13,27,6,25,25,77,203,0,58,944,13,0,32,48,61,26,40,16,0,47,0,4,27,68,52,0,72,615,7,76,17,287,0,4,1,18,1,20,4,0,10,9,105,0,24,7,113,44,20,8,51,48,321,3,129,56,1,8,0,77,60,34,47,168,574,550,48,119,0,64,12,7,2,434,23,194,0,7,11,30,37,24,4,6,0,8,5,20,28,13,20,27,283,77,2,391,24,141,9,38,0,1,0,0,80,28,220,47,40,17,1,8,1271,2,0,0,12,4,570,1,6,10,22,59,21,32,0,443,45,62,102,26,34,12,102,0,147,0,4,9,604,0,0,94,245,14,0,30,74,5,33,5,8,477,1,8,29,3,24,67,553,17,10,98,12,18,55,109,7,85,14,28,6,12,15,0,16,166,174,101,0,185,32,79,80,1,69,1,0,16,0,0,162,76,273,1,3,85,11,3,18,71,19
cell_108,2,55,280,169,127,23,24,147,4511,17,113,26,28,69,18,80,15,73,32,20,34,47,29,1,70,34,6,2,11,25,0,52,8,19,8,0,6,8,0,14,8168,0,91,12,0,59,20,128,31,5,37,3,116,6,26,50,0,4,74,38,0,6,29,187,211,18,22,27,47,1,13,124,5,17,7,26,63,275,0,6,1,82,8,7,452,198,44,18,78,2,49,0,213,11,22,3,19,5,17,156,126,217,1,381,5,51,3,0,17,45,30,34,19,56,1,4,1,3726,50,71,9,0,2,5,44,623,0,28,8,0,10,121,153,14,54,4,36,3,67,109,75,45,9,38,1,166,10,19,425,9,157,17,10,125,1,335,28,0,5,59,83,32,3,206,88,34,1,24,10,16,70,83,69,11,2,67,77,13,2,8,132,4,8,128,42,41,828,40,97,38,23,2,6,91,18,0,15,36,35,73,2,26,5,3,7,88,1,29,104,137,68,2,3,0,31,80,12,8,86,116,1,6,13,46,570,3,335,3,122,0,26,96,20,93,10,88,319,4,6,219,10,54,78,80,0,0,236,62,13,25,16,51,21,36,30,55,74,25,75,84,0,90,12,93,197,6,23,17,25,77,26,31,43,0,0,21,39,1022,1578,2,29,73,0,4,2,15,30,71,2,39,0,0,8,6,0,12,85,15,47,4,0,0,55,117,2,53,1352,2,0,47,9,70,52,91,13,0,3,1,0,17,50,32,0,8,1728,26,79,9,290,41,10,0,15,6,13,5,49,13,2,116,0,8,4,30,1,7,9,54,606,209,1,12,6,34,14,0,60,21,28,87,149,180,1327,57,103,0,88,1,3,3,469,39,20,0,8,16,55,17,31,0,1,0,11,9,0,11,1,13,29,225,8,0,11,17,126,6,34,0,11,1,1,101,54,51,30,131,51,2,24,1249,0,36,2,1,1,580,10,77,19,6,29,2,16,0,242,26,51,66,78,10,34,153,0,88,0,0,4,160,11,0,41,259,15,2,28,7,9,39,2,2,73,0,0,34,0,52,54,1156,15,137,105,3,18,39,55,12,42,38,27,1,14,17,3,7,48,218,72,3,156,303,60,31,2,63,8,36,13,0,0,160,89,43,40,2,148,30,0,10,58,18
cell_109,2,37,256,55,32,219,52,24,4834,19,80,32,14,50,29,34,7,71,18,45,58,55,26,1,0,18,2,3,13,28,1,71,0,57,3,12,1,13,0,2,8272,139,65,49,1,11,298,51,63,12,79,6,110,11,0,47,1,5,53,26,0,0,16,170,219,5,12,89,33,0,3,14,59,7,10,638,63,377,0,1,1,75,13,6,256,162,109,15,87,6,42,18,238,12,30,85,18,3,6,116,144,227,0,505,2,44,35,39,9,73,32,28,9,37,71,3,0,3950,24,43,12,0,4,20,58,418,0,3,14,0,21,34,112,45,43,4,31,0,80,87,75,112,14,56,0,890,5,34,383,16,0,16,7,160,1,302,53,0,12,147,112,14,12,33,66,2,0,20,8,1,35,70,46,0,0,36,1,56,3,8,25,3,27,56,50,81,992,20,108,19,4,79,3,127,23,0,5,6,9,63,1,6,8,7,12,70,9,13,60,116,6,1,2,9,33,58,33,7,13,28,1,38,38,11,334,0,383,0,93,0,115,119,10,69,20,38,124,5,9,164,10,2,20,645,1,3,208,132,33,30,15,82,24,3,4,41,223,26,69,45,0,96,0,35,170,20,3,65,8,19,36,14,36,1,0,41,20,246,1576,112,86,2,3,1,0,14,91,153,7,12,0,0,9,0,0,14,0,22,10,0,17,0,179,200,0,56,801,9,0,46,1,66,24,17,22,0,12,0,2,6,80,82,0,6,121,0,21,95,267,46,22,2,20,3,17,17,0,13,18,111,16,18,5,35,39,28,23,11,66,119,8,152,71,20,9,0,80,18,78,44,77,326,1170,72,117,2,67,1,15,145,440,7,87,14,20,33,48,34,26,0,25,1,6,7,13,1,16,10,5,297,51,0,389,21,95,2,34,0,2,0,1,151,91,115,8,33,13,22,30,1046,0,52,9,8,8,548,13,0,25,1,57,7,6,0,0,36,67,85,75,9,16,110,0,165,4,2,21,420,29,0,18,178,17,4,22,57,3,45,1,1,873,6,6,27,0,6,20,732,7,12,79,6,22,37,96,5,161,13,146,1,11,26,0,12,115,79,100,1,71,49,52,66,5,66,13,20,7,0,0,144,63,86,27,1,5,24,1,15,70,40
cell_110,0,59,218,48,245,168,71,109,5023,16,92,24,11,59,30,59,8,65,17,4,15,66,8,79,57,17,17,5,13,6,1,29,28,147,0,0,2,35,0,19,6786,0,240,47,1,36,172,113,5,62,50,30,136,15,95,126,1,0,68,110,0,2,7,124,227,97,26,128,11,3,7,57,17,7,3,48,59,417,0,1,0,68,16,4,503,90,73,5,58,4,119,0,234,10,14,140,7,27,6,141,176,222,1,415,4,28,0,0,13,17,33,33,0,39,0,7,0,3878,0,8,18,0,7,7,158,181,2,14,16,1,1,111,136,30,40,7,8,5,77,170,152,146,18,62,4,361,4,8,329,28,9,28,7,173,1,325,59,0,18,80,75,2,2,42,52,10,12,16,0,12,24,52,35,1,3,61,34,3,0,4,144,6,4,95,18,14,902,127,207,34,3,95,2,129,132,0,56,39,0,86,0,3,9,1,46,67,5,26,51,132,24,3,1,7,39,47,71,45,73,141,2,21,15,49,640,0,450,0,138,2,104,29,404,15,8,17,249,0,0,112,15,50,95,787,10,4,230,49,19,26,6,99,66,29,17,17,77,3,73,136,0,103,15,7,197,66,0,49,0,24,32,37,25,26,0,25,181,608,1394,42,30,27,1,4,0,19,17,111,0,10,0,0,10,1,0,5,0,12,19,11,38,46,37,192,0,59,776,0,0,68,3,68,9,19,14,0,9,0,8,19,70,26,0,96,758,5,61,1,310,99,66,0,15,3,13,1,3,3,46,98,3,27,1,121,6,50,13,36,460,325,41,47,70,18,5,1,81,29,102,9,178,488,249,117,13,0,27,28,3,8,471,5,199,3,18,15,110,41,33,4,9,0,31,1,12,29,2,35,31,194,62,1,253,18,133,1,33,0,2,1,5,60,35,76,10,28,62,3,50,1163,11,0,0,12,12,539,6,20,4,30,6,1,13,0,417,52,62,174,32,11,18,127,0,126,18,0,9,467,0,18,81,236,14,5,28,67,1,6,15,6,2,0,8,26,23,31,67,233,42,37,49,6,19,73,70,3,5,19,3,4,11,26,9,34,15,243,125,0,106,287,45,59,0,76,1,13,9,0,4,100,87,234,43,3,163,22,0,15,74,35
cell_111,16,69,236,0,17,13,62,172,4785,9,102,24,36,1,23,57,21,60,3,37,20,24,14,0,17,26,0,7,16,0,2,76,20,121,6,5,8,5,0,82,8323,1,17,11,1,26,3,50,35,6,85,7,108,75,4,9,19,12,64,51,0,1,36,94,88,16,18,73,8,0,8,5,18,33,0,8,21,360,0,7,8,91,14,19,783,157,91,3,79,5,79,9,225,19,21,38,6,47,10,135,169,273,1,609,0,24,38,20,1,64,25,32,19,67,0,3,10,3338,12,17,33,0,3,25,41,470,0,1,17,2,1,57,87,42,19,1,24,1,57,40,60,171,30,60,0,672,0,6,261,26,7,11,0,68,0,297,29,0,11,106,79,57,0,7,59,4,7,1,0,3,37,110,66,0,0,0,0,24,0,4,132,2,4,18,79,105,864,17,68,33,21,102,5,163,28,0,1,27,18,79,2,35,0,2,15,77,0,4,94,128,90,0,2,1,40,75,65,9,33,107,0,20,13,19,687,0,453,0,131,0,117,31,173,46,2,107,123,0,4,234,9,0,14,360,0,5,281,362,48,24,19,89,10,9,2,6,212,12,71,75,0,113,5,58,236,5,10,60,13,4,24,13,40,18,1,27,90,572,1532,212,30,1,0,23,0,6,28,75,3,15,6,0,0,6,0,20,0,17,27,7,35,0,37,237,7,50,674,23,0,67,33,88,46,102,24,0,1,0,3,10,96,44,0,20,595,6,12,68,259,8,11,0,37,5,25,27,0,2,144,107,2,43,7,81,0,9,1,26,55,245,0,22,14,29,14,8,44,78,6,56,178,328,1210,31,45,0,53,3,15,23,493,11,199,6,1,34,33,44,19,0,17,0,20,3,26,23,9,3,29,271,46,1,326,7,39,3,36,0,15,0,1,90,90,121,8,136,23,2,15,1286,0,8,9,1,1,565,11,0,31,0,103,13,9,0,197,50,68,61,73,14,27,47,0,42,11,2,11,644,0,0,35,220,21,0,31,33,0,28,2,3,267,11,18,35,0,34,23,439,11,14,71,0,26,24,4,10,86,36,71,2,12,27,2,60,158,240,200,4,0,244,76,79,0,78,15,51,5,0,1,115,89,185,16,0,133,13,2,9,49,12
cell_112,8,86,238,0,0,83,18,161,4883,49,21,19,3,46,28,66,11,23,37,39,167,106,19,8,64,7,1,6,42,2,13,70,10,69,1,18,3,9,0,27,8396,1,67,8,0,16,0,82,95,26,54,2,117,3,3,0,7,12,52,123,0,1,1,50,201,50,19,52,4,0,0,17,25,1,4,121,34,97,0,1,7,105,20,24,808,137,105,3,72,0,86,10,220,10,21,207,30,162,12,111,172,265,1,629,3,15,28,95,2,49,8,36,15,37,0,0,1,3519,0,60,13,4,0,35,127,493,0,39,14,4,1,111,72,13,33,11,25,2,97,102,172,32,5,57,5,151,9,24,456,8,27,16,40,129,15,354,40,0,42,41,104,36,3,41,63,17,1,18,19,8,45,115,23,16,0,61,1,24,0,5,169,2,15,49,38,81,794,16,168,7,3,86,0,144,109,0,0,3,17,86,11,31,5,4,10,94,0,19,78,142,82,0,7,5,27,67,7,4,18,18,0,22,16,19,82,11,502,0,129,0,57,91,2,99,11,60,250,8,13,244,10,34,87,931,0,1,257,44,44,30,13,38,28,21,5,4,214,10,80,92,0,88,23,45,208,32,0,42,11,47,53,24,147,1,1,15,120,391,1570,43,25,20,0,84,5,14,64,102,2,2,2,0,1,26,0,19,0,15,28,4,0,0,38,247,3,43,1199,0,5,60,11,83,3,67,21,0,11,0,2,2,76,30,6,24,57,4,68,6,304,5,72,10,30,2,20,12,5,6,153,108,0,30,8,92,2,33,4,59,83,323,2,22,81,66,10,0,76,53,22,76,116,54,1224,27,137,4,66,2,12,8,457,28,89,4,8,3,37,26,25,2,20,8,9,7,3,23,0,0,51,111,20,0,10,29,142,8,45,0,3,0,0,17,66,212,0,88,9,1,47,1258,1,10,0,5,3,608,18,38,11,13,113,21,14,0,247,43,73,96,63,23,30,121,0,159,0,3,4,381,10,0,24,261,18,1,11,12,12,1,6,2,44,0,14,29,0,17,60,961,20,50,88,4,22,85,37,15,110,16,46,5,18,23,6,4,11,140,171,0,93,150,93,83,11,72,6,19,6,5,3,104,80,128,59,3,149,10,1,21,36,28
cell_113,6,26,281,0,397,11,52,107,4815,1,164,21,49,34,8,65,6,58,18,6,21,34,25,0,63,16,0,0,5,1,0,81,1,14,2,3,6,6,0,27,8856,0,24,43,0,19,0,116,28,61,111,9,142,36,8,74,0,10,61,111,0,5,1,130,199,87,17,14,44,1,10,8,0,16,0,87,98,559,32,2,2,72,10,2,374,158,120,3,87,5,14,1,265,11,36,164,15,0,2,180,167,275,0,381,6,13,30,1,0,71,25,38,17,47,3,0,6,3848,45,18,31,6,11,39,146,515,0,13,13,0,42,80,81,8,45,8,34,0,78,184,105,41,0,57,1,293,4,31,448,16,0,25,10,170,5,300,55,1,37,170,115,13,1,10,61,1,9,14,0,1,35,115,79,8,4,68,6,21,0,5,198,2,18,124,40,72,719,113,182,34,12,93,0,183,100,0,0,4,7,71,0,29,0,4,10,67,5,20,55,130,111,0,11,2,28,66,38,20,97,42,0,43,12,33,628,3,485,0,116,5,110,77,1,76,0,86,64,1,4,193,7,1,0,815,4,4,249,289,91,30,3,114,11,10,10,65,184,6,76,129,0,82,16,110,195,15,6,44,13,40,62,7,34,25,1,16,10,69,1386,172,27,0,0,9,1,16,18,153,7,35,0,0,8,0,2,11,0,16,19,9,25,0,39,231,0,35,215,4,0,62,67,55,29,60,17,0,11,3,2,3,76,58,7,13,1417,8,71,39,280,44,74,10,9,1,14,75,2,3,101,99,0,40,3,103,7,12,10,19,622,283,1,6,67,45,12,0,65,34,86,8,85,337,1230,103,75,6,45,4,6,6,464,0,49,2,30,33,95,11,0,6,0,0,21,5,13,11,1,3,49,329,13,9,48,40,108,5,35,0,13,28,17,63,17,47,3,68,15,1,7,1104,1,49,8,3,3,577,6,30,56,17,119,3,5,0,434,50,63,98,4,41,27,120,0,130,1,0,7,220,0,0,6,178,31,4,16,64,10,1,9,1,0,6,13,49,0,13,20,716,1,32,90,6,8,68,11,8,30,13,38,10,11,22,6,31,0,9,97,1,0,190,37,80,3,67,3,64,7,0,10,129,71,131,14,3,11,8,0,5,50,32
cell_114,0,87,35,100,136,39,31,226,4641,0,84,41,18,43,12,79,9,66,58,1,39,149,26,0,4,19,14,5,24,7,1,32,57,138,12,0,10,4,0,0,3750,0,148,51,6,51,13,233,58,47,41,7,195,99,18,181,4,8,73,8,0,3,10,104,164,31,36,104,29,1,4,42,11,23,2,87,31,358,0,2,0,35,21,62,268,63,76,6,98,12,41,1,200,38,36,113,8,17,0,246,114,119,0,113,6,5,0,0,9,42,16,33,24,66,0,0,32,2815,10,8,37,15,19,1,81,127,2,0,4,5,39,56,66,71,50,11,23,74,29,37,155,47,38,53,0,44,2,6,325,26,428,22,12,199,12,201,27,0,26,26,121,4,0,123,99,0,8,9,20,7,40,146,0,10,0,151,31,11,0,4,135,0,12,74,16,38,419,33,409,39,4,53,1,202,176,0,1,4,84,93,3,8,6,3,63,75,18,29,67,88,99,2,2,30,63,69,32,23,65,75,2,14,18,12,417,0,608,3,61,6,95,36,0,76,13,23,216,0,5,109,16,3,34,117,5,1,156,12,11,22,20,215,38,32,40,5,121,18,55,57,1,122,21,18,385,15,19,13,27,88,42,27,8,24,0,37,111,313,1673,59,12,20,9,0,0,5,31,72,6,20,1,0,15,0,0,11,5,24,27,4,14,6,40,58,0,56,144,2,0,58,42,66,17,189,16,0,39,0,0,17,48,21,0,45,249,18,91,0,442,10,10,14,21,2,30,1,0,3,4,99,14,28,6,61,13,28,9,48,401,391,13,24,71,32,12,9,35,70,21,90,259,306,451,31,38,11,30,11,14,37,488,19,38,0,3,0,67,33,48,0,2,4,3,1,34,19,0,20,38,416,18,1,144,16,112,9,16,0,10,0,3,34,56,146,40,61,44,4,114,1957,0,101,1,21,20,1739,4,94,18,26,15,12,14,3,347,22,39,29,65,51,4,95,0,174,3,6,14,291,0,8,19,189,22,17,55,74,5,4,3,0,0,6,17,106,15,36,38,1245,12,149,121,12,16,37,55,17,0,6,71,2,6,30,0,15,117,1,67,5,38,404,248,39,17,36,4,38,0,0,7,173,90,57,17,1,120,2,12,10,84,27
cell_115,3,4,450,2,1,227,6,140,3480,2,44,14,125,62,44,2,2,82,23,4,6,26,29,13,0,26,18,11,7,4,0,74,51,102,10,9,9,5,0,0,1275,0,30,188,0,96,0,110,4,29,9,6,98,61,4,225,0,18,71,8,0,0,78,157,135,25,57,37,44,5,3,128,19,2,0,0,9,363,0,4,36,134,0,10,218,62,62,13,110,6,68,3,167,1,67,8,0,9,0,341,75,39,0,167,2,5,23,0,5,151,20,59,3,108,1,0,0,4973,94,40,44,2,0,61,53,7,0,5,4,12,7,36,80,92,92,60,40,53,62,70,29,76,21,78,1,95,18,24,336,48,0,83,0,76,17,95,20,18,19,94,85,10,1,0,190,9,4,17,22,5,57,62,18,0,5,73,5,0,47,7,127,0,26,63,31,46,46,68,418,19,4,39,5,54,157,1,9,31,14,110,0,28,7,1,36,62,8,29,48,68,26,2,3,12,45,37,20,21,36,17,31,38,103,52,222,0,243,0,70,0,128,163,58,20,37,6,66,1,1,206,17,4,38,140,10,5,104,23,8,33,31,101,197,13,9,35,16,15,40,101,0,127,7,19,539,58,2,23,26,17,46,13,40,44,0,28,117,405,1784,30,7,0,11,0,1,33,17,102,5,56,4,0,6,0,4,23,1181,36,11,2,17,0,56,216,5,63,248,16,0,77,24,116,36,2,42,4,60,4,5,5,102,58,1,10,48,1,13,39,532,8,67,4,28,12,27,19,0,6,6,113,4,28,15,12,30,6,5,0,0,191,17,15,37,29,18,0,33,61,182,51,184,136,898,78,45,8,100,47,33,0,1182,33,86,0,5,8,59,12,29,21,4,0,17,15,41,4,24,72,44,250,14,0,646,20,66,44,30,0,7,0,3,28,127,98,22,138,59,0,13,1978,3,12,1,21,16,1266,3,5,4,0,17,113,12,0,235,32,80,72,2,7,4,105,0,112,0,4,43,378,2,8,1,163,60,5,174,77,4,142,23,0,77,4,25,77,0,33,59,250,11,68,150,50,11,15,142,6,6,15,23,12,37,52,5,5,115,104,47,0,170,310,148,43,18,27,0,51,0,0,1,138,89,41,7,0,0,10,8,3,29,23
cell_116,1,85,256,33,0,74,54,140,4612,6,51,25,15,27,22,38,19,93,36,30,10,104,22,0,86,19,1,3,11,0,0,51,6,36,19,13,18,8,0,0,9133,0,127,14,0,63,17,36,75,15,56,11,125,40,3,112,9,4,38,59,0,0,10,153,183,12,24,64,3,2,7,56,14,0,0,62,49,154,0,1,4,86,10,6,661,120,110,4,54,3,82,2,263,27,24,27,19,2,4,170,163,238,6,546,1,34,0,0,17,80,33,21,0,81,1,0,0,3733,16,24,21,16,4,15,177,426,0,10,3,0,10,119,43,32,28,18,11,0,68,31,65,91,47,43,0,582,16,37,447,15,0,25,17,118,8,139,60,0,22,19,51,37,0,12,69,42,20,14,11,13,31,98,1,0,2,65,51,72,2,10,104,0,8,174,57,96,764,44,142,15,3,86,5,120,102,0,34,17,39,81,2,28,2,1,5,73,0,19,63,135,52,0,0,18,27,88,10,29,91,133,0,23,24,35,283,0,418,0,121,1,99,46,0,87,4,116,106,0,0,230,25,17,93,296,2,1,218,40,29,24,19,103,151,6,3,10,94,8,76,63,0,91,1,24,202,41,22,37,14,33,45,3,111,24,0,23,2,952,1441,339,13,11,0,12,0,0,53,139,3,1,0,0,0,10,0,8,0,17,53,9,11,0,50,219,27,55,982,12,0,68,29,82,35,57,17,0,10,0,5,15,46,41,1,75,158,1,18,19,311,19,43,2,85,4,23,17,0,17,44,137,25,46,6,15,0,2,13,0,0,251,0,20,43,13,8,0,69,77,1,72,117,210,1360,68,105,2,53,26,26,112,466,31,165,0,0,17,77,39,46,0,13,2,5,0,1,13,18,4,27,374,61,3,107,39,126,0,31,0,11,0,4,36,96,78,23,94,30,0,28,1150,0,2,1,6,6,565,10,11,41,1,96,9,29,0,366,58,69,166,58,43,34,132,0,176,1,0,18,551,0,0,92,170,23,1,30,40,12,57,2,2,1440,0,13,26,0,19,49,454,46,78,83,11,16,6,9,49,35,24,107,3,8,29,1,34,197,110,41,14,3,274,56,88,0,44,1,10,7,0,0,147,98,318,44,4,4,16,10,11,49,26
cell_117,18,41,303,12,361,64,64,68,4904,5,52,11,24,33,18,62,12,41,26,0,8,82,23,0,71,16,7,4,20,9,13,72,6,78,8,24,7,15,0,12,8700,0,160,54,0,56,46,93,5,9,25,2,154,31,0,124,0,3,70,62,0,5,46,73,211,29,24,41,10,3,2,12,54,4,9,180,51,382,0,1,0,101,7,16,836,185,47,13,76,3,134,14,239,5,44,169,0,3,8,163,155,230,1,195,3,40,18,0,3,60,20,25,2,33,0,0,1,3225,24,20,5,9,0,8,69,540,0,18,11,0,24,53,132,48,40,19,26,9,57,80,27,119,1,57,1,172,13,6,376,13,1076,33,8,167,14,256,40,0,22,27,79,38,0,22,49,3,3,21,1,12,48,134,14,7,0,59,0,16,0,1,122,1,2,303,5,94,692,62,40,15,11,74,0,72,85,5,0,45,7,69,0,9,1,1,31,91,15,11,83,134,178,0,0,14,22,63,21,6,85,13,0,4,22,5,170,2,432,0,123,0,106,73,47,82,2,41,266,5,3,234,7,5,45,368,1,3,255,111,40,32,10,42,44,18,3,40,188,20,81,124,0,99,18,30,233,5,12,48,7,53,64,16,19,25,0,33,134,916,1494,182,19,6,4,0,0,15,49,151,3,11,1,0,0,0,0,11,0,17,5,0,20,45,72,278,0,57,418,0,0,89,11,75,14,175,15,0,26,0,0,6,64,16,5,17,787,8,45,23,309,8,56,2,6,6,18,13,4,14,46,95,0,13,9,44,41,25,1,48,451,300,16,45,13,25,6,0,87,107,11,85,124,208,1193,13,166,2,87,10,21,2,460,42,77,15,11,8,3,22,41,6,6,3,24,0,8,2,0,10,40,217,29,3,67,24,153,4,50,0,16,0,5,40,56,186,53,112,59,3,31,1282,0,14,0,12,4,586,6,15,7,37,28,1,24,0,343,32,71,135,64,53,24,75,0,141,6,0,8,470,22,0,62,235,27,4,25,40,1,8,16,2,0,1,6,27,0,42,33,966,27,97,107,0,12,64,84,21,27,38,87,2,12,32,0,5,331,218,86,1,0,279,73,27,26,68,10,26,3,0,0,131,60,412,30,0,9,7,1,8,77,49
cell_118,0,17,101,210,1447,71,21,54,4909,18,85,14,4,11,26,60,6,93,13,26,66,43,21,0,0,32,3,4,26,0,14,36,5,279,2,0,13,11,0,0,8433,0,257,42,2,69,1,122,13,60,59,9,118,60,16,164,0,8,64,16,0,0,11,85,174,110,18,31,20,3,4,9,0,15,3,656,34,319,1,5,7,69,10,17,155,145,90,12,88,1,81,7,251,20,21,100,41,7,9,181,153,178,17,482,4,13,7,0,10,41,16,24,0,24,2,0,0,3249,77,116,38,2,3,41,78,587,0,37,25,1,9,112,112,24,45,3,14,7,92,112,45,64,1,55,2,222,6,35,391,8,571,15,14,125,14,326,6,0,39,46,99,32,0,36,56,1,1,27,7,13,34,72,17,24,1,36,6,9,0,0,100,5,35,131,32,35,750,136,222,8,5,28,1,114,105,0,1,34,4,69,5,31,8,0,10,97,0,5,100,131,3,0,2,10,29,55,9,13,61,23,2,28,15,7,263,0,400,10,79,0,70,102,142,69,15,70,44,2,0,207,13,4,67,561,0,9,213,43,57,31,10,84,93,44,5,23,177,20,88,56,0,86,0,17,202,36,0,20,6,76,62,24,120,5,0,20,38,178,1410,0,30,9,3,8,3,3,32,78,0,9,0,0,1,0,0,10,0,24,35,8,14,42,49,166,0,55,149,2,0,61,0,22,39,180,15,0,14,0,5,17,69,48,1,2,166,3,74,8,266,10,42,6,41,4,16,13,9,2,26,133,0,6,0,15,28,36,2,34,132,294,5,12,82,43,8,0,86,33,94,21,159,64,76,115,36,6,94,14,17,1,445,28,168,0,14,11,27,9,2,8,11,5,21,0,26,15,14,12,19,277,13,1,70,9,151,6,19,0,18,36,3,78,54,137,4,14,64,8,10,1328,2,14,2,7,7,591,10,33,10,0,32,6,34,8,93,41,73,181,47,41,33,122,3,44,0,0,15,184,0,0,30,225,24,0,23,58,15,2,0,2,10,1,22,33,2,23,6,720,6,29,64,2,21,68,13,16,139,12,105,19,1,15,2,5,14,41,161,1,182,261,76,60,3,43,0,35,5,12,0,97,87,440,41,3,9,15,0,15,67,34
cell_119,0,18,174,1,36,159,12,135,3889,2,103,18,35,43,55,29,15,65,2,1,58,203,33,7,32,21,0,8,54,6,8,61,10,60,4,1,6,11,0,0,3554,0,22,82,0,63,3,268,29,0,26,16,141,59,8,178,7,28,85,12,0,0,8,113,147,18,35,95,100,0,1,26,9,8,12,81,3,292,0,2,36,56,4,35,92,88,94,6,112,4,37,4,292,10,57,6,8,4,2,221,100,72,4,88,6,20,21,1,0,114,18,54,2,27,76,5,0,3338,57,103,63,0,32,42,51,211,0,5,7,0,2,52,55,90,117,5,32,14,48,29,71,100,17,93,2,57,17,18,438,10,0,34,4,248,11,141,52,17,27,108,102,2,0,32,111,6,2,33,7,22,24,95,6,2,13,28,40,6,0,7,84,2,34,100,24,62,143,20,204,52,11,26,1,150,104,0,53,29,168,85,0,26,12,0,34,101,8,25,83,74,13,0,0,19,41,106,21,46,74,7,0,9,66,4,632,3,552,0,65,6,67,150,57,45,29,56,92,4,7,161,10,0,30,195,6,5,95,24,18,23,22,99,227,11,43,15,71,12,82,49,0,58,5,32,442,28,2,30,18,4,46,16,9,2,0,118,219,262,1609,29,21,7,3,0,1,14,33,84,2,7,0,0,8,1,0,9,1,23,26,4,13,34,137,81,4,64,148,1,0,62,18,63,17,41,28,6,18,2,2,18,50,63,1,16,308,1,43,50,399,7,28,12,9,9,22,6,0,3,8,129,8,22,0,29,7,11,2,0,4,242,0,4,53,47,21,0,26,7,94,56,273,136,718,48,13,7,37,15,49,1,542,5,78,3,0,15,14,27,30,1,3,0,43,6,10,11,23,23,15,323,26,0,376,16,90,4,16,6,3,6,16,37,114,25,3,46,36,7,51,2166,0,18,3,5,19,2073,6,0,12,0,10,37,11,0,21,17,58,59,38,95,11,129,16,71,1,38,80,221,0,0,5,161,22,2,99,35,1,15,41,1,1,3,18,103,0,11,32,657,72,78,136,13,23,14,34,1,72,19,23,7,20,39,1,8,44,79,58,0,194,271,266,26,33,19,2,22,0,0,3,125,88,25,52,5,48,12,2,6,73,17
cell_120,12,46,196,37,12,24,89,95,5429,13,99,24,29,59,6,49,14,41,25,0,15,173,27,0,39,16,4,0,12,1,0,77,4,41,0,9,11,6,1,0,8796,157,163,58,0,36,0,118,27,27,109,7,98,20,0,34,3,0,68,22,0,2,15,44,193,62,21,60,39,2,10,115,58,0,19,111,99,61,2,14,7,74,4,51,711,73,102,1,69,5,96,7,247,35,41,211,9,0,35,194,70,296,8,330,8,43,34,20,2,70,19,30,5,28,0,0,0,3361,1,17,2,0,7,12,95,514,0,9,13,0,46,118,97,35,27,11,21,16,95,184,128,105,18,65,0,200,6,7,52,26,158,8,51,141,5,340,60,0,21,111,137,35,6,5,70,4,0,25,1,13,53,74,23,9,1,70,29,14,12,7,134,1,14,354,50,53,845,174,125,19,0,104,0,144,104,0,0,1,4,62,0,7,2,0,28,25,7,12,71,130,60,4,1,13,31,68,24,0,25,54,0,9,31,10,348,26,420,0,114,1,93,115,10,83,0,144,312,0,8,229,7,47,109,65,4,0,283,73,43,46,6,85,12,2,2,42,219,20,80,134,0,122,7,63,216,24,0,27,7,3,43,23,19,7,0,33,179,364,1429,364,11,29,0,3,3,12,86,42,6,2,0,0,6,0,0,15,3,15,44,3,18,50,138,284,7,45,854,7,10,73,14,57,19,106,19,0,25,0,5,2,52,32,22,67,352,12,57,9,294,22,61,1,15,4,12,12,0,6,71,104,0,6,3,119,12,15,9,53,438,346,0,2,40,60,8,0,79,83,5,84,153,238,1214,53,97,4,53,6,8,12,460,9,67,11,11,18,1,18,27,2,1,4,32,2,3,22,0,1,37,169,12,2,38,10,129,4,33,1,13,0,7,130,108,141,4,20,45,0,13,1199,3,33,2,20,3,555,5,56,16,0,8,3,8,7,91,38,58,76,74,25,4,109,7,143,3,1,2,75,0,0,13,185,30,13,32,28,4,5,13,0,0,0,1,34,6,23,43,468,4,34,87,3,24,26,8,6,62,6,32,6,23,29,2,4,22,54,44,1,185,135,51,77,4,43,7,1,9,0,0,109,96,214,28,3,150,10,6,22,51,38
cell_121,0,59,253,183,567,223,27,108,4950,8,59,13,3,72,31,42,18,69,19,26,10,110,21,0,1,20,7,16,18,2,0,70,22,105,2,15,3,1,0,6,8711,0,187,65,0,41,3,131,40,21,30,21,108,39,21,80,1,16,49,96,1,1,44,258,189,61,22,110,15,0,0,92,3,0,0,83,58,763,0,2,3,60,4,3,154,162,109,4,91,2,131,6,235,3,24,1,13,2,0,163,167,277,0,495,0,34,8,21,3,80,18,30,0,60,0,1,1,3747,14,92,20,0,0,8,89,522,0,9,10,0,1,93,118,50,49,2,14,26,76,33,72,101,7,55,0,773,9,15,441,24,1397,26,12,116,3,329,0,8,53,95,90,28,0,20,61,10,3,0,1,15,52,125,45,0,1,48,3,21,0,1,184,8,36,77,53,87,851,106,67,26,0,92,0,140,25,0,35,14,25,80,3,37,4,4,11,76,0,10,76,155,2,6,3,5,35,69,58,17,30,26,6,18,11,1,267,0,460,0,69,1,89,74,33,55,4,103,186,1,6,234,14,11,53,81,1,2,222,30,49,44,10,82,133,8,12,4,159,15,65,126,0,113,14,18,198,17,12,24,9,15,46,10,119,8,0,23,38,1053,1432,107,34,54,0,9,0,22,70,53,2,0,0,0,0,0,0,15,0,21,55,0,9,43,107,228,0,60,370,0,0,85,9,69,51,109,16,9,22,0,0,8,61,46,0,29,296,0,60,37,314,11,47,3,14,0,19,1,0,8,4,98,9,39,3,39,1,3,5,19,175,250,0,16,75,32,16,0,78,21,133,60,188,432,1190,21,39,6,89,11,25,37,428,26,169,4,5,17,24,45,32,0,9,0,7,4,14,21,12,6,6,318,6,0,403,13,97,3,33,0,25,0,14,98,112,169,22,3,5,0,10,1097,0,4,10,4,9,600,11,1,61,0,24,8,10,0,200,42,60,116,51,55,49,117,0,145,1,2,22,655,0,0,35,190,47,1,27,77,23,3,0,0,317,0,14,38,0,37,16,811,24,9,81,10,19,28,32,5,171,3,96,4,18,36,0,15,33,243,72,0,164,245,42,54,2,37,11,50,7,0,0,113,85,101,54,2,137,4,0,5,47,11
cell_122,0,28,193,33,119,133,39,162,4539,11,62,15,34,32,20,65,25,59,17,1,25,56,14,23,0,24,2,3,2,1,0,50,14,267,3,9,8,5,0,4,10200,0,113,45,1,19,58,91,15,45,34,17,163,57,12,139,0,7,50,69,0,0,25,237,231,68,19,34,85,0,11,32,5,8,3,41,18,301,0,1,7,97,4,4,118,163,103,17,52,12,99,10,292,28,26,238,20,27,6,163,168,312,2,535,0,30,22,103,6,68,28,44,5,8,0,0,5,3507,87,58,19,4,1,33,98,49,0,17,15,1,9,73,91,28,36,3,20,2,67,155,144,78,4,39,1,613,0,34,436,23,0,32,4,111,12,271,73,0,9,83,92,3,0,34,56,0,4,13,0,4,68,86,0,0,0,55,39,4,0,4,195,0,6,165,55,59,781,126,286,27,18,103,0,158,125,0,8,15,3,94,0,1,5,0,23,76,75,17,100,135,3,0,4,4,32,64,14,0,82,71,4,22,31,38,434,0,520,0,67,0,78,78,10,93,28,280,227,1,6,223,10,55,77,934,0,0,244,23,13,32,17,120,63,18,5,8,176,5,45,79,0,91,5,22,206,17,5,73,16,25,52,23,134,5,0,16,12,780,1312,76,12,16,1,2,0,20,54,129,0,3,0,0,9,0,0,1,0,18,33,21,28,2,56,182,0,58,774,0,5,81,4,46,41,11,13,0,27,0,5,27,52,68,0,73,2220,1,43,30,275,24,101,0,24,3,20,11,0,3,10,116,15,41,0,116,43,25,3,0,658,263,3,30,76,8,9,0,84,27,74,97,86,304,1143,115,88,3,58,1,12,16,445,15,31,2,4,15,98,12,22,2,17,2,27,3,5,16,6,12,37,356,16,2,480,34,137,12,32,0,16,0,5,30,96,122,6,117,17,1,45,1196,1,0,1,8,9,548,7,29,2,8,123,12,9,2,291,44,73,134,59,10,28,93,0,111,12,2,8,304,13,2,78,187,63,2,23,70,5,52,11,0,2240,0,18,26,0,55,69,808,32,36,84,19,20,37,43,43,51,32,52,3,11,25,1,2,242,29,157,1,192,260,75,17,25,58,1,88,5,0,0,176,83,323,10,1,116,24,2,4,65,30
cell_123,9,54,275,159,119,85,47,94,5069,36,72,17,12,54,39,77,7,40,34,44,30,149,25,6,0,22,2,8,50,12,1,68,0,292,3,9,4,13,0,5,8538,0,207,62,0,47,0,101,30,64,82,3,110,20,15,57,5,3,77,90,0,0,17,199,219,93,22,89,9,0,0,0,0,3,11,54,20,376,0,8,6,94,18,9,95,180,77,10,70,0,115,7,243,18,23,116,16,26,2,155,85,218,0,592,2,27,19,23,6,81,39,39,16,9,189,0,0,3519,1,55,43,5,0,25,58,703,0,8,9,0,4,91,94,39,16,5,33,1,66,176,103,181,4,59,0,860,7,29,475,17,0,31,37,124,5,324,33,0,13,100,93,43,2,133,54,36,6,14,0,25,44,100,12,21,0,52,2,27,2,0,161,4,18,276,39,84,777,48,250,6,0,84,0,162,127,0,34,55,24,65,0,23,9,0,11,74,4,17,69,149,9,2,3,5,31,80,23,4,59,82,1,9,25,10,522,0,430,0,97,4,121,62,0,73,21,31,231,15,0,211,9,59,88,347,0,2,247,108,40,31,13,60,59,11,18,33,180,18,62,79,0,103,4,9,229,16,17,3,14,98,66,47,9,25,1,31,0,429,1516,231,39,32,1,3,3,9,22,151,0,2,0,0,1,0,0,10,0,18,9,6,32,1,63,300,0,43,104,15,0,47,20,24,41,114,13,0,16,0,2,1,56,64,5,17,884,7,5,23,314,8,21,0,46,2,16,9,2,7,40,106,0,59,2,91,0,49,0,3,292,267,0,19,79,22,13,0,71,49,67,32,253,340,1098,61,113,4,88,3,29,24,430,4,96,5,8,29,23,40,20,0,1,1,2,2,13,9,1,6,35,338,59,0,449,29,137,4,26,0,6,0,11,19,50,191,11,22,50,1,24,1201,1,41,6,9,6,576,14,0,43,2,89,8,28,4,161,62,82,149,58,44,22,147,0,151,0,0,20,515,0,0,78,235,71,6,34,55,24,0,13,4,0,4,11,34,12,11,17,818,0,173,61,4,25,23,41,7,76,10,42,8,19,23,0,27,96,59,171,0,175,144,63,72,27,71,7,33,2,0,1,95,99,122,35,0,18,17,0,22,80,9
cell_124,0,52,284,0,133,191,12,95,4733,16,116,18,18,40,35,64,7,37,17,23,67,2,16,19,0,17,1,0,8,16,5,80,6,46,13,0,4,2,0,1,8543,0,43,43,0,81,331,96,12,6,21,1,82,8,1,40,0,9,69,78,0,0,41,87,81,14,26,19,10,4,3,4,8,0,23,60,60,435,73,5,14,93,9,48,536,128,41,5,80,7,25,12,241,13,23,103,40,5,0,175,132,195,0,650,13,33,22,0,11,84,34,33,8,20,1,0,0,3689,107,31,11,3,0,35,151,164,0,14,19,0,2,135,95,49,47,18,32,0,70,191,3,89,33,62,0,727,11,40,425,9,0,22,3,177,22,302,42,0,9,88,91,24,4,44,68,34,1,17,10,7,42,84,46,0,2,75,0,2,0,6,76,3,4,183,29,88,835,42,90,11,7,66,0,95,101,0,33,19,2,95,0,29,8,5,31,97,2,26,86,141,25,0,14,0,35,77,14,2,50,54,1,18,19,27,182,65,445,0,142,0,79,91,11,84,17,126,270,14,2,188,6,16,0,295,4,1,164,587,57,38,15,87,84,29,18,15,198,13,89,130,0,99,0,52,231,11,18,28,12,19,47,21,4,25,1,12,0,216,1546,51,13,5,0,51,3,19,53,159,0,6,0,0,19,5,0,27,8,26,19,31,3,0,91,228,0,39,971,3,0,64,0,53,25,7,15,0,18,0,2,5,63,61,0,7,30,0,0,39,295,14,88,6,4,1,15,41,7,6,55,98,3,9,5,100,22,1,16,0,351,294,0,12,89,32,9,2,72,5,3,73,230,260,1235,32,117,2,92,8,29,0,479,25,185,2,6,20,39,53,25,0,0,0,17,10,27,14,29,6,58,101,29,4,71,44,134,5,15,0,1,0,3,113,98,177,11,89,39,1,27,1107,0,3,4,1,5,521,8,2,3,3,21,0,29,0,92,36,63,205,67,10,18,124,2,147,0,0,27,557,2,0,0,194,44,3,30,12,2,94,8,1,2344,5,22,32,0,22,67,575,0,19,108,4,21,41,65,2,81,25,61,4,21,26,13,9,27,185,246,0,87,281,59,76,1,67,5,0,7,0,0,37,81,144,62,1,64,25,0,16,59,37
cell_125,2,69,252,7,618,15,44,116,4922,25,103,22,15,33,21,57,5,65,14,11,52,23,22,0,63,36,3,4,2,0,1,54,0,129,5,2,2,7,0,31,8439,4,49,8,0,45,0,42,16,7,57,4,43,89,7,122,1,9,75,86,0,0,71,119,230,86,16,36,22,2,9,8,9,15,0,5,86,135,0,8,20,75,6,13,517,174,5,21,85,8,33,4,223,17,16,157,2,0,6,174,187,210,0,588,5,39,35,74,1,36,37,29,3,38,185,4,5,3622,91,5,24,0,0,31,181,250,0,21,14,0,4,127,103,12,54,2,30,4,72,29,140,139,5,59,7,853,4,15,452,17,56,19,17,90,7,286,59,2,18,114,100,47,0,52,57,10,0,1,0,6,55,88,137,0,0,43,23,1,14,1,165,3,16,250,32,28,923,60,222,23,1,96,0,112,88,2,0,2,31,66,3,23,8,3,28,100,0,3,92,119,17,6,1,41,35,69,12,2,76,11,1,16,25,27,733,0,384,18,82,0,91,55,72,63,4,63,143,3,6,217,11,20,69,233,11,7,196,338,27,47,4,60,85,57,27,24,120,18,69,146,1,66,4,15,218,14,18,29,17,125,54,19,37,0,0,25,192,498,1487,261,0,2,0,108,0,14,71,58,1,1,1,0,0,1,0,5,910,21,64,9,20,39,12,177,0,28,558,0,0,71,2,92,45,52,9,3,11,0,2,28,19,70,0,75,873,4,10,9,295,0,57,4,8,3,14,34,1,6,5,133,0,10,7,81,5,9,9,1,0,255,9,133,94,52,14,1,80,30,6,26,148,479,987,82,46,1,78,5,13,0,475,31,41,3,1,25,45,25,29,2,4,0,19,7,7,17,7,3,30,383,31,0,335,11,111,5,41,1,12,97,3,32,28,208,13,51,18,0,20,1167,1,26,5,6,0,544,0,3,10,6,40,4,34,4,246,39,72,69,62,26,9,120,0,160,0,0,15,526,0,0,6,266,39,4,21,76,3,1,11,0,2256,2,6,39,13,62,43,955,9,129,91,12,21,18,71,6,185,26,85,3,13,26,0,23,22,44,176,0,5,290,75,44,11,49,11,6,16,0,0,121,75,206,31,3,0,19,5,26,11,37
cell_126,11,1,299,0,394,63,77,168,4712,28,35,2,15,59,24,50,21,79,5,23,48,145,19,1,51,18,7,2,4,0,0,86,3,100,4,6,27,0,0,40,8618,173,20,21,0,35,120,55,8,54,94,20,103,57,31,136,0,1,56,17,0,0,35,58,158,35,12,46,42,5,3,62,16,7,0,8,97,475,1,6,47,28,1,4,5,141,107,7,79,7,1,4,213,17,27,3,10,0,5,160,162,220,8,451,0,29,143,98,5,64,22,30,1,51,1,1,9,3605,119,9,9,0,1,42,13,83,0,0,3,0,11,97,98,39,38,25,33,1,44,62,124,86,5,50,0,776,14,22,445,10,0,34,7,66,16,325,24,14,22,127,120,28,0,0,48,1,12,15,1,2,50,113,38,0,0,60,12,26,4,15,185,0,28,427,65,90,874,76,206,6,0,84,0,53,19,12,6,43,40,43,12,32,0,6,7,99,1,3,58,119,8,1,2,2,23,73,22,19,45,23,0,26,26,33,188,0,438,0,6,3,108,87,113,10,4,26,180,13,5,184,10,6,115,138,1,6,264,344,9,25,17,77,49,36,14,4,204,24,67,154,0,105,0,4,228,11,8,53,19,81,64,0,188,7,0,30,194,231,1458,247,2,20,0,8,1,8,7,21,1,21,4,0,3,0,0,15,0,19,43,5,7,31,93,276,1,55,433,1,0,46,6,40,54,40,12,3,50,12,2,1,63,70,3,18,96,2,15,119,279,10,55,2,44,1,10,63,2,4,13,118,43,16,1,70,39,8,9,1,728,297,41,64,74,34,14,0,85,44,19,63,98,221,1333,107,25,0,11,17,27,49,459,26,10,1,8,28,107,12,38,2,6,0,21,7,18,13,40,6,3,333,0,3,353,3,107,3,25,30,29,0,2,31,82,153,8,76,74,0,0,1239,2,0,1,9,3,554,0,0,12,13,2,26,1,3,254,37,69,36,29,0,18,91,2,109,12,13,16,593,12,3,0,231,72,7,36,78,3,43,7,2,1297,13,24,29,0,4,57,616,6,123,73,15,22,0,86,11,132,31,242,8,19,27,0,6,31,10,225,0,146,228,76,77,0,80,6,10,0,2,2,63,110,228,4,6,2,13,3,7,87,17
cell_127,0,51,256,6,216,102,64,97,4428,2,29,24,37,73,26,61,16,81,4,4,84,25,23,0,0,23,1,4,4,4,1,74,3,0,1,0,16,2,0,40,8296,0,92,61,0,59,0,139,24,0,36,6,104,47,0,107,0,1,69,21,0,3,50,70,206,29,19,92,22,0,16,17,23,22,1,25,83,528,0,2,3,92,9,34,246,176,86,3,77,0,48,12,257,9,23,11,5,0,0,192,135,133,0,566,7,26,13,3,5,71,20,22,0,60,0,5,0,3226,0,5,13,6,0,34,132,594,0,23,17,0,0,143,105,50,47,19,16,0,38,136,36,111,14,64,1,725,18,44,425,31,7,29,18,148,8,309,35,0,16,37,98,32,0,19,74,7,7,19,2,11,44,152,61,1,0,45,2,44,0,7,94,1,14,69,80,108,873,81,165,29,20,0,0,153,132,0,3,10,7,85,0,25,2,2,31,113,1,13,86,137,5,1,10,20,47,71,9,32,68,152,1,19,35,19,222,36,475,0,111,0,110,56,0,101,0,60,215,11,0,207,8,22,0,374,2,0,267,668,61,11,20,46,66,22,13,51,210,24,71,77,1,85,3,86,206,40,10,24,9,22,44,6,19,0,0,5,12,519,1535,115,23,12,0,27,0,8,90,152,0,3,1,0,14,0,0,13,0,16,8,10,33,0,34,216,3,54,489,18,0,70,19,55,18,77,19,0,11,0,2,8,62,84,0,0,475,4,23,7,333,46,73,2,33,4,20,48,9,8,38,114,52,18,2,105,20,4,11,0,207,178,2,4,63,24,16,0,84,79,20,12,175,423,1326,46,65,0,75,23,16,0,464,20,183,3,18,26,80,28,46,3,6,0,34,12,8,6,15,15,30,280,12,0,58,10,152,8,32,0,16,4,7,47,67,199,15,115,30,0,9,1346,0,7,0,9,1,563,1,91,15,2,56,1,3,23,299,44,76,70,30,11,25,128,0,127,0,2,17,499,9,0,11,224,53,0,22,47,3,24,1,13,712,3,16,28,0,41,37,841,9,30,82,4,8,21,37,5,15,22,116,3,17,25,0,14,146,71,164,12,7,241,76,77,0,57,7,1,3,0,0,135,86,174,60,3,1,6,0,17,40,33
cell_128,0,16,291,17,1130,73,9,156,4850,14,43,25,24,53,31,62,19,70,25,4,44,97,17,56,8,25,2,18,19,9,0,67,19,40,15,17,6,28,0,63,8619,0,297,1,0,24,0,94,60,70,26,4,90,48,2,36,0,9,66,86,1,9,21,102,185,10,26,60,42,0,4,156,22,19,0,3,20,300,0,11,0,81,14,0,564,167,77,2,92,3,45,7,240,22,17,15,0,2,6,175,174,252,0,427,10,1,0,34,4,14,28,35,15,46,0,4,3,3364,0,0,25,0,2,7,64,42,0,1,11,4,3,85,105,29,30,8,11,10,65,31,121,53,16,58,1,462,6,7,442,59,25,38,50,120,7,313,97,0,3,99,106,32,0,14,54,34,1,13,11,12,50,123,7,0,4,47,0,20,0,1,202,11,4,52,51,110,853,39,197,18,13,100,0,158,86,0,0,1,27,72,8,26,0,0,37,89,2,25,70,131,153,7,4,1,36,72,9,2,90,31,3,23,17,21,739,13,423,16,56,0,75,92,394,60,0,25,169,1,7,198,19,15,101,177,10,7,280,6,14,35,13,75,55,52,36,24,203,21,79,161,0,97,4,13,186,6,5,49,19,14,40,43,117,28,1,20,119,443,1439,350,59,36,0,6,0,16,75,103,3,12,0,0,3,2,0,1,0,15,40,11,23,12,11,25,0,40,1162,0,0,61,0,76,44,26,6,4,8,0,1,3,60,70,1,46,1248,1,41,5,278,10,22,7,38,1,7,14,2,3,8,118,0,37,4,105,2,13,15,57,708,249,25,6,39,4,5,0,83,70,28,62,124,319,1346,83,128,5,82,16,24,0,440,46,66,1,0,5,69,30,31,0,0,0,21,0,22,16,0,3,29,407,20,0,86,19,144,15,35,0,6,0,3,52,85,125,28,121,36,0,12,1155,1,8,0,2,2,596,0,0,25,27,75,1,16,14,350,25,57,165,54,23,38,136,0,155,0,3,9,585,10,8,111,217,42,14,17,50,5,19,1,2,167,2,3,35,0,53,31,619,9,6,88,4,27,38,29,48,51,49,133,0,4,33,1,19,267,100,232,1,5,265,82,68,2,81,58,55,8,0,0,118,82,74,55,1,11,7,3,0,49,16
cell_129,0,36,438,1,88,163,101,140,2675,2,83,44,33,9,77,40,10,59,17,53,60,33,9,0,85,5,7,2,10,9,0,56,3,59,11,0,13,6,0,1,898,0,149,164,8,125,55,152,5,26,5,15,199,65,0,161,13,0,35,43,0,0,31,47,190,95,40,28,7,1,34,43,18,0,14,303,33,291,0,11,0,58,4,14,24,66,41,5,37,59,25,8,122,72,42,47,10,13,8,287,126,93,0,132,3,56,5,0,10,58,21,26,6,15,0,0,12,3653,9,24,50,0,1,40,77,214,0,7,11,0,14,83,101,65,72,49,7,12,61,45,29,54,0,83,5,106,15,37,248,72,0,21,59,170,6,101,41,7,38,64,29,10,2,65,153,45,25,18,0,6,20,138,51,0,2,77,30,4,0,1,29,5,10,90,30,8,333,4,66,29,3,33,0,15,137,0,23,7,47,49,0,9,2,0,67,65,0,50,71,83,24,0,1,1,34,19,11,16,77,102,22,21,41,57,291,0,251,16,130,1,67,169,0,100,0,37,10,0,9,119,13,18,0,167,8,6,85,48,88,30,23,136,105,45,7,70,75,12,49,49,0,117,2,40,445,41,20,7,8,30,68,46,2,18,2,0,19,291,1698,0,25,75,5,61,0,2,74,70,2,13,0,3,43,0,2,16,0,55,2,9,13,4,28,60,0,33,114,3,0,54,67,112,3,1,14,0,10,0,6,28,52,91,3,2,244,6,60,7,792,1,21,4,30,18,33,6,0,12,2,95,5,1,24,108,0,4,7,0,299,108,0,202,64,76,29,0,43,16,28,28,128,65,379,75,42,11,71,59,34,1,1073,24,115,0,3,44,17,45,4,0,6,0,54,0,50,7,11,149,28,228,56,0,256,12,63,5,27,0,2,0,11,57,45,127,3,67,46,12,19,1772,3,27,0,15,3,1705,0,0,16,1,5,9,30,75,236,28,87,40,23,68,37,147,0,89,0,16,21,242,10,0,62,161,32,11,88,64,30,10,101,11,75,13,23,70,1,12,36,525,0,90,167,9,18,50,18,1,1,20,39,0,6,53,4,21,118,106,46,2,0,411,144,27,0,14,2,9,3,0,2,357,67,56,10,4,7,2,0,8,69,42
cell_130,0,157,69,49,7,89,82,165,5164,3,117,47,25,88,44,136,25,29,11,30,144,13,44,1,31,12,7,14,16,0,1,73,22,374,6,1,19,3,0,13,3141,0,76,67,8,65,5,133,16,22,60,2,217,47,35,138,2,1,47,60,0,4,29,56,78,105,37,125,11,0,9,31,5,0,0,770,19,187,0,7,19,37,26,29,139,19,60,0,78,13,37,9,211,15,21,155,5,0,5,197,82,54,0,117,3,10,23,4,6,45,15,63,13,61,16,0,0,5228,0,42,27,0,2,47,105,127,0,12,12,0,0,24,47,27,88,14,27,22,54,19,25,92,13,75,1,64,13,7,97,66,0,30,29,243,1,124,6,0,13,73,106,5,4,43,193,2,0,16,0,1,32,34,0,0,9,41,39,7,0,1,61,7,14,40,20,42,163,75,1012,13,3,28,0,118,224,0,4,24,197,107,30,217,11,0,63,113,0,5,79,48,1,0,11,0,55,248,15,6,55,54,0,1,102,69,523,0,666,1,63,0,100,30,41,31,15,42,55,2,1,255,12,7,10,451,5,5,73,153,6,57,15,208,197,3,2,27,129,8,114,82,0,120,3,2,400,96,13,31,31,117,46,26,10,129,1,259,14,314,1985,42,22,74,1,50,7,21,56,137,7,69,4,0,7,0,0,19,0,30,9,3,21,28,125,41,0,78,32,0,0,55,32,212,15,0,21,0,12,1,4,20,26,40,0,2,74,0,38,135,406,0,68,0,2,11,24,12,0,0,108,140,7,7,5,331,6,29,10,2,0,231,33,77,184,90,20,1,24,8,52,75,193,78,529,64,102,0,14,19,22,6,491,14,73,2,14,18,5,33,29,0,1,0,29,4,4,16,65,10,35,178,126,5,486,20,96,8,22,0,0,0,15,12,9,88,27,0,6,3,33,2891,0,42,0,3,5,2456,20,0,66,0,37,4,52,13,624,14,63,74,90,49,31,165,0,104,1,13,116,797,0,0,27,127,27,2,136,96,34,0,20,1,0,2,1,213,5,5,42,527,26,40,242,14,20,39,119,2,108,12,2,27,19,29,8,11,154,65,141,1,131,634,308,68,124,23,9,23,25,0,5,110,39,18,14,4,183,6,1,9,47,9
cell_131,1,7,35,12,85,73,37,151,2564,12,71,33,59,16,39,27,4,60,15,10,14,169,18,0,33,65,31,10,14,34,4,14,8,17,3,0,18,24,0,0,485,0,180,39,0,69,0,53,13,55,61,11,69,55,7,111,0,0,86,90,0,3,8,20,263,28,44,27,26,3,5,8,14,6,0,194,0,264,0,4,7,81,23,3,11,77,92,1,55,11,62,2,114,54,18,0,9,0,1,312,115,147,29,63,1,27,0,2,2,14,35,56,11,97,0,2,10,1109,84,19,61,0,11,22,111,105,0,44,13,6,4,103,53,56,19,20,12,0,52,52,162,109,5,104,0,53,10,40,142,47,124,52,19,128,26,154,38,13,6,57,83,14,0,47,112,4,4,3,0,24,37,8,3,2,31,65,24,5,0,0,123,3,33,2,35,44,154,97,41,49,1,36,0,33,108,0,5,30,69,85,34,96,2,11,29,47,1,78,47,86,9,3,5,1,61,41,9,29,60,71,16,49,28,18,206,133,134,0,116,6,70,106,5,82,36,31,84,3,3,71,25,9,22,48,17,6,111,10,12,60,26,87,55,56,34,12,78,12,35,7,0,99,2,14,175,28,7,19,5,86,54,60,30,35,10,17,1,79,1577,80,2,6,0,0,0,40,4,57,2,25,0,0,2,8,0,2,0,41,16,4,40,0,40,75,0,52,109,0,0,58,6,23,21,61,35,5,10,0,19,26,43,89,0,70,50,6,81,9,771,15,3,3,50,29,36,4,38,7,6,114,0,9,12,53,0,57,20,0,3,197,8,54,7,0,19,0,62,44,27,10,171,79,118,99,75,15,98,8,11,2,2531,0,133,29,3,3,17,14,13,0,0,5,27,5,23,9,0,8,68,80,2,1,14,22,56,3,73,0,3,0,3,71,9,102,12,182,94,0,34,2268,2,0,1,3,19,2868,20,24,1,8,51,3,7,0,226,41,37,50,1,14,46,105,0,109,8,28,15,70,0,15,92,70,40,3,85,30,43,33,4,1,0,12,6,38,1,31,42,78,1,36,75,33,26,26,49,6,4,26,10,30,1,30,0,19,34,52,61,4,129,117,117,35,28,55,0,2,5,0,0,126,92,45,14,1,29,44,0,25,88,27
cell_132,0,14,54,110,21,184,15,129,2570,3,54,27,34,32,75,29,4,64,1,10,41,11,32,0,0,52,0,6,23,5,1,32,2,67,1,26,78,6,0,4,446,0,74,107,0,63,1,62,55,24,9,7,106,33,1,67,7,4,94,53,0,0,31,117,196,22,41,61,10,6,17,1,43,3,9,159,13,229,0,2,38,72,15,17,0,51,47,3,91,43,46,49,102,23,43,34,2,0,0,346,93,145,0,109,0,44,5,0,23,102,32,56,14,116,0,23,0,1248,43,29,23,2,0,57,71,49,0,2,28,12,0,72,42,48,83,43,41,23,77,9,108,14,4,113,3,182,14,58,118,13,0,46,16,205,0,152,19,9,7,52,87,18,0,1,66,10,29,34,24,20,50,115,11,0,9,68,35,37,0,13,57,4,60,15,41,43,142,15,54,60,5,13,1,47,38,0,0,22,63,56,16,16,5,4,27,64,4,61,62,73,1,5,23,10,57,33,5,2,40,28,21,21,87,51,48,0,166,0,42,0,113,55,36,64,3,9,5,3,2,26,10,11,7,39,3,0,92,104,40,45,27,34,48,32,40,83,111,32,60,56,0,100,0,14,197,2,56,25,21,14,49,28,31,79,1,25,39,129,1688,0,29,10,19,2,0,26,33,100,3,0,1,0,12,1,0,21,0,40,6,11,41,0,16,121,0,54,195,50,0,45,69,72,25,51,23,0,23,4,2,4,81,86,1,2,198,0,5,11,775,3,21,2,32,12,35,9,1,6,3,115,0,40,7,6,16,0,21,0,0,157,18,163,44,12,17,0,33,41,83,40,119,62,393,22,101,5,84,15,4,0,2380,38,133,7,16,38,99,61,17,4,0,0,29,7,32,16,64,44,55,133,13,1,213,36,86,11,50,0,5,0,20,79,68,19,6,68,11,0,37,2051,0,0,6,3,38,2943,4,1,20,0,45,9,26,0,197,23,48,15,38,19,45,117,0,119,6,0,28,171,1,6,94,106,35,0,45,79,56,27,5,0,172,4,21,36,0,24,80,99,0,19,83,39,22,25,66,1,7,38,54,3,22,33,0,6,60,126,30,2,183,86,140,37,0,86,5,10,15,0,0,154,60,9,27,1,92,3,0,7,117,26
cell_133,1,27,357,135,132,64,73,134,2673,2,45,22,66,12,14,31,6,50,37,0,7,70,29,15,43,4,2,3,20,0,1,82,5,60,1,0,5,15,0,48,1076,0,79,143,2,61,9,90,22,6,86,13,142,22,1,127,7,8,73,42,0,16,17,22,163,83,55,63,46,20,2,24,0,8,0,68,8,377,0,20,30,79,6,0,268,70,83,2,127,12,11,26,149,10,25,38,6,25,0,276,123,114,5,36,0,30,15,31,1,56,12,38,10,11,28,4,7,3357,77,46,43,24,3,54,86,292,0,16,16,1,20,78,87,39,79,6,39,1,45,10,83,153,0,120,0,107,7,17,214,9,122,23,18,146,21,148,31,0,18,44,146,2,0,2,191,0,4,15,7,7,55,94,7,5,10,42,7,12,0,3,123,0,16,19,9,30,407,13,200,33,22,24,3,76,139,0,8,13,29,60,0,62,2,10,50,57,15,29,50,82,4,0,1,51,45,46,57,0,34,50,1,8,35,39,52,0,221,2,96,2,78,55,3,63,1,19,4,3,0,123,13,4,11,169,1,3,65,93,26,17,16,26,85,15,12,6,176,19,46,63,1,123,5,5,485,17,8,36,10,29,58,10,6,17,0,21,111,156,1593,97,1,0,2,17,1,6,51,41,0,6,2,0,6,0,0,8,0,58,36,4,33,10,29,166,0,31,238,0,1,71,10,84,16,73,20,0,19,0,2,36,58,19,109,5,152,19,94,0,790,0,25,1,21,10,24,13,0,9,5,108,0,19,4,18,0,0,6,29,83,112,13,54,39,65,18,0,25,70,23,26,85,406,519,38,98,7,69,46,17,28,1057,24,39,54,10,31,88,25,49,4,12,5,30,2,1,14,4,16,48,227,34,0,262,3,73,1,31,0,13,0,13,48,31,68,11,307,24,12,44,1797,0,111,9,10,5,1687,1,5,17,6,3,18,8,44,330,26,85,69,21,47,22,58,0,83,0,2,24,114,1,0,60,145,60,16,76,59,2,12,21,1,603,3,28,50,3,48,17,595,5,15,62,5,29,17,9,6,9,14,60,10,19,51,11,2,87,17,63,0,22,365,118,55,1,63,7,18,11,0,13,77,75,45,35,1,65,11,3,1,46,7
cell_134,2,13,121,6,0,25,25,142,2477,2,60,4,21,3,14,31,3,40,108,0,21,60,48,0,43,29,6,4,3,1,1,51,17,116,0,0,36,0,0,4,428,45,58,32,12,43,17,34,5,22,28,3,80,87,31,93,8,26,71,77,0,8,43,41,182,6,34,47,40,3,32,1,0,26,0,101,29,149,7,0,6,67,9,4,121,65,11,25,49,15,27,27,115,18,34,5,1,0,16,331,89,113,0,90,3,32,16,20,16,63,22,52,21,128,0,0,5,1244,4,94,50,25,1,52,71,61,0,8,23,1,32,68,45,13,18,14,53,52,54,15,72,25,21,130,3,74,11,69,77,3,35,44,31,169,12,178,51,0,16,31,64,5,5,13,88,18,6,5,5,9,28,97,24,2,0,80,10,6,6,1,155,17,38,30,23,26,165,46,72,55,1,39,12,43,79,0,2,1,26,79,36,98,2,8,41,33,0,16,41,51,25,9,17,3,48,34,11,3,59,2,15,29,31,22,191,3,200,13,35,4,103,59,16,26,4,14,159,11,0,95,19,17,5,36,2,1,90,1,50,64,24,138,6,25,9,18,127,37,45,43,0,75,9,18,190,23,47,11,15,41,46,35,24,100,0,23,54,175,1654,0,6,13,1,11,2,49,16,74,10,33,1,0,6,4,1,22,260,51,17,16,4,1,14,16,0,45,46,0,0,66,3,87,16,18,26,0,5,9,3,36,45,66,46,1,55,19,8,1,750,31,36,8,30,11,27,12,4,0,41,122,0,16,12,39,5,13,4,3,0,171,15,135,51,1,32,0,61,14,12,18,155,29,410,41,66,10,73,10,6,45,2275,42,15,10,4,22,35,16,52,0,3,0,5,5,6,8,28,22,81,28,10,10,81,61,51,11,50,8,9,0,19,69,68,76,7,265,27,0,45,2076,0,79,2,15,16,2935,1,1,8,41,54,2,7,0,266,27,62,22,15,18,38,113,2,123,4,1,15,69,18,16,109,89,20,0,79,40,11,30,9,0,0,4,20,40,0,27,96,376,35,6,79,11,30,111,19,2,9,8,1,7,23,33,0,10,29,61,44,0,0,253,108,27,0,65,1,3,14,0,62,37,77,17,69,0,3,14,0,23,46,37
cell_135,2,15,238,0,60,80,15,83,8310,16,5,11,42,105,29,23,4,5,9,1,72,16,49,1867,95,23,48,5,7,17,2,113,19,145,81,0,0,1,0,71,1086,0,121,42,0,49,0,21,52,109,11,5,94,44,1,44,0,44,38,70,5,0,30,60,37,54,31,15,11,0,8,42,2,11,4,0,16,54,2,0,20,235,7,5,303,214,37,63,104,38,168,6,147,31,7,73,7,2,1,452,222,97,0,434,1,90,5,54,0,9,20,28,2,64,130,0,10,27547,229,7,13,1,4,48,155,114,0,13,16,5,4,11,198,3,20,11,14,1,72,34,107,33,24,30,10,88,24,12,267,27,0,13,12,14,4,209,173,7,39,77,116,59,3,43,184,11,2,4,0,17,28,20,54,2,0,11,6,0,4,3,98,0,5,152,77,37,1717,16,199,7,17,55,0,81,64,0,4,1,9,91,4,11,8,0,54,71,4,10,26,153,41,3,4,18,23,21,47,2,27,297,6,15,8,26,137,0,134,0,77,5,70,12,0,141,9,35,17,4,6,287,16,3,48,52,2,1,129,18,6,40,23,107,348,43,8,11,104,8,73,97,0,144,5,47,366,31,10,2,9,70,24,11,2,59,2,14,2,392,1296,48,11,120,0,4,0,25,58,24,1,1,3,0,0,9,0,21,165,43,45,0,7,34,11,63,0,43,55,6,0,85,0,71,163,0,14,196,99,0,4,1,90,14,2,3,66,6,15,22,465,0,1,5,2,6,16,14,6,9,0,46,1,2,22,38,0,10,6,0,45,83,14,186,19,28,23,0,49,52,56,170,86,238,313,117,97,3,15,60,25,3,1287,25,4,4,6,18,29,22,29,13,2,3,13,2,42,10,1,2,29,124,109,0,96,37,81,4,32,19,9,21,1,11,55,100,16,164,19,1,45,2196,1,89,1,8,4,1443,0,106,11,0,36,34,10,0,65,86,69,139,7,37,66,71,0,27,0,4,38,551,35,0,157,116,23,3,68,19,6,2,4,0,0,8,15,66,1,100,50,380,2,17,294,10,26,5,33,27,163,23,14,1,18,67,8,8,251,60,167,0,32,394,145,74,62,81,36,38,19,0,10,35,168,39,8,2,17,18,0,17,12,3
cell_136,3,25,290,31,3,32,76,158,3096,1,30,42,31,9,56,50,7,52,16,61,1,60,21,26,64,31,2,9,11,0,0,91,1,284,22,15,38,5,0,3,1031,0,120,119,0,16,0,40,40,21,41,18,155,25,12,109,1,11,64,41,3,0,35,23,196,86,24,9,19,0,26,8,36,2,77,702,31,165,11,9,31,86,6,5,73,44,66,0,83,49,10,8,121,49,32,46,19,1,10,296,147,129,3,78,2,27,17,26,2,55,24,22,2,30,29,1,16,3848,122,14,13,46,5,16,91,30,0,5,11,0,61,13,41,44,84,17,36,5,52,4,55,29,18,106,1,168,0,11,205,6,0,33,23,155,0,113,8,2,30,122,117,29,3,23,166,3,24,15,4,2,15,65,98,0,2,21,9,2,0,2,109,4,7,108,39,6,396,51,70,6,1,18,4,101,66,0,9,7,28,83,0,58,8,2,47,33,0,19,40,83,31,1,3,59,29,64,15,21,26,45,6,26,33,100,329,0,202,0,136,3,89,148,2,86,21,43,34,1,3,111,11,32,6,149,0,4,98,15,11,39,6,129,22,7,13,9,152,17,28,55,1,119,2,5,411,53,2,21,19,65,48,17,8,75,3,40,35,248,1699,84,0,29,0,43,1,28,17,25,13,40,0,0,0,0,0,5,0,67,12,23,16,25,26,149,0,38,192,19,0,75,32,129,3,1,22,0,4,0,9,10,54,63,21,12,68,2,44,6,778,1,13,5,34,3,28,5,0,18,60,113,0,12,8,98,0,3,32,0,238,171,2,447,54,6,25,0,55,88,29,29,129,124,542,80,103,7,42,15,7,7,1146,8,1,50,9,33,33,49,70,1,1,0,13,3,26,15,17,29,15,99,10,4,227,7,86,3,34,34,13,0,8,52,16,116,0,117,51,28,19,1609,1,182,2,4,13,1651,20,1,15,0,10,20,21,28,205,23,80,44,42,35,5,128,0,57,0,45,23,383,25,0,60,149,38,20,90,60,3,23,79,6,0,2,16,46,3,17,16,383,11,18,150,1,12,26,11,15,22,5,24,19,19,36,14,17,52,11,75,12,175,339,103,63,1,38,14,29,14,0,7,299,87,113,39,3,57,2,12,17,43,36
cell_137,9,26,147,0,41,45,14,185,9279,5,22,14,12,182,23,50,6,73,26,4,13,57,109,0,36,23,9,4,14,47,7,80,3,62,12,2,4,1,0,59,775,0,190,3,8,46,0,111,6,92,13,6,107,13,3,61,1,6,59,19,0,2,8,27,36,36,52,30,105,8,6,3,15,20,0,150,31,26,41,5,6,87,49,2,362,193,67,71,70,66,76,16,125,6,25,0,24,0,9,453,205,56,1,368,3,74,22,68,5,17,18,26,0,88,0,0,13,22639,33,11,16,0,0,33,292,210,0,5,23,0,12,28,181,41,31,14,21,30,66,23,127,112,3,28,14,44,31,59,225,15,2,25,71,32,2,260,63,0,45,66,169,55,0,0,168,5,20,15,12,5,14,62,47,0,0,49,0,8,1,6,98,0,16,17,56,39,1611,12,196,18,41,67,5,101,87,1,0,18,12,121,3,33,26,5,12,93,3,14,34,160,134,12,2,11,22,51,17,8,62,63,0,26,12,20,46,1,162,5,81,3,51,24,0,181,12,14,9,6,4,269,15,5,56,55,5,4,162,15,37,41,25,40,220,21,1,4,127,25,52,72,0,177,12,79,524,1,19,33,5,11,44,6,44,1,3,15,9,392,1537,71,98,157,0,25,0,14,79,46,9,3,0,0,0,0,0,31,0,34,34,0,16,39,35,104,0,32,72,17,0,64,33,50,64,74,31,0,52,0,0,2,87,62,36,0,258,33,41,3,453,14,7,0,24,9,20,22,0,17,4,59,0,0,14,19,65,0,4,0,756,142,40,53,23,42,22,3,54,24,41,172,103,300,268,51,140,4,103,6,92,8,1449,54,5,2,1,28,40,26,29,0,20,1,29,4,0,33,26,3,40,122,115,1,697,42,152,3,31,0,9,0,2,79,76,73,10,162,46,2,107,2547,1,96,2,5,2,1547,4,119,80,5,120,116,9,68,27,91,58,37,28,19,48,170,0,54,26,1,24,450,1,0,13,116,15,2,74,33,1,1,2,36,1033,0,40,91,0,154,17,341,1,8,291,5,23,28,43,51,141,49,32,1,10,44,0,16,50,30,68,3,0,331,179,49,8,59,6,17,21,0,1,40,175,10,38,3,72,0,1,7,40,10
cell_138,0,13,249,0,25,24,41,160,3355,6,76,32,53,3,62,27,11,80,19,28,9,25,53,0,2,18,0,1,2,0,0,58,14,266,7,0,61,1,0,52,793,0,148,38,0,152,62,125,18,10,34,26,129,11,22,117,1,1,39,84,0,3,19,25,73,32,75,48,8,30,21,17,4,0,0,63,24,96,0,4,58,98,14,0,324,72,23,28,131,49,96,1,81,14,34,30,3,0,4,502,117,157,3,140,0,28,18,4,6,6,18,36,0,86,0,2,0,4840,4,30,21,4,1,8,18,149,2,26,19,0,5,27,128,40,65,23,25,1,75,11,10,22,36,62,0,103,27,12,245,1,0,45,43,66,10,47,32,0,15,87,120,17,1,24,349,9,18,6,7,8,32,52,99,0,0,96,87,4,1,1,62,1,10,216,49,27,324,31,260,15,1,26,19,50,114,0,15,9,77,139,4,80,0,5,34,63,1,33,72,101,12,1,2,13,31,44,40,17,23,188,1,16,29,27,149,0,147,0,64,1,68,26,126,129,0,15,47,1,0,226,14,2,18,51,12,1,67,38,8,32,29,67,38,53,3,14,76,15,37,92,0,272,0,22,869,43,19,20,14,60,18,15,2,87,0,24,105,180,1749,66,40,2,0,11,0,5,40,44,5,64,0,0,8,11,25,30,0,154,27,4,0,7,20,97,0,38,120,7,0,52,26,117,21,105,27,0,0,2,3,17,93,54,4,6,69,5,11,13,1589,13,17,2,5,3,20,17,11,11,12,78,0,11,38,26,6,5,7,0,0,72,2,67,9,18,19,2,17,124,8,77,136,390,177,25,179,1,115,38,24,1,1059,46,25,0,2,21,68,49,76,4,0,2,11,2,0,9,2,3,42,245,30,0,181,38,111,1,34,0,6,0,4,23,55,36,21,81,20,8,17,1531,1,1,6,5,3,1330,5,1,23,20,73,31,14,14,142,37,52,90,18,1,21,267,0,19,0,7,23,282,3,2,140,197,51,9,81,13,0,34,12,3,0,2,35,89,0,96,61,259,11,23,100,6,17,6,4,34,21,28,32,0,15,93,3,7,10,84,90,6,0,275,96,86,0,25,5,27,21,0,5,236,121,12,49,8,44,8,7,5,35,44
cell_139,9,6,360,54,39,7,16,183,4710,4,26,105,121,35,24,39,4,65,26,41,63,41,85,3,35,20,25,2,17,0,2,22,24,177,15,0,22,7,0,84,870,0,460,45,1,89,0,154,16,85,2,1,162,31,21,78,11,0,30,9,1,2,7,120,45,118,51,19,11,19,0,64,41,0,1,58,0,53,0,1,20,52,14,53,1,64,84,11,78,113,48,7,187,20,17,291,14,0,8,412,148,165,0,188,4,47,38,28,22,34,17,42,28,123,0,0,15,8584,0,20,42,0,0,52,267,57,2,7,25,0,113,5,35,28,22,2,15,14,37,15,116,38,20,45,0,38,0,14,356,19,44,20,13,37,2,160,37,71,7,47,139,9,2,0,199,0,6,3,0,17,24,95,31,0,3,48,0,3,1,7,88,2,14,218,47,47,548,42,432,9,87,38,3,101,201,0,15,3,8,130,0,28,2,5,25,73,9,23,31,116,110,0,0,29,35,8,25,67,106,124,7,23,43,14,274,0,204,0,54,1,77,36,0,148,20,20,55,0,6,30,6,5,0,98,0,5,160,65,37,25,40,86,110,16,8,50,76,18,53,66,0,427,12,63,670,18,0,37,20,29,37,19,0,29,7,28,20,178,1426,32,18,9,3,21,1,14,22,79,0,19,2,0,36,0,5,7,230,25,31,22,11,4,47,55,0,40,160,10,0,65,80,77,74,82,10,8,33,1,1,0,88,71,0,20,348,12,7,63,542,4,22,3,39,4,16,4,0,8,4,69,0,5,31,108,19,16,28,40,89,108,7,110,58,19,19,0,29,83,106,84,120,155,381,26,110,8,68,37,91,0,937,14,56,0,5,5,27,24,31,22,2,0,31,0,64,5,0,10,17,168,43,0,385,26,159,13,21,0,53,8,2,83,69,44,14,106,64,0,16,2133,0,5,0,4,8,1945,9,0,0,21,43,64,45,0,130,66,68,74,14,18,3,163,1,72,7,4,7,353,1,0,27,200,14,1,49,43,1,38,36,12,61,12,5,118,10,55,50,475,20,3,181,16,19,55,144,56,12,42,12,0,17,57,5,2,293,20,141,0,36,285,238,70,178,30,14,94,6,0,0,89,130,8,8,5,21,12,4,18,50,11
cell_140,4,36,142,0,0,23,13,173,6066,0,11,28,3,13,32,71,4,63,17,2,11,85,109,16,169,24,37,3,0,88,0,16,60,208,13,0,10,3,0,7,468,0,177,18,12,100,25,264,21,62,4,6,106,58,0,96,11,34,77,32,1,4,8,9,44,38,30,83,36,4,7,1,9,0,0,42,33,71,0,1,12,136,38,20,16,199,13,18,75,48,206,4,103,63,23,0,11,0,32,460,161,115,1,199,3,87,11,27,9,28,18,29,6,52,109,0,0,7886,7,11,7,23,0,28,161,139,0,30,32,0,17,76,177,57,25,13,22,5,33,32,10,123,24,25,2,89,8,43,86,19,15,11,28,12,3,95,54,0,58,8,202,6,5,4,182,10,4,11,5,19,31,87,1,1,0,61,0,6,0,7,72,2,23,27,30,30,3817,16,103,23,20,42,1,103,59,0,0,0,36,99,6,16,7,1,51,104,5,17,19,121,45,2,8,27,17,101,6,0,137,91,0,17,24,20,100,0,178,4,87,1,25,24,3,108,23,12,39,9,4,182,17,6,63,65,0,1,97,6,30,30,20,40,48,24,9,22,197,24,61,98,0,69,12,6,507,19,21,22,11,9,45,3,5,1,0,12,11,137,1344,20,56,21,2,6,0,30,42,33,12,10,2,0,5,13,0,45,0,46,17,3,20,4,43,69,2,27,90,11,0,54,13,63,35,50,20,10,13,7,5,16,60,58,2,7,99,30,18,11,633,38,7,4,17,7,27,19,1,16,22,26,0,6,13,89,5,21,12,29,15,67,8,32,41,14,45,0,67,85,64,77,97,223,138,28,104,1,69,6,44,7,1159,51,17,3,8,37,73,51,29,30,18,0,43,2,5,28,1,1,37,21,58,3,61,61,98,17,41,0,0,6,8,61,52,124,12,22,10,1,78,3213,0,15,0,6,3,2053,25,19,84,0,91,279,25,7,27,66,64,60,29,39,45,150,0,71,1,0,1,195,16,0,80,141,8,1,72,7,11,2,10,2,174,1,7,47,3,66,61,62,17,47,222,5,21,73,14,3,68,20,26,1,18,32,1,23,95,167,154,1,86,303,47,29,0,164,5,26,46,0,7,109,99,12,11,7,109,5,0,2,36,21
cell_141,5,24,393,126,58,56,26,187,3491,3,42,37,40,13,88,0,1,82,6,4,27,171,76,40,95,2,9,1,9,5,2,152,8,126,7,3,0,6,0,0,387,0,88,101,0,210,10,121,34,7,11,5,230,41,0,119,9,7,52,8,0,0,0,62,46,58,67,27,12,1,5,10,11,0,3,113,42,123,0,8,55,130,6,15,288,99,38,7,127,19,22,8,88,15,34,1,7,0,25,518,149,161,0,208,2,37,25,5,11,77,16,48,32,33,0,0,0,4283,100,88,9,0,0,72,44,198,0,20,16,1,99,76,93,58,76,24,1,3,67,8,43,130,9,70,0,20,7,11,237,23,5,50,13,53,0,77,24,2,56,8,169,2,6,11,366,6,10,21,2,3,51,127,24,1,0,95,0,9,18,6,57,2,23,162,12,16,357,48,250,11,4,32,7,42,35,0,50,7,28,67,1,3,9,0,37,74,5,3,32,102,0,4,0,31,21,25,30,23,27,18,0,7,65,38,162,0,162,3,55,3,60,8,11,82,8,7,99,6,1,229,4,8,28,69,0,4,73,25,33,29,13,71,158,17,1,5,70,15,37,75,1,192,1,4,872,71,17,23,13,18,48,8,4,32,1,14,76,229,1721,72,52,0,16,34,0,4,44,20,2,23,1,0,13,0,5,30,199,115,18,12,3,12,80,89,0,20,47,0,0,56,37,124,27,84,21,0,50,1,25,17,94,52,0,2,14,26,22,0,1651,26,28,1,6,2,24,7,0,4,17,58,22,9,6,7,3,0,27,17,572,89,4,271,17,6,15,0,43,20,125,57,113,77,210,34,37,0,99,67,47,13,1037,28,50,0,11,5,44,44,66,28,8,1,9,8,25,29,9,6,15,163,8,2,235,33,28,1,23,7,8,0,22,77,120,25,20,10,5,0,20,1722,4,28,1,8,5,1292,2,40,4,18,5,87,26,0,0,40,80,33,26,59,12,92,1,69,29,4,10,249,0,0,48,206,31,4,92,50,1,5,17,15,78,0,51,59,1,25,22,208,3,31,147,12,29,34,10,0,25,34,12,10,16,67,1,10,10,151,64,1,255,214,101,74,57,66,19,73,15,0,1,95,94,13,17,1,10,6,0,11,17,65
cell_142,0,20,308,2,18,7,87,174,4687,1,17,62,90,20,31,44,14,45,33,5,6,104,41,2,0,24,10,6,10,0,0,95,1,316,7,2,47,6,0,97,1942,0,97,82,0,120,1,94,27,46,13,0,149,12,22,239,0,4,28,52,0,1,4,33,74,32,43,102,57,5,6,3,27,0,0,284,95,108,0,9,166,69,14,2,410,79,64,13,104,49,137,8,159,31,30,196,0,0,1,396,156,112,1,89,1,38,16,50,1,110,8,25,4,51,0,16,11,9880,178,9,29,1,1,46,77,155,0,109,15,0,48,18,131,86,22,18,38,3,55,32,108,175,4,44,26,146,14,28,425,32,0,27,71,37,9,110,41,58,16,50,161,48,0,20,207,5,0,18,4,9,27,99,9,0,0,81,3,2,7,4,75,5,24,24,56,16,595,0,415,8,50,2,0,38,133,0,0,38,26,131,6,33,1,15,10,89,2,14,45,116,24,5,2,2,31,48,24,6,79,262,14,11,55,36,398,21,226,12,42,0,57,77,0,108,1,12,0,19,5,353,14,13,41,42,13,0,131,71,49,23,34,62,90,42,19,10,55,12,64,66,0,423,7,58,616,2,11,22,3,68,51,19,3,6,0,19,58,68,1511,68,6,17,4,12,2,7,98,45,3,22,1,0,26,8,0,26,0,30,60,2,13,36,36,38,0,50,44,17,0,21,6,41,117,33,15,1,24,0,0,6,84,40,0,2,225,6,10,9,518,5,9,5,14,1,19,56,3,17,3,70,0,11,26,23,22,2,0,0,516,151,0,89,49,39,19,15,28,78,12,82,127,341,231,116,234,0,106,4,24,0,1001,46,18,0,9,17,14,29,45,8,8,1,16,4,3,6,8,7,22,247,42,0,123,8,135,3,34,0,33,0,9,58,68,46,3,118,35,3,32,1732,7,6,5,32,11,1800,1,0,29,18,41,86,39,64,136,17,73,45,17,39,6,217,12,69,0,1,14,296,51,0,94,274,62,1,59,21,17,2,12,5,761,0,12,117,24,87,20,460,1,25,156,7,20,3,72,68,89,34,57,1,15,57,1,15,309,207,101,0,0,268,181,84,371,81,0,9,9,0,0,75,111,36,32,4,11,7,21,11,49,17
cell_143,0,17,287,0,3,13,23,137,9188,10,20,17,43,3,28,21,6,57,24,1,13,84,92,1,0,19,2,7,11,26,0,59,2,63,64,0,0,15,0,12,860,0,422,11,2,68,0,130,38,153,13,8,109,35,0,152,0,19,60,36,0,0,16,56,50,27,45,112,12,5,1,13,13,0,7,0,54,191,0,1,8,255,16,13,418,180,9,46,91,7,251,5,105,32,14,135,1,121,5,486,206,67,1,462,1,81,38,1,5,5,16,26,3,41,0,0,12,23917,132,10,17,21,0,42,192,184,0,32,24,0,2,12,179,107,17,16,37,12,48,17,196,153,5,27,1,53,8,6,247,3,0,19,29,36,6,246,130,3,33,76,182,56,0,87,153,2,10,6,0,4,44,32,14,10,0,34,0,0,0,12,73,2,3,102,50,45,1558,36,301,11,3,51,0,69,121,0,7,2,2,111,11,15,9,2,33,99,0,18,37,170,217,1,4,6,19,43,71,19,113,199,2,28,18,46,208,0,149,0,78,1,47,14,37,125,0,15,74,0,0,259,11,2,65,133,6,15,153,10,7,35,23,67,287,14,0,32,66,4,45,83,0,173,37,70,468,76,12,13,13,1,33,17,19,11,5,15,2,231,1407,66,71,171,0,18,0,17,22,66,0,17,2,0,0,4,0,14,0,20,37,7,16,0,30,92,0,22,31,0,2,67,21,50,203,37,23,0,10,0,3,3,84,31,64,34,291,18,30,0,479,14,11,0,9,20,19,9,2,6,4,46,1,12,20,57,15,12,4,0,791,108,11,6,17,27,44,8,48,20,61,157,112,229,290,67,168,11,68,35,44,22,1314,34,6,6,3,18,30,15,43,4,0,7,51,1,24,13,0,0,38,159,117,0,2,56,222,8,33,7,51,52,3,37,45,102,24,171,20,1,159,2487,5,37,0,5,2,1496,8,6,13,12,91,573,8,0,52,73,73,236,14,7,22,88,0,32,0,1,18,320,0,0,93,213,10,19,97,16,4,22,13,1,275,1,14,90,0,121,60,218,32,27,322,9,26,9,56,61,40,87,5,1,8,57,13,5,248,78,61,3,48,370,165,26,1,199,10,72,8,0,0,47,199,42,10,7,3,23,4,11,40,14
cell_144,0,0,322,63,29,51,84,134,2882,1,23,5,7,10,85,12,6,70,12,0,94,202,33,0,40,16,11,12,4,12,3,86,0,277,9,0,5,29,0,3,1023,193,115,92,0,148,0,13,37,16,5,21,162,3,3,149,3,8,69,66,0,4,29,95,203,50,47,72,90,12,5,29,27,0,7,433,9,296,0,2,27,88,9,6,14,84,10,10,134,8,25,1,120,51,36,2,3,8,0,287,130,103,2,93,7,47,14,0,0,27,16,35,2,34,0,18,1,3589,72,95,11,2,9,17,79,163,0,63,5,0,5,37,120,94,69,56,40,2,46,15,56,10,0,118,9,135,2,28,219,10,11,27,47,105,35,181,16,0,29,83,139,26,0,26,167,47,13,4,4,38,30,66,18,1,9,63,8,2,2,2,32,4,27,17,45,21,490,35,193,37,3,7,0,38,20,0,15,9,0,35,18,22,4,4,13,67,9,21,76,31,11,2,2,17,40,56,31,0,52,4,0,7,27,31,56,31,195,13,79,2,78,183,36,86,0,3,69,8,0,113,20,20,28,178,6,8,75,2,31,24,19,96,65,21,21,33,86,7,42,48,0,118,9,11,380,0,12,36,3,55,50,60,26,91,0,36,23,325,1678,85,61,56,4,21,7,25,62,32,0,35,0,0,22,11,0,4,0,54,15,25,23,0,60,112,0,30,90,0,1,46,1,103,37,63,23,0,16,0,0,12,75,86,2,8,205,4,38,0,941,45,0,1,95,20,29,14,1,13,8,94,0,19,16,8,21,1,0,0,0,122,50,177,5,29,18,0,12,2,1,36,138,164,530,66,50,5,74,4,6,22,1248,78,31,27,15,37,89,56,59,0,13,0,5,1,21,9,34,29,65,216,3,0,195,23,83,1,28,5,47,0,9,42,51,19,32,439,36,16,53,1717,0,27,5,14,12,1785,11,0,15,18,52,17,1,0,228,22,74,60,24,26,50,160,1,95,0,4,31,180,20,1,92,155,50,25,85,16,3,54,61,5,0,0,19,55,0,48,49,198,6,19,166,6,17,0,3,19,36,33,32,6,9,25,0,3,34,119,40,6,0,318,102,38,0,28,2,14,11,0,2,287,55,13,7,18,8,29,8,1,32,17
cell_145,8,22,152,60,100,17,41,79,6113,6,18,34,86,24,13,65,14,63,5,4,26,10,33,24,149,32,4,2,5,54,2,110,17,143,4,0,22,2,0,46,503,0,148,47,0,97,124,177,52,1,21,7,36,23,4,65,2,1,67,8,0,14,19,5,26,99,32,66,28,31,6,7,28,0,18,37,30,156,0,0,10,160,28,3,123,150,24,41,90,102,28,13,90,2,16,111,9,0,14,450,205,137,4,96,2,73,33,5,1,36,27,32,1,103,59,0,0,6919,16,11,16,1,0,29,106,170,5,13,24,3,22,102,137,60,48,12,26,7,48,30,6,75,0,23,1,50,34,7,188,39,1,2,33,19,1,151,36,0,37,26,64,27,0,56,199,1,12,12,5,3,70,43,64,0,0,33,2,4,7,17,37,0,7,20,18,25,4043,8,52,2,4,43,0,35,50,0,63,0,15,89,0,15,0,0,68,81,0,22,17,121,121,0,1,17,24,33,25,27,102,53,0,22,18,7,85,9,173,2,71,2,64,11,22,146,6,1,34,15,0,140,15,10,39,102,7,0,97,164,21,33,12,44,91,6,9,31,173,14,42,78,0,72,66,53,439,17,10,13,10,70,34,7,45,20,0,14,117,140,1386,48,0,75,2,68,0,4,56,18,0,2,0,0,9,1,19,22,0,45,12,12,1,4,15,150,0,30,41,0,0,62,24,68,33,51,19,0,27,0,0,43,56,82,91,1,326,120,33,3,549,0,14,2,1,10,16,40,0,4,20,18,6,0,10,123,13,34,7,21,316,53,34,21,4,19,54,2,80,49,9,156,115,140,117,29,30,2,55,22,78,9,1130,11,60,5,13,45,107,44,30,1,0,9,54,4,0,31,5,3,41,15,50,7,37,35,148,13,19,0,14,0,1,41,60,49,8,4,13,1,35,3470,0,18,1,2,3,1959,0,67,31,0,34,115,31,33,36,56,45,56,33,45,19,26,0,66,0,3,6,247,12,0,41,97,8,1,82,25,2,2,47,11,26,3,40,33,3,68,114,260,23,13,196,7,6,26,67,18,28,68,63,2,29,23,1,6,100,131,30,9,0,251,42,21,0,183,5,1,49,0,0,63,75,15,33,8,2,13,0,12,4,18
cell_146,7,10,248,0,40,15,49,138,9033,3,4,21,35,145,18,33,8,64,12,0,18,48,95,0,0,20,0,1,13,101,3,101,36,239,12,0,3,0,0,7,845,0,323,11,0,23,6,104,36,26,4,10,104,5,12,89,0,8,59,17,1,9,42,18,44,29,47,81,43,53,17,22,19,28,0,53,11,176,0,5,5,256,13,1,108,163,97,36,78,44,37,5,108,40,18,155,23,20,2,434,216,69,14,196,0,80,48,54,5,51,15,34,0,106,109,3,7,27761,70,13,19,0,0,36,128,121,0,13,16,4,0,19,137,22,26,39,22,19,65,9,35,131,0,31,12,56,5,15,167,26,50,26,16,22,4,237,10,0,14,35,127,45,1,47,199,2,2,1,15,1,63,46,33,0,0,56,0,0,4,9,57,3,46,113,48,41,1706,6,105,16,45,65,0,101,46,0,57,26,19,117,6,9,0,0,5,91,1,1,32,158,13,2,2,0,27,55,6,19,55,17,10,20,21,29,64,1,145,3,39,2,73,2,39,72,0,0,59,25,4,303,15,11,50,124,16,9,142,50,38,59,20,131,133,42,12,6,139,22,68,122,0,203,3,53,424,13,6,35,3,42,49,1,35,10,0,17,118,113,1467,82,0,181,0,32,1,6,53,13,3,6,0,0,1,0,26,22,37,35,67,0,24,8,19,27,0,28,166,4,11,73,9,59,63,9,18,5,18,0,7,9,99,47,14,0,285,5,37,5,463,0,14,0,23,4,23,59,7,14,3,40,16,7,2,70,7,17,25,1,6,138,19,205,12,42,38,0,60,18,15,10,37,159,259,54,48,0,66,28,26,0,1367,51,6,0,4,18,54,11,48,15,7,6,56,1,1,21,9,3,28,123,50,0,633,17,194,2,24,0,42,1,5,18,31,54,8,172,42,15,48,2384,4,28,0,2,2,1620,1,17,26,10,72,12,19,61,52,77,46,135,32,4,17,194,0,56,0,0,31,553,18,0,62,120,47,0,109,37,12,6,8,6,33,1,4,65,0,162,29,377,11,3,284,3,23,28,83,14,173,21,57,2,19,66,0,9,52,269,102,0,44,311,139,70,15,136,20,6,16,1,4,46,205,11,13,0,84,4,5,12,25,9
cell_147,2,19,312,7,1,10,12,154,2986,3,79,9,56,13,13,31,2,53,18,15,0,52,72,0,0,14,1,8,1,0,1,9,11,156,2,0,10,7,2,47,699,0,179,28,0,112,2,176,7,41,8,7,231,36,129,14,10,23,45,48,0,5,8,43,62,8,62,46,22,3,6,59,0,0,0,85,6,70,0,6,83,117,31,8,43,93,37,13,74,7,72,7,67,8,22,0,4,10,1,482,88,160,0,75,2,70,34,3,24,38,15,34,11,52,0,0,0,4177,238,63,27,4,3,69,34,18,0,62,15,1,37,67,90,54,72,4,28,6,81,13,90,144,12,78,2,88,20,54,186,13,0,6,15,55,10,41,31,0,2,52,148,2,0,1,239,1,4,12,5,0,29,116,6,0,0,24,7,0,0,12,60,2,36,97,52,15,332,25,346,90,17,27,2,46,192,0,1,24,54,89,15,70,2,21,4,97,0,12,63,107,27,2,0,2,33,42,10,17,72,45,0,23,52,98,311,4,146,0,55,9,50,94,12,121,23,3,139,15,1,221,16,4,26,99,0,2,78,34,72,32,25,91,18,0,23,48,81,15,29,95,2,189,14,31,814,2,0,15,14,29,17,15,7,8,1,11,3,126,1923,59,7,6,0,38,2,19,0,95,0,37,0,0,2,14,0,29,0,109,9,7,30,0,36,37,0,20,195,4,0,70,29,90,92,44,15,0,16,0,5,5,82,39,5,5,15,12,6,0,1574,69,5,8,24,6,14,16,4,2,20,80,0,19,10,45,19,15,9,3,161,57,18,4,18,21,23,0,49,76,59,47,61,286,419,67,92,16,104,55,71,10,997,17,31,0,3,26,7,25,7,2,2,0,22,13,8,14,8,1,49,296,17,0,212,30,110,6,27,0,5,4,9,91,48,66,10,67,43,0,41,1781,5,106,10,5,1,1380,19,23,14,16,99,54,16,33,174,33,74,60,18,0,13,190,0,55,3,1,16,116,0,14,46,134,41,6,63,30,9,11,6,2,38,2,33,119,0,29,38,308,4,12,130,17,14,25,35,0,54,23,50,2,24,99,1,8,67,136,152,4,139,157,152,67,11,65,5,11,10,0,11,163,79,5,17,0,13,3,0,3,24,22
cell_148,4,20,359,1,36,18,71,147,3602,2,15,31,16,4,14,18,4,70,10,11,3,181,54,0,29,21,5,4,22,0,1,117,10,276,12,3,74,3,0,7,731,3,224,48,0,131,0,81,67,45,37,6,196,13,31,150,3,4,28,25,0,1,1,96,68,79,43,68,12,1,6,34,2,11,7,2,14,190,23,0,4,113,8,23,317,79,67,11,146,57,35,2,78,7,20,58,14,0,27,549,154,200,0,214,1,22,8,7,1,40,13,43,6,110,0,0,2,4403,145,13,7,0,1,35,118,210,0,36,18,0,11,74,123,12,46,3,29,0,80,4,58,109,4,60,0,59,0,7,173,30,67,36,1,54,12,103,33,0,11,50,220,5,0,36,286,18,8,21,0,6,67,108,158,11,0,132,4,11,21,1,52,0,5,42,36,18,368,61,54,20,3,35,4,69,87,0,48,1,71,121,19,70,2,3,21,61,5,17,71,79,54,1,0,8,18,59,23,0,30,35,0,24,26,8,257,0,156,0,36,0,69,55,1,127,7,13,69,2,0,238,16,0,47,90,5,9,88,14,15,46,20,94,37,35,7,5,75,8,30,67,0,241,28,15,720,32,16,30,7,7,39,12,4,28,0,33,9,45,1828,85,12,20,0,1,4,23,5,4,11,32,0,1,9,0,12,7,0,84,14,3,23,57,26,59,0,27,133,0,0,92,10,122,101,3,19,1,0,0,19,0,102,21,40,28,39,12,56,2,1582,21,37,0,41,4,34,2,0,1,39,86,6,34,44,44,5,9,13,30,630,138,8,461,13,9,25,5,19,102,118,69,94,207,236,60,144,2,50,71,27,21,1217,15,4,0,1,3,96,14,76,4,2,4,13,2,0,4,1,1,50,256,7,1,78,29,15,6,30,0,14,0,5,50,64,59,7,118,20,0,30,1763,10,40,5,4,2,1353,1,74,25,0,73,11,6,0,180,36,47,47,12,22,23,125,0,82,9,11,20,235,0,0,118,103,30,7,104,51,1,15,8,7,0,0,27,85,2,117,18,287,4,23,126,2,27,8,86,4,57,16,7,6,27,104,1,1,168,49,102,1,16,200,106,96,43,24,8,163,7,0,7,146,78,18,51,2,0,22,0,16,21,26
cell_149,2,23,177,117,12,66,11,173,5687,5,11,4,17,6,3,53,7,38,2,0,63,154,98,0,0,15,26,2,0,6,0,78,2,8,2,1,13,0,0,7,455,4,82,37,4,108,1,191,27,29,25,11,86,64,0,93,7,54,44,39,0,7,7,25,47,43,11,55,53,40,16,0,20,35,0,70,14,77,0,1,6,136,33,17,51,209,10,34,82,24,57,39,93,17,21,32,3,1,3,476,166,136,0,159,0,49,14,0,4,16,24,21,1,74,20,4,1,7469,3,36,7,22,0,43,24,158,0,30,22,1,8,74,144,44,39,2,21,2,68,62,125,92,8,31,6,122,30,11,158,18,8,5,0,26,2,127,83,0,8,32,185,13,0,7,242,0,4,20,32,1,71,55,5,8,0,38,4,11,15,4,127,0,16,3,26,42,4748,21,146,54,12,40,16,109,23,0,0,0,27,105,12,12,1,1,56,127,27,4,44,127,11,0,10,55,25,109,56,0,38,71,2,7,7,63,50,3,127,8,85,0,36,6,15,118,14,0,43,6,2,178,9,0,43,223,0,1,90,95,14,32,14,51,10,10,14,3,194,22,53,83,0,56,26,17,479,4,30,19,17,0,21,0,39,20,0,25,139,155,1374,25,46,68,0,34,0,16,20,42,2,9,4,0,8,11,3,48,0,49,6,15,19,4,28,121,0,27,133,3,0,54,0,42,55,65,24,0,12,0,9,39,64,24,5,9,15,35,24,0,617,154,26,1,9,11,21,36,34,4,4,30,19,16,7,2,113,3,13,41,317,53,87,29,9,85,13,12,68,34,8,81,73,240,114,100,56,0,76,26,17,2,1157,45,23,1,13,30,66,41,33,32,13,0,24,32,2,36,8,1,25,26,10,3,133,61,175,4,27,0,10,8,9,105,69,34,26,48,3,3,95,3340,6,39,15,13,5,2080,28,7,79,5,91,103,5,37,79,56,35,163,21,9,114,17,0,73,8,6,27,136,3,26,49,135,50,3,67,31,1,2,0,3,218,5,40,28,8,77,22,177,25,0,159,0,23,16,24,12,60,21,2,3,18,47,0,22,82,44,92,19,55,201,57,52,0,81,29,5,32,0,4,25,114,2,1,4,78,8,2,5,30,6
cell_150,1,10,303,62,15,75,30,93,8329,10,10,18,46,176,40,61,5,61,7,12,67,15,85,469,22,20,3,5,9,53,0,77,3,75,36,0,6,0,0,66,788,70,218,63,0,30,30,47,51,87,10,8,106,51,1,115,4,19,48,31,0,1,23,4,19,39,48,37,5,40,10,2,66,0,0,50,48,38,0,0,34,122,79,8,395,114,84,52,72,20,128,20,99,28,17,158,57,0,1,474,222,68,1,432,6,61,6,32,22,51,25,25,0,83,14,3,0,24059,278,9,19,0,0,50,356,103,7,2,18,1,5,13,83,115,47,23,12,25,55,23,150,59,22,29,4,23,12,48,262,46,39,18,0,10,6,234,3,14,9,8,141,49,2,7,164,0,2,11,12,2,71,64,117,1,1,64,0,8,0,18,61,0,50,118,55,55,1054,18,39,4,0,14,25,65,72,0,0,27,21,127,1,20,0,0,26,116,0,9,12,145,16,0,17,35,20,55,54,67,81,106,0,14,14,18,102,0,148,1,44,0,65,7,4,95,38,5,82,5,1,237,11,1,73,77,0,2,163,132,40,35,22,57,136,16,6,23,75,24,45,29,0,121,1,13,499,32,6,10,15,4,35,2,30,39,3,12,114,76,1456,19,0,144,0,7,0,5,3,49,0,0,0,0,40,0,6,38,0,33,65,6,12,1,40,91,21,36,68,7,0,16,96,21,13,139,12,7,75,0,7,14,88,70,0,1,27,5,18,32,480,2,2,0,6,2,17,10,1,14,57,43,40,2,3,60,27,0,26,0,651,66,11,125,36,13,26,2,35,33,38,132,110,102,205,15,72,0,109,31,56,23,1436,0,36,8,22,26,79,17,26,35,3,7,40,2,26,10,7,3,25,34,10,0,500,9,115,13,27,1,10,0,1,21,78,63,4,16,36,3,74,2607,0,116,3,2,16,1576,10,0,4,3,6,435,5,19,14,66,67,129,29,18,12,195,0,56,0,0,29,440,7,0,23,199,35,0,82,33,2,6,9,12,82,0,34,94,0,23,52,495,3,3,295,4,8,51,59,20,37,47,37,4,12,67,0,5,117,100,96,1,45,85,120,52,154,193,24,27,9,0,7,30,161,30,23,2,23,1,1,10,49,7
cell_151,0,30,182,108,25,86,6,33,6093,0,21,12,40,34,11,87,1,51,2,10,64,27,67,0,64,29,14,7,2,7,0,49,15,124,7,7,20,11,0,36,444,19,260,50,0,59,17,218,11,95,11,7,81,73,4,61,0,31,57,77,0,2,16,27,38,26,45,11,68,37,3,1,56,1,1,67,21,56,0,0,7,153,62,13,0,131,41,14,109,58,211,28,103,21,27,54,31,2,0,431,214,121,0,136,4,96,17,44,6,24,40,42,2,89,0,0,6,8379,119,54,15,1,0,38,201,52,0,3,24,4,10,79,191,73,32,6,18,13,72,14,53,71,13,30,1,126,19,42,166,44,0,5,8,29,0,160,69,0,19,67,191,38,1,0,194,5,1,6,17,4,40,71,58,0,1,36,0,13,0,3,79,1,22,45,32,37,2989,19,28,15,12,49,9,119,37,0,0,5,27,100,10,13,4,0,74,125,9,42,18,135,143,0,3,30,22,91,16,1,74,71,2,5,32,33,45,0,149,3,41,4,29,6,1,98,19,8,34,5,7,177,8,0,12,33,0,12,110,11,35,17,18,91,39,9,18,44,206,60,67,87,0,87,20,11,464,4,15,9,13,6,10,3,28,0,0,4,115,275,1310,0,18,89,1,10,0,24,7,30,1,4,0,0,27,1,1,57,0,37,20,2,0,1,10,125,0,24,114,11,0,59,50,44,43,91,23,86,30,1,0,6,59,59,0,13,61,12,1,7,597,149,4,0,2,8,11,12,0,19,1,27,0,4,13,41,26,6,12,0,90,49,8,52,26,56,48,0,78,75,126,183,82,239,149,105,147,19,51,23,44,0,1285,54,37,0,9,41,13,42,35,46,8,0,39,26,8,12,4,3,44,67,21,9,253,59,184,1,50,0,3,1,4,143,82,84,32,35,38,0,86,3051,1,18,8,11,5,1980,34,0,62,14,97,85,7,0,97,55,51,53,33,15,19,168,15,73,18,0,16,274,0,45,127,125,46,1,90,27,12,5,6,14,54,0,21,40,0,13,116,215,17,16,170,5,26,32,38,6,16,29,16,0,19,41,0,29,62,47,92,3,66,248,38,65,9,168,58,4,7,0,0,68,144,10,17,2,20,9,0,1,20,9
cell_152,0,17,78,69,26,30,12,75,5565,1,30,24,110,25,34,67,2,57,9,4,62,20,108,0,3,16,8,3,2,37,0,18,15,139,6,0,7,1,0,23,469,0,67,5,3,134,81,150,26,21,22,21,31,30,0,15,2,10,48,7,0,11,9,36,45,19,36,13,37,37,9,2,27,15,0,1,16,71,0,0,9,157,45,7,5,169,11,13,17,39,43,8,97,12,18,81,12,0,0,496,254,111,16,242,20,71,6,8,4,16,41,15,5,75,0,0,3,7551,41,2,28,0,2,35,190,100,0,14,17,8,0,36,157,28,51,21,30,1,51,11,154,79,5,37,0,85,19,14,161,31,39,21,14,24,17,144,80,0,20,23,39,23,0,44,231,0,19,14,26,1,35,60,122,1,0,50,5,11,0,2,92,0,26,58,37,49,5580,24,63,20,8,48,12,77,96,0,0,4,21,89,2,29,6,0,91,100,1,16,33,147,27,0,0,17,22,60,16,45,99,40,2,20,20,35,62,0,142,4,108,4,76,2,15,157,55,3,19,1,0,176,25,20,44,216,0,5,87,174,11,25,15,103,67,32,0,56,46,3,32,79,0,79,3,17,497,65,11,19,17,77,51,7,140,90,0,5,146,194,1238,4,46,110,2,12,0,15,52,23,3,2,0,0,0,0,3,53,15,53,30,17,22,6,6,139,0,35,126,0,3,94,4,28,26,12,24,0,4,0,11,21,67,57,12,8,198,36,51,5,606,47,13,0,8,24,16,7,0,3,7,35,5,8,6,80,118,4,16,2,236,71,50,18,34,3,31,11,57,60,29,103,111,69,11,41,86,0,78,15,111,8,1244,3,37,1,7,20,105,3,33,66,18,7,48,3,5,10,5,0,56,8,32,1,27,49,144,3,29,0,3,0,7,11,38,145,13,34,16,0,34,3420,0,26,0,1,3,1968,4,1,6,23,42,33,4,4,80,75,62,54,36,30,35,72,0,50,0,0,4,59,5,0,47,111,12,0,35,29,0,9,12,88,474,1,33,37,4,37,91,282,5,0,179,10,17,39,68,23,23,48,2,5,6,27,10,6,386,33,41,3,74,286,56,32,4,91,15,76,39,0,2,76,75,9,13,2,15,11,0,13,22,15
cell_153,3,15,197,3,5,8,10,182,5587,7,38,6,2,40,33,64,0,8,10,20,1,98,85,65,76,18,5,5,7,13,0,79,13,36,16,4,30,1,0,58,272,4,67,42,0,50,7,109,10,160,0,5,33,26,5,20,0,21,50,53,3,2,2,35,35,8,17,36,12,7,18,0,45,1,0,1,41,30,0,0,19,153,9,0,12,203,61,31,68,16,160,21,84,76,20,35,4,17,10,461,83,119,0,227,5,55,58,15,30,29,24,25,1,80,98,3,18,7545,7,27,30,13,0,35,155,26,0,21,19,7,17,35,119,69,20,23,20,6,70,32,37,87,34,24,3,54,5,66,114,5,5,10,10,9,4,138,78,0,11,5,165,38,0,63,239,20,0,5,3,3,20,65,27,5,0,49,0,5,0,10,97,1,63,66,74,40,2936,16,23,23,5,40,0,57,64,18,0,9,28,82,0,8,4,0,65,112,5,7,41,129,21,0,2,11,26,94,6,22,98,45,0,15,24,6,67,2,116,31,24,1,87,17,7,89,2,6,17,17,5,173,9,3,50,21,1,23,114,8,42,48,31,93,144,27,4,5,226,45,61,51,2,72,5,9,488,6,29,23,9,126,31,3,84,50,1,15,73,123,1370,2,8,103,0,6,2,10,18,24,1,3,7,0,42,0,3,28,0,45,34,5,15,0,29,116,0,44,58,3,0,25,21,65,62,41,20,2,11,3,0,2,29,59,0,6,99,27,14,1,596,37,8,1,15,5,20,6,0,23,13,37,1,4,10,78,22,0,32,0,132,67,1,262,34,33,48,0,87,36,7,69,72,141,72,42,95,1,45,8,71,16,1216,23,58,7,2,17,60,43,35,18,19,0,9,2,15,39,11,13,25,80,0,0,57,49,114,5,53,3,6,0,1,37,57,105,10,9,12,2,11,3263,0,34,3,2,4,2088,13,47,25,0,16,236,40,16,122,68,34,90,31,39,16,191,7,64,26,1,3,145,0,0,116,152,63,0,85,23,2,1,5,9,339,1,30,39,2,1,43,299,0,24,185,0,25,1,54,13,29,9,25,2,11,39,0,16,172,55,187,4,25,301,47,42,2,70,22,1,17,82,0,79,114,5,46,5,76,3,14,1,37,11
cell_154,4,13,142,0,21,9,36,126,5686,8,29,12,28,24,41,60,2,24,21,3,6,114,94,0,159,19,8,4,16,17,1,119,4,170,11,0,2,0,0,112,495,49,148,8,0,87,7,123,24,119,19,0,75,80,6,70,0,26,53,63,5,1,9,35,54,39,25,57,23,0,25,27,0,42,0,0,37,83,8,0,0,125,23,3,237,155,62,66,95,46,57,6,94,2,21,50,1,0,32,442,196,100,0,165,8,40,21,53,12,32,45,28,15,67,0,1,6,8449,41,10,27,0,0,27,144,120,0,96,22,1,6,34,162,55,41,17,21,0,75,59,95,60,13,33,0,77,0,42,176,54,0,19,28,20,4,153,80,6,15,77,186,10,2,40,248,2,2,23,16,2,43,66,101,1,0,49,0,13,0,7,109,8,35,75,66,38,4004,7,154,6,6,30,0,168,40,4,0,4,19,97,1,23,0,9,87,64,0,19,5,106,129,9,13,20,30,76,6,4,84,166,0,10,14,20,82,1,148,1,48,0,68,46,1,39,2,2,9,18,5,163,6,1,51,118,1,8,87,84,19,49,19,40,0,22,3,12,229,61,52,85,0,67,0,30,492,1,2,15,22,81,33,13,12,80,0,17,136,203,1345,3,1,59,0,0,3,23,78,21,11,0,0,2,21,0,0,70,0,58,23,9,22,6,35,73,0,30,105,0,0,49,34,55,35,14,16,0,7,0,0,0,102,66,14,2,17,5,12,5,604,17,8,8,19,16,18,21,0,19,76,34,0,21,10,98,40,2,2,1,1,60,19,3,47,15,60,0,66,68,59,135,84,263,122,81,142,1,68,7,68,0,1256,59,39,1,5,39,23,31,32,0,18,0,31,0,4,11,1,2,17,28,18,3,125,38,78,2,46,0,11,0,10,75,29,90,16,107,38,0,5,2917,0,59,1,18,2,2010,3,0,58,24,45,10,9,0,62,74,40,44,31,41,30,173,0,86,4,5,11,219,0,3,17,139,55,6,64,26,13,0,18,32,0,2,14,34,0,99,13,346,0,11,173,4,19,82,9,27,133,15,51,4,15,32,0,7,113,79,170,3,85,355,30,55,5,35,14,4,41,0,11,71,137,15,4,3,5,8,0,14,30,14
cell_155,0,23,157,96,4,18,12,188,5635,2,24,12,14,34,42,89,1,49,3,28,9,35,84,2,0,18,1,15,9,0,0,53,1,23,6,0,0,1,0,25,434,0,416,40,0,134,0,207,76,51,42,3,76,0,14,5,0,38,53,78,2,0,3,13,27,3,43,23,20,2,0,0,1,22,0,19,20,143,0,0,15,182,16,2,186,160,73,45,100,4,4,27,96,12,23,33,6,0,0,422,202,129,1,185,1,42,9,0,2,0,50,31,1,122,68,0,0,7168,1,15,38,15,4,40,91,162,0,17,24,8,23,89,164,32,33,7,12,0,54,25,96,46,5,31,0,143,43,65,127,47,3,20,23,21,16,112,11,12,22,12,176,44,0,2,202,1,0,2,5,5,65,57,9,6,0,59,7,0,0,4,11,0,54,7,48,53,5514,25,107,43,3,38,0,135,56,0,0,6,37,86,22,26,13,11,35,80,0,40,23,112,4,1,23,50,33,99,69,4,53,159,0,0,14,6,92,7,154,1,34,0,79,13,1,89,11,21,0,43,4,185,22,1,1,31,0,5,87,61,36,64,28,125,85,10,6,13,237,56,47,70,0,59,2,31,430,17,18,4,1,1,12,30,40,96,1,17,34,83,1469,0,5,3,0,5,0,4,88,32,7,0,0,0,4,14,0,51,92,45,28,1,23,0,8,108,0,35,124,2,0,15,3,15,45,62,21,4,12,0,7,4,74,61,3,28,69,38,46,1,584,2,5,4,1,1,13,23,12,1,26,26,2,25,2,24,3,8,8,40,337,48,0,35,29,17,44,0,82,21,13,0,63,402,82,76,77,7,62,23,36,1,1286,7,15,0,2,21,20,13,26,167,0,6,20,0,6,8,14,3,35,106,27,3,5,16,179,0,35,0,3,0,9,45,48,156,11,8,2,0,17,3403,2,2,5,12,1,1906,16,64,76,22,67,101,10,20,108,56,51,240,18,38,71,166,0,80,2,8,17,94,0,0,144,130,65,4,77,17,4,7,0,6,99,3,17,40,2,14,88,364,1,10,194,0,25,25,68,13,126,39,37,13,8,56,0,6,258,129,70,7,0,40,63,48,15,32,10,10,8,0,1,84,146,22,46,2,113,2,0,22,14,4
cell_156,5,17,266,28,20,35,4,108,4629,4,31,68,22,30,30,20,1,58,16,9,6,8,28,192,45,25,1,2,28,12,0,84,33,94,9,2,5,0,0,19,2070,0,273,24,3,23,62,9,19,5,13,19,171,1,13,187,7,24,6,81,0,2,24,199,87,86,35,56,6,5,8,0,1,28,0,41,86,65,1,12,0,69,24,18,385,87,50,16,86,21,152,15,152,12,25,318,11,39,16,377,162,155,14,152,1,41,19,0,4,80,12,31,3,125,23,4,11,7721,244,57,1,0,0,42,170,120,0,10,16,0,73,35,60,39,61,4,27,42,59,33,47,169,2,44,5,36,8,14,303,24,309,10,28,31,6,85,81,0,29,17,96,3,0,5,191,5,12,7,23,1,35,32,90,0,1,87,9,0,3,0,95,3,31,178,4,36,674,29,382,4,10,43,11,103,140,0,0,8,6,125,2,10,6,0,17,74,7,9,28,111,75,2,1,8,34,16,16,15,56,107,1,18,15,47,315,0,256,0,70,1,65,20,0,121,33,10,97,0,3,391,15,4,1,25,3,4,150,5,30,21,38,75,276,2,11,37,76,23,31,60,1,374,24,16,643,11,4,64,8,47,23,7,8,95,1,1,0,166,1510,60,87,41,13,36,0,8,6,89,3,12,0,0,0,1,0,20,175,24,5,3,18,55,45,26,0,38,18,0,0,82,3,64,73,77,17,0,35,0,6,12,113,20,14,6,215,67,47,5,503,8,1,2,17,0,21,12,0,4,9,58,8,11,42,67,7,33,25,51,712,128,3,240,19,0,13,11,35,25,46,115,118,76,426,111,45,2,88,13,78,14,950,47,41,6,3,2,21,21,30,7,8,4,8,1,11,24,5,9,31,184,128,0,275,17,130,19,28,0,17,0,0,27,123,58,43,75,28,6,164,2173,2,0,0,2,2,1852,13,26,11,7,88,91,51,0,96,47,69,128,28,79,22,78,4,66,1,6,4,284,0,0,103,239,7,0,50,62,0,6,4,3,0,0,11,136,0,77,82,300,21,36,87,6,31,62,134,46,91,8,17,1,15,63,0,18,117,198,74,12,110,206,249,86,479,116,12,15,16,0,0,88,107,20,6,1,44,11,0,3,24,11
cell_157,1,19,214,75,81,27,4,142,5654,5,21,5,22,28,18,18,7,56,1,3,4,148,124,0,59,24,6,7,13,46,2,86,8,182,11,12,5,2,0,0,470,2,262,49,0,63,3,197,54,65,3,17,95,22,1,35,8,52,38,26,8,2,7,65,61,18,27,66,25,0,8,2,2,23,19,7,31,55,5,1,18,156,37,8,50,194,73,42,107,0,179,44,90,2,19,0,17,29,4,450,248,130,1,159,0,46,48,40,1,34,51,29,1,43,9,2,0,8217,203,27,8,38,0,14,74,78,0,0,27,0,6,45,112,59,38,9,16,14,61,20,169,74,31,30,13,76,13,13,157,16,2,19,20,5,1,135,104,0,70,55,226,35,0,26,224,5,20,10,1,1,40,81,15,0,0,21,0,6,3,2,115,9,60,52,66,39,4208,17,100,11,12,28,0,89,68,4,0,22,20,76,5,18,9,2,10,109,0,9,36,115,30,2,2,26,20,72,3,4,75,40,0,24,4,14,13,0,160,1,32,3,58,20,1,126,47,13,2,28,3,168,21,18,50,53,0,5,103,26,17,63,17,96,109,9,2,12,224,43,62,53,0,52,19,14,416,30,20,20,2,38,39,2,60,59,0,16,11,304,1406,38,38,25,0,15,0,20,19,12,8,7,0,0,2,0,0,31,0,73,10,8,23,1,73,127,2,22,51,1,3,42,15,63,67,48,21,0,20,0,2,21,54,41,40,9,184,35,26,4,566,22,4,1,6,6,18,18,0,14,18,38,15,7,7,1,0,0,6,2,57,83,1,125,46,3,40,5,80,30,101,181,97,156,123,89,124,0,54,18,92,18,1336,42,13,8,11,11,68,31,15,4,5,1,14,5,8,27,7,23,13,78,13,6,193,53,124,9,51,10,2,0,11,20,91,160,13,22,9,4,51,3238,0,74,3,2,7,1957,20,0,70,0,114,164,19,0,33,63,53,240,27,36,81,132,0,44,15,1,15,208,5,0,16,91,32,0,56,14,1,1,4,14,7,2,35,54,5,13,0,216,25,23,177,4,21,43,23,0,144,31,37,6,10,39,0,5,64,65,24,2,0,308,74,60,14,159,13,11,15,0,0,96,131,11,22,4,10,14,0,1,11,10
cell_158,3,19,215,92,0,1,22,163,5306,0,18,19,116,50,28,7,7,64,14,23,3,80,82,8,106,41,0,4,1,126,2,103,10,214,5,8,16,8,6,5,418,1,304,17,0,26,2,259,48,9,16,24,48,27,2,23,10,4,41,37,18,9,9,14,61,115,25,61,35,15,6,9,3,0,9,5,13,76,10,2,6,154,47,7,94,126,51,24,59,27,115,4,71,23,23,118,22,67,2,433,217,114,15,148,0,102,14,80,6,23,35,33,7,123,3,6,0,8199,36,30,34,26,0,1,118,127,0,1,24,0,24,86,142,32,27,3,32,14,34,12,4,61,1,35,10,70,10,27,173,18,29,13,63,25,6,144,92,0,69,74,146,95,0,10,219,4,2,3,17,19,12,52,54,0,0,76,30,1,2,8,106,4,40,69,50,17,5904,11,41,20,0,43,2,46,22,0,6,12,32,82,13,21,2,0,11,82,4,11,46,104,169,0,1,3,19,74,12,0,98,69,0,47,62,11,77,9,180,5,52,0,43,31,6,63,0,1,22,50,5,184,18,13,38,62,0,2,112,9,26,55,21,8,13,13,7,19,204,35,50,96,0,69,11,22,437,7,3,15,0,43,19,5,41,30,0,13,75,193,1479,42,12,149,6,21,0,4,74,2,4,4,0,0,0,1,0,11,0,66,28,17,21,0,29,130,0,40,78,17,0,60,6,57,40,34,26,0,0,0,5,5,22,66,20,23,252,8,8,9,608,28,2,7,5,5,16,5,5,15,18,34,0,3,8,17,2,42,2,16,43,72,0,36,24,2,35,0,62,33,3,0,92,148,119,88,13,3,70,9,64,34,1349,52,30,2,0,54,5,11,18,16,3,2,13,1,9,19,0,9,6,74,21,8,8,27,71,0,38,17,15,5,10,120,88,113,5,8,2,2,26,3062,0,38,4,5,3,1945,38,15,64,2,71,119,8,5,27,33,73,48,21,31,3,189,0,54,3,4,3,116,2,0,144,116,36,5,38,13,1,0,39,2,0,1,24,54,14,62,78,294,18,76,181,3,26,40,31,0,180,18,37,3,11,33,2,21,50,98,26,9,1,143,35,29,28,193,7,31,80,0,0,72,77,1,49,9,75,0,0,8,42,3
cell_159,3,9,218,5,26,53,22,140,5937,4,14,22,27,21,3,70,9,43,0,7,11,56,63,3,180,22,3,4,8,50,0,77,20,143,4,0,8,3,1,95,503,0,411,35,0,27,3,137,22,57,35,6,43,37,4,1,1,7,50,34,0,0,4,1,35,98,36,51,59,41,10,7,0,5,0,48,36,70,0,6,7,167,30,7,83,185,28,10,77,35,26,38,83,10,23,40,4,0,5,455,197,143,10,142,1,63,8,5,8,12,45,41,20,158,0,0,0,7989,1,60,15,0,0,38,167,102,0,10,33,6,22,25,153,26,39,1,17,0,67,22,51,65,3,30,0,56,2,18,160,5,143,16,46,27,2,159,164,0,42,46,179,12,0,8,218,1,3,13,9,1,44,51,11,2,0,62,3,6,9,0,81,0,19,62,22,19,6467,12,106,16,17,60,7,92,70,0,0,5,50,81,0,24,16,1,46,75,3,15,23,120,19,0,7,30,22,97,23,1,54,133,1,48,19,23,48,0,147,19,90,0,77,25,39,122,46,8,31,8,12,190,12,1,59,82,0,8,109,88,42,38,23,21,19,14,4,44,224,5,64,66,0,68,46,19,414,5,15,20,6,43,34,20,19,68,0,18,1,122,1313,39,10,2,0,20,0,0,64,43,0,5,1,0,10,0,6,45,0,58,25,5,22,18,27,138,0,34,80,0,0,13,5,36,34,58,22,0,19,0,2,35,68,26,24,4,113,34,51,11,595,34,8,3,2,27,12,2,2,8,23,36,1,1,4,64,108,29,13,36,308,47,5,69,33,8,27,0,87,57,9,25,73,167,45,61,149,0,71,17,64,10,1135,32,30,2,7,34,61,22,31,24,5,3,54,4,17,15,0,1,30,12,35,6,180,35,150,4,37,0,4,0,11,23,16,51,11,5,17,7,53,3140,5,4,2,5,5,1990,28,0,25,1,87,5,15,8,78,75,82,96,21,29,62,95,0,70,4,0,10,114,0,0,42,112,61,0,80,29,1,1,6,3,8,0,17,29,1,21,96,180,2,6,181,5,17,96,39,37,122,27,102,7,4,40,0,9,352,54,55,1,79,156,52,46,48,104,8,24,6,0,6,50,59,16,11,0,114,5,0,9,28,5
cell_160,4,14,229,0,87,61,5,110,6074,0,11,28,14,15,39,90,20,57,7,3,36,15,99,84,51,30,2,10,6,48,2,90,24,182,10,0,26,8,0,67,382,19,482,33,0,29,2,194,38,49,2,8,42,23,9,77,0,13,63,69,1,3,12,27,55,39,34,110,27,9,20,39,14,5,0,0,5,254,0,0,10,165,27,50,66,162,53,11,122,74,22,41,63,5,29,160,7,0,0,461,202,119,2,221,9,28,0,13,1,16,24,46,0,131,26,5,4,7989,5,12,14,0,0,28,144,55,0,1,39,6,21,43,154,40,25,26,38,21,55,19,24,50,4,36,0,133,1,13,164,9,0,18,16,18,2,167,71,20,9,48,186,76,0,1,177,1,9,0,10,4,56,96,85,0,0,15,0,0,3,1,113,3,13,49,18,21,5743,29,43,38,10,43,0,62,74,0,0,10,39,92,5,25,0,3,47,137,0,43,27,140,162,0,17,1,20,99,19,3,69,4,4,39,39,8,105,0,195,0,81,2,77,17,4,61,19,12,2,12,1,193,15,0,5,4,1,7,122,45,30,32,16,107,78,11,3,15,225,7,60,92,0,50,0,9,529,27,15,22,16,41,42,15,52,37,1,18,117,149,1507,29,0,56,0,18,0,11,59,2,0,1,0,0,0,0,0,30,0,63,36,12,20,42,17,21,0,24,112,0,0,52,22,43,48,0,21,0,10,0,1,16,65,25,0,14,99,11,32,3,600,0,2,1,7,21,16,15,0,12,17,32,1,8,6,40,70,5,7,5,83,39,7,202,36,13,54,0,78,13,42,148,137,309,100,90,123,3,72,94,26,1,1125,41,15,6,10,39,147,27,44,92,14,7,21,0,15,7,1,22,26,80,21,0,210,11,164,3,48,0,14,5,3,13,18,117,31,54,7,3,13,3324,0,9,2,33,11,1890,1,15,9,21,42,82,32,3,131,62,67,398,7,2,82,140,0,83,5,5,21,316,5,0,65,136,56,4,74,30,2,22,3,23,126,3,7,45,0,103,31,283,7,6,107,8,21,78,65,37,165,16,43,11,17,45,2,8,141,93,174,0,3,284,72,47,3,24,8,32,24,9,1,78,166,36,15,3,2,12,2,7,14,4
cell_161,1,194,97,90,2,2,72,134,5063,2,85,201,2,22,19,231,10,55,13,11,225,119,69,0,0,21,5,0,0,6,1,44,1,265,4,11,16,1,1,23,1542,0,38,14,0,97,1,141,21,7,52,3,290,32,27,69,5,0,51,4,0,2,20,60,96,78,37,183,19,1,7,0,45,12,0,104,4,120,0,0,88,20,42,272,130,25,27,7,42,9,85,2,257,23,58,35,36,1,12,168,64,67,1,49,2,21,10,47,4,123,15,35,1,71,1,0,0,5140,31,32,12,7,12,25,51,96,0,20,7,0,46,13,55,29,83,4,39,0,72,11,25,83,20,72,1,45,0,2,498,4,412,7,0,128,0,22,55,0,6,76,72,3,1,12,229,0,2,36,0,6,12,49,6,5,3,1,11,0,2,4,110,0,2,74,89,65,404,59,5266,38,30,26,23,313,110,0,0,6,123,89,1,192,9,3,49,147,2,5,79,52,16,0,0,13,153,370,85,3,28,70,0,36,86,66,289,0,371,6,58,0,51,36,0,87,12,28,250,3,8,327,4,9,1,374,0,4,59,46,31,36,70,185,43,2,2,7,229,15,185,48,5,375,15,69,280,47,9,55,41,2,25,10,2,2,9,205,8,46,1929,11,60,64,0,57,0,21,25,125,4,16,0,0,0,0,0,12,0,31,0,24,10,0,63,111,0,116,220,9,0,61,112,127,13,166,19,0,6,0,0,0,36,79,2,33,148,3,58,69,511,9,37,16,32,1,30,5,0,15,85,87,1,7,12,495,1,65,28,0,13,118,0,182,49,81,37,1,29,33,89,49,53,156,285,45,33,0,28,0,20,86,559,8,15,45,12,22,6,42,18,0,9,0,58,45,18,28,0,31,20,85,150,0,186,14,65,1,34,0,8,1,7,93,29,100,35,329,5,13,319,4350,0,42,0,9,5,4291,103,72,46,6,54,48,11,0,148,28,72,26,76,18,0,53,0,60,0,16,24,369,2,0,4,177,9,1,64,124,1,8,22,3,0,0,12,384,23,9,85,270,56,16,188,13,32,35,108,7,444,4,4,5,11,41,0,5,40,11,69,4,0,418,422,56,0,46,23,53,13,9,7,188,52,4,2,2,149,6,4,8,77,12
cell_162,9,155,130,0,1,4,20,241,5403,0,204,41,8,31,43,86,25,33,1,7,178,202,48,66,0,1,4,6,37,0,0,46,7,0,1,17,26,0,0,2,1565,1,27,28,11,34,188,292,7,15,27,12,320,33,0,105,1,13,56,20,0,0,121,34,48,1,18,71,11,5,7,9,23,39,26,63,12,175,1,8,10,0,15,43,278,21,111,20,106,10,61,3,240,5,39,0,0,5,10,198,84,72,14,62,2,23,68,21,7,113,8,19,1,134,1,14,30,4807,12,10,16,0,1,33,192,41,0,1,8,6,8,9,41,82,68,27,35,0,63,55,288,97,11,56,1,26,38,3,689,87,0,6,4,59,2,162,2,0,12,67,37,3,0,7,185,22,0,36,2,0,36,22,7,0,0,17,14,4,0,11,20,2,37,89,105,56,319,34,3782,22,49,33,1,55,64,0,83,4,5,43,5,30,12,0,66,147,4,6,48,38,57,1,5,3,85,398,3,51,47,73,12,5,52,72,188,10,480,26,31,4,39,57,6,63,7,1,203,5,0,307,17,0,0,341,5,4,117,93,14,46,75,176,137,61,30,15,262,5,205,48,0,350,0,63,273,43,4,110,34,94,29,4,32,23,0,324,476,199,1957,2,46,17,9,104,1,4,73,90,8,17,1,2,0,0,0,24,295,23,20,12,11,0,35,110,0,94,8,0,0,53,1,93,1,53,17,0,20,6,3,3,17,94,1,8,18,0,98,99,527,44,26,4,11,4,19,23,0,5,44,115,73,2,8,126,10,62,8,0,163,127,38,81,219,136,20,7,21,9,309,50,105,153,262,130,6,7,16,6,23,27,609,31,22,13,1,3,17,29,9,1,13,0,29,22,28,4,138,81,24,84,72,0,50,30,86,16,36,0,4,1,3,75,66,99,32,296,4,0,137,4496,2,12,0,5,26,4191,44,41,27,17,37,31,2,21,186,27,65,1,83,68,13,76,1,25,2,26,18,574,8,1,6,23,49,6,41,153,9,12,51,2,0,0,27,424,0,10,42,356,32,71,107,4,24,14,59,1,391,10,29,2,21,35,1,8,152,8,10,17,1,471,415,54,0,32,37,16,5,0,17,165,28,3,2,9,7,8,0,16,45,7
cell_163,9,227,92,1,12,11,49,199,5201,7,77,140,16,78,24,146,7,38,54,44,12,670,79,0,182,20,0,5,41,0,0,54,15,453,1,7,95,0,0,38,1443,0,80,14,0,115,16,237,18,29,64,13,315,28,89,42,1,0,49,21,3,0,8,58,103,21,41,93,12,0,7,0,1,0,0,407,27,461,0,3,48,24,12,92,0,27,99,15,112,6,53,6,236,19,47,137,26,0,18,167,77,62,5,84,6,27,23,93,15,86,10,29,3,17,9,0,15,5177,21,25,5,14,25,34,143,43,0,10,6,0,13,43,32,27,68,2,29,11,54,23,265,151,65,67,2,19,9,4,682,16,0,21,1,82,1,156,3,8,7,1,109,0,0,10,203,8,52,46,0,1,60,68,3,5,4,108,1,1,0,7,86,2,88,16,102,43,404,75,4723,9,9,17,1,314,198,0,0,80,232,85,5,190,0,0,12,151,2,7,78,42,1,0,1,11,158,371,12,20,29,93,1,17,38,16,268,0,537,0,75,1,72,68,0,71,38,34,159,9,3,314,11,6,2,131,3,5,79,18,32,52,91,187,103,28,4,2,245,25,154,66,0,390,8,32,297,17,29,85,30,26,31,5,18,154,0,199,459,21,1946,0,13,44,0,38,1,12,17,47,0,0,0,0,1,0,0,15,0,21,41,12,0,0,21,98,0,94,93,11,0,25,5,83,4,181,19,1,31,0,20,17,38,97,0,28,62,10,45,10,466,10,29,0,18,3,21,3,0,11,39,75,6,13,1,315,5,7,5,0,152,178,27,30,7,100,20,1,27,57,31,0,196,200,265,70,49,2,26,15,11,42,644,28,18,0,3,22,5,47,25,0,4,4,46,3,10,24,56,14,17,66,77,0,163,25,105,2,31,1,21,0,5,66,27,66,28,255,14,1,30,4243,0,2,6,7,11,4273,35,26,18,0,47,64,3,22,213,31,48,28,10,15,5,109,0,81,0,4,74,389,22,1,5,142,41,4,64,118,12,7,9,1,10,2,46,320,1,6,40,352,25,19,167,10,22,21,102,3,441,7,3,16,15,44,0,8,122,20,43,3,132,245,394,65,63,23,2,63,10,0,0,163,69,10,5,0,250,2,0,18,93,17
cell_164,1,218,64,32,16,33,62,181,4735,3,191,134,23,83,57,149,11,49,3,121,55,138,53,0,41,29,1,19,33,6,0,55,8,298,4,31,44,0,0,6,1162,0,44,38,0,190,14,105,20,5,72,2,373,41,7,188,13,15,58,2,0,3,82,21,97,11,24,150,12,0,12,0,70,0,59,41,34,368,0,6,15,15,14,125,169,33,99,2,119,21,35,2,231,32,60,175,36,2,3,155,76,46,12,69,9,9,0,11,0,107,19,31,2,53,169,0,0,5105,6,4,5,19,2,31,148,110,5,0,5,3,25,41,58,113,50,20,26,0,56,58,6,143,9,40,0,64,1,3,172,34,0,11,13,89,1,72,40,5,27,49,27,24,0,16,223,7,5,40,9,4,57,59,18,0,0,0,0,1,8,3,23,0,33,21,36,44,393,60,1549,13,0,24,5,190,191,0,0,34,18,77,1,127,2,5,61,170,1,8,68,37,10,0,1,66,132,333,25,24,28,56,0,23,49,2,344,0,493,0,80,0,74,113,9,91,24,4,157,16,9,282,19,5,15,101,1,5,76,171,15,41,77,178,61,17,43,24,32,16,208,48,0,307,0,16,272,19,27,80,39,125,8,12,25,0,0,228,27,178,1999,17,29,50,0,60,0,9,80,75,2,4,0,0,1,0,0,13,2798,20,5,2,13,0,151,104,0,93,166,7,0,49,32,140,11,91,22,0,3,0,0,25,31,107,0,18,111,3,8,67,483,1,7,0,14,6,21,3,0,4,97,84,2,21,18,198,13,28,23,0,0,157,1,53,142,22,30,1,19,69,0,0,236,172,256,44,79,1,37,11,16,162,560,23,33,15,2,0,10,60,29,1,7,1,6,10,9,14,11,22,20,24,131,0,157,26,95,2,33,0,2,0,11,77,59,68,125,49,10,1,71,4244,0,32,6,6,46,4245,26,0,84,0,7,73,6,0,80,26,42,26,72,78,3,108,0,78,0,15,74,537,0,0,4,163,9,8,56,47,12,6,13,2,0,1,13,361,4,10,88,382,31,32,188,21,19,17,102,11,390,36,101,45,27,34,0,13,162,30,108,0,0,433,498,69,158,51,6,51,9,22,0,210,73,2,4,2,18,4,1,15,56,9
cell_165,1,112,103,0,75,10,47,198,5909,0,65,29,26,40,43,105,10,24,70,18,21,13,50,0,26,10,0,11,47,2,0,77,14,280,6,3,32,4,0,9,3337,1,9,44,0,16,0,178,15,18,28,10,213,39,40,170,8,14,78,11,0,2,40,114,115,88,20,163,22,1,22,52,5,9,1,0,33,239,0,1,43,50,8,120,188,40,55,3,120,8,23,5,265,41,92,31,28,0,12,172,70,34,0,49,1,8,75,94,11,98,9,19,0,20,267,1,14,4773,1,86,36,0,0,43,23,84,0,11,19,17,1,26,9,61,137,6,42,3,73,10,6,140,3,95,1,62,4,3,571,22,0,28,3,182,0,153,38,0,30,58,100,8,0,14,109,5,1,38,15,0,8,68,70,0,1,102,0,5,4,11,136,3,3,51,90,67,165,51,2186,15,8,42,0,49,195,0,7,33,2,89,6,205,0,0,15,161,0,10,98,48,55,4,1,40,68,230,24,36,63,83,0,10,73,37,718,10,837,14,41,2,93,48,1,86,0,14,3,1,6,264,21,6,19,136,0,3,119,67,4,39,32,139,151,26,31,29,142,16,125,62,1,142,3,12,445,32,6,45,23,93,43,9,12,68,0,289,290,312,1890,45,1,19,1,8,4,23,23,42,16,52,0,0,0,0,0,18,0,22,24,3,17,4,26,92,7,36,209,24,0,83,58,160,20,105,18,0,6,0,5,15,35,32,26,4,134,5,16,89,394,0,32,11,13,2,32,12,6,4,11,120,1,2,13,39,21,29,11,42,1,217,9,205,144,33,21,0,33,85,47,56,174,169,606,49,53,1,25,33,27,7,453,30,1,9,7,10,61,8,22,6,9,0,31,1,32,23,7,10,12,218,71,0,688,19,38,11,28,4,16,1,14,42,94,81,21,318,5,0,11,3319,0,93,6,3,1,2370,1,43,53,0,2,34,46,12,553,23,75,17,24,10,13,35,0,52,0,7,127,798,8,0,41,129,50,7,129,100,4,2,9,2,477,4,20,238,0,14,22,570,42,76,271,15,19,30,130,43,122,11,17,1,22,29,5,6,146,5,59,2,149,685,361,45,25,17,4,16,12,0,8,151,64,13,15,0,3,3,5,15,12,15
cell_166,2,157,111,28,94,15,93,151,4959,0,168,143,5,10,46,182,23,55,52,42,60,154,56,0,162,4,13,13,17,2,0,64,1,407,4,3,41,5,0,1,1292,0,69,36,0,61,32,177,24,25,34,10,381,3,1,43,20,10,59,55,0,3,40,85,118,29,33,36,5,0,26,40,21,8,3,1,12,150,0,0,14,27,16,24,171,7,104,2,98,8,128,2,217,3,40,222,6,2,1,172,64,61,0,63,3,14,18,23,12,156,7,28,0,33,0,2,0,5876,1,26,17,5,23,6,238,72,0,0,5,0,4,10,47,96,86,14,26,9,45,31,120,132,52,84,0,53,0,6,543,19,5,10,11,78,0,78,38,0,12,71,91,21,0,128,193,6,5,34,19,11,21,46,9,3,0,38,0,1,2,3,11,0,11,53,91,51,470,39,3698,19,8,13,0,211,149,0,1,20,288,60,0,208,1,0,24,116,1,22,66,44,17,0,0,55,126,334,56,4,24,143,0,2,64,25,47,0,579,0,61,0,73,109,0,56,2,15,165,0,0,299,22,1,5,800,3,5,84,46,14,40,39,108,61,11,0,12,229,6,204,53,0,389,22,13,273,111,6,66,35,0,34,22,25,115,1,319,2,42,2080,28,43,95,0,23,0,8,71,119,5,16,0,1,0,0,0,7,0,18,1,5,0,0,139,97,0,106,59,2,0,64,157,92,7,9,13,0,5,0,1,1,38,42,6,20,47,11,89,35,475,3,9,2,7,1,13,0,0,17,71,93,17,19,8,410,0,12,9,0,148,180,0,183,174,19,32,0,27,61,71,74,174,143,250,26,90,11,13,1,17,43,607,12,9,4,3,15,13,43,18,0,12,0,39,11,20,3,70,21,29,111,165,0,31,57,90,16,22,0,15,0,21,36,76,101,15,153,9,6,219,3922,0,2,2,27,48,4254,84,36,97,0,4,114,39,18,291,21,53,34,23,69,2,58,0,29,0,42,39,501,0,0,18,137,62,11,65,39,2,19,15,9,0,0,13,382,3,9,68,230,84,40,134,5,22,10,68,19,55,17,17,4,17,49,2,21,185,18,77,19,111,462,353,51,26,23,16,208,6,0,2,174,74,23,34,1,64,10,0,10,37,19
cell_167,5,160,160,0,58,7,70,63,5264,5,66,102,18,63,37,201,18,63,29,10,155,47,45,58,6,13,42,2,35,0,1,60,0,169,4,2,23,1,0,11,1387,0,58,28,0,42,0,199,18,4,85,9,276,10,0,81,8,0,40,36,0,2,4,99,55,112,23,127,3,3,7,48,19,91,1,100,1,68,10,3,35,28,25,11,230,15,82,6,108,13,29,13,233,8,57,21,14,0,6,155,68,67,8,56,3,20,85,5,2,78,17,39,0,52,32,4,4,5362,4,92,7,1,1,28,173,113,0,22,23,0,2,2,50,29,91,5,40,9,50,17,73,70,2,86,0,30,13,1,684,8,0,11,5,127,5,172,32,0,11,50,96,7,0,7,158,2,23,7,0,3,31,78,29,2,9,115,1,6,3,6,68,6,3,31,78,62,400,23,5219,62,41,27,0,316,130,0,0,0,207,74,4,225,14,1,66,131,13,10,57,47,4,3,10,6,118,362,88,1,15,124,1,4,61,49,202,1,502,16,38,2,68,7,0,20,8,5,176,14,1,321,19,0,6,263,2,7,91,68,15,43,15,30,52,14,2,17,297,14,284,13,0,328,4,16,247,24,16,89,43,4,36,21,4,177,0,336,146,112,1938,10,16,11,0,49,0,8,76,57,13,31,0,0,0,1,1,15,2361,27,17,2,0,0,58,98,5,104,172,2,0,42,55,80,15,143,18,0,61,1,3,4,32,63,0,0,91,2,90,7,479,3,6,13,10,1,33,11,3,21,23,74,0,7,3,347,0,10,1,26,158,116,43,137,178,25,23,0,27,94,52,60,150,54,291,41,63,0,24,17,10,15,624,7,8,50,14,22,5,45,50,0,6,0,37,9,42,3,12,104,29,59,60,0,47,59,42,12,25,1,16,0,6,12,90,74,5,284,1,7,90,4070,1,142,0,44,12,4284,16,74,115,8,36,15,22,2,1,26,61,9,102,88,5,28,0,59,0,19,110,324,0,0,5,130,24,7,88,81,4,3,61,1,0,1,21,410,0,12,14,444,42,62,197,0,18,80,84,12,410,21,15,0,13,24,33,40,33,12,11,3,116,506,402,55,415,36,24,65,9,1,25,92,31,13,43,2,71,7,30,10,24,3
cell_168,2,223,153,28,39,56,24,183,5218,4,127,66,23,52,40,206,1,51,24,29,58,50,54,5,13,13,23,14,49,0,0,52,10,82,5,0,49,2,0,0,1305,1,69,46,0,106,7,164,28,2,14,7,353,55,5,196,0,7,51,22,2,0,31,218,92,11,26,112,46,0,29,50,4,66,20,7,28,256,0,5,1,22,15,109,338,25,112,4,111,5,18,0,244,2,34,16,7,1,0,170,69,41,0,58,1,28,0,3,6,89,11,46,4,18,324,0,0,5162,0,37,10,0,12,35,243,116,0,6,8,1,0,13,55,28,89,22,41,4,41,10,93,86,24,66,1,65,27,16,595,48,0,17,1,70,2,144,47,32,9,4,14,5,1,0,182,7,0,29,11,7,70,64,8,1,3,117,14,4,0,3,120,0,10,41,32,78,369,33,7724,5,24,17,6,282,207,0,12,18,204,86,9,33,4,0,54,152,10,25,80,44,1,4,0,65,102,136,4,15,56,55,0,3,50,31,99,0,538,0,71,4,63,30,0,56,21,12,96,2,1,319,14,8,22,65,0,1,86,60,4,39,62,126,177,18,13,11,263,18,120,39,4,243,2,77,245,50,16,34,43,4,29,25,3,0,1,232,547,79,1991,0,35,6,17,3,0,16,61,46,1,7,0,0,2,0,0,15,166,14,37,2,12,22,49,114,0,66,121,0,0,73,10,34,4,230,25,0,17,0,8,5,37,60,0,6,98,3,70,71,468,4,9,2,27,13,16,4,9,11,21,83,17,23,5,177,18,5,25,0,62,147,6,23,95,1,31,0,22,52,175,39,111,157,338,60,75,8,26,15,27,45,637,25,30,19,2,1,9,37,23,3,0,0,32,1,3,13,0,123,31,125,132,0,91,20,118,21,28,0,8,0,13,15,26,124,25,329,2,2,280,4308,0,33,0,3,7,4264,14,0,12,2,39,82,0,10,5,17,28,35,53,50,5,111,0,55,0,3,64,191,2,0,17,136,35,3,74,50,10,47,7,0,1,4,12,399,0,14,91,337,17,136,191,12,15,28,86,7,99,5,26,7,13,37,0,5,158,6,23,4,133,472,493,26,11,24,3,65,7,49,0,87,68,14,3,5,40,2,0,5,75,11
cell_169,3,193,102,0,0,5,5,194,5868,2,177,119,30,45,40,158,26,47,14,34,46,39,32,52,162,13,9,0,21,4,0,14,9,205,3,24,105,4,0,72,1495,0,45,3,3,143,1,243,50,27,41,1,354,38,22,163,6,14,58,26,0,5,14,32,47,23,24,20,31,0,13,0,3,15,6,127,2,41,67,8,269,30,10,50,338,25,95,6,107,6,26,8,233,16,60,12,10,0,32,169,79,61,8,67,5,24,7,61,7,112,12,40,0,102,301,0,0,5121,38,20,9,0,3,34,154,22,0,0,16,1,18,32,14,36,84,1,27,28,50,56,308,104,20,84,0,30,1,4,661,39,0,2,1,81,6,205,46,47,7,19,70,0,0,3,185,0,9,24,0,0,12,18,6,12,0,106,17,38,0,4,43,0,38,23,97,67,463,49,3419,15,2,32,0,275,169,0,9,10,295,77,14,204,9,1,16,154,18,27,44,41,9,2,6,10,95,121,13,116,61,218,9,25,65,10,527,3,492,0,61,2,50,32,2,69,15,9,164,2,10,238,22,0,0,123,0,3,88,53,12,26,87,236,151,1,9,86,261,8,227,14,0,352,7,40,274,76,23,34,24,0,35,15,19,141,5,355,322,84,1929,3,61,85,2,19,0,0,16,96,15,8,0,0,3,0,0,18,2011,17,27,0,5,0,62,108,0,83,80,15,0,56,36,32,6,158,16,60,67,1,50,5,23,88,6,4,94,14,30,51,487,3,5,4,16,9,27,9,0,1,5,96,37,12,4,277,11,28,26,3,148,164,0,37,235,45,30,0,27,79,293,14,223,93,241,77,50,11,38,3,18,22,594,3,8,2,7,0,0,36,20,8,7,2,61,9,29,10,57,3,9,72,138,3,10,11,17,4,31,2,4,7,16,93,38,65,2,202,12,0,51,4298,0,6,0,5,11,4204,17,338,1,9,59,25,12,11,71,18,59,12,18,21,2,38,0,47,0,42,21,129,2,0,8,150,17,0,87,124,1,28,14,4,6,2,45,402,0,2,66,413,2,34,179,7,23,110,164,13,180,19,0,10,17,38,5,25,77,18,42,7,101,168,479,86,259,60,21,39,5,0,0,184,91,8,21,0,0,6,0,20,104,16
cell_170,6,175,90,140,188,36,55,193,5157,1,143,73,11,26,28,171,18,49,4,20,64,516,45,0,37,10,35,8,73,17,0,52,5,22,1,0,102,0,1,2,1060,1,133,54,7,54,54,226,0,9,10,9,271,14,10,68,3,0,47,22,1,3,15,13,110,36,22,166,5,3,30,16,29,0,2,181,24,172,0,10,95,15,10,8,63,24,82,14,133,4,104,7,246,21,67,9,19,8,0,188,101,70,0,26,2,13,21,0,13,111,17,36,0,51,40,23,32,5244,16,22,24,8,16,6,93,64,0,0,14,0,1,34,66,138,78,37,2,19,68,61,51,47,35,72,2,9,10,0,579,51,20,11,5,60,7,89,0,0,16,8,106,41,0,111,212,7,33,7,4,12,38,77,1,0,0,17,9,7,0,4,47,3,11,17,103,32,315,46,3292,15,29,12,3,112,58,0,60,58,223,58,3,9,6,2,56,140,1,25,90,41,84,0,3,77,139,382,12,108,65,311,0,8,42,21,461,32,451,0,51,4,25,110,103,44,0,17,198,4,1,324,22,1,5,736,12,1,85,5,15,10,27,49,16,29,34,21,34,16,259,50,0,330,46,40,247,21,14,76,33,18,35,3,31,64,0,326,163,148,1908,24,20,48,0,27,0,12,23,144,0,25,0,0,8,1,9,13,458,19,14,4,17,0,58,122,87,102,13,4,0,59,114,125,1,116,18,17,8,0,0,49,28,85,10,5,88,21,45,6,495,7,17,4,7,0,23,8,6,12,54,85,29,10,8,256,2,2,4,41,194,112,50,16,125,47,28,0,12,101,3,15,158,291,180,41,13,0,30,19,21,0,585,33,48,3,15,22,6,4,44,4,0,1,54,21,11,11,27,21,24,17,29,1,13,32,107,19,22,5,7,0,6,29,38,23,75,15,1,10,32,4041,3,0,4,6,12,4487,78,174,100,0,18,34,0,2,391,22,37,23,43,46,12,56,1,41,1,16,29,446,0,7,17,149,45,3,81,63,2,2,25,6,40,0,20,376,0,10,41,401,75,21,180,30,15,36,38,2,208,24,18,2,11,44,2,2,1,22,73,25,0,507,520,29,1,38,5,3,3,0,10,211,60,2,29,3,312,5,3,23,78,21
cell_171,0,200,138,15,266,15,52,84,5366,2,352,119,9,66,48,231,1,60,18,16,24,120,32,0,0,15,28,1,79,10,0,35,41,308,1,5,37,3,2,8,1417,0,60,30,7,155,11,320,43,4,75,5,276,84,11,104,9,7,18,5,0,1,36,143,113,64,23,120,17,0,39,43,29,29,4,136,18,66,0,8,0,25,1,128,223,21,96,15,43,11,75,19,259,11,55,226,10,3,31,170,90,66,2,87,5,9,29,0,15,126,11,15,4,24,0,0,89,4913,7,19,47,0,18,35,158,77,0,0,14,1,2,50,43,75,66,18,25,58,42,54,36,131,6,61,1,17,32,1,206,12,3,9,1,86,2,191,51,0,29,53,95,10,0,74,254,4,46,30,1,1,49,35,41,3,4,106,46,6,15,2,117,0,40,13,57,49,446,8,4044,27,24,22,3,279,248,0,6,45,50,98,0,83,0,0,81,125,10,7,73,42,45,2,1,32,123,162,13,92,34,14,2,11,3,7,195,1,621,8,60,9,65,45,29,103,7,10,169,0,4,286,10,2,21,292,1,4,82,229,11,34,45,219,216,63,20,43,272,6,236,6,0,291,15,57,312,34,42,45,24,12,38,10,19,157,1,296,79,189,1868,1,55,23,7,21,0,8,70,59,7,9,5,0,0,0,0,4,53,24,23,25,5,0,31,85,0,92,65,0,0,63,48,117,2,77,13,6,12,0,6,0,25,67,0,8,133,12,91,25,507,8,33,0,8,1,22,20,0,1,5,96,7,9,9,368,11,12,5,15,89,44,0,77,62,174,23,0,17,65,313,31,276,120,100,101,24,2,18,15,23,0,627,17,46,1,13,5,12,10,23,1,8,1,27,7,22,3,8,170,18,47,142,1,179,39,69,11,21,0,12,1,0,53,66,106,29,199,4,0,247,4479,0,0,0,8,13,4533,7,50,13,0,25,25,5,3,22,30,51,5,56,96,4,87,0,56,5,5,24,703,0,0,14,92,1,2,78,142,12,6,10,7,63,4,36,380,25,23,97,365,13,114,128,35,14,114,106,20,148,17,22,3,16,40,19,32,146,10,42,10,149,421,396,50,153,34,12,47,8,0,0,200,70,5,22,5,26,4,0,17,29,24
cell_172,4,101,151,5,7,18,52,94,4973,1,243,161,18,83,7,225,7,26,47,48,67,572,39,0,9,18,39,4,33,0,6,59,6,331,5,0,89,3,1,70,964,0,42,54,0,94,1,228,32,14,62,2,235,46,56,225,0,17,44,4,0,0,7,118,132,120,34,351,20,1,6,1,21,0,0,2,31,152,0,3,71,21,25,153,138,20,56,11,75,6,8,7,195,6,60,29,22,0,44,150,70,56,0,43,4,27,13,11,2,113,6,35,8,111,337,0,0,5257,0,85,16,0,12,36,134,72,0,43,21,0,11,28,44,24,56,6,29,1,50,45,7,127,9,95,0,50,25,7,633,30,0,17,1,96,2,168,45,35,7,70,117,3,2,4,238,0,0,15,4,15,21,88,6,10,17,85,7,1,2,3,101,1,52,61,29,10,374,60,5008,31,19,19,3,265,104,0,0,6,121,80,21,195,0,9,56,151,0,14,67,34,8,0,2,27,124,384,50,0,52,116,0,31,53,12,334,0,525,60,21,1,54,64,7,84,23,12,180,1,15,305,3,9,15,148,0,6,81,70,46,44,90,91,10,35,15,20,281,23,232,25,0,282,2,29,260,18,20,31,37,17,26,13,4,13,4,308,94,157,1946,0,2,5,0,9,8,21,37,63,3,3,0,0,2,0,0,7,2243,24,19,7,17,24,55,86,0,53,178,0,0,64,18,90,20,91,23,0,11,5,0,28,18,66,2,10,14,1,62,14,517,9,28,5,34,2,14,8,6,8,165,58,0,4,4,375,0,51,0,20,131,168,34,2,110,95,26,0,20,2,41,82,187,236,234,23,42,4,18,35,26,6,627,10,23,35,3,19,17,36,24,1,0,3,45,12,7,17,5,4,26,35,26,2,150,18,105,3,31,0,10,0,2,53,53,88,19,58,2,3,77,4136,1,113,4,18,1,4690,68,0,112,1,41,19,21,0,222,21,65,11,67,61,6,116,0,74,0,77,72,172,4,0,6,157,51,0,81,135,1,0,5,2,0,2,15,387,30,5,28,258,1,1,160,13,24,25,70,6,463,4,62,12,11,34,0,15,70,14,104,0,68,207,484,78,86,38,21,0,4,0,3,73,58,9,21,0,39,12,9,11,68,16
cell_173,1,44,155,6,47,12,89,197,4947,3,242,77,4,51,31,189,10,44,47,17,287,222,58,0,56,10,25,9,77,0,8,52,7,50,12,0,116,0,0,24,1622,39,11,62,0,135,65,89,6,19,72,3,298,42,3,133,0,3,47,16,0,5,41,34,68,23,28,173,28,4,11,32,7,125,1,213,8,181,0,13,23,17,3,139,315,20,94,16,123,3,14,11,271,14,39,264,7,0,20,180,81,9,1,78,6,18,28,11,11,111,13,36,25,16,322,0,3,4907,11,20,9,11,13,36,215,99,0,2,5,18,23,25,64,117,90,15,40,0,49,69,321,64,13,38,4,36,7,10,676,51,80,11,2,73,11,171,17,22,27,61,98,5,0,12,226,24,21,10,9,4,65,44,27,3,0,84,18,0,9,6,7,3,64,31,78,59,518,2,1923,2,6,26,0,18,62,0,10,23,13,64,0,61,0,3,61,168,1,10,84,48,14,0,3,1,142,317,7,4,25,67,7,5,37,44,90,0,528,17,59,2,69,95,0,100,0,5,110,6,0,282,12,1,18,26,9,2,79,123,23,47,84,118,24,13,41,5,196,27,183,27,0,290,1,74,318,16,37,51,37,102,30,8,9,6,0,298,445,74,1813,0,5,5,0,2,5,3,62,23,8,0,3,0,8,3,0,14,9,18,30,8,3,0,110,108,1,87,43,0,0,51,4,55,11,234,14,0,24,1,7,12,33,115,1,5,60,1,16,0,511,4,12,7,6,7,18,7,10,9,15,73,3,2,4,389,20,4,15,0,0,137,0,34,199,42,30,0,21,102,7,35,279,113,242,109,63,0,37,18,17,0,616,6,59,6,8,16,27,46,20,0,1,0,24,0,44,8,6,81,18,13,6,1,87,5,34,17,31,0,10,0,23,74,54,45,29,347,19,0,33,4633,2,141,0,20,10,4246,0,16,28,18,5,11,1,22,228,31,61,18,75,23,9,92,1,52,6,42,81,274,6,0,0,136,25,9,76,52,0,9,11,0,122,0,27,300,0,8,23,272,0,109,180,22,18,1,29,10,320,35,24,2,13,19,1,10,130,30,20,2,138,567,356,40,717,10,5,35,4,0,2,145,71,4,15,5,6,20,20,11,104,12
cell_174,0,106,170,0,134,24,14,180,4925,1,91,36,3,17,35,145,25,41,10,5,180,270,42,8,0,5,5,12,50,3,0,63,13,212,4,0,39,0,0,66,1351,0,35,23,0,90,69,91,38,25,34,11,286,28,0,207,1,34,64,25,0,2,52,33,30,33,19,368,48,0,13,23,0,3,36,139,34,268,5,1,272,8,24,18,357,31,89,14,137,0,16,18,265,4,47,57,0,2,2,139,82,54,2,70,1,18,24,0,3,108,11,48,2,65,340,0,6,5343,29,20,11,10,0,30,17,51,0,26,3,12,9,28,79,88,73,27,40,28,48,18,71,36,0,80,2,33,36,3,654,15,0,23,10,77,6,153,18,0,8,57,106,0,1,5,210,6,0,0,5,3,43,80,4,0,1,87,15,16,10,10,57,2,4,66,69,45,372,100,4639,4,6,11,1,232,122,0,20,24,266,88,13,164,4,2,23,205,0,25,50,28,6,0,1,33,148,355,13,1,53,163,0,9,45,18,375,0,496,1,73,0,93,61,51,80,0,8,12,1,0,297,24,0,17,456,0,3,77,35,3,14,102,83,41,14,1,13,285,3,227,23,0,323,4,51,266,88,44,25,33,44,44,25,11,156,0,211,153,209,1995,25,14,32,4,22,0,3,63,72,18,24,3,2,0,0,0,22,6,17,22,0,0,0,126,92,0,73,67,0,3,66,34,102,4,27,20,0,27,0,12,14,29,98,9,1,42,3,75,9,535,7,25,9,4,5,18,17,0,9,78,86,25,19,6,216,7,0,17,40,164,126,22,177,138,92,19,2,12,95,92,60,201,174,321,91,41,2,17,7,29,30,632,30,7,14,2,11,27,20,30,1,8,1,26,26,21,8,69,6,30,50,93,0,13,35,99,16,24,2,2,0,13,1,46,95,24,16,9,6,42,4237,0,13,1,10,15,4315,17,69,27,0,19,51,22,2,289,28,63,14,77,45,9,27,1,88,0,82,16,71,45,0,29,152,68,12,76,117,1,12,14,0,186,2,23,380,2,3,17,321,80,178,184,7,16,19,136,14,142,8,72,21,15,43,11,9,133,18,44,5,37,509,479,71,18,30,46,40,5,0,1,140,68,4,12,8,0,13,5,7,64,16
cell_175,0,192,31,28,4,18,8,96,4631,4,107,113,2,62,32,140,2,46,16,38,4,27,35,0,183,18,2,1,19,8,1,58,18,256,2,0,138,2,0,1,1322,0,134,72,1,49,0,158,34,1,46,11,271,9,4,144,13,20,56,60,1,0,53,30,96,0,27,24,4,3,17,0,17,0,11,413,25,128,0,4,42,21,5,59,217,14,34,2,121,10,97,0,224,7,59,51,39,6,9,159,97,56,0,52,3,16,0,0,6,48,14,36,1,96,7,0,4,5044,5,21,8,18,5,21,40,71,0,10,19,7,5,38,35,66,100,4,8,21,39,34,9,49,35,71,0,47,25,3,609,10,4,0,23,105,1,134,28,0,12,27,17,19,1,20,214,2,0,13,1,2,33,61,1,1,0,76,27,1,9,2,60,5,35,12,12,47,449,50,492,6,1,20,0,287,122,0,11,2,230,79,25,89,0,1,68,134,0,29,77,51,33,0,8,17,101,374,51,16,52,164,8,15,40,88,625,48,607,0,67,0,32,10,4,58,36,18,196,12,1,297,15,3,30,197,0,0,82,15,23,46,73,213,108,40,6,12,235,19,220,41,0,245,9,15,282,27,34,58,32,134,9,22,1,135,0,337,438,140,1948,22,51,48,4,63,0,8,73,106,3,10,0,0,0,14,0,17,0,23,19,8,6,0,37,57,6,121,189,3,5,27,70,125,3,275,7,0,10,0,6,61,27,65,0,6,42,2,11,40,487,2,21,13,1,0,26,2,0,0,21,75,3,1,13,109,0,17,19,0,191,90,0,169,99,10,24,1,25,72,1,10,140,324,310,5,50,0,23,22,5,1,644,13,50,22,8,10,0,39,20,18,0,0,48,3,16,27,13,4,24,19,107,0,15,21,130,2,31,12,2,0,12,25,29,94,93,32,11,19,144,4353,2,43,0,13,8,4294,44,24,27,26,20,2,33,4,342,17,47,33,68,54,4,29,0,44,0,7,117,517,0,0,27,151,25,2,75,32,1,7,4,0,18,0,3,362,0,20,54,424,87,5,155,20,19,71,59,4,171,24,4,29,10,40,4,6,24,27,26,3,120,562,470,48,4,27,15,2,4,0,0,203,47,1,36,3,155,2,0,19,86,7
cell_176,0,110,138,126,184,14,20,44,5393,1,274,13,18,60,8,211,8,53,25,0,383,467,57,0,105,25,3,4,14,1,0,43,0,92,1,0,18,0,0,18,1125,0,57,16,0,137,0,212,16,13,73,6,50,30,57,77,0,6,64,0,0,10,16,30,78,59,26,119,42,7,21,0,13,57,0,179,24,439,0,10,42,15,27,11,180,33,105,3,132,14,38,10,238,0,39,97,40,2,23,165,88,44,13,61,5,18,41,2,4,70,17,38,4,73,0,0,22,5240,36,31,27,8,8,37,157,19,4,5,2,6,7,37,54,18,80,19,43,5,66,11,97,47,1,78,1,23,24,1,279,17,9,19,3,134,5,154,22,0,5,21,113,14,0,22,105,3,54,0,4,7,61,88,6,2,2,57,17,8,0,4,106,4,2,17,64,60,458,83,4281,24,7,34,1,267,134,0,4,2,56,58,0,178,50,6,62,211,9,30,69,41,5,7,1,44,59,303,47,5,51,28,2,27,42,45,309,0,499,8,69,0,89,16,66,102,38,8,88,1,0,262,15,7,15,741,2,0,73,96,9,33,33,157,143,14,2,0,74,16,113,38,0,346,6,60,262,69,39,12,20,1,25,19,20,77,0,275,421,142,1966,34,9,15,0,24,1,26,62,157,3,26,0,0,0,0,0,10,24,24,21,11,7,25,34,124,0,67,127,13,0,70,26,53,6,27,30,0,5,1,9,9,27,92,3,7,95,6,67,1,522,5,41,0,11,4,18,15,5,2,17,67,37,5,4,387,5,2,8,0,79,102,30,30,65,33,21,2,17,121,81,24,206,331,331,47,50,0,13,13,30,13,616,9,5,12,9,18,6,31,30,7,7,2,59,4,23,5,8,46,23,64,20,3,65,30,112,6,27,0,22,4,2,30,64,84,21,33,11,3,166,4518,1,90,2,8,4,4347,24,28,26,7,45,52,4,29,107,21,65,24,79,18,4,52,0,62,0,52,48,275,1,1,2,53,37,9,95,147,1,15,13,15,146,0,32,378,0,13,77,365,42,12,196,14,12,20,71,3,351,8,26,21,8,33,28,27,63,0,23,7,139,453,386,27,118,60,3,129,5,14,1,120,59,0,24,3,1,7,0,15,107,3
cell_177,0,210,1,8,1,33,61,166,5520,6,106,179,23,81,49,210,5,55,13,33,46,54,42,0,208,21,2,3,19,11,0,45,0,176,10,4,91,0,0,15,1230,0,125,50,0,163,0,53,26,5,100,6,340,17,59,86,2,12,57,18,0,1,7,69,53,22,30,71,4,2,10,59,53,13,0,501,46,33,0,3,2,19,24,329,164,17,93,16,159,33,18,4,227,10,44,185,89,0,25,174,71,58,0,88,3,18,7,23,6,90,25,47,0,100,1,0,0,6141,0,42,13,0,20,5,147,104,0,12,4,0,11,30,44,48,72,9,30,0,50,72,252,38,11,85,0,44,20,2,613,13,0,7,16,99,0,168,0,0,16,73,103,15,0,37,200,4,27,4,2,6,48,44,65,0,2,80,13,4,1,1,52,0,7,42,83,65,352,1,3628,15,11,26,2,227,70,11,9,0,124,97,8,198,2,2,68,150,0,17,91,46,1,0,3,19,100,235,33,30,12,87,3,13,72,58,237,0,570,0,85,3,61,76,14,72,25,9,175,0,15,295,9,4,6,12,1,1,78,159,6,43,91,214,94,3,0,6,138,14,281,55,0,335,0,25,259,53,18,42,3,4,35,19,16,58,0,354,36,84,2045,3,42,11,0,68,0,3,76,37,3,22,0,0,0,3,0,17,0,25,11,36,0,13,74,113,1,85,83,16,1,81,79,85,1,93,12,0,6,0,6,10,26,74,0,12,34,3,39,86,508,0,1,1,7,2,23,4,1,1,3,98,21,2,16,406,0,11,18,0,0,171,0,112,223,5,33,0,23,74,8,2,221,134,305,24,82,0,11,6,9,16,627,0,11,7,2,11,7,43,37,0,4,0,24,2,3,26,0,15,21,46,162,0,128,30,76,8,24,0,10,0,3,121,85,74,14,363,2,3,257,4001,0,1,3,14,16,4392,7,24,13,3,28,2,1,18,13,27,44,6,64,41,2,21,0,56,0,6,95,758,0,0,14,137,20,5,98,50,1,10,0,2,0,0,39,435,13,21,91,314,28,10,77,8,22,58,88,56,562,24,4,8,9,48,0,8,68,6,32,2,117,441,360,68,28,29,20,55,9,0,3,170,89,8,23,15,302,14,1,14,54,13
cell_178,14,170,171,0,49,22,9,130,4952,7,226,36,8,62,44,103,1,7,16,19,95,117,48,23,172,1,11,4,37,13,3,66,11,20,10,0,37,2,0,5,1355,7,24,55,1,150,59,241,34,2,32,4,285,25,81,24,1,9,41,34,0,6,47,92,88,25,11,184,18,3,14,0,4,30,29,321,19,117,0,6,220,26,14,23,373,24,69,16,92,5,96,7,264,22,69,100,29,6,0,186,65,59,0,101,0,24,32,0,15,107,4,34,1,76,65,0,3,5365,34,87,20,0,23,27,147,98,0,7,6,0,6,37,34,79,97,23,47,21,45,95,257,29,4,38,4,29,25,9,541,38,3,5,5,85,2,128,33,2,31,27,78,17,0,23,177,20,8,14,12,3,12,19,30,8,5,111,90,0,1,10,51,4,14,70,68,60,401,99,1903,21,2,22,19,119,147,0,50,35,0,101,3,18,33,7,44,165,2,13,72,44,17,0,1,6,84,381,8,16,38,147,1,5,33,30,25,0,584,0,53,1,46,86,35,96,0,13,196,2,0,307,14,1,0,459,0,3,86,67,16,34,105,156,204,30,18,8,255,9,221,43,0,269,15,91,359,31,18,23,32,100,19,6,28,23,1,379,569,136,1894,0,126,59,5,23,2,2,57,127,7,1,6,0,41,12,11,21,0,23,15,5,16,0,41,103,0,104,8,11,0,50,42,126,2,27,22,0,43,0,9,3,29,79,0,3,62,2,6,24,530,32,45,2,3,7,18,13,3,9,14,80,0,1,6,121,5,15,3,49,0,32,1,70,139,144,26,0,24,44,16,69,239,279,144,94,28,1,32,11,14,129,584,36,36,18,2,7,16,23,13,2,3,4,59,33,46,9,67,140,26,88,91,2,18,25,101,9,23,0,3,13,2,8,28,95,41,157,11,5,81,4331,0,89,0,4,12,4411,67,28,29,7,20,48,23,9,55,28,45,18,52,30,5,96,14,43,2,34,37,160,14,0,10,85,13,3,62,124,7,62,15,5,197,0,45,390,3,2,85,499,7,168,167,9,8,29,89,0,159,15,12,5,10,45,1,11,8,13,9,8,132,537,438,54,481,43,6,14,4,0,1,57,78,7,9,1,194,6,0,8,40,5
cell_179,0,219,170,10,3,7,84,158,4856,2,234,153,0,71,44,188,15,28,28,1,74,189,21,3,1,24,1,13,101,3,1,62,0,151,6,0,40,2,0,17,1585,0,45,31,0,176,8,151,12,7,52,10,265,26,0,147,6,2,44,25,0,2,28,48,71,38,35,73,10,0,8,3,6,12,0,307,11,97,0,0,130,16,15,2,338,23,83,5,154,12,129,11,269,26,48,226,0,2,24,178,68,67,30,80,3,23,10,26,1,81,13,41,2,94,0,0,0,6030,0,18,11,0,2,26,285,85,0,12,10,0,2,26,52,50,84,9,45,4,49,48,29,48,26,77,1,59,7,2,175,26,0,9,29,53,8,125,34,0,18,37,102,2,0,35,240,22,0,19,0,5,43,19,14,0,0,93,1,2,14,13,23,2,0,14,81,64,394,95,4525,33,8,27,0,103,152,0,11,7,248,81,0,160,20,2,72,95,0,5,81,46,2,0,3,14,141,19,15,0,30,109,0,0,69,32,140,0,555,19,67,1,59,82,0,74,0,8,163,4,1,281,13,1,13,413,2,0,82,135,17,44,28,225,131,48,2,4,264,6,282,44,0,286,0,6,295,46,69,62,23,0,34,23,14,1,0,317,476,157,1943,17,12,117,9,115,1,7,81,109,9,0,2,0,10,11,0,0,0,19,21,9,1,0,120,106,0,101,113,0,0,45,0,142,13,48,24,0,13,0,8,7,33,79,5,6,128,10,68,29,508,2,40,8,0,4,21,7,6,1,16,82,62,5,15,442,1,7,0,0,55,140,0,150,215,97,29,0,19,1,20,76,244,155,239,86,55,1,14,11,2,143,591,36,60,3,0,19,1,43,31,0,11,2,68,6,11,15,22,9,16,110,146,0,19,44,96,9,38,0,5,0,8,12,60,105,32,83,8,4,222,4057,0,0,0,26,7,4387,14,0,60,9,28,18,22,12,215,39,51,28,66,92,5,125,0,74,0,11,46,347,0,0,35,149,14,15,87,37,17,31,51,4,0,0,12,365,0,4,103,416,63,28,205,14,20,43,111,12,305,36,19,0,15,39,3,23,106,23,88,2,0,481,375,76,278,8,10,105,12,0,0,86,46,7,14,5,257,6,0,10,41,5
cell_180,0,158,236,0,90,34,24,123,5724,3,27,24,7,117,8,138,4,47,8,0,390,108,43,0,0,26,26,14,53,6,0,65,5,9,0,10,11,0,0,83,1659,0,78,66,0,137,27,390,11,2,61,0,271,10,6,110,0,9,70,12,0,5,3,90,110,5,34,201,9,0,11,20,0,43,13,720,20,412,0,0,16,45,4,50,186,32,113,10,116,1,4,8,240,7,60,2,26,0,8,166,81,36,0,162,9,10,11,53,6,99,7,52,2,73,0,0,5,5397,11,76,9,0,9,29,83,338,0,3,12,2,0,33,56,27,134,4,54,0,53,25,181,167,5,75,0,29,25,6,507,51,8,9,5,57,14,183,3,0,15,31,103,0,1,84,131,3,2,32,7,13,32,39,11,5,31,106,42,0,0,19,29,1,16,13,51,80,190,30,3461,30,25,19,2,105,142,0,20,7,175,99,4,197,33,5,24,131,0,3,43,58,1,0,8,0,45,271,27,29,55,117,0,25,15,30,383,0,944,0,55,3,82,40,0,88,1,30,93,6,0,246,24,4,1,299,0,3,80,83,8,37,23,171,332,10,5,25,147,8,124,10,0,132,1,57,467,80,42,17,10,7,36,5,12,0,0,312,129,195,1848,20,5,8,0,10,2,18,42,59,1,17,0,0,0,0,0,18,0,27,12,4,21,0,73,86,0,60,375,0,0,68,14,30,4,94,18,9,12,0,8,10,33,71,1,3,86,10,79,64,389,9,30,0,15,11,28,3,27,1,56,118,6,3,2,109,11,27,3,42,44,300,0,240,7,101,12,1,20,43,239,25,236,86,526,103,76,0,43,14,12,0,462,3,1,1,18,23,5,21,23,0,7,0,31,6,4,6,0,2,15,28,37,0,85,8,52,12,11,0,1,0,6,91,75,81,13,153,23,0,26,3203,0,17,4,16,14,2409,6,161,45,0,13,16,2,16,343,13,50,26,0,23,31,111,0,92,0,34,122,89,1,0,11,142,36,0,102,27,4,6,4,5,517,1,26,259,0,4,28,362,11,0,261,1,21,25,49,3,208,31,2,6,22,26,0,13,0,14,24,0,136,148,259,25,33,26,10,41,7,0,3,71,89,5,31,7,251,12,0,10,37,11
cell_181,6,139,65,0,100,34,9,167,4733,6,101,46,16,4,59,205,33,57,40,4,81,521,58,0,175,16,27,0,19,0,0,2,2,170,7,3,12,4,0,69,588,8,110,27,0,131,0,100,44,51,19,1,294,59,47,153,14,24,48,3,1,0,9,160,62,42,20,237,29,0,5,53,2,94,1,16,0,191,0,2,228,19,2,117,317,31,79,13,161,25,113,2,203,8,48,25,15,7,11,204,45,36,0,73,1,23,85,70,6,39,10,19,13,102,46,35,210,5124,8,26,11,8,5,33,186,34,0,16,10,9,16,18,53,39,48,3,26,11,11,6,149,15,57,83,0,47,6,5,546,10,0,15,0,32,2,122,14,47,10,46,118,8,0,36,242,2,30,8,0,8,4,67,30,0,0,96,9,4,0,17,90,0,44,24,72,56,438,25,4379,53,38,31,0,134,253,0,0,0,4,90,17,147,1,18,52,153,1,38,37,53,73,2,14,0,117,336,19,25,32,119,0,5,67,80,194,23,515,4,80,0,37,30,0,71,6,8,136,5,7,105,19,10,0,21,3,6,91,29,20,37,83,206,51,15,17,45,241,21,239,34,0,329,1,0,323,14,12,14,49,5,39,20,9,0,0,184,507,139,2075,20,12,62,0,0,4,5,15,59,1,20,4,1,8,1,0,5,34,20,31,22,9,13,59,112,0,67,31,13,0,51,5,89,14,42,19,3,3,2,13,0,20,43,7,7,34,0,0,35,493,18,3,6,16,9,16,7,0,16,31,72,12,14,5,403,7,55,18,13,0,95,19,1,196,54,34,0,32,77,153,60,254,37,275,37,53,14,10,24,14,67,580,9,16,6,6,12,15,37,5,0,21,0,70,5,25,10,6,62,8,130,3,0,158,23,30,19,27,10,32,12,4,63,13,64,17,401,19,1,182,4392,1,0,3,2,50,4319,11,0,67,19,34,183,69,0,228,25,39,2,2,1,7,58,9,36,1,46,99,559,16,19,11,65,18,1,98,34,14,24,21,6,0,18,38,385,0,16,4,318,6,70,116,18,25,32,94,89,134,5,30,1,14,38,0,5,169,6,132,4,41,526,391,59,718,45,10,111,1,0,14,165,85,6,17,0,307,10,1,9,31,14
cell_182,7,175,160,0,50,7,17,226,4570,6,237,68,17,50,29,216,11,41,32,30,163,272,48,0,58,33,1,3,37,15,0,54,17,75,3,0,28,1,0,29,1198,0,58,4,0,173,2,121,38,4,28,4,352,23,1,12,0,1,65,7,1,9,20,57,86,36,31,180,64,2,33,0,0,3,3,26,18,324,0,3,137,15,20,12,108,23,118,12,129,1,16,10,220,3,59,209,15,1,13,195,81,45,0,81,5,10,9,2,4,97,14,31,0,78,331,2,3,5099,0,11,39,11,5,37,89,88,0,1,7,2,24,47,32,38,75,23,29,5,46,24,81,136,58,71,0,9,32,10,578,9,343,6,12,89,3,117,6,0,12,7,106,3,0,0,241,9,17,31,5,0,48,69,15,1,0,27,4,7,0,9,28,1,47,44,64,52,443,34,3365,40,3,28,1,78,207,0,0,56,156,72,18,226,0,19,13,210,0,25,73,44,69,1,1,0,100,423,12,29,38,167,0,11,37,2,190,3,520,0,57,0,84,57,1,93,3,14,147,14,1,271,15,4,13,155,0,0,93,103,23,32,91,174,32,2,9,13,243,14,218,28,0,300,2,67,259,15,79,16,26,81,25,7,24,72,0,184,328,76,2134,2,47,35,0,4,0,8,50,148,3,15,0,0,5,10,0,14,0,17,19,1,0,0,41,104,8,70,188,14,1,82,6,93,6,64,23,0,3,0,3,26,28,90,0,2,120,5,25,83,545,8,9,2,16,5,17,0,0,0,101,84,0,17,0,476,3,20,11,40,178,135,1,19,134,11,46,0,10,21,16,26,173,62,259,46,47,0,25,6,23,29,576,38,22,20,5,11,5,1,12,1,1,0,76,6,0,22,91,2,27,13,62,3,4,9,115,10,34,0,12,0,2,32,39,41,40,163,9,0,7,4451,0,99,0,9,19,4250,44,219,30,0,55,37,19,0,409,30,56,30,80,7,2,114,0,72,0,0,30,296,7,0,3,176,28,6,89,43,6,17,33,4,3,0,22,416,0,10,69,398,1,89,159,11,28,21,11,8,242,16,58,17,12,40,1,3,158,18,46,0,8,489,493,53,1,38,11,44,9,0,0,248,66,6,17,9,291,9,0,13,38,5
cell_183,0,199,171,1,10,13,55,166,5167,6,225,122,26,74,30,67,1,36,35,23,152,732,55,1,19,22,1,4,24,5,3,43,15,87,4,6,40,1,0,0,1492,4,22,9,0,76,0,110,39,1,80,5,403,61,1,137,4,14,68,26,0,0,13,129,97,42,27,442,5,2,31,5,3,52,2,33,18,158,65,0,65,18,4,32,364,14,103,8,123,11,64,10,255,20,56,7,2,0,9,166,79,41,0,52,0,25,49,56,24,126,10,40,12,80,333,0,23,5106,3,9,9,0,17,31,259,106,0,8,3,0,26,51,41,25,102,9,31,35,53,22,150,124,36,70,1,48,3,10,441,36,0,23,5,113,0,126,56,6,13,33,74,0,0,0,180,8,9,38,3,3,45,88,9,0,0,108,20,9,0,5,79,0,82,40,74,48,357,11,7896,37,56,31,2,254,246,0,0,8,29,98,4,89,12,0,18,177,0,4,64,39,0,3,0,2,110,287,2,11,34,155,1,12,21,64,402,10,523,19,44,0,73,19,6,73,21,4,106,4,1,315,10,5,17,442,2,2,100,49,54,40,109,196,183,28,21,6,255,14,141,32,0,273,3,15,302,42,23,45,36,24,19,4,15,1,0,387,47,87,1979,25,54,6,5,8,1,9,78,64,5,2,1,0,0,1,0,12,134,25,20,7,8,12,69,74,0,72,62,0,0,73,21,75,9,3,34,0,14,12,3,4,39,88,0,11,108,2,50,18,542,7,15,9,24,0,15,33,0,7,26,61,1,14,2,310,1,5,17,12,164,158,6,111,138,78,26,0,19,17,105,31,164,111,293,47,47,0,20,19,30,73,604,36,27,33,4,1,5,36,15,0,12,0,30,5,26,20,28,20,5,19,67,0,129,50,10,9,28,0,4,1,9,64,79,128,11,284,7,6,61,4585,0,37,0,14,9,4365,4,0,57,9,39,39,13,0,291,28,69,5,71,105,6,101,0,44,5,23,45,134,23,0,5,141,17,1,63,167,3,20,4,0,353,1,18,365,2,12,22,193,29,119,171,20,22,27,41,23,369,8,9,1,16,54,0,13,83,2,30,0,127,322,484,65,0,38,21,0,15,0,5,152,42,2,7,4,289,4,4,8,68,19
cell_184,1,103,118,0,28,13,28,203,4971,2,95,104,12,67,41,185,4,47,60,58,0,113,57,10,0,19,20,0,76,0,0,54,12,335,7,4,225,1,0,63,1343,0,81,8,68,41,13,126,6,18,21,2,292,2,5,58,0,5,39,48,5,0,15,36,99,122,22,70,7,0,6,34,0,7,0,2,19,264,4,0,10,20,10,52,6,32,83,10,133,15,78,12,251,21,55,47,21,1,19,186,67,50,0,47,5,28,0,27,1,107,11,40,0,42,0,0,21,5387,27,21,12,0,0,27,136,26,6,9,11,0,2,35,45,104,69,15,9,1,39,42,146,68,33,39,2,20,0,8,722,17,9,18,15,71,2,109,18,0,5,54,99,6,0,95,234,21,18,38,8,3,39,62,11,1,3,125,1,1,3,3,122,1,7,52,73,20,319,28,6236,2,20,22,0,245,192,0,3,13,129,94,4,115,11,0,72,182,6,20,82,28,84,3,0,3,88,360,2,14,17,87,0,12,38,22,184,0,548,0,65,1,75,107,8,79,0,9,167,3,4,277,24,4,7,255,6,6,95,11,10,43,82,147,27,56,1,9,236,13,223,39,0,316,4,8,289,41,41,40,20,100,25,24,11,175,0,298,14,134,1927,23,38,30,1,1,1,9,8,76,9,27,0,0,0,0,6,2,0,27,7,22,10,2,42,109,0,116,64,0,0,73,13,127,6,1,19,1,5,0,7,0,41,88,20,5,132,7,26,4,553,9,25,2,22,4,19,5,0,11,51,98,0,6,10,419,0,25,12,36,174,126,0,140,27,21,22,0,23,82,102,54,273,194,333,57,63,3,24,6,34,61,594,25,12,0,4,4,5,28,20,2,0,4,64,1,3,3,38,52,30,22,72,0,37,17,86,7,45,0,17,4,5,27,8,146,33,307,7,1,55,4316,0,6,0,34,15,4224,40,79,51,0,25,24,33,0,225,20,57,11,22,60,19,112,0,44,1,115,15,627,10,0,39,162,25,0,63,148,4,3,42,4,0,0,22,355,0,7,49,377,14,121,130,15,20,113,79,25,84,14,3,6,16,37,0,10,139,6,63,2,111,456,472,61,74,31,0,19,3,5,2,239,68,0,19,2,201,9,0,13,49,11
cell_185,4,142,110,20,179,15,38,167,4618,8,168,65,12,17,45,35,7,34,13,83,113,19,70,0,181,16,12,2,19,0,1,58,10,383,4,21,146,4,0,38,1286,6,139,20,0,5,0,62,10,21,86,7,359,19,138,261,1,0,48,14,0,0,28,29,58,47,25,28,0,0,15,65,19,22,30,64,25,206,96,3,96,19,15,119,313,3,95,14,157,20,61,14,243,32,33,250,115,8,9,179,80,55,5,33,4,5,3,15,20,63,18,47,13,28,0,26,0,5378,19,6,15,0,4,16,114,38,0,1,11,12,28,10,21,89,51,2,37,28,51,14,57,96,33,74,1,61,7,5,512,27,38,13,12,100,0,100,17,1,2,80,34,11,0,0,217,3,17,41,11,1,48,30,5,2,0,9,24,4,27,2,94,3,59,32,13,51,378,58,2020,7,0,28,9,335,85,0,12,3,177,89,9,62,3,0,42,163,0,7,82,42,2,1,2,2,125,354,17,156,20,24,1,5,48,29,74,0,621,10,55,5,88,29,1,94,10,11,56,6,6,149,21,1,17,371,28,13,94,88,4,33,91,95,127,7,5,20,257,6,258,44,0,200,8,12,267,16,1,93,32,14,9,5,14,40,0,1,528,46,1935,24,83,59,14,2,0,6,1,40,12,10,0,0,1,2,0,24,0,18,9,8,16,11,57,36,0,74,112,2,0,69,226,124,1,2,20,0,24,6,5,2,40,35,0,12,82,2,10,105,500,4,3,4,22,4,22,5,0,4,25,88,17,9,9,234,4,14,31,0,149,164,0,153,134,29,25,13,8,43,8,77,190,106,381,72,79,0,19,24,6,57,585,4,30,39,11,0,0,40,17,2,25,0,14,5,26,20,55,11,1,39,137,0,160,30,28,12,21,0,4,0,6,63,46,59,68,112,19,12,21,4260,0,36,1,4,15,4256,22,24,21,0,41,7,36,13,47,22,34,27,33,9,16,102,3,61,4,26,95,614,0,0,35,116,8,1,78,78,3,1,10,0,363,8,26,362,8,11,80,135,13,101,153,15,25,30,22,9,394,25,5,31,17,46,0,19,88,9,20,0,25,477,506,78,310,38,13,47,15,0,1,177,70,8,15,1,14,24,0,16,78,7
cell_186,2,82,31,0,41,198,16,50,3991,9,54,18,26,3,55,48,23,46,31,14,3,73,41,8,130,11,5,8,14,9,2,67,28,212,10,0,11,2,3,23,2250,0,56,72,3,9,53,200,12,49,52,6,125,24,14,112,0,41,62,65,4,0,14,34,97,9,21,124,15,2,0,37,19,3,49,400,23,299,0,23,133,59,11,68,239,82,65,10,141,28,40,6,209,0,60,33,25,0,10,224,94,55,0,96,3,20,16,27,2,81,32,44,7,84,16,0,10,3543,42,22,12,6,3,50,84,156,0,25,9,10,4,9,14,72,105,7,30,2,73,17,82,79,22,67,0,45,38,7,349,10,0,17,6,225,5,170,45,5,2,113,100,5,0,7,86,1,8,33,6,5,28,75,59,1,0,2,12,4,0,3,52,1,11,64,55,59,87,37,440,44,4,37,3,91,124,0,0,0,12,76,1,31,11,2,66,117,2,30,4,57,97,0,4,15,43,101,56,70,35,148,0,4,25,42,428,1,534,0,77,2,77,81,0,96,1,64,49,0,3,106,22,6,7,55,0,2,97,23,3,31,25,92,94,10,5,42,47,16,85,67,0,81,2,37,347,20,15,20,14,21,52,3,1,116,2,124,236,245,1749,34,14,43,2,10,0,12,2,83,4,5,0,0,5,0,1,15,0,15,22,1,24,26,70,130,0,53,75,1,0,64,15,95,9,163,28,1,49,1,7,22,62,25,17,11,0,0,18,18,379,13,4,8,7,10,20,6,8,10,16,159,3,10,6,17,34,4,7,0,232,361,0,128,109,19,11,0,30,54,7,53,141,217,592,91,94,17,44,6,21,0,534,2,17,12,10,8,7,53,39,2,10,0,53,14,10,10,28,12,21,133,23,0,588,16,78,23,34,24,7,0,5,52,56,49,4,65,70,0,36,2124,0,73,3,4,5,1932,5,107,9,14,6,21,14,4,101,23,52,58,57,9,18,10,0,100,6,72,83,640,0,6,30,172,39,1,109,46,4,20,35,1,36,4,22,118,0,13,7,744,7,20,148,12,16,46,88,16,57,10,32,11,17,36,11,5,118,50,42,1,131,535,413,37,1,28,9,18,4,0,23,126,57,17,12,2,134,28,8,17,62,7
cell_187,0,149,180,0,59,36,33,76,5509,3,200,33,3,70,57,143,7,42,64,19,41,63,12,7,5,23,2,11,13,0,4,75,38,339,26,6,20,1,0,31,1807,15,48,22,0,49,27,130,1,4,69,21,259,47,7,213,17,43,59,49,0,2,47,22,82,45,30,582,12,1,6,10,3,1,5,972,16,214,0,3,0,60,20,79,233,52,28,20,127,9,82,2,245,45,80,148,7,0,3,194,60,16,9,120,15,6,0,45,4,34,9,73,32,94,14,0,4,5619,0,40,10,9,4,36,37,268,0,4,6,26,8,16,50,44,99,7,37,0,77,17,1,14,9,91,0,104,15,17,604,11,0,9,10,247,5,182,26,0,15,74,78,6,2,29,161,26,17,0,12,19,6,16,0,0,7,150,13,0,17,22,58,5,10,41,14,48,178,8,1589,13,49,23,1,69,177,0,3,0,12,96,24,206,0,0,35,127,0,7,86,50,21,10,3,4,53,153,15,28,62,97,2,26,13,38,426,0,871,1,68,1,83,72,0,74,10,59,260,9,0,239,15,3,22,0,1,3,118,77,13,39,36,174,36,27,5,43,80,25,151,65,0,115,3,22,438,7,38,59,22,83,3,8,1,0,0,240,347,134,1805,1,5,25,0,30,0,17,91,19,9,20,0,0,1,10,0,12,6,22,10,1,15,2,48,95,0,65,90,21,0,50,3,196,15,56,14,0,8,0,7,16,29,23,0,1,197,2,81,3,383,22,6,4,39,4,25,2,1,4,21,116,0,8,17,133,1,60,9,22,0,222,5,36,95,88,16,16,18,37,24,47,180,295,571,90,93,3,26,10,9,27,529,21,71,23,28,10,6,32,18,0,1,0,19,6,10,12,4,15,13,16,189,0,576,4,98,12,13,0,2,0,21,115,33,16,70,508,32,2,106,2910,1,75,0,5,17,2444,0,0,26,21,30,3,6,5,461,22,40,18,61,44,10,151,0,14,16,1,80,725,21,0,28,136,17,1,121,22,4,7,9,1,14,9,0,240,10,29,23,40,3,2,169,2,16,5,38,29,295,7,10,6,21,32,0,7,138,58,131,1,81,584,314,22,143,44,12,9,15,0,0,111,66,24,9,2,207,18,44,8,52,8
cell_188,0,171,141,2,120,15,17,120,5039,2,102,45,6,49,49,130,7,43,2,29,25,290,16,0,5,4,3,3,75,0,0,52,9,123,8,0,60,1,0,0,1693,0,39,35,50,179,64,150,48,1,72,11,308,17,13,113,18,5,37,19,0,7,60,192,67,47,43,221,52,2,5,5,59,4,0,287,8,123,0,13,217,24,40,34,261,28,96,19,76,6,99,2,255,0,45,143,10,0,1,184,66,75,13,64,2,20,11,0,15,120,8,40,0,41,0,0,0,5377,1,75,5,1,0,39,246,102,0,0,11,0,0,35,74,158,83,17,49,15,70,46,59,138,0,43,0,33,37,0,678,27,29,0,9,110,7,131,0,0,17,17,31,3,0,0,217,7,19,5,0,3,47,16,29,1,0,77,40,1,13,2,29,0,46,34,68,42,424,61,2701,13,21,27,2,232,224,0,72,31,176,88,6,87,17,4,86,140,8,11,82,49,42,0,0,18,100,204,20,12,25,41,1,12,33,26,82,0,458,0,75,2,74,15,21,58,11,22,83,0,3,274,23,3,26,169,0,4,70,217,15,15,64,250,207,32,5,11,241,7,226,41,0,268,5,20,240,50,7,64,16,35,8,10,29,92,0,32,72,153,1840,0,46,2,34,30,0,15,67,39,1,10,0,0,0,0,2,12,0,17,16,11,4,1,77,93,0,86,184,2,0,62,95,119,3,551,15,0,22,0,22,31,29,95,0,26,33,22,28,49,553,7,7,0,1,4,24,3,0,0,10,82,21,5,6,253,11,15,5,2,0,149,28,66,119,174,23,5,26,22,58,0,194,343,258,92,22,1,25,37,6,2,627,46,11,0,6,10,12,35,28,8,6,2,64,2,7,12,15,82,23,91,140,0,105,14,107,5,29,6,6,0,4,52,71,22,31,34,2,1,127,4302,0,1,0,2,13,4345,12,35,15,9,21,75,5,29,405,26,59,33,42,6,5,26,13,65,1,28,51,393,0,0,38,97,16,6,64,120,4,61,41,10,49,1,42,343,6,1,75,559,17,30,205,19,21,77,71,2,219,10,8,17,9,31,0,17,85,23,18,10,0,442,459,56,152,30,9,21,13,0,0,175,63,0,1,0,0,13,1,0,44,2
cell_189,5,159,177,148,89,15,26,54,4657,2,61,59,14,50,29,220,2,32,17,7,52,48,44,28,2,17,0,6,35,9,0,77,12,72,6,0,40,4,0,35,1392,0,18,28,21,86,0,159,29,11,17,0,308,27,23,149,8,7,51,24,0,0,20,25,112,45,25,128,11,4,29,22,10,2,0,41,39,286,0,1,131,22,14,196,316,24,93,7,141,6,54,13,221,1,43,45,26,0,0,214,89,70,0,61,1,23,21,60,6,153,8,37,2,102,5,3,19,5817,28,11,6,0,1,30,75,53,0,0,16,0,20,16,57,91,84,4,42,100,45,8,80,84,0,86,0,74,7,3,647,32,5,6,3,104,3,160,25,2,3,1,111,5,0,35,184,5,5,34,0,1,53,93,37,6,0,114,56,12,3,3,98,1,31,47,9,71,352,119,4340,50,44,15,0,299,135,0,20,15,250,73,0,184,10,3,16,102,1,30,80,46,11,1,1,50,120,355,16,13,43,138,0,14,24,38,106,0,560,0,72,3,72,37,0,73,1,5,113,0,0,244,21,3,25,53,2,5,62,29,16,16,96,193,129,3,6,13,170,12,273,52,0,288,5,54,266,8,45,60,55,70,33,10,0,3,1,362,256,110,2062,21,53,19,1,11,1,15,8,68,0,6,1,0,7,0,0,12,0,16,6,1,10,16,79,88,0,99,24,0,0,74,50,124,11,130,19,22,17,1,4,40,23,54,0,2,40,5,14,25,525,0,9,6,1,7,20,2,7,5,11,77,8,19,5,372,5,0,14,46,195,138,32,68,99,83,25,3,10,83,36,72,136,395,317,95,25,0,11,22,17,8,592,23,16,12,33,22,5,41,36,0,22,2,45,2,10,19,8,32,26,124,60,0,85,26,105,8,24,0,12,0,5,15,44,26,30,225,3,4,83,3729,0,106,1,19,10,4401,43,114,29,0,28,102,22,18,424,35,56,35,7,23,7,91,2,42,0,6,69,468,1,0,37,147,12,0,49,127,1,12,29,1,188,2,25,384,0,5,62,331,2,70,166,17,23,65,35,7,210,13,6,1,10,50,0,12,27,16,47,2,0,500,455,53,269,20,13,28,2,0,3,80,59,2,6,3,281,7,0,13,22,14
cell_190,4,211,110,100,71,59,29,201,5008,8,38,33,6,43,21,71,6,45,17,39,80,374,67,0,89,5,9,5,54,2,1,25,3,76,9,0,30,1,0,1,1390,0,69,55,0,136,0,131,44,8,66,20,302,54,19,47,3,17,58,21,0,3,14,223,41,16,23,235,3,6,13,4,51,54,141,263,17,115,0,4,186,22,31,21,258,11,119,1,160,12,83,4,227,1,40,10,74,0,0,191,75,58,3,57,0,18,9,21,3,104,23,28,1,76,0,2,10,5195,11,66,12,4,8,7,235,102,0,1,5,2,8,33,36,67,53,16,6,17,52,13,270,79,26,76,0,57,59,3,570,17,3,6,15,39,7,97,13,11,26,21,125,8,0,7,203,8,10,6,3,1,26,74,0,3,0,135,0,12,1,5,86,3,33,13,37,62,374,58,1401,19,1,28,9,231,71,0,54,1,227,84,3,154,5,1,64,193,2,33,35,51,23,0,0,51,93,332,54,1,27,115,1,4,40,17,3,1,479,0,2,8,74,63,1,89,3,6,38,2,1,270,20,2,25,348,5,9,98,90,10,10,73,184,184,10,11,1,252,10,147,42,0,180,16,7,252,38,47,16,10,131,40,18,14,147,0,157,11,119,1908,11,97,81,15,17,0,16,28,97,5,7,0,0,0,0,4,12,85,21,8,12,11,6,78,131,1,100,70,1,0,36,86,119,2,283,25,2,26,0,8,24,33,67,0,17,18,9,36,48,497,14,13,4,2,15,18,2,5,12,85,95,8,12,11,200,0,2,18,6,174,180,1,166,144,29,25,6,24,30,40,60,221,106,291,44,45,0,26,16,11,81,655,14,5,12,5,10,18,43,24,7,4,2,7,3,8,5,45,33,25,128,88,0,131,30,142,19,35,0,3,0,12,62,86,102,113,44,1,0,133,4377,0,51,11,16,20,4468,33,144,178,0,57,95,69,6,338,30,30,27,13,56,14,30,1,73,0,41,82,486,0,3,49,140,59,8,83,106,4,5,2,2,14,3,47,371,10,5,80,282,47,39,192,28,15,5,64,21,85,8,29,13,19,34,5,4,108,14,58,5,94,392,471,82,915,20,38,50,5,0,18,186,85,5,27,1,0,1,0,9,75,13
cell_191,0,200,143,0,233,13,37,19,4803,0,183,102,13,57,12,223,6,57,1,4,124,344,41,0,1,20,2,2,14,3,0,69,18,35,4,0,32,2,0,3,1469,89,58,33,0,112,0,242,29,14,97,15,348,3,34,37,2,12,54,12,0,9,33,14,80,9,35,139,86,0,15,21,9,8,0,305,28,169,0,6,311,17,14,5,64,26,107,18,124,2,16,3,239,2,62,80,7,0,10,164,80,63,15,41,5,6,0,21,2,122,6,29,4,98,0,3,0,5560,3,18,18,3,12,29,89,106,0,35,16,2,0,25,50,60,86,12,35,20,60,30,118,112,13,85,0,26,26,1,642,18,210,1,15,104,1,160,23,0,6,57,112,10,0,11,163,2,1,36,0,2,50,70,19,16,0,103,31,1,0,1,62,1,56,30,58,53,468,0,3922,20,13,22,0,222,180,0,17,19,276,52,7,96,3,11,50,189,5,33,57,38,14,0,6,54,112,373,59,21,27,73,0,12,10,66,321,2,545,0,72,6,73,12,18,66,6,7,123,1,10,312,22,0,0,179,1,11,75,20,19,13,83,119,159,42,14,42,287,12,217,43,0,207,23,72,272,4,12,82,21,86,34,37,6,109,0,219,28,102,2019,1,21,43,2,8,0,11,74,69,1,0,2,0,2,0,1,2,0,23,21,4,0,0,78,82,0,73,156,0,0,46,35,111,16,344,24,0,47,0,17,43,35,92,2,21,70,21,94,0,512,29,13,0,7,3,18,16,3,1,19,90,3,14,5,248,0,51,17,46,57,127,6,82,32,69,29,1,14,12,18,1,80,155,287,48,61,2,31,21,25,22,611,19,5,1,7,7,8,32,24,0,2,1,36,5,5,9,9,2,27,124,121,0,25,10,82,0,39,0,6,0,7,45,12,77,50,138,9,4,72,4057,0,8,0,29,11,4376,8,84,41,11,21,17,17,15,66,28,52,9,28,28,10,72,1,49,0,6,52,133,3,0,28,95,20,3,40,82,2,19,3,2,24,1,27,410,0,15,78,327,76,7,187,9,17,22,164,4,359,11,107,27,9,47,0,15,33,12,35,3,7,209,431,61,39,34,13,26,4,0,0,159,64,18,8,1,289,4,0,13,78,5
cell_192,5,184,104,0,0,8,28,182,5456,1,206,69,3,22,29,147,9,55,26,6,37,480,71,2,1,13,5,5,103,0,0,59,53,116,3,0,189,6,0,5,1565,2,44,42,41,170,1,163,36,20,17,17,336,39,0,60,6,7,72,12,0,3,16,132,92,47,23,267,84,0,8,37,62,1,9,1,13,28,59,23,33,24,24,37,187,25,31,8,150,0,83,5,229,28,47,78,42,6,4,164,40,65,1,53,0,22,6,21,3,39,6,58,9,45,0,0,4,5550,4,34,38,0,2,32,256,105,0,10,10,1,0,30,58,48,38,6,7,21,50,31,61,78,90,101,2,49,30,6,249,12,73,18,8,50,3,170,23,0,30,55,124,12,0,23,159,5,0,43,10,8,10,51,0,12,1,119,0,0,0,1,106,4,29,30,76,42,344,37,3521,34,31,21,1,51,188,0,15,29,21,70,7,187,2,1,58,181,2,25,40,47,71,12,1,6,91,246,11,1,46,128,0,14,56,20,179,91,563,6,41,0,56,81,14,79,0,3,61,16,6,291,20,4,19,248,0,1,90,127,22,33,106,65,165,42,31,77,249,12,275,46,2,303,10,54,290,25,18,19,48,136,28,25,7,144,0,322,172,175,1890,1,52,65,15,6,1,12,65,97,6,32,2,9,4,4,0,5,547,14,18,12,13,0,88,126,0,101,210,5,2,86,9,107,24,167,24,0,40,0,1,20,32,90,9,8,72,12,78,42,504,5,13,5,30,9,21,6,6,7,12,73,0,4,13,137,13,31,29,5,0,180,0,0,95,37,22,0,35,30,61,0,221,41,300,35,48,2,27,5,18,29,623,33,27,31,1,5,7,28,13,4,0,0,13,8,34,8,5,21,16,108,43,0,39,33,121,7,25,1,27,1,7,86,90,132,30,337,6,1,114,4093,1,89,2,2,8,4371,21,0,22,9,56,52,54,10,300,26,47,10,61,41,0,110,0,22,0,2,46,126,33,2,27,79,17,6,43,74,1,35,6,2,1,1,15,353,15,17,66,96,63,130,188,30,29,31,122,18,410,12,7,6,13,35,0,6,126,3,42,5,0,282,373,75,44,55,13,5,15,12,2,158,83,10,25,1,0,8,25,3,77,17
cell_193,2,68,284,9,0,136,74,37,4992,30,98,33,20,73,51,59,11,21,11,2,120,6,6,0,75,11,3,5,12,0,0,66,0,96,16,1,0,14,0,0,7348,0,172,60,0,3,0,11,36,6,61,7,124,80,4,19,0,0,62,102,0,0,72,174,187,70,13,3,32,0,5,0,17,21,0,2,102,371,0,1,0,66,2,14,18,166,61,2,61,4,28,6,234,13,24,35,11,76,1,161,158,235,0,592,0,43,63,0,3,81,25,34,15,14,7,0,1,3506,4,40,16,5,1,17,133,426,0,25,14,0,0,24,131,47,47,11,17,16,80,174,6,169,81,58,7,767,0,29,489,19,0,27,4,152,1,377,25,0,44,42,25,18,0,9,59,28,1,1,0,2,29,135,41,0,3,62,9,8,2,2,122,2,34,355,67,127,1028,27,104,22,3,90,0,147,70,0,31,17,1,55,0,0,17,0,39,62,8,8,78,137,12,25,13,4,41,72,28,0,51,135,0,3,39,26,695,4,370,9,112,0,110,24,6,11,12,135,249,2,1,239,16,13,104,617,0,0,212,25,68,31,7,55,155,13,4,6,205,19,85,42,0,44,2,3,183,11,4,75,12,0,75,29,12,23,0,26,6,684,1561,312,21,13,2,16,0,21,31,113,0,0,0,0,2,0,0,10,0,12,30,0,32,0,86,275,0,65,332,0,0,35,1,77,34,94,16,0,72,0,0,1,47,67,0,12,1153,0,31,142,306,22,37,1,59,5,15,10,0,14,15,118,4,56,4,113,0,4,10,10,642,203,0,96,84,25,24,0,84,0,27,90,142,654,1226,43,12,9,77,7,19,31,464,34,205,13,3,21,27,46,41,0,6,0,23,3,35,24,3,62,37,402,62,0,379,32,103,9,25,0,50,0,0,4,57,201,6,170,16,10,42,1124,2,91,0,3,7,560,11,3,4,4,81,11,0,0,1,23,66,166,52,31,19,148,0,110,48,2,12,545,1,0,69,248,11,0,19,49,3,33,12,0,0,1,8,32,4,61,70,992,2,58,104,8,25,6,33,9,56,8,18,1,16,19,0,30,20,78,58,2,164,268,57,61,8,59,9,12,3,0,0,70,65,115,68,0,140,9,5,11,24,8
cell_194,0,59,269,5,0,241,24,137,4952,18,126,10,20,43,17,63,2,36,19,18,21,87,17,0,0,14,7,2,17,1,0,32,9,241,0,0,11,19,0,0,8527,0,34,75,2,59,120,76,31,50,91,1,112,84,8,92,0,12,65,82,0,2,9,141,206,14,19,22,5,1,10,2,12,0,118,699,109,359,0,0,34,70,6,37,389,148,43,12,33,7,118,0,232,45,23,26,2,24,0,148,159,210,1,596,3,32,6,0,3,39,27,14,4,24,98,0,0,3676,98,20,20,1,6,39,26,563,0,37,5,5,15,153,109,28,30,16,23,2,94,105,52,47,5,62,0,532,10,11,481,21,404,9,2,146,4,310,78,3,11,103,70,9,2,70,47,20,5,15,19,10,30,81,0,20,0,5,6,24,0,3,105,0,4,207,54,95,1094,130,169,24,9,85,0,55,103,0,2,34,40,48,1,15,11,0,38,107,9,26,59,147,5,0,5,16,40,64,59,17,97,94,0,21,2,39,459,0,459,0,154,0,141,127,0,44,22,209,272,0,0,144,13,2,57,171,2,2,233,206,49,31,11,111,114,33,8,12,245,8,73,86,0,100,4,90,212,48,7,61,16,75,41,16,0,7,0,0,47,335,1548,306,44,16,0,40,2,8,60,152,5,2,0,0,4,0,1,21,134,23,20,6,31,11,72,289,0,48,361,3,3,43,8,63,5,21,15,3,14,0,13,27,54,72,0,19,12,10,100,51,277,23,72,0,2,4,16,15,1,2,12,139,11,8,2,65,7,40,8,2,20,241,3,120,4,42,6,0,105,48,23,90,181,377,1351,151,168,4,55,8,11,2,483,6,90,0,15,8,17,30,32,2,4,0,34,8,24,5,13,5,32,273,89,0,125,8,111,5,25,0,1,0,8,108,23,185,28,21,10,0,50,1099,1,15,3,5,4,577,6,20,7,0,30,21,7,6,331,38,76,184,0,8,14,90,0,121,0,2,13,303,0,0,25,178,47,0,31,64,6,65,2,0,227,5,12,28,3,10,61,654,0,7,105,5,19,4,16,2,16,7,4,4,21,27,0,23,155,68,70,0,46,236,58,66,12,89,16,19,8,0,2,140,72,153,40,0,0,28,1,23,34,40
cell_195,1,60,148,0,8,113,77,101,4974,9,53,6,13,16,14,58,5,82,3,7,7,16,30,2,0,32,5,3,2,1,0,71,4,118,10,1,0,5,0,15,8819,0,72,42,0,32,23,97,27,4,72,4,135,40,0,75,12,10,83,50,0,2,65,273,234,7,29,21,30,0,9,2,0,20,61,2,79,511,0,1,0,68,9,58,333,127,80,21,55,7,46,0,255,51,31,25,10,0,0,148,180,223,0,340,3,38,13,0,3,83,16,39,1,32,1,0,0,3502,66,65,12,3,1,35,34,647,0,45,7,1,2,126,114,41,35,10,21,4,89,133,6,93,2,44,4,831,21,31,485,23,0,21,2,174,4,68,25,0,45,119,59,18,0,0,71,69,1,13,6,4,34,37,1,3,0,12,14,6,1,1,104,7,4,94,51,90,917,49,216,11,0,106,3,140,34,0,48,15,25,66,5,13,16,1,21,107,10,8,82,135,179,0,3,1,28,76,16,31,95,67,0,27,22,14,29,0,453,0,145,1,99,96,0,79,22,65,167,11,1,239,15,17,0,421,7,1,219,98,44,38,13,68,65,23,9,17,169,6,72,143,0,50,1,67,228,2,3,43,21,24,52,4,0,0,0,35,18,1417,1439,156,46,13,2,0,2,13,24,68,0,47,0,0,5,1,0,18,0,24,31,4,0,0,75,147,3,48,588,0,0,78,28,63,34,111,11,2,8,0,5,1,78,42,9,15,1720,8,17,74,266,39,65,2,14,11,11,59,0,6,49,89,0,52,8,14,1,9,3,17,200,175,0,79,16,26,13,0,67,46,7,81,97,480,1424,105,76,7,62,1,19,9,442,33,25,2,3,19,71,45,17,0,2,0,19,2,8,24,0,21,28,422,70,0,281,8,152,1,35,0,39,0,13,118,41,170,14,190,15,0,36,1194,0,4,4,3,2,532,7,22,30,33,19,1,4,2,35,38,62,129,66,7,43,106,0,48,0,1,20,647,55,0,8,210,35,1,33,37,2,11,8,0,115,2,10,29,2,61,63,780,24,72,69,3,20,16,44,13,20,38,130,0,22,29,0,20,26,103,92,5,0,269,53,99,5,89,19,4,6,0,0,166,93,468,25,7,158,39,3,10,71,29
cell_196,6,32,405,11,37,45,104,111,4236,13,147,9,40,58,19,61,24,54,7,12,139,64,23,0,0,14,2,9,28,6,4,83,4,137,16,3,19,11,0,57,9102,0,49,61,0,74,25,91,30,12,84,17,149,41,0,102,1,3,42,62,0,1,23,146,189,44,27,35,88,1,6,20,75,1,0,472,35,59,0,5,0,71,9,77,501,155,113,14,62,1,23,0,268,24,18,109,6,0,1,157,164,205,13,594,0,37,35,0,1,72,26,29,26,37,6,7,9,3516,55,55,39,0,5,26,59,722,0,8,6,0,3,87,100,49,38,10,27,1,70,114,33,173,12,50,1,860,10,37,495,6,0,14,15,142,4,298,53,0,12,136,92,6,2,0,63,56,12,13,8,28,40,84,6,19,0,57,7,9,0,5,179,1,15,16,65,87,1027,8,141,11,1,65,5,60,69,0,33,44,0,57,0,5,3,2,23,81,9,27,139,146,82,2,2,13,32,67,9,0,94,223,2,19,35,12,426,0,417,0,124,6,107,100,0,91,1,83,134,1,8,219,10,5,48,25,5,3,258,626,24,20,13,72,36,66,33,15,185,26,97,63,1,82,8,85,237,2,6,75,13,129,42,9,6,23,0,21,19,963,1451,39,15,21,0,0,3,19,79,44,0,0,0,0,35,0,0,5,0,25,6,15,0,0,101,287,0,47,591,14,0,54,16,64,60,109,11,1,33,0,3,0,50,63,0,7,1708,11,70,29,289,22,4,0,134,1,14,22,0,12,8,118,0,17,1,67,6,0,10,14,0,323,0,76,72,18,9,0,71,15,32,80,168,332,602,110,56,0,61,17,27,33,433,38,63,0,3,17,105,40,29,0,5,0,7,2,26,4,1,18,32,371,19,0,353,17,122,1,41,0,49,0,8,128,104,61,6,189,43,5,41,1197,0,0,4,1,5,606,8,1,16,17,20,8,1,27,99,26,76,18,70,3,24,144,8,35,2,0,7,417,24,0,18,223,50,4,23,33,2,45,2,5,153,5,20,37,9,62,68,804,0,40,38,9,24,2,125,49,53,34,109,3,14,28,3,11,230,64,87,6,2,340,88,55,9,96,20,8,13,0,0,143,86,97,45,1,16,22,20,0,67,24
cell_197,0,53,315,59,2034,144,79,116,4756,47,70,3,25,52,38,66,17,90,37,35,49,101,28,0,58,14,7,8,16,4,0,71,9,277,1,0,4,15,0,8,6857,1,70,71,0,81,628,116,30,46,56,3,120,18,0,172,3,2,71,39,4,0,37,26,232,33,18,71,70,3,4,35,45,12,100,660,57,632,0,11,12,44,0,8,877,154,91,5,83,0,127,12,241,0,21,6,1,2,2,78,153,269,22,305,5,40,3,0,2,87,23,38,15,23,0,0,0,3658,68,13,15,0,1,32,73,420,0,15,8,1,3,130,129,55,37,31,24,2,54,36,30,114,60,64,6,703,9,29,435,80,48,20,3,157,17,151,39,11,9,24,94,26,2,27,58,1,0,11,0,23,53,104,35,15,0,52,5,11,0,7,37,0,29,255,55,49,1074,95,219,10,8,0,0,147,102,0,0,46,1,67,4,8,0,8,57,95,25,21,93,136,16,0,1,17,32,73,59,6,53,83,1,37,15,18,405,10,460,12,51,1,117,107,18,59,6,37,266,5,2,217,9,14,98,183,0,0,201,216,70,31,3,119,26,25,18,19,237,27,82,38,0,80,0,25,206,18,2,41,19,78,32,39,18,45,0,33,184,322,1521,0,16,30,0,2,2,8,102,91,2,6,0,0,11,0,0,12,0,16,57,2,28,53,144,225,0,56,447,0,0,17,18,78,29,229,10,9,40,0,1,12,61,66,0,9,389,1,57,26,281,7,23,3,16,1,19,49,22,8,19,115,0,50,1,35,13,9,10,34,606,262,19,22,46,22,10,1,86,25,153,0,196,113,370,43,60,2,58,10,10,1,446,27,222,1,9,18,2,36,23,0,26,0,30,3,28,10,6,62,18,327,5,3,73,7,96,9,44,0,6,0,3,135,26,139,9,43,27,0,2,1189,3,66,0,11,3,534,6,0,30,18,0,22,7,3,37,22,54,77,6,26,17,102,1,173,17,0,16,118,0,3,73,255,68,7,31,52,18,4,3,0,20,4,8,15,3,26,12,861,10,5,88,0,18,4,64,2,66,7,211,1,22,28,0,7,27,231,151,2,1,196,63,24,0,86,11,16,0,0,1,62,86,48,28,3,41,1,0,5,76,43
cell_198,7,73,276,124,717,52,16,26,4487,9,48,4,2,80,32,14,0,16,0,4,54,22,15,134,67,18,0,13,27,0,0,67,11,175,1,4,0,3,17,46,8742,132,27,55,0,52,16,62,74,1,105,10,146,48,21,134,15,68,56,13,0,0,88,129,235,22,4,66,13,0,17,15,0,10,184,542,84,638,5,0,1,58,16,19,816,145,91,17,71,4,0,0,272,10,26,111,10,0,1,86,163,243,0,248,5,18,38,7,6,60,30,27,7,41,75,0,0,3389,6,29,6,0,1,33,99,573,0,18,15,0,3,110,107,14,54,0,15,5,61,28,49,64,14,49,0,912,17,1,449,15,0,0,2,174,13,358,20,0,22,113,73,25,6,0,49,3,10,7,2,0,42,31,130,0,0,46,12,7,7,0,157,1,47,370,10,88,934,108,23,12,0,111,1,189,103,0,1,2,13,73,0,22,2,4,48,63,1,5,59,162,78,0,15,13,31,55,124,8,65,127,4,18,5,29,867,0,469,0,135,3,123,2,11,106,21,145,251,7,0,105,5,0,44,8,1,2,191,682,36,28,5,141,63,36,7,56,189,25,59,78,0,30,6,37,234,13,27,6,18,65,0,13,3,0,1,24,28,1282,1500,30,25,0,8,69,2,15,63,81,12,9,3,0,0,0,0,14,1225,18,23,3,33,42,112,202,1,17,173,0,0,36,28,102,4,105,19,5,11,2,10,7,91,78,1,14,0,0,36,77,257,23,30,2,15,0,9,15,0,0,59,105,14,29,9,49,10,13,26,17,286,88,17,113,61,13,9,13,86,29,140,67,195,146,1309,91,69,3,64,12,20,26,425,3,11,26,0,8,5,46,17,3,12,0,6,4,1,26,3,3,53,100,99,0,458,19,35,11,32,5,0,2,14,101,53,216,13,21,13,1,16,1233,1,77,8,9,2,578,2,1,40,10,70,0,13,0,155,37,48,74,51,30,45,9,1,166,25,1,17,817,0,15,40,255,0,0,30,78,2,2,8,0,1,9,5,20,4,23,48,482,9,0,52,7,22,50,80,6,144,22,20,9,12,27,0,10,1,123,48,1,10,210,84,86,19,45,22,19,4,0,3,85,85,262,5,2,34,22,0,15,56,21
cell_199,0,34,228,0,1,72,36,84,4392,45,104,21,19,43,8,71,4,58,7,23,89,17,22,1,59,33,5,5,3,2,1,68,0,63,8,27,4,7,1,56,8066,0,173,73,0,74,0,47,66,3,35,10,103,79,31,117,1,3,35,77,0,0,48,354,239,50,26,70,5,1,6,76,22,23,32,360,92,323,2,0,7,95,22,16,905,170,69,9,68,8,41,7,232,21,21,0,45,3,5,51,104,247,0,486,2,26,21,12,11,68,21,36,10,23,0,4,0,3323,123,58,17,2,1,32,118,676,0,61,11,0,0,125,107,10,39,4,20,6,45,105,132,135,4,60,2,784,0,36,258,55,307,30,29,49,8,260,34,0,13,100,77,11,5,8,71,2,4,1,10,3,36,28,32,9,0,5,43,1,30,4,80,2,24,97,68,60,973,82,213,35,7,51,1,155,107,1,40,31,7,75,5,38,5,7,19,97,8,9,99,134,0,7,1,2,26,72,54,2,87,65,0,1,27,5,651,92,453,0,55,0,79,73,67,106,17,18,258,3,4,214,11,8,92,1003,6,2,234,308,48,25,9,55,174,29,14,28,215,21,66,43,0,82,1,69,232,8,3,51,7,72,40,21,56,2,0,30,80,111,1588,214,44,25,1,7,2,22,18,113,2,48,0,0,0,10,0,12,538,18,33,3,27,39,47,156,15,64,1150,0,0,69,7,62,24,216,11,1,13,5,1,2,80,82,0,5,687,2,82,9,294,18,42,0,6,2,13,6,16,7,48,122,0,9,3,84,5,25,4,49,0,103,0,2,13,68,5,0,68,20,15,54,222,373,1610,119,39,2,84,3,2,0,473,5,192,0,15,23,15,18,43,0,14,0,4,1,2,8,1,6,34,494,12,1,286,19,106,2,27,0,12,4,7,162,81,163,11,85,24,0,16,1229,0,4,2,4,0,587,21,34,36,22,61,5,14,8,339,27,57,126,54,11,41,126,0,129,6,0,18,331,16,0,79,263,66,1,26,22,3,0,0,0,5,1,3,23,9,37,56,1174,106,58,93,6,11,6,24,2,113,39,40,2,11,22,2,26,19,210,212,1,176,88,73,75,0,73,10,3,5,0,3,97,119,219,65,2,1,6,0,12,45,26
cell_200,1,17,282,0,306,201,17,171,4754,8,133,21,61,31,19,67,8,51,11,3,109,8,12,5,0,31,2,4,6,4,8,39,6,47,2,0,2,2,0,11,10607,18,145,15,2,18,0,43,2,5,94,11,78,106,0,131,0,14,63,125,0,3,14,65,208,27,15,3,18,0,14,47,0,26,0,0,109,846,0,3,1,81,11,8,686,156,29,4,65,9,22,14,271,30,22,133,2,0,15,111,163,233,0,540,10,41,2,3,22,11,24,40,0,96,0,0,1,3551,2,44,26,2,2,19,171,717,0,27,6,2,69,56,98,14,39,25,21,0,72,29,63,125,3,53,0,394,24,7,470,19,3,11,3,179,12,347,69,0,18,26,17,13,0,16,66,2,6,24,13,4,36,37,39,1,3,71,23,19,6,4,201,0,22,59,14,81,763,183,196,41,1,109,11,122,128,0,0,17,6,67,6,24,3,1,28,82,1,19,87,140,18,0,5,8,39,74,98,15,56,122,6,24,8,20,841,0,400,5,127,0,104,9,235,65,28,45,121,0,0,245,18,10,96,419,0,2,250,140,23,23,23,117,44,7,9,10,208,2,73,73,0,102,0,116,172,19,6,21,11,70,28,9,32,9,3,33,86,650,1375,228,0,0,5,19,0,12,34,106,0,1,0,0,0,0,16,22,561,16,47,1,14,40,27,269,0,57,1026,1,0,75,7,63,6,45,12,6,3,0,1,24,50,66,3,9,1173,1,51,3,270,0,109,1,77,16,26,11,0,10,90,83,4,65,3,73,1,0,15,6,654,290,14,50,91,17,12,0,29,21,23,12,115,382,1237,92,90,14,60,22,21,57,448,7,23,21,6,10,181,10,24,4,0,0,15,2,11,4,0,5,34,81,57,0,63,22,145,11,27,0,1,0,15,131,101,173,50,72,33,0,1,1211,0,151,0,3,16,530,7,0,23,15,70,0,4,8,439,40,73,153,25,46,65,107,0,148,10,3,7,141,45,0,57,180,40,0,23,72,1,42,1,0,144,5,0,40,0,21,33,816,45,0,93,9,7,67,98,4,55,10,26,6,9,24,2,23,234,48,133,0,108,294,60,75,0,50,12,3,5,0,10,114,77,151,2,2,17,22,0,24,15,26
cell_201,2,49,151,0,763,110,65,131,4803,8,44,20,37,38,26,46,9,63,15,16,1,73,24,5,50,17,2,3,9,2,0,70,25,273,1,0,2,2,0,3,8721,0,75,17,16,11,1,94,58,7,118,2,128,20,7,85,4,5,31,56,2,2,12,34,213,44,16,22,61,1,11,35,3,1,0,106,80,682,3,3,12,63,1,11,556,151,96,7,72,13,2,1,271,52,23,34,14,0,17,168,141,256,6,357,11,24,5,57,4,63,33,30,8,17,2,0,39,3965,1,56,30,1,1,48,22,317,0,22,6,0,46,25,107,28,27,15,10,0,84,97,36,207,28,64,2,334,10,18,385,13,1077,10,1,190,1,362,47,3,11,100,82,15,7,77,92,0,0,12,2,9,35,29,18,10,0,60,5,0,0,1,159,0,26,201,7,48,943,95,243,44,5,80,4,58,137,0,7,28,35,69,7,25,5,4,27,57,0,21,108,129,50,1,0,1,42,90,42,22,95,168,1,27,2,11,461,0,394,0,168,2,139,41,23,29,18,144,61,4,3,251,17,19,67,131,1,4,184,87,20,30,24,36,56,32,5,32,194,12,76,130,1,97,0,30,216,29,9,34,15,21,53,8,0,3,0,33,183,695,1446,151,3,0,1,6,0,7,72,20,0,6,0,0,0,0,0,14,1,22,58,3,15,0,48,261,0,64,678,1,0,51,3,60,10,92,14,0,47,0,2,17,52,18,0,6,1019,0,30,39,264,4,118,1,30,14,8,35,6,1,15,126,5,7,0,26,41,52,13,18,561,346,16,11,51,75,10,0,68,25,3,0,149,250,1041,40,170,6,94,23,5,151,477,10,85,4,2,1,26,18,44,6,2,2,21,0,7,15,5,3,4,41,19,1,294,18,53,8,37,0,3,0,4,119,120,74,17,89,26,0,0,1118,0,16,0,5,2,544,0,0,7,14,10,1,18,3,151,34,70,84,30,1,23,123,0,84,0,2,13,554,0,0,71,216,18,3,31,42,7,37,10,1,313,16,6,27,1,24,35,1050,11,47,84,6,24,62,87,3,96,23,10,13,14,30,2,11,171,113,101,0,158,131,40,72,13,65,3,17,10,1,0,68,96,172,1,2,150,47,0,14,84,24
cell_202,1,19,207,0,649,125,43,92,4787,21,38,19,13,44,11,22,0,66,11,2,32,47,16,4,56,8,0,12,5,3,0,65,15,145,4,0,8,7,0,0,8148,0,189,55,22,12,5,41,28,22,40,5,66,8,25,155,5,12,50,65,10,0,79,64,176,90,19,61,21,5,2,57,37,0,170,320,59,534,0,6,6,80,3,39,402,137,19,8,38,3,77,2,271,33,19,18,13,0,3,157,147,200,4,199,1,47,4,119,3,50,21,36,4,49,0,0,25,3727,33,76,11,1,0,34,69,387,0,72,8,0,16,94,117,46,33,6,15,2,60,124,6,168,21,55,5,30,10,3,440,18,194,25,12,70,3,281,26,16,27,126,48,14,4,9,58,10,4,6,4,6,19,46,5,18,0,13,1,0,4,1,179,1,28,245,15,25,1007,75,25,9,1,83,2,47,30,0,45,19,20,68,13,12,10,0,43,107,4,14,48,108,204,2,1,0,5,50,35,4,15,91,5,27,28,39,136,1,475,4,118,0,123,107,1,28,3,25,117,0,1,208,10,12,81,253,2,3,205,19,60,15,5,68,90,30,12,36,157,17,74,106,0,2,10,31,212,14,0,26,8,26,55,22,51,4,0,13,153,1086,1570,0,6,35,5,8,4,13,21,34,4,6,0,0,0,0,6,10,0,10,23,5,37,2,40,305,4,56,227,5,12,30,13,76,12,263,13,38,22,0,4,63,51,61,16,18,385,10,49,16,245,0,11,0,47,6,12,9,5,8,6,117,1,0,6,6,0,53,6,55,459,319,33,39,86,14,9,4,77,41,2,51,211,574,804,93,17,4,84,36,0,3,447,9,198,3,5,22,149,32,33,6,8,2,30,1,7,18,1,16,32,326,40,0,101,6,139,3,46,0,4,4,4,140,30,183,36,34,65,3,5,1130,0,178,2,20,2,583,5,30,16,0,13,2,20,0,283,39,81,164,28,23,36,62,0,112,3,6,13,483,0,0,27,218,22,0,33,61,3,32,14,1,0,0,8,35,2,21,45,314,34,100,92,1,16,52,30,7,146,10,54,7,9,22,0,26,9,232,31,0,190,185,57,71,16,52,16,0,0,18,1,61,110,588,3,4,27,21,3,8,70,23
cell_203,1,10,202,0,132,106,18,168,4923,11,59,33,57,75,27,59,6,71,27,21,41,38,27,4,3,22,2,3,20,3,7,65,14,198,31,16,3,16,0,45,8243,0,66,38,0,31,0,106,31,13,27,4,99,3,4,56,0,26,61,48,0,1,68,155,220,50,18,18,30,0,3,19,54,0,0,0,76,215,0,2,0,85,5,55,82,167,92,3,75,8,29,4,221,21,25,85,11,0,13,156,156,220,2,549,3,2,2,9,4,75,40,30,0,45,0,0,0,3700,34,74,21,4,3,31,89,358,0,13,11,1,11,98,101,37,35,14,24,2,68,138,30,72,13,59,3,601,7,7,412,23,879,26,21,161,17,334,42,0,17,119,115,60,1,7,81,46,5,11,12,12,53,83,33,0,0,53,0,32,0,3,110,0,15,1,67,94,947,2,4,5,9,99,0,127,116,0,14,8,0,63,2,28,2,3,37,105,10,20,72,138,208,0,13,4,36,72,49,35,84,41,0,4,8,26,797,2,454,4,133,0,107,106,34,32,0,7,221,4,4,230,13,39,0,135,1,1,250,380,38,25,10,106,94,41,4,11,101,4,78,115,0,94,6,91,238,10,9,47,11,6,64,3,37,2,1,23,121,1258,1558,29,13,23,7,32,0,17,73,129,7,6,0,0,6,0,0,19,0,14,7,7,23,31,26,125,0,43,1116,25,0,52,23,77,54,19,20,0,4,0,1,0,61,81,0,5,859,3,50,36,283,21,20,1,23,1,13,54,0,6,12,143,0,6,6,67,36,46,15,46,0,181,0,33,19,22,18,0,79,71,80,70,201,463,1548,56,87,5,77,1,15,0,452,35,55,7,12,12,153,31,23,0,2,0,7,1,8,14,10,1,48,256,37,0,123,32,157,1,32,0,2,0,5,106,74,90,39,134,42,0,3,1115,0,1,2,3,8,538,8,7,71,10,29,4,24,0,69,27,79,23,76,5,23,102,0,164,0,2,10,857,14,0,2,207,47,0,33,70,4,26,2,0,1,6,12,41,0,21,32,805,0,14,114,6,15,29,105,25,59,22,135,13,10,30,1,18,248,257,155,2,0,235,57,79,2,102,16,64,6,0,0,161,103,294,42,7,118,42,0,1,87,33
cell_204,2,7,17,31,595,206,28,78,4712,12,49,7,16,86,52,47,4,61,8,8,28,30,27,0,0,23,3,5,10,1,0,73,19,35,10,1,17,4,0,4,8100,0,85,48,0,41,1,39,18,14,54,6,101,44,3,23,0,0,42,95,0,1,43,288,208,22,23,20,15,0,3,12,47,1,0,0,32,392,19,11,0,73,29,10,346,162,26,18,72,17,29,5,234,12,23,184,20,2,4,159,148,236,0,401,0,28,11,0,0,70,24,35,1,64,64,0,0,3440,79,68,20,1,0,43,24,403,0,17,6,12,6,46,68,34,48,19,19,1,69,143,5,43,46,39,5,719,27,33,348,24,3,29,15,85,0,69,5,3,53,63,59,53,0,5,69,9,2,15,9,12,44,86,3,0,0,76,12,17,4,1,199,1,15,96,6,74,1007,38,229,9,11,34,15,132,78,0,7,14,2,50,0,4,9,4,61,95,4,36,102,142,20,0,2,11,32,76,27,21,27,148,4,7,34,12,13,64,411,9,112,0,83,69,55,8,12,53,200,2,1,229,13,13,91,523,0,0,232,40,25,42,17,91,159,27,2,22,152,14,74,94,0,66,0,11,225,21,0,56,12,81,54,19,77,20,1,26,29,621,1486,22,20,4,3,5,0,16,17,101,0,62,0,0,2,1,6,17,0,27,36,9,25,2,74,253,1,50,198,7,3,78,15,48,10,2,12,0,21,0,0,18,79,22,0,11,736,3,14,84,297,0,62,2,33,10,15,23,11,10,40,123,3,24,2,9,9,26,12,0,0,287,24,47,60,23,11,0,65,17,13,39,91,337,1014,21,102,0,95,13,26,0,430,25,197,26,7,8,83,37,32,19,0,1,30,4,7,5,9,7,39,414,14,1,326,11,114,16,19,0,25,0,6,85,35,267,11,189,47,14,12,1197,0,65,0,10,19,513,14,0,3,0,7,4,71,0,348,33,62,230,22,9,22,137,0,140,0,2,17,947,60,0,107,267,48,0,26,30,9,87,6,0,23,1,2,33,0,34,64,1006,31,105,53,9,10,57,86,10,38,7,40,2,17,23,0,18,119,70,90,1,59,292,49,77,13,45,1,0,1,1,0,132,110,311,63,0,37,20,6,14,47,39
cell_205,8,10,293,170,705,110,7,48,4341,32,62,2,27,43,29,64,9,72,28,1,49,2,15,0,74,18,15,3,16,24,17,49,4,32,0,15,2,24,0,75,4643,0,91,61,0,66,87,46,55,11,65,9,103,46,0,77,13,15,45,39,2,2,9,150,226,36,19,178,53,5,1,21,53,11,4,376,78,397,30,13,11,27,1,33,814,146,94,17,94,2,71,11,282,10,10,91,3,0,12,153,138,264,17,109,11,38,16,14,3,70,19,15,9,21,196,0,0,4219,112,6,18,1,3,43,44,366,2,70,14,0,14,32,125,49,48,10,13,4,77,48,55,72,37,82,2,291,14,4,462,13,0,10,0,127,1,282,42,7,12,103,109,17,1,85,86,0,2,11,0,13,27,103,79,7,0,75,16,11,0,13,107,1,20,325,57,60,734,5,140,18,36,75,0,243,52,3,9,16,4,54,5,0,12,7,29,16,99,13,99,151,20,1,6,20,34,34,64,22,57,163,6,27,23,10,372,56,403,10,91,5,134,144,0,59,11,29,270,1,4,22,6,2,97,339,0,0,237,451,44,6,12,76,89,14,7,64,213,12,95,95,0,75,0,16,179,9,10,2,9,0,23,19,9,8,0,18,68,491,1260,342,23,18,0,22,0,5,78,119,5,35,4,0,1,5,0,4,48,21,25,4,17,52,53,266,26,42,245,1,0,28,7,43,59,191,12,19,72,2,6,10,86,55,0,23,125,2,12,73,302,12,33,10,34,0,9,34,0,4,74,72,11,46,0,18,43,32,2,41,471,223,69,15,30,56,8,0,89,9,121,44,39,176,1344,48,133,2,43,4,9,0,460,26,232,37,6,7,4,1,26,2,0,0,27,7,8,18,2,3,3,325,19,0,110,3,82,0,31,0,24,0,2,82,52,82,0,80,65,0,20,1049,2,41,1,0,4,565,1,1,7,4,53,20,28,2,165,2,57,22,61,36,10,38,0,134,3,2,8,320,1,15,54,230,24,1,37,69,8,22,9,1,1379,4,12,33,22,27,33,486,0,47,74,10,19,61,34,11,122,9,79,3,15,23,1,27,51,147,85,0,140,54,49,21,0,47,16,8,1,0,7,100,92,148,28,1,97,4,4,16,47,27
cell_206,1,63,163,0,58,57,42,122,4565,14,61,19,72,29,28,56,6,60,21,53,82,76,23,7,9,22,0,6,6,0,0,77,8,226,15,0,8,0,0,64,8056,33,247,13,33,51,0,115,68,77,83,11,121,37,12,102,6,0,46,9,0,2,52,53,224,17,16,18,34,8,12,49,5,16,0,653,36,305,0,0,2,46,5,6,826,142,106,5,81,12,43,0,325,59,23,49,8,41,13,157,164,284,0,467,5,26,0,0,4,7,27,38,2,46,0,1,29,3497,19,38,11,1,9,17,55,423,0,27,5,0,9,96,121,49,26,24,18,1,85,52,37,171,22,57,0,623,7,31,438,61,0,27,33,180,6,300,30,0,21,151,94,16,0,0,66,17,0,5,20,2,34,125,29,0,0,23,0,9,0,1,144,0,8,62,64,78,789,110,91,16,2,10,7,136,130,0,8,13,6,81,5,21,0,0,29,91,5,17,107,157,142,1,2,9,45,60,1,54,67,60,0,18,29,8,338,1,427,0,134,2,91,69,125,33,0,71,164,7,6,217,13,25,7,391,3,2,227,43,25,28,21,85,36,42,5,23,204,18,78,129,0,90,2,70,234,24,1,38,5,4,43,14,34,1,0,22,186,419,1429,2,76,14,0,5,0,13,44,159,2,7,0,0,11,0,9,23,0,19,44,5,20,9,27,254,0,46,744,10,0,58,14,70,2,83,21,0,3,1,14,11,72,63,0,28,1264,8,52,22,281,62,13,5,17,6,16,1,12,3,53,137,0,8,4,64,2,0,19,0,0,245,29,50,35,47,10,3,86,51,10,1,221,388,1166,103,137,5,58,5,33,40,390,26,92,0,2,20,46,37,16,4,0,0,27,0,11,23,6,24,27,91,12,0,65,12,155,6,40,4,4,0,5,87,18,57,6,101,43,1,4,1163,2,148,0,9,5,563,4,51,27,28,15,1,5,6,374,41,57,107,32,4,23,119,0,119,6,1,8,488,1,0,97,265,59,3,24,25,9,80,12,2,1796,10,8,27,0,41,18,998,44,64,101,7,15,18,100,3,29,30,53,12,1,30,0,17,275,197,60,0,55,322,60,79,0,22,14,15,6,0,9,152,88,124,28,0,106,11,0,12,24,36
cell_207,3,35,102,0,20,100,97,98,5487,18,117,17,28,80,32,65,22,66,11,40,33,40,17,2,27,11,0,3,25,4,2,64,8,40,22,4,30,20,0,0,9373,0,36,56,0,16,87,47,42,51,99,12,111,85,0,169,0,14,53,88,0,0,145,30,138,48,22,9,4,5,6,0,44,0,0,165,49,248,0,3,15,24,1,26,246,143,94,3,71,1,53,2,256,15,18,265,3,1,0,169,145,266,6,586,6,27,3,1,10,52,25,28,7,27,61,3,0,4009,0,15,17,1,18,26,84,140,0,2,4,0,8,46,86,53,30,20,24,4,64,210,136,37,8,32,3,635,1,30,457,9,0,26,4,159,1,342,6,0,11,100,34,33,1,11,81,46,0,24,0,3,27,83,72,3,1,62,11,13,82,12,93,1,25,343,89,85,768,24,187,9,0,76,6,155,54,0,43,14,14,72,0,13,3,0,27,70,30,22,114,139,13,1,2,9,54,62,24,9,63,10,1,5,36,13,649,0,420,17,98,0,94,106,42,62,3,129,173,5,5,267,12,27,59,287,7,3,230,46,50,32,7,102,25,41,7,13,198,12,89,77,0,133,1,72,187,21,11,66,17,100,37,1,96,27,0,17,112,1242,1356,224,6,25,0,52,0,6,37,50,1,0,1,0,5,6,0,22,0,15,28,1,22,0,51,243,0,45,533,0,2,11,71,70,38,29,19,0,19,0,0,1,64,55,0,22,1790,0,52,40,316,20,102,2,62,2,24,12,2,10,29,130,19,2,3,109,21,1,6,0,546,291,3,32,76,84,5,37,13,48,4,75,60,283,1381,76,106,5,59,7,9,8,460,6,254,9,1,23,92,39,35,5,9,5,22,1,11,27,39,5,38,348,57,0,435,7,147,0,27,10,5,0,6,20,76,43,10,61,33,10,9,1103,0,13,2,3,7,555,9,9,14,0,70,5,16,0,122,58,56,107,76,21,8,135,0,41,8,0,10,1013,4,0,45,118,35,5,39,78,6,15,6,1,0,2,12,32,0,15,70,468,3,21,102,4,23,0,31,6,38,47,80,6,18,16,1,16,36,44,184,5,58,270,54,63,30,53,14,0,10,0,0,130,94,177,10,3,55,22,9,13,66,7
cell_208,0,78,193,0,430,178,73,147,4761,35,49,34,72,88,16,43,2,83,9,35,70,73,29,3,7,32,1,8,3,6,0,69,3,12,1,0,10,1,0,18,8605,0,197,71,0,22,32,107,10,33,89,12,87,104,21,141,0,2,63,86,1,1,43,33,231,40,25,97,93,1,6,27,0,7,22,140,80,40,14,3,12,81,3,15,551,152,90,13,63,7,44,2,245,38,31,233,14,11,8,164,166,248,6,358,4,21,4,11,16,43,22,31,21,92,0,1,19,3987,89,6,17,0,5,10,80,616,0,11,7,0,14,102,119,41,20,15,24,14,71,137,76,191,2,61,25,722,1,24,443,48,2,10,31,154,2,243,62,0,4,116,96,18,0,45,71,9,0,12,20,29,43,110,13,1,3,68,4,13,1,3,187,0,35,96,38,91,753,71,294,22,2,80,0,134,63,0,14,20,13,46,5,13,13,0,26,85,3,13,84,158,4,0,1,4,34,75,71,2,70,151,0,18,38,33,352,0,463,18,147,1,108,21,70,81,24,72,37,0,0,208,14,7,81,80,1,2,247,4,51,32,19,97,138,5,25,13,92,12,76,123,0,114,14,108,227,26,17,51,15,30,49,9,36,5,0,26,27,475,1629,75,33,20,0,26,0,7,63,91,0,13,0,0,0,0,0,15,0,23,15,2,26,0,125,230,0,51,1006,0,0,37,33,63,27,206,18,0,19,0,0,50,70,40,0,98,1712,2,81,20,270,14,80,1,21,6,18,14,0,12,8,109,16,17,4,61,0,1,11,34,394,356,31,70,34,18,13,1,58,16,14,74,197,196,1451,66,71,1,79,14,24,3,450,1,182,2,5,28,74,48,41,3,1,0,8,3,43,18,1,1,39,286,55,0,371,15,132,8,30,1,0,0,5,134,82,153,33,2,22,5,16,1107,3,146,0,7,5,588,5,16,51,5,13,7,0,8,249,35,69,121,6,33,16,50,0,57,6,0,13,400,0,0,87,85,38,2,44,67,2,2,0,0,13,0,2,27,0,29,52,747,38,64,106,22,27,4,58,4,91,50,32,8,4,22,0,5,20,75,33,3,146,225,53,100,3,83,9,0,7,0,6,111,28,250,11,0,19,35,0,17,51,25
cell_209,2,13,380,22,1652,21,5,88,4810,34,62,4,0,63,24,39,12,78,1,0,12,9,15,0,0,17,0,10,5,0,0,61,1,7,6,0,0,3,2,35,8500,0,41,17,0,57,0,11,40,28,24,29,115,85,7,12,1,30,66,61,2,0,78,340,119,22,26,130,57,8,6,59,0,0,13,71,52,432,0,2,12,44,16,54,696,150,92,7,76,6,13,16,262,39,25,88,7,0,0,159,125,130,2,463,1,34,95,41,1,58,37,29,3,68,95,7,0,3763,2,9,5,0,1,45,32,346,0,2,6,0,0,73,121,14,27,1,17,6,74,51,127,216,20,67,0,628,5,6,429,42,2,28,4,43,3,349,86,0,15,79,106,7,0,1,11,26,0,3,0,4,33,92,57,0,0,64,1,19,14,0,138,8,13,181,31,112,916,101,225,35,20,84,0,113,91,0,8,20,29,66,6,25,7,7,11,96,0,13,63,117,0,3,18,17,35,63,52,0,135,51,0,4,16,12,443,0,395,2,84,0,120,70,52,68,26,82,114,2,1,188,8,15,59,376,0,3,228,376,12,8,17,62,110,19,21,21,75,14,80,115,1,104,1,57,196,12,2,71,17,112,89,28,23,0,0,8,73,718,1475,372,11,40,2,7,0,17,53,123,0,4,3,0,0,16,0,5,3803,14,13,14,25,0,54,148,6,25,430,0,0,69,3,92,53,146,16,1,20,0,4,10,43,65,0,16,993,8,62,28,294,13,21,0,83,6,10,58,5,5,4,124,1,58,0,77,13,0,5,36,29,86,5,61,91,32,18,0,98,41,87,82,185,207,1480,57,34,0,61,35,10,30,481,51,49,7,14,24,183,6,23,1,23,0,8,16,10,11,8,3,36,429,16,0,349,16,108,17,29,0,47,15,4,8,87,170,40,178,24,8,25,1034,1,55,4,4,1,563,7,0,26,3,105,3,45,0,312,37,96,173,5,0,72,108,0,108,4,4,15,175,13,0,13,237,48,1,23,68,4,109,1,0,449,8,19,39,1,21,69,624,8,184,113,12,19,10,107,19,154,37,111,6,9,26,10,1,164,117,199,5,0,245,58,82,29,9,18,132,5,0,0,43,96,306,1,1,0,40,0,3,12,4
cell_210,1,57,191,0,0,9,56,101,5095,12,115,30,13,49,36,66,14,49,37,48,156,5,5,0,0,25,0,1,32,1,10,34,0,26,37,13,6,8,0,34,9226,0,46,17,0,40,13,5,26,30,68,1,133,87,11,52,1,7,64,134,0,2,57,302,238,74,16,41,8,0,6,6,88,3,0,2,18,24,3,1,4,84,22,39,554,99,102,7,65,5,126,0,227,12,20,194,5,1,15,169,162,245,0,586,5,34,10,91,15,40,24,25,17,66,10,0,17,3526,8,32,12,12,0,16,139,173,0,0,9,0,19,79,104,24,26,10,26,1,62,58,64,181,25,46,1,796,0,7,479,10,115,30,4,191,14,340,66,34,25,114,41,27,0,87,60,35,8,7,0,17,37,84,45,5,6,51,0,2,0,7,151,1,8,103,60,86,778,24,171,27,3,117,2,168,146,0,22,13,5,75,4,41,0,1,30,69,1,14,55,139,234,4,2,9,36,65,86,3,117,71,0,2,30,24,551,0,478,0,104,0,78,36,23,96,16,47,226,0,5,236,9,5,51,910,3,7,223,132,27,30,14,86,15,26,1,18,128,16,78,28,0,67,0,21,205,0,6,59,13,1,43,21,17,19,6,19,116,426,1426,288,1,39,0,13,1,14,66,128,2,2,0,0,8,5,0,9,0,15,16,2,17,0,8,270,0,57,391,12,0,88,27,95,51,44,20,0,4,0,1,0,62,52,0,49,702,0,11,65,310,18,48,1,60,0,16,12,38,1,39,101,0,52,3,110,3,42,4,33,263,298,2,13,78,57,11,0,77,21,20,43,152,429,969,32,115,19,57,1,18,70,443,16,199,1,3,28,147,41,24,0,1,2,17,8,2,22,6,2,32,384,64,0,152,23,107,8,44,0,63,11,6,79,71,173,4,157,48,0,32,1173,0,26,1,4,2,525,8,0,8,20,125,7,24,0,419,22,73,32,50,37,3,93,0,156,0,2,13,649,9,0,51,208,47,6,26,43,3,45,1,6,0,0,12,36,9,19,53,771,0,127,115,8,21,21,87,57,9,50,89,0,15,29,0,12,225,196,271,1,0,258,76,51,3,76,13,32,9,0,0,140,85,263,33,3,163,33,17,15,70,14
cell_211,1,65,80,23,279,291,29,43,4612,41,25,2,49,33,7,56,14,20,39,0,11,43,17,0,0,26,20,2,0,23,3,69,0,55,9,2,6,3,0,22,4319,0,57,57,0,12,0,95,50,39,24,4,120,40,1,183,10,10,81,19,0,0,9,296,221,39,23,92,46,0,4,33,14,8,0,0,77,194,1,1,1,53,10,74,575,156,58,17,94,12,42,0,282,0,22,18,5,8,1,180,184,244,0,75,1,37,29,33,5,92,15,26,4,46,2,2,18,3940,4,37,0,3,0,50,66,602,0,83,14,1,0,34,60,16,56,4,36,27,61,57,37,60,23,59,0,899,9,23,442,14,1145,24,0,171,5,347,53,4,3,35,115,1,6,47,74,0,0,1,4,21,17,138,61,27,2,43,0,20,0,6,182,2,4,214,16,91,622,57,237,8,37,85,17,159,2,0,4,11,26,71,2,7,26,1,47,98,58,16,74,114,150,2,10,11,34,52,117,1,32,166,0,13,27,42,511,33,445,7,134,0,72,17,0,44,24,91,278,0,4,192,10,3,90,40,0,2,263,103,24,27,14,53,14,13,15,32,189,12,69,73,0,88,13,33,205,3,13,17,12,27,63,11,0,0,0,34,140,182,1421,16,20,0,0,0,3,31,20,58,2,7,0,0,0,7,1,22,0,20,12,3,23,20,118,256,17,48,361,12,0,72,23,49,50,199,17,11,19,0,1,1,58,26,13,8,83,3,6,32,285,33,35,3,32,14,22,16,13,22,9,101,0,59,7,29,15,17,3,11,306,325,15,25,78,23,8,0,79,105,104,78,163,183,1427,2,71,13,49,19,28,0,433,10,151,15,12,35,35,45,28,1,2,0,25,17,8,3,0,17,30,330,28,0,379,31,55,14,27,0,77,0,8,151,81,239,22,189,14,4,47,1091,0,136,1,20,1,512,3,27,48,0,23,23,23,0,79,51,54,46,39,9,33,48,0,142,6,1,21,294,30,7,46,247,49,5,32,17,1,8,1,2,6,6,8,34,0,85,7,766,19,27,97,8,21,34,114,7,24,2,47,0,14,32,0,20,122,233,112,0,135,216,47,49,2,42,26,27,0,0,10,11,93,195,34,4,93,8,0,6,56,35
cell_212,4,80,53,10,838,46,30,33,5190,30,43,2,21,25,19,42,6,14,2,19,72,45,20,18,0,33,0,0,6,0,1,66,1,113,11,2,17,2,2,18,8191,9,130,26,4,28,0,111,5,16,42,7,106,13,25,110,2,10,52,13,2,0,99,279,173,28,13,72,44,2,3,60,3,7,34,173,117,366,0,9,23,69,8,34,248,106,93,2,85,12,57,0,228,8,20,66,10,3,1,156,118,148,0,312,2,44,32,17,3,14,29,32,14,71,0,1,21,3651,84,69,9,9,0,38,66,605,0,24,11,0,15,58,34,37,32,14,16,0,78,15,0,92,0,62,2,489,1,11,474,50,702,19,14,147,4,129,68,2,45,42,97,24,0,178,62,81,1,10,1,15,38,93,199,7,0,61,0,15,5,1,99,2,3,161,51,87,852,77,114,11,10,107,10,65,17,0,22,14,37,60,0,11,9,1,19,90,3,13,86,96,243,2,1,0,42,69,14,16,54,40,0,4,30,35,53,0,393,1,110,2,123,68,0,62,2,251,146,2,3,196,4,6,31,271,0,1,222,74,8,35,6,22,36,53,7,40,162,17,81,118,0,67,2,88,218,1,19,40,15,60,50,6,5,0,0,11,105,1434,1621,319,40,9,0,14,5,14,16,59,1,23,1,0,10,0,0,16,0,4,24,4,16,22,38,225,0,10,389,7,0,42,23,77,25,59,27,0,14,8,2,6,71,80,11,3,1390,7,7,23,319,45,18,2,13,8,20,10,17,10,35,116,0,35,8,20,1,0,8,0,22,135,3,54,60,20,15,2,87,44,18,57,175,242,1180,52,46,10,81,18,12,16,449,35,144,11,7,16,58,29,28,4,5,0,24,9,8,18,2,9,28,396,20,0,386,16,124,4,36,2,19,0,26,112,30,146,48,115,10,0,15,1085,2,90,8,4,2,581,1,26,76,16,80,1,17,0,22,32,75,95,26,5,12,133,1,74,1,7,11,792,19,0,25,125,25,10,36,27,8,5,14,4,0,1,11,25,2,59,22,693,8,131,100,9,16,37,12,4,59,27,134,2,21,21,4,1,15,177,67,2,0,251,55,72,12,40,4,7,2,0,4,42,115,170,17,3,143,21,0,10,46,3
cell_213,5,55,284,45,222,32,19,59,4881,10,111,30,3,37,25,53,21,52,34,8,139,17,23,0,23,26,4,2,7,3,5,61,12,9,55,0,0,1,0,8,8553,0,49,29,1,32,497,30,24,21,40,8,86,37,21,172,0,34,90,80,0,4,18,83,240,12,14,36,5,1,11,30,23,5,154,7,67,193,2,3,36,11,5,61,845,165,30,12,87,2,50,4,255,6,23,62,0,1,7,155,163,217,3,461,4,50,59,11,7,86,4,30,0,60,47,0,6,3561,64,35,5,0,0,43,34,655,0,21,10,4,80,15,120,6,53,11,29,25,76,27,26,49,16,56,3,389,10,3,421,16,875,22,13,133,10,369,48,2,28,69,70,33,0,122,74,15,5,27,7,8,14,116,166,29,4,45,5,5,0,4,163,5,7,140,46,84,983,34,152,25,24,72,2,95,40,0,55,0,2,54,13,13,4,2,46,82,0,15,71,124,25,4,8,15,31,71,35,6,88,122,0,3,6,27,667,4,403,36,130,1,75,82,38,96,7,36,299,1,2,242,14,5,64,17,2,6,259,239,16,28,13,77,113,55,5,33,201,29,74,87,0,100,2,83,218,26,16,36,18,80,63,11,0,0,2,26,110,898,1487,373,2,10,0,19,1,17,107,59,3,11,0,0,0,3,0,11,121,19,39,12,23,7,47,86,0,43,289,16,0,73,4,75,31,60,19,0,5,1,2,8,66,8,4,3,1496,8,82,40,253,0,23,0,37,0,16,41,6,11,14,70,0,42,12,18,6,12,0,54,681,285,0,80,31,26,9,0,80,38,60,65,120,159,1246,73,113,0,31,16,10,0,457,5,176,25,4,23,57,40,27,0,14,1,14,4,23,15,9,11,7,85,59,1,42,3,96,1,39,0,17,102,2,117,58,191,14,163,10,5,27,1160,0,45,1,7,10,604,0,2,12,35,27,11,20,3,78,40,81,48,59,46,7,92,0,62,0,1,4,109,41,0,25,265,42,1,33,25,4,60,30,4,1,2,16,19,0,42,26,976,9,70,85,2,19,50,20,6,104,24,38,1,20,15,0,0,12,100,105,3,170,222,39,16,6,47,17,4,2,9,3,83,74,294,28,2,55,12,10,7,44,20
cell_214,0,62,257,17,790,42,46,81,4236,15,54,17,49,32,6,35,10,80,3,16,6,65,23,0,16,20,5,5,4,9,1,84,11,39,3,19,6,6,0,6,9336,0,177,53,0,36,9,56,22,4,127,11,110,2,2,5,13,51,16,31,5,2,48,236,195,30,26,153,47,3,3,0,15,4,9,152,54,282,0,1,44,80,9,140,708,110,117,12,68,0,91,1,262,5,21,121,16,26,10,139,174,244,44,205,8,31,2,37,3,46,17,26,2,74,24,0,25,3426,23,10,8,14,9,17,73,664,0,13,4,0,29,54,54,41,8,4,12,3,56,40,100,28,13,55,0,807,5,9,420,27,0,0,17,198,2,214,42,0,6,152,75,11,0,0,77,7,5,3,14,6,15,49,63,1,0,76,15,15,3,10,173,1,13,192,41,88,846,9,137,24,1,99,1,101,72,0,0,0,32,85,2,39,2,6,26,61,21,27,74,135,188,1,3,1,43,63,57,0,89,208,0,3,13,33,632,2,385,0,124,0,128,54,2,97,12,25,35,0,3,214,10,1,60,220,2,2,246,45,29,9,16,90,30,6,7,83,219,20,38,121,0,74,3,45,174,9,8,22,14,32,6,16,1,3,0,21,21,520,1364,260,8,15,0,23,2,9,95,73,1,1,0,4,0,9,0,20,0,25,29,1,0,0,80,261,4,24,786,8,0,44,17,22,21,57,10,0,8,0,1,14,39,56,9,82,666,8,27,8,313,14,6,18,14,7,12,15,0,4,16,120,27,55,3,21,6,6,11,53,342,189,8,54,57,43,17,5,65,30,0,7,122,46,1159,11,120,6,64,13,22,49,418,17,99,21,2,14,21,33,31,9,4,3,2,3,2,8,3,7,27,299,49,1,171,3,62,2,28,3,8,0,8,78,64,168,5,66,43,2,21,1124,1,40,8,7,1,561,3,11,20,3,24,5,1,7,108,42,64,55,20,9,17,38,0,132,2,17,12,484,0,0,22,234,21,11,31,29,7,55,0,0,1530,1,1,30,1,37,43,850,29,37,38,12,25,16,97,3,63,43,172,6,13,25,8,4,15,23,51,0,1,179,58,71,0,13,18,72,7,0,0,151,108,243,49,2,120,16,3,14,95,28
cell_215,1,70,132,3,5,109,40,89,4600,10,138,7,42,37,38,45,12,15,9,12,92,17,18,63,0,6,6,3,3,5,8,56,0,100,32,0,3,2,0,0,9059,0,39,62,1,54,69,45,51,33,43,7,117,73,9,89,7,9,61,54,0,2,33,146,151,55,8,8,0,1,24,0,65,0,21,184,35,209,0,3,15,96,11,25,746,80,49,3,44,20,130,3,252,12,26,235,8,54,11,150,154,258,0,551,3,32,36,10,10,78,24,31,2,82,0,0,0,3323,4,35,2,8,0,35,27,381,0,52,10,0,80,35,43,31,63,8,24,18,53,107,11,16,14,43,2,710,1,7,299,11,0,24,28,158,1,287,64,0,44,49,102,46,2,47,86,11,18,23,2,14,8,105,3,2,0,0,1,16,2,0,111,2,4,154,28,78,899,41,55,22,0,93,4,93,69,0,44,1,6,66,3,8,2,1,48,73,1,20,83,121,95,0,9,10,34,64,90,0,94,50,0,5,7,40,138,1,446,0,136,0,37,26,3,91,15,58,286,6,0,214,8,14,47,266,1,2,268,228,28,32,3,122,104,2,10,14,229,12,74,144,0,69,4,33,219,14,16,14,15,5,69,3,12,29,4,36,61,1081,1341,164,53,28,1,101,2,27,46,85,6,19,1,0,2,12,0,14,1,8,30,9,29,6,29,218,0,55,235,3,0,37,52,74,12,83,25,0,23,0,1,11,67,28,0,20,350,0,0,45,276,27,37,2,1,6,13,15,6,2,53,98,0,15,8,21,2,12,2,27,12,239,0,73,57,21,9,0,90,55,27,69,149,484,938,11,38,3,16,1,15,41,482,7,216,10,5,29,25,52,27,0,8,0,10,15,31,20,4,2,35,290,28,0,214,22,123,0,31,0,10,2,6,21,103,208,11,90,11,1,38,1224,0,65,2,7,2,588,7,5,36,32,50,15,23,0,233,42,79,122,63,36,13,62,0,93,0,6,9,624,0,0,40,193,27,2,29,33,2,16,11,0,0,0,22,36,12,10,25,999,10,6,94,1,23,21,55,4,41,39,13,1,16,25,9,21,28,89,115,1,7,336,66,70,7,76,15,17,5,0,1,84,96,445,58,0,106,15,1,17,56,25
cell_216,5,28,281,71,625,110,11,68,5070,10,56,16,15,33,13,61,14,20,19,41,92,20,13,0,41,7,1,6,0,2,0,40,7,251,12,0,13,6,0,32,8531,0,48,70,3,11,4,55,24,50,8,8,78,70,7,128,3,23,86,91,3,1,19,255,130,36,20,41,4,2,2,33,5,1,0,54,99,436,0,5,1,64,2,12,661,124,70,6,63,0,100,6,228,3,20,109,13,10,1,178,168,222,0,402,0,23,0,9,12,25,13,20,0,35,198,3,21,3498,48,9,18,0,1,34,88,177,0,1,6,4,45,57,95,21,33,14,11,26,65,85,170,187,0,77,3,418,32,21,302,15,1388,26,2,82,3,307,84,0,5,38,94,8,0,128,50,21,5,0,10,17,32,120,23,3,0,78,0,15,0,2,168,3,8,232,32,86,482,155,173,21,4,103,4,100,26,0,0,19,16,56,0,26,0,0,15,94,2,21,93,106,112,6,5,7,31,80,59,8,70,37,1,5,9,26,307,0,381,3,133,0,111,50,210,80,2,102,321,0,4,179,7,10,47,491,4,4,258,51,24,16,11,59,149,9,18,22,120,20,64,92,0,99,4,75,193,11,7,21,12,96,63,13,13,23,1,4,100,690,1533,233,17,39,2,3,1,23,15,103,1,14,0,0,2,0,0,6,0,19,24,5,32,1,32,28,3,54,738,0,0,70,22,73,30,98,19,24,33,0,2,5,46,54,9,12,472,1,85,5,292,3,29,5,56,3,14,1,0,3,6,121,2,26,2,78,8,1,5,0,111,317,2,120,18,24,13,12,86,45,59,68,129,275,1292,141,63,6,48,24,6,108,438,25,101,22,13,21,159,17,35,4,12,11,21,5,22,3,2,7,47,400,36,0,93,27,144,8,33,0,7,4,3,97,95,216,13,54,25,2,8,1166,0,76,1,4,8,577,6,15,38,10,39,12,22,6,308,42,88,155,28,8,32,109,0,150,4,4,10,248,16,0,77,214,52,3,37,78,4,30,7,4,2698,0,7,37,0,10,46,790,13,17,87,13,16,11,24,8,30,19,77,3,18,17,9,5,101,57,115,2,144,203,45,55,16,46,22,46,3,0,0,76,105,256,16,2,10,2,0,2,37,9
cell_217,2,59,247,0,0,73,81,144,4465,16,59,23,22,72,30,65,19,65,23,110,96,62,14,2,84,12,0,3,28,0,1,57,1,164,9,1,10,5,0,32,8920,0,64,40,1,42,0,89,33,68,102,16,143,17,38,67,8,3,62,61,0,1,19,109,134,28,27,35,8,0,3,114,14,38,0,217,57,252,0,1,4,86,12,16,633,86,127,14,61,16,35,0,286,25,36,53,11,28,2,143,158,220,11,538,3,28,12,10,11,12,29,29,0,43,0,1,9,3640,89,5,11,0,44,18,146,723,0,0,2,0,3,133,128,27,44,4,17,1,54,109,132,110,11,67,5,816,5,27,426,15,63,1,14,143,36,213,29,0,11,140,84,14,0,34,71,50,19,10,9,6,33,126,47,0,0,56,41,45,1,5,66,2,11,238,77,86,887,2,85,4,5,88,0,131,70,1,0,2,33,85,25,25,7,1,3,76,0,10,90,122,27,2,3,13,46,77,26,23,28,141,0,8,14,42,736,0,434,5,151,0,78,106,0,105,3,206,109,4,0,196,22,13,14,31,20,3,253,716,59,28,15,84,91,23,25,25,170,19,75,24,0,84,0,36,212,13,13,49,18,60,66,22,6,0,1,14,163,513,1439,35,11,58,1,3,0,2,89,131,3,3,6,0,0,5,0,24,0,16,9,3,28,0,24,174,0,49,415,4,0,57,60,67,25,6,15,0,10,0,0,2,76,60,2,19,50,0,72,33,333,4,25,0,13,3,13,37,3,0,33,106,12,22,6,108,0,5,20,3,87,302,0,85,66,40,13,0,72,19,35,31,172,210,1206,141,87,5,38,6,1,38,461,8,57,0,5,27,5,42,20,0,14,0,4,3,13,2,10,0,25,373,100,0,328,12,78,12,39,0,6,2,12,132,97,167,11,240,49,5,26,1217,1,0,3,15,8,568,2,14,54,28,111,1,2,0,201,41,75,73,60,18,19,144,0,115,1,6,10,614,4,0,19,246,17,10,28,76,3,43,3,2,1,2,17,43,0,46,43,857,1,23,77,0,16,0,60,18,162,18,73,2,16,22,1,6,64,56,50,4,167,184,52,56,0,36,29,20,18,0,2,142,100,218,19,2,10,21,6,19,19,15
cell_218,0,44,164,82,148,134,17,100,5034,14,83,20,13,50,22,63,3,78,13,10,59,1,9,2,59,31,9,4,1,3,2,41,2,34,12,0,17,8,0,18,8751,158,248,9,0,2,73,34,15,21,37,1,102,1,20,56,5,0,47,119,0,1,27,210,223,38,24,35,14,0,11,28,0,8,0,0,100,415,0,2,4,56,2,5,11,134,48,4,73,3,66,5,242,16,30,36,10,34,5,138,152,228,2,229,0,17,0,0,10,29,29,32,1,85,70,6,16,3797,80,16,6,0,7,11,105,533,0,54,11,1,4,70,85,11,41,7,7,13,50,16,7,83,0,53,3,628,1,23,460,37,12,31,3,145,0,197,36,0,23,34,43,36,0,2,65,17,3,0,7,3,39,140,60,2,0,53,0,75,1,2,179,2,30,65,34,88,620,20,280,15,9,97,2,176,31,0,0,6,19,85,1,27,17,0,14,71,2,9,85,134,79,5,1,1,34,91,20,8,31,206,0,20,18,37,718,0,400,0,138,0,104,32,169,69,5,113,248,2,0,202,15,15,10,447,2,1,229,50,68,25,16,70,25,13,20,26,162,23,71,77,0,94,3,29,162,10,14,46,1,61,38,26,67,29,1,4,60,814,1419,105,35,38,0,39,1,14,3,74,0,8,1,0,0,1,1,11,108,20,27,5,19,0,15,117,0,36,291,1,8,31,20,68,34,24,6,0,1,0,0,1,55,60,0,24,755,2,63,12,298,2,3,5,102,6,17,44,0,8,28,121,11,63,0,67,2,7,3,0,633,195,13,130,74,77,14,4,2,62,50,76,126,429,960,91,31,6,70,6,4,17,466,34,45,1,8,15,187,5,10,0,2,4,9,4,7,15,7,5,30,346,54,0,466,24,97,5,18,0,10,0,8,26,14,123,14,183,54,4,10,1134,0,24,1,12,2,598,9,3,56,9,112,12,4,0,216,53,52,161,68,32,62,143,0,154,3,0,11,783,28,0,97,192,17,2,33,79,0,8,0,1,0,0,3,27,0,61,36,839,40,30,36,3,16,15,84,30,68,16,105,2,6,24,0,29,164,109,105,3,23,261,40,65,18,30,22,18,5,0,5,161,74,154,28,4,37,19,0,3,15,27
cell_219,9,30,285,4,297,61,16,127,4767,19,25,5,0,4,6,7,10,54,2,35,5,193,19,0,0,9,0,3,13,3,3,70,0,33,5,13,2,1,0,11,8506,6,100,55,13,68,0,61,10,3,123,9,117,22,7,6,16,63,41,59,0,1,46,105,204,29,10,100,97,1,8,44,0,1,1,294,8,20,0,3,35,87,9,23,505,126,68,11,77,1,78,3,242,47,19,9,9,37,8,109,109,227,0,143,3,26,31,30,4,74,28,33,2,47,0,0,0,4026,5,66,4,5,8,36,88,209,0,27,12,0,7,140,100,31,38,15,14,1,52,58,129,35,1,57,1,222,12,8,235,7,0,7,29,179,11,341,43,0,11,120,124,0,1,13,65,2,2,14,0,7,18,84,9,0,0,20,9,8,5,4,98,3,23,148,35,83,1014,40,281,23,0,89,2,85,50,0,30,1,33,58,8,15,2,6,24,93,17,27,51,135,181,0,4,11,26,66,30,2,33,64,3,17,41,11,259,0,470,0,68,1,127,63,41,46,3,11,192,5,10,197,15,1,76,250,1,0,224,54,10,48,15,80,30,7,4,24,165,6,79,133,0,118,2,32,173,13,7,10,11,95,47,13,23,2,0,29,168,316,1576,13,15,11,5,2,4,9,107,74,1,19,0,0,0,16,17,18,0,16,5,13,0,51,140,252,11,6,835,0,0,67,11,9,26,293,21,0,24,0,5,25,60,73,6,44,301,13,22,2,271,56,43,5,5,6,14,29,0,0,33,122,66,33,3,6,25,3,11,13,0,353,31,28,43,54,6,6,88,71,0,23,155,249,1196,14,16,4,65,13,22,172,457,13,1,5,2,30,77,26,40,3,3,0,17,6,1,18,8,22,17,478,18,6,150,9,131,15,32,0,22,0,5,136,82,14,2,43,35,0,18,1065,0,11,1,15,11,586,0,27,20,23,31,5,50,10,372,27,71,92,66,2,41,49,0,114,1,4,19,108,0,13,54,216,58,6,28,51,3,108,4,0,1436,1,27,40,0,7,21,458,63,22,98,11,17,15,26,8,22,4,70,4,17,21,0,19,102,213,34,2,130,209,39,76,0,37,4,22,6,19,0,69,121,132,52,0,0,17,20,13,92,31
cell_220,4,35,120,106,0,192,22,23,4366,5,63,21,24,51,22,72,11,47,53,32,152,15,16,69,34,30,1,1,26,3,0,52,5,197,30,0,1,1,0,0,8338,0,124,4,0,40,120,14,14,33,52,8,97,69,4,160,5,3,60,86,0,7,34,84,128,86,18,37,15,7,9,34,79,0,18,552,23,245,0,3,24,51,28,34,381,126,13,4,59,4,132,2,223,7,17,46,50,8,0,110,158,198,2,526,5,40,23,29,12,4,34,26,3,31,23,0,0,3601,87,29,8,3,0,30,149,598,0,37,12,0,1,29,112,24,58,12,39,2,71,65,27,98,18,65,1,667,19,2,402,16,0,7,30,151,0,282,0,0,21,138,27,0,1,130,44,5,1,23,1,4,40,138,210,2,1,59,0,7,5,2,173,2,10,212,43,86,1008,91,66,11,12,122,11,24,92,3,36,5,10,75,6,24,11,0,33,97,1,19,65,122,14,0,1,13,30,75,134,4,83,96,0,27,19,58,767,0,455,3,122,0,95,44,131,79,24,51,269,0,0,140,15,1,89,370,0,3,253,231,33,35,22,127,72,5,2,75,207,15,62,83,1,65,5,54,219,21,11,89,7,1,59,30,77,4,0,28,50,759,1524,272,27,2,2,107,0,4,71,106,5,3,3,0,2,0,2,18,1,23,16,21,22,0,63,235,5,34,527,17,0,37,77,68,31,253,10,0,10,0,7,13,73,82,8,12,261,4,82,50,287,23,5,0,20,0,11,14,5,4,21,107,23,6,3,134,0,0,20,0,174,244,6,154,67,0,2,3,94,25,59,72,137,562,540,46,92,0,54,1,4,6,491,16,45,33,11,32,178,39,38,0,1,0,38,2,15,20,3,13,46,134,58,0,394,25,131,2,30,0,5,8,3,117,83,114,12,31,35,12,58,1262,5,67,0,1,10,565,15,0,1,0,51,6,29,15,448,41,69,40,57,3,21,18,0,37,10,4,15,533,0,0,48,203,15,7,25,86,0,104,17,1,0,0,10,28,5,17,50,498,22,2,82,6,14,22,22,9,119,20,20,4,9,17,3,1,22,106,22,1,178,281,70,75,0,58,18,31,3,0,1,140,42,205,32,3,64,30,4,15,6,36
cell_221,0,56,263,6,1,58,21,102,5016,3,71,7,4,65,26,31,4,69,28,13,0,30,23,5,0,26,0,9,11,8,2,64,6,20,2,0,4,2,0,1,8647,0,126,46,0,54,0,103,82,8,44,0,135,2,28,5,2,40,73,43,0,2,42,350,214,16,15,20,34,9,3,0,0,16,1,38,26,250,0,11,39,71,11,31,818,169,63,4,74,10,122,1,243,13,21,94,3,31,6,137,160,221,1,535,0,31,29,0,5,78,36,35,4,80,138,0,0,3209,18,49,3,0,1,35,76,591,0,33,10,0,31,173,106,34,36,11,21,3,65,79,22,78,26,49,6,615,15,27,449,8,404,3,39,137,7,120,45,0,12,71,96,30,0,1,55,34,0,15,4,0,59,100,17,6,0,74,5,15,0,3,45,1,14,215,65,50,896,74,273,64,0,74,3,160,115,0,35,16,19,101,5,26,7,0,3,94,0,10,69,110,146,1,5,10,36,69,5,10,45,91,1,20,32,16,268,0,534,0,113,1,132,88,2,68,0,17,339,2,1,223,13,9,57,268,0,5,296,158,29,27,19,83,10,12,16,56,215,21,59,108,0,65,6,72,253,31,6,52,15,13,31,4,62,0,2,31,54,431,1369,0,50,14,2,36,3,18,43,126,2,10,0,0,14,5,1,22,0,19,25,3,0,0,106,208,0,48,1053,2,0,48,32,84,44,9,16,0,3,0,6,1,58,66,14,17,320,4,36,62,338,29,14,6,18,9,10,36,0,1,14,111,3,34,2,33,3,8,12,24,0,117,1,49,66,26,7,0,92,20,42,59,175,376,1251,59,113,3,50,4,22,6,464,30,183,1,2,22,4,23,14,0,0,2,12,1,2,12,10,21,39,312,37,0,5,13,140,10,30,0,21,0,8,46,74,263,3,66,18,4,28,1299,0,1,1,12,3,594,10,29,21,8,90,8,30,2,353,42,66,175,17,18,14,107,2,126,0,0,6,174,5,0,57,117,15,4,31,33,3,32,7,0,5,1,18,26,0,9,64,876,50,111,94,8,23,15,41,0,18,25,100,4,10,18,0,3,24,144,61,9,171,241,65,67,1,64,8,24,7,0,0,118,90,445,11,5,9,5,0,10,76,26
cell_222,0,15,132,77,41,96,11,140,4571,15,49,17,3,0,6,41,8,65,5,41,10,39,20,53,3,20,2,1,2,1,0,73,5,241,4,0,7,10,1,0,8786,0,153,55,4,64,0,31,79,10,60,14,134,9,3,24,11,44,53,59,0,1,30,413,173,55,19,29,67,3,2,24,16,4,15,320,19,119,25,0,5,65,9,24,642,78,35,5,73,1,82,3,251,19,21,11,30,0,0,146,115,210,0,388,4,39,1,3,1,44,35,25,14,27,170,0,0,3845,67,74,20,6,3,33,52,575,0,10,6,0,11,156,108,46,36,17,15,4,58,140,26,129,11,51,0,688,1,12,373,23,15,14,31,112,21,324,56,5,13,135,80,13,0,0,67,1,0,9,20,6,39,13,41,4,4,67,11,13,2,0,97,4,13,219,35,89,809,9,230,32,9,79,1,146,53,0,41,22,25,71,9,13,6,0,21,86,19,43,87,140,206,0,3,8,53,66,33,0,60,150,0,0,40,20,147,22,449,0,51,2,104,76,3,55,5,8,58,5,2,213,9,1,119,807,0,0,177,94,10,13,14,78,26,8,2,31,202,8,83,113,0,93,4,72,184,1,1,19,8,25,22,41,83,2,0,41,131,883,1518,253,2,18,2,2,1,7,78,56,0,18,0,0,0,6,11,21,716,25,20,4,45,34,117,257,0,24,1546,1,0,68,17,70,27,104,13,20,6,0,0,13,71,67,44,41,627,2,5,42,285,14,56,5,63,5,10,13,19,3,21,112,6,41,0,7,14,7,11,2,520,206,11,0,89,6,12,15,79,68,29,21,174,395,1450,109,139,20,59,1,15,57,462,17,3,1,5,14,164,14,46,1,34,0,12,2,8,14,0,6,24,420,27,0,173,15,154,5,24,0,38,21,14,173,89,37,10,159,6,0,44,1079,0,11,1,3,6,581,6,0,27,0,51,2,19,15,70,38,73,91,51,5,19,48,0,126,1,4,15,301,14,19,116,181,20,2,34,12,2,73,5,1,0,1,13,19,0,46,65,667,51,8,91,11,24,41,97,14,8,24,11,3,12,32,5,32,210,199,37,1,23,232,61,85,0,49,5,27,15,0,7,123,83,55,17,8,7,56,1,1,89,35
cell_223,6,59,276,1,197,36,53,106,4341,3,49,30,27,81,13,61,16,42,37,2,53,17,13,4,64,24,6,4,3,16,0,54,7,4,11,0,13,0,0,47,8869,1,213,18,0,71,3,81,15,10,57,9,41,66,19,130,0,0,50,17,0,1,38,71,112,41,19,47,8,0,8,86,53,8,0,256,93,315,0,3,0,53,24,7,148,136,88,4,67,1,21,5,285,2,31,5,29,0,0,134,173,251,0,469,4,41,35,3,0,10,31,35,6,35,4,0,14,3250,1,11,12,0,0,20,71,480,0,69,4,1,32,140,95,21,47,3,7,24,64,47,9,116,16,35,1,353,25,14,483,24,86,7,32,116,2,276,30,31,8,28,58,9,0,19,54,37,18,11,3,5,5,116,32,23,0,70,0,13,12,5,144,0,10,220,66,102,947,44,24,19,8,92,12,143,123,0,7,25,12,41,3,41,1,0,43,115,21,12,14,133,65,8,3,9,32,100,9,5,37,80,0,11,23,28,436,0,509,12,122,1,104,26,4,95,2,51,271,0,1,202,17,19,92,76,0,4,241,79,44,21,20,118,118,32,19,8,235,15,75,86,0,91,1,58,247,15,6,19,5,68,37,18,37,3,0,35,53,496,1410,288,3,29,0,4,0,9,31,42,4,10,0,0,1,27,0,11,480,23,21,6,14,53,21,235,0,53,965,0,0,29,8,76,4,264,18,197,49,0,9,2,63,64,3,51,662,9,10,20,275,16,7,5,8,1,14,7,0,4,67,111,1,9,4,133,0,9,3,0,299,171,0,17,13,3,10,0,95,31,21,44,163,333,1455,40,107,4,57,21,12,51,462,28,11,1,1,34,20,37,33,0,1,0,40,2,6,14,1,0,41,79,17,0,338,9,127,8,39,0,1,48,0,82,78,189,27,112,48,0,26,1329,3,29,0,4,0,530,1,27,19,4,59,1,1,3,446,38,52,109,26,23,75,43,0,104,105,8,15,652,0,0,101,130,62,1,26,31,1,8,28,0,0,0,8,27,1,52,34,539,9,8,93,2,23,13,67,3,46,17,8,1,15,22,0,12,153,45,35,0,0,252,66,98,26,40,15,7,4,0,14,125,58,419,24,1,46,5,5,9,66,28
cell_224,4,61,140,28,85,23,82,163,4626,10,81,20,21,61,25,63,20,58,30,18,41,40,16,0,0,37,0,0,2,0,6,72,26,219,6,9,22,6,0,19,9409,18,89,36,0,7,6,84,54,22,72,12,102,92,4,110,6,8,55,99,0,1,7,91,223,23,16,29,15,0,3,45,58,38,0,254,75,27,0,3,31,92,15,20,711,168,119,19,70,17,50,5,226,18,25,18,8,0,1,155,175,250,19,447,4,29,4,18,15,72,30,30,12,59,0,0,28,3279,0,44,15,3,4,35,89,499,0,16,11,6,0,67,88,59,39,7,44,0,69,146,34,111,43,60,1,542,10,35,351,23,0,11,69,141,0,222,0,0,0,100,92,0,2,3,54,6,4,3,0,14,23,64,37,0,0,71,15,0,31,9,57,3,16,105,67,88,743,10,253,7,1,47,0,165,81,0,0,7,41,66,15,36,0,3,21,88,47,19,108,111,2,6,3,2,32,82,12,23,102,207,0,9,26,2,453,0,497,3,103,0,104,67,0,39,18,126,302,9,6,217,9,12,0,509,2,5,277,149,42,31,19,60,32,34,5,11,201,13,73,52,0,102,1,42,217,21,12,69,13,96,59,12,70,13,1,24,39,173,1487,339,30,8,0,24,3,13,82,111,1,47,1,0,11,1,0,20,0,21,29,5,28,0,91,135,0,63,1571,18,0,67,65,76,39,22,21,0,7,0,2,3,70,55,0,10,1595,5,82,78,301,25,8,1,9,0,20,42,2,16,34,128,3,7,1,114,15,42,7,4,88,284,0,112,10,30,10,0,91,8,9,35,105,563,1157,17,155,0,63,16,7,1,454,26,205,28,14,29,4,48,27,3,0,0,45,2,27,3,24,2,32,105,24,0,285,9,118,13,35,0,8,0,1,149,105,185,2,47,40,15,8,1233,0,4,0,2,12,555,2,1,8,0,16,13,54,16,198,33,83,35,66,4,3,99,0,88,0,4,6,633,3,0,115,249,39,2,32,33,10,104,5,4,45,0,5,23,2,35,78,798,35,51,87,9,19,66,112,2,63,41,5,3,20,20,0,6,49,118,246,2,168,112,79,73,0,44,8,8,5,0,0,120,35,84,64,1,36,7,1,10,34,46
cell_225,1,77,231,34,44,214,26,153,4740,7,40,18,4,55,21,62,5,86,5,3,15,162,28,11,25,29,0,4,24,7,1,61,11,98,0,15,4,0,0,22,8406,0,143,57,0,47,1,120,85,57,33,10,134,34,7,149,0,2,55,60,0,0,59,191,215,9,23,52,69,1,10,17,8,0,74,267,80,354,1,0,12,76,5,5,656,111,113,14,81,6,18,1,256,41,23,20,20,0,3,94,149,145,0,524,9,12,8,22,13,69,37,35,5,80,0,1,12,3987,1,26,17,0,5,29,67,106,0,1,5,0,14,83,90,31,32,16,19,0,73,135,123,44,14,47,2,424,4,22,481,40,730,27,7,124,10,308,57,2,8,98,105,17,2,0,72,52,8,13,0,27,66,100,20,0,1,18,25,2,0,0,159,1,7,32,58,83,907,144,81,11,6,35,0,130,75,0,4,11,25,70,7,18,11,0,23,89,0,33,20,112,5,2,2,1,40,66,19,9,42,99,1,23,12,8,610,0,449,0,96,3,51,91,46,73,34,62,57,3,6,250,8,22,100,607,11,4,234,138,9,45,9,117,161,8,3,15,214,16,81,41,0,109,1,28,219,37,5,15,2,55,46,18,17,13,0,4,19,1099,1665,3,66,19,1,15,1,15,33,117,0,25,0,1,10,5,0,19,0,28,41,4,5,0,122,121,3,44,1082,11,0,70,25,74,13,0,22,0,3,0,9,7,72,43,0,32,623,0,31,65,303,40,96,16,25,1,18,14,3,9,89,132,92,35,3,69,14,14,20,0,0,317,7,9,59,56,10,0,51,83,69,57,205,294,1457,54,50,9,44,7,4,25,423,6,56,1,4,2,10,35,29,1,9,0,37,2,6,15,0,21,23,363,9,2,366,30,140,0,34,0,9,1,7,37,63,97,36,31,34,0,2,1070,0,23,1,2,6,588,7,15,20,0,24,17,3,0,240,35,35,136,36,13,51,128,0,170,0,4,6,704,1,0,16,225,31,2,39,16,17,24,0,1,29,11,18,29,0,7,20,473,4,10,45,4,25,33,26,7,56,33,56,16,15,26,0,11,104,46,208,2,167,260,69,90,25,62,3,27,7,0,0,131,111,264,10,6,57,36,0,2,83,16
cell_226,3,51,119,96,68,272,28,90,4876,14,76,26,32,31,17,54,13,57,39,18,32,37,29,0,48,27,7,2,10,11,1,43,19,294,2,11,16,4,0,31,8630,132,316,55,0,22,0,68,52,32,40,3,115,42,25,11,2,9,60,38,0,1,3,246,152,103,14,43,8,2,11,51,0,37,12,303,60,241,0,14,0,79,11,44,138,122,95,4,47,21,108,7,228,24,14,191,36,4,0,93,158,194,9,540,1,31,9,0,8,17,28,33,4,45,0,4,5,3634,53,8,21,6,9,6,72,462,1,3,12,0,24,114,22,30,21,7,22,5,80,37,111,128,12,61,0,587,6,16,421,15,0,26,20,174,13,273,77,0,26,107,97,2,0,198,67,7,28,19,0,7,26,111,168,0,0,63,15,36,0,4,183,0,12,301,70,91,820,37,134,11,1,90,3,192,129,0,1,2,31,54,0,31,10,0,19,86,1,23,67,123,73,8,3,7,50,60,37,21,71,128,1,16,20,14,179,0,415,1,128,1,104,18,2,81,4,127,163,1,1,232,15,6,5,426,4,0,240,10,14,31,8,133,0,12,12,38,226,22,65,149,4,99,0,45,207,13,9,24,15,0,66,42,26,26,0,32,210,392,1536,62,7,10,0,0,0,3,4,115,3,3,0,0,5,0,6,18,0,19,21,8,26,0,28,194,0,43,390,16,0,39,12,61,14,128,16,0,8,0,2,3,55,58,11,24,1894,4,5,28,295,14,44,7,25,4,16,4,0,1,49,111,4,20,1,90,4,0,17,0,369,239,0,30,66,22,10,0,82,92,69,49,177,591,1247,43,114,9,78,5,31,28,457,5,79,0,4,25,46,44,36,0,6,0,46,1,4,16,6,0,34,270,59,0,463,10,139,5,34,2,4,3,16,104,97,47,5,71,43,0,17,1173,5,0,5,1,5,534,4,8,50,13,67,0,13,0,458,34,72,141,10,4,17,88,0,133,0,1,23,762,4,5,79,195,49,0,32,61,0,6,10,17,0,0,15,33,0,47,19,930,24,19,107,2,10,52,99,17,4,40,195,1,22,32,2,26,243,203,100,0,186,271,64,88,1,85,9,40,3,0,4,155,96,239,14,1,1,22,0,6,84,17
cell_227,7,28,116,169,96,35,18,156,4810,14,76,25,13,48,35,22,6,58,30,28,32,110,35,44,2,16,0,3,7,2,0,61,2,159,1,1,2,1,0,0,8772,0,271,34,0,44,0,68,4,51,54,21,70,72,10,18,0,0,76,55,6,0,11,166,204,65,20,111,8,5,6,101,6,5,0,0,46,348,0,1,6,90,8,22,361,55,100,1,79,3,81,1,225,2,26,80,18,12,1,65,155,251,0,501,1,42,29,68,1,1,26,27,1,81,0,1,0,3501,100,23,21,24,8,17,37,98,0,15,7,0,61,116,55,25,20,33,29,14,60,14,90,47,0,55,2,213,23,27,534,30,622,24,49,169,13,311,2,0,48,138,92,15,0,23,74,36,3,2,6,10,34,119,43,0,0,28,11,21,0,1,181,2,25,231,59,69,919,96,183,2,0,49,0,176,86,5,56,2,2,51,2,27,14,1,11,85,0,36,86,109,40,0,0,5,46,82,19,15,83,26,0,12,19,27,162,0,458,0,45,3,108,115,21,75,25,92,215,2,2,244,17,10,37,392,3,7,266,66,24,23,23,87,131,14,0,14,166,18,71,118,0,93,1,35,171,51,7,26,17,20,51,19,52,11,2,34,0,768,1472,15,10,2,1,11,0,19,37,142,1,50,0,0,0,3,1,19,0,17,21,6,27,9,42,194,5,37,321,15,0,38,14,61,10,197,16,14,11,0,5,6,58,76,12,65,1733,4,11,17,279,10,71,10,5,2,20,2,0,4,26,87,3,7,4,57,0,0,13,0,237,316,1,63,36,9,10,0,75,32,18,67,172,527,1164,20,20,11,63,7,17,4,460,48,280,0,5,25,86,31,25,0,1,1,20,0,16,10,10,33,40,289,4,0,50,20,135,3,31,3,3,22,8,20,102,135,6,16,4,2,3,1162,1,0,6,3,10,551,4,17,26,16,18,1,13,27,408,41,59,148,66,18,12,130,0,111,0,1,14,461,0,0,48,212,44,7,32,20,9,19,14,3,10,0,18,26,0,6,13,514,63,105,75,3,8,30,6,9,27,27,117,8,0,21,8,33,15,67,31,3,161,291,57,74,2,50,8,22,5,0,1,138,113,171,47,1,0,1,0,2,58,25
cell_228,10,47,232,0,397,28,16,136,4994,18,33,10,1,23,32,63,32,74,24,27,2,45,19,0,52,7,7,5,23,8,2,36,2,247,1,14,18,5,0,22,8327,0,139,2,0,49,76,72,30,30,19,14,97,8,7,63,0,6,67,33,0,0,30,116,148,32,14,160,37,5,8,21,6,6,0,355,66,237,11,1,7,86,15,15,518,157,136,16,80,8,30,11,243,11,23,22,15,5,0,69,170,253,2,458,6,14,32,77,4,29,25,42,1,56,139,11,0,3652,54,37,8,5,1,32,83,106,0,0,22,0,30,71,58,33,46,3,23,0,57,50,50,143,3,58,11,323,13,11,461,103,18,8,8,133,1,321,16,10,34,98,114,17,0,29,69,13,5,15,20,12,14,60,5,10,0,46,0,73,0,1,188,4,11,210,64,95,1007,6,107,12,0,94,3,123,95,0,0,18,36,58,12,31,4,0,11,94,2,24,81,133,187,0,2,3,31,66,27,56,52,137,1,7,18,5,647,1,504,0,163,3,113,48,9,75,14,176,251,4,5,235,14,4,113,418,0,1,252,148,25,27,11,66,39,24,11,40,194,21,88,74,0,89,1,33,201,13,7,37,0,11,52,23,155,20,0,33,175,692,1528,260,31,29,0,40,0,8,25,66,0,4,1,0,0,1,0,17,817,21,22,3,1,0,39,258,17,56,218,2,0,66,2,67,27,159,14,59,4,1,5,15,72,55,3,8,452,7,29,60,279,3,11,5,18,1,16,4,17,1,39,119,2,15,6,60,53,15,1,37,288,324,0,123,81,1,7,4,91,50,62,74,157,379,1013,86,72,8,78,4,34,12,436,37,31,0,1,9,101,12,31,1,25,2,10,7,0,8,16,3,36,269,12,2,424,27,120,9,46,0,0,26,7,55,72,78,21,186,18,8,25,1158,0,0,3,4,16,533,10,7,5,6,114,10,6,0,385,44,65,84,64,5,23,76,0,147,0,7,13,615,0,0,107,211,12,1,29,37,9,34,1,11,5,2,30,23,0,24,42,625,4,92,84,4,19,66,117,22,129,20,107,1,18,21,0,15,285,198,73,3,174,186,63,69,3,30,3,35,2,0,0,137,82,369,14,0,82,9,0,9,51,8
cell_229,1,52,216,117,62,96,40,67,5127,15,28,21,10,34,24,39,4,76,22,25,10,111,19,0,54,24,0,4,9,3,8,73,3,76,15,37,24,6,0,8,8024,0,31,50,0,61,40,82,24,68,60,5,126,17,10,8,10,7,49,5,0,3,10,105,187,66,18,16,44,0,5,33,1,31,14,139,120,610,0,4,24,91,14,6,32,160,72,19,78,1,46,14,225,30,20,32,6,39,5,161,150,182,0,455,6,35,35,7,1,78,24,24,0,30,228,0,6,4202,69,67,5,2,1,48,77,211,0,23,6,0,0,106,113,43,36,2,29,8,83,16,112,152,7,63,8,564,2,23,449,13,0,23,8,49,2,313,36,0,8,113,108,13,0,48,66,3,3,26,1,0,14,110,30,7,0,78,14,16,0,2,144,0,10,229,65,63,1023,15,221,8,2,76,3,121,36,0,3,19,37,60,10,22,21,1,32,93,10,18,71,146,17,0,6,4,42,89,20,3,17,30,1,19,25,24,395,0,392,0,72,5,118,71,0,37,13,28,169,1,1,194,9,13,104,641,4,1,218,131,23,45,17,89,54,26,18,3,206,20,89,105,0,97,6,31,194,27,21,53,18,102,54,17,68,29,0,37,21,514,1547,31,26,12,2,27,0,14,59,103,0,28,0,0,2,0,0,9,26,22,25,23,28,0,62,199,0,47,166,12,0,55,23,39,49,211,16,0,17,0,2,6,68,71,0,15,238,2,17,14,285,42,15,3,15,1,12,24,0,9,48,110,51,24,3,20,9,3,8,0,179,361,4,79,49,60,12,1,63,25,56,71,169,289,1208,82,80,2,69,9,25,57,449,1,39,1,4,12,51,32,38,3,18,0,25,4,25,5,20,37,12,500,4,1,441,14,117,4,44,0,3,2,5,137,79,109,9,13,34,0,13,1031,0,79,6,14,2,549,7,15,12,0,18,13,22,0,314,39,61,71,53,19,9,81,0,102,1,2,16,369,0,2,96,243,54,1,32,75,4,12,10,0,178,0,20,25,3,47,39,1045,35,64,58,10,19,24,10,11,180,4,60,3,14,21,6,3,148,132,116,0,174,176,36,65,6,28,20,20,1,0,7,69,132,564,9,2,25,8,7,20,27,46
cell_230,0,104,352,108,20,112,21,11,3778,6,44,29,3,137,59,110,2,36,12,6,31,36,18,0,2,17,2,21,20,0,3,46,31,213,32,16,4,7,0,41,3110,0,47,45,0,54,8,139,46,19,29,3,126,49,9,217,4,56,63,26,1,2,128,15,152,17,34,174,47,2,2,4,56,0,0,292,10,489,0,8,73,45,22,5,184,81,57,5,127,13,41,9,242,44,72,42,4,0,2,215,89,36,0,142,9,8,15,21,2,115,25,41,8,48,0,0,0,3707,14,26,38,75,0,49,69,222,0,8,6,17,7,27,51,78,88,20,49,161,69,12,0,118,40,95,1,100,1,8,259,42,125,21,3,202,4,151,44,4,30,71,105,37,3,0,105,24,3,13,8,23,21,101,7,6,0,25,4,5,23,8,87,0,37,46,16,73,168,23,83,27,18,4,6,117,139,1,23,11,12,95,11,28,1,13,83,92,14,10,91,84,38,0,13,2,54,97,19,28,68,31,2,13,20,50,342,2,533,2,64,1,52,89,99,24,5,41,60,7,10,125,11,13,4,252,3,4,80,303,41,14,16,94,148,10,46,22,75,20,99,57,0,53,1,22,381,1,21,42,24,1,16,9,6,27,0,115,110,426,1664,41,24,1,4,11,6,15,97,98,1,0,0,0,10,0,0,12,0,19,22,6,0,10,69,40,2,61,356,4,0,48,15,150,24,195,28,5,16,0,1,13,47,76,0,1,103,2,46,44,390,4,10,1,35,0,22,4,2,15,1,147,1,5,6,4,24,25,6,40,0,198,0,15,127,33,14,2,13,14,10,35,179,226,491,57,93,5,32,18,1,1,559,34,82,2,8,19,31,37,54,3,1,1,61,18,75,16,24,35,37,231,48,0,522,38,91,9,27,0,0,4,3,10,128,42,49,147,10,8,31,2102,4,37,9,4,5,2042,3,2,23,0,43,43,6,0,130,21,59,37,64,21,11,132,4,84,1,1,68,481,9,0,4,128,47,0,88,22,4,23,2,2,35,7,13,109,0,14,19,428,0,24,173,15,22,23,16,36,118,10,62,19,13,29,2,11,100,69,109,6,3,590,402,22,127,27,5,3,17,0,0,93,73,21,13,5,126,5,0,13,42,4
cell_231,1,45,177,0,300,66,29,134,5178,8,36,3,10,38,43,13,15,65,11,30,18,26,15,146,0,24,9,7,41,5,0,74,17,173,10,23,1,5,0,1,8108,22,105,13,1,32,29,48,30,4,39,12,116,11,6,146,0,3,67,65,0,1,114,112,255,10,19,70,41,0,6,27,0,0,14,6,69,402,0,1,0,82,6,18,271,111,99,0,85,14,55,0,187,19,22,39,15,20,8,82,155,165,10,412,1,26,21,13,5,93,20,41,7,26,0,7,2,4003,17,14,31,0,0,15,44,396,0,24,6,0,0,105,113,40,41,24,8,5,96,95,14,126,1,55,8,566,10,2,424,14,0,9,17,139,3,311,3,2,61,135,45,40,3,4,72,72,4,6,13,14,43,32,38,1,0,59,3,11,0,5,106,11,13,93,60,93,937,43,49,8,5,75,1,135,112,0,36,40,37,45,3,3,8,0,4,110,1,21,102,123,103,1,2,0,29,70,17,16,85,53,0,35,30,24,1037,0,407,0,48,0,95,103,4,68,0,46,323,5,2,234,16,24,107,158,6,1,261,101,6,32,16,119,164,40,1,31,233,12,77,62,0,86,0,49,178,13,3,67,7,52,22,22,92,2,0,36,11,1305,1706,319,68,18,2,18,0,16,91,57,3,37,0,0,1,0,1,19,0,21,29,3,28,0,38,98,0,47,1307,0,0,73,24,65,8,75,11,0,8,0,0,0,54,53,0,2,744,5,43,93,300,8,61,12,38,0,17,17,5,3,17,92,8,20,3,78,5,13,12,0,9,189,8,82,8,34,12,0,53,77,107,68,129,443,1458,101,42,0,90,1,16,16,444,51,68,1,3,11,90,16,43,7,0,0,2,4,10,24,11,18,49,581,64,0,244,12,117,1,34,3,8,0,18,34,62,117,19,184,45,5,11,1069,0,19,1,2,3,557,2,50,60,19,49,1,6,0,133,30,70,67,53,1,51,116,0,150,5,0,13,451,6,0,49,145,44,1,26,71,12,15,0,3,0,3,8,36,0,67,56,875,36,42,111,0,14,56,44,16,131,22,23,2,16,21,0,30,108,227,114,10,172,246,33,74,0,64,2,60,13,16,1,153,99,178,24,4,85,18,0,7,100,9
cell_232,1,55,247,50,297,14,24,188,4120,2,113,18,29,63,28,85,11,9,35,8,79,61,30,0,7,17,6,8,45,9,2,67,1,241,11,0,13,4,0,46,3792,0,157,58,2,93,0,75,43,13,3,5,155,111,30,130,1,3,77,66,1,0,12,186,166,91,39,142,5,4,10,69,33,1,81,0,33,564,0,0,12,52,7,1,204,51,80,0,112,2,87,6,209,21,35,44,18,2,2,206,136,96,1,189,0,23,29,3,13,43,12,35,7,84,0,0,3,3372,8,115,11,12,0,35,141,325,0,2,18,0,26,32,79,14,62,2,46,28,54,9,78,33,3,93,5,59,16,5,407,38,38,14,15,104,4,206,11,3,40,33,118,21,2,71,93,8,3,17,16,4,15,96,107,9,3,160,0,16,2,0,137,4,8,196,14,11,426,65,269,10,39,18,8,76,26,0,30,5,75,82,3,96,10,1,57,97,1,40,90,93,7,20,8,24,67,102,41,2,72,48,0,6,43,16,271,1,455,1,55,0,70,89,68,83,21,15,107,2,1,196,8,2,32,222,0,0,151,164,6,42,3,87,179,9,8,6,133,5,82,29,0,100,4,29,427,20,30,17,25,130,46,26,10,5,0,106,9,615,1552,97,25,18,0,5,10,19,48,82,0,25,0,0,10,0,6,3,25,18,26,3,7,35,72,83,0,78,288,32,0,71,43,91,6,75,20,26,9,0,4,4,36,32,27,2,557,9,84,5,431,0,19,3,27,6,15,2,13,28,14,128,0,28,4,89,0,9,0,19,0,365,0,177,76,25,20,0,35,22,89,93,253,321,562,21,57,1,65,7,10,0,491,41,61,9,17,23,67,22,45,0,5,6,36,20,14,3,3,19,20,344,22,3,56,17,116,26,28,0,24,1,18,10,83,132,35,244,29,1,93,1868,6,61,1,15,14,1814,1,0,29,7,26,34,34,0,598,27,71,22,70,67,3,114,3,168,0,7,38,302,41,0,37,181,76,11,94,4,14,6,10,5,12,3,3,86,7,17,8,1454,8,21,137,1,22,63,51,9,29,16,16,3,9,26,19,20,15,31,58,4,9,523,256,15,14,65,12,69,0,0,2,143,121,93,41,6,121,23,0,11,72,17
cell_233,1,220,43,42,0,5,51,218,4854,0,261,66,16,52,42,193,2,32,41,8,25,277,41,0,1,28,9,3,52,18,0,79,17,311,4,3,46,1,0,25,1185,0,165,13,0,146,0,236,43,6,45,14,392,64,4,184,2,1,39,32,0,10,20,118,91,48,15,17,15,1,23,5,0,19,2,3,27,448,8,5,9,14,17,88,234,21,82,5,142,18,69,2,247,3,69,229,9,0,0,188,75,68,0,63,1,9,3,26,6,106,15,34,11,61,0,0,0,5175,0,10,12,12,3,23,53,82,0,6,9,0,32,41,44,90,54,10,4,9,47,53,43,69,3,40,1,12,11,0,163,20,53,7,21,114,20,149,23,0,23,24,88,20,1,23,216,11,19,21,0,10,62,56,2,2,0,84,0,10,0,4,102,3,21,31,41,42,468,85,2325,13,24,25,0,314,125,1,1,4,247,89,31,72,6,3,100,197,0,31,75,36,107,0,8,59,125,352,17,15,44,35,0,5,48,48,674,2,564,0,62,10,56,107,11,73,0,24,133,6,5,286,22,1,10,368,8,3,73,39,29,37,75,248,31,30,60,13,276,12,250,57,0,314,31,40,316,39,1,36,38,12,28,44,15,110,1,333,146,174,2037,23,4,53,2,4,0,14,72,110,20,9,0,0,2,6,0,7,0,13,31,4,15,24,84,113,0,106,20,26,0,83,53,110,6,99,19,0,5,0,9,0,28,95,6,11,138,20,12,38,521,6,16,13,9,2,19,3,0,3,80,66,0,26,20,370,1,14,18,44,0,142,0,91,8,3,22,1,21,86,104,56,180,223,332,57,80,9,29,6,12,12,569,29,5,0,11,5,0,35,23,4,0,4,30,4,35,26,0,22,32,108,58,0,15,27,105,0,29,0,14,0,13,61,26,108,120,274,2,4,116,4304,0,3,0,22,15,4428,15,283,73,0,33,0,21,21,196,14,44,19,31,46,0,121,0,74,0,39,9,453,0,0,29,139,17,3,69,67,20,3,19,1,0,0,8,372,6,18,39,418,94,10,167,20,24,95,113,3,14,25,1,15,17,43,2,28,139,8,35,4,0,498,411,63,191,46,5,82,5,0,2,229,82,5,27,0,89,5,4,14,79,10
cell_234,0,158,16,297,48,9,51,75,6437,2,156,10,14,52,18,91,3,40,3,3,35,2,42,0,0,13,6,5,22,9,0,45,3,357,3,0,26,1,0,1,3301,1,164,57,0,89,0,364,18,0,30,21,238,37,18,148,7,8,71,2,0,0,37,151,88,40,25,530,60,0,3,15,0,10,0,454,2,1144,0,43,39,35,7,49,100,54,84,3,135,3,59,11,226,3,69,71,29,0,0,168,34,37,35,65,2,20,2,70,3,88,19,52,6,59,0,1,12,5055,15,72,26,46,4,51,113,260,0,7,2,0,1,49,27,95,88,18,32,3,79,28,222,149,1,108,1,40,14,9,628,29,372,6,4,251,14,163,19,0,2,42,97,10,0,0,166,2,6,25,0,1,26,21,7,17,0,120,24,4,0,10,64,3,45,15,36,57,190,57,1761,17,8,28,14,232,190,0,6,17,245,95,0,88,8,0,69,135,8,6,45,56,96,0,2,8,74,67,14,13,20,14,0,24,51,5,190,0,740,0,65,3,90,30,24,43,8,15,212,3,0,241,19,2,0,275,2,3,96,15,35,15,36,224,51,3,11,26,136,14,114,90,0,131,10,81,442,15,23,18,11,6,22,6,14,1,0,162,130,139,1930,11,15,75,10,0,1,7,11,98,14,23,0,1,1,4,2,17,0,19,31,4,4,0,97,158,17,66,107,25,0,59,61,105,2,482,18,0,6,2,19,1,37,70,10,1,79,21,24,36,387,31,50,15,26,15,16,1,2,1,18,128,0,3,3,197,12,1,16,16,0,358,10,200,147,84,15,0,18,29,96,47,284,168,523,36,100,7,51,58,11,67,511,6,17,9,21,12,23,8,15,2,7,8,21,1,16,13,0,30,33,237,90,2,428,6,123,10,13,0,29,0,17,94,135,66,8,512,3,0,51,3055,0,45,10,16,1,2458,7,508,34,0,75,38,15,20,207,20,66,51,10,11,15,104,0,109,5,4,90,342,0,5,24,61,44,2,149,52,3,22,20,3,21,0,13,191,0,14,49,463,2,47,221,23,8,20,57,7,45,10,21,23,18,22,0,9,143,55,24,8,61,593,242,51,55,9,1,9,5,0,26,97,117,15,8,0,0,12,0,10,20,5
cell_235,11,159,109,188,79,23,52,161,4896,4,152,84,31,47,39,83,11,57,14,9,2,228,40,0,137,3,0,12,17,10,1,63,25,154,1,5,146,3,5,8,1336,11,33,63,16,30,12,180,7,3,76,5,287,50,12,216,8,8,51,27,0,0,10,100,107,60,28,103,10,2,18,2,20,16,1,155,22,193,1,4,218,26,11,54,273,21,116,11,77,5,44,1,210,8,37,209,17,2,5,176,67,49,0,11,5,13,8,3,23,106,17,33,4,73,2,0,0,4774,0,9,23,5,6,27,138,33,0,8,14,0,18,22,23,53,62,5,26,3,60,34,268,42,9,79,0,41,0,4,697,19,2,12,0,58,7,153,38,0,5,51,93,2,1,0,233,0,12,45,1,5,43,49,2,0,0,0,28,0,8,1,80,0,46,21,12,47,279,66,4885,26,3,25,3,275,96,0,2,17,160,88,10,68,1,5,73,122,14,12,65,49,21,0,0,19,147,384,47,27,40,54,1,2,58,8,581,11,467,0,64,10,80,36,17,54,37,20,194,3,8,115,5,2,25,38,5,4,87,24,12,22,35,148,84,25,23,6,222,13,140,27,0,328,4,0,306,25,19,41,52,113,8,3,14,2,0,308,67,199,2063,26,21,23,4,27,0,16,16,56,0,24,6,0,0,7,0,13,4016,25,21,3,16,28,111,127,1,98,25,0,0,72,32,100,4,48,21,0,71,0,0,23,28,35,0,41,14,8,4,136,514,3,19,15,4,6,23,12,0,7,25,88,35,22,11,127,16,20,34,37,151,187,17,94,219,8,21,14,16,61,18,70,133,162,273,22,8,3,20,26,12,39,624,15,24,22,3,8,0,40,31,10,3,0,21,10,27,16,1,22,20,107,121,0,156,15,58,14,29,2,1,0,1,16,58,32,48,34,0,6,182,4753,0,158,0,14,24,4502,41,29,52,24,27,47,8,0,52,32,29,29,40,12,7,92,1,83,1,39,71,424,0,10,5,168,21,0,58,154,7,5,24,2,39,6,8,337,10,4,68,361,9,9,196,38,21,81,25,14,62,24,10,10,15,32,0,13,46,11,75,2,124,562,511,59,427,42,33,63,6,0,0,112,94,5,1,2,139,0,2,17,24,6
cell_236,1,66,115,0,0,28,16,162,4906,1,125,102,8,56,34,210,24,38,35,4,76,36,46,1,0,8,13,6,33,3,0,61,51,62,15,12,59,2,0,5,1188,0,34,53,12,144,3,157,3,10,17,2,260,19,13,27,0,17,47,18,0,1,32,153,33,10,22,7,19,2,36,95,33,60,1,49,2,104,5,2,105,13,34,23,184,16,91,3,131,14,119,11,195,1,70,51,9,0,5,172,87,67,22,72,1,20,1,0,1,121,10,32,16,74,55,29,7,5136,0,55,12,11,0,21,54,60,1,20,13,0,3,24,5,116,77,34,41,17,53,80,15,40,40,74,0,43,29,3,588,9,0,12,21,109,4,165,14,0,10,11,84,14,1,1,234,5,18,34,1,10,35,56,12,0,2,73,7,0,0,10,103,1,14,101,75,55,402,18,2624,6,48,17,3,282,97,1,40,9,203,63,0,55,33,2,54,171,8,37,61,51,7,2,11,22,121,344,69,50,42,32,4,0,71,53,441,40,485,0,46,0,81,65,37,49,30,3,197,0,2,343,11,5,22,602,3,0,70,101,5,42,95,65,33,68,14,9,201,20,272,55,0,288,0,46,299,22,37,56,50,0,30,3,25,154,0,318,251,163,1937,25,38,50,0,32,0,13,42,91,8,4,0,0,18,1,9,24,0,28,12,13,10,25,39,105,0,99,78,15,0,29,44,100,9,194,14,0,17,0,2,0,31,90,6,2,32,11,21,159,530,8,30,1,7,3,24,5,0,7,26,76,97,7,3,349,12,1,22,0,67,62,5,3,165,4,24,0,20,44,34,47,181,195,332,29,37,0,31,49,14,0,646,28,40,5,1,9,19,32,27,22,2,0,37,10,2,13,17,9,29,49,47,0,34,41,111,7,30,0,9,0,10,37,74,52,12,98,4,10,234,4279,1,2,0,17,52,4308,79,14,58,0,36,26,10,16,80,17,52,5,69,3,2,63,0,75,0,17,67,371,10,0,22,136,74,0,89,32,1,36,10,1,39,0,43,320,11,12,98,436,0,23,194,6,8,74,99,11,22,19,26,9,8,38,0,8,43,39,79,21,87,445,402,63,29,29,7,31,4,0,3,153,85,2,28,0,286,1,0,11,4,3
cell_237,4,135,149,8,8,0,38,155,4757,2,200,35,7,78,23,184,7,47,25,36,41,255,62,0,5,21,0,4,29,0,0,52,7,225,3,2,260,8,0,21,1364,39,63,18,35,91,0,102,64,7,59,16,191,29,31,5,0,8,47,24,0,4,50,35,86,22,17,422,84,1,13,0,22,0,52,33,9,134,42,8,264,17,29,11,353,22,60,13,143,2,115,3,237,6,60,66,49,0,4,188,80,51,10,62,0,18,19,66,1,61,11,35,0,88,0,0,2,5476,0,58,19,9,2,31,92,77,0,9,17,6,10,28,27,105,16,3,35,25,34,32,0,132,3,96,0,9,14,3,394,9,207,23,5,109,6,149,0,0,3,9,80,21,0,0,187,8,12,14,0,26,25,44,4,5,0,110,0,1,1,0,121,2,49,29,70,55,429,55,1071,4,12,14,0,179,193,0,1,40,187,98,15,183,3,22,20,131,1,22,52,40,108,0,0,13,115,353,22,7,48,25,0,22,54,24,476,11,491,18,62,1,62,37,37,47,1,6,146,9,1,267,13,2,22,253,2,3,82,18,27,27,83,85,64,39,22,28,288,15,247,32,1,248,13,69,279,5,38,40,6,0,15,4,7,117,3,287,67,72,1928,22,7,20,0,20,0,11,43,170,0,1,2,0,3,22,6,8,1210,20,5,7,17,7,82,112,0,88,163,7,0,57,32,111,15,271,13,0,7,0,5,12,20,85,1,18,27,4,12,9,497,32,34,18,23,4,18,8,0,6,54,90,0,7,12,450,1,27,10,10,9,77,1,3,100,35,23,1,17,60,1,17,281,179,302,0,43,0,34,27,35,197,593,36,6,0,4,17,6,4,17,4,1,1,36,2,1,16,37,2,28,101,24,1,40,32,103,17,17,0,13,0,2,28,69,109,40,183,1,1,89,4057,2,3,0,29,8,4480,77,4,21,0,60,55,21,12,384,31,64,20,63,16,9,47,0,67,0,68,55,361,16,0,32,191,25,2,60,41,5,14,10,3,0,0,7,369,17,0,97,454,1,142,197,44,19,26,146,10,231,24,40,28,14,40,3,14,128,17,43,14,0,553,456,63,303,20,4,5,15,0,0,166,71,2,3,3,14,6,2,6,77,5
cell_238,0,5,201,1,0,31,17,133,5004,5,187,29,9,1,17,126,30,41,56,2,10,182,49,0,55,24,16,6,1,0,7,96,12,2,14,0,47,0,0,74,2376,0,39,54,0,79,0,143,36,16,35,1,201,18,0,38,0,20,50,35,5,4,10,40,97,24,30,40,47,6,11,37,6,11,12,0,16,375,30,6,5,30,18,13,272,41,33,4,169,6,73,17,253,11,27,40,1,0,5,180,81,28,0,89,8,22,26,3,7,33,8,68,0,100,302,1,1,6548,21,5,22,13,2,13,23,150,0,0,9,1,1,12,49,61,20,23,23,0,75,35,152,7,14,86,0,21,16,3,544,12,24,17,13,191,11,172,17,0,8,108,86,14,1,8,139,0,0,22,3,6,17,0,3,2,14,84,24,0,0,10,119,2,3,60,70,60,178,15,3042,8,9,25,0,45,126,0,14,4,84,103,6,170,6,3,48,103,3,21,61,49,89,0,3,5,32,231,15,19,54,14,4,12,55,36,361,55,699,1,54,0,94,147,18,55,1,11,222,5,1,262,20,1,29,619,1,0,71,43,3,39,35,39,81,2,0,34,151,6,165,59,0,109,2,68,412,77,35,27,38,97,39,16,20,47,1,233,96,354,1807,28,5,4,0,0,4,14,61,187,1,58,0,0,2,10,9,19,303,25,12,13,20,11,113,110,0,85,167,12,1,78,0,26,14,261,34,0,4,0,5,0,45,63,22,2,84,1,66,34,357,20,8,17,59,2,20,1,1,6,97,134,6,17,5,177,0,47,5,0,170,202,2,18,45,40,19,0,20,93,11,68,94,27,652,101,35,8,21,10,35,105,538,1,7,43,17,13,21,8,26,2,0,0,29,0,19,3,1,7,37,239,36,0,31,32,108,8,21,0,46,32,8,48,43,69,5,639,44,2,123,2454,0,49,0,4,29,2557,29,1,4,15,37,12,15,10,657,19,46,23,66,7,17,106,0,111,0,9,66,71,12,0,18,119,81,20,114,52,4,64,15,11,0,2,11,173,0,21,22,523,67,72,270,27,19,7,22,25,175,14,44,11,22,27,19,14,23,17,33,4,34,737,312,69,1,23,5,39,2,0,1,138,96,18,34,3,122,16,15,11,59,10
cell_239,3,24,231,0,18,177,31,92,3040,3,6,33,6,39,45,28,13,67,8,1,9,6,19,0,14,21,17,4,17,16,0,74,3,36,33,9,34,1,0,98,1249,0,37,115,12,18,3,18,58,18,17,21,69,15,64,220,6,5,59,35,0,3,37,50,60,12,43,63,1,11,16,8,29,1,109,133,34,92,0,1,9,143,21,6,65,44,40,3,141,55,49,24,132,29,66,0,6,0,0,341,79,65,0,146,4,12,22,93,5,126,15,15,0,104,0,2,55,5677,3,19,5,0,3,57,50,159,0,0,14,1,2,25,81,55,98,39,35,30,73,45,30,140,3,103,8,75,12,4,294,7,62,31,29,121,0,115,15,0,13,118,130,10,0,7,183,0,15,28,7,5,14,83,5,0,1,84,3,7,4,10,77,1,5,20,39,39,57,38,211,17,53,34,15,39,78,0,11,4,74,90,11,61,0,0,37,52,0,10,80,69,58,0,14,9,35,44,66,6,55,133,25,19,37,55,502,5,227,7,54,1,143,2,4,85,0,18,123,0,6,202,20,5,20,248,11,2,119,49,33,32,28,128,132,34,12,15,26,13,46,93,0,139,2,9,405,8,16,33,21,23,52,8,9,35,1,55,33,44,1804,85,33,22,13,37,0,34,22,96,0,140,0,0,0,0,6,13,0,39,6,17,22,0,56,82,0,93,158,10,1,35,31,143,20,90,40,0,39,0,2,24,131,66,12,4,59,6,66,46,555,6,12,2,20,6,30,7,0,7,86,114,4,8,29,38,15,10,15,0,13,240,34,313,14,13,15,0,35,52,33,31,139,179,860,85,97,3,112,30,7,4,1174,4,12,16,16,22,119,34,44,4,2,1,30,24,47,5,7,2,79,228,63,9,709,22,80,4,25,3,16,0,3,5,133,89,55,241,81,1,73,1856,0,106,1,16,39,1405,0,57,9,0,31,12,55,21,364,32,74,36,30,16,42,25,0,27,0,12,62,355,5,0,47,134,48,0,117,96,1,96,6,3,5,2,25,51,0,37,44,428,21,9,171,15,5,18,82,41,10,17,37,4,34,49,0,8,30,135,58,1,27,327,157,72,5,26,21,2,0,0,5,127,68,135,11,1,14,10,0,15,25,23
cell_240,4,205,118,162,15,112,28,75,5679,2,212,61,40,133,50,114,10,64,21,23,8,29,26,39,1,24,9,6,25,7,0,51,20,351,2,17,5,2,0,0,2296,59,168,74,0,43,19,392,32,2,19,0,235,13,5,140,15,57,52,14,0,2,9,192,116,38,21,162,25,0,6,0,3,2,41,448,22,15,0,6,0,48,6,90,254,45,71,13,131,13,112,2,193,1,67,104,59,4,11,175,82,41,0,118,7,15,1,0,11,110,14,48,7,92,0,0,2,5265,25,143,9,16,0,8,152,221,0,1,8,2,6,26,13,108,120,1,10,24,69,51,45,128,20,73,5,56,5,8,398,8,11,16,5,227,7,181,46,0,11,17,125,7,0,0,203,1,6,33,10,6,36,48,6,1,0,104,1,5,0,0,125,4,24,31,50,62,152,12,1480,11,7,21,24,241,188,0,11,3,160,102,0,10,14,0,69,87,3,24,51,49,94,0,5,52,77,212,81,60,39,40,2,6,76,26,543,0,818,0,70,4,74,56,1,98,20,25,219,8,9,259,10,5,22,286,0,0,90,20,6,45,23,141,96,18,40,25,142,16,136,46,0,130,11,14,395,3,26,3,30,1,7,29,21,38,0,246,191,420,1900,36,100,17,9,5,1,15,16,131,10,6,0,0,18,1,0,17,54,18,1,4,20,0,136,162,0,85,224,0,0,44,9,122,7,344,23,0,29,1,0,3,32,74,0,25,108,4,0,104,360,26,32,13,8,4,19,0,0,12,3,114,3,12,17,38,0,52,5,57,0,201,12,136,196,98,22,0,22,3,209,25,245,64,635,77,54,40,39,6,40,41,494,1,44,7,5,9,13,25,30,8,3,0,18,4,39,13,0,48,21,334,141,9,682,31,93,21,19,17,7,0,16,70,101,38,4,13,2,2,225,3055,0,7,8,0,31,2592,32,11,84,0,42,30,12,0,20,21,38,15,64,73,8,60,2,101,1,15,129,956,0,0,23,144,22,8,140,76,11,0,22,5,0,0,13,183,0,2,71,570,11,77,263,28,16,55,94,3,18,30,37,2,4,34,3,3,56,52,48,1,132,430,306,64,20,49,9,29,2,0,3,119,90,21,34,1,169,4,0,1,83,11
cell_241,0,76,213,138,1,48,26,153,4125,19,64,17,29,69,41,67,0,30,8,14,28,182,27,0,187,10,12,6,69,3,12,11,1,121,17,16,27,8,0,54,3198,4,44,78,4,49,1,106,38,60,10,17,154,48,0,19,2,23,58,60,1,1,16,229,189,116,23,198,18,2,1,0,37,4,4,16,30,595,0,1,79,43,13,22,55,62,35,1,95,1,129,13,183,63,24,14,10,25,1,189,111,80,6,208,0,36,14,1,2,79,9,33,0,55,0,1,2,2793,51,9,7,5,5,10,112,115,0,7,10,3,20,15,75,70,39,20,18,50,47,13,210,158,3,59,1,183,1,22,364,40,13,27,4,86,15,106,12,1,20,28,104,6,0,41,114,17,0,5,0,5,10,169,10,4,8,141,0,17,11,4,139,3,27,90,50,49,242,31,188,15,5,38,0,135,177,0,6,27,52,82,0,37,4,0,35,91,3,11,71,85,79,2,2,84,52,99,21,0,65,100,2,3,59,15,348,72,595,11,40,2,73,65,6,91,13,15,216,1,2,145,1,4,54,166,0,5,152,12,49,3,17,155,122,30,16,12,72,16,55,32,0,150,10,6,382,2,3,69,11,1,46,26,5,61,2,72,45,542,1710,39,25,60,2,11,5,9,10,117,6,8,2,0,15,9,0,2,13,28,9,12,18,0,61,67,0,62,172,0,0,41,15,83,25,137,20,0,8,0,0,7,12,85,5,40,126,2,25,11,418,35,20,15,44,6,7,0,0,23,21,140,0,38,9,142,15,0,3,0,340,207,8,59,73,65,9,3,48,3,89,58,193,269,370,70,44,23,41,3,24,25,508,26,83,4,10,17,40,20,39,0,3,13,27,16,3,13,18,14,49,518,24,8,374,17,125,4,23,0,17,0,8,30,69,123,13,273,13,2,128,1931,1,101,10,6,28,1698,20,37,43,3,52,50,15,3,265,28,87,61,11,74,8,120,0,148,0,7,16,245,3,4,38,119,48,0,64,100,6,15,12,0,80,0,16,87,5,8,111,406,12,54,71,11,24,12,76,37,19,19,74,4,15,25,0,12,151,66,78,15,0,486,321,44,64,21,9,27,0,0,0,137,97,54,59,2,117,3,0,8,67,8
cell_242,1,80,143,7,438,164,14,280,3990,7,34,39,21,68,87,88,28,89,60,11,30,30,30,0,171,8,1,4,32,0,0,56,27,278,6,0,3,27,1,42,3646,0,171,7,3,68,375,161,37,12,0,9,115,21,24,79,26,13,72,76,1,1,10,113,168,61,26,85,3,1,5,67,0,4,0,330,19,1131,0,10,15,53,9,31,319,64,62,4,105,7,19,5,204,10,36,0,24,1,4,176,108,84,7,116,0,23,4,4,5,62,21,34,0,53,0,3,5,2681,25,73,24,0,0,11,44,264,0,8,15,1,4,52,79,11,91,4,4,48,39,13,89,62,0,42,6,105,9,16,342,51,82,4,9,110,20,171,4,0,13,8,116,21,0,66,72,3,13,4,6,5,40,108,111,0,0,28,11,7,1,2,109,8,33,12,18,49,267,30,639,17,9,53,1,87,129,0,28,5,25,82,2,171,13,5,9,111,1,43,78,86,8,2,7,29,71,65,8,57,53,159,2,10,20,6,382,0,579,1,80,2,18,25,0,91,7,9,105,2,0,186,11,9,30,59,2,5,134,126,17,24,6,184,170,9,16,10,107,10,63,47,0,166,0,23,395,19,29,22,21,33,30,28,4,59,0,35,181,604,1762,80,7,7,0,54,0,9,48,12,4,33,1,0,0,1,1,14,1207,24,15,0,3,31,12,37,0,53,575,3,0,69,7,95,4,33,15,9,27,0,2,84,47,33,0,9,336,9,44,12,415,1,16,2,6,3,14,3,0,2,6,115,16,10,13,104,18,5,22,0,238,398,1,18,86,63,12,0,30,47,87,66,211,101,904,38,77,18,68,74,20,11,532,21,21,0,3,7,9,56,53,0,2,2,48,1,11,5,7,2,20,545,84,5,200,11,119,8,16,0,1,56,18,58,28,88,62,146,24,7,63,1996,4,0,6,0,17,1745,4,7,31,24,21,9,48,37,155,3,75,103,18,22,50,84,0,156,0,37,39,692,8,0,64,138,9,0,67,9,29,17,5,6,0,1,20,129,0,30,28,1615,44,69,142,3,24,72,54,19,60,14,12,1,30,35,6,38,133,83,140,4,195,526,279,29,10,42,5,5,2,0,1,180,48,48,37,3,4,16,0,3,57,9
cell_243,2,36,150,0,268,118,21,151,4289,7,153,20,29,22,42,50,4,87,27,25,29,21,6,0,33,20,8,1,15,27,5,60,9,335,11,24,3,12,0,42,9315,1,113,73,0,4,0,15,15,22,15,0,136,67,25,172,11,37,9,74,0,0,72,155,203,12,25,48,18,0,3,16,46,0,13,78,90,88,12,2,0,44,21,15,353,149,18,19,77,12,109,3,220,50,18,114,15,61,5,138,169,260,18,145,4,19,2,18,2,69,35,25,4,35,196,0,9,3500,26,55,5,0,0,42,52,316,0,52,11,9,3,57,69,65,58,3,37,1,57,127,12,175,29,65,0,896,2,27,456,19,815,23,53,135,10,276,20,0,3,146,9,13,3,6,78,18,1,16,9,9,3,29,8,0,0,70,0,0,0,1,125,1,18,52,37,76,675,12,113,7,3,82,1,108,74,0,0,18,2,57,5,8,8,1,33,85,14,16,96,130,196,1,7,2,23,52,6,19,85,137,0,25,17,33,585,1,479,0,145,2,78,109,0,66,32,135,294,2,8,180,10,20,27,370,3,2,262,32,52,40,14,39,46,39,8,105,173,24,91,65,0,97,6,29,166,7,21,24,10,107,35,2,2,18,0,31,1,575,1476,326,16,18,1,15,1,22,20,131,2,35,0,0,15,4,0,13,0,13,15,1,26,0,152,140,0,53,520,17,0,45,5,55,60,69,4,0,33,0,0,2,59,65,0,14,2005,6,21,145,292,30,38,4,40,1,9,13,0,19,18,117,0,9,12,48,22,98,25,0,216,310,0,108,27,62,11,0,80,9,6,71,117,165,1382,47,144,13,84,1,10,17,476,12,178,8,1,11,21,36,29,1,0,0,6,1,21,19,0,15,31,314,100,0,353,6,113,3,35,0,11,29,2,125,9,177,12,185,20,0,44,1123,0,0,2,3,3,562,17,1,22,1,33,1,49,0,241,25,42,32,73,16,9,104,0,131,4,1,7,751,48,39,127,189,21,0,19,17,0,26,7,4,0,3,3,26,0,38,83,420,1,108,69,6,13,49,112,19,26,50,2,2,17,20,5,14,218,256,176,2,173,115,52,72,16,41,9,0,8,0,0,160,96,165,14,0,139,24,3,10,83,28
cell_244,10,58,257,26,50,94,34,111,5176,2,34,6,45,1,10,24,16,74,15,16,0,33,38,12,0,21,6,7,14,10,0,85,8,154,0,0,6,6,0,0,8577,0,28,39,0,6,1,82,40,10,60,2,107,25,9,130,14,6,57,40,1,6,80,42,208,48,19,11,85,1,7,131,6,7,44,440,23,362,0,2,7,69,18,29,774,167,22,18,77,16,133,1,257,39,13,137,10,22,2,124,111,223,1,132,2,27,56,3,9,63,12,35,4,24,0,1,0,3882,105,20,6,10,1,29,80,468,0,13,16,0,12,61,127,57,51,7,41,5,82,22,38,119,0,65,1,478,33,6,447,16,289,3,19,165,5,25,54,0,21,103,40,18,0,8,57,0,0,27,19,19,43,23,3,1,0,20,0,18,0,1,130,3,4,257,19,62,547,70,275,26,8,86,6,89,108,0,23,62,2,62,1,15,0,0,26,87,2,7,76,105,132,0,0,6,41,52,21,4,36,90,0,29,10,18,869,0,443,0,135,0,90,81,21,60,4,116,232,3,5,217,17,5,54,626,1,0,208,85,8,22,14,111,17,2,4,27,189,16,93,128,0,102,2,44,205,5,7,49,7,16,11,5,56,13,0,11,124,581,1513,338,45,8,0,8,0,6,56,101,2,53,0,0,1,4,27,14,0,16,15,2,1,0,86,247,0,40,1503,16,0,66,23,64,12,42,16,0,5,6,0,57,79,12,0,29,1037,6,23,13,266,60,73,2,6,2,18,32,0,6,22,115,8,3,12,8,37,40,0,35,23,179,32,87,14,35,16,2,67,47,5,55,60,255,1517,98,138,0,75,17,27,39,483,39,32,7,6,20,22,34,42,3,13,1,8,12,3,7,5,0,34,86,91,0,153,17,113,5,30,0,5,0,0,157,61,123,35,28,29,11,45,1189,1,43,3,2,1,611,14,50,8,20,22,17,12,22,267,30,62,150,60,7,36,54,0,70,27,0,9,370,0,15,71,252,37,6,28,16,0,41,10,1,61,1,3,24,0,66,51,472,95,48,83,8,19,22,107,3,32,39,19,2,17,21,1,2,32,43,98,2,30,264,35,34,0,64,11,33,6,0,0,71,58,240,21,4,4,35,7,10,95,42
cell_245,0,74,207,58,653,95,47,92,4775,13,79,15,10,71,15,70,10,32,10,28,101,95,19,29,54,8,1,7,7,2,3,38,2,177,14,2,3,33,0,34,9805,0,197,33,0,55,2,92,62,1,72,10,80,55,28,133,0,3,72,34,3,8,38,151,171,37,28,50,81,1,3,43,24,10,214,353,118,343,1,6,13,68,7,21,477,160,132,6,83,5,6,8,285,27,28,174,7,0,4,158,159,257,0,554,10,16,30,87,21,47,35,32,11,63,14,14,0,3497,0,122,17,2,2,21,46,760,0,1,7,0,0,150,103,17,42,2,11,1,81,55,172,124,10,61,0,373,28,15,435,11,1580,2,32,94,5,328,71,14,12,75,94,2,0,23,86,18,1,0,4,4,33,71,39,7,2,48,0,3,6,4,175,7,30,50,9,72,806,22,237,42,14,49,5,117,54,0,0,7,24,64,16,25,1,10,16,65,0,5,77,127,11,0,6,1,42,81,75,0,72,39,1,10,19,7,755,71,305,17,25,0,94,58,34,41,26,132,181,11,7,213,13,0,85,87,0,1,227,436,60,19,6,58,73,15,26,23,143,21,42,102,0,99,5,63,196,5,15,54,12,74,38,19,20,2,0,32,59,997,1394,125,5,2,2,52,0,9,77,51,4,20,0,0,1,3,0,4,0,21,55,2,0,0,48,259,14,50,1490,2,0,61,5,69,34,353,22,2,3,0,5,20,63,65,2,5,1889,6,73,4,313,5,32,1,16,5,16,5,5,7,29,87,3,13,3,70,0,43,4,38,21,325,13,30,37,27,12,0,62,42,14,17,183,244,1188,75,89,3,102,14,3,5,495,52,68,1,2,18,115,24,31,1,7,0,6,4,0,19,7,1,18,187,7,0,267,19,98,2,29,2,5,0,14,108,113,130,28,34,7,1,17,1021,0,107,3,3,1,578,0,42,62,5,58,1,9,12,223,33,80,59,74,29,15,134,0,120,0,1,14,186,9,0,22,197,47,3,34,33,3,9,2,6,757,2,13,25,8,23,17,697,17,0,38,10,32,27,49,5,116,45,32,4,19,35,3,4,18,70,75,0,0,75,59,58,22,82,10,12,19,0,0,148,134,123,42,0,148,4,0,4,32,18
cell_246,5,52,246,1,16,287,23,67,5061,1,15,21,1,43,27,69,16,41,31,0,57,51,20,0,70,30,14,15,2,9,0,47,6,0,16,0,2,1,0,39,9220,25,162,52,0,47,1,129,4,8,7,7,14,6,3,63,0,68,11,153,0,3,89,119,173,25,24,61,9,1,5,14,18,0,2,208,86,350,0,7,5,89,8,0,597,159,7,7,91,3,106,18,258,8,27,8,12,9,0,134,134,287,3,548,1,20,3,4,2,22,32,38,5,39,0,0,0,3409,98,13,26,8,0,37,137,703,0,42,15,1,2,51,119,63,48,20,40,9,74,44,2,122,16,62,0,755,45,14,347,27,0,19,45,127,21,328,19,0,24,24,113,86,0,44,56,20,0,2,18,15,28,109,81,0,2,35,14,100,0,6,83,5,7,31,45,107,642,69,50,40,3,25,0,135,70,1,0,0,8,76,1,28,1,2,43,103,5,21,96,115,190,0,6,19,33,66,107,1,51,234,1,14,4,45,494,52,495,27,141,0,74,19,8,106,1,4,227,2,0,253,13,0,98,112,1,3,254,83,41,2,10,27,52,28,11,12,146,5,69,143,0,76,7,70,211,3,21,23,6,1,45,18,0,27,0,28,2,1129,1482,81,65,16,0,118,0,12,72,131,6,15,0,0,2,22,1,20,0,16,16,5,0,1,62,230,6,37,1263,0,0,19,25,71,38,203,14,0,0,0,3,63,72,65,2,8,172,0,36,13,271,30,30,18,6,2,15,27,0,9,7,105,0,11,7,15,10,0,1,0,582,284,15,109,31,38,12,0,32,49,0,25,173,433,1134,26,152,7,63,9,31,6,470,28,189,12,4,28,77,42,28,3,2,0,7,2,7,0,2,3,37,171,34,0,62,30,127,6,25,0,3,0,5,98,87,158,48,30,69,4,51,1197,0,23,1,1,3,561,9,9,50,7,32,2,17,16,220,27,66,188,72,45,91,45,0,75,4,6,11,634,18,1,60,239,29,12,30,18,4,24,4,0,188,1,7,32,0,47,39,615,9,0,82,17,21,13,112,11,29,19,121,0,11,23,0,16,281,48,159,4,0,234,81,58,0,51,7,0,2,0,0,98,60,204,12,3,5,7,0,14,10,28
cell_247,0,41,133,8,312,44,28,133,5613,5,137,12,0,62,8,50,13,61,9,0,57,39,15,0,25,33,5,4,30,22,9,50,0,231,5,0,0,6,0,31,9252,0,57,58,0,48,0,74,60,7,57,4,111,7,1,76,0,59,86,120,0,1,88,221,258,64,22,91,66,0,0,81,12,0,14,301,92,108,0,22,36,89,18,3,862,162,71,12,65,0,62,3,286,4,24,144,8,121,2,171,166,250,15,214,1,44,6,60,1,57,29,32,2,55,2,0,0,3442,74,141,3,1,0,35,64,665,0,42,22,0,69,72,116,47,48,10,34,10,95,46,4,91,4,65,4,608,10,0,219,25,0,11,2,109,15,363,70,0,9,138,87,20,0,1,49,6,2,17,0,3,20,70,31,18,0,56,0,5,0,2,113,2,4,72,51,84,897,152,255,26,8,110,5,47,63,0,1,14,10,66,14,14,6,0,55,98,11,15,95,115,206,0,9,7,37,73,135,3,63,37,1,27,44,24,290,3,401,0,77,5,94,65,82,91,0,65,218,1,1,148,5,0,65,373,0,1,254,59,15,31,15,110,21,1,33,35,182,20,63,154,0,99,3,36,188,2,8,80,13,57,36,6,42,15,1,22,54,1011,1450,303,17,17,0,75,1,16,57,98,2,6,1,0,5,2,1,10,0,29,23,7,22,55,96,316,0,26,295,0,0,27,4,68,40,391,20,0,12,0,0,4,69,29,4,22,279,4,25,37,282,23,18,1,14,6,20,43,3,14,55,120,4,19,8,26,43,41,6,49,704,89,18,54,19,20,10,3,89,42,20,81,89,631,1283,32,118,12,69,6,8,1,463,33,31,5,22,20,160,32,19,3,1,2,4,5,15,14,1,3,30,365,20,1,368,17,144,0,45,0,7,0,26,123,70,154,23,37,62,0,17,1276,1,111,12,13,8,516,15,22,83,0,4,6,25,2,389,35,70,110,56,9,10,13,1,137,1,2,16,455,0,2,38,227,66,0,31,72,1,8,2,3,0,0,9,27,0,21,60,734,11,36,77,4,20,18,63,3,35,26,211,8,19,23,0,2,26,176,161,0,160,244,57,82,2,72,1,7,5,0,5,110,71,336,5,3,21,19,0,15,70,17
cell_248,0,37,323,3,209,174,69,150,4725,12,104,8,15,51,29,55,1,57,8,35,102,119,22,0,62,12,0,8,7,0,0,64,0,48,0,25,12,3,0,2,9290,115,87,77,0,35,14,118,35,6,52,4,127,68,0,83,4,0,64,4,1,0,80,160,134,21,15,30,14,1,12,1,19,22,0,449,70,387,0,0,7,92,5,7,832,78,123,3,72,7,105,7,244,6,18,0,6,0,0,160,147,282,4,611,0,45,22,29,10,75,18,30,3,8,7,6,10,3479,90,60,1,9,2,18,118,637,1,1,2,0,5,94,112,45,43,26,20,4,62,88,16,92,19,33,6,870,0,32,296,24,23,20,7,153,4,295,50,0,30,120,87,6,0,22,77,66,0,27,1,3,37,158,40,1,0,49,10,7,1,1,34,2,15,335,63,86,902,5,146,4,0,40,11,147,42,2,0,24,29,76,7,9,1,1,36,92,0,5,109,128,27,0,1,12,42,89,25,0,99,1,0,11,39,31,101,0,499,6,119,3,96,102,68,28,0,154,68,3,3,217,18,3,5,393,0,2,221,116,52,27,9,33,14,15,12,17,220,15,70,43,0,89,0,14,200,7,6,57,2,12,67,5,46,0,0,50,202,1152,1493,111,28,6,4,1,2,14,88,50,4,0,0,0,5,0,0,14,0,23,16,3,0,1,104,301,0,41,375,5,0,57,38,65,22,21,21,0,11,0,3,0,56,72,4,17,890,2,32,18,317,117,32,2,16,1,16,17,0,14,34,110,4,31,1,30,24,3,3,0,0,282,6,128,96,21,7,0,88,34,145,56,208,165,1050,82,123,0,70,5,34,21,453,25,197,8,1,26,79,33,24,3,19,0,4,3,16,12,22,9,19,293,45,1,485,13,108,1,31,17,5,4,17,122,68,132,2,79,42,0,18,1202,0,1,1,0,9,565,8,20,66,33,39,13,5,2,255,32,55,19,66,32,24,101,0,177,15,4,7,752,0,0,79,219,84,4,32,71,4,13,7,0,0,1,17,31,0,27,55,997,3,24,77,1,25,12,44,3,44,16,267,1,21,22,0,10,143,128,38,1,129,264,61,60,0,67,35,10,0,1,5,145,81,148,42,2,64,12,0,9,72,18
cell_249,0,58,276,20,600,251,16,155,5019,9,100,22,22,43,29,31,1,60,3,7,49,80,27,0,0,19,4,5,4,0,0,58,0,43,8,28,8,0,0,2,7748,0,109,50,0,59,12,52,9,52,42,4,121,82,5,66,2,3,66,84,0,0,36,311,206,36,14,44,0,2,14,2,16,15,2,93,110,220,0,8,16,77,4,16,0,170,96,3,59,11,85,12,305,6,26,1,7,12,0,138,183,228,0,538,1,33,44,33,7,61,39,23,2,23,0,0,9,3642,58,18,7,2,0,33,157,83,0,27,4,0,0,129,120,47,36,22,12,3,95,51,155,81,34,55,0,639,15,12,496,91,13,27,4,25,0,293,50,1,16,123,119,12,2,172,64,34,7,10,0,1,35,94,7,0,0,61,24,14,3,2,193,1,9,110,74,84,929,82,184,26,1,123,10,151,62,0,11,25,25,74,0,14,9,0,43,84,3,26,84,137,4,1,2,5,37,69,21,10,79,53,0,8,25,34,342,0,395,13,21,1,131,70,93,84,14,113,193,0,1,213,15,14,101,808,3,6,233,124,20,27,16,117,60,36,10,19,58,18,79,151,0,112,1,5,209,12,16,43,9,102,52,9,76,27,0,23,142,960,1497,20,20,12,1,130,0,26,5,149,3,7,1,0,0,0,0,20,1,20,7,20,28,0,23,240,5,55,435,12,1,65,38,69,10,92,18,0,13,0,7,0,76,85,0,36,1390,0,17,39,274,24,41,0,7,14,14,5,0,2,16,114,3,9,3,98,29,3,11,0,628,317,26,60,82,18,5,0,69,131,119,40,163,446,1298,96,54,2,51,2,36,19,455,33,186,0,1,8,73,28,31,4,10,0,16,2,19,14,21,4,34,331,17,0,430,20,139,0,38,0,0,3,4,44,71,198,35,3,70,0,11,1155,1,106,0,2,4,541,4,2,25,0,29,7,3,0,189,45,64,60,64,17,29,65,0,158,12,1,5,708,0,0,91,235,52,0,37,60,7,29,9,3,0,1,15,31,0,14,43,169,4,104,84,6,10,23,8,7,131,11,27,5,9,17,0,20,65,48,134,0,187,280,50,60,0,38,1,0,5,0,0,160,109,167,6,12,3,8,0,17,100,34
cell_250,4,52,140,11,52,29,3,113,5334,6,85,27,54,55,31,64,16,73,20,11,131,11,24,9,21,30,12,0,11,0,3,32,7,93,12,2,7,16,5,16,5916,0,51,31,0,57,38,114,18,21,12,8,24,27,0,34,0,23,31,85,0,0,18,48,182,25,21,3,6,1,8,112,2,8,127,62,106,423,24,7,46,67,8,18,754,65,71,0,35,6,76,18,284,29,12,157,11,7,1,142,166,246,0,310,5,10,10,56,2,19,29,24,0,42,190,0,19,3846,52,22,23,0,1,44,7,172,0,8,4,0,1,57,90,17,44,1,6,2,68,23,90,55,10,63,7,381,23,3,525,31,28,22,17,147,9,345,10,1,31,70,89,65,0,39,57,9,2,18,8,1,44,56,147,15,3,36,1,10,0,2,43,0,5,139,54,88,787,24,202,31,5,68,0,32,112,1,0,6,12,57,8,29,5,3,35,62,2,31,103,129,30,2,11,6,29,75,29,10,68,24,1,24,14,22,128,21,407,0,31,3,73,31,41,29,2,94,98,5,2,267,17,17,88,218,0,2,184,238,23,32,1,28,136,15,1,64,169,19,74,47,0,12,7,72,219,31,17,45,11,37,62,10,84,15,6,18,177,405,1355,319,14,12,0,135,0,6,96,124,1,9,1,0,5,4,12,10,0,23,39,3,18,33,7,283,0,36,490,14,0,44,8,67,3,68,22,0,6,0,5,18,74,33,0,13,1449,4,55,44,286,0,76,7,17,4,13,3,31,4,20,114,1,8,4,22,8,12,12,0,489,204,5,2,56,12,9,0,78,40,4,28,78,258,1100,21,106,9,38,14,28,2,434,41,209,21,6,19,45,9,12,0,1,7,30,12,3,8,6,6,9,165,23,2,22,7,135,2,34,7,22,53,5,40,50,169,8,12,66,0,1,1112,3,64,2,3,7,520,0,5,5,14,31,11,22,9,223,52,79,91,71,38,20,101,0,149,1,0,9,598,1,0,11,130,26,2,34,15,4,89,2,26,2119,6,12,27,7,16,19,784,4,39,102,19,12,45,22,16,142,32,70,7,4,20,7,20,240,191,56,0,41,165,50,25,5,39,1,37,6,55,0,164,65,294,22,8,77,15,0,21,72,11
cell_251,3,54,324,227,65,63,19,135,4684,14,88,19,17,41,34,36,11,66,19,24,54,110,18,0,0,13,0,3,2,3,1,69,9,262,3,4,9,2,0,14,8532,0,130,13,0,7,394,133,41,23,39,3,166,15,37,136,23,0,62,77,2,0,17,143,233,85,21,12,27,0,10,8,3,10,0,540,59,778,0,0,6,91,19,11,1,142,109,0,62,6,82,15,245,0,23,35,6,62,3,133,161,242,18,215,4,12,4,3,4,25,28,22,0,42,0,10,0,3712,67,10,14,0,15,8,122,286,0,0,15,4,14,66,104,11,48,14,29,2,50,13,43,145,0,66,0,983,2,25,340,31,0,26,6,157,8,204,4,0,27,76,64,49,0,22,44,19,13,15,10,1,47,137,6,0,0,48,12,21,2,5,169,2,24,37,50,46,881,102,188,37,2,61,10,157,44,0,0,47,13,79,4,27,10,0,6,86,0,9,93,126,19,14,3,5,37,78,9,10,61,2,2,38,15,1,597,0,553,0,107,0,96,25,112,62,8,5,28,0,1,196,14,31,81,962,0,2,238,63,50,16,13,69,64,6,12,15,219,13,93,100,0,84,5,14,202,24,5,61,2,3,17,4,128,29,0,14,128,939,1491,195,39,1,0,49,1,4,50,91,3,9,0,0,0,0,0,17,5,12,15,2,22,18,34,260,0,43,630,1,0,70,16,86,13,51,12,0,10,0,4,3,62,14,1,18,1345,6,80,29,299,49,84,0,23,0,21,13,3,2,33,105,0,41,2,59,0,2,8,33,687,333,36,26,79,12,11,21,63,10,147,2,102,329,543,75,172,0,61,7,25,57,447,37,57,3,1,6,33,18,41,2,3,4,18,3,2,17,14,0,44,325,33,2,415,17,127,8,32,0,1,0,11,22,69,125,16,8,31,7,2,1121,0,37,7,3,11,543,12,2,78,37,100,1,17,0,232,40,75,102,13,31,28,146,0,133,1,2,16,866,2,0,64,151,15,0,29,82,20,23,4,3,226,2,9,34,1,60,55,290,31,17,102,5,17,31,27,2,139,31,102,11,13,24,1,1,12,156,84,5,160,284,85,70,0,50,2,49,3,0,1,149,62,317,4,1,7,4,0,7,26,13
cell_252,1,22,211,0,168,69,11,97,5858,4,71,9,6,49,11,33,0,32,13,37,16,12,13,0,0,6,2,0,5,1,1,67,53,203,26,3,7,5,1,9,8852,0,166,40,10,16,0,72,82,52,39,0,132,26,11,146,0,1,78,37,0,0,26,308,176,23,18,41,23,0,26,12,9,2,87,0,85,435,0,0,0,74,14,6,448,95,21,7,49,11,76,7,250,37,23,117,20,5,0,141,25,254,0,372,0,21,1,2,7,32,37,34,8,15,0,0,3,3736,16,58,18,4,1,36,172,155,0,16,16,0,7,57,66,15,31,2,27,2,91,96,2,132,9,43,4,579,0,12,390,26,206,22,10,159,4,278,60,20,8,119,94,3,2,0,57,17,1,18,12,8,34,60,15,21,0,47,1,6,0,0,141,4,15,211,33,38,827,68,55,17,2,104,3,173,106,0,1,21,43,58,0,6,17,1,25,77,18,32,47,94,212,2,2,4,33,82,20,27,77,22,0,14,7,10,730,1,413,0,138,2,104,70,36,68,3,162,158,1,2,142,11,0,91,942,14,2,229,27,14,32,17,100,115,42,13,50,200,26,78,137,0,104,0,64,192,4,4,51,9,39,53,27,48,21,1,27,9,1220,1487,148,68,38,1,0,0,19,13,145,1,8,0,0,4,0,0,4,1,14,29,6,28,0,23,191,0,34,535,5,0,64,42,66,4,12,16,0,26,0,1,1,38,37,1,17,1291,4,17,29,310,7,103,0,104,2,17,24,0,0,1,107,0,13,4,28,45,57,17,6,705,293,1,23,26,6,8,0,68,11,24,82,121,283,1320,100,112,11,61,27,5,37,466,14,26,0,14,2,131,17,36,6,0,3,14,4,9,23,0,15,45,385,21,2,171,18,137,2,31,0,22,2,2,80,36,191,27,134,43,1,7,1193,3,27,0,7,2,597,4,21,19,7,85,7,13,29,351,34,41,75,53,4,26,129,3,131,5,9,7,753,67,27,75,221,34,0,27,34,14,26,7,2,0,4,7,32,10,32,36,653,27,61,111,10,14,19,33,17,22,26,31,5,8,26,0,13,195,140,77,0,206,206,47,70,15,61,8,13,9,0,9,154,83,139,15,1,2,35,20,7,43,25
cell_253,5,68,331,1,241,41,32,142,4722,16,56,15,23,68,31,56,15,68,42,68,80,123,13,4,66,6,0,1,12,1,1,11,2,266,2,0,9,13,3,27,9188,0,46,28,8,59,204,111,48,47,116,16,124,39,85,15,6,7,60,45,0,0,3,143,180,65,12,1,29,2,9,1,26,18,32,10,88,168,1,8,4,88,0,8,555,137,106,13,41,5,41,7,274,14,20,220,4,5,4,97,167,235,18,373,3,4,12,1,2,21,31,29,1,28,0,1,19,3806,62,35,16,3,6,20,117,294,0,1,3,0,13,113,121,3,56,0,32,1,50,67,46,147,1,60,1,243,28,27,397,35,0,12,4,158,19,278,47,54,29,66,89,26,0,9,63,3,16,16,0,6,14,94,1,0,0,69,7,14,11,5,159,0,20,151,20,52,863,19,227,11,0,82,4,163,110,0,6,5,21,68,13,36,2,3,24,90,1,10,106,139,171,0,1,11,24,59,37,12,81,20,1,3,24,5,911,0,399,2,109,0,60,19,4,25,26,43,110,3,3,215,13,8,83,382,2,7,236,129,109,30,16,121,44,50,28,33,212,17,59,97,0,58,5,49,210,16,1,0,14,63,67,27,107,3,0,27,155,505,1482,0,14,17,0,12,1,5,36,120,4,8,0,0,0,1,0,6,0,20,14,15,34,0,30,308,0,45,426,0,0,57,23,66,23,57,17,0,15,0,2,6,63,16,0,65,92,6,45,7,277,1,50,0,23,7,11,29,0,4,26,115,2,11,3,63,34,52,9,18,435,320,11,10,64,17,6,0,73,41,16,86,188,224,95,115,135,9,56,21,16,47,472,14,15,1,2,17,20,36,35,3,0,10,19,6,11,15,7,5,42,347,24,8,140,13,124,7,35,0,4,0,20,82,62,200,16,26,35,1,16,1107,6,0,12,0,3,552,2,39,17,26,80,6,50,24,423,29,76,72,66,35,0,77,0,162,0,2,3,741,6,0,50,274,16,11,27,50,3,11,13,6,1545,0,14,33,11,55,23,897,5,77,91,4,24,32,67,31,83,27,82,6,14,19,8,12,236,97,95,3,10,70,66,65,33,32,7,19,1,0,14,149,93,243,23,1,7,8,1,13,78,25
cell_254,5,68,111,0,233,268,51,156,4124,20,114,24,1,45,35,37,1,69,5,21,10,8,16,7,0,31,5,4,17,6,0,74,52,101,0,0,2,6,0,3,4575,0,244,49,0,8,1,111,21,17,20,3,140,16,2,207,7,0,52,65,0,1,85,124,230,20,23,23,9,1,9,57,22,1,53,259,51,432,0,2,3,56,5,25,863,84,91,10,68,7,84,6,247,28,25,92,2,20,4,58,121,224,2,285,1,21,4,46,9,56,26,43,15,41,0,1,0,3289,4,8,22,1,0,46,80,270,0,103,19,1,1,119,88,64,40,27,3,28,75,160,41,206,1,52,2,540,0,12,390,38,459,19,17,159,0,307,38,0,20,63,75,4,7,4,83,77,0,21,5,7,40,34,31,0,0,63,7,30,20,8,105,4,5,123,19,60,849,154,116,8,32,100,0,149,78,0,8,35,6,69,1,6,8,0,55,88,26,24,96,134,137,0,7,6,44,36,28,21,64,107,0,28,22,8,921,0,465,0,72,5,116,27,0,66,0,87,190,3,0,150,9,34,86,320,3,1,265,38,3,19,4,61,41,27,22,78,128,8,57,96,0,21,2,77,234,12,12,39,14,92,17,13,65,1,0,11,6,1415,1605,420,61,30,7,39,0,13,6,116,5,7,0,0,5,0,3,13,298,13,27,0,21,4,63,80,0,44,739,0,0,73,29,78,3,55,15,13,7,0,0,5,71,81,1,14,1543,4,31,23,301,21,28,0,8,6,21,21,0,9,6,116,19,20,5,138,1,12,8,0,2,310,17,74,47,50,4,0,77,27,133,19,185,126,1510,92,52,6,70,25,0,0,445,19,110,3,16,6,13,37,32,0,6,0,26,4,16,21,0,10,40,352,75,1,431,17,138,11,27,1,2,0,3,48,47,202,34,29,32,4,26,1212,1,34,7,18,2,526,5,10,49,11,16,1,21,0,60,38,58,131,73,7,67,129,0,93,4,9,16,693,0,0,96,259,24,0,20,68,15,48,5,0,0,0,5,30,0,58,67,254,13,68,98,4,27,52,32,12,10,53,24,1,8,29,0,5,16,165,112,0,0,319,83,97,4,99,10,21,13,0,1,136,84,241,3,5,135,23,6,16,84,25
cell_255,0,54,295,0,108,50,26,82,4756,37,71,11,16,40,29,63,7,47,19,27,8,23,16,60,1,11,1,5,9,1,0,65,7,148,16,6,10,2,0,9,8353,0,94,55,0,28,0,92,46,6,18,9,149,42,0,177,1,5,59,78,1,2,41,87,183,36,25,61,40,6,11,22,0,1,7,121,93,120,0,2,7,56,3,13,800,119,95,10,75,16,110,1,232,19,18,44,3,49,11,126,173,221,3,159,2,44,34,11,3,45,28,27,2,45,0,0,15,3353,5,39,18,15,2,8,94,290,0,6,2,0,12,40,86,38,49,11,8,5,79,47,24,50,5,49,2,715,2,8,190,35,0,10,34,172,6,219,64,6,21,47,75,18,0,2,61,35,0,18,3,15,29,58,15,5,0,54,5,6,10,15,180,3,3,331,53,85,626,56,118,1,1,117,2,142,92,0,3,43,17,59,1,19,1,4,13,138,0,33,31,135,160,2,3,0,37,75,57,4,49,119,1,13,33,13,380,1,412,0,126,4,105,20,0,31,2,53,103,1,1,219,9,24,112,365,0,2,291,28,30,33,9,81,31,21,11,16,221,15,63,60,0,88,2,35,188,34,2,12,2,60,66,19,18,18,1,31,62,1278,1640,113,2,33,1,9,0,8,34,114,2,28,0,0,8,1,0,13,12,14,8,0,5,0,80,283,0,17,256,2,0,58,11,80,11,24,11,0,12,0,1,21,64,30,9,16,1242,8,27,26,279,17,27,6,30,3,12,8,8,13,49,94,8,21,7,109,0,16,0,28,225,267,2,19,59,16,13,0,86,47,41,0,91,399,1503,75,16,4,67,9,18,30,459,31,173,16,4,18,1,34,23,0,1,0,37,9,4,29,15,2,31,334,20,0,40,15,165,12,38,0,11,2,0,36,23,148,22,113,8,4,18,1166,0,73,0,4,2,588,11,5,47,9,78,9,59,2,212,29,60,98,71,15,36,89,1,169,5,8,11,618,0,0,7,258,41,2,29,46,14,9,15,2,0,5,2,38,0,7,29,523,99,58,88,4,29,35,87,13,38,37,21,2,20,18,0,15,90,112,55,2,0,294,54,84,0,52,14,6,4,0,7,146,61,104,20,1,75,28,0,6,86,10
cell_256,2,80,269,190,248,231,70,144,5349,6,96,4,11,74,33,63,16,54,9,2,221,23,13,1,16,12,13,10,26,5,0,73,5,357,4,15,4,3,2,57,9124,3,84,55,1,49,243,55,6,40,60,4,76,18,10,126,10,11,64,105,0,3,6,91,82,32,19,103,8,0,9,99,89,10,0,733,82,55,0,1,16,42,13,18,89,155,102,10,78,5,130,11,253,55,14,59,23,9,5,119,174,235,11,468,5,13,7,20,23,58,38,37,1,61,79,5,0,3125,24,15,22,0,0,44,50,708,0,27,8,6,1,45,126,55,54,7,22,16,76,109,60,72,14,47,0,1010,14,31,422,26,967,19,32,82,6,76,0,0,44,125,88,40,0,84,74,50,6,13,1,7,14,89,17,0,0,95,0,1,3,8,58,5,12,124,65,68,892,33,38,7,2,52,1,65,51,0,0,20,13,39,0,6,4,0,56,112,5,6,88,110,4,1,9,11,33,59,14,8,92,194,0,33,9,21,212,3,497,36,133,1,110,84,0,24,0,131,228,1,1,196,13,3,94,46,7,3,300,445,34,31,13,81,21,23,17,98,189,11,60,21,0,68,13,9,260,21,13,49,13,52,59,26,9,19,0,30,101,960,1511,393,3,21,1,86,0,1,51,114,4,12,2,3,9,7,0,22,0,12,2,3,32,26,114,221,0,47,13,5,0,0,63,62,35,148,8,16,8,2,0,27,69,39,0,1,777,1,54,16,287,16,14,0,4,0,13,42,20,15,56,76,13,5,12,113,6,5,4,1,1,161,2,85,23,4,5,0,91,38,101,46,178,181,794,119,58,0,63,4,16,0,457,17,190,63,17,26,63,47,36,0,4,2,13,29,7,5,8,2,32,82,37,0,474,11,106,6,24,0,2,0,8,92,69,123,15,7,39,2,36,1267,2,0,5,3,3,560,4,3,63,14,8,6,83,0,411,25,71,90,65,36,50,55,10,53,0,0,18,832,2,0,101,134,29,0,25,27,13,0,4,4,1244,1,9,24,8,17,21,239,0,19,77,0,22,23,19,15,50,26,112,4,17,8,0,3,6,112,208,2,83,177,50,37,12,27,16,1,4,0,2,114,48,180,32,0,3,9,0,2,53,21
cell_257,1,84,193,0,19,201,50,192,3795,0,39,29,17,101,43,72,25,42,78,13,18,100,24,6,121,33,28,6,20,9,1,57,2,322,2,0,36,10,0,20,3255,0,126,91,0,37,0,223,29,3,58,8,118,73,76,179,0,2,67,66,0,2,19,27,196,17,32,355,20,1,4,19,37,9,10,719,28,347,0,13,103,49,4,14,69,93,87,8,127,7,52,1,250,27,49,239,9,0,4,228,90,83,2,130,1,6,0,86,3,88,15,39,8,18,0,0,1,3543,2,84,30,0,18,23,70,185,0,12,8,0,18,54,71,60,109,6,10,0,62,28,125,10,39,92,1,86,15,9,447,16,0,33,6,134,5,156,43,16,7,136,81,13,0,31,103,0,3,5,6,12,24,20,3,0,0,37,55,0,11,3,94,2,5,5,27,62,201,53,300,19,3,32,7,97,196,0,1,24,161,89,15,127,0,3,80,92,4,25,77,66,5,3,4,3,55,85,27,6,47,116,4,32,30,24,593,1,504,0,80,0,37,134,118,66,26,19,230,5,8,128,25,3,25,213,0,1,99,51,32,47,19,68,88,28,11,28,107,17,60,50,0,62,3,17,352,97,13,20,10,76,26,19,20,62,0,125,22,102,1539,83,37,1,0,20,0,23,102,53,4,33,1,0,2,0,0,15,72,22,4,12,9,0,28,154,0,58,408,7,0,74,18,150,1,76,29,0,11,0,1,13,66,70,0,35,36,0,43,15,446,23,16,0,15,0,20,3,0,3,2,170,1,9,2,129,1,30,7,5,112,364,3,192,98,15,13,0,28,33,22,0,260,409,241,89,91,9,42,19,6,15,624,21,24,17,2,12,4,34,55,2,2,0,28,13,26,17,7,8,36,98,57,0,469,28,76,6,26,0,4,0,2,103,139,110,10,97,25,27,77,2146,0,129,3,10,6,1979,11,14,19,0,24,29,5,12,107,17,54,24,7,2,9,82,0,113,3,9,68,506,0,0,31,128,37,7,98,47,11,20,1,1,127,0,5,106,14,31,81,469,3,29,179,12,16,19,58,2,56,11,14,31,19,23,16,8,24,64,78,0,185,268,289,37,17,28,1,5,13,1,0,99,102,6,16,1,38,16,1,15,71,25
cell_258,0,13,82,52,3,62,9,167,2959,1,21,44,68,76,53,19,3,91,39,18,12,3,21,8,51,7,0,2,35,1,1,87,41,141,6,4,15,11,0,4,1226,6,76,123,0,65,0,144,40,2,57,4,128,3,27,49,0,50,45,43,0,5,27,105,120,0,42,1,5,6,13,18,30,22,0,0,38,150,0,11,6,125,2,16,355,62,28,2,90,39,26,0,145,8,44,106,16,27,7,353,81,31,2,74,11,1,0,0,7,42,13,47,19,107,138,0,2,5390,8,28,64,14,10,24,116,53,0,11,12,4,21,25,41,34,9,39,19,20,60,46,45,85,0,75,0,50,26,12,340,2,73,46,30,233,41,122,41,0,4,65,57,23,0,94,165,5,22,14,23,26,14,40,10,7,3,55,45,17,9,0,109,0,27,113,24,53,52,19,253,26,10,28,1,53,171,0,20,16,2,107,6,37,0,0,16,30,3,24,91,83,77,0,10,32,45,34,13,57,66,24,134,19,38,10,57,16,255,0,50,0,112,88,74,36,10,5,276,3,3,178,17,4,2,77,8,0,101,22,20,27,33,80,151,27,6,113,35,19,24,65,0,120,0,72,413,28,25,29,5,3,23,7,27,43,1,41,36,170,1908,121,35,20,6,13,0,23,26,68,1,19,0,0,0,0,17,16,0,40,28,0,7,35,23,180,0,95,108,8,3,74,76,144,11,39,23,0,37,0,2,12,22,61,0,36,234,6,10,2,524,0,61,22,26,10,27,6,20,2,0,129,18,13,8,3,0,16,12,0,497,219,16,14,48,22,25,5,12,63,12,41,122,298,938,37,79,10,103,34,23,26,1035,12,64,2,3,3,27,5,42,17,0,1,9,0,24,22,1,22,30,88,33,0,105,8,92,20,17,4,2,0,6,30,58,90,27,68,79,6,5,1983,1,3,1,7,2,1292,0,91,1,0,30,1,12,38,76,22,52,38,18,25,18,110,0,147,0,7,29,453,4,2,32,105,13,1,72,48,6,82,2,0,22,3,8,91,0,56,29,416,27,53,57,21,15,30,133,29,5,31,22,25,6,45,0,17,24,11,52,1,169,351,169,45,0,34,2,1,21,0,7,215,87,40,24,4,20,5,2,22,27,17
cell_259,3,27,82,23,0,62,55,127,2979,2,12,24,79,57,38,36,8,36,45,34,45,141,35,1,8,26,0,12,29,2,1,61,40,250,4,5,9,8,0,2,1318,0,62,170,0,130,0,124,22,69,59,4,123,44,18,0,1,1,63,12,0,1,15,127,58,26,48,96,38,1,15,6,47,0,1,325,20,161,0,10,93,159,20,64,35,30,78,11,99,12,17,3,188,29,82,135,10,0,22,344,52,88,0,148,8,17,23,50,7,41,33,64,4,125,0,0,0,5004,0,47,24,5,2,62,61,120,0,21,18,2,0,51,74,86,67,29,26,0,71,88,6,161,21,95,0,94,7,5,325,34,0,58,44,208,12,133,0,0,10,75,139,3,2,0,208,8,1,28,0,19,7,65,16,1,8,0,8,5,0,3,56,0,3,19,59,65,46,78,255,30,2,41,0,33,162,0,23,11,52,105,6,108,2,1,20,63,0,28,25,94,3,0,12,20,43,26,101,8,61,8,1,32,84,108,493,0,233,0,92,4,144,18,2,91,15,24,111,1,17,98,10,0,25,113,1,0,116,176,10,46,29,133,30,6,0,27,25,7,42,100,0,123,6,14,464,74,1,8,14,39,53,27,3,65,0,54,48,290,1769,47,3,2,0,12,0,26,56,95,0,3,1,3,23,0,0,15,123,21,15,6,18,0,96,190,0,72,156,19,0,80,51,119,27,25,44,1,6,0,19,0,96,72,0,4,162,1,29,14,520,17,52,0,8,7,24,15,2,1,76,113,0,13,11,74,19,8,24,0,0,209,4,0,43,34,18,3,26,77,70,43,159,38,724,93,100,1,48,41,22,5,1139,9,34,2,18,11,62,47,2,2,0,0,19,3,13,25,11,2,56,225,28,5,609,27,81,15,22,0,4,0,13,84,72,50,2,57,40,3,27,2004,0,6,0,17,19,1331,8,0,14,14,36,18,66,49,259,34,72,60,25,10,7,82,5,143,0,2,70,466,0,0,33,147,52,28,129,64,8,29,37,1,0,11,25,64,4,9,53,132,0,0,170,8,21,12,3,0,6,18,46,45,19,46,4,9,150,31,130,1,16,282,178,73,1,15,3,3,9,0,24,207,86,44,10,0,0,9,0,7,16,16
cell_260,13,84,261,8,59,8,25,116,4940,10,61,20,7,112,63,116,12,44,18,21,5,32,35,1,0,2,0,0,3,2,1,86,15,69,8,3,0,20,0,1,2202,0,109,95,0,20,0,152,11,41,66,3,222,25,13,149,5,10,46,61,0,0,6,60,91,63,33,474,10,1,12,22,3,0,9,9,7,391,0,15,42,31,15,48,100,35,50,11,110,7,53,7,193,9,57,185,12,2,13,174,86,26,0,62,1,17,33,0,11,44,6,46,9,24,0,1,24,5268,10,45,23,5,8,49,46,180,0,6,10,7,34,5,39,74,85,8,47,37,43,13,103,57,17,84,3,92,2,12,594,12,0,24,4,266,5,178,36,5,2,76,106,12,0,9,136,3,2,29,0,8,38,48,3,6,0,89,2,4,1,5,110,0,8,45,4,54,141,58,1328,18,34,19,0,109,209,0,45,3,7,57,0,71,20,6,42,125,14,22,108,55,56,0,10,9,54,264,39,2,59,34,0,15,122,63,496,1,785,0,72,3,98,54,0,81,7,10,42,8,4,172,18,1,1,198,17,1,95,48,30,34,44,127,345,17,0,60,152,9,152,68,0,63,9,14,395,13,4,51,24,38,66,20,8,42,2,81,0,159,2110,56,51,27,10,17,1,28,20,205,0,20,2,0,3,0,1,10,0,18,11,6,17,28,41,85,0,69,129,3,0,74,3,91,7,541,13,0,85,0,0,20,37,31,3,17,60,1,34,26,383,3,13,6,36,7,26,3,2,8,0,129,0,4,4,187,17,11,19,10,256,173,1,120,165,115,16,1,19,15,5,45,38,192,527,121,41,4,41,38,17,10,477,21,59,38,2,5,29,24,12,3,0,1,44,3,18,23,8,13,31,343,54,1,278,31,111,11,24,0,29,0,12,12,45,80,11,558,10,10,45,2942,0,73,0,5,3,2456,13,1,6,18,49,28,48,0,499,26,63,67,37,8,5,128,2,73,0,3,114,826,0,0,24,134,42,0,113,88,5,80,16,2,4,5,8,229,0,14,64,571,1,208,232,47,12,43,57,7,66,36,76,9,10,32,19,7,71,14,48,0,163,707,325,43,100,21,11,16,3,9,0,127,96,17,5,4,161,20,0,16,59,4
cell_261,4,20,240,12,23,88,32,185,2274,1,44,23,89,17,9,32,8,63,5,25,16,175,35,0,0,26,32,3,12,3,0,17,13,102,0,3,39,0,0,0,830,47,110,115,0,124,37,85,41,35,61,4,110,64,25,184,10,3,40,1,0,6,32,68,233,33,35,102,32,20,1,75,9,2,63,138,18,107,0,7,0,49,12,13,78,59,98,10,109,30,90,2,101,21,13,1,3,2,0,282,134,143,0,136,3,27,0,15,8,29,32,33,21,152,0,0,13,4217,9,59,21,1,10,38,116,78,0,54,4,1,25,105,87,72,60,41,32,0,48,22,33,95,24,87,5,71,16,17,206,44,1,18,40,158,6,131,6,0,1,115,129,3,1,17,184,5,1,8,0,8,18,12,0,0,0,27,6,0,0,7,123,3,4,18,46,20,426,42,153,37,4,15,3,25,159,0,27,12,97,74,3,10,3,2,70,49,9,51,72,103,19,1,0,16,25,52,31,7,44,54,8,14,29,141,363,9,178,0,33,6,81,61,50,63,33,7,201,1,0,91,10,11,21,192,2,5,69,57,4,39,10,185,78,43,23,42,143,15,32,59,0,103,3,13,386,68,29,1,5,80,21,50,7,4,3,17,52,198,1655,5,15,20,3,3,1,9,15,92,2,81,0,5,10,3,5,14,0,52,28,20,20,29,36,143,0,46,110,8,0,46,15,105,3,75,25,1,13,0,1,18,53,111,24,46,134,11,65,1,741,116,13,2,11,7,24,4,0,4,17,104,0,1,5,62,14,22,17,0,15,85,21,26,3,2,22,11,52,64,72,29,129,381,274,89,68,10,59,24,34,1,1169,2,90,0,8,27,21,24,70,11,2,0,8,8,34,11,4,32,47,156,8,1,119,20,81,11,28,6,3,21,3,107,43,94,5,33,18,0,40,1525,4,54,0,9,4,1746,10,27,9,7,2,7,41,14,430,24,87,20,20,8,14,162,0,145,21,20,19,63,0,1,83,165,35,6,42,61,10,26,11,3,69,2,29,52,3,29,57,429,22,9,143,6,12,4,37,7,10,18,2,3,14,41,5,5,75,95,14,10,188,163,121,40,38,63,0,42,7,0,0,349,90,21,15,2,1,12,5,9,126,29
cell_262,4,33,189,93,166,34,95,197,2539,2,52,25,12,26,62,9,4,54,0,11,5,71,16,13,0,20,2,5,10,2,0,66,3,68,9,10,2,17,0,1,965,0,131,135,1,121,116,115,14,1,76,11,162,28,0,59,9,14,87,39,0,0,55,83,225,29,41,52,75,15,36,51,87,0,111,267,25,174,0,2,30,85,16,13,64,61,54,13,105,41,11,1,103,41,22,24,1,0,6,286,140,121,0,80,1,15,66,21,1,69,18,34,0,92,0,0,3,3178,100,41,10,36,1,48,105,208,0,23,19,1,7,87,113,80,79,51,18,2,66,8,0,80,46,98,0,128,19,7,205,15,0,14,25,176,4,104,32,0,51,72,110,3,1,3,199,18,8,10,4,10,45,93,23,0,0,89,2,1,0,3,76,0,19,92,17,38,521,42,151,28,0,17,2,94,100,0,10,4,23,55,0,31,7,7,74,84,5,44,66,107,79,1,4,52,62,48,16,0,64,55,2,11,70,73,378,48,184,5,156,0,89,62,22,107,1,7,85,0,2,124,11,1,31,27,0,6,89,104,8,21,14,200,64,22,12,9,141,11,36,59,0,131,0,6,453,15,1,28,14,0,32,37,7,67,0,18,24,376,1629,79,8,4,14,31,0,11,87,11,1,27,0,0,3,0,0,4,0,37,13,6,48,33,14,194,0,17,34,22,0,78,10,120,6,45,20,1,6,0,1,1,62,106,0,40,155,19,18,3,783,4,11,2,12,5,21,6,13,6,26,93,1,33,10,8,0,8,15,3,1,126,25,294,40,26,22,0,43,20,2,0,119,163,404,24,40,3,75,2,37,0,948,59,29,45,1,17,17,68,49,11,3,0,8,2,10,7,10,44,35,224,26,0,344,3,69,2,39,0,28,0,14,35,48,95,10,217,1,4,6,1991,0,4,2,7,3,1754,7,0,6,0,10,18,35,0,7,27,90,22,32,31,10,100,19,109,17,4,25,317,5,1,15,168,28,82,80,13,3,41,36,2,103,3,28,54,6,45,97,534,6,29,32,36,25,12,82,15,11,25,2,6,20,48,8,8,49,3,67,1,45,371,130,48,19,21,6,60,30,0,0,369,120,35,21,3,2,2,5,14,65,25
cell_263,14,41,75,71,7,62,5,86,2803,44,18,25,24,4,51,25,10,57,26,21,0,20,39,1,43,41,1,48,16,48,5,39,13,62,3,20,22,5,0,12,83,7,20,44,1,9,1,24,43,26,15,3,28,37,7,84,33,21,97,62,1,3,35,10,104,12,71,5,10,8,22,12,17,3,31,21,95,17,10,0,0,63,17,0,37,69,19,24,65,91,65,36,89,27,63,4,4,11,12,1803,94,108,0,14,4,42,7,1,14,75,58,74,12,59,0,0,10,1345,22,24,73,17,0,74,17,14,0,14,58,1,25,8,72,57,70,20,18,8,82,5,35,12,13,81,2,41,55,19,82,18,2,71,6,43,4,57,96,39,12,17,73,49,2,15,83,8,12,69,64,7,17,56,0,0,2,64,0,15,8,8,97,8,23,24,3,33,44,1,27,9,3,82,2,43,59,0,7,21,63,82,26,20,3,1,60,65,2,50,50,63,29,2,60,36,28,85,14,7,95,47,18,31,20,8,68,13,79,0,31,1,54,57,8,113,33,18,106,14,10,106,54,16,59,20,12,3,57,9,12,46,41,37,46,55,37,25,71,113,44,65,0,30,11,5,78,5,37,20,48,91,45,24,24,57,0,52,3,132,1510,51,26,31,12,2,0,43,37,37,12,14,0,0,2,0,0,14,0,56,10,10,41,32,9,83,2,53,39,2,1,75,13,86,30,8,96,6,50,0,10,7,36,9,0,10,3,19,9,4,901,5,26,5,5,16,77,10,1,38,2,78,4,68,71,11,19,2,42,13,6,113,8,32,50,0,53,1,67,7,7,83,89,36,60,56,37,13,86,12,22,1,1988,54,68,10,4,2,9,48,39,20,4,0,17,9,70,24,9,5,51,19,23,2,54,43,65,7,72,0,1,0,25,38,43,75,40,24,10,54,65,2415,2,36,4,6,15,2403,9,0,13,12,31,4,37,0,101,16,23,17,28,61,30,116,0,32,8,12,8,57,7,0,55,48,18,2,106,20,9,36,6,2,108,19,33,65,2,52,60,60,3,14,71,5,53,76,34,10,3,42,9,5,108,72,46,18,13,33,36,0,22,52,70,45,7,53,23,4,24,0,10,56,149,15,13,8,4,4,13,27,23,50
cell_264,3,21,391,55,1,26,10,158,2648,0,43,29,21,6,51,30,15,65,7,30,90,178,32,0,107,13,8,2,5,0,2,68,16,106,0,19,13,4,1,32,1080,0,219,23,0,120,16,58,56,19,85,5,126,35,5,180,4,17,33,98,0,0,24,29,219,16,33,45,30,0,24,22,11,6,4,153,46,42,16,6,43,69,7,15,245,18,94,2,115,53,6,17,102,48,25,67,6,0,2,285,157,157,0,109,5,16,15,24,7,16,30,38,1,148,0,0,1,3708,1,44,7,1,1,14,115,106,0,8,25,2,3,48,83,17,71,7,6,0,51,14,131,36,20,91,2,75,11,13,229,11,3,27,11,167,4,172,9,0,19,102,143,0,1,15,188,6,6,12,4,6,39,29,21,0,10,99,8,10,0,3,113,0,0,67,20,29,521,27,121,62,2,28,2,63,69,0,33,6,77,66,13,89,7,3,10,52,4,57,66,107,2,0,7,9,40,68,15,13,14,28,4,42,9,21,294,71,215,1,64,3,90,55,14,87,16,21,196,2,3,142,13,10,37,162,1,3,65,192,3,32,7,67,97,16,2,17,129,7,41,46,0,133,10,0,351,54,29,21,12,46,51,21,10,63,0,25,28,183,1639,81,2,1,2,17,0,0,49,63,3,27,1,0,0,3,7,13,0,54,6,24,19,21,17,125,5,33,279,13,0,72,7,79,2,2,28,0,24,0,30,12,59,62,0,5,105,5,21,10,840,3,20,2,43,1,19,5,1,0,44,97,17,35,5,16,21,27,13,18,344,130,7,216,56,1,15,0,40,73,12,24,99,271,551,76,110,0,54,5,21,11,1111,16,33,3,3,1,17,51,66,3,10,0,20,2,6,26,39,11,10,24,10,12,255,33,61,3,29,2,9,0,4,98,52,63,0,150,33,0,20,1665,7,0,1,6,5,1695,0,1,8,8,56,2,50,63,274,31,51,24,35,15,27,78,0,159,0,6,12,268,7,0,120,159,18,3,87,29,10,44,0,1,271,6,30,46,2,25,52,485,10,12,168,3,23,92,14,8,35,14,0,5,16,43,7,9,23,7,42,1,238,108,111,78,7,58,10,65,5,0,15,361,89,41,44,1,102,12,6,11,55,25
cell_265,0,23,75,0,28,69,0,15,2474,3,54,25,0,7,37,22,22,21,1,0,57,18,13,7,104,11,24,3,10,39,3,45,22,7,14,0,20,10,0,35,421,0,35,112,5,75,2,42,50,0,4,1,78,46,0,106,0,13,73,115,0,1,48,115,266,29,59,10,73,5,26,94,49,0,25,110,53,142,1,2,23,67,10,13,126,63,30,12,97,5,49,39,108,6,22,1,0,3,24,341,91,130,1,82,2,72,13,11,11,86,21,50,9,16,70,0,0,1208,50,147,27,41,0,54,37,143,0,28,30,0,59,26,60,73,90,46,41,23,67,37,1,23,3,77,0,123,13,1,97,4,0,52,2,192,4,190,78,0,55,106,61,37,3,28,91,3,7,12,10,14,20,54,44,22,32,39,110,0,19,1,71,0,9,40,23,53,135,36,36,69,25,18,2,39,12,0,50,40,0,55,10,9,4,5,50,46,34,84,44,88,21,0,23,14,71,36,72,0,69,46,2,10,47,25,87,64,156,0,52,3,27,87,18,75,26,12,91,0,0,90,13,2,27,15,0,0,70,40,9,64,12,162,68,50,19,24,139,15,44,50,0,119,6,56,137,18,8,34,30,13,30,44,9,10,1,18,53,276,1655,31,68,6,32,7,1,33,63,49,3,54,0,0,9,0,12,18,391,45,2,1,33,22,45,123,0,52,182,0,0,63,0,75,0,143,15,0,28,0,0,38,98,37,2,5,86,2,56,4,667,10,20,8,65,9,34,7,37,35,2,101,1,5,19,4,31,17,0,70,143,108,19,28,6,7,19,11,62,46,52,34,46,199,382,44,47,0,74,15,6,0,2510,61,117,17,6,39,58,53,61,13,3,27,12,11,52,21,0,15,50,74,9,7,2,32,55,1,51,0,33,8,6,29,62,65,37,171,55,2,80,2100,0,20,1,11,14,2966,10,0,6,38,35,0,3,18,390,0,62,8,42,53,67,51,6,83,3,3,18,8,11,0,62,76,16,2,48,21,4,125,31,2,13,7,2,39,14,17,78,293,20,16,77,10,24,98,43,3,4,36,30,1,14,29,5,22,16,89,11,2,16,256,105,18,7,58,3,7,1,0,0,37,74,16,53,9,13,40,0,23,115,38
cell_266,12,73,247,70,2,152,81,47,4260,3,52,14,4,75,31,92,9,45,14,6,61,91,31,0,90,17,13,0,15,12,2,55,14,205,3,0,3,11,0,10,3389,0,24,83,0,31,1,226,16,21,17,4,121,56,26,168,0,4,80,37,0,1,15,28,172,32,23,109,65,2,5,5,18,5,1,450,22,180,0,13,6,39,20,25,151,95,38,5,109,11,44,10,242,8,67,182,5,0,1,224,86,76,0,90,4,27,21,54,3,113,14,39,8,28,0,0,0,3540,1,42,28,0,3,34,132,122,0,9,12,4,15,62,49,93,87,18,44,14,58,23,74,58,40,87,0,76,41,18,457,11,0,24,8,271,5,152,58,8,3,51,99,1,2,0,114,3,2,27,13,25,24,112,10,3,2,88,27,14,0,17,45,2,26,45,27,37,142,32,204,29,38,26,17,92,157,0,48,26,113,90,0,31,12,1,74,92,11,14,37,73,22,2,4,10,49,119,13,32,81,125,2,11,109,52,250,0,490,3,77,2,103,161,1,90,7,55,149,4,0,170,3,10,22,50,2,0,97,43,48,9,29,73,111,17,47,25,119,8,98,63,0,67,5,49,359,6,13,23,18,32,51,10,11,63,0,4,250,157,1647,13,11,72,2,0,3,9,37,111,0,1,0,0,68,1,0,20,0,20,13,3,1,19,111,88,0,62,205,20,0,60,10,75,14,342,33,0,43,4,1,6,41,79,0,7,142,0,16,21,372,21,18,21,16,3,27,3,1,15,3,154,0,4,0,203,30,1,5,21,24,280,10,30,55,14,13,0,28,67,36,32,182,178,674,94,38,2,49,23,4,5,572,13,75,5,24,26,47,31,21,1,0,0,76,7,22,12,58,75,18,365,31,1,674,15,87,8,21,0,5,0,4,27,72,33,26,70,33,1,30,2051,0,19,1,13,10,2159,11,2,4,0,5,20,13,5,373,36,65,64,66,10,9,136,2,111,5,11,69,465,0,5,13,151,54,0,116,75,7,13,46,0,5,3,6,135,0,12,70,415,0,19,204,38,6,3,59,11,25,20,19,9,16,24,0,20,11,60,61,0,44,264,235,41,33,43,0,0,3,0,3,112,111,25,8,4,105,5,0,3,97,5
cell_267,2,23,271,3,0,34,34,76,4851,6,7,95,37,21,26,34,2,69,26,15,21,253,100,0,48,3,1,1,5,20,4,29,0,77,48,0,4,1,0,1,1847,1,27,80,0,128,127,201,8,109,10,8,196,49,12,20,0,11,39,4,0,1,24,268,71,91,32,36,11,5,11,6,38,0,26,1,80,104,0,1,118,48,16,12,1,83,79,12,83,18,154,7,170,4,23,0,7,8,0,396,176,134,0,283,1,47,104,68,4,103,14,19,0,26,0,0,14,9643,5,61,12,0,5,42,132,73,0,46,12,0,36,55,121,82,29,26,22,1,48,31,43,93,10,46,9,63,12,15,395,29,0,18,18,10,8,161,66,12,23,58,141,17,0,83,194,0,6,2,0,6,29,109,163,1,0,67,0,9,0,8,75,1,38,165,44,44,704,51,487,17,0,30,3,90,101,0,2,1,12,100,3,82,1,2,15,61,0,23,30,120,134,0,0,24,30,58,117,0,90,111,0,9,41,62,188,0,247,0,32,4,63,21,14,5,2,20,110,1,3,331,10,0,45,83,9,11,120,17,65,26,27,149,60,18,19,15,35,19,55,65,0,454,6,20,610,9,14,37,5,9,42,6,6,90,0,30,52,288,1518,0,44,115,6,27,4,14,18,73,6,0,3,0,3,0,0,22,175,21,57,32,17,0,79,71,0,30,28,0,0,49,88,72,181,276,12,0,34,0,8,3,76,63,5,24,6,3,7,13,469,15,12,3,14,1,20,19,3,6,6,59,0,6,41,75,0,3,3,0,3,154,31,30,58,35,16,0,32,101,148,141,148,268,380,14,197,6,58,58,73,5,958,22,9,2,6,17,100,32,29,12,3,1,10,5,17,18,14,10,35,252,35,0,378,45,131,9,27,0,11,1,1,61,136,93,9,25,28,0,43,1963,2,7,1,20,4,1974,12,5,42,0,57,433,9,0,83,51,57,124,21,77,34,113,0,59,0,2,26,419,0,0,93,189,76,2,48,45,2,0,10,4,0,1,47,142,0,10,41,371,9,4,127,20,21,4,66,24,39,0,10,3,25,32,2,15,174,87,127,3,0,285,207,72,17,113,16,16,4,0,2,71,151,16,17,2,26,1,5,8,47,29
cell_268,0,16,156,20,44,68,32,136,7999,17,13,16,162,134,11,51,6,72,11,0,64,6,54,0,1,23,48,3,19,134,0,96,59,178,16,0,7,10,0,107,831,5,325,71,0,40,1,105,54,19,2,4,125,9,5,48,11,10,33,64,0,2,53,66,53,68,53,143,81,28,6,27,81,0,0,54,34,44,0,0,0,186,14,21,447,141,63,41,82,40,121,2,123,2,13,154,32,0,5,456,205,103,3,181,2,82,0,38,8,42,18,20,0,138,57,1,11,25551,3,5,7,0,0,32,232,238,0,22,21,0,14,19,203,40,38,39,12,15,76,30,41,52,3,29,0,100,5,5,151,69,0,4,33,21,0,128,129,0,16,105,189,49,3,73,158,3,7,4,9,4,36,56,51,2,2,58,5,1,11,7,30,3,10,126,46,49,1625,7,128,12,165,42,4,88,118,0,17,6,0,97,4,9,0,4,35,73,2,25,28,199,226,0,3,29,25,34,76,30,116,118,1,22,32,26,158,0,119,3,53,0,41,4,0,120,15,5,25,1,15,255,14,1,48,19,0,5,186,25,6,47,18,33,264,30,7,61,128,27,51,70,0,107,12,118,331,0,15,26,6,63,36,6,0,3,0,12,14,309,1415,8,0,50,1,11,3,8,41,39,3,7,0,0,9,0,36,36,1,22,39,3,18,48,46,110,0,30,45,3,0,33,72,52,30,35,5,13,6,0,0,11,100,29,0,5,130,11,31,17,392,31,0,0,4,2,14,6,0,23,4,42,17,2,33,46,56,17,22,4,119,149,0,17,3,48,27,1,52,15,165,180,79,309,295,53,39,0,62,4,70,0,1441,32,11,9,34,26,35,35,17,47,1,0,28,2,16,30,0,5,16,126,153,1,642,32,141,2,44,0,2,0,5,65,40,107,32,148,14,0,88,2580,1,61,0,9,7,1494,7,13,77,2,9,101,10,0,29,72,61,45,12,19,24,74,0,35,0,1,36,442,2,25,57,252,26,0,70,41,4,2,5,16,1,3,2,83,1,179,40,485,14,0,228,6,26,53,47,27,27,15,46,2,18,48,2,1,65,223,112,1,2,356,140,23,17,103,41,20,29,0,0,59,209,11,12,7,38,13,0,17,41,3
cell_269,0,12,415,166,394,29,90,204,2437,2,8,7,25,26,36,59,10,36,19,1,11,212,12,50,90,23,3,0,3,10,6,69,1,305,2,0,16,17,0,7,905,0,157,116,19,154,0,114,35,15,44,3,149,9,22,88,0,0,67,19,0,3,0,64,218,110,49,20,102,11,4,20,44,1,115,609,9,129,0,9,73,89,1,85,70,81,94,22,94,74,14,12,105,78,29,53,3,1,20,285,165,148,0,68,7,37,14,3,3,60,34,35,10,94,70,3,7,3514,4,85,11,43,3,41,26,224,0,29,22,0,1,47,82,30,54,32,17,1,68,17,71,127,17,89,9,55,13,40,214,2,32,28,48,147,3,151,25,9,7,73,143,1,0,0,191,1,25,18,1,72,46,72,10,17,2,86,7,5,0,1,90,1,21,28,2,7,481,21,89,36,10,3,0,41,104,0,0,9,67,59,3,8,3,13,70,67,57,57,81,99,3,1,7,4,44,69,2,2,12,263,2,30,72,31,102,114,189,1,123,9,46,191,0,86,10,28,132,10,3,96,4,3,32,2,2,0,27,26,41,30,21,80,52,15,7,3,155,16,39,75,0,128,24,9,400,4,1,60,5,29,45,54,10,1,0,17,2,28,1742,2,3,14,11,0,7,27,59,21,0,28,0,0,70,1,1,3,0,50,39,18,7,0,38,166,0,36,216,17,0,61,1,43,26,31,9,0,68,0,2,16,48,17,0,13,163,12,43,10,768,0,35,0,28,1,25,8,15,16,1,95,0,7,3,22,30,85,18,49,0,134,13,29,7,0,21,0,57,55,1,38,36,563,324,91,45,1,63,26,5,0,1133,64,90,0,22,16,6,59,63,4,0,0,14,4,9,24,0,50,16,235,6,5,240,10,66,9,44,2,63,0,19,101,4,47,1,433,69,1,31,1864,0,9,5,12,1,1787,5,34,1,18,2,14,19,40,47,5,56,38,6,6,6,150,11,104,0,0,35,242,33,6,46,176,40,1,64,7,20,9,11,6,8,3,21,42,10,39,67,482,0,18,153,17,25,71,98,18,6,12,44,0,22,43,0,0,145,86,50,2,79,171,126,44,34,40,6,2,7,1,2,301,80,5,15,1,39,22,3,4,123,13
cell_270,0,30,363,24,80,20,23,204,2612,8,55,6,20,2,75,28,3,63,7,22,41,60,31,26,99,20,1,8,6,2,2,72,24,200,1,2,9,2,0,43,958,0,127,15,0,107,20,7,22,43,18,9,143,43,20,63,6,2,53,26,1,0,11,17,229,26,51,46,9,2,9,46,8,1,65,249,13,148,0,2,18,56,9,18,292,58,12,13,112,22,70,4,104,72,22,19,1,2,0,278,139,149,0,77,4,34,27,31,11,26,36,27,6,82,0,1,1,3098,29,16,11,7,2,41,59,59,0,22,14,0,7,54,95,18,73,25,11,8,59,5,133,126,31,115,4,148,10,22,250,7,316,29,39,163,8,123,34,1,39,83,154,5,0,50,114,42,16,27,0,10,42,131,7,0,1,65,4,0,2,0,53,10,6,55,35,3,415,29,240,24,2,15,0,21,85,0,39,8,35,72,17,67,0,3,20,84,0,14,87,60,8,0,9,5,53,50,0,13,88,101,11,13,35,185,345,19,192,1,128,0,92,93,54,76,11,18,219,2,1,143,15,10,32,149,7,4,99,150,14,40,26,68,84,32,5,27,125,17,25,38,0,145,1,4,448,49,26,32,16,76,47,24,6,10,1,23,13,253,1689,61,14,38,1,100,0,12,59,51,1,72,0,0,2,5,0,2,0,41,1,18,1,35,15,164,0,38,233,23,1,51,3,112,15,7,30,0,8,0,19,26,69,53,5,0,235,5,19,9,843,8,3,0,1,7,22,15,29,0,3,114,0,9,12,71,5,8,6,0,0,133,17,73,16,17,20,0,42,3,5,29,134,181,505,60,31,14,26,37,17,2,1077,45,134,71,1,18,9,56,63,0,23,0,19,1,28,16,33,6,19,68,7,0,43,12,39,4,50,0,6,24,5,79,23,94,25,245,29,4,29,2098,2,63,0,7,7,1744,3,1,6,29,18,52,12,0,409,23,68,31,31,16,34,114,0,160,0,23,4,346,20,24,65,150,29,14,74,21,4,38,36,1,3,12,29,53,0,25,11,463,17,21,154,6,14,61,28,7,17,36,4,3,21,38,4,8,42,95,87,1,170,325,161,43,3,73,14,32,11,0,4,351,75,43,27,5,2,22,15,1,113,31
cell_271,3,9,87,3,6,98,15,93,2494,11,11,24,6,14,53,72,41,46,32,11,29,11,25,6,51,37,14,10,17,51,12,35,40,43,56,0,0,6,0,5,104,0,25,45,0,23,10,8,47,2,4,4,30,32,0,30,40,3,103,42,0,10,47,76,80,40,53,6,30,0,28,14,56,3,1,45,63,35,0,5,0,120,11,6,42,111,38,38,66,29,50,34,81,31,46,39,3,6,12,1798,93,91,22,60,2,19,0,0,5,76,66,74,2,17,5,17,0,1551,56,23,14,0,0,69,61,56,0,1,78,7,4,49,45,60,61,22,21,29,48,43,32,22,4,62,9,55,38,31,57,32,0,125,4,35,15,71,0,0,47,13,43,77,0,93,85,45,31,7,33,23,16,22,11,1,0,81,0,1,0,7,63,36,17,89,7,24,60,6,8,11,6,53,6,19,32,2,25,31,6,87,2,3,2,5,14,62,0,47,39,87,3,7,20,34,27,27,12,16,50,2,1,29,24,3,8,34,85,14,105,4,48,83,3,45,4,0,69,3,2,66,53,12,48,2,27,5,72,57,8,60,33,90,72,27,9,59,44,107,53,26,0,74,2,19,89,11,14,20,41,60,33,7,5,107,12,50,12,147,1538,55,27,40,34,3,2,82,16,18,13,16,3,0,9,0,1,38,0,49,12,6,27,69,44,13,0,49,38,2,3,82,10,91,61,3,74,3,8,0,15,7,85,4,0,4,56,13,54,6,866,7,60,13,43,30,70,6,8,36,7,76,4,9,39,10,2,4,40,2,0,68,2,4,31,11,47,0,63,19,59,51,82,17,84,123,42,3,56,16,12,1,1918,54,29,0,10,10,73,44,42,0,3,8,38,5,37,52,29,46,60,32,64,1,60,37,16,20,65,0,8,5,24,61,35,42,32,71,39,0,51,2362,0,3,7,0,50,2280,19,0,0,13,23,8,11,119,26,57,52,54,21,89,62,104,20,17,1,1,24,79,26,0,131,41,1,0,68,42,3,33,16,5,0,50,43,63,0,34,14,72,0,4,66,8,65,40,44,25,30,30,10,4,103,29,7,0,22,69,50,11,0,67,109,52,4,45,6,4,1,0,0,62,105,8,30,8,51,21,0,1,18,60
cell_272,2,12,155,0,0,11,113,66,2820,0,48,60,42,9,30,32,5,47,12,20,42,24,69,0,82,21,7,6,15,0,1,105,3,122,14,4,21,1,0,86,709,0,97,49,7,128,89,41,20,52,30,4,176,11,19,85,12,3,55,53,0,2,34,15,44,21,81,3,3,15,5,33,95,14,0,236,65,62,1,3,12,97,18,53,303,29,42,11,143,25,28,22,90,44,24,79,6,0,2,535,149,115,0,149,10,60,24,15,6,30,16,34,8,67,0,0,2,4606,187,9,8,1,1,73,148,143,0,30,18,1,16,22,178,27,53,3,33,5,56,17,80,166,14,70,0,103,11,13,115,5,322,23,73,47,3,76,37,0,17,88,125,6,6,3,333,7,3,4,0,2,5,98,48,0,1,111,14,7,0,6,53,1,29,129,45,36,373,0,37,47,4,26,4,40,106,0,2,8,83,101,12,78,8,2,33,62,0,5,60,107,18,3,15,6,27,39,43,0,23,19,0,11,54,117,347,0,148,1,56,1,84,99,0,124,0,21,15,1,8,204,16,4,0,39,39,2,65,106,39,36,35,80,92,25,18,65,61,9,36,106,0,162,2,57,610,9,14,21,8,21,56,26,0,2,2,12,77,156,1916,23,4,25,0,31,2,20,55,38,0,7,4,0,2,0,0,22,1071,72,14,3,29,0,27,70,0,34,82,3,0,57,112,103,64,208,22,0,30,4,0,0,94,76,75,11,15,5,106,18,1428,8,4,3,17,2,18,15,0,5,22,69,2,10,12,91,0,6,21,0,579,74,0,323,23,22,21,0,25,25,8,70,101,65,423,99,126,0,121,10,8,0,1107,6,30,10,19,12,56,71,43,2,0,0,18,0,16,12,4,13,11,215,41,0,119,27,24,4,28,2,8,1,3,88,140,44,4,104,21,0,11,1577,0,20,3,10,3,1269,2,5,7,26,13,0,15,17,152,43,65,33,28,8,5,273,0,41,0,2,22,108,14,0,24,131,15,8,78,61,0,3,37,6,122,3,14,91,0,65,26,270,0,8,152,4,23,2,42,5,66,3,6,7,23,102,0,2,0,56,55,2,0,108,153,78,7,85,1,34,25,0,1,200,86,26,27,1,93,9,11,12,43,47
cell_273,5,158,189,132,20,50,57,164,5375,6,133,37,15,47,36,120,4,54,15,45,78,30,58,0,156,9,11,3,36,0,8,75,3,133,10,44,40,2,0,18,3532,24,47,20,16,90,0,80,34,27,10,12,203,38,96,196,11,0,84,9,0,0,12,14,103,10,32,77,16,0,23,70,40,1,0,616,26,23,1,9,75,34,18,50,276,14,19,9,161,17,45,1,209,32,80,4,23,0,4,200,67,40,0,101,7,25,12,53,15,118,19,63,9,25,0,2,3,6143,34,16,4,16,1,45,36,187,0,12,17,0,1,26,49,83,85,8,23,33,78,13,5,33,111,106,1,73,16,7,555,17,0,18,16,236,4,11,13,54,4,81,121,11,2,24,156,1,4,19,8,3,14,103,9,0,5,129,62,14,2,4,123,1,28,45,51,47,176,17,816,28,32,23,2,115,156,1,43,4,78,77,35,109,8,5,13,120,3,17,72,43,0,1,4,12,43,263,9,71,51,115,0,5,111,21,645,7,776,0,30,1,41,32,0,0,19,21,204,13,12,198,12,9,13,201,2,0,92,337,13,23,38,55,194,19,42,48,137,13,150,76,0,70,0,9,382,15,23,31,21,100,39,0,16,9,0,251,263,78,1862,41,39,51,16,18,0,16,84,54,6,44,1,0,1,6,0,16,1,27,15,12,16,27,65,81,1,75,189,8,0,65,150,203,7,23,19,0,32,3,8,19,41,101,0,4,75,4,12,234,417,12,18,3,14,6,23,20,4,5,21,114,3,1,2,63,12,2,21,0,0,256,6,23,54,42,20,0,17,16,69,75,209,75,451,78,52,0,24,33,3,1,517,24,77,0,11,8,11,37,44,1,1,0,64,8,43,19,73,41,4,133,27,0,551,10,41,17,16,0,4,0,10,101,86,46,11,313,15,12,33,2711,0,5,0,12,12,2584,1,0,19,6,42,41,28,0,390,15,54,26,74,10,3,147,1,74,11,1,29,928,84,1,29,135,13,0,162,25,6,23,21,1,47,8,17,115,15,26,18,534,8,161,239,16,19,28,47,6,166,18,7,5,16,40,0,2,91,68,87,0,138,397,212,58,0,18,4,2,18,10,6,140,75,9,32,1,0,1,23,9,39,27
cell_274,13,207,150,56,78,8,46,95,4714,3,245,65,14,54,11,154,20,65,7,1,55,585,45,152,72,23,3,15,77,2,2,64,10,278,2,10,54,0,1,74,1246,0,43,15,0,50,23,172,46,36,54,4,260,38,28,164,6,0,35,22,0,3,11,20,97,102,27,126,25,1,32,19,9,5,1,65,21,62,3,4,22,16,21,38,289,27,87,11,151,2,53,19,232,26,46,17,4,0,15,172,71,66,0,34,3,28,13,23,22,104,18,44,1,67,0,0,4,4726,1,9,13,0,4,11,114,74,0,16,17,2,22,37,42,75,76,0,43,35,66,29,103,150,40,56,2,22,3,1,214,33,0,11,3,111,0,132,3,2,5,46,119,2,0,21,156,8,15,24,1,3,49,93,18,1,0,95,1,2,0,0,102,3,2,47,99,46,397,36,6846,15,8,14,1,268,171,0,4,66,317,79,7,90,0,1,55,170,0,13,55,41,43,4,1,63,91,353,18,44,44,93,0,12,60,27,457,0,511,6,65,8,66,28,74,81,1,7,61,3,4,294,19,1,18,87,4,5,83,50,10,37,47,211,56,19,14,55,246,4,192,42,0,294,11,14,293,68,58,26,39,107,19,10,8,152,0,223,264,140,2024,23,3,6,1,5,1,2,54,88,5,13,2,0,11,0,0,9,636,25,41,1,25,28,39,108,0,110,79,0,0,65,55,127,4,197,21,0,20,0,5,25,36,78,5,1,175,11,70,7,512,2,10,0,2,3,20,2,1,10,42,93,1,8,3,367,15,16,28,24,67,141,1,81,2,28,23,0,25,116,192,0,191,227,239,97,37,1,32,27,18,113,633,15,2,9,7,10,5,31,10,0,7,0,49,8,19,11,9,18,28,44,43,0,16,23,88,12,38,13,11,0,13,59,50,123,15,92,7,1,50,4589,0,4,0,9,5,4375,8,153,46,15,18,43,29,0,397,22,42,12,81,50,10,95,0,60,3,44,10,280,0,0,19,168,26,13,69,169,13,5,37,0,0,2,38,317,8,10,31,422,93,120,130,8,21,29,128,42,104,42,47,5,25,29,1,5,20,14,50,1,129,430,523,64,109,42,9,10,3,0,3,225,49,14,16,2,51,11,0,21,101,19
cell_275,4,101,366,13,45,81,13,163,3634,1,109,14,0,74,55,18,20,53,20,0,0,196,13,13,16,7,8,22,38,9,2,51,13,101,11,17,0,19,0,42,2287,0,143,69,0,45,47,222,23,32,14,3,137,29,39,124,0,40,41,21,0,2,35,121,183,50,24,239,71,2,5,6,43,23,7,368,4,90,0,2,0,45,3,32,129,83,140,13,120,5,68,8,214,35,86,33,4,3,13,218,130,66,22,94,5,11,9,0,0,108,20,45,2,23,0,0,11,3405,18,74,20,30,0,21,74,163,0,2,13,4,8,40,52,85,96,0,11,88,50,22,126,112,0,51,4,38,4,22,176,19,2,17,17,246,1,158,1,1,12,52,104,10,0,35,120,41,9,7,1,15,16,93,1,0,0,152,29,8,0,1,91,3,13,26,23,51,192,0,265,11,7,37,0,137,100,0,15,1,121,69,1,1,9,1,51,98,7,15,56,66,96,6,10,5,45,5,4,6,17,92,2,14,35,2,372,4,524,0,74,1,13,155,16,29,0,14,216,13,1,109,21,1,25,31,34,8,111,52,34,30,19,118,222,55,16,18,102,11,107,54,0,40,15,9,359,3,36,45,9,22,68,44,3,20,1,49,0,458,1800,26,26,64,17,3,0,25,101,98,0,4,0,0,13,3,0,1,0,20,22,15,16,0,104,56,0,71,40,0,0,61,0,139,28,169,27,0,78,0,2,12,64,35,7,24,199,16,24,21,396,7,27,23,41,1,26,2,2,16,0,162,2,28,21,22,11,12,1,38,309,402,0,44,11,31,15,4,29,58,4,56,222,264,737,86,87,15,58,25,1,53,626,27,22,0,0,3,1,54,50,0,20,2,42,3,32,13,14,36,37,552,29,0,526,28,110,19,32,0,32,0,12,71,98,51,38,525,25,1,197,2172,4,0,2,4,42,2051,1,16,14,10,65,16,31,0,242,9,70,82,73,50,20,128,8,82,1,16,41,552,6,4,41,85,32,0,89,10,7,8,13,4,260,0,23,103,0,31,14,217,10,127,192,28,15,40,35,39,50,33,41,1,19,22,1,12,66,58,16,10,132,317,376,43,67,20,6,1,12,0,0,148,125,5,20,0,15,11,0,2,38,21
cell_276,1,153,202,29,1,9,87,138,5399,11,107,53,16,56,43,51,3,66,19,28,30,36,43,24,149,12,1,6,15,0,1,65,11,207,5,41,21,6,0,0,3247,0,92,65,1,35,0,124,36,23,88,17,184,20,15,174,1,12,50,18,0,0,23,83,94,55,33,186,24,0,5,2,62,0,37,211,19,224,0,2,4,31,4,36,296,29,96,10,146,13,44,1,222,18,79,148,35,3,33,183,92,32,2,137,0,8,15,25,7,86,15,51,2,80,216,1,6,4941,5,67,52,1,3,60,79,109,0,7,17,0,5,36,40,30,57,2,18,5,62,54,67,62,4,87,0,63,14,16,530,22,0,10,24,241,1,185,32,1,26,76,101,8,3,3,207,4,1,34,5,2,22,28,1,0,4,49,43,0,0,4,121,2,33,40,65,29,229,11,1145,37,48,44,2,156,216,0,18,7,6,83,16,87,5,0,41,116,3,7,89,56,4,0,3,2,63,199,9,9,11,42,0,3,81,34,445,36,724,0,51,0,93,87,0,75,20,22,117,3,13,229,17,10,27,420,2,5,105,84,22,30,34,50,381,27,18,23,151,7,90,86,0,102,3,27,435,10,26,33,17,2,41,5,0,0,0,37,24,316,1911,6,32,40,9,18,2,16,85,63,0,29,1,0,0,0,0,14,6,18,19,0,17,0,75,88,0,80,202,11,0,57,61,167,3,485,21,9,59,0,5,20,48,91,1,34,24,2,35,125,382,7,19,6,21,10,23,16,0,13,2,125,0,6,7,152,0,15,14,0,55,225,0,111,134,72,19,0,16,23,6,63,290,94,577,92,25,3,35,2,1,80,545,22,94,2,2,8,14,28,29,3,0,0,15,6,22,19,9,54,19,339,169,0,464,29,75,8,20,0,7,0,6,74,133,91,21,165,13,8,32,3217,0,75,0,13,12,2449,8,18,13,0,21,38,15,0,4,28,42,28,88,43,6,155,0,96,0,11,126,834,0,0,0,138,21,1,84,112,3,10,32,0,0,1,11,174,0,21,45,395,35,84,193,16,14,20,35,8,195,16,23,13,21,24,29,2,20,45,57,2,0,261,276,61,60,41,7,0,25,0,4,103,143,12,41,2,231,6,4,21,70,17
cell_277,0,23,407,0,61,187,65,97,3419,0,31,36,116,73,11,30,8,70,18,13,109,79,30,7,0,12,26,1,49,31,0,93,21,10,14,0,1,7,4,23,959,0,84,100,0,128,0,132,66,27,32,5,176,20,20,22,0,0,60,34,0,8,9,61,120,5,50,43,21,12,7,69,8,38,87,0,34,392,2,16,0,76,0,5,340,59,57,8,91,4,4,3,165,1,56,23,3,0,19,349,59,77,3,124,3,10,13,0,5,54,19,55,0,44,149,1,2,5642,48,25,20,1,7,24,31,229,0,11,6,6,6,55,83,29,60,50,21,54,68,55,135,150,1,70,2,41,2,11,107,20,88,65,15,193,43,150,18,0,16,98,109,10,0,54,132,7,22,37,0,18,41,53,19,2,3,85,19,11,0,3,50,3,5,53,41,49,62,42,149,23,3,28,0,37,113,0,4,18,31,90,9,44,1,6,14,58,8,21,88,97,58,0,4,23,42,43,27,24,46,73,16,6,23,17,228,6,204,10,36,2,120,123,12,103,0,20,201,0,0,183,22,5,28,93,15,0,116,19,9,39,30,95,89,31,45,35,36,7,44,45,0,150,0,65,484,35,7,25,0,20,54,39,3,17,1,11,28,206,1809,69,39,17,2,3,0,9,17,155,7,16,0,0,5,0,0,8,15,39,4,1,34,3,26,120,2,59,160,0,0,79,1,157,23,193,36,1,46,0,2,20,97,75,13,13,122,19,141,22,549,10,13,12,8,0,24,4,1,8,21,132,5,18,7,48,1,3,12,65,382,137,14,9,5,11,17,0,32,38,90,30,170,39,1009,86,119,6,121,9,12,2,1121,21,5,0,1,10,5,9,25,0,0,3,12,0,18,9,5,7,62,198,25,2,19,17,98,6,22,0,5,0,12,23,37,58,15,163,53,0,5,1895,13,202,5,27,2,1267,0,135,13,3,6,11,3,34,327,29,62,57,3,33,32,98,0,114,0,4,35,34,6,0,8,170,26,5,68,31,10,5,16,3,3,2,15,78,0,42,24,245,25,84,196,3,17,15,27,3,16,15,50,28,25,53,0,6,13,96,50,7,22,253,200,29,69,49,6,37,6,2,2,199,58,87,18,2,25,9,0,3,52,25
cell_278,0,108,88,137,65,12,10,167,4540,5,186,52,9,66,37,220,13,55,11,1,22,419,39,5,159,17,14,11,87,0,5,45,14,280,2,15,29,4,0,1,1502,6,89,45,0,85,1,131,28,23,19,4,373,76,0,105,17,23,67,20,0,0,4,137,101,37,25,341,60,0,21,39,7,43,8,97,19,169,0,1,12,19,1,196,334,25,87,11,152,2,100,1,240,7,55,136,1,1,5,189,50,68,40,60,0,30,86,0,3,110,20,35,2,27,0,1,0,5405,9,26,27,1,0,22,87,105,0,3,14,0,4,21,78,90,109,11,21,19,42,31,160,165,33,91,0,75,2,3,582,13,2,10,18,95,2,141,11,0,10,13,151,4,0,0,165,3,5,34,0,5,37,71,1,5,1,97,1,4,0,3,119,3,49,74,65,73,426,16,5034,46,75,26,0,330,185,0,2,32,79,90,3,26,15,5,44,150,14,14,62,51,23,2,6,73,110,219,43,4,47,195,0,9,52,31,521,2,493,0,73,7,60,68,0,35,24,4,180,4,0,266,10,12,22,759,0,2,88,39,16,20,62,48,32,17,13,29,247,19,219,5,0,289,5,7,297,22,5,69,18,0,36,37,42,63,0,263,40,145,1773,25,88,23,6,0,0,4,49,127,25,0,1,0,0,2,0,3,107,22,18,8,12,36,64,99,0,101,2,0,1,59,46,132,11,80,18,0,14,0,8,1,48,71,2,13,155,4,47,35,466,15,13,4,46,1,21,4,1,18,8,67,39,27,4,284,1,8,19,29,100,152,31,53,205,127,25,0,15,77,235,65,182,50,345,12,35,2,27,6,20,0,631,20,11,6,7,7,14,8,24,0,3,1,35,14,13,11,5,5,27,101,102,0,74,46,144,15,30,0,27,0,9,9,54,58,12,366,0,1,246,4252,1,64,0,6,18,4393,53,0,39,7,67,47,4,14,34,16,50,12,62,57,3,73,0,75,0,30,15,288,13,0,9,157,17,1,63,85,2,12,13,3,0,0,23,364,0,18,23,233,7,80,165,1,17,107,156,44,179,14,4,3,14,28,9,15,227,22,52,8,13,508,425,57,1279,38,13,183,4,0,4,191,63,2,16,0,166,11,0,3,115,6
cell_279,0,7,110,0,60,76,8,118,2393,11,54,9,7,17,71,37,34,45,41,18,15,5,17,0,62,37,1,5,18,53,1,49,15,14,19,0,32,0,0,0,412,0,26,27,0,75,15,17,16,30,76,9,49,24,32,149,0,21,78,104,0,0,66,91,28,4,38,35,7,1,77,86,0,1,28,0,20,87,0,12,26,82,7,3,86,62,41,1,93,3,2,1,82,30,19,55,2,8,0,322,106,89,7,65,1,25,6,65,10,50,33,49,0,55,105,4,0,1228,6,70,84,3,1,16,27,30,0,6,13,11,5,13,41,29,60,13,40,0,47,14,3,24,0,123,3,146,10,3,157,22,0,32,3,146,18,207,0,58,28,54,22,23,0,15,114,28,18,23,5,2,17,40,4,0,0,68,31,1,0,4,29,3,24,46,10,52,156,67,41,38,1,37,0,21,37,1,45,6,58,50,39,113,1,0,7,68,0,56,34,68,15,0,19,1,53,33,25,6,24,77,10,21,58,41,265,1,178,5,78,3,113,74,13,69,7,12,24,4,0,83,18,1,36,6,21,6,87,36,6,60,27,133,16,52,1,14,124,22,35,39,0,86,2,32,108,33,42,7,6,49,36,21,21,93,0,34,52,329,1794,58,7,7,2,27,0,16,12,13,4,1,1,0,4,11,4,8,0,28,28,1,49,0,18,83,0,13,96,0,0,69,0,53,19,14,32,20,12,2,3,37,50,67,1,12,38,16,42,2,787,0,17,4,30,13,23,1,0,7,30,127,42,10,21,29,5,4,17,0,20,156,2,3,52,10,15,3,54,7,16,34,174,51,408,10,49,2,83,57,14,31,2526,9,76,36,1,26,51,51,55,0,12,10,27,4,19,31,36,7,81,98,38,1,7,21,50,32,70,9,10,33,18,17,53,103,21,116,43,3,12,2146,0,3,5,12,15,2713,1,1,6,34,38,0,37,62,443,20,61,35,8,17,54,74,0,133,0,9,26,139,0,0,37,52,52,2,72,32,6,15,5,2,0,9,15,42,0,2,65,139,5,27,97,3,36,12,20,9,13,16,12,7,35,23,2,13,4,42,46,2,0,284,120,52,26,20,3,2,10,0,3,154,84,53,29,4,0,38,7,1,84,15
cell_280,0,32,48,2,1,49,46,113,2343,0,62,35,107,18,58,35,18,48,30,94,12,29,26,0,0,57,0,10,10,23,6,12,16,11,7,16,31,3,0,35,385,0,93,75,0,50,15,82,28,26,52,4,99,23,16,127,19,0,75,7,0,3,9,32,203,23,40,1,68,3,30,14,55,13,0,62,44,40,88,4,4,76,6,12,55,38,75,8,85,13,68,3,107,1,30,12,10,4,3,312,116,147,62,94,4,49,0,10,10,59,30,53,5,86,53,17,2,1101,75,0,114,6,21,16,51,109,0,0,7,0,43,52,58,19,62,9,24,11,58,20,128,65,29,50,3,34,7,63,148,18,0,9,29,207,1,157,64,1,45,101,29,7,4,0,99,6,11,8,0,3,31,43,22,4,0,83,14,9,0,8,62,1,14,35,65,56,141,1,36,70,7,47,8,56,80,0,6,26,2,74,23,58,11,0,20,61,12,54,37,75,30,7,7,16,70,27,8,57,81,27,35,23,84,23,225,1,140,3,84,0,85,72,0,81,17,3,157,11,5,74,23,39,0,29,9,0,104,89,43,56,27,77,18,57,37,48,39,18,47,24,0,109,0,18,183,30,5,52,25,8,22,51,0,5,2,11,55,39,1615,18,18,11,0,2,0,9,36,75,0,36,0,2,0,1,0,15,0,31,14,18,9,0,24,116,0,50,78,21,0,61,16,16,17,25,24,0,10,0,10,0,66,73,21,18,103,35,65,9,781,11,8,3,9,1,26,8,0,7,7,102,5,56,9,36,14,22,21,33,0,92,1,6,40,8,15,1,68,4,45,22,128,45,312,32,10,11,85,0,31,8,2513,1,135,14,2,12,10,34,48,0,4,0,25,10,28,20,19,22,16,29,75,5,14,17,42,2,66,0,1,0,7,92,50,83,2,265,109,8,62,2195,1,0,0,4,22,2725,3,2,1,30,22,7,7,28,140,6,71,2,25,49,6,117,0,13,0,1,2,76,2,0,19,84,47,7,54,74,5,23,24,8,17,2,16,35,34,51,77,315,11,44,74,7,27,13,35,8,9,30,34,0,44,31,8,3,34,116,17,20,148,223,136,47,0,67,10,58,4,0,0,158,69,40,116,5,52,22,24,24,80,44
cell_281,5,2,292,15,0,55,14,150,4875,2,21,44,61,16,44,23,13,71,5,79,13,189,79,595,0,4,0,2,7,44,1,44,8,75,14,7,26,1,0,20,2126,0,63,2,0,54,7,156,26,12,35,14,188,0,1,5,0,0,53,57,0,2,7,125,42,17,30,3,4,24,5,14,58,8,31,0,58,81,5,3,34,84,47,17,14,30,65,5,88,10,19,8,169,33,28,52,17,0,0,393,206,119,4,188,3,19,31,38,11,27,6,33,0,105,4,30,1,9348,189,48,24,0,6,0,151,92,0,1,18,1,7,12,122,52,71,5,1,2,44,4,144,57,7,37,0,43,32,15,413,8,0,27,4,28,4,138,24,28,7,41,50,30,1,1,208,1,6,0,14,0,17,82,43,0,1,84,1,23,0,4,52,0,12,94,63,36,846,38,391,48,1,40,7,60,49,0,0,3,34,81,7,94,8,1,3,72,0,20,20,129,25,1,0,8,9,67,7,79,63,314,1,21,20,34,232,1,159,0,51,2,59,18,57,65,2,12,55,1,4,360,15,3,35,242,1,3,107,258,18,37,31,29,250,20,16,7,79,7,43,57,0,413,22,56,564,58,21,49,0,1,26,2,32,65,1,25,40,41,1451,63,21,26,1,20,1,17,67,45,5,9,0,0,1,0,1,25,225,36,18,6,14,7,13,43,0,32,144,14,0,62,114,48,24,61,14,0,31,0,3,1,106,52,2,1,12,10,56,3,530,14,16,0,45,0,20,30,1,9,45,65,43,20,9,19,1,10,23,11,781,179,11,152,26,18,22,0,21,73,83,7,64,209,300,86,13,0,103,10,54,26,997,51,8,8,6,0,99,34,48,34,0,0,19,3,7,3,16,8,6,94,3,0,123,32,132,5,21,0,14,0,14,46,158,77,8,102,8,0,13,1883,0,8,1,3,9,1884,16,20,9,9,64,119,28,45,58,45,47,44,16,15,11,159,0,43,17,2,2,335,16,0,103,243,27,10,65,61,2,14,6,5,72,1,43,122,3,16,96,452,21,3,207,9,14,15,104,24,166,21,20,11,7,57,9,8,201,31,50,14,69,74,155,79,191,114,38,112,20,3,1,70,149,35,34,4,60,6,12,2,29,11
cell_282,0,21,228,102,14,28,12,89,5804,9,7,11,53,11,17,29,2,78,1,19,73,117,64,0,183,26,6,6,18,1,0,40,38,212,19,0,8,4,3,0,406,0,225,53,2,98,13,33,70,100,10,11,76,48,6,11,11,21,61,31,0,5,11,85,52,30,29,106,6,21,10,21,17,1,30,13,7,112,0,1,43,129,75,10,214,213,49,35,110,36,132,24,89,8,13,28,19,161,4,464,227,111,3,228,0,74,95,57,1,28,33,25,0,169,93,7,1,8329,52,24,3,2,0,45,211,118,0,12,24,0,21,115,152,49,32,3,32,1,61,18,79,81,27,40,14,133,2,60,143,29,0,18,9,12,8,139,20,32,3,61,203,5,1,33,256,1,1,1,3,3,52,65,199,4,1,54,3,6,0,15,96,2,29,53,54,26,5781,2,153,59,2,43,0,106,80,0,25,10,15,104,1,17,19,7,20,112,0,27,22,156,20,1,1,11,22,72,12,11,80,229,3,8,29,22,32,0,168,3,35,0,77,20,0,69,7,4,19,2,1,154,17,10,3,184,2,6,105,14,12,31,21,106,205,18,2,28,240,39,52,58,0,46,14,9,354,5,12,21,17,10,48,10,3,1,1,16,30,247,1384,0,15,155,6,11,5,12,50,38,1,4,1,0,0,5,0,25,0,55,32,46,27,32,19,141,0,21,117,9,0,71,16,29,109,1,17,0,26,0,8,14,54,48,0,13,159,27,24,7,608,32,1,2,12,7,26,23,24,1,20,30,0,22,0,21,13,13,1,4,74,53,6,33,18,38,52,0,68,20,27,191,117,289,97,93,54,3,35,23,58,7,1207,59,27,0,1,32,166,53,37,0,12,0,20,5,6,12,2,3,9,90,19,0,166,17,74,8,44,0,18,0,10,95,60,120,17,134,17,0,47,2951,0,0,17,19,4,1848,2,0,8,0,30,129,26,0,89,72,65,224,6,23,68,171,10,55,2,1,19,184,1,8,73,59,33,0,106,14,13,4,0,20,41,4,46,32,9,82,11,169,8,23,189,6,23,2,58,42,110,13,23,0,22,55,5,12,297,139,83,2,0,75,35,43,6,73,5,50,10,0,1,48,192,33,1,10,0,1,12,5,52,16
cell_283,8,24,216,154,0,50,13,143,4936,2,22,6,5,23,45,52,9,66,23,2,48,11,81,0,21,24,1,6,4,1,5,99,16,126,20,4,32,2,0,65,401,15,129,5,0,111,0,95,34,17,36,5,97,9,3,87,0,17,24,60,0,1,5,5,60,28,35,8,10,0,21,13,5,0,0,54,2,97,2,2,14,153,30,11,221,187,47,36,115,99,139,13,85,48,25,156,14,0,7,422,231,74,4,256,0,59,6,7,10,28,33,22,13,56,0,0,0,7245,1,17,18,43,6,44,150,150,0,14,33,0,2,99,107,55,38,17,41,0,57,23,45,23,1,25,2,113,14,18,177,3,0,19,4,25,7,148,7,0,72,22,175,86,2,0,180,4,0,12,13,0,71,38,23,0,0,68,1,0,0,14,69,1,16,127,31,28,4883,1,76,11,0,38,1,57,86,0,36,20,43,111,12,17,0,10,64,108,0,7,40,115,99,0,20,9,33,80,28,24,57,93,14,26,11,23,36,0,184,0,89,0,70,11,1,118,0,14,33,22,0,154,21,5,47,26,2,3,108,198,10,54,27,80,34,20,0,15,81,51,40,96,1,69,40,15,462,40,26,5,12,15,25,2,62,63,0,24,119,68,1412,1,5,100,0,36,0,3,83,24,4,1,0,0,0,2,11,39,2,46,20,18,0,4,22,134,0,25,59,4,0,58,15,70,11,9,21,0,13,0,7,38,67,34,2,0,76,44,13,6,604,0,6,4,3,6,19,32,6,1,24,44,10,4,14,7,2,1,10,32,0,89,2,221,35,20,51,0,90,57,1,7,120,56,134,13,154,0,72,19,59,1,1334,38,38,0,4,24,51,41,39,14,2,0,5,2,12,21,10,2,70,2,35,4,15,38,151,6,41,0,21,0,3,56,44,129,30,121,17,2,31,3435,0,0,3,3,3,1835,3,1,18,25,67,53,7,0,22,60,75,109,33,7,50,140,4,47,2,2,22,319,20,0,47,136,54,15,66,25,0,9,2,2,56,1,53,31,1,66,76,283,0,5,162,0,27,50,44,17,25,47,8,4,23,50,2,2,120,151,42,7,86,315,64,45,13,158,14,55,29,0,0,113,158,25,36,4,31,44,21,15,6,16
cell_284,3,11,229,148,6,36,32,133,7558,31,7,33,10,166,6,43,2,62,11,2,10,62,108,0,46,21,10,3,13,19,1,121,7,104,0,5,30,2,0,42,911,0,546,68,0,68,0,153,49,58,3,15,87,19,7,53,18,8,19,11,0,4,12,74,58,59,48,139,17,62,11,19,19,12,1,4,45,122,0,2,0,224,19,4,258,165,73,22,87,76,127,14,110,13,18,175,36,2,0,468,207,67,0,462,7,7,1,4,1,55,23,28,2,111,0,8,0,29275,203,2,8,28,0,22,271,186,0,7,22,2,9,46,174,77,16,21,20,55,60,6,193,112,0,20,11,78,1,63,265,33,38,20,52,14,0,202,109,0,43,88,184,11,3,74,183,6,5,2,7,12,89,68,69,0,0,42,1,1,38,9,96,11,17,104,42,15,1791,6,121,4,33,53,0,118,40,0,38,23,28,103,1,6,14,3,11,67,4,9,32,153,6,7,1,45,31,36,24,0,41,21,10,7,18,11,97,14,146,0,21,0,63,47,51,78,0,11,55,10,14,266,15,3,78,242,4,4,135,121,9,36,12,70,176,19,7,29,97,24,76,92,0,167,35,41,429,28,20,29,0,10,19,19,79,20,0,18,44,30,1421,76,81,146,0,9,0,20,32,53,0,31,0,0,13,0,0,10,0,38,36,16,13,0,23,43,0,32,59,0,1,72,24,38,130,47,15,0,28,1,4,1,104,68,16,6,250,12,45,7,397,3,11,1,15,1,17,6,0,5,10,48,10,6,6,34,5,8,32,0,298,79,2,160,5,18,33,0,32,48,109,170,121,209,309,87,40,0,74,8,10,0,1338,30,26,0,11,12,44,11,48,10,10,0,1,0,5,9,2,17,25,178,100,0,767,46,198,4,32,0,2,0,3,78,74,114,7,95,32,0,89,2191,8,13,31,9,6,1414,3,22,82,0,30,126,11,8,24,74,66,94,16,56,63,219,0,57,1,3,20,504,4,0,96,180,47,1,97,33,17,3,0,9,96,0,45,66,5,208,72,255,12,25,244,1,10,37,59,16,66,22,72,0,22,61,0,3,61,213,85,8,17,168,149,38,28,81,16,55,16,0,4,53,243,16,33,6,0,6,0,10,4,15
cell_285,4,25,177,117,4,17,47,47,5443,5,22,14,41,49,14,81,0,7,6,12,90,12,47,2,0,32,22,6,7,23,1,104,17,8,19,0,3,1,0,90,405,0,159,57,0,136,0,148,21,23,31,6,88,67,1,27,7,32,39,30,4,7,5,17,45,92,20,63,14,1,2,4,73,11,0,14,0,52,16,3,7,124,42,21,114,193,10,96,99,38,119,22,93,25,24,145,6,3,5,457,183,101,3,201,8,91,20,19,0,44,14,32,11,112,62,0,3,9462,219,6,15,5,0,34,82,174,0,46,32,0,21,27,165,69,23,29,40,11,59,23,40,43,7,26,11,76,12,1,173,23,5,21,2,20,10,140,106,3,44,77,102,39,2,6,251,4,6,5,0,4,62,65,59,16,1,80,1,13,5,6,67,0,4,115,50,43,3743,14,89,16,7,32,4,82,53,0,11,2,22,75,0,4,10,0,85,100,8,6,36,119,7,0,3,52,21,67,55,6,70,43,1,50,15,41,17,15,141,0,103,6,68,38,1,31,31,15,34,2,1,177,2,11,62,10,0,9,89,182,16,52,21,61,108,19,0,2,127,11,59,109,0,65,50,22,494,71,4,7,20,2,35,5,22,51,0,20,104,155,1422,52,0,24,2,32,0,17,62,7,10,0,1,0,13,0,7,43,0,24,15,5,7,26,51,141,0,18,26,0,2,72,6,64,72,46,18,0,13,0,8,1,63,62,1,9,81,31,43,5,589,31,14,0,10,8,6,32,28,3,48,35,13,9,9,59,79,24,0,50,153,50,6,124,4,34,55,0,80,70,67,56,93,216,75,39,132,1,36,6,40,0,1219,8,54,12,27,30,15,40,38,0,22,17,35,10,29,7,0,4,16,29,39,0,39,33,54,2,48,0,25,0,8,24,31,107,11,96,3,1,53,2837,0,19,6,30,8,2021,9,0,19,0,17,18,19,29,11,60,69,44,30,48,12,63,4,59,5,0,6,93,0,0,45,39,15,0,57,20,0,3,14,11,0,5,21,37,26,44,50,62,11,0,194,1,33,36,16,5,118,37,56,3,22,35,0,20,159,42,26,3,82,318,45,58,26,89,15,27,14,4,0,50,122,11,10,9,27,6,7,17,10,20
cell_286,0,38,222,50,5,12,20,102,5740,8,23,23,62,46,33,57,2,25,11,27,18,33,71,0,0,7,9,2,8,11,3,87,23,75,10,0,8,2,4,19,448,0,339,33,0,134,0,258,42,22,10,10,80,96,2,33,0,2,54,30,0,4,1,64,52,41,32,30,70,31,48,18,14,0,0,7,26,20,0,1,0,148,33,16,138,107,50,38,52,13,78,1,91,6,17,77,5,2,10,502,238,96,0,181,8,112,11,4,13,13,43,39,7,108,0,0,0,7739,145,41,11,14,1,29,44,130,0,22,26,0,0,82,131,62,33,12,8,5,78,44,57,24,20,23,5,84,24,61,121,35,0,14,28,23,4,122,117,0,24,53,185,16,1,0,227,13,10,12,3,2,54,49,9,1,0,47,0,4,0,4,111,1,7,143,75,43,5143,3,76,3,24,46,8,125,95,0,6,17,35,87,0,8,15,7,59,105,3,47,32,143,86,0,10,19,29,84,22,21,89,29,1,3,43,10,86,6,147,0,84,4,67,29,0,52,11,6,39,47,4,188,13,3,45,103,1,7,109,189,19,63,12,35,124,30,20,30,168,50,52,62,0,62,18,39,454,8,10,13,21,5,30,25,5,3,0,17,64,264,1434,37,17,69,1,0,3,9,58,31,13,16,0,0,91,0,0,20,0,43,4,4,0,46,31,112,1,28,111,2,0,81,43,58,64,7,17,0,3,2,7,0,83,56,0,7,188,21,22,11,575,53,7,0,15,1,18,7,9,10,4,27,0,26,1,106,4,33,5,27,12,30,1,21,18,8,50,0,79,22,28,105,114,112,150,23,24,8,91,12,81,0,1169,75,46,7,2,34,63,17,27,30,0,2,26,4,3,2,6,3,36,106,15,1,51,39,166,18,34,0,33,0,2,52,63,85,0,170,4,0,115,3373,0,4,1,2,4,1925,24,0,39,22,110,42,10,0,87,54,60,105,23,25,32,221,3,29,0,0,12,255,16,0,74,149,64,2,109,14,11,2,20,20,233,1,37,28,3,70,106,248,0,13,186,2,25,58,15,36,7,28,11,2,14,41,9,11,258,105,57,16,74,211,60,59,31,142,33,95,7,2,0,100,218,13,19,2,80,9,0,8,19,4
cell_287,9,22,323,50,161,159,18,181,8560,7,10,12,81,140,29,60,8,85,11,0,14,35,86,0,0,4,19,19,6,1,1,138,38,70,15,0,22,3,0,41,989,0,180,77,0,74,28,147,17,106,9,11,95,18,5,98,0,113,45,25,0,3,5,80,59,70,52,65,33,3,5,0,16,1,20,0,48,311,0,3,3,127,25,15,81,197,88,53,68,40,190,11,132,12,24,109,1,0,0,466,224,77,5,398,5,14,113,0,4,51,19,10,3,95,78,0,3,20875,26,5,25,2,0,62,122,13,0,9,17,1,43,39,183,77,33,44,25,0,53,67,95,103,14,36,5,97,0,27,236,81,1,28,0,14,7,210,115,0,9,59,179,21,0,40,141,2,4,8,0,3,80,70,12,1,0,54,0,0,0,12,87,0,10,97,3,38,2078,49,241,8,59,67,0,98,87,0,0,4,16,140,0,9,0,3,39,86,4,19,29,160,135,0,2,24,19,58,84,9,97,75,5,23,2,3,189,0,151,0,50,0,73,13,3,96,21,3,59,14,1,299,19,7,67,47,2,8,169,40,23,55,16,101,77,29,7,39,135,15,31,66,0,172,10,44,537,2,12,29,14,21,42,15,18,9,0,0,0,220,1408,80,28,160,0,2,4,9,34,56,0,4,1,0,3,0,0,3,0,22,40,1,15,1,49,64,0,29,108,0,0,77,0,58,260,4,27,2,73,1,0,38,98,7,65,61,59,9,18,52,397,15,18,0,15,8,17,46,0,8,4,37,5,12,17,88,23,4,25,11,21,104,25,72,17,19,38,0,39,10,35,60,100,162,286,32,65,2,27,29,31,5,1555,9,15,1,3,17,106,21,31,23,5,0,46,25,7,18,7,1,38,139,105,0,831,39,207,28,39,0,9,0,1,61,40,134,41,62,36,1,135,2733,15,0,4,14,10,1443,5,17,37,3,14,514,20,0,29,67,38,275,16,12,57,115,2,61,4,5,37,672,0,28,62,188,49,2,128,37,4,8,4,11,103,3,23,93,0,176,75,237,7,8,260,12,25,7,84,61,14,33,85,2,17,45,2,12,163,95,221,3,27,317,113,54,235,138,2,22,6,0,0,18,224,42,0,7,1,14,5,10,14,9
cell_288,1,21,171,114,41,40,66,111,8057,15,5,11,110,139,4,45,7,29,9,2,15,121,90,0,81,13,13,13,1,31,1,117,0,57,15,0,30,0,0,3,851,0,109,58,0,71,12,166,8,182,25,9,109,17,27,118,0,0,45,18,0,0,8,12,51,56,41,60,41,28,6,18,9,0,0,39,37,174,0,7,8,133,6,4,164,203,9,69,91,85,73,3,142,15,21,100,10,14,0,474,98,52,0,157,6,73,51,18,3,45,20,21,9,42,129,0,0,23906,15,5,13,12,6,47,91,139,1,41,14,0,22,30,192,83,26,16,24,2,53,60,114,180,6,32,0,90,2,48,250,23,0,28,28,21,8,212,100,0,19,30,171,22,0,59,157,0,5,17,0,4,92,77,4,2,0,51,0,5,3,30,92,0,55,258,25,28,1895,51,187,1,36,32,1,112,48,0,0,19,30,87,0,8,0,5,54,76,9,5,15,155,39,0,5,27,26,33,74,0,83,126,0,9,16,46,204,8,142,17,91,4,38,36,8,188,21,10,32,25,8,264,4,0,91,63,4,11,148,44,45,53,28,67,40,17,23,55,117,26,36,114,0,159,7,103,496,9,6,6,7,28,24,0,61,73,0,17,36,81,1433,2,26,120,0,59,0,23,8,23,1,0,2,0,7,20,0,24,17,33,46,4,20,5,29,84,1,30,133,8,0,38,11,63,79,126,26,0,27,0,0,38,71,45,15,39,30,6,9,0,444,22,20,4,22,12,23,14,8,20,13,42,0,0,6,45,38,2,2,0,626,126,33,11,1,38,20,3,36,66,0,130,85,216,202,59,37,0,103,42,28,2,1272,9,11,8,1,38,66,39,40,47,1,2,58,4,21,37,0,0,36,111,11,1,685,36,201,2,42,0,10,0,10,39,39,68,32,35,28,3,35,2569,3,146,6,13,3,1459,2,32,92,0,17,142,6,16,46,83,39,232,22,35,22,95,0,49,0,3,56,484,11,0,19,220,52,0,94,42,4,0,27,7,454,0,23,59,2,140,21,255,9,5,335,3,20,8,39,7,82,70,10,1,16,60,0,11,110,10,135,0,38,325,138,23,9,89,17,0,19,0,5,3,157,39,5,3,1,4,0,15,23,8
cell_289,0,43,317,298,124,51,61,34,2459,4,25,20,39,25,66,33,4,33,2,13,28,16,5,0,0,21,1,2,10,0,1,61,1,123,3,64,12,6,0,3,1112,0,84,156,0,86,26,34,18,8,28,1,140,44,39,91,23,5,68,35,6,0,35,117,178,98,42,20,8,5,9,54,79,4,19,254,26,24,12,4,59,39,18,49,25,48,80,13,109,20,55,8,118,1,34,35,8,35,13,270,140,167,1,130,0,48,29,28,4,88,26,33,5,11,118,0,0,3806,35,33,6,51,0,47,46,223,0,10,19,0,12,48,84,70,87,6,35,50,55,3,60,49,16,127,1,148,9,2,180,25,0,13,4,56,0,90,18,1,8,64,96,12,0,0,194,13,13,8,0,11,13,118,135,9,21,92,43,6,18,3,54,0,12,42,35,39,526,17,60,30,2,13,2,93,23,2,0,28,90,46,0,25,3,2,79,43,11,14,76,79,5,5,1,63,51,33,69,0,34,24,0,3,63,21,88,51,213,0,97,1,43,106,0,93,21,16,202,1,14,80,4,7,28,55,1,0,74,128,13,23,15,103,156,39,8,19,157,19,39,66,1,117,3,6,413,2,4,46,11,1,36,14,1,101,0,20,48,232,1629,56,1,49,21,24,2,21,38,52,4,20,0,3,0,0,0,9,223,53,8,7,16,22,74,168,0,40,68,17,0,63,96,139,12,179,25,0,42,0,8,0,40,83,0,15,80,14,42,10,871,1,14,3,13,13,19,8,9,9,8,60,25,40,4,36,13,1,4,50,166,80,14,261,30,8,17,0,30,18,90,34,123,228,497,7,2,8,43,6,10,12,1221,46,113,67,10,42,33,52,73,1,11,0,25,37,23,17,1,19,24,205,44,4,340,9,20,1,31,0,57,0,13,50,81,81,2,152,15,12,53,1685,1,13,0,8,4,1554,3,0,15,6,20,16,39,76,70,15,85,17,29,37,5,23,0,54,4,15,10,327,8,15,38,140,7,17,87,45,8,2,7,1,589,5,15,46,2,31,128,216,12,38,84,7,18,20,21,5,6,5,17,0,14,38,0,13,13,75,17,13,204,317,115,61,17,16,9,61,10,0,2,263,99,30,37,6,58,0,13,12,26,21
cell_290,0,18,111,57,36,9,63,120,3519,2,40,45,59,26,53,23,10,72,15,12,19,98,60,14,125,26,10,11,8,45,0,95,6,104,7,3,30,9,0,64,485,0,283,26,0,253,0,165,8,1,37,27,191,7,2,39,2,1,66,65,3,7,27,40,68,21,81,4,32,6,26,40,24,8,19,89,10,41,1,1,0,106,4,23,90,87,22,2,87,14,14,6,67,15,30,20,4,0,0,478,165,152,0,203,2,9,50,47,2,25,18,30,2,83,2,12,4,3840,139,15,11,34,1,25,77,163,0,17,28,0,4,69,108,27,66,14,20,4,83,1,35,51,15,57,0,36,17,7,226,4,1,53,6,57,5,92,0,0,16,20,125,20,0,0,256,1,8,16,14,5,34,112,83,0,3,101,6,4,0,1,38,1,6,21,53,34,401,22,181,27,12,27,1,76,164,0,4,10,32,109,8,78,3,16,37,77,1,18,71,115,31,0,9,21,29,35,9,32,45,29,15,7,35,124,309,27,135,0,88,0,4,20,15,161,26,45,1,13,0,223,16,10,43,21,6,7,85,75,17,22,27,123,66,12,5,29,75,20,23,74,0,271,1,30,814,14,31,26,5,65,33,33,12,54,0,40,75,149,1829,6,3,1,2,11,0,13,67,18,8,26,0,0,0,0,8,22,1,99,17,11,21,16,5,124,2,40,28,17,0,53,30,87,34,37,27,8,7,0,5,1,110,43,1,3,34,20,15,5,1646,3,6,2,8,15,24,9,8,5,24,61,7,18,18,12,1,12,16,32,487,64,2,25,21,0,24,0,38,67,20,0,92,237,256,2,68,0,131,7,91,0,983,56,8,0,5,16,50,7,58,4,0,2,7,0,0,16,13,3,21,37,13,6,91,12,79,5,31,19,37,0,6,68,107,64,20,96,21,0,9,1803,11,8,3,11,0,1205,1,119,22,15,47,27,14,30,143,13,79,31,39,54,0,224,0,37,2,4,14,230,0,0,121,238,15,8,111,3,2,11,6,25,0,2,36,83,1,69,22,296,7,0,125,5,17,12,68,7,27,23,41,10,11,92,0,7,51,70,48,8,250,274,115,98,26,85,5,13,3,0,21,232,84,40,77,5,36,3,0,11,26,45
cell_291,0,24,124,0,0,28,62,43,8081,2,9,29,167,61,23,43,9,73,5,11,34,61,96,0,88,12,13,5,11,4,0,93,9,129,60,1,8,5,0,78,850,48,597,55,0,38,5,39,74,59,23,12,108,50,4,67,0,8,53,9,0,1,26,18,26,17,53,123,62,7,5,1,95,52,16,89,46,111,13,2,0,207,16,5,410,110,14,100,90,141,111,20,134,65,17,22,25,0,23,483,245,95,10,434,1,25,0,3,3,23,21,29,6,89,2,0,3,20312,9,14,11,42,2,35,173,227,0,27,15,1,6,10,150,75,19,21,31,6,37,75,69,127,34,25,0,71,5,11,276,9,11,21,68,24,4,206,83,0,11,78,153,43,2,6,185,0,4,15,5,7,20,23,13,1,1,39,2,3,12,5,70,0,1,33,52,39,2399,0,90,3,24,63,6,74,104,0,4,13,0,95,0,6,0,1,34,107,5,6,27,160,149,0,2,11,25,54,43,26,63,91,7,29,25,46,218,0,140,2,70,0,69,10,0,158,51,11,61,10,5,282,14,0,37,84,14,0,175,90,10,46,24,38,174,46,3,5,110,5,52,66,0,146,5,44,446,13,19,13,12,1,27,12,21,12,4,20,1,261,1319,52,24,35,0,6,0,7,80,60,2,1,0,0,12,0,1,9,0,24,17,7,17,0,25,101,0,25,115,12,0,37,21,59,7,134,24,0,40,0,1,4,82,59,51,7,31,37,14,46,469,11,1,1,23,2,20,0,1,17,40,49,9,0,11,65,0,28,21,0,29,129,16,184,13,6,29,9,58,64,16,156,127,175,201,117,154,2,85,2,30,23,1445,0,5,3,5,17,144,24,40,0,0,0,15,3,1,31,0,0,39,8,96,9,644,39,118,14,31,0,5,0,5,58,51,72,16,122,24,1,127,2625,1,187,0,20,14,1394,10,27,72,16,30,2,14,0,88,70,77,41,26,18,12,124,0,51,0,1,24,381,0,0,61,235,35,1,93,13,0,6,10,0,0,0,23,79,0,121,56,234,2,0,343,0,14,13,73,63,58,57,32,9,9,55,0,14,199,49,102,0,0,335,152,41,98,167,23,29,35,0,4,60,174,48,32,5,60,27,5,16,38,15
cell_292,0,23,548,32,6,99,38,83,2902,8,30,28,25,6,83,21,0,64,5,5,0,26,70,0,24,2,27,5,6,95,1,131,0,85,4,14,12,1,2,0,733,0,96,105,3,101,0,119,54,28,11,2,210,20,0,192,4,19,28,54,0,0,18,85,65,1,86,0,17,6,8,43,16,0,3,26,33,29,2,1,6,121,7,33,317,64,57,4,113,40,30,32,84,2,21,58,4,0,10,519,155,203,0,95,2,42,16,0,24,76,14,53,8,16,0,7,5,4207,112,29,24,3,1,45,59,113,0,44,14,4,102,12,93,94,69,35,24,48,77,49,62,80,19,65,1,88,14,23,117,12,7,29,13,28,4,95,41,3,9,65,152,11,2,0,292,2,0,12,3,9,32,95,52,0,0,95,1,5,0,10,44,2,10,219,53,32,279,20,311,31,5,19,2,61,106,0,0,9,28,98,2,22,1,0,14,54,18,22,51,105,53,0,0,5,26,40,64,16,60,185,2,14,35,41,100,10,170,0,60,2,63,105,1,111,12,7,65,7,3,118,7,5,7,156,4,0,73,8,24,22,31,78,110,6,5,57,81,16,31,54,0,86,7,15,756,24,8,26,17,4,66,6,2,83,2,23,54,90,1833,82,26,63,19,0,0,23,1,99,2,37,3,0,92,1,0,25,0,96,6,1,23,40,96,26,0,39,98,4,0,96,90,116,52,50,23,1,78,7,0,5,78,50,0,14,25,3,10,15,1596,10,16,0,17,2,16,14,1,22,11,67,22,26,16,10,19,26,29,21,127,44,38,387,18,13,22,0,25,38,119,28,60,73,343,27,107,20,43,25,36,3,1101,20,50,9,2,3,34,24,83,12,1,0,1,17,79,4,4,11,40,279,19,8,125,14,108,21,30,1,16,0,2,73,94,55,17,106,3,3,38,1603,12,18,2,12,8,1248,10,65,7,1,47,93,11,9,50,46,55,84,9,2,18,223,12,61,2,23,11,234,0,6,79,214,24,8,69,21,8,25,1,0,48,3,22,108,2,34,75,324,8,53,144,16,27,26,87,1,17,45,20,2,25,95,0,9,100,124,86,10,232,311,147,69,0,31,9,27,5,0,6,203,101,10,37,5,19,8,21,7,26,67
cell_293,0,10,262,23,201,122,29,154,3123,4,26,58,27,6,60,22,6,75,24,7,9,22,57,0,6,10,52,3,2,0,3,89,9,158,0,0,18,2,0,64,861,1,253,95,0,181,5,90,45,8,16,9,217,13,24,32,1,23,66,36,0,0,14,54,40,83,70,4,0,2,5,29,7,0,2,35,4,230,0,12,0,129,2,5,234,78,41,7,95,33,71,7,98,27,25,107,6,0,3,549,141,214,7,133,6,24,5,0,16,65,13,44,0,36,0,1,4,4418,135,73,8,0,0,55,89,148,0,3,24,0,77,32,152,19,72,26,29,0,72,10,40,173,9,74,2,84,5,10,160,17,1,41,2,53,31,82,9,3,28,17,173,8,0,19,333,2,14,7,3,1,55,37,31,7,0,84,1,3,0,19,66,1,2,123,7,16,347,45,293,32,9,26,2,31,225,0,1,10,16,115,3,96,1,0,42,57,0,19,43,120,11,1,1,9,30,52,49,24,51,16,5,13,7,19,138,66,105,3,86,3,69,35,7,88,10,9,63,1,2,221,11,1,13,125,0,6,93,51,20,34,34,80,139,1,0,41,74,5,38,57,0,208,2,18,712,70,16,12,6,8,54,17,5,4,0,20,75,58,1632,42,53,22,0,2,0,11,15,105,0,74,0,0,1,0,33,5,0,124,6,6,22,10,30,87,0,35,146,6,0,92,19,128,19,0,29,0,12,1,10,65,80,9,33,5,42,4,17,14,1526,3,27,1,25,5,19,10,2,4,32,42,0,10,19,72,2,11,16,19,1,65,42,58,16,14,27,0,32,80,66,89,112,504,408,16,132,22,100,86,91,0,1028,63,34,6,0,8,95,48,57,10,1,1,24,4,9,5,2,4,34,99,32,0,201,29,103,21,33,0,14,1,3,56,80,72,29,62,15,0,27,1824,9,1,1,16,5,1223,7,0,4,3,27,23,30,0,182,39,67,104,12,45,29,158,0,62,0,11,22,226,0,1,94,206,31,5,128,46,4,19,16,7,103,21,39,76,0,63,35,192,14,0,134,2,13,50,96,16,20,11,8,2,22,103,17,8,154,103,129,0,248,227,102,111,61,68,11,61,17,0,3,157,76,25,25,0,61,13,0,4,20,55
cell_294,6,15,308,38,11,90,8,85,8942,3,17,16,51,138,15,52,0,13,13,14,57,29,43,347,85,1,2,7,1,7,0,115,29,237,35,1,1,2,0,23,859,0,169,22,11,64,0,112,63,80,16,4,74,8,8,95,8,45,58,69,2,8,27,26,39,13,30,17,3,2,1,2,44,0,1,21,42,65,0,1,2,128,28,2,292,174,16,29,85,89,26,1,114,12,18,140,11,0,19,459,211,48,0,312,1,46,27,112,1,18,16,27,9,49,102,0,7,23128,0,5,12,0,0,44,314,145,0,26,20,2,18,33,161,30,32,7,33,50,63,50,0,92,5,22,1,85,17,64,248,39,80,3,18,18,0,240,122,10,28,77,82,14,20,55,159,6,3,9,21,2,63,63,75,3,1,54,1,10,0,26,66,5,39,24,5,44,1417,12,55,21,4,58,0,92,101,0,6,3,16,119,6,22,1,0,27,114,0,4,22,187,9,3,7,6,17,41,25,0,79,13,5,9,4,32,129,0,173,4,66,0,49,9,12,113,24,8,15,11,15,262,6,7,1,107,0,14,139,212,54,36,23,152,301,21,4,57,134,29,53,122,0,72,3,52,419,19,17,0,10,21,37,4,0,4,2,4,0,372,1475,82,78,131,1,47,5,19,51,20,12,1,1,0,2,5,7,29,273,34,25,4,14,33,63,29,0,31,198,14,0,54,47,41,49,12,21,3,33,0,3,17,78,58,1,2,152,0,15,15,433,0,14,9,0,10,20,48,0,3,4,37,0,5,23,30,58,7,3,2,682,126,0,18,33,32,33,0,51,25,17,146,92,230,262,93,123,4,58,61,5,0,1402,23,14,1,7,8,42,31,38,43,0,0,20,4,21,32,15,4,34,27,154,0,554,21,207,1,32,0,3,4,9,29,56,138,28,32,59,3,57,2608,0,13,7,19,0,1382,0,1,40,11,58,43,18,80,101,66,55,225,35,30,74,176,0,57,0,1,36,551,0,11,96,196,23,0,97,36,11,4,9,0,239,10,2,78,9,28,34,442,0,7,335,3,19,50,26,0,108,27,30,5,19,54,0,13,0,220,200,0,38,318,190,56,10,112,24,4,20,0,6,16,186,28,2,0,54,9,0,12,23,7
cell_295,6,37,76,209,49,74,49,43,5629,10,13,8,31,12,28,53,4,59,0,21,47,61,103,2,56,23,7,1,1,24,3,100,7,55,4,0,18,0,0,0,433,0,316,52,0,71,10,176,18,27,25,2,97,25,14,27,6,0,64,26,0,0,7,42,38,19,36,43,15,18,5,13,100,8,14,94,19,89,0,1,17,155,64,8,55,137,57,99,83,145,29,8,95,3,20,28,100,3,0,474,174,137,0,139,1,104,20,55,5,32,37,44,5,36,0,1,1,7455,118,39,8,19,1,15,102,207,0,14,23,1,8,52,137,82,37,20,14,8,47,66,42,50,19,37,0,162,29,62,122,34,0,12,39,31,1,67,44,18,20,72,185,39,2,13,233,1,0,8,4,8,60,80,52,0,1,2,3,0,17,5,76,0,45,75,47,50,3372,21,47,9,0,1,2,30,33,0,8,5,14,79,4,9,22,1,7,108,10,15,28,135,7,2,3,3,27,88,11,10,63,66,0,2,40,4,29,2,163,0,118,5,82,37,0,124,3,8,5,22,1,185,9,4,0,65,8,2,105,47,8,35,22,46,59,14,6,41,204,29,38,54,0,17,32,10,445,17,2,7,5,21,45,0,14,1,0,8,19,231,1339,74,33,48,7,18,0,12,12,18,1,6,0,0,9,0,4,55,0,43,13,3,0,0,66,144,1,26,46,19,0,44,57,53,4,33,17,1,24,16,2,28,51,86,0,12,65,7,6,12,574,90,3,3,6,6,19,20,0,21,8,34,1,5,7,40,110,4,22,0,0,50,8,42,11,31,42,0,82,53,35,10,113,204,121,76,75,1,82,1,69,0,1352,19,56,5,14,31,14,38,37,3,24,0,24,13,4,29,7,6,30,67,31,0,255,26,118,1,49,2,5,1,3,129,65,41,4,20,15,1,48,3408,0,7,1,1,8,1832,35,4,61,0,1,96,6,25,0,63,63,239,23,7,10,95,0,56,12,0,13,288,0,1,22,114,27,8,83,13,6,2,29,7,216,1,50,39,0,40,70,190,15,9,180,0,11,8,43,0,124,30,18,5,20,52,0,23,78,41,23,0,29,253,42,38,0,94,9,0,44,0,2,88,131,4,23,1,43,20,2,0,27,22
cell_296,6,21,471,0,2,10,82,58,3101,1,30,57,168,12,67,13,14,63,10,7,0,49,40,11,96,21,0,1,17,17,1,113,1,177,5,3,13,1,0,46,622,0,148,72,0,104,0,49,51,13,30,14,178,28,15,55,2,16,62,42,2,3,16,11,51,65,49,5,16,0,4,18,1,37,0,27,52,280,0,7,19,120,8,39,143,79,49,11,132,16,48,16,95,30,25,49,9,0,2,527,150,199,1,186,4,27,5,33,1,61,10,31,2,44,1,4,2,4181,235,27,6,10,1,51,69,110,2,1,20,1,9,12,112,9,56,7,14,4,58,17,66,125,6,69,0,73,15,13,78,72,0,34,12,50,10,62,3,2,15,54,166,33,0,29,327,0,8,4,0,15,20,78,106,0,0,130,3,6,0,2,38,0,5,49,40,16,369,31,292,63,3,29,0,78,244,0,0,4,32,106,3,95,3,2,15,70,0,3,53,104,31,0,11,4,21,33,54,6,41,85,6,27,15,38,279,1,144,0,85,3,87,41,15,158,7,26,33,11,1,215,23,2,20,107,3,1,65,13,34,53,24,48,110,7,3,58,85,14,27,37,0,263,14,15,708,27,4,16,6,20,48,22,3,32,2,19,4,131,1891,42,9,18,0,3,0,4,46,59,3,16,1,2,0,3,0,5,308,106,23,1,16,3,32,95,0,35,13,15,0,71,0,82,104,82,18,0,22,4,0,14,95,28,42,6,34,10,35,7,1554,0,1,11,19,0,29,4,1,9,50,63,8,33,33,29,1,21,12,72,470,93,19,399,28,12,18,0,31,41,53,52,70,198,396,69,30,5,72,16,108,5,1179,32,1,3,11,25,22,26,39,3,5,0,9,2,24,7,1,0,22,202,31,2,16,11,86,6,27,1,12,0,10,35,102,88,10,97,20,0,41,1754,5,49,3,14,6,1216,3,17,18,0,45,4,32,0,69,33,71,67,29,60,27,154,0,46,0,0,21,212,0,0,9,244,36,9,119,30,1,5,36,4,0,1,9,79,0,111,19,157,3,29,52,11,26,6,68,18,43,17,100,7,18,101,0,8,38,108,138,1,3,199,140,78,28,43,7,50,11,0,5,211,82,82,63,1,33,16,4,13,37,53
cell_297,0,22,144,0,146,107,38,154,5959,1,11,18,43,13,32,35,7,65,16,5,2,78,73,2,20,22,43,3,14,52,1,100,54,191,15,3,1,5,0,0,412,0,97,47,0,13,26,144,14,96,16,14,88,56,15,87,0,53,72,15,2,1,9,44,48,26,25,10,17,10,12,0,12,2,0,7,26,109,2,4,0,169,35,37,217,189,44,64,67,94,227,11,91,23,21,8,3,89,12,460,216,162,0,125,1,39,7,0,23,27,40,28,11,28,0,0,9,7225,71,57,31,4,2,20,112,58,0,20,19,1,29,85,162,93,27,27,33,3,74,87,53,32,29,23,1,100,8,29,79,46,0,19,11,19,2,150,103,0,53,85,176,84,0,12,242,2,4,15,12,11,72,47,13,0,0,47,0,2,0,3,74,5,7,6,43,16,2989,7,139,0,5,65,2,69,75,1,68,1,5,80,1,4,5,0,98,81,4,9,22,123,138,0,4,9,26,83,22,2,69,17,3,3,16,5,70,19,115,2,80,1,60,34,15,72,27,8,46,0,6,161,18,11,32,217,5,4,111,10,10,34,9,31,80,54,8,16,199,39,46,51,0,26,29,21,451,6,15,27,12,2,26,18,37,1,3,12,131,264,1397,63,6,83,3,23,1,8,57,48,10,9,0,0,11,0,0,13,275,40,9,6,12,0,49,55,0,32,66,5,0,48,2,54,32,24,14,0,13,0,0,39,65,44,41,9,149,40,12,8,583,40,16,0,4,4,16,18,5,29,3,21,0,14,16,33,1,2,3,11,10,64,29,69,3,31,44,0,81,39,54,177,98,179,136,111,100,7,69,10,70,0,1269,22,57,1,2,33,72,58,35,20,4,0,20,27,11,19,7,59,55,33,73,0,160,63,154,1,49,3,0,0,5,129,60,99,27,6,4,9,102,3211,2,35,6,4,7,1887,22,77,62,3,24,155,21,4,7,46,46,122,29,48,46,186,3,65,0,5,11,246,1,0,13,122,37,5,57,24,19,0,8,0,0,0,38,32,3,96,33,211,8,11,188,4,31,32,71,21,7,34,39,0,13,46,0,15,12,118,105,1,83,260,23,39,1,169,23,33,0,0,0,79,84,4,49,9,22,15,0,3,27,20
cell_298,2,32,218,0,0,67,8,148,5747,5,18,12,45,19,33,44,11,47,13,31,43,141,80,0,0,0,16,17,1,21,0,30,42,77,5,0,14,1,0,0,173,0,185,33,5,96,42,249,66,32,24,23,81,29,3,83,3,20,43,27,0,1,14,31,43,32,23,3,75,22,10,0,5,38,11,0,22,44,0,9,23,169,35,6,205,221,9,28,65,11,188,20,97,43,14,27,4,4,0,434,171,133,2,211,3,79,23,2,9,5,21,39,3,107,0,0,0,7433,8,55,35,11,1,1,50,130,0,19,15,8,15,38,146,29,20,25,12,0,28,30,30,5,1,39,17,104,10,65,155,15,0,14,19,17,5,163,71,15,40,46,110,57,0,0,215,5,2,4,17,0,56,49,19,0,0,22,1,5,0,7,21,0,5,16,54,35,3327,51,62,51,4,39,0,105,42,0,11,29,25,75,21,26,5,3,60,112,0,23,39,116,37,0,9,2,20,76,19,0,40,118,2,7,12,13,36,0,131,0,56,1,20,17,43,44,47,13,22,27,0,168,13,5,49,180,0,2,90,17,9,47,25,90,97,18,3,14,203,10,53,93,0,53,23,35,467,25,15,6,21,42,26,3,14,0,0,9,161,280,1381,28,46,50,0,9,0,5,81,22,5,16,0,0,8,26,1,47,0,38,42,2,7,65,1,119,0,30,81,2,0,77,2,33,35,16,28,0,5,0,8,2,68,29,0,16,93,20,8,28,633,102,16,8,26,13,19,3,4,7,17,36,15,5,2,4,6,3,27,0,75,54,12,35,25,16,17,2,79,9,14,133,112,134,91,68,53,11,65,0,56,32,1240,48,18,6,2,28,51,22,23,46,7,3,7,15,20,8,3,16,43,71,47,0,8,52,182,13,38,0,2,43,16,29,52,147,17,74,9,12,69,3181,0,78,0,7,10,1885,28,0,62,18,127,170,7,0,31,53,12,246,23,24,42,156,0,50,1,1,16,62,32,0,92,127,73,5,84,0,7,7,7,0,13,1,40,31,4,45,103,277,85,29,163,0,24,0,8,4,14,29,51,4,7,49,7,25,187,157,102,5,0,286,58,56,0,122,56,7,6,2,2,65,152,69,24,4,87,11,16,1,3,7
cell_299,0,30,128,0,50,10,37,134,6371,3,13,13,77,10,8,38,5,68,2,8,26,58,94,0,14,31,16,2,13,20,1,104,5,57,2,0,18,2,1,33,484,1,183,44,0,33,0,114,52,20,16,10,70,8,0,35,7,32,66,42,8,6,28,56,61,24,29,68,13,3,8,3,15,17,61,28,29,116,0,1,4,123,52,9,248,204,27,55,93,31,164,21,108,58,18,56,20,19,17,453,103,120,10,52,3,17,18,95,1,29,29,34,1,120,0,2,12,7779,12,19,26,1,0,23,130,106,0,18,23,1,13,85,169,73,24,21,39,2,47,12,107,130,39,28,1,130,2,5,161,63,18,10,59,22,2,140,28,10,2,80,199,12,0,13,206,5,2,9,9,4,25,51,20,1,0,15,0,3,1,3,99,3,28,21,42,27,3633,13,126,26,6,28,10,101,82,3,0,3,31,93,1,6,9,6,76,87,11,14,18,134,190,0,1,35,25,90,27,3,77,161,12,9,33,3,38,0,119,2,11,2,87,13,11,41,0,7,12,14,3,178,16,1,50,141,2,3,102,7,10,12,23,42,151,28,2,10,197,43,54,94,0,62,23,21,446,8,8,11,11,97,9,4,10,34,1,22,113,126,1399,16,1,85,5,15,0,15,23,35,1,20,1,0,2,0,10,50,0,61,15,4,16,0,33,83,17,28,53,24,2,16,28,60,12,39,19,0,15,2,0,11,46,59,21,6,102,74,9,11,602,109,7,1,16,13,18,31,0,9,21,37,0,3,9,28,10,43,23,31,4,49,25,120,15,42,70,11,95,42,9,141,152,290,133,61,88,3,99,29,10,2,1240,23,3,9,8,39,32,26,45,120,0,0,7,6,13,28,22,23,36,58,10,3,188,38,127,0,44,0,1,0,18,123,69,123,28,0,9,1,16,2922,0,41,8,21,8,1844,10,35,59,1,18,20,7,20,84,54,68,111,12,6,34,90,0,65,1,1,9,227,1,10,130,138,47,0,104,20,6,1,6,8,0,0,16,41,0,24,33,185,59,9,137,7,9,6,13,8,26,10,11,12,14,35,0,17,37,94,31,7,89,251,39,49,0,160,16,20,93,0,8,71,164,5,15,0,123,11,6,9,27,24
cell_300,1,23,94,65,53,29,25,143,6088,3,20,21,51,15,10,68,12,55,1,0,1,67,86,22,171,33,45,1,0,7,3,107,1,107,17,0,3,3,0,22,430,0,420,44,0,95,4,253,9,104,12,13,62,13,8,69,1,13,74,46,0,1,6,11,57,92,42,17,63,4,14,59,0,4,1,53,15,76,0,0,3,142,15,30,56,207,41,14,97,21,48,20,102,39,11,40,8,14,4,467,195,135,0,158,3,41,19,51,3,25,35,33,6,74,0,0,0,8019,75,5,22,5,0,36,101,28,2,122,44,0,1,71,150,79,42,6,38,13,74,23,159,72,0,22,3,18,3,14,131,45,0,32,27,27,8,160,70,0,21,88,178,48,0,23,212,0,13,18,24,8,72,67,16,2,0,55,21,2,0,7,84,1,17,161,35,11,4026,23,123,13,15,43,0,84,67,0,25,6,29,108,0,8,5,1,79,67,10,32,30,133,65,3,18,17,21,91,4,17,81,125,3,33,53,11,78,9,169,0,105,3,55,16,0,111,31,10,33,18,0,145,10,21,51,105,10,11,113,14,17,11,5,113,47,31,11,34,186,32,65,85,0,59,61,26,469,19,2,11,2,13,31,18,32,38,0,14,101,180,1418,7,15,70,0,9,0,10,47,33,3,0,0,0,5,0,0,27,0,53,19,24,21,46,16,144,0,31,2,0,0,38,1,65,15,18,18,0,10,0,5,29,66,64,5,10,79,95,15,7,630,39,3,1,11,5,11,19,2,8,4,26,10,13,1,62,16,2,9,8,133,69,20,114,30,36,64,0,58,26,32,164,133,425,95,93,13,2,81,44,28,0,1217,17,19,1,20,40,31,19,29,38,1,2,40,4,31,9,4,18,27,55,9,1,78,28,156,0,47,10,4,0,3,70,25,48,17,29,32,0,18,2924,1,32,0,23,9,1892,9,33,12,6,32,95,4,11,44,49,68,203,13,15,92,130,0,23,11,3,12,268,0,3,134,111,43,1,101,26,0,0,40,18,0,0,62,29,1,69,91,87,23,46,183,2,36,94,4,14,8,27,20,4,16,40,0,9,51,65,51,5,0,273,18,43,16,132,0,16,18,0,0,88,127,21,6,16,6,15,0,4,27,13
cell_301,0,31,123,0,76,40,26,71,5722,0,18,7,20,63,30,69,0,16,3,2,36,15,93,0,131,17,27,1,10,14,2,54,6,179,12,0,2,3,0,16,456,0,248,42,0,67,0,228,58,84,20,9,92,31,24,48,2,23,23,45,0,0,5,88,58,34,35,10,45,0,37,0,24,0,16,75,30,16,0,3,0,157,15,45,25,204,64,49,84,163,175,7,96,1,25,47,8,2,0,475,197,145,0,227,0,69,7,8,1,26,37,22,8,21,0,0,0,7230,143,45,44,94,0,41,114,160,0,39,42,1,0,50,121,43,43,9,4,11,47,70,174,5,8,23,1,208,22,92,125,28,0,28,32,21,17,144,66,2,26,32,184,83,0,5,206,8,13,9,2,6,38,80,115,1,0,44,4,0,0,18,146,1,21,23,50,38,5217,29,39,25,9,53,0,147,58,0,0,22,30,83,1,1,15,3,90,93,0,31,39,129,46,1,13,3,26,98,78,9,86,39,1,39,16,18,51,17,203,13,82,5,37,22,2,157,36,8,19,34,0,192,18,1,42,21,3,1,89,31,25,58,9,124,159,69,2,61,237,48,41,64,0,71,28,28,426,1,14,13,19,99,46,16,6,78,0,23,75,234,1330,0,35,149,0,1,5,24,18,31,12,0,1,0,10,20,0,11,0,67,6,1,12,0,18,138,0,31,27,3,0,69,1,51,54,18,23,0,19,8,2,1,69,26,0,12,202,2,7,6,592,12,24,0,8,11,19,3,15,20,14,35,0,15,12,59,41,16,15,2,347,42,11,0,9,38,54,0,97,57,82,161,45,32,121,92,47,6,42,26,51,0,1104,24,8,0,4,23,27,32,40,187,0,2,20,0,6,51,0,11,41,98,3,0,48,47,138,0,16,0,20,0,9,78,35,174,11,122,24,0,124,3307,3,50,5,6,8,1760,17,4,80,3,92,19,5,23,65,61,55,166,23,52,45,197,13,65,0,1,20,374,0,0,160,110,33,1,55,8,9,1,2,6,0,4,12,30,8,91,17,256,0,1,160,6,23,3,68,30,45,42,25,3,28,46,5,3,28,47,175,0,0,175,53,13,2,53,23,13,2,0,3,109,125,14,9,3,83,6,0,21,40,4
cell_302,0,20,215,1,141,114,2,166,9499,3,12,17,166,42,24,12,15,69,26,33,2,2,88,0,19,3,11,5,3,40,1,93,12,97,20,2,2,2,7,0,896,0,616,51,5,62,60,150,51,23,10,21,123,11,1,64,11,4,28,32,1,2,56,20,40,7,50,12,7,19,5,12,5,0,26,7,27,45,0,1,51,228,5,21,389,226,19,65,80,27,187,18,133,13,8,88,9,74,15,514,200,41,4,286,1,21,0,3,2,23,17,32,0,148,0,3,0,25257,182,5,13,32,0,11,151,35,0,17,5,3,4,35,88,84,33,37,27,21,58,16,35,30,4,21,2,20,17,14,257,77,42,4,13,16,1,237,171,50,19,37,66,67,1,29,142,0,16,4,39,1,39,15,64,0,0,40,2,3,4,14,15,0,12,235,3,34,1711,36,246,12,0,47,1,25,97,0,20,13,4,118,14,12,0,2,15,82,0,34,28,151,172,0,0,22,13,7,1,62,88,250,2,11,8,4,157,2,164,0,90,0,13,11,15,141,1,12,34,6,3,293,17,3,46,42,1,4,138,42,23,37,30,93,81,15,1,2,108,10,44,74,0,186,10,52,453,55,8,13,3,45,7,11,40,6,4,7,132,94,1394,15,24,243,0,18,0,3,5,17,6,5,0,0,0,6,64,32,0,27,43,2,19,17,38,42,35,31,136,1,0,77,22,35,47,9,18,15,113,0,1,44,57,55,2,39,154,52,16,29,465,21,6,12,16,4,16,7,1,3,5,48,37,3,23,11,0,11,19,43,732,136,0,7,40,0,23,0,25,10,16,44,102,395,252,60,184,4,58,12,66,8,1367,30,26,0,5,7,14,19,26,89,3,7,28,2,56,11,2,12,17,22,159,0,32,9,168,16,13,2,17,3,8,46,79,103,43,9,13,1,49,2408,0,55,0,3,15,1428,2,18,15,0,4,123,13,10,5,24,15,222,11,45,25,87,2,50,0,3,16,602,0,0,85,138,13,5,111,14,1,24,1,9,0,1,7,64,0,114,62,185,40,7,343,7,37,42,12,2,23,48,20,5,12,71,10,8,105,210,38,1,50,360,153,65,1,183,46,35,4,0,2,51,168,37,23,2,25,6,0,14,20,15
cell_303,3,30,101,103,19,7,43,176,5399,2,37,11,157,40,27,77,14,26,2,4,5,11,73,0,168,27,10,2,3,0,2,96,0,145,13,0,10,2,0,12,435,17,80,60,0,54,0,44,8,60,14,15,89,85,15,66,8,10,68,50,0,1,12,37,56,50,23,9,3,0,19,27,0,0,81,2,33,63,0,7,4,144,31,39,94,205,20,47,76,41,167,6,102,100,9,179,3,38,1,491,233,73,3,174,12,73,80,0,12,33,23,36,1,173,1,1,1,7937,0,8,23,26,0,40,72,74,0,0,26,1,15,40,142,45,33,13,23,1,59,46,105,66,0,25,8,127,8,21,183,73,0,16,20,13,4,95,9,0,3,58,146,53,0,37,250,4,11,16,17,6,49,11,13,2,0,65,2,0,4,5,136,1,0,63,9,24,5769,22,85,4,3,45,0,61,16,0,0,7,12,73,1,27,6,2,48,82,0,3,32,128,4,0,4,27,27,99,42,1,94,17,0,22,25,24,63,0,123,1,108,3,61,11,3,91,61,4,57,7,6,175,11,11,53,25,2,9,70,108,2,51,23,103,29,30,1,19,42,3,73,51,0,66,17,2,454,19,10,40,27,16,44,1,6,0,3,1,6,96,1375,50,12,104,0,68,2,26,7,37,1,2,4,0,8,13,0,13,0,41,21,8,33,4,65,85,0,25,100,1,0,69,5,60,99,0,24,2,5,0,2,0,41,17,3,2,265,11,17,5,561,19,26,4,5,11,27,37,22,18,52,27,1,10,7,87,6,31,39,0,255,52,0,97,45,16,66,0,47,26,9,195,32,19,130,11,83,0,11,43,3,1,1181,14,8,13,3,25,35,26,52,5,0,0,30,7,26,43,0,0,36,107,65,1,79,57,137,4,37,16,22,0,9,4,56,113,5,98,11,3,53,2920,8,1,6,8,1,1928,18,5,62,0,36,131,33,3,124,50,61,199,20,11,48,159,0,15,0,1,12,218,12,0,31,88,40,8,73,0,3,0,4,3,0,1,9,44,0,23,73,59,25,12,173,1,29,7,16,18,65,47,13,1,23,52,1,3,110,85,192,6,3,318,26,69,54,123,12,93,24,0,2,43,114,23,8,0,98,17,0,10,4,9
cell_304,0,26,279,5,12,23,6,18,4796,20,20,23,49,4,14,49,4,74,13,34,18,53,91,2,7,23,50,2,7,15,0,94,26,100,7,11,66,1,0,2,460,0,557,40,1,80,0,185,66,33,23,2,77,85,10,80,8,6,52,44,0,1,17,35,56,55,45,23,80,6,23,12,35,0,5,41,31,20,0,0,46,150,22,23,210,219,31,64,82,77,50,2,100,11,22,52,10,4,2,469,161,56,0,185,4,80,0,6,8,7,47,31,1,67,0,0,0,7902,0,7,8,14,1,29,125,123,0,31,12,0,40,103,147,42,30,2,34,5,43,18,11,58,17,24,11,79,5,48,160,30,5,8,12,20,3,124,87,29,17,23,154,16,4,0,245,0,1,9,2,3,36,39,0,9,0,38,0,9,3,1,102,1,4,82,14,54,6230,20,101,16,6,45,5,110,91,0,24,13,5,90,19,12,4,6,58,113,14,27,38,119,110,0,3,41,22,54,3,8,124,137,0,15,24,6,43,12,157,0,87,2,18,25,0,98,0,4,36,21,7,119,9,1,34,79,0,8,89,39,5,9,28,76,152,16,1,25,180,47,60,98,2,18,7,52,455,52,28,16,16,21,38,24,7,55,2,8,119,217,1306,56,15,112,0,0,0,23,71,58,0,10,1,0,14,1,0,35,85,49,24,16,1,0,57,87,0,29,101,2,0,63,28,54,36,32,27,0,24,0,4,8,79,67,0,64,243,11,3,11,575,35,6,1,13,3,18,6,15,5,3,25,0,14,14,25,10,6,11,1,0,28,13,3,15,3,45,0,81,9,7,18,103,185,125,79,138,1,70,12,92,11,1207,53,87,0,5,21,0,25,38,192,0,1,38,2,66,18,0,6,34,74,57,0,73,54,168,15,41,0,10,0,5,103,29,143,9,109,2,4,100,3229,2,0,0,25,8,1838,12,53,2,0,47,177,7,0,28,57,59,248,27,17,13,137,0,74,11,1,9,204,0,0,113,118,6,0,28,9,16,19,6,4,444,4,19,31,31,122,119,187,33,65,203,18,22,68,47,3,65,46,34,1,20,41,4,3,201,109,25,2,6,332,47,60,9,90,23,78,13,1,0,64,128,15,19,4,3,6,0,3,42,16
cell_305,3,27,281,1,32,245,39,234,2712,5,11,38,73,13,84,40,5,71,18,8,48,169,27,0,54,10,5,11,8,20,5,76,13,310,0,0,32,10,0,0,1138,8,98,63,0,40,56,120,7,45,28,15,180,73,33,102,4,0,66,64,0,0,2,79,197,17,41,52,9,0,9,0,22,1,57,483,27,261,0,0,15,22,6,50,54,80,61,11,104,40,43,17,116,52,37,52,5,1,5,276,134,117,8,151,4,33,12,2,7,75,18,33,0,25,143,1,9,3170,8,27,27,0,9,40,141,222,0,35,3,1,3,20,88,32,88,29,39,5,40,34,104,165,51,54,3,100,23,40,193,52,0,33,12,70,3,105,6,0,12,20,158,2,0,46,179,4,1,16,15,2,40,125,7,0,4,25,1,11,0,1,91,0,8,131,45,34,465,16,202,20,4,30,0,63,180,0,0,4,68,88,0,41,10,2,29,69,0,15,86,84,0,0,3,32,29,53,10,45,96,202,2,31,36,99,197,0,211,0,147,3,95,53,12,83,26,45,246,0,1,121,19,3,8,230,2,3,99,13,42,40,21,36,132,13,0,12,88,9,29,23,0,157,4,11,437,83,15,40,16,15,60,11,10,43,1,11,1,44,1730,45,31,13,1,24,1,8,24,100,11,34,3,0,5,0,0,10,0,48,32,5,25,0,26,138,0,47,201,0,0,68,35,98,5,0,20,0,14,0,0,18,59,40,0,14,53,0,119,1,829,11,24,4,23,6,19,20,1,18,3,101,2,14,13,115,36,22,14,1,36,153,1,398,72,1,23,0,48,45,97,2,64,143,426,79,86,8,53,15,41,10,1140,22,112,105,1,3,14,58,30,0,15,0,46,21,38,3,7,10,47,11,34,0,396,33,65,26,29,0,2,0,3,44,30,154,30,152,13,35,108,1939,9,46,1,9,3,1578,14,1,13,0,57,47,6,2,165,21,78,66,22,29,15,119,1,139,1,13,17,408,2,0,66,161,11,13,90,63,6,25,18,10,679,4,12,62,1,16,75,145,3,62,66,8,14,72,100,4,17,10,48,5,18,51,0,3,120,21,161,3,228,314,110,26,21,63,11,15,23,0,13,328,25,60,3,5,50,31,10,15,21,26
cell_306,0,34,120,47,44,55,57,63,2571,13,9,44,41,17,43,36,6,45,13,5,32,50,23,0,107,34,2,3,17,15,2,95,18,274,8,0,15,9,0,35,1022,0,290,107,0,11,0,90,22,25,85,8,152,0,1,114,1,8,59,71,0,0,5,11,164,37,52,19,20,1,5,4,22,0,210,507,38,292,0,16,2,57,9,26,287,83,29,0,131,46,11,17,114,35,46,40,10,17,3,293,110,122,0,104,2,39,0,10,4,41,33,32,10,46,0,0,0,3606,12,63,26,32,1,23,19,260,0,10,12,0,54,20,90,23,68,17,9,16,80,22,120,76,1,115,0,109,25,6,110,18,209,20,34,142,7,146,17,0,20,14,147,21,1,1,140,9,6,20,12,27,67,85,0,2,32,84,22,0,19,0,81,0,12,18,8,23,405,27,223,35,9,33,18,67,73,0,1,48,23,68,15,35,0,3,59,50,8,47,60,87,35,1,24,6,61,56,75,1,16,9,2,11,21,83,522,8,219,1,102,0,71,78,46,60,36,40,42,3,5,151,14,11,3,91,9,2,69,28,36,46,9,68,57,27,24,9,162,11,33,37,0,127,1,11,432,27,27,37,12,65,37,60,8,42,0,36,105,195,1648,73,7,54,1,29,0,26,59,43,10,27,0,0,0,1,0,4,0,51,4,4,33,0,34,160,0,30,231,20,4,30,5,107,10,198,19,0,30,7,0,27,75,31,17,18,172,2,58,20,799,8,22,3,18,4,17,6,17,17,8,114,7,6,15,46,0,34,11,8,73,126,33,267,25,0,13,0,50,120,19,20,93,105,618,61,86,2,61,17,3,0,1103,6,74,32,2,22,21,36,50,4,1,0,9,0,18,12,0,0,40,98,20,0,251,11,90,8,31,8,6,0,8,55,20,87,45,95,15,17,29,1791,5,134,2,13,10,1649,8,1,25,25,49,18,9,6,182,35,40,36,31,16,31,145,0,106,0,4,24,300,1,0,109,167,40,1,79,12,1,8,14,0,77,0,2,49,4,82,53,415,14,0,131,9,30,93,17,1,44,38,10,11,7,60,0,0,35,14,36,1,0,301,142,32,10,53,9,1,2,0,0,358,63,66,17,3,49,33,0,19,112,18
cell_307,0,35,29,0,1,21,3,29,2848,48,37,3,35,17,27,79,14,35,82,0,23,18,45,0,1,31,12,3,19,44,6,33,54,4,8,0,1,0,0,0,107,0,14,113,1,37,5,27,19,14,53,5,42,23,8,31,0,21,108,57,2,0,18,45,108,1,60,8,13,3,41,0,30,13,8,14,39,7,0,1,19,133,38,6,31,113,27,65,83,9,86,65,77,11,48,22,5,5,40,1868,65,114,1,98,12,46,17,0,20,82,74,77,9,35,30,6,1,1344,8,78,44,5,1,81,46,33,1,5,77,5,2,42,72,13,86,20,52,4,78,24,68,16,7,79,0,14,60,5,89,11,9,43,0,67,0,92,143,0,18,12,57,15,0,11,67,2,6,37,9,9,20,28,11,6,1,103,5,0,0,14,98,3,20,26,35,77,61,7,11,31,3,116,3,15,80,0,40,16,41,81,15,7,52,33,54,82,6,31,43,82,5,0,43,11,30,75,42,2,34,13,2,15,25,17,46,30,79,1,43,5,85,45,19,97,57,8,81,10,4,80,54,16,36,9,1,7,54,21,8,115,63,103,90,64,16,6,59,123,44,21,0,45,12,21,95,7,59,84,72,79,41,25,6,78,2,76,81,76,1651,50,12,15,0,20,9,58,16,27,0,11,2,0,0,8,1,71,10,53,62,6,83,0,13,116,12,60,57,66,0,40,0,86,4,14,86,8,46,0,3,23,58,20,0,24,1,9,13,7,878,14,42,1,4,56,73,17,20,40,3,84,37,10,25,16,23,29,19,71,73,124,12,9,16,2,15,0,105,16,7,63,27,14,75,56,35,38,74,8,22,0,2087,36,27,8,12,11,4,42,55,6,15,10,27,11,28,66,5,9,88,42,17,0,6,74,70,30,88,0,3,13,29,30,102,77,8,39,43,1,70,2610,0,42,0,8,10,2328,16,3,13,5,44,42,13,12,98,40,61,29,38,20,39,36,0,81,1,2,23,27,0,3,81,45,25,0,65,25,11,43,12,11,61,4,64,79,0,6,34,94,0,4,52,32,39,44,29,7,13,7,13,5,101,54,0,5,22,85,34,4,9,57,134,42,1,79,1,9,17,0,0,38,84,9,70,3,50,29,4,45,52,38
cell_308,0,21,410,17,124,186,86,20,3050,11,51,29,110,47,6,33,17,48,56,2,9,26,10,0,1,24,26,6,38,25,3,105,68,277,4,0,4,23,0,6,1200,0,47,182,0,13,0,122,69,8,49,13,116,11,44,156,1,6,53,41,0,8,14,79,135,24,55,59,44,6,5,84,84,0,8,514,15,296,0,20,3,153,15,3,390,62,112,10,106,19,76,3,125,0,44,66,7,1,0,318,44,87,19,32,8,18,1,3,4,121,9,48,8,73,0,1,11,5929,56,54,37,0,4,45,53,343,0,26,14,0,4,3,95,73,104,29,29,0,58,66,27,33,1,111,2,63,39,8,383,15,10,23,9,240,12,142,25,42,26,155,131,20,2,0,175,2,4,11,11,7,21,26,105,5,8,89,0,8,0,17,78,0,1,23,3,74,42,26,121,40,7,38,9,18,108,2,35,0,40,100,0,19,3,7,34,38,25,30,98,74,69,0,0,5,29,50,101,0,49,13,7,36,20,42,32,0,126,0,58,5,142,170,56,98,14,5,170,3,5,154,3,0,18,183,9,0,126,49,1,38,22,48,131,37,6,9,27,2,37,98,1,89,23,52,365,9,24,17,9,5,54,25,8,56,1,50,2,348,1933,113,1,11,3,5,4,20,77,34,0,175,0,0,0,0,61,7,0,46,8,7,4,35,19,157,0,70,378,1,0,76,15,134,18,80,28,0,22,0,0,53,96,3,6,8,165,0,122,0,550,19,46,7,28,8,31,5,45,14,1,119,0,6,13,5,30,19,0,54,129,75,14,22,16,39,6,0,33,123,0,25,48,217,514,13,146,11,75,64,20,9,1172,27,95,20,12,21,52,11,41,4,7,2,40,3,23,22,1,12,32,215,98,7,13,28,76,14,21,0,15,0,4,56,80,85,32,124,49,2,56,1726,5,100,0,20,4,1118,2,5,18,7,10,26,24,10,148,20,63,14,44,4,7,38,0,159,1,1,82,275,0,0,38,158,37,15,102,46,2,40,5,0,70,0,0,99,19,74,67,400,47,30,254,11,12,8,70,17,2,39,11,2,23,41,17,14,63,182,48,1,0,316,153,57,5,29,9,51,10,1,0,162,75,22,2,8,78,38,15,4,65,9
cell_309,5,15,280,41,1,26,55,109,3481,4,32,29,47,68,22,24,0,24,24,17,12,71,21,1,59,22,0,6,10,8,1,86,14,165,9,16,20,6,2,7,1099,0,60,162,0,96,0,43,6,10,30,3,53,20,17,67,8,21,62,49,1,4,26,18,123,27,49,72,11,22,12,0,69,1,0,0,35,266,23,3,20,117,18,27,0,75,7,0,143,10,52,12,162,8,62,138,8,0,16,317,58,59,0,80,3,4,15,112,3,111,8,27,5,99,0,0,4,5741,14,68,26,1,2,56,99,225,12,50,14,0,10,29,76,20,45,7,31,19,67,3,77,128,0,109,1,38,33,10,339,11,183,65,19,224,15,173,32,0,23,82,87,15,2,16,174,0,6,31,8,6,5,104,0,17,6,4,6,15,1,5,84,2,51,89,17,43,46,16,210,8,6,32,2,36,123,3,0,13,61,106,10,128,0,0,22,39,0,6,19,80,91,0,5,15,25,38,56,0,62,44,3,16,85,34,288,81,203,1,24,0,111,29,46,105,0,5,6,7,4,191,1,2,12,128,0,4,119,21,56,15,24,73,136,10,15,18,40,23,30,126,0,20,19,43,412,20,20,23,12,45,50,6,6,65,0,53,77,137,1853,1,0,6,0,22,1,26,66,28,2,9,0,0,0,0,1,8,8,42,5,8,15,2,23,235,2,55,164,17,3,58,57,128,27,91,23,1,17,21,1,12,38,41,11,10,8,6,39,0,516,0,38,0,60,6,19,12,0,18,21,89,0,5,39,8,0,3,9,39,447,210,19,59,56,30,13,0,28,49,5,25,118,146,747,6,58,3,121,12,32,6,1115,32,19,11,4,16,94,13,43,1,1,4,26,3,5,20,1,1,16,247,55,2,262,16,47,11,24,0,21,0,8,44,102,113,6,62,105,4,8,1827,0,107,3,49,2,1244,0,102,10,0,25,3,71,0,115,28,74,14,44,80,30,88,0,74,0,3,41,348,0,0,6,204,62,2,131,46,0,0,20,0,0,0,2,63,30,10,10,344,3,14,199,24,21,18,82,4,27,23,18,39,31,41,1,10,82,7,32,0,187,142,129,67,12,31,5,3,15,0,7,180,76,70,40,1,0,4,4,18,30,31
cell_310,0,80,74,0,107,32,14,247,3795,6,45,45,30,77,7,85,36,62,44,8,47,147,56,0,21,25,15,11,0,5,2,31,28,98,3,0,29,1,0,41,3589,0,184,16,0,92,6,250,28,52,12,9,166,73,5,134,0,14,61,7,0,7,54,184,159,55,27,186,46,0,4,71,0,15,0,177,46,637,0,0,73,42,17,61,279,77,86,6,84,7,29,0,178,58,30,0,8,0,2,241,129,111,0,160,10,15,16,50,2,14,23,32,0,107,0,0,8,3104,7,48,22,0,0,28,61,292,0,6,9,0,20,61,60,49,79,2,26,2,44,17,73,198,44,74,0,150,3,4,432,56,3,15,0,171,29,196,15,14,1,63,86,7,0,11,81,5,23,1,16,15,50,101,32,2,0,87,3,5,0,6,142,0,16,70,8,41,432,112,371,15,19,36,0,166,101,0,34,32,30,107,10,151,0,2,34,102,0,11,82,75,17,0,0,15,76,82,97,0,88,17,1,8,21,27,333,0,690,0,26,3,64,34,43,49,24,24,167,4,3,180,21,3,36,98,3,1,147,140,5,39,21,294,0,39,1,11,120,5,76,49,1,140,3,19,343,85,38,35,18,111,24,18,23,1,0,9,56,289,1628,56,9,7,0,1,1,13,14,19,8,28,0,0,0,8,0,1,1,19,59,13,10,17,63,40,10,14,294,4,0,59,6,105,33,9,23,0,1,0,3,24,39,26,1,11,445,3,74,63,437,7,20,0,11,7,19,7,6,3,95,162,7,20,9,193,4,14,7,2,1,325,13,44,50,3,18,0,41,35,154,72,212,469,656,30,102,11,49,39,32,2,554,6,0,0,20,20,4,23,41,0,3,0,26,0,16,7,0,3,37,348,23,1,209,11,112,16,22,0,2,6,2,78,82,126,64,40,14,0,33,1910,15,5,7,10,18,1792,1,75,54,0,14,2,45,0,535,21,67,60,0,19,29,37,0,162,0,4,43,522,3,3,43,201,49,2,58,22,15,6,1,3,0,1,8,104,0,23,18,678,133,0,160,4,14,7,126,11,46,30,9,7,12,30,0,8,50,68,140,2,47,582,325,61,5,53,1,70,3,0,1,185,75,48,5,11,0,24,0,4,83,23
cell_311,0,30,294,80,5,281,18,128,3463,0,25,43,67,119,48,17,7,85,9,4,20,228,35,6,22,26,16,25,27,0,0,76,28,43,21,1,0,1,0,2,1290,0,73,194,0,109,11,182,25,52,30,1,149,22,9,172,0,52,60,53,1,3,51,40,118,9,48,65,79,0,6,5,7,0,1,545,24,220,0,18,33,167,6,56,92,60,88,25,125,19,30,16,165,23,103,73,4,8,13,330,57,73,0,201,9,0,2,32,6,126,21,51,9,130,93,0,3,5992,70,22,55,3,4,41,63,253,0,4,14,3,1,52,86,66,94,22,2,4,49,48,57,80,1,95,0,124,37,27,374,14,2,57,68,206,9,147,7,0,14,134,156,5,0,16,177,32,6,36,3,17,41,132,37,4,0,107,8,7,0,8,77,2,11,20,32,64,54,34,359,16,6,41,0,37,40,0,9,0,53,118,0,47,6,0,28,45,0,12,50,95,7,0,2,19,36,42,27,0,55,13,14,11,67,38,606,0,290,38,62,4,108,131,57,115,14,31,56,0,4,207,8,9,5,41,9,6,130,21,35,36,25,113,101,35,36,7,26,12,18,79,0,109,2,36,394,16,13,18,23,4,59,27,23,21,2,57,30,324,1724,115,54,12,5,13,0,17,72,70,2,7,0,0,0,0,0,6,0,47,12,9,24,31,85,200,0,61,163,2,0,49,12,145,62,26,43,0,6,0,2,35,85,44,7,53,173,0,101,10,599,46,62,0,3,3,42,6,0,25,6,129,5,8,18,11,2,1,17,22,158,216,15,123,18,24,11,1,32,30,89,34,120,77,990,55,86,5,66,20,43,1,1233,14,43,15,2,13,54,29,30,4,7,0,53,0,8,14,0,0,38,273,34,0,897,48,107,11,24,0,0,0,5,74,133,67,23,39,177,4,72,1796,0,127,3,8,4,1189,6,0,22,2,26,6,29,0,39,38,52,22,37,123,29,90,2,133,3,6,73,311,0,12,40,142,34,40,125,76,12,3,3,1,34,0,15,78,0,29,29,127,17,1,214,4,18,15,76,17,23,11,67,18,12,40,0,7,34,21,78,2,150,308,155,59,8,17,12,20,23,0,0,202,67,97,15,5,29,9,0,3,43,13
cell_312,2,33,81,0,9,14,12,64,2828,20,11,19,26,11,6,71,36,71,11,8,0,17,44,1,54,32,2,6,16,14,3,78,77,64,6,13,13,1,0,7,58,0,34,89,0,23,0,35,10,10,24,11,49,29,7,13,1,5,101,10,1,2,27,34,91,18,66,18,70,22,59,28,8,19,17,78,69,49,0,3,26,45,22,3,27,100,46,9,74,50,30,37,60,53,61,3,9,3,6,1795,94,89,11,48,0,85,5,2,12,57,56,80,6,47,1,0,7,1576,16,49,19,12,0,80,14,5,0,21,93,0,4,64,67,17,84,4,36,32,67,4,34,20,37,80,8,58,23,8,27,4,0,35,58,51,6,80,65,1,23,58,60,13,0,1,62,1,1,46,0,1,23,14,28,0,3,67,4,5,0,3,92,1,15,72,42,64,48,24,28,31,8,92,2,36,10,0,34,23,67,62,14,39,4,15,17,80,18,55,35,77,5,4,18,5,37,79,19,3,100,1,0,10,96,12,56,0,59,0,81,1,97,15,5,84,52,28,27,12,10,69,73,11,5,9,1,3,77,5,3,42,65,39,82,26,25,43,58,141,55,74,3,84,7,36,82,11,19,29,48,92,55,14,5,86,1,42,21,132,1656,48,26,10,5,8,0,43,33,16,5,17,29,3,0,2,1,13,3,47,45,5,113,4,22,99,0,64,25,99,0,38,15,112,53,30,77,0,56,0,37,7,77,74,15,20,48,45,8,29,978,5,25,1,14,26,66,17,0,27,4,88,3,19,12,34,10,28,39,0,9,96,2,19,16,6,54,0,92,20,13,54,53,12,83,55,2,22,60,12,18,9,2047,32,7,9,16,52,42,16,55,1,4,0,47,8,25,44,8,5,21,61,9,0,55,12,57,7,77,0,47,0,35,63,98,65,2,63,26,4,17,2406,0,25,8,1,15,2296,7,10,4,6,56,9,32,101,21,52,85,28,56,11,4,31,0,64,0,2,33,23,0,0,34,56,20,4,75,65,3,18,57,7,23,20,38,65,0,67,23,88,1,35,71,26,50,20,23,3,26,32,25,0,86,69,0,26,29,30,18,1,0,32,125,62,0,34,27,11,10,0,25,51,98,19,32,5,0,5,3,26,83,28
cell_313,1,61,127,159,53,34,47,190,4961,4,265,80,2,61,34,208,19,42,13,7,25,594,52,4,152,13,15,4,19,0,4,56,21,275,2,0,79,7,0,20,873,0,70,15,0,62,30,87,17,30,16,2,279,9,0,101,0,3,61,16,0,9,15,27,62,54,33,415,70,9,3,47,10,0,3,307,31,322,0,10,156,28,36,2,411,20,41,3,96,4,84,1,213,26,32,125,32,4,0,153,64,40,10,20,5,5,31,4,2,28,7,34,6,74,0,6,0,5159,21,20,7,1,2,16,157,57,0,2,11,1,5,14,77,86,29,1,25,0,44,15,142,41,12,74,0,7,5,0,587,30,0,16,8,48,1,168,33,0,7,39,108,1,0,30,242,5,3,29,2,5,67,18,20,0,3,28,0,1,2,13,91,13,13,41,15,31,394,93,2217,38,18,24,0,27,188,0,73,0,0,69,3,172,1,5,22,116,0,25,75,35,8,0,3,14,118,380,34,8,42,116,4,2,27,5,308,0,376,0,84,5,79,81,3,86,15,3,212,2,0,256,16,8,14,267,5,0,77,43,3,44,40,35,60,3,19,2,208,0,226,32,0,284,9,38,285,31,17,84,15,32,33,12,13,1,2,28,126,146,2015,39,64,20,4,27,3,6,82,54,0,25,0,0,2,7,0,0,2,32,12,9,0,18,126,28,0,37,148,0,0,42,1,119,6,121,12,0,16,0,0,118,33,26,0,6,27,0,23,15,527,15,25,7,13,10,25,13,1,12,115,70,0,7,15,437,11,14,0,57,4,95,36,98,81,95,31,9,2,82,5,56,113,70,261,51,19,1,32,12,9,173,614,47,30,16,2,6,11,44,8,0,3,0,61,6,12,6,18,2,24,32,19,2,89,43,106,1,31,3,6,0,2,68,12,60,71,48,9,4,138,4386,3,88,4,2,12,4244,73,0,41,20,33,90,12,0,132,21,20,26,85,1,8,90,11,54,3,20,85,484,7,7,16,191,22,23,113,37,9,23,10,0,0,0,7,338,0,10,66,413,42,174,61,22,26,108,35,11,246,15,29,30,9,31,12,3,48,18,138,2,44,398,314,62,95,39,2,104,4,6,2,84,35,6,8,8,162,22,5,2,76,7
cell_314,1,107,227,122,23,21,43,83,5822,4,102,5,15,151,43,127,13,12,14,4,108,59,16,150,19,13,14,3,39,6,0,79,8,55,11,0,8,6,0,13,3323,0,54,70,0,95,0,158,19,3,69,17,220,69,9,184,0,2,72,39,0,0,6,109,105,26,26,531,1,0,10,70,1,4,81,3,41,619,0,4,0,19,13,41,313,35,45,2,83,16,54,17,207,22,76,159,9,0,1,194,63,35,0,126,4,23,31,10,8,106,13,49,6,91,0,0,4,5241,23,88,25,4,5,46,59,261,0,12,12,0,10,12,10,6,133,12,39,13,57,35,12,73,66,76,1,65,15,1,433,5,72,24,0,135,9,163,11,27,10,7,87,4,1,0,145,1,2,24,0,4,24,55,29,12,1,110,5,21,8,7,109,2,24,95,42,58,213,20,2810,26,1,32,5,184,83,0,0,12,52,97,3,9,22,5,65,155,10,9,57,39,32,1,19,18,46,112,81,24,54,13,0,18,93,10,425,31,851,0,62,0,74,28,4,64,10,34,285,2,4,198,8,0,18,618,2,5,122,23,21,40,38,63,296,31,12,22,159,9,130,68,0,128,3,38,411,13,41,9,37,2,55,4,14,122,0,268,234,109,1936,43,29,21,4,0,0,16,8,86,4,15,0,0,2,6,0,5,0,22,3,8,21,0,45,176,0,91,203,2,0,61,43,140,7,81,12,0,59,0,7,0,34,62,2,19,116,1,10,47,404,2,17,4,13,1,24,5,8,13,3,128,2,19,7,148,5,35,27,5,230,108,27,49,151,73,20,0,32,32,150,39,155,255,573,30,75,4,34,21,23,0,499,6,69,21,8,15,3,35,27,4,0,2,45,5,1,10,5,7,30,340,20,0,162,27,91,16,19,0,49,0,9,22,98,91,38,513,38,1,138,3003,2,28,0,14,8,2325,9,34,24,0,80,27,99,0,453,13,54,43,37,44,3,38,0,97,0,6,116,944,1,0,25,137,10,1,148,65,4,14,28,3,0,1,9,222,3,8,52,145,6,52,254,3,11,16,47,6,131,33,36,2,16,46,2,8,92,38,12,0,148,452,289,47,89,43,24,10,3,0,8,84,80,17,7,1,18,3,0,13,77,11
cell_315,12,202,167,17,94,15,59,171,4359,6,13,107,2,27,12,192,15,41,20,9,104,193,39,0,0,20,11,2,32,5,0,58,3,291,6,1,35,2,0,78,1559,0,158,40,0,62,0,105,18,2,29,4,368,17,12,221,9,1,45,33,0,6,20,204,106,32,34,163,7,0,13,46,8,16,0,261,4,90,0,2,0,28,5,38,355,20,60,13,126,1,76,2,261,13,39,160,30,0,17,161,84,70,5,29,1,23,0,19,7,42,12,52,7,41,293,1,51,5213,18,56,29,6,0,3,110,103,0,12,16,0,18,21,53,41,31,24,1,12,41,28,9,67,0,74,0,44,1,2,645,20,264,13,20,53,15,94,38,0,4,67,88,13,0,41,193,11,9,2,20,3,31,29,29,4,6,113,0,3,5,5,126,4,15,63,29,52,358,19,5140,45,106,21,0,308,112,0,1,38,114,82,4,77,0,4,59,140,1,19,72,42,109,2,2,25,143,415,10,7,48,105,2,4,58,13,143,0,536,0,41,1,66,79,1,84,0,4,5,5,9,308,11,5,28,214,5,2,75,3,6,44,68,53,196,38,6,38,219,19,230,38,0,236,9,42,285,8,28,61,54,96,36,28,24,67,0,246,489,171,1902,20,51,137,1,3,0,30,26,72,8,6,0,0,2,10,0,9,26,21,26,4,15,0,47,50,1,93,31,5,0,67,82,111,6,101,21,3,6,0,0,6,18,75,11,8,220,16,57,4,563,5,7,12,53,1,22,2,10,2,4,72,1,13,13,134,0,66,14,3,0,136,0,21,3,3,24,0,16,79,73,81,216,132,317,37,9,2,29,10,10,28,544,16,4,7,11,16,9,16,30,3,1,2,1,0,7,18,0,18,18,103,127,0,38,14,121,13,34,1,48,0,4,58,56,91,88,325,6,0,121,4137,0,244,2,23,23,4273,7,174,144,26,29,3,13,12,234,32,55,19,73,49,14,119,0,52,0,27,65,336,52,0,22,140,55,2,47,55,2,9,3,2,0,0,18,371,0,15,54,406,154,41,144,30,22,11,109,27,309,25,13,2,17,32,2,2,50,30,42,6,0,551,494,80,77,26,12,24,16,0,8,209,66,1,25,8,46,20,0,3,68,7
cell_316,3,207,139,13,33,5,82,197,5023,0,43,72,0,9,51,35,6,57,36,104,37,516,57,0,106,10,7,2,25,0,1,74,9,316,2,17,43,3,0,0,1562,181,97,43,0,123,0,170,17,21,73,2,334,12,44,145,9,8,45,41,0,1,23,116,90,37,37,160,8,0,6,55,43,3,79,249,17,77,0,12,59,6,5,82,318,28,47,7,140,15,60,20,243,28,45,102,51,0,9,182,68,34,0,34,2,13,43,48,6,74,11,37,6,35,0,0,4,5544,0,80,19,1,25,18,155,51,0,11,5,0,21,4,50,89,70,4,36,17,38,21,99,40,26,89,2,77,34,8,462,14,0,20,7,107,4,149,47,14,20,67,117,33,0,4,228,0,31,35,5,15,31,86,44,0,37,115,7,4,7,1,130,4,16,17,71,15,409,48,2476,24,4,14,0,224,146,0,24,2,2,75,5,18,21,4,52,133,0,26,63,45,8,0,0,1,117,373,13,22,20,8,4,9,41,0,122,27,692,0,57,4,41,95,0,80,19,1,98,14,12,298,15,9,23,264,3,2,82,82,3,33,56,112,204,24,7,25,156,16,265,50,0,182,1,49,286,41,21,47,12,142,42,14,4,2,0,322,79,147,1847,29,61,21,26,8,3,16,81,49,9,51,0,0,0,2,0,8,0,14,43,32,14,3,21,116,0,85,129,5,0,73,101,117,3,1,18,0,15,0,0,19,26,36,0,14,83,0,4,51,501,7,11,3,27,5,23,8,10,9,16,90,4,7,7,17,5,15,17,20,0,112,41,111,100,8,19,1,24,14,28,51,187,202,124,53,68,0,16,1,14,130,570,26,47,22,6,2,8,34,39,2,1,0,15,0,9,9,25,146,4,105,34,0,152,37,90,4,25,0,13,0,5,104,77,105,10,308,4,1,56,3957,0,27,0,19,15,4112,6,0,38,9,19,87,16,0,82,15,65,16,104,74,2,114,6,65,0,15,82,717,56,1,39,134,44,18,57,55,12,4,12,3,0,2,49,298,38,12,54,419,106,72,97,23,19,53,119,2,215,27,21,12,13,31,2,11,169,20,32,0,2,234,366,58,186,26,10,42,14,0,3,203,56,7,29,3,2,10,40,7,60,16
cell_317,0,116,190,0,61,68,16,84,5290,5,63,55,17,142,24,142,6,49,4,44,54,184,49,15,8,23,0,7,40,0,0,53,12,90,14,0,18,0,0,51,2432,23,69,33,0,44,2,235,7,7,66,5,214,7,33,200,1,11,64,21,0,1,54,23,105,27,17,184,34,2,6,5,2,9,0,47,19,628,0,7,47,49,9,28,307,47,43,9,135,3,24,0,200,17,66,16,15,0,30,175,82,36,4,101,1,9,0,0,1,75,13,45,1,109,38,0,1,4994,4,41,35,0,7,25,85,248,0,2,14,15,2,41,55,70,52,5,27,48,42,27,71,94,8,85,0,64,8,9,486,22,110,26,14,265,3,171,10,4,9,92,63,12,0,0,169,12,7,9,4,8,14,92,1,0,0,122,10,3,0,1,134,5,78,54,7,66,188,41,837,24,6,32,3,57,174,0,15,35,81,111,8,211,17,2,17,158,0,8,92,47,114,0,1,5,68,238,18,13,43,21,0,15,74,37,619,0,914,0,56,1,92,78,198,89,28,3,39,0,1,286,13,4,11,325,7,2,102,33,48,46,43,167,37,22,15,44,109,18,134,87,0,65,1,43,439,27,16,22,16,64,14,20,5,41,1,287,385,275,2118,2,18,22,5,2,0,5,43,71,0,53,0,0,0,0,0,14,0,17,12,10,12,0,41,64,17,93,246,24,0,46,19,167,16,172,15,0,9,3,8,47,35,71,0,21,203,10,19,24,402,18,37,8,16,3,21,10,0,2,75,113,0,3,11,92,5,13,10,42,0,230,3,82,186,32,21,0,20,4,56,17,223,140,427,87,44,6,43,16,29,119,521,32,18,0,4,15,44,35,20,7,1,0,38,2,11,26,70,16,21,85,107,0,462,6,98,3,29,0,1,0,5,51,92,75,59,90,29,0,19,3048,0,37,4,6,25,2298,5,69,11,2,30,3,31,0,638,17,62,48,73,14,35,146,0,67,1,10,101,612,0,1,45,144,31,4,131,113,5,8,27,0,0,3,6,208,0,10,68,516,74,61,241,11,16,5,28,19,136,2,35,25,26,34,0,19,24,40,28,0,0,623,306,50,9,26,3,1,3,0,0,126,116,25,2,5,150,7,4,0,41,7
cell_318,23,77,94,63,0,12,18,50,5234,7,240,147,20,63,37,124,2,67,4,1,100,76,58,17,176,9,4,4,101,0,12,57,12,60,4,8,1,1,0,43,1416,0,96,40,0,165,0,151,31,39,66,15,319,4,28,17,0,34,71,55,0,0,40,33,38,70,29,45,37,2,11,32,61,2,39,31,20,145,1,1,172,22,27,114,70,29,49,7,152,1,40,6,259,10,41,157,41,1,15,170,83,68,4,77,1,3,29,36,0,62,11,29,3,58,3,3,2,5119,26,37,39,1,8,21,62,89,0,0,15,0,0,18,54,60,84,4,16,70,44,23,31,38,6,79,0,49,34,1,276,4,5,15,22,104,7,158,1,1,34,93,114,20,0,26,187,1,39,38,1,10,60,75,18,4,16,12,2,3,0,2,90,2,67,42,96,33,394,24,1530,17,18,32,0,297,87,0,1,7,0,22,0,82,14,2,70,105,11,17,107,43,3,0,5,70,134,362,74,3,27,62,0,4,74,37,540,15,620,8,91,4,62,116,6,101,11,28,29,1,5,283,13,4,2,160,0,2,90,52,12,42,22,156,158,14,15,15,167,9,230,37,0,266,23,14,286,34,10,88,21,0,26,28,11,32,0,327,571,167,1910,21,48,26,14,36,1,5,94,127,12,5,0,0,2,4,0,13,0,18,7,24,5,1,43,116,5,99,92,16,1,37,24,95,15,188,5,0,23,0,4,4,27,95,0,12,53,1,78,152,563,1,10,0,14,2,22,6,0,4,23,53,0,9,6,122,0,23,14,36,152,116,10,35,140,55,24,0,25,60,47,63,250,315,320,65,41,0,29,0,28,12,620,14,1,22,2,8,12,42,26,3,2,0,4,6,8,20,3,59,32,92,61,0,40,22,94,22,36,17,9,0,2,34,61,90,38,132,2,6,92,4001,0,61,0,15,9,4078,37,3,50,13,49,3,21,17,169,30,38,14,83,68,3,28,1,44,0,4,110,711,0,0,9,102,27,1,78,114,0,1,5,0,0,3,34,306,4,3,45,285,4,101,168,25,30,48,35,30,463,21,148,43,2,44,1,7,157,5,27,2,0,480,355,67,930,28,5,35,16,0,1,239,34,13,27,2,110,5,1,17,70,5
cell_319,4,22,343,18,2,37,39,178,2509,7,59,8,24,8,61,37,2,67,18,7,29,84,20,0,34,10,12,6,9,0,10,77,3,53,6,52,29,4,0,5,1146,1,58,123,2,88,183,74,22,5,40,5,170,1,1,157,19,10,67,32,2,4,6,116,197,65,15,105,25,8,7,1,27,0,47,53,36,140,51,12,1,64,7,11,60,75,51,35,109,51,46,2,143,21,34,29,5,11,0,293,129,130,3,68,0,54,44,1,7,92,19,34,7,64,72,1,18,4064,35,102,15,7,0,43,90,285,0,1,28,0,22,36,85,53,47,38,16,1,84,36,121,51,4,130,2,112,22,19,218,6,5,8,6,172,4,103,28,3,27,122,187,10,0,70,200,18,21,11,6,14,1,44,1,2,0,99,6,4,0,9,61,5,16,60,56,24,364,15,122,15,9,20,1,87,117,0,1,11,10,80,3,24,9,5,61,38,10,11,40,105,73,0,11,27,68,18,29,9,61,34,0,34,35,90,132,71,177,3,96,3,72,181,0,77,13,23,208,2,11,124,5,5,2,208,0,1,63,174,29,36,6,103,123,45,12,61,162,25,35,21,0,92,14,13,390,1,18,17,18,71,51,7,12,0,1,14,17,302,1649,0,43,27,28,24,3,20,54,73,7,49,3,0,12,6,0,4,0,56,5,30,0,0,42,153,0,43,124,1,0,72,47,131,16,51,30,1,34,4,0,14,58,84,2,8,43,8,0,4,882,37,34,8,30,5,20,3,1,16,11,120,0,5,35,60,7,38,3,30,112,127,3,58,28,25,27,6,27,12,81,37,109,235,608,31,28,0,82,1,36,0,1189,53,13,81,7,12,63,44,55,5,2,1,12,44,4,3,7,9,43,189,25,12,303,29,64,7,35,0,42,0,25,133,113,42,16,376,6,8,109,1631,1,13,2,6,0,1631,13,0,23,12,45,48,25,0,362,10,79,6,39,73,4,87,14,149,0,7,16,237,25,8,15,148,24,0,92,35,10,22,26,14,0,3,32,50,0,47,35,387,2,41,140,2,20,97,48,26,13,24,32,1,27,33,0,1,17,60,41,9,174,154,116,29,90,30,5,12,12,0,0,350,98,16,23,1,3,17,0,6,36,34
cell_320,0,38,374,99,16,64,48,169,3491,0,27,42,11,103,12,23,14,66,31,22,28,139,18,50,58,23,1,22,46,1,1,83,22,307,10,6,5,13,0,1,1281,0,124,127,0,60,5,128,7,7,33,6,119,0,0,49,2,4,58,69,1,12,23,45,113,10,44,89,36,12,1,34,6,5,151,655,36,301,0,8,41,157,7,13,149,56,53,5,103,0,23,2,147,8,25,99,12,17,13,346,55,77,14,145,5,5,0,88,1,8,16,55,0,114,42,16,0,4897,7,25,15,11,0,24,76,247,0,6,3,4,12,56,77,82,106,6,0,56,53,32,87,107,20,22,6,77,15,23,242,44,239,10,66,181,15,122,27,0,21,98,108,28,0,109,242,18,21,27,18,5,34,20,50,0,1,75,27,19,0,1,23,6,2,5,26,41,65,55,94,21,0,19,0,31,110,0,16,4,28,90,6,112,3,12,11,59,0,22,120,74,3,1,2,14,39,46,4,1,46,130,6,32,34,17,68,0,214,0,64,2,145,139,109,139,0,38,224,4,2,220,19,13,23,157,2,1,102,10,9,10,8,53,105,4,6,30,17,12,19,86,1,157,8,42,495,69,7,36,0,32,18,38,14,65,0,56,46,238,1823,152,15,19,0,7,0,5,73,111,2,8,0,0,9,0,7,6,0,34,9,2,3,33,95,214,0,54,208,0,0,23,53,119,17,23,32,0,51,4,0,29,84,19,0,9,237,17,112,5,556,3,33,8,29,7,29,8,22,7,13,119,2,25,18,14,0,5,18,39,425,132,0,324,38,22,20,0,37,74,31,55,119,313,399,59,117,13,128,4,29,31,1069,29,25,0,5,9,5,15,28,3,13,1,6,6,5,7,8,1,69,214,93,0,79,16,78,17,19,0,2,0,8,15,105,58,30,16,32,1,25,2183,9,145,5,13,16,1156,15,66,22,4,24,6,10,42,280,40,66,70,15,25,17,118,1,143,0,4,25,125,0,2,33,186,27,36,202,6,12,15,0,5,2,0,8,48,8,9,71,218,13,9,207,13,33,11,16,0,16,29,98,41,25,48,4,22,15,130,60,10,24,251,151,81,162,27,4,51,14,0,0,231,71,35,17,9,13,11,0,5,19,11
cell_321,4,24,227,2,49,26,23,145,5019,9,41,6,93,50,36,76,7,47,3,15,9,8,35,7,0,38,9,4,12,0,1,37,3,36,3,0,9,0,0,122,490,66,61,59,11,81,143,236,43,20,23,24,97,12,19,69,1,58,41,65,12,4,13,39,33,47,30,5,52,2,12,0,0,21,0,46,25,116,0,1,3,152,12,3,123,184,77,29,85,23,190,25,112,4,27,161,5,29,0,470,233,172,4,205,1,65,13,15,4,36,40,32,0,122,0,8,0,8543,244,20,47,22,0,28,104,142,0,18,23,0,8,67,169,41,37,16,36,14,53,28,34,31,4,39,2,147,14,27,184,32,0,9,8,33,6,105,6,0,54,74,153,90,0,16,212,0,3,7,0,0,47,25,38,0,0,55,3,0,0,16,112,0,8,87,28,45,5461,14,23,20,0,27,0,123,66,2,1,8,24,85,0,22,26,5,72,71,3,21,38,135,44,0,18,47,29,107,68,12,88,35,9,8,29,8,72,9,146,3,80,3,37,33,0,94,52,7,34,7,4,136,19,6,3,41,0,4,90,161,32,30,16,67,198,10,16,25,252,46,62,20,0,55,24,29,433,8,7,26,10,132,30,9,8,79,0,8,0,225,1290,2,14,20,6,72,0,19,52,51,1,5,7,0,0,5,0,30,0,39,25,1,5,0,14,117,0,41,24,21,0,58,17,53,68,34,11,1,22,0,0,1,59,35,0,7,5,11,38,15,567,6,6,5,3,7,23,56,3,12,3,29,28,4,5,30,55,7,0,43,325,39,38,56,45,32,50,2,78,33,60,209,46,323,143,91,86,7,50,4,62,0,1279,45,61,9,5,56,3,41,43,13,3,0,24,17,26,27,6,8,54,62,49,9,30,43,141,6,42,0,7,10,6,10,64,86,7,60,13,1,74,2938,0,2,2,1,3,1998,22,2,74,9,93,105,5,1,61,36,68,56,21,48,48,109,5,56,0,3,23,178,0,0,27,113,25,0,66,25,5,2,14,9,0,1,23,47,0,66,85,313,0,9,161,1,18,60,65,12,168,27,52,1,18,52,1,21,103,78,49,22,0,321,33,29,3,66,24,42,15,0,0,92,124,26,32,4,22,3,0,15,33,9
cell_322,1,17,416,2,0,25,78,171,3157,1,56,56,60,5,63,17,7,68,7,23,50,141,57,0,5,10,6,8,19,48,2,118,35,73,6,10,2,0,0,11,799,4,89,98,4,198,0,141,47,19,15,24,189,36,48,147,4,1,53,104,4,2,17,34,59,36,63,1,1,7,15,45,3,0,17,108,30,44,0,1,38,85,9,7,282,97,38,5,130,42,11,3,102,19,27,54,6,54,2,471,141,160,0,186,2,38,7,52,10,68,16,54,12,88,0,1,2,4349,17,30,25,35,3,58,86,155,0,20,21,0,25,66,144,37,81,13,25,19,92,8,40,153,23,54,1,21,11,16,8,24,61,22,66,57,0,82,56,0,31,74,164,5,1,46,346,0,4,19,9,2,36,95,21,0,0,60,8,13,0,4,57,1,6,152,52,16,420,27,155,64,9,31,2,42,200,2,20,4,58,83,12,22,0,1,18,50,0,10,54,109,1,1,3,24,21,54,36,10,50,68,0,1,31,42,193,0,135,0,52,1,85,81,37,90,0,11,37,1,4,244,13,4,36,118,2,2,82,49,12,36,9,21,199,30,10,59,75,19,37,124,0,273,21,23,757,75,9,13,21,46,40,22,5,71,1,33,48,172,1784,88,38,41,3,65,1,22,51,75,6,124,0,0,4,2,0,7,0,85,6,6,34,5,45,90,0,40,92,11,0,75,14,149,54,260,19,0,91,0,2,7,106,49,0,1,36,6,69,3,1478,10,31,0,3,2,20,18,0,3,11,48,1,17,28,7,2,1,12,35,97,85,4,119,4,10,20,1,30,55,75,60,73,191,256,62,116,3,101,34,13,0,1076,59,34,8,12,4,18,44,15,16,9,1,8,5,13,12,7,6,23,117,14,3,101,17,70,20,36,0,5,0,7,68,130,65,41,5,40,4,2,1819,12,9,1,31,1,1335,0,5,14,1,12,62,10,0,105,40,80,17,10,59,27,237,2,54,10,4,6,143,4,0,61,186,17,6,73,66,20,0,7,17,534,3,26,77,3,54,17,294,8,42,121,3,23,7,134,1,24,53,8,3,9,75,3,10,139,131,98,6,237,157,65,87,2,73,4,58,23,0,13,171,57,56,45,4,80,5,0,11,51,79
cell_323,0,5,156,45,138,16,70,96,4828,4,47,72,95,44,6,34,2,39,2,3,1,123,56,0,0,4,18,5,11,0,2,72,8,39,2,0,0,2,0,39,1191,0,187,75,0,142,0,201,10,7,23,30,156,56,13,197,9,11,32,17,0,2,24,159,64,73,54,25,49,21,2,37,43,65,0,136,51,237,0,26,61,83,5,14,0,72,88,13,73,23,50,16,167,5,21,132,10,0,3,353,175,165,0,224,3,15,7,35,5,108,8,30,4,115,0,0,21,8262,235,45,22,0,0,50,149,149,0,13,21,3,1,49,99,41,42,9,24,10,58,38,26,119,16,37,0,34,7,4,399,35,11,18,2,20,2,133,112,20,8,32,134,9,0,5,267,0,13,18,3,3,69,73,182,15,0,64,2,0,0,2,95,0,33,82,23,32,740,29,68,17,45,38,2,81,116,0,0,11,8,106,0,37,0,6,39,90,19,17,45,143,96,0,8,8,37,58,88,15,66,14,6,26,27,44,360,0,173,0,25,3,76,29,4,84,22,10,0,5,3,192,5,0,2,1,0,4,164,282,74,37,19,109,125,22,22,71,33,18,40,73,0,297,16,77,574,4,2,38,14,45,28,21,8,61,0,15,24,378,1584,18,2,42,3,10,1,9,79,20,1,16,0,0,3,0,0,13,1,33,7,3,6,0,40,63,0,14,176,0,0,47,38,67,66,251,18,1,17,0,5,2,122,49,0,1,2,8,63,21,483,2,1,2,12,2,19,41,0,4,0,75,0,6,10,54,5,35,12,19,8,66,2,198,43,19,24,0,43,17,249,96,120,128,197,25,150,0,101,29,31,2,1035,19,8,7,31,17,31,25,11,26,1,0,23,1,9,8,0,2,10,146,38,7,329,23,135,14,28,0,5,0,3,82,83,70,47,11,13,0,16,2136,22,53,0,22,8,1847,2,17,30,1,25,29,28,0,72,64,63,64,17,24,9,178,0,86,0,0,14,331,0,0,25,217,43,1,50,67,2,5,8,6,298,3,19,147,11,43,32,351,0,0,89,3,20,53,119,24,132,1,91,7,14,67,1,1,37,34,86,0,0,330,263,107,1429,94,27,35,4,0,0,69,160,30,3,1,17,8,0,19,50,7
cell_324,3,21,58,0,46,22,34,136,3496,7,51,29,26,11,73,8,1,75,6,9,22,149,49,1,89,9,17,2,24,0,11,109,21,165,19,5,10,5,0,46,852,0,173,106,0,174,1,16,45,11,41,21,177,32,11,6,5,21,44,39,0,0,71,113,39,1,63,30,17,2,7,39,70,13,0,60,24,10,21,4,1,94,7,22,185,56,23,4,117,60,70,3,103,4,26,6,11,46,5,493,143,225,8,188,4,23,17,11,4,30,17,42,3,49,0,0,3,4428,62,37,27,25,4,25,96,170,0,26,0,3,63,39,125,30,45,10,12,0,62,17,6,74,7,63,0,82,6,1,94,19,11,11,33,21,6,111,39,4,40,69,106,33,0,1,300,8,3,6,0,10,45,131,58,0,0,106,1,5,4,8,41,0,3,6,47,28,302,12,118,31,0,34,1,51,89,0,13,4,11,110,6,58,3,0,39,51,1,12,70,119,79,1,3,5,33,36,96,0,51,50,2,6,27,75,131,62,134,1,58,1,42,60,6,68,18,3,11,0,2,244,11,6,30,54,8,8,62,23,24,34,23,61,154,23,5,20,18,11,33,97,0,122,20,5,802,6,23,16,18,7,48,28,2,48,2,13,0,243,1751,104,14,68,1,27,0,27,49,14,3,68,0,0,0,1,0,6,0,80,19,6,12,0,31,103,0,4,184,2,0,72,12,113,72,55,19,0,8,0,5,9,25,50,0,61,120,12,15,5,1505,8,1,8,2,6,16,5,2,3,9,75,8,25,83,21,16,32,20,0,322,38,50,64,13,20,20,10,24,18,5,95,119,147,403,48,71,1,95,27,45,10,1131,50,36,6,3,8,71,55,45,6,3,0,2,1,26,16,4,0,37,207,29,0,115,38,78,17,32,0,4,0,9,34,150,70,29,107,51,2,108,1821,0,64,6,6,7,1358,0,0,22,20,61,75,19,0,33,26,56,46,28,63,7,77,0,63,0,20,14,353,0,0,136,238,20,16,133,30,0,2,4,49,10,1,35,96,0,123,45,274,9,23,93,14,28,0,64,17,37,27,21,1,22,104,0,15,125,17,142,1,251,225,88,62,2,60,12,43,22,0,0,199,79,16,45,6,114,13,36,7,31,23
cell_325,3,5,297,167,80,52,27,153,5693,7,16,13,50,41,35,47,5,53,7,8,50,116,96,0,4,6,0,10,3,0,0,63,2,34,2,1,7,0,0,0,460,55,99,37,3,90,194,108,54,24,25,7,60,63,0,85,0,15,70,61,1,4,8,19,53,17,30,40,36,23,15,0,92,40,0,4,30,134,0,0,2,178,20,0,145,234,42,47,73,58,11,16,105,4,19,12,6,0,3,459,196,125,0,251,4,5,15,26,4,29,28,43,2,102,0,2,0,7341,108,9,21,8,1,32,196,53,0,5,17,0,1,34,146,83,59,28,31,0,70,16,127,49,15,29,10,120,31,25,179,8,0,26,31,21,12,160,0,5,22,11,170,37,0,0,271,0,10,13,4,3,67,86,108,0,0,59,0,15,1,12,133,0,32,94,38,38,5027,11,80,13,3,35,1,50,65,7,41,8,21,84,10,8,20,4,64,94,3,21,30,105,12,0,2,62,26,109,44,2,67,11,0,3,1,16,78,7,161,14,71,2,68,11,41,136,47,5,25,15,0,161,15,2,66,142,6,4,104,186,4,27,14,54,95,12,8,8,216,24,48,66,0,74,14,18,426,20,5,18,8,74,33,3,205,72,0,20,92,230,1350,51,10,78,3,7,0,20,69,26,7,2,1,0,16,0,6,43,0,44,26,31,28,0,28,136,0,26,81,0,0,69,24,18,101,52,26,0,44,0,6,25,54,66,0,11,5,42,21,2,568,16,21,0,9,14,7,47,11,2,16,35,8,15,6,25,103,0,10,4,329,55,57,185,50,26,35,21,48,46,11,43,89,188,92,109,39,0,65,31,98,4,1186,53,72,7,1,19,170,11,40,81,2,0,15,2,18,4,11,8,33,36,5,3,220,58,145,4,41,0,7,0,5,16,71,22,12,31,7,1,36,3523,0,15,3,5,18,1860,5,0,16,19,44,269,4,12,104,67,69,130,30,30,72,175,1,52,6,4,18,172,1,0,143,110,48,10,73,42,0,6,3,2,792,4,52,35,11,21,73,254,9,0,204,4,21,29,47,6,64,53,23,17,12,36,0,13,425,10,61,5,0,281,34,50,1,83,2,9,7,0,0,41,102,18,38,1,0,3,6,7,11,15
cell_326,1,36,117,46,5,68,5,80,5745,0,18,14,88,26,19,23,2,52,8,0,0,87,74,142,8,33,28,14,13,0,1,59,1,91,7,0,4,1,0,6,411,1,466,53,0,65,0,269,7,31,17,18,56,72,0,90,0,33,4,60,3,1,9,29,46,3,36,70,48,2,8,22,12,23,5,13,14,29,0,1,0,163,53,35,111,94,80,60,101,124,118,13,80,18,21,22,4,81,8,442,217,106,0,206,3,12,8,10,3,6,44,42,3,155,0,0,0,7703,70,23,19,29,3,35,40,136,0,8,53,0,1,43,117,109,33,8,11,15,61,31,27,37,18,27,9,105,20,62,161,43,0,3,48,17,1,138,6,0,48,64,198,25,0,0,245,7,7,15,8,1,59,55,1,0,0,1,3,7,9,0,108,7,1,7,32,38,5549,9,94,6,5,59,4,124,36,0,42,5,11,54,5,8,50,2,84,121,6,33,40,142,30,0,6,13,18,58,43,0,107,111,3,54,18,12,17,0,166,2,98,11,56,17,11,132,21,10,40,24,5,170,13,3,53,76,1,2,104,23,15,52,12,58,105,61,14,31,98,55,50,82,0,81,38,29,440,5,27,20,12,71,19,20,19,9,1,14,72,249,1523,63,53,4,2,45,0,15,54,26,1,3,0,0,12,7,1,18,15,48,5,4,0,0,30,103,0,28,43,1,0,55,0,48,19,25,25,0,15,3,0,13,79,60,0,29,93,6,21,6,614,55,10,1,12,10,20,12,0,17,7,33,21,1,7,1,14,3,9,0,331,71,21,115,28,6,41,22,64,23,26,161,66,64,121,73,68,1,88,4,82,27,1340,51,95,2,7,2,22,44,38,115,10,0,13,3,18,16,0,3,41,81,28,0,253,43,170,6,38,1,0,0,13,68,81,49,13,34,4,5,120,3272,1,31,7,7,17,1860,7,6,83,9,75,46,30,0,47,62,39,143,26,32,106,148,0,49,0,0,20,288,0,0,185,106,38,12,87,3,3,0,10,18,83,0,37,41,0,158,81,193,5,14,169,7,31,92,47,1,56,39,54,2,3,57,1,6,268,36,15,4,78,287,46,47,1,70,16,17,20,0,5,89,95,17,10,6,37,3,1,4,6,16
cell_327,7,19,62,86,104,20,32,163,6365,9,35,6,28,5,43,43,6,73,3,0,5,62,95,5,15,11,0,7,8,1,1,108,26,86,1,1,25,5,0,0,460,1,315,67,0,62,0,285,59,36,44,8,77,0,8,25,6,28,88,11,0,0,4,26,42,34,33,12,88,6,5,1,1,18,20,53,6,71,0,4,8,152,19,42,142,198,38,70,92,99,33,15,81,23,30,23,38,99,13,424,134,139,1,61,4,22,29,8,1,35,25,38,17,117,84,1,1,7489,120,30,8,31,0,34,127,122,0,20,30,0,0,39,149,95,38,6,16,11,49,4,81,64,3,27,27,46,2,28,177,3,10,15,37,27,4,179,73,0,10,26,177,11,3,4,201,0,6,9,6,7,74,87,12,0,0,55,1,6,0,0,101,0,45,113,24,67,6097,19,124,41,30,42,6,112,42,0,1,1,41,45,6,6,50,2,47,110,61,36,5,163,81,0,12,32,21,94,31,37,63,23,2,22,24,5,17,10,144,0,96,0,72,23,31,66,0,14,47,30,1,206,17,4,24,63,0,4,97,13,20,10,15,77,95,61,3,22,99,9,58,99,1,60,111,37,443,7,11,32,16,59,33,4,18,81,0,16,28,280,1388,58,25,126,12,7,0,9,46,26,3,5,0,0,10,2,0,47,25,43,14,7,5,1,45,155,0,26,75,0,0,36,31,49,29,73,19,0,83,11,4,3,40,35,16,33,11,34,1,5,602,47,11,0,7,11,14,17,1,5,6,30,2,17,2,22,29,14,32,57,395,53,54,29,33,5,51,14,59,27,9,186,64,225,125,44,38,6,79,18,56,6,1346,36,38,0,18,6,5,21,46,21,26,0,10,2,31,33,8,13,27,65,12,3,182,52,124,4,38,0,17,0,7,131,60,28,8,96,16,0,37,3190,0,39,2,36,1,1963,18,12,14,7,38,102,7,13,14,52,26,84,21,10,27,143,1,75,9,2,6,266,0,39,58,128,22,3,101,29,1,2,9,19,5,0,41,49,0,78,94,301,3,22,180,22,30,74,34,0,22,19,43,11,13,40,0,14,99,137,47,3,83,115,38,50,11,167,12,27,13,0,0,79,139,1,34,1,118,9,0,15,38,12
cell_328,7,14,116,24,107,64,21,179,5627,10,11,12,105,37,34,56,4,43,7,5,2,66,92,14,0,40,123,0,5,135,0,32,7,40,6,13,29,0,1,117,429,71,599,39,0,90,16,215,29,80,0,4,72,51,22,80,1,3,64,45,0,2,6,50,52,88,37,92,49,30,13,14,90,14,1,70,39,43,0,1,0,169,13,23,0,108,71,17,105,47,196,21,101,2,16,0,44,0,2,445,202,136,2,240,4,54,0,1,7,27,48,35,0,165,0,5,32,7375,176,23,22,0,1,14,160,28,0,0,23,0,29,105,153,68,21,37,13,8,51,39,154,65,14,22,1,116,1,56,157,70,0,21,5,35,0,157,2,10,31,54,175,10,0,15,218,7,6,9,19,5,24,80,36,0,0,41,0,3,0,3,116,0,17,3,60,26,4771,7,44,12,6,19,21,123,40,0,2,36,6,111,0,3,1,3,74,107,24,56,44,141,172,8,1,11,29,58,7,56,43,29,0,14,31,4,35,0,140,0,101,0,24,42,36,123,9,17,27,6,14,100,11,1,24,73,9,5,128,40,27,33,23,123,46,64,14,17,216,55,48,39,0,76,29,4,491,2,5,12,0,95,9,33,106,37,0,18,152,231,1382,0,29,80,0,1,2,11,9,41,6,3,0,2,26,0,34,51,0,42,24,25,29,1,15,67,0,31,23,22,0,59,42,41,36,40,22,4,2,11,1,10,64,58,0,44,137,94,11,16,585,180,6,7,23,1,17,6,0,12,2,43,6,21,6,69,116,25,21,0,58,57,33,3,38,23,12,1,88,30,102,158,117,309,50,77,89,12,65,6,74,0,1205,21,92,0,10,34,39,13,17,89,5,0,37,0,23,40,6,26,21,94,6,0,236,17,141,5,45,0,9,0,3,131,52,94,20,115,12,0,80,3437,8,12,1,5,17,1895,3,23,34,15,46,109,0,30,94,10,38,70,29,13,20,192,1,83,24,0,9,264,0,16,104,114,55,3,65,24,13,9,25,7,1,3,63,19,0,114,56,192,5,0,150,15,15,42,62,76,18,52,25,1,13,48,0,2,334,16,45,13,53,271,43,34,6,88,5,9,0,0,0,96,151,22,46,7,2,12,10,13,45,24
cell_329,4,21,255,110,127,56,36,28,5126,3,22,12,11,16,23,53,3,60,4,4,8,129,76,1,47,19,17,12,17,0,0,99,18,0,11,1,0,2,0,71,505,1,258,58,0,76,0,59,17,6,33,3,106,13,0,97,0,32,51,40,5,3,7,47,55,23,30,70,133,5,15,24,26,11,46,49,41,117,0,1,0,163,6,11,177,221,110,28,103,7,0,26,108,18,12,104,1,0,6,465,246,142,0,200,3,54,18,12,7,43,47,26,1,53,59,0,4,7987,47,5,26,8,1,24,221,122,4,29,32,0,36,55,157,49,43,5,13,1,53,39,116,107,4,41,0,137,0,13,154,46,0,14,0,5,4,125,129,59,17,69,203,10,0,0,208,0,0,17,0,5,59,72,22,0,0,77,8,5,26,6,148,0,8,55,50,67,4637,15,109,14,7,56,0,136,18,0,0,0,20,80,0,4,2,1,90,75,12,10,25,157,70,0,6,29,24,80,57,0,92,59,3,15,17,29,80,1,164,1,48,1,66,24,56,91,4,2,7,1,6,172,19,1,38,19,1,9,98,85,6,38,17,80,26,16,15,2,186,37,55,92,0,56,26,26,446,10,18,30,18,57,27,21,66,71,0,14,90,255,1313,14,4,94,0,5,0,29,67,4,0,0,0,2,0,0,0,26,48,56,35,6,15,5,58,112,0,19,28,0,0,63,1,81,74,74,29,0,57,0,10,3,62,60,2,30,2,11,28,0,600,7,17,2,21,10,24,16,0,7,9,25,18,25,2,40,84,2,0,18,135,48,34,261,9,24,52,56,23,12,29,162,70,162,134,54,162,3,59,32,60,14,1257,50,2,2,5,25,84,7,31,14,12,0,21,1,29,4,0,6,24,83,17,2,220,19,38,9,28,0,6,0,6,61,57,46,7,151,9,1,34,3188,5,10,4,3,4,1901,0,0,20,2,18,163,23,0,21,68,61,105,14,48,49,21,0,92,1,4,26,82,0,2,144,98,28,10,64,38,3,5,7,0,45,0,39,43,0,90,43,199,16,7,181,5,31,18,68,57,169,11,27,4,21,34,0,27,316,31,69,1,0,334,53,58,14,68,22,63,4,0,0,82,106,7,10,4,9,25,19,2,25,10
cell_330,2,30,56,0,43,14,29,93,5679,1,25,20,117,15,17,57,4,56,2,7,42,91,93,0,169,27,27,1,1,0,0,78,12,6,9,0,25,0,0,45,442,18,162,49,0,107,0,221,22,120,19,10,64,113,41,95,0,2,54,22,1,5,10,46,24,44,37,50,50,29,8,49,13,61,1,15,50,56,0,0,6,147,7,4,215,185,54,71,89,36,48,5,79,11,10,0,11,0,3,481,227,152,19,135,5,81,2,26,2,7,41,34,18,151,80,2,3,7728,206,34,37,4,5,32,263,185,0,11,30,1,8,69,183,42,49,6,5,4,62,66,37,45,8,41,10,122,26,19,133,90,0,11,7,15,10,117,134,26,11,63,169,73,0,2,248,1,0,11,2,0,72,21,104,0,1,68,4,10,0,16,68,5,13,157,64,33,6024,15,135,36,20,50,0,75,30,0,5,28,34,81,15,17,5,2,59,105,1,27,28,108,14,1,8,5,22,107,70,0,90,113,3,19,42,14,78,0,92,0,105,3,88,38,0,130,8,1,0,23,3,149,12,0,53,35,0,6,127,77,11,71,2,31,52,31,12,11,121,21,32,55,0,67,8,38,432,21,5,19,14,50,41,2,50,0,0,7,125,96,1398,73,0,64,0,24,0,8,68,0,4,0,0,0,5,0,0,35,0,54,42,1,12,49,52,61,0,22,26,17,0,71,33,28,63,41,31,0,22,0,2,47,58,60,43,18,181,20,43,12,570,9,9,6,0,12,20,45,12,13,17,31,0,11,1,46,22,2,8,0,288,38,0,25,44,11,54,0,88,23,37,71,91,65,143,132,90,0,90,36,69,0,1301,15,29,14,6,51,45,42,40,24,16,6,20,2,25,16,0,11,10,77,22,4,34,16,114,17,58,1,1,0,9,143,73,108,5,10,6,0,31,3289,2,31,4,1,0,1878,3,23,55,22,20,29,10,2,36,49,63,114,8,10,34,202,0,65,0,1,30,97,0,0,4,140,39,4,77,9,14,1,15,0,0,0,10,31,7,120,24,277,10,10,183,2,23,3,69,6,179,46,19,7,17,44,0,8,197,105,85,1,50,321,40,48,0,50,24,10,17,0,3,64,137,9,55,6,0,30,0,8,51,5
cell_331,0,14,233,196,0,106,19,150,5377,1,13,15,9,38,47,55,2,10,4,15,94,105,103,0,183,23,2,15,0,0,4,77,7,122,2,0,18,1,0,28,493,0,263,39,0,109,22,87,42,134,4,7,70,103,10,23,2,31,29,33,0,0,4,26,18,90,30,84,53,3,13,0,73,1,0,38,29,64,0,5,16,128,69,0,132,117,10,4,77,95,102,17,84,28,12,147,10,0,2,450,201,132,0,177,1,12,0,11,5,21,33,39,9,174,0,0,0,7398,167,15,10,0,0,36,126,71,0,46,45,1,0,63,171,77,35,20,6,1,56,14,3,80,31,39,4,144,7,77,169,79,0,21,37,32,0,133,21,83,12,38,194,16,5,9,207,1,2,13,3,2,10,90,18,0,0,50,0,31,25,8,56,0,27,48,39,30,6351,15,63,22,7,43,0,132,69,0,1,2,39,106,15,11,5,1,43,113,0,22,17,117,4,0,6,51,29,83,11,0,93,48,0,29,40,23,49,0,166,7,28,0,77,20,69,93,21,8,9,12,8,173,6,3,1,74,1,2,111,108,60,35,17,88,19,19,5,31,215,31,65,98,0,50,0,6,458,13,21,11,21,24,42,6,137,86,0,17,72,194,1317,11,12,102,5,12,2,7,57,39,4,0,0,0,21,6,1,30,0,56,8,1,23,0,44,97,0,18,130,0,0,9,27,54,85,26,22,0,70,0,7,26,52,73,2,4,153,0,19,5,601,38,18,0,11,7,18,18,11,11,18,32,0,7,7,44,55,4,1,0,3,40,10,172,49,37,42,0,89,23,27,134,99,224,127,77,115,2,65,3,83,6,1245,60,78,17,2,51,152,46,21,28,19,0,32,1,13,7,28,9,22,90,2,0,208,26,149,7,50,0,4,0,9,28,60,113,10,0,1,0,59,3256,0,5,8,6,7,1853,26,0,26,12,50,119,56,0,63,66,58,66,21,30,24,176,0,75,7,0,12,272,3,25,175,138,61,0,68,30,15,2,10,7,460,3,13,34,17,1,82,267,0,7,190,8,23,35,53,3,84,32,157,13,2,38,1,5,319,187,167,2,97,55,58,47,6,134,15,9,7,12,0,76,83,19,3,5,31,0,0,1,38,7
cell_332,3,2,231,69,50,73,17,139,5738,9,13,18,103,27,46,53,6,70,7,17,2,95,73,0,179,28,20,2,0,9,0,85,8,162,8,0,39,2,0,29,304,0,404,41,4,102,16,104,42,44,7,15,66,120,0,57,1,30,48,10,0,3,7,38,54,52,32,27,35,86,12,30,57,0,1,29,22,34,0,1,0,112,11,5,146,219,5,19,88,182,57,4,119,27,22,1,5,0,7,482,213,157,0,143,0,117,2,0,7,40,50,31,6,16,0,0,2,7749,27,4,16,10,1,32,84,59,0,33,28,7,113,80,184,96,12,25,42,7,57,61,9,114,2,35,12,151,3,56,191,46,0,19,2,29,4,146,108,84,11,17,72,24,2,0,232,1,0,15,3,12,33,26,14,0,0,43,8,0,0,3,58,0,23,129,24,33,5439,17,150,74,16,41,12,90,95,0,51,32,35,77,0,1,4,2,73,91,7,32,22,141,136,0,5,10,25,8,19,19,123,94,3,3,25,26,80,4,119,4,54,0,80,28,5,123,34,15,9,11,9,192,7,2,46,100,4,1,112,27,25,29,28,66,79,58,5,35,182,37,61,53,0,39,0,9,444,34,11,12,17,98,37,21,58,31,2,18,28,223,1181,67,3,54,2,3,1,18,51,9,0,0,0,0,4,0,4,14,0,62,70,18,28,40,18,122,0,29,57,11,0,59,8,72,54,22,22,0,57,0,2,53,42,75,0,38,181,18,1,23,570,3,10,2,11,4,15,5,19,22,3,34,0,13,10,49,104,18,18,0,0,46,10,0,40,7,71,0,91,28,18,80,112,64,111,57,86,0,88,22,56,0,1214,51,50,0,5,48,73,45,37,57,1,0,62,4,39,22,8,34,22,68,10,0,201,8,157,4,42,0,9,0,3,95,17,128,12,116,2,0,20,3060,4,76,0,19,10,1847,1,5,9,3,0,49,24,0,111,33,51,237,5,5,11,165,0,45,0,1,15,238,27,0,161,143,47,1,78,15,7,28,23,2,3,15,8,28,0,76,34,353,38,69,175,22,28,73,78,32,1,45,3,0,14,62,3,14,200,138,124,5,78,227,36,38,6,121,10,0,5,0,0,97,123,18,2,4,35,9,18,4,42,21
cell_333,4,39,193,26,0,49,7,128,6525,5,11,5,3,36,16,51,2,38,11,11,19,48,62,2,166,20,22,6,4,15,0,27,22,93,20,0,4,7,1,25,387,0,63,19,0,97,80,179,15,31,28,2,58,64,1,9,0,77,70,14,0,1,9,19,38,26,8,12,52,1,7,8,7,6,7,7,23,39,0,7,15,167,59,35,72,218,74,140,99,20,135,3,83,2,11,28,2,0,10,429,227,125,20,227,3,58,49,6,3,34,10,26,9,113,70,0,0,8157,193,30,14,0,2,37,40,90,5,13,15,1,3,73,107,11,24,3,27,0,39,17,148,69,0,35,8,45,8,11,35,90,1,12,0,26,9,165,122,73,26,28,150,3,8,9,238,4,0,1,12,3,74,29,29,6,1,42,2,2,0,9,77,3,4,2,17,55,5243,6,84,13,5,34,13,15,78,0,57,9,27,80,2,17,1,3,32,74,0,20,40,134,41,0,3,28,28,101,15,18,78,18,0,6,16,21,71,0,126,0,50,9,61,3,23,127,53,7,44,4,2,194,6,4,57,17,0,4,72,110,13,35,16,94,54,28,8,10,230,33,66,81,0,67,16,42,432,93,10,11,15,80,32,8,3,0,0,12,47,74,1432,0,34,43,2,11,0,17,38,25,5,0,3,0,15,0,1,51,34,73,56,4,22,53,11,109,0,33,44,1,0,48,10,31,53,8,21,1,14,0,20,32,56,32,0,4,2,13,46,33,595,2,15,0,4,11,12,44,8,2,16,30,29,24,1,36,14,9,0,49,344,45,9,44,41,81,68,0,61,24,53,136,113,89,86,40,51,8,21,25,87,9,1249,59,72,3,1,14,63,25,25,40,11,10,14,6,12,29,4,21,9,32,28,3,34,23,102,11,37,2,7,5,7,18,54,151,8,12,13,0,6,3046,1,54,7,8,9,1939,14,0,35,4,21,360,21,4,23,64,46,64,10,9,29,81,8,69,32,0,11,72,3,0,23,146,39,4,118,13,4,11,3,7,75,7,61,37,14,10,48,268,0,5,175,0,36,45,62,9,132,1,34,6,26,40,5,1,107,138,98,2,49,149,38,35,9,30,26,41,79,0,0,30,137,15,1,8,1,3,2,2,45,3
cell_334,9,28,117,1,30,48,1,56,6217,5,25,31,23,5,3,68,1,45,17,15,15,60,95,0,10,16,6,3,8,0,0,77,0,24,1,0,5,0,0,22,369,2,123,41,4,98,0,205,48,52,6,0,93,111,51,55,19,5,61,10,0,1,36,33,44,27,18,23,90,18,24,10,7,0,5,31,6,69,0,5,32,147,59,4,213,160,5,49,98,36,129,42,87,4,18,95,9,0,11,475,95,115,0,248,5,97,5,4,9,8,34,32,10,84,0,2,6,8138,33,16,36,15,0,42,260,56,0,43,34,0,8,106,142,72,24,20,3,3,64,38,9,92,4,27,4,115,9,60,61,123,0,6,34,14,7,146,117,1,8,72,171,3,2,0,165,0,0,3,24,5,43,41,15,2,0,46,3,4,2,4,60,0,38,128,32,24,6107,9,110,44,17,37,4,87,81,1,63,3,5,102,20,2,5,10,87,93,36,19,30,134,91,2,2,38,31,62,17,0,87,44,14,10,34,15,95,0,141,1,54,4,13,11,2,43,1,2,18,30,15,97,6,5,23,97,0,1,92,127,13,32,19,113,28,5,14,22,207,13,64,97,0,66,11,8,424,18,6,14,11,25,20,24,14,0,2,19,136,164,1387,11,8,61,0,14,2,16,47,37,1,9,7,0,17,4,0,56,0,66,29,26,6,43,23,92,0,24,109,6,8,37,25,57,12,17,20,0,34,0,26,11,61,61,0,38,74,8,1,8,568,23,3,4,3,3,18,7,6,4,20,35,0,2,3,69,70,20,21,14,0,50,44,17,53,13,43,0,87,26,19,169,100,311,76,80,168,4,69,29,32,4,1319,64,61,0,2,35,42,33,31,77,2,0,36,0,0,17,7,25,19,65,32,0,137,48,139,16,41,0,0,0,6,109,59,57,6,71,1,0,55,3204,8,0,1,11,6,1887,1,18,4,13,22,102,8,10,74,52,67,129,26,5,9,185,4,67,0,2,12,141,14,37,127,134,27,1,64,24,27,29,3,0,424,3,34,17,4,104,82,311,17,28,164,22,24,22,25,0,19,19,1,0,9,41,1,19,303,116,29,2,77,315,42,52,4,92,21,57,28,0,3,65,105,16,13,3,0,12,23,3,23,17
cell_335,1,17,56,1,55,8,22,158,6181,2,31,11,137,23,25,24,3,51,5,6,2,72,92,54,178,22,1,2,6,16,0,104,16,59,8,0,40,0,0,0,364,18,277,5,0,97,1,104,58,14,35,18,91,93,3,47,0,2,45,27,0,0,21,35,50,49,31,58,9,0,20,5,16,0,3,0,28,186,0,0,3,149,38,2,0,203,53,21,111,131,74,32,67,8,18,3,19,1,15,437,200,130,0,253,6,122,43,0,17,26,37,29,14,129,3,0,16,7599,101,20,8,12,0,48,143,23,0,4,33,0,52,88,154,37,10,18,12,11,65,13,62,93,1,18,6,34,5,27,158,89,4,27,5,8,6,139,151,21,43,7,117,32,3,1,213,1,7,13,1,5,71,54,28,0,0,13,0,1,33,4,85,0,64,127,20,36,6330,34,70,21,0,55,2,115,78,0,0,11,0,68,1,29,5,4,68,121,1,11,26,116,195,0,2,0,20,70,38,15,104,24,0,19,17,8,119,0,122,5,64,5,46,25,11,34,62,7,8,5,1,171,20,0,52,68,1,3,96,19,62,36,21,115,130,25,7,17,131,47,50,58,0,68,6,11,420,29,1,11,9,112,29,5,81,30,4,24,63,279,1477,28,21,39,2,10,0,26,1,24,3,0,0,0,5,0,0,31,0,55,33,9,26,0,16,127,0,26,64,0,0,68,3,49,81,29,10,5,71,0,20,9,35,67,0,52,191,1,3,3,597,0,14,6,15,8,16,11,0,6,3,32,0,19,7,72,94,10,19,0,310,53,35,34,53,2,47,1,82,3,35,41,91,83,129,32,93,2,69,53,66,29,1164,63,39,0,9,8,51,23,42,240,5,1,36,0,15,40,3,4,20,107,12,0,216,20,162,4,54,0,11,0,5,38,34,105,40,78,30,3,4,3347,7,7,0,4,2,1901,1,0,9,2,89,123,6,0,90,51,54,256,13,43,50,125,0,73,14,1,15,195,0,0,54,140,14,0,91,28,2,1,21,5,0,5,30,37,0,72,49,141,14,48,176,7,28,86,64,9,98,55,2,2,28,47,0,9,126,40,51,3,55,262,71,64,38,165,19,31,4,0,2,59,106,16,2,0,10,11,2,33,16,6
cell_336,1,33,227,4,5,25,35,156,5647,5,15,20,124,7,33,49,14,58,17,21,22,69,76,0,95,21,4,5,3,64,1,96,4,155,22,3,11,1,0,16,324,0,87,50,2,24,3,185,45,58,5,25,87,44,0,73,15,53,55,38,4,3,44,25,48,19,18,13,26,0,22,40,26,26,0,0,8,74,0,0,0,153,20,3,99,188,73,37,111,109,49,10,85,76,20,39,7,4,14,460,239,126,2,235,12,75,8,53,12,29,35,11,7,90,0,3,17,7815,0,11,25,0,0,18,199,107,0,5,19,0,20,17,146,59,37,16,22,12,46,27,56,112,11,37,2,170,7,15,115,52,6,23,22,17,1,128,17,1,59,60,143,79,0,19,210,3,7,8,4,4,32,65,87,0,1,57,0,0,0,10,83,3,4,11,60,29,6442,2,39,55,2,42,4,70,50,3,40,7,21,77,0,18,3,0,51,104,0,39,31,147,32,0,7,38,23,70,24,1,99,93,1,11,14,14,99,0,132,1,94,0,59,23,3,65,28,13,2,5,0,174,21,5,55,47,1,0,81,99,3,63,20,57,60,17,17,34,215,39,69,94,0,64,0,26,533,16,10,22,21,44,36,7,54,46,0,12,150,268,1489,20,37,77,0,7,0,5,65,8,6,4,2,0,0,0,0,31,80,59,54,14,0,14,20,117,0,25,24,1,0,62,16,70,48,0,26,9,26,0,3,3,66,32,6,3,64,3,21,6,593,6,13,1,8,11,21,24,0,14,9,42,16,18,12,27,4,0,36,1,0,59,0,85,40,22,60,4,75,35,104,153,85,320,147,42,19,7,27,19,68,31,1225,37,4,4,1,47,125,42,45,2,12,0,22,1,22,11,12,30,3,120,65,0,191,18,81,15,42,14,16,7,30,28,82,127,24,111,13,7,1,3103,5,50,19,9,15,1841,3,0,72,4,14,78,16,0,39,54,47,36,16,38,16,100,4,49,0,2,19,278,6,0,0,131,40,4,49,26,9,1,7,2,135,8,27,39,0,108,27,257,0,27,176,1,26,6,58,18,92,14,30,2,14,41,2,22,259,121,136,13,50,285,38,62,8,171,34,83,65,0,4,92,170,42,28,4,75,3,1,15,10,15
cell_337,1,19,269,169,71,32,105,139,3295,5,45,19,83,7,29,17,13,67,12,40,34,70,33,0,113,19,3,10,18,0,0,92,3,116,0,0,31,5,1,14,898,2,216,109,0,149,3,88,9,1,35,9,226,30,48,184,0,1,46,79,6,5,17,39,59,19,78,7,24,36,13,58,6,0,0,141,60,247,0,0,13,100,7,8,257,94,3,4,143,17,1,1,119,3,3,29,4,6,2,519,144,248,2,17,4,14,13,0,8,18,23,43,21,112,3,0,2,4822,0,62,9,0,3,71,84,170,0,21,21,1,50,43,139,37,44,8,27,4,63,8,0,159,3,72,2,108,24,9,251,63,0,4,57,58,0,88,55,8,10,48,36,3,0,4,251,0,1,2,19,3,71,86,6,0,0,26,5,2,6,5,82,1,12,95,1,21,366,66,351,25,0,13,5,12,132,0,4,29,62,110,17,65,0,1,24,76,1,4,62,115,9,0,1,19,19,42,46,16,67,116,25,37,19,62,227,0,149,0,67,3,71,107,43,139,48,11,9,2,0,257,9,0,36,83,0,1,23,79,15,23,19,67,36,42,11,10,50,12,54,111,0,228,10,12,683,18,8,38,15,49,2,8,13,24,0,28,99,91,1637,39,3,2,17,18,2,20,62,50,0,18,0,0,3,0,26,26,4,121,21,4,11,44,15,118,0,27,240,9,0,46,13,114,16,192,30,0,29,0,0,168,88,9,0,12,42,1,16,4,1514,31,11,2,7,16,15,18,5,6,19,56,3,1,5,8,25,9,23,47,595,47,14,149,41,5,17,0,41,98,0,0,54,378,88,92,137,0,108,81,80,3,997,61,56,0,5,21,35,33,52,8,9,0,20,3,6,13,4,3,11,37,31,7,177,18,99,6,31,0,3,0,7,42,36,81,52,6,9,3,10,1630,6,81,3,23,4,1285,0,23,1,1,11,9,40,29,106,38,87,111,8,30,13,173,0,66,32,1,11,278,0,12,72,198,71,21,119,10,4,15,15,4,496,1,8,83,2,45,71,212,13,24,122,19,19,20,97,12,28,51,23,11,27,93,8,0,34,164,61,1,0,263,136,76,6,88,2,31,13,0,1,153,30,8,10,3,7,24,18,16,33,45
cell_338,5,25,109,11,20,139,43,149,4641,11,16,38,67,17,45,36,5,51,10,2,57,35,83,0,123,16,21,3,0,47,2,112,11,124,6,0,11,0,0,0,1216,0,166,65,0,104,52,172,8,89,27,3,202,0,9,236,0,8,40,28,1,1,12,84,53,42,33,16,5,13,8,0,7,17,2,8,7,214,0,6,12,69,15,95,42,64,74,4,105,6,53,5,163,2,14,10,12,1,4,427,136,142,1,235,3,70,39,0,9,115,11,22,0,51,0,1,8,8506,44,4,27,3,1,32,171,104,0,17,4,2,4,20,52,94,55,38,27,38,74,85,204,64,7,33,0,53,27,2,223,33,0,26,0,15,0,143,95,23,17,21,108,18,0,16,231,0,4,18,2,1,28,84,50,0,0,44,2,7,0,9,32,0,28,206,70,49,701,50,597,3,0,28,3,104,117,0,0,26,36,83,0,22,2,3,31,88,5,8,30,119,11,0,5,30,40,39,112,21,42,31,9,3,21,54,388,1,145,0,78,0,45,1,0,131,16,23,58,2,6,281,11,0,17,75,12,5,126,15,30,38,31,123,80,3,6,15,60,4,40,76,0,429,6,53,548,53,5,24,25,17,44,10,3,2,2,20,57,222,1586,26,25,111,1,13,0,15,10,58,6,14,0,0,5,17,1,27,0,23,29,8,16,0,40,49,0,37,124,0,0,62,61,19,61,347,7,3,53,10,14,16,96,68,15,19,0,9,22,1,536,31,10,4,15,6,20,2,0,5,14,93,23,10,6,86,0,0,15,0,444,126,3,38,18,24,12,0,19,42,34,109,140,110,437,37,142,0,115,23,37,0,1054,0,22,2,13,9,6,33,37,31,4,1,4,7,53,13,7,3,31,80,53,5,18,26,127,4,25,4,5,0,9,32,117,47,31,23,15,5,54,2113,0,43,0,4,9,1914,22,97,19,0,23,217,0,41,21,43,38,114,26,29,26,59,0,55,0,8,17,164,0,1,21,256,18,8,56,39,1,5,3,6,46,4,36,151,0,51,18,214,18,0,174,7,30,2,42,15,18,25,71,19,17,59,0,45,79,5,34,1,125,362,235,24,166,99,27,2,12,0,10,64,127,28,13,4,1,1,0,9,43,21
cell_339,0,24,215,0,3,26,30,160,4853,2,71,95,99,34,34,36,3,58,9,37,1,8,79,408,106,18,0,0,16,4,4,97,10,155,10,2,22,1,0,109,1968,0,308,8,1,142,7,95,34,5,28,4,168,22,22,227,6,11,32,86,0,0,61,53,69,39,41,24,36,1,9,21,3,36,0,108,90,65,51,0,25,74,12,3,372,68,23,10,81,72,28,3,207,37,11,189,4,0,24,362,185,174,1,256,6,46,6,33,2,27,21,35,10,76,144,0,1,8782,0,3,3,10,1,43,119,30,0,51,15,0,59,23,90,14,26,11,43,2,54,15,75,56,0,34,9,117,8,6,382,29,38,16,23,34,18,130,86,18,20,57,42,11,0,47,186,6,8,15,0,6,50,9,178,0,3,20,20,3,8,7,70,4,2,256,47,46,668,43,319,26,20,30,0,71,145,4,18,13,7,129,6,61,0,2,8,68,0,7,73,105,13,1,10,1,31,41,12,35,80,12,9,11,28,29,396,11,245,0,81,2,45,26,0,127,20,24,70,5,2,419,11,3,11,37,5,2,85,113,20,38,37,140,151,7,0,52,76,17,30,94,0,397,6,19,567,79,14,23,15,25,13,0,4,2,3,3,73,270,1494,47,0,36,0,83,0,17,29,67,0,4,1,0,5,0,0,19,1734,29,14,1,16,39,42,21,0,26,223,5,0,70,70,47,55,3,23,6,7,0,18,11,40,53,0,31,309,3,9,39,502,7,40,12,28,4,22,12,0,4,18,69,2,6,39,93,28,48,17,0,73,134,0,41,21,29,18,0,29,26,8,80,120,135,391,40,108,2,58,20,15,2,1003,12,15,1,3,3,0,35,28,13,0,0,26,1,7,15,1,0,34,40,145,0,46,10,156,0,27,0,13,4,0,80,30,86,7,46,52,0,31,2080,15,9,0,8,0,1963,1,19,1,17,38,40,19,1,84,55,58,70,35,2,16,149,0,80,1,4,11,434,0,0,45,199,2,2,43,12,4,24,13,10,0,18,6,118,3,37,88,372,8,2,176,3,23,35,141,15,103,41,0,4,23,77,1,6,48,187,240,0,117,330,215,91,71,120,3,63,22,0,2,79,141,25,16,5,1,30,0,14,50,15
cell_340,5,42,72,44,67,85,38,129,5722,5,22,15,125,30,31,53,8,64,4,12,15,18,59,75,65,42,9,1,23,54,0,89,12,39,8,0,29,2,4,9,386,0,302,55,0,103,20,254,25,6,9,22,27,50,13,4,7,21,52,9,1,4,9,27,39,15,33,14,27,26,17,15,2,0,6,27,34,94,1,2,5,164,34,26,203,194,54,89,98,23,15,4,105,0,15,91,47,20,1,455,212,112,2,262,15,43,0,0,7,29,39,39,0,121,0,0,2,8448,6,7,15,57,0,26,120,112,0,11,24,11,45,94,84,85,17,26,17,12,67,31,71,82,2,18,2,116,10,25,171,118,25,11,36,29,1,168,30,0,20,38,147,15,0,36,217,4,13,13,11,8,71,48,19,1,0,55,3,1,10,25,35,6,30,17,22,30,5069,23,67,8,3,31,2,44,46,0,16,6,3,83,3,17,1,1,55,101,0,17,25,130,189,0,4,62,19,74,8,7,100,152,4,19,9,29,79,0,140,3,79,5,66,10,1,12,0,7,2,31,11,177,14,1,37,13,3,3,104,13,33,40,29,108,45,14,12,9,157,47,54,88,0,45,16,48,466,18,3,4,21,77,20,7,1,93,0,2,83,186,1483,56,17,99,1,7,0,8,22,9,17,1,0,0,20,2,16,74,0,51,30,6,12,0,17,88,2,33,92,26,7,36,19,60,42,64,32,0,5,0,7,38,66,65,28,18,97,65,9,3,592,11,2,0,3,8,17,2,0,6,21,30,4,4,15,38,110,40,18,6,157,48,0,90,19,12,56,0,60,24,13,20,97,78,142,35,81,13,94,16,49,4,1289,31,30,0,6,40,24,46,16,62,1,9,25,4,20,19,0,41,36,12,69,1,75,10,132,9,30,2,3,0,14,64,29,68,27,14,24,0,2,3052,6,1,2,2,6,1840,1,90,50,0,4,34,15,31,24,71,52,207,22,25,30,42,0,81,3,2,22,248,0,0,113,123,39,0,93,22,17,1,8,9,0,1,29,35,0,33,27,196,5,29,177,6,15,21,93,11,19,16,4,2,8,35,0,15,49,111,62,9,28,274,34,41,0,176,17,0,52,0,1,92,103,16,14,2,112,2,10,14,28,11
cell_341,2,20,278,117,0,33,75,81,4876,6,14,79,41,31,29,10,1,63,7,12,24,132,86,0,0,20,2,16,15,74,1,111,10,239,6,5,1,2,0,0,2031,0,304,88,0,103,2,185,32,16,18,9,204,13,25,5,14,11,25,72,3,5,8,100,61,31,46,86,21,17,2,0,54,3,0,95,71,86,2,12,45,63,32,1,26,79,42,4,89,12,74,3,174,4,21,246,29,90,7,442,157,164,8,217,4,9,78,65,1,102,14,36,0,40,0,6,0,9336,106,9,3,7,6,16,303,27,11,20,2,0,5,40,105,58,25,18,32,33,51,17,188,142,24,40,3,55,12,1,412,88,0,14,52,19,7,118,48,0,4,7,152,57,0,85,233,1,1,11,1,29,85,109,2,1,0,65,1,12,10,3,65,0,34,231,50,51,615,39,402,34,0,2,2,98,177,0,0,3,40,104,4,24,0,6,22,54,3,8,41,139,11,0,0,38,43,58,18,4,2,30,6,12,39,4,82,48,166,0,49,0,14,50,7,100,31,7,65,13,10,377,6,6,27,197,3,0,110,3,36,15,14,56,212,4,0,24,64,12,42,110,0,434,59,22,573,50,0,31,2,0,31,2,25,46,0,34,0,114,1489,58,159,169,1,21,0,18,39,72,2,10,0,0,1,2,0,4,3,31,20,0,11,0,129,47,42,28,226,6,0,60,47,73,119,70,16,0,32,3,1,21,26,31,2,39,144,11,10,7,506,1,33,3,11,3,20,5,9,11,0,65,25,27,20,90,4,2,9,2,686,124,5,47,34,20,25,0,4,16,17,2,45,451,325,26,61,3,90,2,60,5,1063,54,28,4,2,17,8,26,41,35,5,0,17,2,23,18,10,3,43,197,30,0,66,45,148,9,26,3,22,0,0,33,136,78,12,9,17,4,90,1996,2,115,0,14,1,1812,9,56,20,0,56,263,45,20,25,60,64,105,18,61,18,148,0,54,0,5,10,453,0,1,53,248,7,13,61,21,5,1,16,9,13,0,9,169,0,89,75,256,13,31,192,12,21,22,12,0,137,32,14,6,10,69,0,12,27,61,76,3,30,174,184,74,65,96,1,17,15,0,0,82,84,24,31,0,85,11,11,18,50,22
cell_342,4,23,258,16,1,34,50,72,4869,2,25,43,78,23,17,36,6,58,10,12,102,193,96,0,149,32,0,9,1,26,0,89,0,127,2,1,13,3,0,4,1597,0,541,56,0,101,0,206,24,7,25,10,166,20,9,21,0,1,38,27,0,0,4,36,56,10,36,108,52,0,3,8,15,51,0,58,78,291,0,1,20,77,27,29,416,55,67,0,93,18,13,19,167,13,18,52,16,15,0,427,137,158,0,240,5,18,12,30,1,20,10,39,3,107,0,0,0,9031,20,35,13,5,5,9,288,174,0,58,14,0,14,37,120,27,44,10,7,2,51,16,116,116,3,33,2,91,9,28,356,78,167,24,25,28,3,121,39,1,2,27,126,20,3,0,214,0,0,3,9,9,48,95,33,1,0,66,20,25,3,7,36,2,9,124,38,53,724,49,513,25,6,36,6,106,33,0,0,2,35,127,16,67,1,21,2,66,17,18,26,119,28,7,3,7,31,48,70,0,58,133,1,26,34,43,203,28,199,0,27,1,70,14,26,128,0,20,44,20,1,345,2,6,20,214,0,1,142,38,53,14,28,9,57,1,12,7,68,6,52,71,0,445,50,94,551,24,21,11,8,2,29,8,15,115,0,26,0,91,1500,69,40,3,0,1,2,13,63,83,2,12,0,0,0,29,2,21,0,34,35,0,5,0,55,52,10,16,263,12,0,73,23,12,130,91,19,0,42,0,0,7,113,36,8,12,90,0,4,0,535,30,2,2,11,5,18,11,34,6,15,69,0,6,1,14,1,11,18,42,844,151,5,239,8,34,18,0,29,71,6,0,112,162,330,78,201,2,132,4,38,28,978,28,5,5,9,18,33,24,37,26,0,0,0,6,0,3,1,1,37,198,32,12,53,45,140,4,9,0,11,0,2,68,122,48,6,60,25,1,27,1981,1,16,2,19,11,1756,18,63,73,7,66,25,6,1,64,47,47,66,24,2,16,233,0,58,3,5,13,238,5,20,101,278,47,10,47,14,4,17,5,1,0,0,13,105,12,91,27,327,27,25,185,5,19,17,60,7,96,34,85,8,19,53,8,14,262,183,36,2,146,77,188,79,22,58,17,36,6,2,1,44,113,42,21,2,48,27,0,6,30,21
cell_343,0,24,336,86,40,142,32,167,5239,4,45,55,32,32,27,36,0,13,7,16,10,87,54,70,8,21,8,14,6,4,0,99,20,457,4,0,30,7,0,0,1621,0,458,71,0,195,0,103,28,8,25,18,151,7,0,134,0,17,18,45,0,4,18,116,71,16,51,30,13,0,16,4,0,58,0,1,51,257,0,8,71,72,18,15,409,72,32,0,106,9,39,12,161,23,24,314,7,2,6,365,175,109,0,289,4,22,0,0,2,69,13,35,7,42,71,0,0,7806,0,9,20,2,2,42,149,165,0,91,18,1,3,85,142,55,26,38,31,18,64,22,22,41,27,21,5,113,9,38,357,41,99,18,44,20,7,124,49,0,24,16,95,8,0,3,185,6,7,2,8,5,90,79,5,8,0,79,11,15,19,0,41,5,4,15,1,47,808,91,416,29,0,17,0,112,165,0,1,1,39,94,9,53,3,6,7,98,2,23,53,121,10,3,2,56,38,57,22,0,25,222,19,7,3,12,215,0,210,0,77,0,73,33,25,58,4,17,104,6,0,322,19,4,30,51,2,3,119,5,12,22,40,101,179,0,0,2,43,11,36,95,0,421,4,34,632,71,7,19,9,2,33,24,18,17,0,4,0,107,1524,38,20,65,4,30,0,13,45,75,1,0,0,0,22,7,0,28,0,29,23,10,17,0,72,39,5,46,325,6,0,50,0,44,54,22,15,0,40,0,8,60,81,24,0,8,183,21,44,0,541,1,20,1,9,21,12,11,12,3,5,68,13,24,38,22,3,1,21,17,0,148,2,179,34,3,18,0,32,19,16,141,168,242,349,36,169,1,102,68,47,1,959,36,17,0,3,4,16,19,24,12,4,5,1,6,31,7,1,3,39,216,127,0,30,22,148,16,22,0,2,0,13,15,71,100,68,3,16,4,23,2247,2,20,5,33,12,1854,5,0,2,0,69,21,11,5,41,62,37,214,0,37,38,198,0,52,1,6,15,286,0,0,115,220,33,2,69,17,5,14,0,0,651,0,14,161,1,14,71,473,2,44,189,6,21,30,81,30,65,24,12,9,11,62,5,23,360,152,139,7,60,293,234,48,297,71,3,79,39,0,0,75,154,34,19,2,20,9,7,15,18,9
cell_344,2,27,338,61,158,109,7,175,9111,0,19,6,137,175,19,18,6,66,24,19,12,92,101,133,103,16,28,12,4,129,1,77,32,172,2,1,1,2,0,5,867,0,45,60,0,51,233,189,26,30,7,27,82,26,19,120,12,99,64,6,14,0,9,78,48,70,26,112,60,12,20,15,0,34,0,36,8,96,0,11,1,257,24,18,318,200,69,102,93,84,215,6,124,6,18,8,6,9,0,483,198,76,4,164,2,13,247,18,21,48,10,36,7,99,0,5,14,24237,45,27,34,14,0,51,88,227,0,10,19,0,49,30,230,73,51,12,25,13,60,27,103,61,6,27,24,71,26,62,271,77,16,2,25,21,4,170,98,0,18,86,177,11,0,87,124,2,9,3,18,2,28,90,69,0,0,48,2,1,0,17,56,1,9,15,6,30,1707,14,350,29,69,72,9,53,82,8,3,9,30,91,0,0,13,2,42,108,0,4,28,183,11,0,2,26,31,32,40,12,92,140,43,5,8,11,30,0,172,8,65,3,62,13,8,133,2,32,36,5,1,241,4,0,83,27,3,1,159,7,23,45,18,73,150,33,15,8,141,10,47,85,0,176,17,30,521,9,15,12,14,59,27,4,3,55,0,13,138,269,1402,39,43,35,0,63,0,15,59,21,4,8,5,0,7,0,0,25,0,30,22,4,4,0,25,31,0,29,113,1,1,39,0,64,73,39,17,0,32,0,0,48,111,5,0,6,139,29,18,3,442,53,23,12,0,5,16,40,0,15,4,49,0,10,10,4,66,1,8,43,317,172,17,96,45,30,24,1,49,35,42,155,98,352,186,26,64,2,53,13,75,1,1434,50,37,13,6,16,22,26,41,10,7,0,30,8,34,23,17,6,22,67,126,4,809,42,192,13,32,0,0,0,4,65,77,60,18,17,38,3,122,2605,7,60,8,13,4,1403,1,1,69,20,24,154,5,52,0,78,38,54,35,64,22,144,5,51,10,0,33,407,0,1,21,211,61,0,80,42,9,1,7,18,968,1,42,84,0,166,45,386,13,10,275,7,24,48,16,17,39,40,17,0,16,47,5,11,79,90,54,3,34,338,124,21,1,99,15,55,6,4,2,30,127,15,18,13,74,1,0,2,17,15
cell_345,2,17,114,4,7,32,5,153,6100,6,13,17,13,11,3,46,11,54,8,10,29,47,108,35,147,38,7,0,0,16,1,28,5,154,1,0,3,2,0,5,435,0,465,18,31,58,0,167,19,68,22,9,24,57,5,84,7,3,62,72,0,6,0,24,37,62,28,51,9,25,26,7,1,0,17,33,9,53,0,2,10,176,57,8,240,192,8,19,56,46,100,11,86,6,22,20,42,11,3,471,60,136,0,140,2,94,1,5,5,2,29,31,15,105,0,1,5,7984,0,27,24,6,1,39,51,152,0,25,26,2,5,90,120,13,27,6,20,0,91,12,16,30,19,32,0,38,21,15,62,13,10,2,62,25,9,130,91,0,9,64,154,13,0,3,187,0,3,7,9,7,41,56,33,1,0,44,0,11,0,4,96,5,2,191,32,20,5690,46,165,65,8,39,1,81,69,0,22,1,40,86,4,20,5,16,20,99,0,39,32,122,71,0,10,21,23,98,75,0,95,162,0,17,35,34,110,8,118,0,49,1,91,16,54,114,5,5,5,18,0,204,26,0,69,200,0,4,103,28,15,15,23,129,33,13,14,8,201,29,56,96,0,73,31,40,468,48,15,11,7,41,19,15,49,30,1,17,9,133,1339,61,18,17,0,43,0,17,32,32,14,22,0,0,0,12,20,54,0,55,32,5,19,61,17,111,1,40,56,11,0,57,6,46,31,59,24,0,2,0,11,48,39,76,35,15,148,6,24,7,614,11,6,2,1,20,20,26,40,7,80,44,1,1,3,90,11,4,21,0,68,56,50,37,22,11,62,24,100,38,6,21,109,252,142,19,186,3,82,42,6,4,1225,47,0,18,2,52,27,43,39,20,3,0,22,2,3,15,0,0,37,33,11,7,15,45,154,4,41,0,0,10,5,89,63,114,8,2,8,3,36,3094,4,34,2,2,1,1848,20,15,67,8,36,151,15,10,97,65,58,205,21,0,35,46,0,36,0,5,19,91,0,9,99,129,57,10,85,8,4,2,4,1,3,1,9,29,1,39,20,77,40,3,132,0,23,27,31,41,62,29,14,10,8,55,0,6,0,108,80,1,0,318,41,46,0,141,16,27,18,0,3,79,123,11,29,1,0,16,0,5,23,9
cell_346,6,26,50,5,25,17,20,150,5587,14,24,7,100,16,22,58,3,60,7,40,25,15,86,0,0,36,1,1,0,1,0,93,1,241,9,0,16,0,0,2,435,0,37,17,0,95,0,217,25,129,22,6,91,25,9,63,6,1,46,12,0,1,3,54,50,32,31,19,12,11,27,1,0,4,0,22,37,99,0,0,20,161,30,31,176,169,57,38,87,36,171,1,85,10,15,19,48,0,0,478,233,86,0,244,0,91,31,0,5,32,35,22,0,142,0,0,5,8455,1,9,23,4,3,36,134,119,0,15,29,8,0,78,52,18,24,5,24,4,59,21,187,27,26,34,1,169,34,98,183,33,72,16,17,28,3,141,92,13,12,51,122,23,0,14,247,2,24,19,11,8,34,77,140,0,0,71,10,2,0,11,81,0,28,59,60,34,3758,58,155,46,1,33,0,129,79,0,17,5,39,102,14,23,7,3,10,112,3,9,26,149,5,0,7,4,25,85,12,36,112,105,0,6,41,24,46,19,137,0,95,3,70,7,0,33,54,0,28,19,0,180,26,4,0,179,2,6,93,123,19,41,22,120,72,18,0,23,193,34,66,83,0,67,7,24,405,74,20,2,18,85,28,4,20,0,1,15,61,23,1401,0,3,32,0,1,1,27,0,34,3,4,1,0,0,16,0,63,0,69,13,3,4,0,18,113,0,27,78,19,0,66,35,11,48,16,21,0,6,13,22,24,60,93,13,15,50,62,22,17,580,28,16,2,6,1,15,60,5,1,59,29,3,24,0,93,92,2,31,0,0,53,2,1,18,31,55,9,98,43,11,137,115,195,170,61,34,8,23,28,28,0,1205,0,9,0,14,34,27,48,31,2,0,0,19,4,18,26,14,2,42,92,18,0,23,58,138,5,39,0,6,11,1,80,65,139,5,78,14,0,33,2835,1,29,0,3,5,1855,6,23,24,13,52,37,6,3,88,55,51,230,7,1,58,140,0,58,0,1,22,208,0,0,0,112,28,0,70,7,4,8,2,3,1,2,42,38,0,66,39,278,17,1,193,2,16,3,98,4,101,18,6,7,19,45,0,16,15,37,98,2,69,326,51,63,0,56,11,7,24,0,2,78,133,17,41,2,0,14,16,11,12,23
cell_347,0,25,204,140,9,103,22,86,5271,5,22,21,72,27,37,61,2,36,12,7,48,25,69,0,167,19,21,3,1,37,0,102,51,0,3,3,6,9,0,28,457,0,332,68,4,74,0,218,43,81,9,3,81,47,5,12,8,29,25,59,2,2,2,37,45,23,25,36,53,15,10,9,71,3,0,11,20,34,1,0,0,162,2,4,30,177,49,24,86,29,61,1,86,26,17,3,9,36,3,456,186,129,0,186,3,47,0,0,16,29,26,40,2,50,0,0,13,8169,162,10,47,1,1,31,72,123,0,31,31,0,8,34,169,40,34,14,3,20,61,44,102,65,17,24,5,133,26,54,170,27,0,22,27,29,1,126,98,0,23,64,169,28,5,1,243,0,13,12,17,10,26,79,1,7,0,11,3,3,0,5,130,0,28,50,50,37,4022,12,117,54,23,46,0,47,65,0,0,10,8,66,0,4,10,0,76,86,53,30,35,155,25,2,3,38,28,74,57,3,109,269,1,4,9,17,25,2,127,0,89,2,60,32,1,42,27,3,27,1,12,158,4,1,48,11,2,7,102,47,12,25,12,83,190,63,7,33,114,13,60,62,0,60,34,29,468,11,8,26,16,16,35,20,0,85,0,11,1,263,1337,58,28,44,9,4,1,27,66,36,0,16,0,0,12,2,0,23,0,56,33,7,18,0,25,86,0,25,76,2,0,64,19,58,47,3,17,1,80,0,0,5,65,32,0,27,162,35,49,5,571,0,6,0,15,17,20,17,10,22,0,30,0,9,11,22,4,41,13,8,295,45,6,49,2,15,42,0,82,40,5,47,16,341,138,53,66,8,88,10,20,12,1246,40,72,2,4,5,60,35,47,46,0,0,35,12,34,22,1,7,26,84,61,0,48,50,142,5,43,0,2,0,5,22,46,138,20,115,17,1,78,3050,5,75,0,15,4,1980,16,4,10,10,16,122,1,7,40,77,36,85,18,21,10,177,1,17,0,1,9,136,51,0,140,129,20,8,16,19,1,9,8,3,280,1,24,30,5,90,76,283,1,12,205,11,27,24,87,33,24,19,16,1,13,34,9,48,168,0,138,5,11,224,41,38,1,52,9,17,47,0,1,101,124,16,50,0,105,2,32,12,23,21
cell_348,2,20,189,77,28,35,38,85,5892,2,42,19,87,29,36,50,3,33,20,27,2,76,22,26,189,5,42,2,1,3,1,92,16,92,14,0,1,5,0,99,475,1,190,38,0,35,5,133,33,38,30,0,93,94,26,83,2,4,60,7,27,5,31,12,47,35,21,3,9,19,16,48,56,4,0,0,31,93,6,0,0,107,12,16,200,109,33,29,98,182,150,0,84,43,23,26,12,1,6,457,213,149,1,95,2,49,1,16,12,11,19,44,6,63,0,0,9,7760,4,17,23,1,1,32,211,77,0,14,21,0,50,45,100,28,28,8,28,3,48,16,142,20,6,30,0,125,28,15,44,20,225,10,43,15,15,130,110,36,22,52,106,13,5,8,233,3,5,14,2,0,41,58,27,0,0,39,3,2,0,1,149,0,0,79,3,19,3985,13,78,25,3,53,7,141,48,6,12,0,26,81,4,3,2,0,97,44,7,22,41,155,219,0,8,15,21,77,17,10,119,137,0,11,11,12,57,0,160,2,56,0,44,19,5,90,52,10,9,12,17,204,6,5,43,71,3,2,103,27,14,56,22,74,34,72,2,1,220,26,30,69,0,76,38,2,396,19,24,12,25,112,26,20,38,3,0,7,85,215,1375,38,8,89,0,16,2,12,58,6,5,8,0,1,3,1,31,21,63,52,35,11,3,53,4,132,0,42,108,0,0,74,25,71,8,0,25,0,6,0,3,10,28,12,98,55,117,36,6,11,583,1,2,5,1,12,24,6,5,7,16,35,0,6,20,43,5,13,7,21,148,41,3,25,7,86,35,57,98,90,12,8,93,99,109,27,117,2,57,42,13,8,1216,25,30,4,1,9,54,46,24,120,1,5,30,0,34,18,0,1,24,44,40,0,49,21,147,6,49,0,11,0,8,25,15,151,20,68,27,1,31,3322,8,87,15,17,2,1927,2,32,31,5,10,4,27,0,52,51,54,65,28,43,21,73,0,74,0,2,11,275,7,0,10,104,27,7,81,6,3,0,6,22,0,5,18,32,12,93,81,296,9,15,147,5,32,20,31,32,46,42,4,1,21,44,3,12,165,33,28,0,78,259,72,27,12,80,41,87,10,0,0,97,91,12,2,3,29,11,15,16,30,17
cell_349,0,28,221,47,1,13,38,107,5993,3,22,8,49,55,39,57,3,78,20,23,41,122,64,0,150,28,8,4,7,37,5,71,7,74,16,0,26,7,7,7,446,20,89,25,2,81,234,204,22,46,12,14,61,63,1,107,5,1,61,16,0,1,14,51,52,68,15,32,19,4,8,1,64,0,0,24,25,36,0,1,1,145,24,13,223,183,25,107,87,25,201,4,100,30,26,38,9,10,6,452,213,162,0,204,4,120,35,13,1,40,35,32,0,108,2,0,0,7941,4,14,16,13,6,15,114,170,0,61,22,0,39,74,153,76,25,2,29,0,76,32,22,67,23,22,7,94,14,61,180,47,4,14,9,19,7,23,90,15,41,20,201,72,3,16,190,10,0,16,2,9,24,105,113,0,0,58,0,6,0,10,96,1,19,160,34,23,4817,2,37,39,1,4,20,87,29,0,5,2,34,95,15,8,12,2,65,41,0,7,40,126,136,0,9,71,29,67,14,4,140,365,1,12,48,41,91,1,112,39,91,1,34,27,5,59,0,7,35,13,4,201,4,1,48,22,1,17,104,85,35,30,13,30,25,32,17,1,202,46,33,14,0,48,22,22,389,18,15,6,16,1,34,2,19,67,0,14,6,276,1411,5,24,68,0,48,3,13,71,14,15,3,2,0,13,7,0,21,285,45,4,4,29,0,22,151,0,36,22,4,0,44,11,52,81,3,24,0,9,12,0,14,44,44,0,70,48,18,3,0,615,36,22,5,6,1,16,21,2,28,19,29,0,3,11,53,19,1,0,11,14,63,14,93,9,27,48,3,80,24,23,119,104,192,25,35,56,4,43,7,76,5,1355,59,19,1,1,59,22,44,42,0,2,2,35,33,13,9,2,5,34,53,4,0,66,49,123,2,44,4,12,0,6,41,26,90,6,67,5,9,93,3307,3,0,4,7,2,1975,21,3,70,8,65,235,14,0,111,37,71,44,33,38,22,189,5,70,7,2,7,279,0,5,113,134,22,10,79,8,10,0,28,2,11,0,35,38,31,52,87,266,1,53,161,1,18,7,27,48,40,27,17,0,24,22,1,5,210,35,49,7,66,317,38,25,3,106,3,13,19,0,0,86,56,13,27,9,32,1,15,2,15,6
cell_350,1,21,194,17,16,19,17,92,5458,6,24,23,69,30,20,67,5,56,0,12,13,0,41,0,0,6,6,1,9,25,0,122,58,87,8,0,16,1,0,67,426,0,175,50,0,111,0,125,52,10,27,11,104,45,0,36,4,18,66,17,0,4,28,36,47,33,32,17,40,2,21,38,2,10,0,37,38,84,0,1,9,140,28,16,188,206,81,15,47,56,74,37,97,48,20,102,5,0,1,471,203,141,0,219,4,28,0,1,1,29,42,43,0,95,0,0,0,7453,8,28,31,0,0,61,69,181,0,10,39,7,0,90,124,53,33,26,27,0,75,44,5,92,0,32,1,142,4,48,108,10,0,4,24,29,0,129,31,0,12,43,54,30,1,5,256,0,1,16,3,0,34,24,0,18,0,43,3,1,2,9,20,1,22,37,43,39,4014,7,48,18,17,59,0,59,54,0,0,18,14,98,0,22,2,10,68,103,1,21,32,128,61,2,14,15,23,77,48,0,84,25,10,42,28,8,58,0,131,2,51,0,69,17,19,81,9,6,3,5,3,172,16,7,42,65,4,3,121,222,29,50,20,87,96,8,4,49,193,49,54,109,0,62,6,55,455,16,32,37,20,29,24,6,3,1,0,20,0,99,1398,4,1,106,4,23,0,2,71,45,1,4,0,0,9,0,0,44,0,51,6,6,19,0,26,122,1,30,149,3,0,43,18,56,68,43,24,0,27,0,5,21,58,68,0,6,245,24,49,19,625,0,13,0,16,4,14,46,1,0,18,29,6,7,13,59,123,18,7,36,3,42,0,100,5,13,38,0,83,16,59,62,61,165,126,30,152,2,67,20,13,0,1342,79,18,3,19,42,93,29,46,84,6,0,14,3,24,16,4,1,38,72,61,0,165,18,157,12,43,0,9,3,8,60,55,133,6,123,22,2,14,3375,0,1,3,30,1,1891,1,1,22,0,45,12,9,0,33,40,70,52,38,8,35,133,0,65,2,3,17,139,0,0,105,84,54,0,66,32,7,15,0,14,0,5,2,35,0,57,109,227,0,3,194,4,18,36,79,1,151,50,65,8,20,51,0,4,180,182,141,5,0,273,51,62,21,153,20,87,28,0,0,75,129,24,6,1,28,17,0,6,44,10
cell_351,12,6,75,132,7,39,22,154,6422,1,38,11,67,24,29,64,2,66,12,2,70,29,76,13,38,31,49,5,9,126,4,83,12,16,31,0,7,0,0,57,466,0,355,41,0,74,0,154,80,109,4,7,85,94,1,89,3,16,56,58,5,0,17,22,55,43,20,97,3,2,6,7,14,16,59,0,34,87,17,7,1,58,58,20,188,88,19,17,85,16,139,15,76,8,13,89,32,42,8,447,204,138,2,200,3,108,53,10,1,32,40,33,0,94,33,0,0,8454,178,9,14,13,0,49,151,137,0,40,39,2,4,49,138,33,32,15,29,7,56,23,51,86,3,32,0,67,11,15,152,8,1,20,32,41,0,135,23,0,78,82,160,50,1,70,188,4,11,9,14,1,34,84,40,6,0,7,2,1,0,16,83,11,19,66,40,35,3936,1,148,8,15,58,0,83,16,0,47,5,0,94,5,4,26,0,65,119,4,16,29,138,71,2,14,14,18,60,23,32,126,7,1,15,52,32,12,2,157,1,86,0,88,35,0,115,1,21,24,2,6,198,16,3,0,60,4,10,97,59,24,43,21,95,124,25,3,53,182,44,65,40,0,54,42,31,483,27,11,21,19,0,44,6,14,12,6,17,22,166,1363,0,14,66,1,6,0,17,34,56,3,10,0,0,0,2,2,34,2,57,9,24,25,7,10,46,0,20,3,14,0,73,17,49,37,30,21,0,4,0,2,0,55,79,74,0,205,40,39,0,612,13,0,2,31,5,16,24,0,13,27,35,0,13,18,30,82,22,19,0,206,42,10,211,20,31,38,0,84,31,111,166,117,159,164,86,157,3,72,8,94,0,1174,13,34,1,19,22,107,43,0,17,3,0,7,1,32,28,0,19,7,55,16,0,14,22,112,6,47,0,15,14,5,122,27,145,2,154,33,0,31,3134,0,25,1,5,4,1897,8,23,22,22,49,0,26,2,43,37,76,145,29,40,13,153,0,67,4,0,8,226,9,0,64,99,13,0,94,27,5,0,35,1,0,5,19,30,0,100,4,266,13,39,169,0,17,69,32,42,100,22,89,2,21,43,10,10,351,48,67,2,73,167,32,32,6,118,5,7,42,0,2,102,121,24,24,4,0,1,0,17,25,16
cell_352,0,31,241,195,197,13,18,191,5481,5,33,25,38,41,5,59,6,73,21,5,3,46,94,0,0,19,20,3,1,28,0,95,38,0,6,1,6,0,0,52,464,0,412,31,0,99,51,118,69,11,12,6,79,49,0,85,17,0,62,5,3,13,12,24,46,16,38,37,58,8,19,42,24,45,0,39,26,89,0,1,0,101,15,18,193,177,69,24,91,4,54,14,100,0,8,0,6,0,8,460,211,123,1,192,4,94,43,28,26,28,45,39,1,67,0,0,3,7814,223,2,7,7,0,20,218,141,0,5,10,1,5,95,137,1,36,2,23,13,44,8,139,116,1,25,2,69,1,12,4,85,219,0,14,21,0,107,111,0,32,46,114,0,0,40,260,2,8,13,22,0,93,69,32,1,0,54,1,2,5,19,131,3,13,55,30,36,4608,29,174,10,12,51,4,124,80,0,0,7,39,100,1,22,0,2,42,100,18,14,34,140,25,7,1,36,26,40,10,2,49,25,0,33,32,17,83,1,153,0,122,4,83,6,0,103,62,23,29,7,11,178,26,3,56,18,0,6,94,35,14,18,25,84,57,0,9,13,196,52,49,79,1,62,9,21,467,60,14,15,21,81,16,3,6,0,0,16,6,219,1395,71,0,54,0,24,0,11,16,11,5,0,0,0,0,0,0,13,85,42,23,1,0,10,23,106,0,10,41,18,0,58,9,81,17,53,27,0,17,0,13,3,60,77,27,29,318,159,51,3,543,2,1,0,2,4,13,10,0,5,8,37,30,17,13,109,50,2,21,5,204,53,1,163,0,8,44,20,90,14,81,89,112,169,145,15,174,3,63,28,11,3,1172,12,13,3,2,41,2,25,39,32,23,3,51,0,1,32,0,7,40,61,66,0,144,11,68,10,29,0,11,1,0,105,47,168,10,116,6,0,92,3247,7,33,0,2,0,1873,2,86,16,21,53,49,0,32,101,52,70,264,0,15,5,84,0,80,1,0,10,63,0,0,82,90,10,0,98,14,5,1,5,4,7,0,18,29,2,107,97,250,60,0,178,4,35,23,58,26,140,5,6,0,24,41,0,10,285,39,45,1,107,245,38,47,3,40,20,20,2,0,0,106,142,13,4,10,0,4,1,12,37,14
cell_353,4,19,207,10,19,23,25,116,6140,5,9,16,109,15,46,52,8,76,0,1,38,91,73,6,167,27,5,1,11,59,1,80,15,169,7,0,5,2,0,5,446,0,186,29,1,53,29,164,33,83,15,27,88,125,3,49,0,12,64,24,6,9,0,13,65,34,24,26,16,10,9,13,31,2,7,11,25,80,4,7,7,83,34,14,223,205,52,12,94,49,153,15,74,10,18,33,7,0,16,482,197,139,4,233,7,24,54,48,14,33,33,32,1,51,0,0,5,8002,16,10,38,110,3,13,88,13,0,31,31,3,42,31,132,49,20,23,7,7,71,43,110,101,18,30,4,25,6,15,167,60,0,23,5,16,3,147,1,5,14,20,182,61,0,72,148,1,11,7,18,2,67,73,32,1,0,55,0,0,0,17,42,5,7,115,56,27,4121,27,81,32,5,52,4,91,100,0,10,22,14,97,7,15,0,3,86,86,3,16,42,134,50,0,6,47,22,100,68,48,110,76,1,23,5,24,110,18,122,0,47,0,19,3,19,117,28,14,32,10,7,195,12,0,47,59,4,2,96,9,6,41,4,63,54,13,1,19,207,29,46,93,0,67,12,25,468,55,7,12,13,0,29,4,131,56,6,21,25,116,1303,55,11,91,0,22,0,13,39,9,8,0,0,0,7,4,3,23,0,50,15,7,29,59,8,119,0,36,41,1,0,79,15,57,26,69,17,0,13,0,2,29,55,37,2,19,89,12,9,11,599,13,5,2,6,6,18,1,28,9,5,30,6,9,1,88,8,1,5,19,278,58,25,72,39,2,41,24,88,53,19,2,97,226,39,21,37,1,56,35,44,1,1247,27,54,5,1,21,28,29,29,18,8,6,22,2,9,32,3,13,37,4,6,0,12,38,124,8,51,0,5,8,0,21,50,58,14,38,7,3,22,3275,9,11,0,2,13,1904,6,29,25,3,25,120,22,2,135,29,49,103,14,5,28,26,18,49,12,0,13,226,10,0,53,114,62,1,65,10,1,2,3,21,10,0,34,45,6,76,39,204,33,2,190,1,19,70,71,18,30,18,4,5,5,44,12,12,327,175,108,10,12,273,55,14,40,119,0,30,30,0,8,73,74,21,41,5,55,3,0,20,11,8
cell_354,11,28,81,0,4,15,11,116,6020,0,34,18,34,22,1,71,6,60,16,6,8,4,104,0,54,39,6,2,7,5,3,96,35,131,20,0,13,0,0,73,463,4,198,26,0,134,3,211,28,25,11,29,62,28,15,14,5,9,62,62,0,0,5,39,38,48,49,31,60,16,16,35,0,37,0,17,30,25,19,7,37,140,69,8,217,224,65,90,96,22,107,20,98,5,24,5,25,1,23,466,186,79,0,230,11,154,25,9,16,17,46,34,23,158,79,0,0,8140,0,71,1,0,1,51,127,151,0,19,53,0,2,83,124,25,36,4,32,0,109,21,46,79,5,22,1,43,8,46,154,33,11,5,19,31,2,116,94,0,15,73,225,1,1,4,255,1,0,0,0,5,48,27,93,1,0,48,1,3,5,10,83,8,8,111,63,44,4218,7,145,40,3,46,3,117,84,0,13,9,10,83,13,23,20,1,21,111,2,13,24,131,19,1,5,15,30,113,25,23,62,38,0,26,44,35,56,0,119,0,90,1,74,30,7,110,11,16,35,6,7,203,12,2,20,55,0,6,107,70,12,52,22,89,29,29,2,19,160,33,58,75,0,98,14,56,455,60,2,18,15,30,32,9,0,0,0,22,15,47,1439,40,3,19,0,9,2,10,48,38,4,7,0,0,7,19,1,62,0,69,28,18,0,8,23,121,0,29,149,21,0,74,2,42,116,32,25,0,2,1,5,0,67,59,57,14,41,21,38,2,568,26,1,1,18,4,18,21,0,3,60,25,6,4,3,117,125,27,12,0,349,38,0,2,19,20,53,61,94,30,41,144,73,118,156,25,111,1,76,42,36,4,1150,9,56,8,7,42,15,25,32,1,1,3,53,0,0,12,1,5,25,8,41,0,52,50,87,6,45,3,9,4,8,102,65,86,2,66,2,1,92,3192,0,25,2,13,1,2064,10,17,29,1,75,25,2,8,59,67,52,60,27,4,33,138,0,70,2,1,10,40,0,0,11,114,39,4,51,25,3,0,16,3,0,2,27,25,0,89,44,261,10,34,96,5,22,92,52,0,85,63,9,3,21,43,7,2,46,143,66,2,72,339,49,75,0,165,18,18,12,0,0,64,94,5,19,7,4,25,0,14,34,12
cell_355,3,24,171,2,41,33,35,164,6401,2,27,14,81,44,49,66,9,73,15,60,83,9,82,36,114,7,49,3,13,97,0,69,14,103,33,1,36,0,0,17,374,8,342,9,0,107,216,178,21,48,27,36,88,34,2,83,0,1,61,31,0,1,35,8,37,1,37,8,2,9,19,24,97,6,4,57,29,75,4,2,15,177,25,26,206,69,60,27,68,161,48,3,78,14,18,3,5,23,8,489,196,105,0,213,7,40,1,96,15,2,29,31,4,80,0,7,0,7952,4,11,26,0,2,4,107,83,0,26,0,2,2,34,143,85,37,38,19,5,66,42,20,44,32,10,12,186,12,13,46,9,3,19,2,20,4,150,0,30,39,59,24,76,0,0,173,0,15,3,15,4,22,74,98,5,0,0,0,16,11,18,6,0,16,18,53,37,5863,2,74,5,4,36,17,87,86,4,44,4,8,83,13,6,4,3,62,91,0,26,25,117,42,0,3,19,19,37,37,92,81,127,3,8,9,13,65,0,153,0,81,0,67,2,4,117,0,19,37,1,2,151,20,2,16,46,2,4,120,165,10,54,20,83,97,38,9,21,174,14,65,6,0,78,13,19,457,53,12,18,5,98,37,8,113,86,2,23,121,89,1423,27,20,8,5,16,0,3,39,5,10,1,0,0,0,0,2,68,18,54,23,2,23,41,7,114,8,33,26,7,0,39,49,45,11,14,16,0,68,0,0,2,51,61,0,7,42,23,28,3,631,10,0,1,10,8,20,49,13,9,2,36,22,2,10,25,54,20,24,29,337,58,14,58,55,34,24,1,95,41,55,3,99,20,28,92,177,0,37,22,18,2,1247,20,35,0,11,14,15,46,43,53,12,0,36,0,27,7,13,13,9,12,13,5,63,10,95,17,45,2,7,0,9,87,69,107,25,63,19,4,25,3195,0,0,0,7,10,2058,3,0,13,1,43,143,2,10,73,11,62,107,29,3,38,156,0,71,1,0,8,280,0,0,25,58,9,7,74,15,1,24,2,19,5,23,27,45,0,33,38,294,3,0,32,7,9,5,41,6,41,42,10,10,6,35,0,14,315,60,22,6,46,298,58,38,0,125,22,17,13,2,2,78,53,18,64,5,0,9,8,11,26,14
cell_356,2,29,147,0,84,12,40,134,5842,5,18,5,65,19,2,82,7,50,2,6,2,14,69,5,0,41,4,5,1,25,0,101,1,68,1,1,21,4,0,29,450,0,218,31,0,47,0,237,28,7,11,27,106,39,15,50,0,0,68,7,4,13,10,55,44,41,36,84,63,58,6,7,19,18,2,2,23,26,0,3,5,107,46,12,69,157,57,103,84,17,26,13,87,41,22,36,30,0,6,444,101,107,0,130,1,51,22,81,10,41,28,37,7,153,0,5,1,8545,2,9,34,5,1,37,31,153,0,3,28,1,4,109,130,84,32,23,8,0,63,79,7,97,0,39,4,95,15,30,151,27,74,6,18,26,3,51,119,0,5,79,178,17,3,0,197,12,5,11,21,12,8,17,38,0,0,37,1,7,13,7,79,10,9,29,28,29,4549,8,83,5,23,19,5,88,3,2,48,10,50,87,5,12,9,7,19,117,22,16,14,104,125,0,14,24,22,86,10,10,58,154,17,14,32,2,18,4,165,0,27,3,95,28,6,29,0,7,20,38,10,178,21,9,56,39,4,7,105,86,14,11,30,23,15,19,11,31,25,15,71,77,0,75,108,62,495,12,9,26,27,101,13,5,83,7,0,8,38,140,1386,42,4,67,2,1,1,13,26,16,6,2,0,0,76,9,11,49,319,70,16,6,15,17,58,63,7,30,54,10,0,92,24,59,76,10,19,0,17,4,0,0,72,78,114,21,186,96,18,6,641,100,5,3,6,4,17,32,6,7,5,27,3,25,16,56,33,12,17,22,0,54,0,37,5,39,59,0,77,61,68,127,97,296,113,82,71,3,76,9,6,0,1218,37,8,10,24,47,77,23,38,27,8,7,21,5,3,13,1,20,49,97,15,6,63,45,145,10,45,0,31,0,6,152,74,50,10,154,10,1,59,2993,0,3,12,17,1,1934,4,83,62,2,62,14,7,13,27,65,61,77,16,4,63,177,44,45,20,1,10,215,58,3,17,132,52,4,75,8,13,4,2,3,0,0,11,30,0,129,54,104,23,13,166,13,12,3,87,28,6,27,43,2,12,56,2,2,57,147,70,11,1,232,46,47,32,147,11,8,29,0,0,49,145,15,4,6,65,25,1,2,17,12
cell_357,3,27,156,201,98,58,23,168,6345,2,5,7,32,24,28,53,0,30,3,10,39,12,103,0,182,9,0,10,6,1,2,114,7,174,3,0,5,5,0,0,495,1,365,51,0,89,0,127,54,18,5,17,71,39,0,4,18,3,81,72,0,2,1,39,50,67,46,40,16,2,7,3,0,31,9,34,23,111,0,0,5,166,41,2,14,169,10,20,91,10,199,36,111,7,10,158,28,149,20,435,185,154,0,228,2,17,3,0,7,34,17,33,6,170,0,0,0,8053,3,4,44,8,3,37,284,173,0,6,51,1,5,74,186,14,28,11,10,11,68,15,257,86,4,27,0,144,26,48,139,131,0,16,36,35,2,86,98,0,27,53,226,20,0,68,269,7,1,6,15,9,60,73,2,1,2,52,9,5,0,2,106,7,39,107,2,17,5118,40,160,36,6,35,0,126,46,0,1,29,41,92,0,4,11,3,27,95,3,7,25,141,7,3,6,46,21,83,21,1,82,14,0,14,11,18,12,47,138,0,102,0,94,32,0,112,9,0,7,25,0,204,5,11,65,43,1,9,40,9,32,30,10,45,188,3,7,23,200,65,55,76,0,55,70,3,371,19,10,24,24,27,31,23,2,29,0,15,0,49,1261,1,27,97,7,7,3,14,28,37,1,3,0,0,1,11,0,38,0,54,13,10,19,15,48,118,0,24,16,16,0,69,10,29,97,1,21,0,62,0,2,23,46,12,11,5,200,63,36,6,608,11,22,0,10,28,20,27,7,6,4,26,0,24,2,25,58,15,19,29,340,67,39,244,51,19,62,8,73,7,24,20,53,182,99,49,94,6,69,2,44,0,1359,20,94,1,5,5,30,41,53,92,4,0,29,2,38,21,4,10,35,87,46,1,82,36,158,3,33,0,13,1,17,36,92,137,5,22,5,2,18,3144,0,15,1,11,11,2035,18,0,19,0,60,31,19,24,2,76,56,283,6,57,83,204,0,68,2,0,6,132,7,0,192,105,51,3,97,11,9,0,0,0,21,0,14,36,10,64,90,292,3,6,126,15,30,55,43,5,96,18,9,9,20,45,0,8,118,125,78,6,77,229,37,64,7,85,53,14,47,0,0,34,157,14,46,2,118,2,3,11,19,10
cell_358,4,38,46,0,13,10,9,131,6043,9,20,6,83,35,21,54,8,38,5,11,45,25,52,92,0,31,12,4,5,57,0,60,48,213,4,0,2,1,0,1,403,0,125,8,0,58,13,209,53,7,12,0,94,28,2,37,0,17,34,35,2,0,22,34,40,14,20,54,39,3,9,7,24,0,20,15,17,144,23,0,1,141,42,6,173,197,57,66,73,49,87,19,89,18,15,132,7,4,7,454,173,127,1,138,5,24,4,0,2,15,34,26,3,120,104,0,1,8903,64,29,18,0,0,45,310,83,0,31,36,3,0,62,131,66,28,12,14,0,59,13,13,115,15,15,19,65,9,11,158,74,0,4,3,17,2,124,91,11,47,6,113,31,3,0,206,10,2,14,10,2,65,6,34,0,0,47,3,7,4,9,114,0,32,21,18,55,4751,17,25,20,0,43,6,88,81,0,3,17,0,91,7,6,9,3,39,122,0,9,18,146,189,0,0,2,27,40,20,21,40,116,8,20,16,4,25,0,160,0,66,5,56,10,7,61,51,24,28,3,5,174,12,3,65,63,1,5,73,60,15,38,19,58,167,27,3,14,186,27,82,9,0,61,43,43,462,15,20,14,6,24,5,1,33,74,1,9,104,245,1431,2,74,82,3,1,0,18,10,21,13,1,1,0,22,0,0,63,1,40,46,2,3,53,28,129,0,26,78,0,0,70,2,50,15,25,16,2,3,2,1,41,57,39,9,3,62,9,19,12,650,15,16,10,0,27,17,26,0,1,7,29,0,3,14,44,103,23,25,7,76,36,12,153,48,36,56,20,83,44,92,61,93,270,74,90,86,0,44,7,57,33,1186,50,16,8,5,7,55,4,19,130,1,2,22,2,4,32,0,3,35,72,49,1,16,24,107,3,43,0,13,0,6,16,32,81,38,86,19,1,21,3155,0,17,1,18,5,2013,8,45,39,11,85,110,25,0,41,71,66,177,13,6,108,143,25,74,6,1,20,199,0,0,176,113,17,0,52,27,12,7,3,30,1,2,26,39,0,21,108,246,6,6,177,2,23,81,77,0,111,21,7,6,23,56,6,3,270,109,11,2,2,279,41,59,18,74,26,25,10,0,0,97,101,15,26,1,31,17,0,3,18,10
cell_359,1,27,162,0,193,13,15,142,5898,13,22,9,20,21,27,77,6,61,12,4,15,0,49,12,156,9,26,3,6,28,0,106,25,36,12,0,19,4,0,46,378,0,210,47,0,35,0,244,32,73,10,7,99,5,21,73,1,0,56,55,0,4,9,21,41,30,22,3,12,32,16,55,0,93,0,3,8,83,0,4,1,151,7,26,198,171,94,79,93,118,81,17,76,39,14,36,6,0,14,487,201,92,0,227,7,108,9,5,11,23,45,15,2,45,110,11,5,7646,255,12,18,1,0,39,53,128,0,8,38,2,4,105,106,28,45,30,7,0,59,47,146,50,3,26,4,135,12,9,28,18,0,4,4,22,7,65,54,5,14,30,190,16,0,35,223,5,21,10,10,4,77,27,29,4,0,66,8,0,3,12,41,2,12,209,62,31,5602,16,136,34,23,52,1,113,30,3,35,7,21,83,0,5,0,1,68,121,0,22,32,125,38,5,18,1,20,80,35,25,31,23,2,12,22,25,19,0,155,0,71,2,71,21,0,119,1,16,8,16,0,179,13,2,34,15,2,2,104,12,3,50,30,108,51,24,1,27,180,27,70,120,0,74,10,34,464,63,9,12,35,40,37,10,21,15,2,18,106,129,1579,53,19,7,0,4,0,1,38,19,10,1,2,0,0,7,51,12,6,61,57,2,24,46,13,134,1,33,9,3,0,69,1,59,14,16,23,0,5,0,0,0,54,58,195,13,133,87,21,8,630,1,3,4,7,3,21,15,4,2,3,33,21,16,2,40,73,11,27,0,101,55,0,3,14,63,47,0,96,58,55,179,75,23,170,42,126,1,3,40,24,1,1379,0,62,1,7,38,13,35,57,43,1,4,36,1,29,27,0,13,21,105,27,0,7,5,54,13,55,2,7,11,7,34,45,111,12,136,7,2,28,3310,14,3,4,12,1,1930,0,22,50,14,17,17,4,29,26,30,49,98,0,10,79,110,0,70,0,3,24,125,0,0,51,109,45,1,43,18,6,1,6,1,0,5,44,39,0,161,24,299,2,30,157,2,26,38,29,15,53,36,9,0,8,43,0,4,186,192,75,6,81,296,32,9,8,74,24,28,5,0,3,43,130,37,27,13,9,18,0,11,24,2
cell_360,4,33,159,81,6,7,69,121,6645,14,10,22,28,56,31,68,5,42,3,9,62,12,72,0,8,23,42,1,0,2,0,97,11,143,8,1,0,5,0,27,423,0,189,34,0,111,0,105,64,6,10,6,81,10,2,20,4,0,79,31,0,0,34,23,39,61,33,36,36,23,8,42,73,8,0,43,27,29,0,1,20,119,35,4,140,217,47,76,106,146,11,12,109,18,19,111,26,64,5,480,220,144,0,213,4,106,22,46,7,41,44,37,4,90,0,3,0,7113,163,14,9,0,0,40,72,149,0,21,28,0,0,43,169,50,36,28,32,8,66,11,70,72,6,24,1,151,10,18,180,13,3,11,33,16,1,53,22,2,63,85,127,30,0,0,197,7,0,11,0,3,77,68,96,1,0,22,0,4,5,3,132,3,15,91,54,29,5195,14,18,34,10,4,10,89,69,1,32,1,18,105,0,10,23,0,53,123,10,17,31,113,4,0,1,14,20,60,33,1,81,107,0,23,22,23,3,0,134,0,88,4,80,35,0,83,35,4,36,0,2,200,11,4,60,23,0,8,103,186,4,34,19,56,167,24,2,14,226,67,51,33,0,90,6,31,452,42,0,25,22,17,36,6,1,0,0,9,7,211,1374,61,9,116,0,33,4,16,62,24,11,4,0,0,2,2,0,51,0,49,26,4,16,63,31,131,0,31,34,7,0,54,41,62,33,17,31,0,7,0,3,8,63,69,0,3,116,15,36,6,610,16,5,0,5,6,11,55,26,5,2,27,5,5,9,52,70,0,29,12,0,33,0,266,9,26,47,0,89,78,46,147,85,205,126,38,64,0,43,1,30,0,1128,58,35,1,13,38,44,61,30,23,3,0,30,12,3,13,3,22,36,72,62,0,256,30,42,10,35,0,12,0,8,113,40,165,29,89,10,3,61,3373,2,1,6,13,4,1999,17,0,44,0,64,48,8,0,10,69,46,40,23,8,8,124,0,65,5,2,5,303,4,0,58,70,49,0,73,29,4,4,18,25,376,4,28,24,8,43,97,283,0,4,157,6,22,42,66,17,109,29,31,3,20,48,1,7,61,132,77,6,0,250,44,41,6,90,13,66,31,0,1,97,103,17,27,7,0,9,0,19,23,6
cell_361,4,33,86,83,21,67,7,21,5892,11,11,3,29,16,27,50,7,59,7,2,1,51,78,3,135,35,7,4,4,12,1,52,51,7,4,0,10,0,0,34,424,0,283,52,0,59,2,206,10,56,22,11,67,13,7,48,2,19,59,35,0,0,2,55,60,56,31,62,26,23,11,6,7,10,0,0,41,141,0,2,1,160,59,12,208,126,83,35,122,87,180,4,82,0,12,0,36,40,12,469,188,159,7,115,1,56,14,41,1,22,33,16,4,161,10,1,12,8701,29,28,9,7,0,20,84,156,3,33,43,5,3,15,94,21,19,8,12,23,59,16,40,56,12,30,4,178,23,58,159,36,0,11,19,20,9,36,23,0,31,12,185,53,0,5,227,0,8,3,15,1,40,81,91,1,0,75,3,5,0,19,85,0,11,1,50,35,1404,18,99,20,24,24,16,109,48,0,0,21,31,60,6,6,48,1,84,107,1,34,14,144,77,4,6,17,27,84,98,15,38,0,5,24,23,28,7,2,176,1,77,2,66,7,1,77,32,9,1,12,0,156,20,5,0,109,1,9,99,70,27,35,19,101,141,14,1,6,213,26,84,73,0,61,15,23,457,27,13,14,32,108,38,11,23,30,0,22,88,176,1479,5,13,18,2,0,0,11,15,18,0,2,0,0,3,0,27,48,0,78,16,9,19,0,18,136,0,40,68,17,0,66,11,24,32,90,22,11,4,0,3,36,66,28,0,14,1,24,5,42,599,7,3,0,6,14,18,8,10,9,1,29,3,22,2,10,0,1,21,7,232,66,37,94,18,2,39,0,54,33,41,47,51,203,128,36,27,5,79,23,31,0,1311,27,56,3,6,37,20,44,40,173,16,2,1,0,13,18,3,15,25,106,46,2,187,18,156,1,41,0,26,1,9,28,51,165,11,61,12,2,38,2934,4,29,0,3,5,1919,12,26,36,10,56,65,44,6,99,69,51,226,7,31,82,138,0,50,0,0,15,201,6,0,184,115,41,0,79,25,2,1,2,10,123,2,31,31,0,134,29,244,25,2,193,9,10,12,30,4,31,11,13,1,17,31,1,10,224,58,10,6,69,212,38,52,0,31,20,8,8,0,2,85,138,24,31,0,22,6,2,9,22,10
cell_362,0,28,247,0,0,21,49,133,5714,3,17,19,155,26,17,61,9,47,10,12,21,40,105,0,0,26,5,1,22,45,0,127,2,0,13,0,8,0,0,77,406,0,411,18,0,72,0,145,70,40,38,8,29,38,25,104,0,0,51,32,0,0,20,18,56,29,38,25,37,37,11,12,27,13,0,8,22,79,0,1,5,135,12,18,226,224,30,60,111,10,98,2,89,24,21,55,13,0,0,437,194,112,2,292,1,78,4,20,2,11,45,33,0,89,126,1,6,7574,8,12,11,53,3,39,83,94,0,36,11,3,10,76,161,39,29,33,37,0,59,64,147,90,0,21,6,84,2,21,146,71,0,18,44,22,1,115,119,0,23,66,126,20,0,5,252,3,2,0,26,0,82,73,55,2,0,6,3,3,0,18,25,1,4,62,45,45,3683,28,58,29,33,12,0,56,89,4,13,5,0,89,12,17,1,1,45,104,0,35,34,131,31,5,0,13,20,97,17,11,87,20,3,16,16,54,83,0,122,1,95,3,95,29,11,137,0,20,20,9,1,180,20,9,55,35,3,8,113,51,4,53,15,63,96,36,5,2,221,30,51,106,2,68,9,59,503,47,7,29,9,75,35,2,46,0,0,2,98,237,1493,37,0,93,0,5,0,7,27,26,0,3,2,0,0,3,6,50,2,57,35,1,23,3,4,102,1,28,104,27,0,61,13,46,10,48,18,0,5,0,1,12,46,76,0,26,116,46,43,9,577,11,13,0,3,4,16,26,2,4,3,31,0,2,18,100,130,0,24,17,335,37,2,92,27,29,38,0,62,67,6,37,130,258,128,144,154,0,98,20,78,1,1186,15,14,8,8,34,78,44,36,15,4,16,28,9,9,26,0,5,37,49,7,0,85,33,173,5,27,0,2,0,1,14,40,122,27,115,5,2,17,3058,1,8,0,15,4,1894,7,98,35,2,38,29,0,28,99,70,71,293,16,2,46,76,0,66,2,2,12,172,0,0,52,146,29,1,92,26,2,19,0,8,0,0,28,39,2,58,71,82,5,51,157,6,19,0,47,5,160,33,45,7,22,34,0,11,166,47,38,5,64,308,57,29,0,159,9,28,28,0,1,83,89,17,9,9,0,31,2,9,27,7
cell_363,4,7,184,36,20,83,25,67,5875,6,5,19,102,30,16,76,4,67,14,15,118,133,94,0,187,22,18,1,17,29,4,61,42,35,13,0,22,2,0,46,425,0,422,30,4,94,31,114,61,127,15,2,60,42,15,15,11,2,71,42,0,4,10,39,26,35,35,5,13,1,11,10,78,8,0,16,36,129,0,1,14,150,15,5,197,180,39,41,95,56,4,19,93,34,23,1,22,0,7,473,217,114,0,229,4,63,3,38,3,10,35,33,12,129,0,1,6,7118,33,27,20,0,4,27,281,53,0,5,11,14,12,19,157,11,33,1,19,11,84,14,203,58,4,30,0,146,25,88,168,9,0,24,8,15,10,137,104,53,10,51,166,1,2,7,240,6,4,13,1,2,9,72,47,0,2,51,23,37,0,6,129,1,28,59,59,29,3462,30,83,7,1,56,8,49,59,2,17,2,40,87,6,26,2,0,44,106,11,33,6,149,0,0,6,22,16,76,13,6,83,217,1,11,25,10,30,1,161,4,53,1,71,13,43,135,12,11,8,0,1,176,8,1,1,18,1,6,88,29,15,54,25,93,81,20,3,6,204,32,34,24,0,59,14,28,474,22,5,21,0,41,24,28,142,75,4,10,53,285,1410,4,29,19,0,0,1,17,36,25,8,5,0,0,0,0,0,21,0,53,16,7,19,62,8,77,0,30,61,0,6,57,11,18,71,22,29,0,39,0,1,20,48,72,0,17,104,20,38,10,584,8,3,0,10,4,15,10,6,12,2,35,20,9,2,53,1,32,25,10,348,60,1,152,20,3,45,0,70,38,60,129,85,199,158,42,77,1,86,17,15,0,1141,15,33,0,6,29,160,19,24,8,2,0,38,0,16,14,4,5,27,88,32,0,157,48,166,10,45,3,12,1,1,51,60,64,8,76,34,1,8,3407,2,29,0,9,12,1896,6,0,16,1,17,66,10,0,13,58,46,57,23,38,8,151,0,63,0,4,14,81,7,5,47,139,53,1,86,50,4,11,6,15,0,0,34,32,3,39,20,260,3,9,179,0,16,16,39,62,18,34,18,1,5,20,9,11,193,33,20,0,102,129,57,65,20,198,29,9,13,0,2,104,89,17,39,2,2,4,32,5,7,16
cell_364,2,10,176,56,61,60,11,43,5507,3,18,32,15,31,3,45,5,63,5,9,15,2,94,4,0,29,36,2,2,13,0,96,34,6,1,0,1,0,0,0,407,0,246,43,0,107,0,157,40,4,15,4,67,83,1,84,1,35,42,6,1,9,4,45,42,79,35,91,67,15,5,34,20,8,1,2,5,53,6,0,6,133,2,20,191,205,61,11,113,2,59,16,110,4,13,32,16,0,0,458,191,129,3,185,6,94,14,13,4,31,43,36,0,59,0,0,1,6788,174,49,38,0,0,47,211,82,0,19,33,0,6,105,147,35,28,14,19,1,63,44,28,51,5,36,0,129,21,14,165,19,0,17,13,22,0,135,112,20,11,67,149,0,0,0,250,2,2,1,0,0,51,41,31,2,0,50,24,0,14,12,94,0,27,28,45,26,3558,59,145,69,2,45,0,117,64,0,42,33,8,109,0,14,0,2,40,125,8,26,34,136,17,0,0,10,17,77,52,0,89,30,2,22,24,22,37,0,177,0,51,4,71,16,22,122,59,0,1,3,7,179,11,7,47,86,0,8,134,70,7,24,27,89,115,29,7,20,210,55,35,90,0,69,8,25,469,52,11,34,2,45,20,6,112,9,0,10,93,81,1421,27,13,37,0,0,0,17,57,16,1,10,0,0,3,0,0,17,32,49,34,1,23,71,35,83,0,6,94,0,0,62,9,44,88,42,22,0,52,0,4,31,87,73,0,59,25,10,39,10,580,18,10,2,10,16,18,19,0,7,6,33,9,15,0,51,81,40,0,53,0,29,14,23,2,41,43,1,105,10,72,49,72,217,134,83,16,5,69,4,42,3,1267,25,53,0,6,48,136,8,35,188,15,1,46,0,4,41,8,4,20,72,60,0,143,4,196,5,39,6,27,0,0,119,69,123,4,69,10,0,27,3541,2,3,6,6,5,1971,7,0,5,0,7,208,15,2,50,92,55,242,20,3,20,139,0,17,4,0,14,2,0,0,32,101,47,1,51,38,3,17,2,5,467,0,21,26,0,87,99,229,30,22,159,16,22,41,50,1,101,35,26,2,13,53,3,22,3,185,117,0,0,151,76,65,1,133,1,46,11,0,0,34,126,6,7,7,0,5,13,5,30,21
cell_365,0,22,184,23,66,6,27,140,5671,0,30,21,65,15,1,76,3,50,2,5,38,25,85,70,0,33,53,7,12,21,0,84,23,67,6,0,1,1,2,2,431,0,424,35,0,88,6,172,53,17,8,4,81,10,0,60,4,8,63,38,0,13,4,13,36,102,32,115,68,23,7,0,7,42,0,25,21,45,0,0,0,178,43,7,2,218,50,23,72,3,71,17,88,4,26,25,35,90,1,463,203,87,10,170,2,90,7,27,3,31,31,24,0,120,74,0,0,6476,164,33,27,34,0,49,228,124,0,1,40,0,13,123,145,67,42,3,34,14,69,27,156,92,0,20,8,15,29,16,160,28,157,11,7,26,3,169,85,0,18,54,161,9,0,19,252,1,2,19,0,1,49,47,15,5,1,43,20,0,0,2,39,6,29,24,23,14,5593,24,115,21,7,71,0,41,57,0,21,18,29,103,0,2,27,0,44,144,5,6,23,129,24,0,1,31,6,67,19,19,87,36,6,55,14,9,34,0,119,0,77,6,80,23,18,48,29,1,33,8,2,188,14,13,41,85,3,5,118,33,11,14,21,117,74,13,10,11,196,25,42,32,2,54,109,18,498,52,14,13,13,11,28,21,161,4,1,13,3,109,1379,28,52,49,0,2,0,8,63,40,0,0,0,0,33,0,0,4,0,45,44,8,21,0,48,67,14,33,29,11,0,65,3,46,80,108,19,0,20,0,13,29,62,74,74,2,152,188,32,0,669,21,17,1,13,1,29,9,0,7,10,24,5,13,0,136,4,16,15,47,167,35,5,188,1,1,49,0,84,12,124,166,96,46,137,46,81,0,50,22,13,4,1087,6,20,3,5,53,71,16,28,0,8,10,53,1,5,28,0,22,42,61,48,1,42,32,139,8,48,0,16,0,12,39,53,115,8,17,8,0,101,3683,1,0,0,18,7,1993,12,175,17,7,38,28,22,37,44,69,60,254,35,42,100,76,0,57,0,0,3,16,0,1,24,132,26,1,79,42,4,1,12,10,0,0,33,31,0,48,100,249,42,13,208,4,26,80,24,35,62,60,25,2,21,37,4,13,184,122,22,17,3,211,57,53,10,120,10,59,14,0,0,91,128,10,19,5,19,15,0,5,21,13
cell_366,0,33,258,36,3,58,15,122,5571,0,41,23,41,36,46,64,4,62,8,14,11,2,54,11,88,7,18,3,10,49,0,59,11,15,6,0,3,5,4,28,492,34,107,49,0,94,22,155,33,40,4,11,72,141,3,76,2,5,73,22,4,2,7,5,28,41,26,14,16,34,27,12,12,5,5,42,30,83,0,0,16,51,19,6,173,182,18,61,94,59,26,26,87,3,15,33,17,0,1,503,230,151,2,152,4,118,16,48,4,34,43,37,4,72,46,0,5,8291,247,3,5,0,0,35,82,79,0,7,40,0,10,90,154,78,49,30,12,9,64,10,93,100,11,23,20,113,16,18,138,96,0,9,3,22,11,124,89,0,40,10,97,18,0,51,247,1,3,7,1,4,75,85,27,4,0,49,1,2,20,8,129,1,4,198,9,37,4702,37,126,9,12,40,0,61,60,0,61,3,36,73,4,9,25,0,70,80,7,25,35,133,144,0,12,38,21,82,4,14,104,251,1,31,24,12,75,0,126,2,75,1,68,32,13,108,29,15,54,32,2,169,29,6,52,33,3,15,93,49,40,31,20,71,172,54,17,17,195,41,67,81,0,58,25,18,441,14,35,16,24,115,50,2,2,77,1,19,7,247,1316,57,14,140,2,75,0,16,65,34,0,12,1,0,4,0,0,26,4,67,32,4,17,0,29,125,0,34,34,0,0,65,23,72,18,20,20,0,62,0,1,47,57,66,54,1,154,23,26,1,555,1,24,1,1,8,18,42,0,9,0,30,0,3,15,42,83,19,25,2,1,53,15,260,42,27,58,0,77,15,44,199,72,191,145,18,93,0,66,12,53,0,1174,66,57,7,10,11,25,54,21,136,4,5,44,11,64,8,8,13,42,76,40,0,31,47,163,4,42,0,1,0,9,25,38,139,31,22,18,0,18,3120,1,1,0,6,4,1922,0,2,23,11,38,144,17,6,32,54,66,186,25,36,70,135,4,65,0,1,3,203,2,0,135,125,38,6,71,34,21,4,18,21,241,1,42,33,2,20,99,336,0,27,187,3,20,100,48,4,33,60,28,2,13,32,0,9,16,139,89,3,1,292,49,25,6,78,15,13,3,0,0,103,101,10,12,0,5,3,0,20,7,12
cell_367,10,36,87,0,8,55,16,149,5407,1,20,10,60,16,34,28,7,46,14,8,12,47,90,4,16,35,1,4,0,0,2,77,5,58,3,0,12,3,0,0,403,0,236,47,0,23,125,121,14,43,29,15,77,68,13,34,6,15,44,28,2,0,10,21,45,37,40,34,20,9,21,11,60,1,0,25,31,37,0,2,6,134,76,3,66,147,32,48,77,79,208,8,87,12,19,65,14,66,33,455,209,141,0,202,0,83,1,28,4,10,37,32,4,73,0,0,3,8039,10,30,26,17,0,22,115,63,0,21,36,4,40,30,156,55,33,2,26,4,55,16,20,73,9,37,7,137,3,36,168,87,90,8,25,26,0,65,49,0,26,76,123,15,0,7,245,2,11,10,8,8,10,58,11,2,0,54,0,2,0,11,102,3,21,76,31,28,5508,25,102,15,1,51,0,62,20,0,29,15,26,92,5,22,17,0,22,88,6,27,9,112,44,0,1,17,30,84,76,8,89,126,17,50,33,20,27,2,140,0,100,3,71,8,3,103,58,3,30,8,0,130,19,0,48,26,7,12,110,53,2,71,19,43,70,8,6,6,182,49,51,88,0,62,40,23,444,11,28,16,21,106,24,5,38,4,3,27,116,181,1426,62,16,84,1,43,1,23,23,33,3,9,0,0,0,3,0,52,0,52,45,14,17,0,21,149,0,39,118,5,0,78,20,46,44,21,27,0,24,0,1,22,56,48,0,55,17,49,9,10,569,52,11,1,1,3,16,19,2,2,11,27,0,6,12,36,26,6,27,1,71,58,0,266,32,5,41,0,58,5,5,129,58,172,137,60,60,8,79,20,56,16,1259,34,28,16,6,49,42,45,37,84,1,0,20,1,11,33,5,1,48,85,53,2,223,46,125,1,28,19,6,0,6,141,51,130,4,41,13,12,76,3057,0,13,4,14,6,1922,38,20,35,17,60,47,21,9,135,68,59,214,16,0,28,79,0,54,1,2,19,251,0,0,170,120,18,5,81,11,4,10,1,2,15,0,19,33,0,54,118,164,24,10,174,11,16,25,61,1,57,17,34,6,25,39,1,4,99,7,67,2,75,263,45,33,0,117,20,10,50,0,2,116,96,8,2,12,15,16,1,17,17,17
cell_368,0,26,230,95,0,50,24,88,5051,2,36,56,157,8,28,40,15,57,0,2,8,13,70,402,115,19,0,5,9,0,0,92,0,83,13,1,6,0,0,37,1760,0,93,19,0,131,67,8,36,16,10,2,182,38,1,160,6,6,40,21,0,0,99,96,18,40,35,12,31,10,16,6,47,65,0,61,88,218,0,1,21,93,33,38,335,59,23,3,80,11,170,15,174,20,13,229,16,3,18,364,183,124,0,319,0,37,27,0,1,38,18,30,5,138,0,0,0,8260,0,1,19,11,1,53,54,115,0,25,27,2,19,46,104,70,55,31,28,15,41,34,1,91,0,38,0,136,5,0,330,156,0,11,35,34,0,171,61,0,14,51,98,5,0,7,222,5,1,0,0,8,25,75,149,0,0,73,0,2,37,7,91,0,0,76,50,29,893,41,243,29,4,32,1,97,158,2,55,1,36,99,0,43,0,1,15,70,2,20,42,111,7,0,6,31,27,44,62,2,70,107,2,0,12,30,373,9,209,0,87,1,82,2,0,129,4,7,70,1,0,297,18,2,42,38,2,2,128,204,9,15,37,137,37,3,25,37,68,10,46,83,0,420,7,32,639,14,23,28,17,4,13,5,7,63,0,28,3,128,1597,41,28,204,1,62,0,11,31,81,2,28,1,0,14,20,0,24,0,36,34,12,12,0,64,39,0,42,63,16,0,57,83,57,182,58,17,0,19,0,14,12,112,70,0,8,263,6,20,15,537,21,5,3,4,3,19,13,2,1,14,65,7,8,37,104,13,0,28,0,161,112,0,75,40,8,14,2,7,31,15,118,164,266,423,38,106,1,27,9,82,3,1069,13,31,0,5,10,80,37,45,0,12,0,18,5,44,6,6,1,36,193,128,0,333,38,109,4,26,0,1,0,5,64,126,68,67,102,11,4,128,2165,1,4,4,4,5,1751,6,0,37,10,62,77,3,0,48,47,49,48,30,7,18,37,0,39,1,2,17,555,3,0,94,272,29,6,66,16,1,28,12,0,0,3,35,151,0,65,87,431,0,0,202,6,35,5,166,18,59,40,41,3,21,70,2,12,255,140,138,9,0,312,182,88,77,102,30,35,14,0,1,52,129,6,13,1,19,16,5,19,43,19
cell_369,0,31,149,105,0,77,18,157,5820,0,10,22,132,33,34,73,5,30,7,0,0,57,89,0,0,25,32,16,18,1,0,92,16,80,13,0,0,10,0,10,309,6,251,41,0,100,0,149,53,21,22,0,98,67,0,18,3,19,47,30,0,1,11,56,40,36,38,11,94,22,14,3,48,0,5,14,38,37,6,2,1,152,45,6,224,159,40,40,115,89,200,4,87,58,24,89,13,2,2,440,200,126,0,263,1,45,2,0,10,30,56,34,12,115,68,1,0,8204,38,29,36,61,1,43,107,131,0,6,21,1,1,13,109,92,25,33,22,28,78,68,6,67,7,37,0,89,19,10,136,16,0,10,17,14,7,129,156,0,5,57,183,22,4,0,243,2,0,7,14,8,35,40,7,0,0,50,1,6,6,6,90,1,4,113,24,61,5358,8,48,3,7,30,3,97,49,0,1,10,40,84,0,6,8,0,78,99,9,49,35,134,100,0,1,64,17,91,71,0,106,86,1,2,16,15,101,0,142,0,75,0,50,22,0,109,45,28,41,2,6,191,11,1,48,26,0,11,88,11,3,57,20,48,82,39,0,2,89,30,86,62,0,76,26,25,438,21,14,30,20,117,20,6,73,3,0,5,4,237,1460,50,25,84,5,7,0,17,69,55,0,6,0,0,15,16,4,38,0,79,23,11,0,0,55,137,0,26,113,2,0,78,20,60,10,22,15,0,24,0,4,15,74,26,0,16,283,46,11,1,585,15,7,4,9,7,14,2,11,26,2,49,17,18,15,47,32,5,23,47,335,42,0,90,51,7,58,0,49,30,4,49,66,160,139,0,173,0,58,0,27,0,1073,22,25,1,6,9,33,44,40,95,2,0,13,13,57,34,0,1,33,71,52,0,141,63,158,11,45,0,5,0,10,81,57,109,40,84,2,4,126,3091,0,40,6,5,5,1898,31,21,16,5,63,57,19,3,13,60,33,126,22,12,17,114,0,11,2,4,15,258,8,0,52,139,26,5,59,2,2,6,3,2,0,2,3,35,0,32,112,183,9,0,179,17,27,77,67,15,53,63,50,2,24,48,0,16,186,27,46,22,0,292,59,45,8,202,62,56,39,0,0,95,131,15,22,0,78,24,1,9,17,16
cell_370,0,22,249,1,35,50,37,132,6009,11,39,11,151,37,7,63,11,67,15,1,20,27,88,7,54,33,13,4,3,24,1,110,18,45,6,0,13,0,0,21,410,0,545,46,0,42,0,131,2,29,9,3,93,32,21,33,0,9,61,40,2,0,27,19,46,21,33,16,32,2,18,42,1,24,10,13,6,139,5,0,2,156,76,3,226,199,44,21,83,65,69,21,83,10,15,74,15,0,0,458,215,121,8,91,6,59,5,31,10,13,30,24,3,71,13,1,2,7362,203,19,20,0,0,36,113,144,0,6,26,5,34,72,166,65,22,22,37,1,59,15,47,102,26,32,0,125,5,16,96,63,184,13,25,11,1,88,88,0,10,59,146,11,0,6,200,0,4,2,10,0,78,99,12,0,0,36,0,7,4,12,98,2,16,120,31,49,5249,21,104,56,16,50,8,119,64,0,0,8,18,95,3,15,0,0,83,94,5,12,24,128,73,0,3,9,20,109,10,27,132,208,3,13,12,11,57,25,141,0,66,4,63,29,18,139,0,11,9,15,3,201,24,3,1,34,1,2,92,13,6,31,16,21,36,33,14,8,216,22,49,97,0,76,7,17,519,27,7,22,16,92,37,3,57,0,0,10,38,58,1433,52,5,20,1,14,0,24,16,0,13,5,0,0,0,0,2,50,0,46,36,5,19,43,26,38,0,27,86,3,0,52,14,45,16,31,13,0,2,0,0,10,47,69,14,10,191,44,15,0,634,3,4,6,10,8,18,9,0,7,12,38,0,6,7,55,27,2,10,10,266,23,22,114,60,4,62,0,54,62,13,62,87,50,122,67,125,0,53,37,64,0,1108,13,39,7,3,73,14,21,34,9,1,0,44,0,14,23,2,5,30,23,25,11,152,11,143,26,36,0,2,0,7,42,34,119,35,44,2,1,25,3352,5,58,0,3,6,1916,5,90,54,2,16,0,20,11,125,64,64,272,6,5,85,124,0,37,5,0,12,187,6,0,89,132,38,4,79,17,2,3,10,1,0,1,4,53,0,104,38,266,40,22,158,5,20,35,81,8,52,47,2,1,16,42,0,5,138,109,33,0,0,290,35,29,0,174,16,11,42,0,13,94,75,7,46,0,38,17,0,7,22,12
cell_371,0,9,574,0,66,52,43,104,2751,7,20,75,88,12,82,30,7,59,3,3,18,28,59,5,95,13,6,2,17,91,0,121,15,213,6,0,3,2,0,130,747,0,53,79,0,171,5,110,59,3,18,5,226,6,6,163,0,4,46,90,8,7,21,11,52,55,85,56,9,2,13,11,23,2,2,0,33,61,0,8,47,42,1,1,6,91,51,4,146,26,29,29,107,6,25,10,9,0,1,547,151,212,0,117,3,51,36,27,3,59,24,51,0,63,0,4,0,4276,231,53,17,0,0,80,58,186,0,10,15,0,26,17,163,57,47,10,33,0,60,26,42,71,2,78,3,66,11,14,117,16,67,31,5,44,4,70,1,14,14,87,166,26,0,56,345,5,0,12,0,6,12,100,90,3,0,102,0,6,15,12,37,2,11,209,56,41,340,32,112,54,30,21,0,53,28,0,1,1,46,117,6,81,3,0,16,61,0,13,68,142,5,0,12,0,28,44,42,7,61,65,1,15,56,19,241,0,146,0,67,0,71,57,39,122,3,0,20,2,10,218,19,0,0,26,3,1,78,96,43,36,29,57,213,0,4,38,103,14,35,39,0,198,1,30,858,12,3,20,24,30,65,0,0,15,1,27,1,181,1706,106,0,5,0,3,0,7,37,31,4,35,1,0,0,0,0,20,57,110,11,2,9,38,65,71,0,26,81,0,0,53,62,125,77,159,28,102,26,0,1,0,96,84,2,3,127,5,72,6,1645,1,14,4,12,3,27,16,1,11,62,58,11,6,35,79,6,28,0,48,589,66,3,98,8,10,25,0,33,98,112,80,95,166,395,77,131,0,131,44,39,12,1133,24,10,24,16,23,22,34,48,6,11,0,29,15,27,16,11,4,12,96,25,1,196,9,59,3,36,1,4,27,4,39,97,97,20,55,30,0,2,1596,0,127,0,9,5,1270,2,42,5,9,31,59,10,0,130,41,79,60,26,45,58,200,0,81,0,29,12,142,2,0,61,305,33,1,89,45,6,8,36,10,0,7,31,95,0,13,52,263,0,1,133,4,16,22,22,14,73,43,58,5,21,82,11,6,5,77,144,1,0,300,153,66,77,87,2,27,7,0,3,144,93,31,35,3,103,17,0,7,36,53
cell_372,7,24,228,246,34,14,51,155,5426,7,27,22,45,23,4,47,15,48,7,23,40,38,105,0,1,18,43,3,5,124,2,72,28,213,5,1,5,1,0,59,431,0,351,31,1,54,0,240,19,13,37,1,94,43,11,45,5,22,75,18,1,8,0,24,48,54,31,16,20,22,21,52,41,9,8,2,28,30,6,1,2,109,10,4,190,190,59,63,94,14,1,1,71,16,7,123,10,0,11,455,219,118,1,45,6,64,0,63,21,39,29,27,8,32,94,0,8,8029,5,8,21,0,9,36,87,147,0,8,37,0,1,25,173,24,52,5,33,7,57,44,148,76,14,27,5,24,21,15,147,54,0,15,10,26,0,150,77,0,23,107,176,5,1,0,232,4,2,12,30,1,15,21,8,5,2,17,12,2,0,2,91,2,14,41,36,30,6170,1,150,11,26,45,3,62,84,0,4,16,29,74,4,9,3,2,60,55,9,49,29,107,20,1,6,20,17,65,35,13,95,354,6,44,49,20,85,0,141,4,100,0,75,18,2,56,10,13,29,4,2,145,24,0,69,24,6,4,95,108,8,32,18,94,6,4,26,14,95,81,44,75,0,82,83,45,428,72,0,15,18,82,31,4,0,48,2,14,5,21,1461,44,0,7,0,0,0,17,35,7,11,10,0,0,12,0,2,73,0,45,22,8,24,26,44,140,4,32,71,23,0,76,24,8,27,16,27,0,10,3,3,2,54,48,14,4,76,109,31,9,602,9,2,7,15,2,17,24,0,6,10,25,22,16,1,88,33,41,20,24,191,76,0,180,7,13,51,0,63,33,37,184,89,291,122,60,133,4,67,22,48,0,1306,0,5,9,23,24,13,22,23,0,0,4,16,5,65,13,6,4,5,15,33,0,11,32,59,5,42,0,10,3,15,101,19,65,1,158,11,0,26,2959,9,5,1,13,7,1847,5,27,8,1,2,42,9,9,125,50,74,144,32,9,20,104,0,72,0,13,2,76,1,3,156,110,4,7,93,25,4,4,13,42,0,5,32,40,11,102,32,245,12,0,146,6,38,53,50,42,44,34,3,2,22,38,4,14,220,32,45,1,82,338,35,45,0,107,2,29,38,0,3,104,160,14,5,6,86,27,21,14,44,17
cell_373,8,7,237,5,3,22,13,91,5542,9,32,12,92,25,42,38,1,51,1,10,8,37,32,68,123,9,32,3,17,1,0,94,26,21,18,0,5,1,0,2,239,0,169,49,1,151,0,102,30,36,35,6,88,97,5,91,0,35,55,2,0,0,7,38,43,36,46,7,98,8,5,0,16,47,1,0,3,60,2,3,38,134,13,4,0,203,22,19,95,34,100,51,115,38,33,121,14,16,8,504,211,93,10,255,2,5,15,1,5,19,34,35,2,68,0,0,2,8477,112,40,32,23,0,42,77,33,0,16,37,0,53,90,166,49,30,5,44,34,43,68,47,104,4,23,1,61,1,41,152,5,2,18,31,24,1,139,87,0,69,63,94,76,0,1,234,0,1,14,6,1,41,46,10,1,0,59,0,0,0,7,69,0,46,177,16,27,4695,3,85,36,1,36,5,136,83,4,27,28,0,94,17,6,13,0,103,108,12,18,29,130,85,0,5,1,21,92,16,1,64,14,4,25,19,16,82,1,143,4,84,1,62,30,16,125,50,3,12,21,4,200,21,4,42,32,1,6,75,45,56,50,21,118,163,33,17,19,203,50,65,94,0,21,20,24,516,8,16,17,16,74,31,10,124,74,0,16,3,267,1352,0,31,22,6,11,1,18,72,33,0,1,2,0,13,2,0,17,0,69,42,50,25,48,19,103,0,18,61,1,7,25,2,42,102,68,31,3,95,0,10,5,42,74,0,32,131,43,30,8,606,26,10,0,26,13,31,12,0,8,9,37,0,5,2,8,104,83,0,22,3,49,32,16,25,30,47,10,83,79,5,167,109,120,80,101,67,0,68,24,45,1,1221,50,82,3,1,2,126,14,39,171,32,8,37,5,21,24,3,7,43,93,39,3,200,23,150,8,41,0,8,0,11,30,39,117,21,62,31,0,21,2970,5,12,4,8,5,1955,5,2,5,10,87,48,35,5,32,66,49,183,30,32,31,157,0,13,1,4,21,84,2,0,26,123,59,1,72,34,0,1,8,1,0,0,54,38,2,58,97,243,2,5,181,9,26,13,33,28,187,39,119,11,4,37,0,1,143,178,46,2,79,240,56,59,48,120,2,0,6,0,0,42,129,26,28,1,0,10,15,11,34,9
cell_374,0,19,191,5,0,66,9,71,4976,13,16,15,94,20,31,26,1,68,13,60,14,39,87,0,0,3,22,2,1,25,0,100,18,254,5,0,21,0,0,0,444,5,94,41,0,142,0,178,48,12,34,9,106,76,0,58,25,17,40,25,0,1,2,66,36,40,32,21,31,0,12,0,18,0,1,21,6,48,0,1,27,160,39,14,222,201,26,7,115,59,176,6,95,23,18,173,11,6,2,467,156,152,1,197,8,35,2,0,1,18,38,34,23,59,0,0,0,8147,49,32,52,19,0,48,135,144,0,20,44,0,10,101,136,30,17,5,30,0,61,17,0,25,2,32,6,153,9,77,171,30,0,16,62,24,0,123,121,0,82,60,166,61,2,0,247,0,0,2,28,11,63,46,18,0,0,8,2,2,0,12,133,1,33,190,19,53,4581,33,74,41,0,47,1,145,97,0,44,5,3,98,10,26,12,5,29,86,0,36,25,153,112,0,0,1,18,65,9,0,48,70,2,23,12,9,20,0,185,0,116,1,63,12,14,81,11,0,27,12,7,157,9,3,60,124,0,6,90,155,23,47,32,88,98,2,0,20,200,59,61,75,0,46,24,36,457,68,2,13,9,101,27,6,67,0,0,19,13,245,1402,0,39,64,1,2,3,22,35,35,4,7,1,0,2,1,0,55,0,61,16,13,0,52,31,116,0,32,46,0,0,71,18,52,17,6,21,0,35,0,9,8,85,32,0,14,51,8,12,25,582,12,13,0,6,10,23,22,1,0,12,36,0,7,17,54,84,23,19,40,380,54,0,20,34,60,70,0,100,73,13,177,114,242,123,17,122,5,68,11,109,10,1213,45,73,0,2,5,45,28,32,126,4,0,1,0,11,22,7,6,43,67,60,0,110,47,129,9,38,0,4,0,9,90,45,123,33,82,30,0,38,3193,2,2,7,4,8,1991,33,10,22,0,116,26,10,0,4,63,35,157,24,26,9,191,0,72,0,2,16,239,0,0,11,91,13,1,27,15,6,3,1,1,21,2,34,32,4,54,95,262,8,21,162,2,23,61,88,1,211,26,28,6,13,42,3,11,412,122,58,1,85,384,58,66,0,144,14,77,27,0,3,69,148,7,12,7,0,26,9,6,22,19
cell_375,4,21,147,88,32,11,40,120,6001,8,22,6,138,41,31,49,2,56,5,11,35,13,107,0,130,24,7,0,1,82,0,100,0,257,25,0,20,0,0,0,438,0,103,34,0,89,0,19,31,5,24,7,103,104,2,96,1,0,66,17,2,0,7,84,50,117,22,61,21,2,16,25,18,67,54,0,32,130,0,3,14,172,37,29,30,213,58,66,96,67,74,16,90,28,19,190,56,1,0,464,239,122,0,238,1,94,105,21,5,32,42,22,1,117,1,0,0,6880,91,42,23,1,0,46,261,165,3,2,16,2,15,108,106,49,48,10,29,11,48,23,123,85,10,25,8,169,8,18,180,25,79,19,6,18,0,133,44,4,36,22,146,12,0,11,157,1,6,8,0,0,30,59,79,3,0,5,0,3,5,18,116,0,37,171,42,47,5513,13,103,25,9,25,14,173,70,0,17,14,37,98,0,5,18,1,39,103,11,7,36,133,10,0,1,31,23,40,22,8,105,55,1,20,26,38,98,1,165,0,50,1,61,6,0,148,7,11,29,12,1,161,11,1,59,107,2,0,129,105,13,46,27,94,130,42,13,26,237,48,41,38,0,74,39,37,471,33,6,21,19,55,29,3,73,1,0,15,30,209,1386,43,42,78,2,9,1,27,3,13,6,1,1,0,0,6,1,55,0,37,25,13,16,49,27,116,0,28,37,17,0,73,17,37,42,19,27,0,36,0,5,0,81,76,33,22,213,43,5,12,589,12,10,1,11,28,25,16,15,1,2,25,3,24,0,125,18,0,28,0,197,60,0,204,49,5,47,0,91,54,82,181,99,147,120,71,47,0,53,32,56,0,1269,12,7,1,16,57,175,10,34,57,1,1,31,6,27,17,2,24,27,104,4,0,206,18,88,7,58,0,72,0,18,43,80,143,3,139,4,1,15,3628,0,44,1,6,3,1945,5,67,17,0,46,118,9,0,0,59,52,177,17,45,62,105,0,63,1,0,15,195,4,0,131,124,13,0,74,37,1,0,19,5,0,1,43,37,0,43,69,272,4,45,202,5,15,15,52,7,70,26,0,1,15,42,2,13,345,9,40,6,39,291,57,48,2,42,5,10,49,0,5,77,125,12,12,0,0,10,0,7,32,13
cell_376,0,17,334,68,11,27,32,89,8178,4,10,27,113,162,40,34,4,56,3,57,46,129,110,2,117,4,0,11,7,0,1,107,17,249,14,0,4,11,0,0,881,0,233,65,0,126,0,132,19,166,31,16,126,17,1,19,3,20,14,30,0,0,1,67,42,46,57,26,11,32,10,12,57,0,42,28,20,60,0,0,24,258,55,20,237,146,64,34,76,20,41,3,135,16,16,189,39,70,10,515,194,91,0,442,0,31,15,57,1,8,19,33,5,95,18,9,0,25568,20,15,21,0,1,31,127,132,0,16,10,1,9,19,208,61,44,12,17,0,60,32,162,25,4,33,5,94,3,74,233,13,0,20,12,15,15,214,123,0,13,82,184,30,0,105,151,0,0,15,0,2,39,89,40,0,1,52,16,2,0,2,77,1,28,74,47,26,2036,22,54,24,0,54,0,73,46,1,0,3,27,82,3,20,8,4,6,50,0,17,22,174,30,0,1,3,22,54,9,4,21,93,22,4,26,32,148,2,140,0,61,0,76,46,0,124,38,28,75,8,5,272,18,0,58,56,27,4,111,99,28,46,10,85,289,6,0,18,121,22,43,129,0,172,21,94,480,79,7,30,10,21,37,9,31,46,0,19,22,209,1387,43,51,150,0,12,2,9,57,59,1,7,0,0,2,0,0,16,0,33,23,9,3,2,69,25,19,29,86,1,0,67,24,25,210,1,24,0,56,0,6,7,73,41,6,42,37,14,33,18,444,24,2,0,9,0,17,15,12,12,12,51,0,14,3,14,4,4,7,0,258,114,0,122,48,28,41,28,47,15,14,160,89,249,154,98,78,0,39,55,12,17,1375,11,14,0,12,7,35,20,38,0,6,0,13,5,15,15,19,8,18,176,35,10,335,56,66,12,36,3,11,0,0,90,59,104,5,51,54,2,45,2431,5,0,11,0,8,1477,7,0,41,1,62,181,1,0,71,85,69,210,13,15,8,200,0,50,0,0,36,494,0,0,105,210,19,35,51,19,9,1,0,1,154,1,37,105,11,12,89,171,8,27,359,0,32,0,0,6,184,23,11,17,14,58,7,17,154,85,126,3,1,225,117,47,40,92,52,79,19,0,0,60,223,29,25,10,0,10,8,5,40,7
cell_377,11,12,281,0,4,71,9,46,5260,6,30,10,28,38,29,56,9,59,1,17,108,15,56,4,99,21,49,6,12,10,0,56,3,36,0,0,11,2,0,47,383,75,254,47,0,82,0,130,67,7,10,19,88,61,35,56,0,15,48,25,0,1,15,31,59,36,32,93,53,76,8,35,32,8,10,24,27,89,0,1,6,159,12,4,114,123,35,41,104,14,12,11,93,8,19,114,12,0,1,503,129,166,0,91,0,87,3,103,13,10,53,40,13,155,0,0,0,8073,9,52,33,0,0,49,181,114,0,9,25,0,5,53,131,80,26,16,21,0,45,36,106,33,4,43,5,152,16,46,152,82,0,10,11,34,4,181,0,23,12,84,146,16,2,0,271,5,0,17,18,3,28,3,37,0,0,40,17,0,7,13,84,2,32,76,34,38,5260,17,54,35,39,34,8,23,32,0,68,15,34,76,8,13,0,4,72,79,3,18,35,119,11,0,10,3,28,50,71,5,88,108,2,19,29,14,72,0,153,0,11,2,50,15,27,123,37,6,41,19,2,161,12,12,50,205,4,8,89,185,11,38,9,76,79,61,7,34,238,50,59,63,0,51,17,29,378,12,19,20,16,109,5,5,97,103,0,18,175,225,1267,3,9,7,0,1,1,2,37,33,2,1,0,0,15,1,1,57,0,58,59,4,21,0,33,81,0,33,19,19,0,27,7,48,0,84,15,7,22,0,1,20,45,79,0,9,83,1,25,3,543,34,8,7,10,2,13,23,36,9,5,28,7,2,3,19,35,12,19,5,22,47,4,50,42,23,56,0,81,15,76,152,109,219,49,102,38,0,74,18,14,0,1199,26,138,4,20,40,22,35,44,114,0,0,13,1,28,29,6,3,24,41,10,0,177,43,165,6,43,0,3,46,10,96,63,131,19,11,33,0,24,3042,0,107,0,10,6,1766,13,3,44,18,50,9,4,1,115,46,85,133,36,2,83,185,0,72,17,0,21,181,0,1,61,113,59,0,57,23,3,1,2,2,1,3,6,35,23,24,39,224,7,5,190,2,30,35,31,5,107,38,23,2,7,41,0,17,7,181,56,1,33,238,38,19,0,73,17,12,16,0,3,82,130,15,9,2,11,16,0,10,46,11
cell_378,1,23,228,27,46,48,5,168,5347,1,25,19,84,27,28,52,1,63,26,14,10,35,76,0,3,15,7,5,8,135,0,59,33,225,7,0,1,0,0,8,401,100,249,35,0,101,0,147,18,68,28,8,84,108,60,73,1,35,40,29,0,3,8,71,49,42,32,17,6,0,7,13,8,4,0,0,15,102,0,0,4,174,15,8,233,189,48,23,84,114,139,30,74,47,21,141,39,0,15,416,203,142,0,222,6,22,28,19,28,20,43,39,2,88,0,0,10,7347,18,34,38,0,0,43,134,49,0,4,23,0,72,92,135,68,32,7,39,1,51,8,43,93,7,23,0,104,8,19,96,8,0,16,0,34,4,165,87,4,2,56,172,10,1,10,252,4,18,3,13,4,30,57,5,0,0,33,0,7,0,27,128,2,24,26,26,28,5576,29,184,33,0,43,1,66,79,0,4,3,37,87,0,24,8,1,44,117,1,27,38,132,141,4,1,18,27,43,33,12,106,86,41,50,8,13,65,0,132,0,96,2,78,5,0,133,24,8,29,0,1,156,23,4,60,73,0,8,111,22,26,38,18,108,167,17,4,25,217,48,52,88,0,69,14,16,504,31,14,4,19,71,18,4,16,1,4,0,87,101,1394,0,3,97,3,8,0,31,2,27,0,14,0,0,0,1,1,49,0,39,23,27,16,0,30,19,0,34,115,0,0,87,26,68,49,26,13,0,12,0,9,17,74,72,0,30,239,55,15,4,601,1,2,13,17,10,17,12,0,1,2,26,4,6,14,42,16,13,22,55,0,55,2,205,24,35,47,0,101,37,14,162,121,263,120,42,133,6,36,31,36,31,1231,8,11,0,2,15,104,31,37,48,10,7,24,0,47,45,1,7,34,81,67,0,178,41,152,4,32,0,5,7,2,68,46,117,32,64,14,0,16,3370,3,4,4,8,2,1773,0,43,1,13,15,173,5,22,98,60,67,285,0,9,30,53,2,43,0,3,15,212,0,0,20,110,21,0,99,32,1,14,1,16,186,8,45,30,0,68,90,254,31,1,145,17,23,6,42,17,13,18,13,5,20,47,15,14,325,125,44,0,72,308,59,46,0,118,8,14,10,0,4,88,141,12,5,1,0,8,14,11,23,15
cell_379,4,25,248,1,0,91,4,96,5077,7,15,4,18,23,29,59,0,18,23,5,15,14,43,0,168,6,11,7,19,12,1,68,34,49,7,4,12,4,1,25,426,0,68,53,0,21,94,228,25,141,8,19,109,52,3,95,19,59,50,55,1,0,4,73,46,5,14,9,6,4,17,0,8,49,4,39,7,54,0,0,3,188,20,25,0,194,77,80,86,50,170,23,87,12,28,0,0,116,5,481,205,128,0,169,4,96,31,0,7,35,15,37,3,40,5,3,12,7502,35,30,10,8,1,35,57,47,0,13,37,4,44,7,149,37,36,18,31,4,60,30,87,31,27,25,16,186,1,104,147,10,1,31,13,21,4,117,59,9,25,26,171,5,1,4,189,3,8,12,2,2,36,95,36,8,0,54,9,2,0,7,136,1,21,150,39,37,1636,8,75,24,8,45,1,107,11,14,0,22,3,76,2,2,37,0,32,87,6,9,45,141,44,9,9,15,21,70,55,4,45,37,9,6,19,15,28,0,165,12,87,9,92,23,2,28,26,20,48,0,18,185,5,1,2,48,1,14,96,18,43,38,11,111,112,70,6,21,204,52,63,23,0,48,12,6,448,8,14,19,20,25,19,5,45,79,4,21,4,217,1334,60,46,21,1,0,0,24,6,23,14,2,2,0,27,0,4,62,0,51,6,11,26,0,10,49,0,31,1,5,0,52,1,22,100,15,25,4,72,0,0,0,69,5,19,5,5,5,31,3,650,34,15,2,31,10,27,36,0,23,1,30,0,25,1,4,65,3,6,32,268,45,27,109,20,100,48,1,97,9,111,206,13,273,134,107,143,32,7,8,6,0,1353,19,23,1,0,15,51,33,24,5,1,0,0,20,34,36,1,18,30,96,38,4,207,33,156,11,47,0,0,0,3,35,48,139,4,156,8,1,96,3276,3,30,7,4,1,1833,27,0,64,16,74,93,15,18,21,48,22,30,31,52,76,180,6,69,0,1,16,28,1,0,32,108,26,2,59,41,6,0,7,1,32,4,36,35,0,77,99,266,0,26,161,0,22,35,54,6,11,0,15,0,17,35,0,9,253,159,87,5,80,52,46,42,11,65,11,9,0,0,6,46,141,14,22,0,79,0,5,3,25,7
cell_380,0,15,203,0,0,13,12,161,5351,5,10,15,117,29,29,68,17,36,1,0,29,31,91,0,172,31,11,2,13,99,4,13,26,1,12,1,8,1,0,72,444,0,610,21,0,42,1,78,48,136,13,0,68,58,17,102,12,25,34,55,3,7,10,5,36,2,25,65,3,1,13,47,11,102,7,0,2,185,0,0,2,176,39,2,240,179,72,21,93,19,195,41,72,16,12,29,15,0,21,450,205,109,0,268,6,94,4,32,24,17,39,17,1,92,18,1,10,7638,25,1,13,1,0,23,243,112,0,22,30,3,7,17,166,50,55,19,27,14,81,44,148,101,4,29,5,98,3,7,185,33,0,16,2,16,0,144,82,2,22,27,131,18,0,9,239,2,3,10,0,5,20,57,11,1,3,4,8,5,45,7,23,1,10,18,53,40,4706,9,128,17,29,49,2,115,67,0,0,8,6,71,6,8,3,1,93,107,16,31,18,127,120,1,8,34,19,67,85,8,87,87,2,42,0,24,119,14,144,0,103,1,30,7,4,96,4,16,9,6,0,61,15,3,35,31,0,11,100,39,22,35,20,128,14,5,16,32,208,60,54,6,0,73,7,20,485,17,8,26,18,10,21,9,35,31,1,13,134,96,1445,51,6,132,0,4,0,18,7,33,9,2,0,0,0,5,0,36,95,52,27,6,14,24,51,57,0,35,37,0,0,66,14,48,52,64,19,2,1,0,2,9,87,52,4,20,27,21,13,4,646,13,7,0,15,7,21,5,3,16,49,41,6,35,20,82,141,5,38,0,151,80,18,216,46,2,41,0,59,32,103,116,119,95,133,87,174,3,56,12,14,0,1309,0,27,16,4,24,12,60,27,2,9,1,26,0,56,11,0,2,30,21,11,0,20,28,80,8,40,23,6,4,1,96,78,111,21,113,8,12,31,3308,16,9,0,16,3,1855,5,12,28,12,16,5,15,34,119,57,50,106,2,10,63,10,0,36,1,3,6,54,0,1,143,24,8,1,67,5,0,6,11,3,711,0,12,31,0,85,2,214,15,0,166,3,11,46,28,23,55,55,4,3,18,44,0,4,391,29,114,9,93,337,42,47,0,65,28,16,36,0,2,94,99,24,38,9,2,11,0,20,19,24
cell_381,8,9,376,48,58,79,37,75,4538,1,14,31,152,21,27,27,8,53,9,8,39,248,73,0,9,11,6,12,6,9,0,71,4,149,9,1,5,0,2,8,1584,153,439,53,1,134,0,140,23,39,10,31,184,34,83,52,0,17,36,47,0,6,9,128,55,56,38,57,6,28,5,18,18,1,0,147,37,78,0,1,22,68,21,10,180,52,84,8,87,54,129,20,156,3,20,1,9,21,3,373,143,149,0,269,3,23,28,56,9,102,10,29,7,57,0,23,3,8030,313,7,23,9,0,14,166,39,0,13,8,0,1,34,148,84,39,57,6,17,53,16,105,103,21,36,0,58,6,5,340,44,0,20,12,9,0,129,23,6,18,50,152,11,0,0,205,1,12,6,17,16,44,83,37,0,0,71,0,26,0,4,89,0,11,111,40,31,716,9,177,22,61,41,11,98,153,0,22,22,7,115,0,41,1,3,25,81,6,25,23,102,38,0,3,30,23,53,45,12,54,125,0,5,31,14,213,2,174,0,26,1,50,14,67,128,1,2,57,5,8,276,15,1,20,196,3,2,143,69,29,6,23,112,97,5,23,6,80,5,40,76,0,408,17,17,687,15,5,20,11,1,41,7,27,60,0,38,59,156,1620,32,7,85,2,6,0,9,16,61,7,27,0,1,3,0,0,20,1,34,13,11,13,0,35,60,0,40,166,14,0,67,79,87,36,305,13,12,16,3,1,26,93,71,1,6,12,6,3,9,482,62,6,3,7,0,17,3,3,1,13,48,1,7,13,51,9,5,12,0,0,141,23,34,36,16,10,7,20,62,162,23,155,429,380,57,117,0,113,23,32,12,986,21,15,0,7,4,23,33,40,5,10,0,8,8,42,6,19,5,26,137,6,2,336,59,137,6,19,0,2,19,7,70,127,5,59,39,50,0,80,2077,0,10,1,8,12,1829,5,1,23,0,79,95,19,0,174,38,55,80,12,24,29,78,5,69,25,7,22,279,7,1,57,240,44,6,33,23,14,12,7,0,7,0,45,168,0,70,27,295,8,44,184,3,12,19,167,17,23,25,17,5,19,46,0,37,400,28,47,1,48,336,220,68,0,130,4,31,8,0,4,72,110,12,23,0,5,17,12,4,46,20
cell_382,0,23,306,0,58,91,73,86,5068,1,53,58,36,33,32,6,3,53,2,5,4,27,69,6,93,15,18,8,6,34,1,93,9,200,7,0,14,1,0,4,1486,0,322,86,0,114,0,153,39,27,28,14,175,18,8,121,0,0,31,90,0,1,21,83,50,60,40,51,16,0,7,0,0,12,31,1,56,273,0,8,5,56,3,2,26,92,42,8,132,1,114,20,153,35,14,74,2,117,0,417,175,153,0,251,4,34,27,4,4,107,12,34,2,106,109,0,0,9600,167,18,21,3,1,48,173,126,0,29,8,0,76,27,125,55,38,39,24,31,56,50,163,59,0,20,3,74,23,17,405,43,0,31,38,38,6,119,35,0,52,70,105,3,0,147,257,4,2,9,0,5,69,61,4,0,0,69,1,10,0,0,54,0,2,183,28,24,786,61,340,12,7,28,1,102,51,0,30,1,31,99,0,2,28,0,22,83,3,5,34,128,1,0,2,5,29,44,11,6,44,193,5,32,15,9,101,0,181,13,57,0,81,75,2,106,12,19,76,8,1,374,18,6,32,311,5,2,138,0,6,44,35,126,297,24,0,44,41,2,47,57,0,446,44,24,588,86,15,57,1,6,37,8,2,1,0,17,5,320,1532,73,193,29,1,24,0,8,57,122,3,106,1,0,2,0,1,16,0,24,17,2,1,0,74,48,0,28,107,0,0,75,0,71,36,7,12,0,77,0,3,21,120,38,1,3,114,20,67,0,490,3,41,0,8,8,18,4,0,12,0,60,54,17,33,51,5,9,15,43,818,158,0,216,11,13,23,0,35,11,28,106,119,231,367,104,72,0,76,7,14,1,987,13,29,5,2,3,26,20,59,19,1,15,6,5,31,10,0,21,39,211,135,0,91,37,155,5,29,0,4,0,2,8,77,113,28,55,20,6,139,1809,2,24,0,12,2,1890,15,8,13,4,76,35,18,4,0,43,65,98,23,61,19,215,0,64,4,4,7,190,0,0,97,237,24,3,75,63,5,2,6,3,838,2,37,129,0,49,85,159,22,57,136,3,28,30,45,11,68,32,86,4,11,62,0,7,66,121,35,8,27,327,189,79,1223,139,3,46,6,0,2,43,140,43,10,1,56,17,0,25,8,19
cell_383,0,19,437,95,92,50,54,91,2873,2,43,43,135,13,30,21,9,79,5,5,11,141,53,0,0,27,20,7,21,22,0,114,1,84,4,2,48,2,0,69,893,37,238,85,2,131,0,127,23,23,10,12,217,23,27,129,3,14,41,27,0,12,13,68,53,38,86,96,34,33,8,14,61,0,22,274,12,90,0,40,15,115,8,11,327,106,61,8,127,30,82,27,113,3,27,7,5,0,10,506,146,252,4,172,2,10,13,0,9,67,24,40,1,97,0,10,0,4699,2,9,13,11,2,29,99,116,0,5,13,4,7,74,156,42,46,29,22,13,74,17,124,192,27,63,0,94,26,9,160,14,13,19,23,28,37,66,10,0,23,86,188,3,0,30,316,1,3,1,0,17,37,103,55,0,0,151,5,8,0,8,18,3,5,34,43,17,387,6,144,32,10,7,0,55,205,0,9,3,32,126,13,25,0,13,43,44,14,9,11,103,45,3,3,24,21,53,35,0,26,54,4,19,43,13,236,1,146,3,20,2,81,78,41,74,0,21,107,5,4,118,18,2,19,168,1,5,60,31,30,26,33,70,147,7,15,7,88,18,36,73,0,244,58,17,645,3,20,45,3,2,21,8,8,5,0,21,22,113,1607,12,0,66,0,24,0,12,59,85,5,27,1,0,2,8,12,6,0,123,11,1,30,6,75,71,0,24,87,0,0,65,4,147,127,148,12,0,60,0,0,48,78,59,90,42,3,7,46,5,1598,71,16,1,18,10,17,6,0,3,0,57,26,6,50,66,13,0,5,15,48,75,40,337,1,0,27,0,37,15,37,84,105,303,341,27,154,8,100,9,27,17,1160,35,65,4,11,26,79,38,63,8,3,0,5,8,16,15,8,10,40,218,19,9,87,55,108,8,25,0,7,0,1,113,177,58,48,84,32,1,110,1574,3,39,1,26,12,1242,2,82,22,2,91,56,8,1,61,18,64,57,13,2,8,182,0,90,0,4,12,161,0,21,15,181,50,2,102,33,7,43,8,16,10,1,28,82,0,116,18,5,13,8,130,9,19,4,84,14,8,5,69,5,17,107,0,13,151,85,97,11,0,245,142,29,0,21,5,21,23,0,0,184,72,18,41,3,1,1,31,8,15,70
cell_384,0,15,82,152,45,135,32,155,9870,6,18,24,82,115,32,32,11,73,4,12,2,36,94,39,5,13,0,6,0,96,2,121,17,288,22,0,0,0,0,0,850,0,472,33,1,49,3,122,7,92,10,9,91,37,2,58,0,2,58,40,0,0,45,36,42,63,57,41,61,11,7,3,0,0,0,94,39,137,0,0,30,239,14,7,420,202,27,53,75,30,256,2,103,32,32,178,23,0,7,457,211,83,15,420,2,24,0,26,15,50,27,30,14,78,0,0,2,27735,26,1,38,0,0,32,116,64,0,2,20,3,25,26,205,108,27,49,37,4,90,53,166,43,19,24,29,83,18,32,250,100,0,17,63,32,2,163,127,0,16,103,144,11,0,22,170,6,0,7,11,2,81,87,24,0,0,39,1,4,0,2,75,4,22,168,6,21,2505,30,356,10,19,55,0,25,117,0,25,3,22,96,2,18,4,1,30,93,0,27,26,167,25,0,1,32,22,53,17,44,114,123,1,18,20,28,172,0,107,1,103,0,64,43,30,139,9,19,2,10,0,269,17,3,12,51,18,1,140,39,8,41,19,74,58,10,4,3,124,2,68,117,0,169,3,10,450,25,0,9,7,42,39,11,47,91,1,20,128,277,1506,17,18,228,2,44,0,3,56,60,6,2,0,1,11,0,1,25,0,29,30,1,8,0,111,66,0,29,125,0,2,28,39,41,20,14,18,0,20,0,8,78,75,46,19,7,154,20,14,10,425,7,14,4,6,11,10,18,0,3,6,59,31,5,11,68,20,1,12,0,21,112,2,68,17,37,30,12,48,33,9,19,94,366,256,111,197,2,57,44,11,3,1470,34,34,0,4,15,6,27,34,28,13,0,38,1,28,26,19,13,21,23,110,0,744,32,219,14,29,0,0,0,2,11,17,22,17,5,8,1,34,2299,1,0,0,7,3,1571,5,2,32,12,19,252,29,75,67,78,65,291,7,27,47,181,0,69,0,1,13,503,1,5,86,190,18,2,107,33,17,2,27,17,415,0,16,107,0,33,77,434,12,11,372,4,24,88,92,18,34,74,47,9,5,53,3,21,7,207,76,2,0,365,138,50,5,201,4,91,42,0,0,61,159,4,12,3,0,7,0,6,39,13
cell_385,3,34,245,25,64,82,23,193,6408,1,9,7,4,2,27,21,5,83,10,2,8,115,89,55,182,29,17,2,3,44,0,92,38,237,3,0,14,3,0,2,324,30,41,50,0,68,140,236,16,54,9,3,78,86,1,32,6,6,84,16,8,5,4,52,44,19,12,17,24,15,12,43,0,1,7,32,32,33,0,3,18,153,40,1,65,189,66,56,86,23,83,0,104,2,23,0,10,0,0,456,235,165,5,150,2,74,30,30,2,23,48,38,0,34,4,2,1,7401,54,57,13,0,0,40,93,169,0,8,37,1,3,124,159,99,40,17,36,1,61,30,23,111,1,25,25,133,11,61,138,42,1,6,5,30,1,52,6,9,57,51,166,1,2,7,196,6,1,6,9,0,66,72,43,0,1,15,2,1,8,14,88,4,10,47,35,37,4175,13,85,13,2,64,11,74,48,0,58,5,33,90,9,5,16,0,24,99,0,11,33,130,125,3,2,31,13,108,15,31,77,79,0,43,21,7,81,0,133,0,87,0,55,16,0,136,2,0,62,2,0,195,22,10,4,25,1,1,88,9,2,21,25,42,46,10,4,8,200,40,53,98,0,63,21,48,468,42,5,25,10,18,34,3,43,37,1,9,23,215,1232,26,56,37,3,20,0,3,25,8,7,1,2,0,16,0,0,39,0,51,23,0,19,3,28,65,0,23,40,0,0,38,15,59,5,52,17,27,4,0,3,17,53,44,17,9,66,38,14,3,615,17,7,0,0,16,18,34,0,11,21,23,7,10,10,7,2,4,11,44,0,43,0,54,4,22,60,0,81,66,39,191,96,194,114,58,18,18,57,85,96,6,1174,52,43,1,1,35,57,33,29,10,13,1,51,3,12,39,3,52,31,44,21,0,142,46,98,2,51,0,5,2,12,79,49,71,4,19,8,0,39,3525,0,0,13,6,3,1805,3,11,78,0,6,157,8,29,2,65,73,253,20,27,92,100,2,56,1,0,21,253,2,1,154,109,25,6,98,32,16,1,24,7,2,2,48,38,0,77,42,222,4,60,197,5,20,71,22,5,2,10,7,2,14,38,1,38,216,185,62,10,47,264,37,35,1,75,10,38,31,0,0,75,141,12,4,2,37,3,0,9,38,12
cell_386,0,7,189,14,3,33,30,14,5150,2,13,6,82,19,17,63,8,64,8,11,15,38,100,2,0,33,3,2,5,38,2,112,8,9,7,1,7,1,2,54,483,0,259,46,0,58,0,218,31,53,29,9,63,0,4,64,0,26,40,40,0,14,2,40,38,27,31,12,29,21,11,20,64,25,0,0,8,108,3,4,0,181,10,5,99,194,42,16,122,75,139,13,88,1,28,49,15,0,23,425,201,111,4,174,14,32,12,0,1,32,39,35,3,89,0,1,13,8100,36,31,37,40,1,37,54,120,0,26,13,0,33,10,105,71,21,30,28,19,61,40,50,29,2,34,0,99,25,8,167,0,11,20,48,22,7,119,40,0,41,102,165,106,1,0,308,1,14,5,2,8,25,68,91,5,0,16,0,1,1,5,132,1,5,110,60,35,3252,5,33,12,15,40,2,172,57,0,1,2,23,89,7,6,8,3,98,93,13,40,26,121,162,0,14,18,30,79,72,14,79,57,20,2,21,21,49,7,132,0,72,1,67,15,2,107,9,12,22,16,3,170,11,6,3,235,0,5,97,34,12,43,17,74,17,46,5,9,180,35,63,46,0,67,76,44,442,13,7,19,9,0,38,16,55,45,1,15,144,258,1334,56,1,9,0,0,0,31,54,27,9,8,0,0,9,0,10,61,0,48,18,15,24,0,25,126,0,26,83,21,0,78,19,68,48,21,20,0,0,0,2,0,72,62,16,3,20,42,21,0,573,18,3,6,33,4,13,7,0,18,26,29,6,6,10,18,8,15,20,56,206,59,50,30,14,2,53,13,84,38,61,78,110,340,129,7,129,2,55,4,81,0,1315,7,37,7,8,37,131,9,25,80,0,2,22,3,13,15,0,5,56,13,32,18,41,79,178,7,38,0,53,0,20,51,93,86,20,111,9,0,65,3228,0,31,1,6,2,1811,14,7,75,9,50,25,7,2,67,42,50,56,26,41,17,67,0,45,0,7,10,183,14,21,84,128,57,7,67,31,0,2,20,14,0,2,22,27,1,145,40,253,12,0,183,0,12,71,73,34,35,54,37,14,15,39,3,19,163,19,17,10,2,286,53,42,0,112,15,39,7,0,3,114,109,5,44,7,54,13,0,17,14,14
cell_387,5,35,159,5,25,7,37,177,6080,3,29,5,29,55,43,43,9,52,1,6,32,25,92,0,3,37,5,1,6,0,1,96,0,252,13,11,8,2,0,49,502,0,186,7,0,64,0,179,11,8,24,3,76,75,23,79,0,0,61,56,2,1,39,57,60,6,34,66,15,11,4,1,12,1,15,12,10,161,0,1,13,199,80,67,137,159,63,38,66,102,48,34,89,27,25,118,32,42,3,462,162,132,1,206,6,52,50,112,25,31,38,30,11,150,23,0,0,7581,16,31,27,76,0,9,174,153,0,2,25,0,0,86,33,48,42,8,6,4,53,40,177,54,9,29,13,131,5,6,25,46,114,10,32,10,4,39,0,0,48,32,187,95,0,15,224,7,13,13,13,1,89,70,11,0,0,51,0,2,23,1,84,0,21,8,61,36,4564,13,76,26,1,20,1,104,25,0,7,0,9,92,8,10,9,24,7,83,0,5,36,135,29,0,4,2,22,100,10,6,125,51,0,20,33,6,62,6,159,0,43,1,39,12,0,98,25,17,6,67,0,204,18,20,42,71,3,7,109,98,3,39,12,64,56,28,14,49,144,12,59,97,2,75,32,14,473,20,5,40,22,20,30,0,90,79,0,23,9,278,1314,64,0,81,0,72,2,8,53,13,2,1,0,0,0,20,1,41,0,53,36,5,14,33,22,138,8,21,120,13,0,83,25,59,8,27,15,0,1,0,1,26,46,53,0,1,183,22,2,1,581,28,5,11,0,16,22,40,41,16,0,20,27,8,11,24,3,3,14,43,0,40,8,84,28,16,55,3,39,97,28,29,111,68,127,4,65,1,92,8,36,1,1267,59,24,5,4,46,19,16,33,28,7,0,46,5,3,41,17,0,33,60,12,3,186,53,111,1,36,5,10,0,8,28,72,42,19,30,18,9,25,3544,0,7,5,5,7,1844,14,63,85,0,98,1,10,0,48,64,72,145,25,1,49,178,0,62,1,3,23,352,2,0,33,112,16,9,84,0,11,1,3,26,0,4,12,41,1,45,39,275,17,32,212,9,13,19,20,1,128,58,21,1,11,44,0,12,23,156,57,20,0,300,41,53,1,170,14,57,107,0,2,105,155,15,41,2,79,14,0,7,26,6
cell_388,0,7,233,0,88,49,16,78,5645,7,26,2,41,1,44,25,4,57,27,8,13,116,87,0,144,9,17,3,2,10,1,85,16,243,12,0,3,0,0,0,369,0,109,35,0,125,7,156,18,20,38,34,80,11,0,80,2,9,54,21,0,0,12,51,29,26,30,80,12,12,7,51,11,2,14,0,0,167,0,0,12,167,52,20,231,192,53,46,103,17,223,16,91,8,22,180,12,0,12,457,197,98,0,136,11,57,63,1,16,6,38,39,2,65,0,0,0,8547,59,39,17,2,1,21,158,130,0,72,3,8,19,83,155,119,31,29,22,0,19,23,46,14,57,27,2,81,8,16,127,13,0,10,3,15,16,107,11,39,53,64,130,25,0,0,184,4,1,3,20,2,63,69,39,2,0,39,0,1,0,15,102,0,12,61,11,45,4062,35,164,35,0,29,13,39,68,0,56,7,0,114,8,17,1,0,82,123,0,30,24,108,153,0,0,26,19,81,19,21,85,25,4,26,5,29,41,0,157,0,90,9,80,27,17,114,4,3,22,0,3,204,17,3,1,122,0,6,100,17,21,47,26,69,19,3,0,7,144,16,57,52,0,25,29,39,464,86,4,6,8,15,34,6,47,32,0,13,150,205,1420,2,6,19,9,3,0,13,15,9,4,4,1,4,3,0,3,68,308,66,35,5,14,2,27,169,0,11,66,0,0,64,0,51,14,16,24,7,2,1,8,2,51,42,0,17,49,9,6,2,598,25,5,0,12,9,16,14,7,3,23,44,5,16,10,11,108,1,10,37,0,45,31,60,49,23,33,30,94,22,57,58,160,419,88,63,130,0,70,56,119,10,1271,53,6,24,3,12,92,24,27,44,7,2,25,5,13,5,0,17,32,79,12,2,57,32,160,16,47,9,7,0,9,98,37,71,15,116,19,0,29,3173,0,17,0,9,10,1809,29,0,17,13,7,201,31,2,100,64,53,328,25,23,16,119,1,72,7,3,18,201,2,1,2,109,84,22,79,21,2,12,5,2,1,6,46,34,1,32,48,206,24,8,118,2,18,10,14,2,62,23,41,7,20,55,7,8,368,186,4,0,88,293,56,37,5,87,2,39,6,0,1,82,146,7,3,4,0,22,15,3,30,10
cell_389,0,3,235,185,8,22,11,162,5596,3,2,6,16,19,9,32,1,49,18,11,16,129,115,0,16,10,15,10,12,17,1,39,23,117,13,0,7,2,0,2,457,96,34,14,6,116,111,183,38,33,13,10,73,37,0,21,1,63,51,14,0,8,21,53,48,3,32,69,54,66,17,12,55,6,41,37,27,55,0,4,4,168,62,6,166,195,25,43,107,1,103,26,84,31,21,0,0,0,14,479,216,95,1,245,5,95,29,47,10,34,41,29,2,101,0,0,1,7437,29,26,11,12,1,28,156,130,0,3,39,0,19,60,135,71,34,26,38,10,63,13,29,46,13,19,0,56,8,3,167,3,16,19,3,9,9,145,30,29,9,51,177,19,0,0,268,12,0,12,8,7,57,61,70,0,1,48,0,7,0,26,126,1,25,12,77,39,5508,5,120,17,2,34,8,107,35,0,32,4,27,101,9,21,2,1,64,109,9,23,26,129,105,0,2,37,28,72,40,0,57,8,1,38,4,39,72,0,132,10,32,0,69,36,12,86,17,7,17,0,1,137,20,3,49,49,0,3,91,127,37,44,21,77,34,12,10,17,187,49,41,89,0,77,7,52,469,18,10,21,12,73,29,7,78,49,0,19,123,198,1328,11,14,41,0,35,0,16,85,13,7,5,0,1,4,0,5,67,0,43,48,19,7,0,29,132,0,27,98,0,0,31,3,67,75,75,14,0,18,1,1,18,73,78,12,6,22,50,34,0,549,110,6,8,10,9,17,30,0,15,9,27,2,3,12,17,61,0,0,1,309,55,21,153,37,29,45,26,81,15,45,108,75,213,89,61,120,3,60,19,71,5,1255,69,11,1,9,39,198,7,28,3,22,2,10,2,40,8,0,3,30,57,7,0,56,40,141,4,30,0,0,0,11,90,59,42,30,101,3,0,18,3545,0,17,0,5,3,1940,7,1,16,27,10,394,0,23,50,57,47,165,29,2,79,97,0,45,35,1,16,15,0,0,17,122,29,9,85,36,1,20,14,5,648,0,77,33,0,24,75,208,29,2,177,2,20,12,4,7,111,4,29,3,16,47,0,6,91,78,35,2,0,315,48,33,0,25,8,6,26,0,0,88,118,15,1,2,0,5,10,10,10,12
cell_390,13,27,189,0,154,66,1,97,6390,11,31,29,121,42,22,54,3,54,15,7,20,40,32,97,80,28,1,5,11,3,0,31,30,156,6,0,34,3,9,65,314,2,101,5,0,49,8,160,55,80,33,2,40,40,24,54,2,14,55,60,0,4,2,7,37,20,23,11,9,5,4,4,0,5,0,46,51,24,0,2,16,139,17,12,210,227,43,27,57,66,30,5,86,16,31,149,7,0,4,441,238,72,1,190,2,26,0,23,6,15,48,37,2,112,26,0,3,8934,219,5,23,34,0,37,55,67,0,25,31,3,26,74,140,7,38,6,29,0,66,4,111,95,1,31,7,123,8,100,166,19,10,4,27,37,1,141,109,0,27,53,126,32,0,58,204,0,19,0,7,0,53,40,1,0,0,35,19,2,0,4,85,4,13,66,27,42,3752,0,122,29,6,62,9,88,94,0,2,4,26,77,10,26,7,2,35,82,2,11,41,93,18,2,12,47,27,47,7,58,128,195,4,55,9,15,86,0,177,5,80,4,63,14,7,71,64,26,28,6,0,169,19,5,50,18,1,20,87,25,40,43,18,91,132,41,11,18,230,42,57,55,0,81,19,9,455,42,12,14,14,120,27,21,8,2,5,24,110,3,1440,0,23,6,0,33,2,13,45,24,10,16,3,0,3,2,0,21,2,61,11,5,24,60,4,82,0,33,77,0,0,8,0,63,41,21,21,0,28,0,9,16,75,74,25,3,91,50,45,13,594,3,3,6,12,1,18,26,0,5,9,23,25,7,7,51,71,10,16,2,0,37,0,203,32,7,69,0,84,38,10,59,75,132,139,59,109,5,51,44,86,4,1235,34,36,2,2,18,11,46,41,23,0,1,45,0,12,29,3,33,26,21,64,0,203,12,166,4,43,0,0,0,2,48,24,55,3,43,7,0,40,3060,9,1,2,0,0,1959,6,78,10,11,110,45,9,17,88,50,45,156,5,32,57,135,0,58,0,2,25,258,0,0,128,113,19,0,84,35,7,3,6,5,55,8,54,51,0,64,49,236,6,18,172,3,22,64,53,12,128,6,11,0,25,36,8,33,181,112,120,1,69,123,51,29,21,107,3,17,39,0,0,102,107,26,7,1,12,8,0,7,35,9
cell_391,14,4,152,0,11,72,5,163,5670,3,22,13,144,24,46,21,0,73,6,1,61,1,112,0,172,14,20,2,4,19,0,74,5,31,4,5,8,0,0,13,473,0,375,35,0,103,0,249,32,84,12,31,93,91,1,72,0,6,59,10,0,0,14,19,19,15,29,65,42,8,7,5,0,11,1,14,29,174,0,1,6,141,39,21,151,189,51,29,103,113,159,47,121,33,21,10,36,0,2,483,219,131,2,222,0,76,10,4,7,37,44,34,0,97,0,1,6,8254,232,21,18,26,0,43,145,24,0,8,23,3,13,116,130,62,38,33,26,2,51,50,180,139,2,36,0,124,12,65,132,38,124,32,16,20,4,76,54,0,15,61,101,5,0,5,198,1,11,4,22,1,87,43,3,0,0,43,5,3,8,9,41,0,38,9,44,31,3263,25,173,13,9,27,9,70,68,0,53,21,3,87,5,6,15,1,38,101,0,18,33,114,3,0,8,19,22,38,5,73,80,22,10,20,25,19,15,1,147,0,77,0,67,13,24,141,0,17,7,15,1,167,18,9,4,130,5,1,95,37,42,38,28,125,157,8,11,21,175,1,51,68,1,64,9,4,424,44,11,10,4,2,26,2,90,1,1,0,33,51,1395,6,66,31,5,3,0,3,15,35,12,6,0,0,2,5,2,54,143,42,26,2,5,35,39,142,2,29,86,22,0,71,17,39,5,9,23,0,31,0,16,49,59,83,0,20,165,5,8,25,601,47,12,1,15,3,23,5,0,1,4,26,16,6,11,73,30,3,22,0,246,60,1,249,50,4,57,0,80,8,43,55,122,53,135,68,181,5,69,5,81,1,1277,12,66,1,9,14,15,49,35,263,0,1,20,1,33,15,15,11,39,57,14,0,200,18,158,3,35,0,3,0,8,106,47,82,6,17,17,2,17,3294,1,0,0,20,14,1870,5,6,35,0,45,54,11,38,9,64,59,286,8,2,31,141,0,69,0,2,12,313,0,0,106,97,39,0,68,11,17,15,18,8,43,3,59,22,0,34,71,193,19,39,148,26,9,55,74,45,99,40,105,7,13,45,0,10,312,131,41,3,18,242,37,33,5,123,0,1,20,2,3,112,106,21,15,2,1,29,1,7,14,16
cell_392,6,29,94,0,80,43,18,153,5479,3,37,8,46,19,13,81,1,64,16,6,0,56,23,2,0,18,50,4,12,50,1,29,10,118,7,1,20,2,0,5,364,16,188,52,1,44,51,290,19,59,22,4,67,49,14,87,0,20,36,12,1,3,12,20,45,41,21,34,15,8,11,2,10,28,0,4,11,95,0,1,0,176,12,12,230,171,47,9,54,72,180,38,93,0,19,96,0,0,15,425,172,132,0,139,2,82,18,0,13,30,34,21,8,131,13,0,9,6913,15,7,12,61,1,35,180,29,0,22,29,0,57,104,43,48,40,22,26,4,32,10,34,20,5,20,6,49,2,8,153,30,23,19,8,25,5,137,83,1,1,3,142,58,0,4,234,1,24,16,4,0,82,47,119,8,0,59,0,1,0,5,53,0,0,111,24,32,3564,14,69,26,3,42,9,105,92,0,4,5,30,111,0,2,7,1,66,94,23,20,1,132,237,3,3,61,20,35,68,22,89,68,9,33,16,20,92,1,179,7,97,0,59,3,42,140,35,1,39,4,0,181,10,1,14,80,4,0,88,29,17,43,22,129,30,17,1,14,182,18,50,60,0,61,21,17,526,33,11,4,12,1,24,8,58,93,5,16,148,234,1282,0,27,44,2,3,0,12,24,32,4,2,3,0,12,4,2,35,1,31,13,14,12,0,10,176,0,26,9,0,1,72,8,67,26,42,28,0,4,0,5,6,47,48,12,38,15,67,1,1,574,46,14,8,25,18,17,6,0,16,26,35,27,8,10,95,4,22,19,28,418,33,79,18,23,44,50,28,94,85,34,199,107,58,110,10,110,25,43,17,91,8,1253,0,49,5,1,33,82,16,35,152,8,2,62,4,28,19,2,9,32,20,45,2,52,29,133,5,47,0,4,0,4,99,8,73,8,20,10,0,87,3640,9,14,1,9,1,1932,4,50,9,18,26,76,14,13,76,60,64,182,15,60,41,46,7,77,3,0,8,182,0,1,19,143,26,3,83,32,2,5,49,17,1,3,18,32,0,74,105,197,15,7,156,1,19,67,12,17,0,61,32,1,15,41,1,17,342,2,51,7,86,313,54,31,5,119,12,14,1,0,1,66,136,10,1,1,89,6,0,20,19,16
cell_393,0,33,189,76,41,84,13,131,5733,8,30,25,81,27,39,13,1,35,11,28,0,6,37,77,0,18,10,2,14,17,5,100,43,310,13,0,14,6,0,0,382,0,260,52,4,47,26,251,51,11,26,6,82,12,40,79,17,14,60,55,0,0,9,89,65,91,29,10,104,2,6,16,2,1,0,49,31,129,0,0,0,176,10,28,11,201,40,67,82,101,84,23,115,17,29,157,11,77,1,458,214,124,0,152,0,48,3,0,4,33,38,10,2,35,105,0,2,6968,21,69,9,0,2,34,168,102,0,21,33,0,33,77,24,87,43,16,17,12,71,36,6,98,4,15,3,136,2,32,153,36,0,22,1,27,2,124,22,13,69,38,56,31,3,1,233,1,8,21,24,4,87,22,23,0,0,45,2,1,0,2,116,1,9,112,5,31,4076,22,76,3,6,41,9,121,57,0,1,7,17,99,0,3,13,0,91,78,1,15,35,121,205,0,5,63,20,89,42,22,51,23,1,18,14,6,73,0,168,0,87,12,70,8,1,143,50,11,34,6,3,183,4,2,33,26,1,1,24,47,16,38,13,91,105,9,12,2,203,58,47,106,0,50,29,44,590,25,3,26,12,3,2,3,76,63,0,21,134,177,1268,4,63,54,6,1,1,23,7,16,2,2,4,0,5,0,2,30,0,58,5,15,22,45,9,151,0,29,78,18,0,82,12,60,51,40,21,3,17,0,2,6,59,13,0,16,90,9,1,20,597,14,12,1,22,4,29,22,0,4,0,35,6,14,4,5,64,90,15,20,0,25,55,157,34,24,63,45,87,19,66,183,102,93,124,95,152,4,89,34,89,11,1220,12,13,3,4,15,88,8,26,422,15,0,40,4,10,45,0,23,20,46,64,2,263,17,137,3,18,0,5,0,9,55,33,83,6,21,10,0,20,3664,1,10,13,7,7,1984,21,3,15,4,47,39,11,0,46,64,75,92,11,41,39,142,9,64,4,3,19,348,3,0,121,129,31,1,96,36,0,1,19,13,0,2,11,50,11,61,115,296,0,28,146,3,19,68,30,50,29,30,37,8,15,40,2,29,371,121,52,7,59,266,55,55,43,106,3,33,83,0,0,68,156,6,3,8,26,11,0,15,8,6
cell_394,3,46,227,154,0,3,38,131,5514,1,16,9,92,5,39,57,0,35,3,40,71,44,110,40,99,18,0,3,3,5,1,108,41,95,2,0,6,0,0,0,445,0,168,34,6,105,0,109,31,7,32,6,94,75,0,7,31,5,77,8,0,1,20,12,33,29,28,8,137,6,21,0,70,2,9,17,7,20,0,0,36,168,69,8,186,173,24,10,82,22,156,5,103,89,20,56,20,64,3,461,210,166,2,174,9,111,15,50,3,22,33,41,5,124,89,0,0,7506,0,13,19,59,0,50,123,124,0,9,22,0,1,31,104,14,43,6,25,30,54,4,100,101,14,27,3,104,5,50,160,15,74,5,18,32,2,7,93,12,46,51,68,35,2,3,247,0,4,15,5,5,79,85,44,3,0,55,7,1,32,21,74,3,62,87,34,48,3140,14,61,33,0,7,5,136,87,1,33,3,24,108,3,30,37,3,46,110,1,6,20,114,5,0,4,49,19,81,34,0,100,24,0,7,36,8,41,34,125,0,99,0,52,6,5,153,40,3,38,17,3,170,14,0,9,86,1,4,68,59,32,37,24,107,181,0,0,24,188,56,73,100,0,59,20,26,446,58,1,22,20,0,41,2,0,0,0,11,42,156,1315,1,14,26,0,16,1,24,58,28,6,2,1,0,0,6,0,49,0,42,28,3,1,0,39,145,20,28,50,22,1,61,49,36,21,41,21,0,9,1,20,9,51,33,1,10,213,6,10,13,628,15,22,0,14,5,32,46,3,3,10,32,2,20,4,44,12,3,14,27,189,64,47,174,23,15,48,0,35,60,9,0,61,286,134,24,58,3,65,6,38,23,1231,45,52,11,8,15,35,54,25,25,9,0,16,0,5,31,19,45,32,8,50,0,23,27,92,6,55,0,11,0,6,24,83,109,4,27,31,2,16,3385,0,101,0,7,2,1891,19,0,14,0,64,46,16,1,109,56,63,167,26,45,12,180,0,43,0,1,6,159,0,0,74,113,23,10,85,5,1,6,15,0,11,0,21,46,0,45,59,241,4,18,174,3,25,27,5,0,122,20,82,11,14,47,0,3,128,137,100,8,52,234,60,50,0,123,59,1,99,0,5,47,119,17,28,0,107,5,12,13,11,17
cell_395,0,24,205,136,54,22,27,154,5362,4,12,16,64,43,37,33,1,61,4,9,33,54,89,0,23,6,2,11,5,1,3,90,3,275,0,3,12,0,0,23,440,0,293,48,19,139,0,69,58,4,29,18,82,61,15,15,9,16,21,28,0,2,2,45,50,60,34,50,28,4,11,0,19,1,0,29,26,16,0,1,20,153,27,49,82,181,76,45,112,15,0,6,90,30,23,108,29,0,5,477,206,95,2,214,0,43,5,26,17,32,55,37,5,86,0,0,0,7827,60,38,13,7,4,31,107,124,0,19,36,0,0,103,180,30,52,2,23,1,60,25,125,96,10,32,5,129,3,63,142,16,0,15,21,12,1,149,77,5,37,81,189,11,0,17,292,0,13,7,16,1,37,72,0,0,0,49,3,4,1,0,109,4,58,2,6,16,4213,10,158,31,18,16,0,167,97,1,1,11,23,86,2,10,2,0,11,80,1,10,36,135,0,6,2,8,22,82,6,0,90,293,3,33,17,7,60,18,126,5,40,0,78,35,33,106,66,1,21,17,4,159,9,4,31,57,0,5,102,231,46,60,27,103,145,13,2,10,208,71,66,78,0,20,24,4,484,13,29,29,17,17,39,12,47,26,0,16,0,76,1301,0,47,168,2,7,5,2,56,19,8,7,0,0,0,0,0,20,0,52,37,26,0,0,68,81,0,33,64,0,0,52,12,61,59,17,23,0,86,0,7,11,77,64,0,2,34,23,43,2,617,0,15,0,23,2,16,51,4,0,5,37,4,9,8,18,103,24,39,49,0,74,0,240,42,16,61,0,86,5,27,182,154,243,22,82,68,0,64,10,99,0,1214,67,40,0,7,7,22,40,44,15,16,0,0,0,6,24,13,9,13,73,31,2,172,25,74,13,46,0,15,0,7,66,65,157,3,26,16,0,11,3223,0,7,15,17,3,1987,0,0,16,0,58,118,24,1,44,67,52,94,31,50,19,167,0,57,0,0,13,232,3,0,54,118,38,3,79,23,22,0,0,91,17,0,49,25,24,42,36,298,17,22,95,4,29,57,35,9,157,17,13,5,20,39,0,25,343,138,83,1,0,227,44,54,17,48,20,87,65,2,0,72,157,9,29,1,1,4,0,8,9,29
cell_396,3,32,221,0,86,69,29,44,5935,8,22,5,122,5,33,50,8,53,5,8,32,18,61,668,125,21,44,1,1,148,0,54,9,47,3,0,4,0,0,11,355,104,372,36,2,25,11,45,25,7,7,5,108,37,21,82,5,1,33,16,1,4,55,36,34,24,16,15,8,15,13,14,12,36,0,30,34,42,4,1,0,90,13,40,174,191,10,71,101,87,136,1,98,15,10,46,16,23,19,475,216,122,13,88,7,119,11,2,1,14,41,31,1,28,108,2,5,7739,110,9,10,3,3,2,130,153,0,29,23,1,31,17,140,52,50,3,21,1,41,13,96,86,15,26,2,154,9,63,144,13,0,15,15,16,1,159,102,14,14,26,74,5,0,16,227,3,11,16,1,4,37,23,178,1,0,53,4,1,2,8,87,0,5,18,14,55,2473,6,144,21,0,35,2,100,46,0,0,10,24,112,9,17,0,0,60,112,1,3,32,78,123,4,4,13,25,83,68,0,115,145,2,7,12,19,86,3,137,2,107,2,73,9,0,119,32,10,24,10,2,197,21,0,37,56,5,3,38,33,21,54,25,99,51,19,11,19,178,57,46,57,0,62,2,5,158,2,20,6,19,132,2,14,0,1,4,19,73,159,1397,9,39,95,1,0,3,21,0,12,3,11,0,0,0,23,0,20,1,55,23,3,21,45,25,106,0,27,67,0,0,54,6,52,96,41,12,5,1,0,1,5,33,57,35,20,103,6,0,1,630,18,1,15,6,11,12,17,0,7,23,32,1,3,13,109,5,57,28,0,1,10,11,52,2,41,41,6,68,22,4,195,32,48,133,61,126,13,58,20,65,4,1247,3,3,6,3,41,76,38,7,0,1,0,19,0,13,24,0,7,35,55,56,3,213,12,31,4,31,0,15,1,8,146,13,101,2,156,14,3,107,3395,0,5,2,2,4,2114,14,0,52,1,7,4,19,0,70,5,40,127,27,32,48,117,0,34,4,5,22,232,8,15,96,141,7,0,63,7,0,0,36,4,0,0,2,45,0,122,32,191,17,1,212,4,27,10,65,14,51,15,15,0,22,24,0,11,217,106,149,1,106,203,43,39,16,150,36,21,18,2,15,109,110,6,9,3,14,5,0,3,32,19
cell_397,3,27,219,0,13,5,27,172,5523,6,10,5,75,42,29,60,1,45,14,7,0,46,93,0,0,12,22,3,4,0,1,96,14,89,3,5,10,1,0,38,464,0,158,14,1,133,0,187,25,58,23,0,74,29,21,74,1,2,51,18,0,5,11,39,42,12,37,60,36,4,10,2,6,63,12,0,35,55,6,0,1,162,55,7,93,115,72,27,78,30,64,20,102,63,16,77,8,42,10,432,184,115,0,242,4,13,54,25,19,21,39,32,2,101,99,0,7,8746,1,3,8,35,1,37,71,79,4,10,35,0,8,89,137,75,28,15,36,8,69,72,38,98,11,18,9,86,19,6,89,50,0,11,46,22,8,134,38,0,17,83,183,18,0,0,280,10,7,9,0,2,58,23,8,1,0,65,0,4,6,6,100,5,11,112,38,26,5297,9,60,2,2,30,0,134,79,0,1,5,24,98,3,15,0,2,62,105,6,12,38,128,140,0,8,24,34,99,7,21,66,6,4,26,31,28,55,0,102,0,65,1,71,22,0,44,13,10,41,7,6,185,19,4,1,41,1,6,104,147,13,54,22,118,25,10,0,9,184,13,63,90,0,61,64,16,481,49,2,12,10,103,34,4,73,0,0,14,133,115,1456,42,11,48,0,37,0,20,1,41,2,16,0,0,21,12,0,40,0,71,22,29,15,0,40,97,0,35,55,8,4,78,8,64,21,13,25,0,1,0,12,0,64,75,11,20,65,15,21,10,633,26,4,1,21,3,17,16,1,0,35,23,9,11,7,98,99,10,26,0,0,54,0,194,22,18,56,8,85,34,66,217,127,360,123,98,164,3,63,21,50,0,1341,10,8,0,8,12,11,23,37,25,3,0,34,4,8,22,0,6,42,54,19,1,99,54,130,4,45,0,6,0,3,67,75,78,2,151,7,5,20,3251,4,1,0,18,3,2002,8,21,11,5,60,2,14,0,83,64,79,83,24,20,68,181,2,58,17,2,14,237,1,1,61,114,25,6,81,8,4,3,11,21,0,3,39,47,1,83,94,235,6,12,112,1,22,29,7,6,50,31,5,5,25,50,0,1,253,82,87,5,1,367,45,58,39,112,22,17,34,0,3,84,142,17,24,0,14,31,0,8,43,17
cell_398,0,30,152,0,13,8,10,147,5478,20,22,6,16,27,34,61,8,79,13,0,8,31,40,3,0,34,50,10,22,16,6,91,16,17,13,8,3,1,0,90,434,0,117,9,0,143,9,98,30,49,23,7,82,12,8,31,16,25,37,26,5,2,6,7,48,39,32,94,15,13,11,12,1,8,43,28,25,25,22,0,0,141,21,12,204,207,27,91,127,56,135,19,103,9,8,115,10,172,26,409,219,124,5,86,5,40,76,16,4,22,31,41,0,99,0,0,0,8216,209,3,28,30,0,41,68,100,0,10,33,2,22,37,176,23,12,1,24,16,80,9,216,124,16,34,7,62,3,15,156,47,144,1,31,27,11,119,37,7,17,13,170,60,0,66,243,5,3,10,13,14,38,29,5,0,0,31,4,4,0,11,92,13,13,81,61,26,3310,1,67,4,31,27,0,81,69,0,1,32,2,87,6,15,7,10,43,98,6,13,22,114,108,2,16,16,22,74,14,44,92,56,2,25,10,9,95,43,139,0,93,1,68,26,17,111,1,6,37,35,4,163,20,0,47,27,9,4,82,111,20,29,20,40,179,58,2,29,144,37,51,5,1,73,17,9,469,63,14,9,14,85,24,25,21,27,2,7,17,92,1402,22,29,51,0,8,0,10,65,43,5,17,0,0,2,44,0,14,0,65,24,12,6,17,21,33,0,34,79,11,0,82,0,35,49,28,8,0,24,0,10,26,58,50,57,18,170,68,21,6,563,20,0,3,6,0,13,22,3,1,6,34,38,21,4,68,85,9,2,49,155,39,13,29,16,10,51,0,72,68,19,141,100,197,141,37,59,1,58,17,90,1,1345,32,23,2,5,31,13,28,29,0,0,1,7,2,17,26,1,4,47,46,31,2,22,10,25,8,41,1,19,7,0,86,42,98,7,134,20,7,107,3316,9,16,3,2,14,2020,6,6,16,27,109,56,11,10,116,36,72,89,14,21,54,60,4,53,0,1,4,143,2,1,9,133,8,1,74,3,2,1,6,66,250,2,20,31,0,110,25,224,19,4,177,7,23,52,67,37,101,50,18,2,15,48,0,1,179,92,105,7,83,208,63,22,12,102,15,82,44,0,1,73,118,8,57,1,25,7,0,11,30,9
cell_399,2,29,84,75,2,23,59,133,5465,3,21,5,99,43,24,60,4,60,8,14,67,97,86,0,2,37,24,4,9,79,1,86,9,109,3,1,5,2,0,1,436,66,172,54,0,137,25,291,54,9,36,10,100,68,0,1,2,1,65,13,0,0,0,59,45,21,29,36,46,19,17,0,60,1,2,45,40,60,0,4,8,152,13,8,245,191,68,97,49,109,129,0,112,11,22,121,31,2,14,472,209,127,0,176,1,78,23,1,14,25,46,38,7,104,27,0,0,7694,5,38,15,31,1,22,123,133,0,2,23,0,7,96,151,73,34,7,33,3,73,62,73,121,7,20,5,94,20,71,165,18,55,15,1,22,5,133,92,3,15,6,119,22,0,0,267,2,4,4,0,6,100,18,13,12,0,52,23,3,0,6,33,0,53,17,42,39,3254,6,75,17,0,45,5,127,84,0,5,2,23,101,0,6,1,7,60,91,5,19,29,134,128,0,1,32,19,84,32,27,75,95,1,21,36,45,92,10,163,0,115,2,61,24,1,141,49,16,43,25,2,152,3,11,30,53,0,1,86,95,25,36,27,68,113,12,23,22,227,66,46,75,0,74,7,57,484,9,15,6,12,99,9,4,0,0,0,14,72,209,1363,0,6,43,3,1,0,25,15,24,5,3,1,0,80,7,1,52,1,41,43,4,25,0,33,157,1,25,35,1,0,45,21,26,37,34,22,0,16,5,0,0,82,71,0,15,137,15,5,3,642,83,13,0,29,22,18,18,1,14,6,33,0,25,7,16,91,4,14,24,0,49,4,7,11,20,63,20,62,70,14,164,88,41,140,96,69,7,66,25,97,0,1198,32,16,8,7,40,65,44,11,28,9,0,17,5,2,26,4,8,40,63,30,2,127,38,178,2,44,0,9,0,15,122,38,19,13,141,9,1,88,3518,0,0,2,5,3,2056,31,1,22,4,39,179,1,0,37,42,64,119,18,17,16,162,5,62,2,0,12,188,6,3,79,118,15,5,66,4,4,1,9,3,0,4,50,43,6,12,77,263,26,12,199,9,23,20,60,11,94,50,29,2,24,40,0,9,487,55,71,9,12,275,49,68,3,147,4,15,5,0,0,93,128,6,5,0,91,12,0,1,28,10
cell_400,0,24,280,0,6,42,51,148,5366,4,7,10,96,39,41,62,18,62,12,22,26,83,97,10,12,13,13,10,4,44,9,99,3,26,19,2,13,0,0,84,479,12,156,16,0,35,162,50,36,21,5,13,59,72,0,61,9,9,52,26,3,9,22,9,7,14,36,33,19,47,3,12,63,14,25,67,16,42,0,2,6,176,30,11,258,209,32,102,105,2,97,10,91,17,24,23,1,0,24,459,236,101,6,254,9,94,14,7,5,31,6,39,3,89,110,3,1,8435,5,1,0,10,6,5,226,154,0,0,11,0,52,2,155,90,25,12,23,9,53,14,179,54,10,15,1,39,15,32,156,78,100,18,6,14,6,113,97,20,17,5,85,57,0,42,235,13,6,5,18,3,75,82,72,2,0,57,0,7,2,25,42,6,15,159,79,50,2685,0,111,25,1,23,2,21,28,0,0,8,4,81,0,12,0,5,35,107,1,5,43,106,54,0,1,35,28,104,22,12,90,105,0,9,16,26,17,0,130,3,102,0,41,30,0,115,3,0,29,0,0,197,10,5,38,22,0,12,96,91,15,34,23,44,52,19,20,3,162,23,64,17,0,60,28,26,486,12,12,25,14,69,40,1,128,62,0,20,186,219,1301,7,29,157,0,5,0,4,47,15,2,0,1,0,30,4,0,49,0,63,51,12,0,15,59,119,0,20,101,15,1,38,24,55,109,16,20,2,34,0,1,0,56,11,2,4,84,16,38,0,547,31,5,0,17,5,12,5,6,12,14,38,0,10,10,86,84,0,0,0,357,44,15,52,15,53,50,98,38,34,14,131,43,176,148,59,133,5,74,3,96,7,1160,26,66,12,0,36,36,36,37,0,6,1,31,23,19,9,6,3,33,2,26,0,91,25,50,5,37,0,16,0,6,94,38,32,26,128,1,9,100,3247,0,8,11,3,7,2022,22,0,9,8,15,335,1,2,26,59,41,49,26,39,5,133,0,37,7,4,3,264,39,0,52,137,39,3,72,12,3,6,7,16,0,1,11,41,0,71,50,109,5,1,206,3,23,17,37,44,96,34,93,2,17,60,0,3,237,111,92,21,104,254,56,30,16,40,35,15,2,0,1,94,14,13,43,4,75,14,26,0,22,6
cell_401,0,19,125,194,1,14,24,142,6103,4,20,30,42,41,29,50,1,67,11,5,9,128,104,24,3,17,17,7,3,6,0,55,4,237,18,0,21,4,0,0,439,0,581,50,0,139,26,188,65,84,41,9,102,73,1,34,1,2,60,68,0,3,2,99,61,47,45,105,3,1,4,6,50,0,3,0,28,52,0,0,0,127,35,6,0,170,37,13,88,58,163,9,83,7,24,16,36,1,2,427,190,133,0,243,6,77,0,0,12,15,36,28,0,85,0,0,2,6883,10,3,29,12,5,8,259,102,0,4,24,0,37,69,111,54,25,28,46,6,61,67,238,19,10,29,0,85,1,49,176,6,0,26,15,28,1,149,126,13,23,6,185,20,0,4,253,12,0,11,0,3,40,61,0,6,1,28,0,28,0,0,125,5,26,78,51,35,3207,5,142,33,9,46,1,135,81,0,0,18,14,118,4,12,10,0,71,79,13,22,28,127,6,4,2,42,26,44,39,15,116,29,3,34,27,13,103,46,134,5,86,1,26,37,2,104,15,8,43,17,9,182,5,6,50,168,17,3,129,20,52,49,17,112,154,52,1,59,173,53,27,26,0,43,67,6,470,63,2,12,1,66,52,28,170,54,1,16,97,103,1443,0,41,62,3,0,0,22,40,34,5,0,0,0,0,16,0,4,0,47,3,21,9,8,18,143,0,23,81,1,0,84,70,42,54,53,29,0,43,0,9,3,34,75,0,59,31,80,55,3,575,62,12,9,23,3,19,8,15,2,8,38,8,23,3,113,1,3,8,0,348,55,0,5,17,12,48,0,87,69,37,135,122,308,43,74,67,2,87,63,6,5,1212,1,103,5,12,20,5,20,32,9,1,3,53,0,28,27,6,0,37,72,20,0,10,46,139,5,45,0,14,0,2,112,53,140,3,54,19,0,134,3506,4,12,0,7,8,1894,26,3,19,0,119,35,3,23,39,46,66,257,21,45,26,183,0,78,0,1,11,153,0,0,137,105,16,4,86,8,4,3,6,11,353,3,37,38,12,90,51,86,15,2,177,3,20,41,25,11,54,23,7,12,8,39,5,9,63,15,77,22,81,71,54,18,10,123,4,9,3,0,0,88,165,7,29,6,0,2,6,13,3,23
cell_402,1,11,253,42,32,58,8,190,5591,2,48,2,10,31,46,46,1,44,9,2,48,71,113,0,0,23,30,18,10,21,0,112,6,72,8,0,29,2,0,0,368,0,91,42,2,136,124,104,36,47,11,7,105,101,0,95,0,12,62,24,1,3,9,69,59,34,34,44,16,4,9,0,2,2,29,0,33,136,0,4,21,127,25,0,65,181,43,70,73,37,111,10,76,17,25,10,2,0,0,431,215,95,0,256,0,134,40,3,11,38,31,45,8,82,0,0,0,6856,3,24,36,7,1,42,36,44,1,8,33,2,0,52,166,77,29,23,28,6,65,65,84,62,6,27,8,126,15,60,164,37,0,17,4,6,5,142,121,11,5,21,188,42,0,21,237,7,5,3,29,3,62,73,69,0,0,56,2,10,0,12,79,2,16,141,51,24,3771,56,200,24,9,23,0,98,93,1,6,19,17,88,0,0,11,10,58,119,7,10,40,100,4,0,1,64,23,98,35,1,68,138,12,48,7,32,98,27,130,0,102,0,58,31,38,135,25,17,50,35,0,173,25,3,27,99,1,9,117,40,16,63,17,43,159,19,11,8,165,61,29,45,0,74,10,15,502,85,27,17,26,93,34,8,79,20,0,21,7,130,1475,60,19,37,0,2,2,17,40,20,0,1,0,0,1,5,0,45,0,47,18,14,11,0,54,93,0,26,80,0,0,70,13,12,89,4,21,5,77,0,3,3,59,53,0,10,67,0,21,0,548,16,16,1,5,9,17,32,10,5,6,41,2,23,3,62,32,1,12,2,2,64,21,9,30,6,29,0,84,12,18,148,113,171,135,69,53,3,46,10,77,0,1319,40,38,9,1,17,55,13,34,60,5,0,34,3,34,12,1,5,34,92,10,0,54,37,171,20,47,25,8,49,14,41,52,146,7,76,6,3,45,3507,0,9,3,5,7,1912,9,0,11,0,16,261,8,0,22,55,48,237,1,35,33,132,0,30,0,1,22,32,2,0,22,118,50,9,70,27,1,0,2,2,2,1,45,43,1,61,2,153,3,21,183,9,29,41,52,14,88,38,32,0,20,38,0,14,345,65,138,5,75,284,63,26,0,122,7,41,30,0,0,22,147,22,17,2,5,9,0,7,24,15
cell_403,0,24,99,19,56,15,54,125,6028,7,52,19,127,43,48,57,1,74,27,18,12,14,84,0,60,11,27,4,10,128,1,119,1,146,6,0,9,2,13,34,459,0,410,45,0,92,0,244,42,12,30,16,92,13,11,47,8,12,64,26,0,5,5,42,56,15,32,59,8,2,12,34,7,16,1,67,30,91,0,1,0,151,8,9,261,202,48,6,73,11,209,6,95,3,17,26,15,0,0,421,238,147,2,254,4,85,0,0,4,33,36,31,4,45,4,0,1,8573,211,6,13,0,0,10,209,146,0,7,37,0,39,118,154,93,31,20,30,12,70,13,127,95,8,20,5,99,19,36,61,111,125,2,3,16,1,102,0,2,79,67,96,39,0,27,244,1,9,3,6,2,86,63,82,0,0,38,0,21,0,6,38,1,22,28,70,45,3995,8,164,15,1,43,2,138,72,0,4,10,8,98,4,9,2,2,87,104,3,14,32,140,24,1,2,40,15,23,14,36,63,45,4,43,39,3,54,0,124,1,99,0,68,36,0,106,5,9,19,9,0,184,16,0,25,40,5,4,87,43,41,42,21,62,118,26,10,16,161,47,49,90,0,70,26,35,491,63,10,7,10,69,24,15,203,18,0,17,17,66,1417,0,7,44,0,3,0,12,43,23,3,6,0,0,0,0,2,50,0,69,41,4,3,13,13,153,0,31,74,11,0,63,9,63,1,26,26,10,28,0,3,3,71,41,0,7,9,63,29,24,595,0,2,1,2,4,16,20,0,7,2,27,15,11,7,34,3,0,20,0,328,52,6,60,55,2,42,16,76,55,56,213,121,215,117,20,183,3,84,4,81,0,1192,10,45,19,6,50,22,51,33,129,0,0,17,1,5,8,6,10,16,71,71,1,47,18,114,18,51,0,3,0,10,97,68,110,9,36,4,0,24,2907,0,0,0,9,5,1925,2,80,33,0,9,90,8,37,9,73,58,64,6,51,27,129,0,74,0,2,21,230,0,0,18,134,39,0,93,23,4,0,18,5,0,1,32,42,0,130,21,316,9,10,169,4,20,56,12,4,141,32,11,1,22,39,0,9,91,192,24,7,2,291,52,44,4,162,10,39,4,0,4,78,174,14,3,2,24,12,0,18,54,21
cell_404,4,17,214,0,22,26,44,144,8463,11,7,21,101,102,15,42,3,47,22,12,16,45,106,62,6,16,8,3,0,83,1,86,33,80,0,0,10,1,0,0,976,0,364,78,0,46,0,167,21,33,25,7,120,5,9,71,0,0,44,15,0,0,20,105,55,38,47,162,39,4,5,13,55,7,0,14,53,185,0,0,0,251,2,26,11,202,52,16,64,35,80,6,113,9,18,1,16,13,0,450,208,70,2,74,1,62,11,0,3,55,31,24,0,86,0,0,9,25008,31,26,10,2,9,31,305,136,0,20,10,0,2,29,162,69,24,32,23,32,54,56,195,134,8,15,2,55,17,65,256,64,4,24,0,22,1,207,126,0,8,44,135,14,0,0,174,0,1,15,13,10,51,72,52,1,0,31,19,0,0,10,110,0,33,40,54,48,1656,1,264,14,42,51,9,101,75,12,9,37,1,109,0,2,4,2,29,89,22,16,32,155,158,3,1,17,16,44,13,36,63,28,1,22,32,17,69,0,135,0,43,1,48,27,0,180,43,12,24,17,3,264,9,9,16,125,0,2,160,72,57,39,28,61,202,21,4,17,114,20,33,101,0,135,31,152,430,14,9,8,1,49,33,17,8,26,0,19,136,210,1404,2,79,60,1,0,0,18,17,56,3,3,0,0,12,0,2,18,30,39,44,2,16,0,37,93,0,35,119,0,0,70,6,30,69,42,16,0,130,13,0,2,68,65,0,42,116,14,38,11,451,11,13,3,26,2,26,21,1,9,5,66,0,19,3,54,38,19,10,8,138,95,0,115,37,50,27,0,46,10,89,153,89,202,243,119,89,2,87,14,33,2,1317,20,10,1,24,30,24,0,36,65,0,0,54,0,6,25,0,46,15,184,41,1,234,31,163,20,32,1,51,0,3,84,49,101,14,173,14,3,114,2555,4,44,0,17,1,1569,3,73,38,1,22,88,0,69,19,60,56,155,4,36,16,157,0,46,0,5,61,68,0,0,55,210,35,2,99,46,5,6,4,8,54,0,10,95,0,122,61,378,49,7,275,3,21,0,65,31,46,25,32,2,15,75,0,10,62,61,75,1,42,147,177,55,8,78,38,1,6,0,1,58,219,44,27,0,100,15,7,7,29,10
cell_405,1,8,212,0,4,10,49,175,8599,4,32,17,172,141,34,43,11,63,20,30,64,17,54,0,68,17,32,0,4,12,1,90,10,22,43,0,3,1,0,29,870,0,420,35,2,18,5,143,27,16,17,1,89,12,8,76,0,3,49,52,6,4,20,24,29,15,34,35,2,3,12,25,4,16,1,1,2,58,36,0,0,231,1,8,384,143,32,26,94,71,45,20,95,29,26,23,3,0,2,488,227,72,1,279,4,74,7,1,5,31,15,29,26,90,7,3,5,26428,160,6,18,7,3,3,44,181,0,4,11,0,55,15,127,17,46,36,21,2,61,15,46,76,18,31,1,59,15,44,229,53,29,25,11,31,12,154,110,0,57,11,50,79,0,11,211,4,7,18,17,6,29,31,49,0,0,21,8,2,0,16,2,3,23,59,43,62,1224,2,338,4,122,53,9,84,96,0,13,4,4,129,2,24,0,1,12,88,3,12,27,167,88,0,5,10,16,45,25,112,82,78,1,18,24,37,89,5,149,8,94,0,64,22,13,117,23,18,27,19,2,304,24,3,0,80,4,4,135,37,35,48,25,43,84,23,4,19,109,17,57,21,0,163,0,124,440,11,5,7,12,17,37,11,19,82,2,20,125,147,1414,81,15,4,1,43,0,0,46,18,11,6,0,0,3,0,0,43,0,37,57,0,18,51,6,116,1,24,148,2,0,48,18,24,23,32,10,0,3,0,0,7,117,67,54,0,284,16,9,38,429,5,1,2,9,8,19,20,5,16,32,51,2,1,8,43,7,7,15,0,685,127,31,7,34,20,31,1,41,30,59,50,75,180,231,46,103,2,100,70,56,0,1370,9,21,7,11,25,62,12,25,13,9,1,37,0,5,19,7,6,25,8,84,0,15,21,189,7,32,2,15,0,14,28,24,72,4,208,13,1,43,2506,0,54,0,1,14,1515,4,28,44,10,59,36,18,36,47,15,64,111,25,49,30,190,9,35,0,0,9,557,17,0,57,102,26,9,124,11,0,4,41,16,0,1,9,70,0,140,38,388,11,13,247,0,18,52,20,30,10,60,7,1,16,16,0,17,237,185,36,7,13,299,95,57,0,153,35,15,20,0,1,57,90,20,32,6,74,12,3,7,43,8
cell_406,0,28,231,173,72,56,32,110,5540,5,15,19,96,47,32,55,12,58,8,0,21,44,98,0,108,10,37,1,12,72,0,80,1,10,9,0,23,1,0,94,449,151,225,38,3,61,0,174,21,26,41,18,102,61,10,36,0,8,72,8,0,4,6,7,57,28,22,63,28,21,11,9,4,4,37,57,17,102,0,1,1,138,13,23,111,220,79,29,114,49,103,3,81,15,30,154,2,0,0,428,233,131,7,259,0,55,12,23,7,32,42,42,2,173,0,0,4,8450,203,10,45,0,3,22,107,142,0,0,41,2,28,72,169,53,30,15,25,2,60,30,183,92,0,34,6,28,11,25,179,63,1,11,7,30,0,136,106,73,26,26,155,18,0,0,251,4,14,5,20,3,57,79,0,0,0,59,1,4,0,9,112,2,5,10,49,26,3948,4,27,28,4,44,0,99,71,0,30,16,28,102,0,16,9,0,37,102,1,25,30,137,15,0,1,30,29,85,11,25,98,290,2,56,10,8,103,0,152,1,86,2,78,42,0,96,0,6,44,2,0,206,16,7,50,46,0,8,121,83,16,39,31,95,108,20,20,2,198,24,84,48,0,70,42,14,387,32,21,30,11,0,35,14,128,71,1,13,98,102,1505,36,36,55,0,16,0,16,54,30,3,9,0,0,5,0,0,67,0,78,18,14,30,0,21,147,0,32,48,0,0,64,32,56,3,38,19,0,19,0,7,24,68,51,0,9,57,40,37,0,598,8,6,0,10,16,13,17,0,0,0,41,13,10,11,80,82,6,21,0,245,43,9,247,50,20,38,1,80,18,33,0,115,214,88,101,36,0,61,8,92,2,1378,64,93,0,15,29,14,31,38,0,0,0,29,5,60,6,10,17,41,64,34,0,149,65,158,5,42,0,2,4,2,20,59,74,30,68,10,1,44,3064,0,77,0,11,12,2062,2,80,56,0,92,36,6,0,117,60,45,205,30,9,75,120,2,53,10,7,11,222,0,0,42,112,12,11,63,33,4,3,10,14,19,4,45,38,0,74,105,248,14,13,31,4,22,63,97,19,80,34,11,0,26,38,0,22,121,12,72,23,0,319,42,51,19,155,13,25,3,0,1,70,127,14,1,3,4,4,0,17,30,10
cell_407,2,22,116,191,1,28,26,83,6153,1,12,13,107,9,16,70,6,40,2,8,17,85,102,0,1,21,12,5,6,10,0,98,0,62,5,9,17,0,0,20,542,6,352,43,0,88,1,145,23,19,34,3,80,35,5,23,0,28,65,33,0,5,1,52,50,29,33,37,16,3,24,7,23,46,1,0,13,176,0,4,4,151,62,5,195,121,78,14,114,39,101,42,120,10,24,32,35,0,6,469,209,146,0,320,6,34,46,1,13,25,36,28,5,65,0,0,1,8050,222,6,10,142,0,26,182,158,16,3,6,9,3,92,49,52,26,30,8,1,66,13,70,42,7,23,3,124,29,12,135,31,23,20,22,14,11,157,98,1,9,86,175,45,0,0,225,0,8,0,17,4,64,71,30,4,1,57,1,15,21,7,105,0,3,51,44,24,3698,22,38,9,8,46,17,95,13,0,27,0,14,98,5,17,0,2,70,92,3,11,31,138,120,3,4,27,24,92,37,4,100,8,11,4,15,7,72,0,139,0,6,0,88,17,8,89,0,11,32,10,8,217,18,6,23,183,5,7,87,97,26,51,14,52,24,25,9,9,169,9,69,80,0,81,17,12,459,15,17,9,19,0,42,0,123,67,1,14,185,204,1302,44,15,64,0,42,1,17,15,14,2,5,1,1,0,6,20,36,57,69,8,17,1,0,15,161,11,27,97,13,0,65,36,60,10,37,19,0,0,0,1,4,67,71,75,3,100,57,10,1,607,27,15,2,21,6,11,4,3,7,21,39,3,5,9,25,7,2,18,60,63,59,21,90,46,22,37,55,80,68,35,91,106,165,90,36,151,0,72,7,34,20,1306,22,30,6,4,33,118,7,53,82,4,0,0,2,0,28,0,7,35,42,8,4,144,47,137,11,40,0,10,0,19,59,78,127,15,24,5,0,22,3118,2,34,5,3,18,2036,6,40,58,7,97,70,3,19,65,50,77,146,29,13,26,91,0,61,3,4,21,247,0,0,41,103,51,4,83,17,4,1,5,3,35,0,44,38,8,88,35,155,4,0,155,1,28,0,42,20,65,43,82,11,24,52,0,9,123,73,29,17,52,286,60,31,0,57,13,89,24,0,2,104,123,14,30,2,0,12,2,5,2,22
cell_408,13,28,283,48,0,7,31,135,4952,3,46,21,59,33,26,63,11,74,3,2,76,17,52,185,160,26,1,12,14,41,2,93,15,78,13,0,0,5,0,75,448,0,170,45,0,27,11,150,44,16,14,13,75,4,4,70,3,29,43,50,3,0,7,37,34,42,24,4,36,8,28,0,71,3,0,71,47,11,0,2,13,161,42,19,197,204,10,27,110,29,22,12,88,15,21,25,0,52,28,486,213,118,3,202,3,49,9,57,1,41,0,42,4,125,0,0,1,7149,217,3,10,29,0,50,7,88,0,30,32,1,3,30,121,28,38,15,30,14,36,45,47,43,2,24,2,90,8,18,185,29,0,9,39,37,4,94,79,58,57,73,150,95,0,21,226,2,1,12,5,6,33,51,67,0,5,66,28,3,0,1,51,2,5,91,45,33,3181,10,50,6,12,30,0,106,18,0,0,2,31,55,0,7,12,0,61,79,6,23,18,125,16,0,7,84,22,106,14,16,97,130,0,35,27,22,149,0,164,4,81,1,69,29,4,123,38,12,39,10,6,139,19,0,25,21,1,8,111,55,10,52,17,98,124,28,0,24,207,7,47,77,0,63,5,24,506,32,24,29,14,52,46,5,54,39,1,28,0,291,1515,53,31,22,1,73,1,14,69,16,0,1,2,0,3,0,0,20,0,39,14,6,6,40,67,139,0,26,29,5,0,21,7,65,65,4,17,0,39,0,2,18,36,17,1,1,88,34,43,12,569,4,15,6,8,7,23,53,23,20,6,32,7,6,9,65,5,4,11,27,379,52,14,203,44,16,37,13,74,3,16,117,17,211,130,42,72,0,37,0,52,2,1283,38,47,18,2,33,11,41,28,11,7,0,38,4,32,15,18,2,22,25,40,0,8,14,108,4,47,10,11,0,2,6,23,154,3,7,6,5,59,3280,0,31,0,16,2,1921,18,6,14,0,7,50,28,17,3,42,73,63,23,41,22,26,0,60,0,1,5,154,4,0,13,143,26,3,73,14,3,4,38,5,90,3,11,43,0,37,84,278,5,51,191,1,17,97,26,35,126,30,75,1,24,36,7,9,60,78,106,5,3,347,72,46,5,159,13,1,44,0,2,84,53,50,29,2,112,4,1,19,40,15
cell_409,10,8,212,0,58,24,23,75,5445,4,19,8,18,17,29,62,3,65,20,18,16,61,108,0,14,17,18,5,24,1,0,98,7,17,20,0,6,3,0,31,526,0,173,53,1,112,0,192,27,44,29,0,88,36,0,29,0,1,62,48,0,0,2,40,43,12,42,23,22,12,16,22,21,14,4,0,29,46,0,4,11,145,11,24,185,177,59,44,101,11,9,2,101,24,15,143,14,0,21,488,236,148,0,245,14,85,5,24,11,19,42,26,4,20,0,1,1,7714,93,51,50,15,4,38,53,160,0,2,33,0,40,77,139,80,33,16,38,0,66,79,15,18,6,22,0,146,11,55,161,4,0,17,41,25,7,128,79,22,36,54,108,56,1,3,226,1,0,10,2,19,26,27,36,5,1,52,10,2,0,10,68,0,5,182,33,40,4098,20,169,10,5,29,0,76,86,0,42,0,38,90,2,16,1,2,70,106,9,21,21,133,25,2,8,14,18,51,20,24,99,167,6,33,8,14,20,7,132,1,88,2,66,28,5,124,28,4,37,9,0,169,19,0,35,63,2,2,106,112,10,58,26,116,115,34,0,18,120,44,49,86,0,55,34,38,496,82,10,5,26,31,41,18,8,5,4,14,31,41,1286,0,1,6,2,2,0,20,74,8,3,4,0,1,0,0,2,61,0,46,41,28,8,53,21,122,7,38,50,2,0,83,0,39,59,6,23,0,14,0,8,2,67,79,0,10,109,11,26,14,576,0,5,3,23,6,17,23,20,3,4,26,2,17,3,18,2,7,17,11,110,74,0,91,46,14,57,0,87,25,3,47,92,208,95,67,107,0,67,38,60,1,1332,5,95,0,2,35,109,19,38,76,3,0,15,0,53,4,0,24,9,46,20,0,0,31,160,3,42,0,40,0,5,103,86,162,1,142,12,1,34,3582,4,2,5,11,9,1930,0,4,7,0,10,15,7,6,56,40,69,106,19,28,8,164,0,75,0,2,24,72,6,2,124,113,35,9,70,6,1,16,2,7,0,3,52,36,0,101,50,285,18,5,198,7,23,39,48,2,47,41,10,7,19,49,5,10,169,67,25,0,0,309,68,56,0,91,2,11,20,0,0,95,135,25,33,4,0,29,7,13,31,18
cell_410,0,36,8,0,13,84,6,100,6350,2,26,20,48,7,44,68,11,65,0,2,32,8,96,43,152,31,2,16,1,3,1,22,1,224,5,0,2,5,6,5,454,128,519,29,0,79,21,75,37,29,13,7,72,39,35,39,5,9,71,29,0,0,0,6,37,38,28,18,27,14,2,32,1,5,71,64,31,96,0,8,15,157,72,5,270,149,13,77,96,109,106,5,68,35,12,56,71,0,2,473,222,150,0,197,1,97,0,0,14,2,39,36,3,93,0,0,0,8012,0,72,4,2,0,34,294,134,0,21,32,0,19,18,179,36,45,0,34,0,60,44,185,44,19,25,0,128,29,34,155,55,0,3,17,26,1,174,114,9,14,79,178,9,2,9,228,0,5,10,7,2,73,12,17,0,1,8,1,0,3,2,86,6,13,17,12,37,3022,21,160,14,17,35,17,21,74,0,73,0,25,100,8,31,4,5,8,92,2,31,37,121,3,0,15,0,36,74,65,8,58,174,0,15,33,25,95,0,129,3,101,1,88,15,1,144,53,10,43,12,2,210,17,6,58,155,0,0,94,12,7,50,14,43,33,3,1,4,32,6,47,42,0,85,22,4,452,46,18,5,7,24,34,18,223,0,0,15,0,92,1296,74,46,30,0,39,0,9,41,36,1,16,1,0,14,9,3,60,16,46,20,25,1,0,25,140,0,26,170,11,0,65,26,9,3,20,21,0,14,0,1,79,56,70,18,27,119,0,0,33,602,12,5,4,6,8,27,22,12,10,35,27,0,7,4,97,34,18,19,0,0,60,7,215,49,1,46,0,86,39,32,143,122,40,133,35,131,0,99,3,58,6,1172,8,7,4,2,39,16,56,34,5,0,0,48,10,1,9,6,5,30,9,62,0,189,66,148,11,53,0,0,6,5,139,66,128,8,9,13,1,100,3349,0,21,2,4,14,2010,34,15,11,0,28,30,18,0,91,50,55,191,37,3,57,122,0,60,0,4,20,267,3,2,47,123,40,2,105,4,14,4,3,14,1,1,21,36,1,44,93,349,5,3,186,1,43,67,5,20,102,38,10,4,17,61,11,14,172,117,161,0,81,263,31,59,9,141,8,44,25,1,0,76,66,19,14,0,12,36,0,10,31,9
cell_411,5,31,48,0,3,12,25,147,5954,13,34,12,63,10,41,68,16,49,8,1,56,12,45,32,125,3,21,4,6,9,1,94,53,225,18,0,0,13,0,36,362,0,277,51,0,66,20,189,13,20,18,3,89,2,9,43,20,10,75,63,4,0,23,8,31,30,27,9,11,6,3,19,9,0,37,33,23,70,4,2,35,146,14,7,223,188,16,62,96,21,114,1,77,74,23,146,6,12,0,429,193,124,0,38,4,87,75,5,2,22,10,24,1,11,0,1,0,8294,3,62,5,18,0,38,33,150,0,49,30,0,26,20,81,35,35,7,21,0,74,49,18,96,0,24,3,93,19,13,73,96,0,2,6,31,7,180,105,27,91,14,173,63,0,15,215,0,0,14,0,1,52,16,4,9,1,0,16,0,0,12,22,1,27,83,2,56,3610,10,75,17,2,58,1,45,37,0,0,7,2,75,4,23,6,1,72,87,0,18,28,146,64,0,22,11,17,80,91,5,93,131,4,14,29,43,8,19,111,0,103,0,47,5,0,41,1,3,42,10,1,183,22,2,18,38,0,4,81,17,16,40,6,82,200,7,0,39,213,36,56,101,2,53,4,60,450,31,5,14,19,66,48,3,14,74,1,18,0,294,1451,52,6,123,1,75,2,3,52,15,1,13,4,0,1,4,31,37,0,47,7,2,17,0,31,168,3,38,86,0,0,41,20,71,8,51,32,21,88,0,2,41,72,20,4,4,43,21,5,0,592,0,15,0,6,16,28,17,20,12,37,40,0,7,16,23,2,89,31,21,270,43,3,9,15,34,50,0,62,59,1,220,49,103,145,54,78,2,93,72,51,3,1116,56,10,6,2,33,20,42,50,20,2,9,24,4,10,28,0,13,38,87,57,1,21,33,110,7,40,3,12,1,18,23,39,119,1,47,17,0,19,3219,0,49,3,19,1,1931,20,2,66,16,22,10,48,0,8,57,66,175,35,32,48,51,0,63,0,0,25,235,0,0,152,138,15,0,103,8,7,1,28,5,0,4,18,35,0,8,49,313,10,50,184,6,26,87,11,4,127,29,26,2,24,39,1,12,30,211,104,0,0,275,35,45,5,96,61,9,30,0,2,85,108,69,20,6,124,12,0,13,43,15
cell_412,0,23,241,91,3,29,13,36,5524,5,44,12,51,20,28,64,0,56,1,13,31,6,95,0,105,23,5,10,1,0,1,103,32,67,1,3,10,1,0,1,455,0,243,8,3,111,0,174,80,30,41,13,103,10,7,94,4,21,38,7,0,4,8,24,51,9,33,6,82,1,31,0,28,25,0,18,16,77,0,4,6,168,6,15,156,151,79,45,87,48,3,27,88,6,12,20,9,0,5,430,207,164,0,251,0,26,16,0,14,35,44,37,1,74,0,0,1,6715,186,11,11,0,2,41,51,138,0,4,38,1,0,85,166,46,52,0,35,26,64,19,110,136,0,20,0,114,1,65,116,25,222,12,3,34,0,137,95,0,9,10,91,11,0,0,186,5,5,15,14,4,62,92,13,1,0,45,1,10,16,11,88,0,41,118,12,38,3659,7,142,31,2,44,5,157,74,3,0,12,32,88,6,17,21,0,35,103,6,12,17,131,115,0,7,32,26,94,22,14,101,186,0,28,3,10,73,20,161,0,86,1,69,16,0,127,25,4,47,3,4,200,3,3,5,80,6,2,98,164,62,23,19,125,112,7,3,21,204,59,51,60,0,50,26,26,462,29,24,22,24,0,10,10,25,0,0,2,100,218,1458,0,9,19,4,5,2,13,40,29,6,6,0,0,0,0,0,51,0,48,10,1,0,0,29,114,0,19,102,3,0,75,20,50,62,31,24,0,36,0,20,3,65,68,0,10,261,9,27,12,592,41,10,1,12,10,15,49,1,1,12,36,6,21,5,54,98,31,3,19,0,50,13,246,18,40,34,8,82,51,74,13,73,194,124,67,119,0,63,20,50,5,1240,12,32,0,3,10,35,19,29,274,9,0,48,4,4,18,4,0,28,65,59,0,235,26,119,4,40,0,10,0,3,116,30,56,13,106,0,0,73,3806,0,0,0,2,3,1994,8,0,9,17,89,78,3,0,100,56,64,201,24,6,20,158,6,78,3,6,17,253,3,0,167,106,23,2,77,29,7,9,0,6,290,2,49,31,1,96,120,247,4,1,128,4,25,58,30,7,58,14,15,6,15,52,0,4,214,75,62,12,74,71,63,53,0,126,16,64,3,0,0,64,123,5,1,0,5,2,0,23,12,7
cell_413,1,33,211,43,0,14,7,79,5776,5,22,31,48,40,26,9,0,59,2,27,3,8,56,0,0,29,5,8,12,10,0,102,30,176,8,5,37,6,0,0,437,0,519,37,3,54,0,200,45,10,8,9,64,71,4,11,7,3,59,61,0,2,7,7,56,34,35,15,38,7,1,9,0,0,64,21,33,75,9,5,4,148,36,27,142,121,52,29,92,10,83,6,83,22,25,59,34,93,37,426,208,115,1,213,4,13,32,16,2,17,49,34,3,41,0,0,0,7633,18,20,7,83,1,13,119,128,0,25,14,1,1,82,107,62,30,10,2,15,62,50,10,134,0,26,5,121,10,29,168,53,0,0,76,25,0,154,81,0,68,62,159,64,3,16,214,1,2,13,18,5,72,25,6,3,0,50,0,0,2,2,112,12,13,121,20,15,3176,37,69,5,0,8,2,99,74,0,38,26,33,60,11,14,26,5,10,83,0,13,27,108,22,5,5,22,18,75,21,6,85,18,2,33,23,0,106,8,141,1,39,2,69,32,17,102,4,8,49,20,4,178,17,2,43,126,0,3,98,30,9,22,11,34,173,7,0,24,153,40,50,65,0,70,38,15,462,88,22,8,5,96,18,12,82,6,0,15,10,228,1391,30,22,154,9,22,0,16,64,29,8,7,0,0,6,3,2,36,0,51,14,0,32,0,17,66,3,19,42,1,0,75,15,70,48,13,17,0,49,0,24,6,69,80,57,3,298,79,51,6,594,10,12,1,6,3,25,6,10,5,3,32,3,6,4,6,0,37,12,2,37,88,24,162,2,14,58,0,93,6,47,81,102,100,126,76,46,2,70,12,39,3,1267,54,17,11,3,19,14,17,38,78,7,0,22,4,4,35,1,13,38,51,36,1,21,43,176,12,49,0,4,0,0,108,59,165,6,1,1,12,60,3357,3,47,0,13,2,1877,25,42,57,20,120,8,7,6,68,65,61,77,26,22,18,162,0,75,0,0,4,263,0,0,87,161,27,2,18,20,12,2,13,21,0,1,4,30,8,24,106,146,12,28,176,4,24,52,102,0,126,44,27,4,2,28,0,5,22,175,30,3,0,175,55,48,10,145,25,46,7,0,2,98,139,28,35,2,52,8,0,12,36,7
cell_414,0,19,254,3,0,39,15,74,5978,3,27,12,52,4,32,32,2,61,7,18,15,0,72,2,0,15,6,8,3,0,0,90,21,123,6,3,5,1,0,0,391,0,135,46,1,21,0,172,29,46,8,27,77,29,4,32,22,25,65,21,1,2,49,45,60,12,29,38,2,0,5,40,16,34,8,24,30,85,9,3,9,142,24,15,165,182,33,14,120,73,161,4,65,12,10,0,8,47,3,457,196,113,1,128,2,101,7,0,7,32,32,40,2,11,0,0,0,7886,103,4,14,1,1,33,119,46,0,19,22,2,0,48,175,69,37,25,29,14,51,37,124,42,13,18,8,144,1,35,170,93,0,4,23,28,4,170,105,1,65,56,25,35,5,1,236,1,0,7,31,1,62,15,233,0,0,14,7,8,0,8,106,3,5,131,37,42,3120,15,37,26,15,50,1,104,89,0,63,19,31,62,6,13,7,3,63,122,2,41,25,134,53,6,10,30,22,36,37,13,102,44,0,7,34,5,108,0,131,0,111,3,89,12,0,90,32,4,39,33,16,151,12,6,0,172,1,1,83,89,1,39,8,24,133,32,3,26,216,40,71,49,0,37,0,31,424,64,2,5,16,97,18,26,3,1,1,5,40,226,1535,52,31,166,1,18,0,20,42,38,5,3,9,0,4,2,0,42,0,54,26,2,16,7,9,51,0,37,71,0,0,56,12,50,26,2,18,0,18,0,7,0,56,70,0,3,60,24,56,49,558,16,4,1,4,5,16,50,4,9,7,33,11,22,10,50,1,1,25,0,46,33,7,61,61,30,58,75,93,22,70,69,93,224,137,131,95,4,34,18,37,1,1199,47,74,3,5,14,24,42,37,31,4,0,23,1,37,46,9,36,15,72,70,1,20,26,146,29,42,0,7,2,4,59,56,140,10,46,2,1,17,3372,1,89,0,6,5,1836,32,0,16,10,23,49,5,24,92,57,65,88,18,10,27,186,0,47,1,3,4,233,0,2,81,117,6,3,67,24,10,3,19,0,51,10,2,32,3,125,79,203,19,9,179,1,17,45,15,9,37,26,24,2,6,39,2,1,63,192,67,8,88,317,35,52,0,142,18,80,25,0,2,79,133,18,16,0,13,3,0,9,24,10
cell_415,4,30,83,18,59,57,23,107,6289,2,31,20,24,16,24,77,15,67,5,25,34,11,96,0,29,23,7,1,3,16,0,67,3,74,5,0,4,6,0,95,383,0,405,47,0,89,47,259,61,110,11,26,95,100,16,76,1,2,69,21,0,4,1,9,46,35,43,17,85,12,2,16,7,0,94,55,22,135,29,3,2,135,16,25,197,193,37,37,94,63,101,16,115,72,23,24,21,2,0,469,235,115,3,106,1,73,0,0,11,22,23,38,2,140,47,9,0,8379,117,22,31,1,4,18,108,156,0,3,41,0,1,50,173,89,34,7,4,0,54,82,192,133,2,34,6,207,10,89,94,82,13,12,26,28,18,61,8,0,1,87,183,13,0,0,159,2,10,9,1,0,30,22,8,0,2,56,1,1,19,14,48,2,3,62,49,30,3373,5,162,46,23,31,2,86,67,0,0,15,11,138,5,20,5,20,48,101,11,29,33,150,14,1,12,6,29,103,42,14,112,114,0,17,40,27,96,0,180,6,80,2,54,6,0,96,5,1,14,3,4,116,11,0,0,160,0,10,91,143,66,51,17,72,54,29,16,24,218,11,51,59,1,67,0,46,479,11,8,11,1,4,25,17,10,0,1,0,158,73,1310,9,3,98,0,20,1,3,38,53,1,11,3,0,10,4,1,25,58,55,8,5,22,0,8,91,0,25,179,1,0,19,8,41,37,16,3,0,11,0,1,37,61,69,0,34,161,5,29,2,588,64,24,0,6,0,19,37,3,10,6,33,0,3,3,105,63,23,26,14,345,59,16,8,26,43,57,0,85,41,15,68,65,138,103,129,119,2,74,14,52,0,1253,5,38,1,16,47,14,47,36,5,0,0,54,4,11,26,3,4,34,112,23,1,228,16,150,5,47,0,4,0,7,166,17,28,9,72,17,0,84,3170,0,1,0,5,4,1948,12,12,38,22,55,27,7,19,90,25,61,278,11,1,85,160,0,43,0,2,17,354,0,0,124,131,27,8,55,9,7,7,9,10,0,3,10,32,1,116,78,303,1,1,117,12,21,6,49,33,183,52,16,4,16,47,1,7,320,182,181,1,79,252,50,49,0,76,22,18,24,0,2,85,88,18,11,4,5,32,1,1,33,8
cell_416,2,25,238,0,46,66,5,152,5814,5,22,17,56,12,2,70,2,44,3,0,6,52,103,427,0,28,4,8,0,8,1,55,22,257,3,0,16,2,0,30,513,0,197,54,0,100,2,136,2,75,7,1,32,131,13,28,1,14,56,50,0,0,2,21,46,28,26,31,35,9,28,0,0,4,7,61,21,95,0,2,15,164,24,2,32,199,10,36,76,116,209,23,95,28,13,55,9,3,1,447,117,160,0,195,7,80,31,6,10,27,36,31,0,69,0,0,6,7448,21,25,17,22,1,33,81,76,0,10,38,0,33,91,143,46,41,1,24,0,68,22,27,107,1,23,0,161,22,54,107,37,32,5,34,28,4,160,132,0,7,9,185,12,0,16,261,0,0,12,0,1,31,72,2,0,1,52,8,5,3,14,14,3,14,92,30,31,3522,41,181,21,8,41,0,62,31,0,18,5,33,73,1,21,0,3,61,121,9,18,37,113,9,0,3,14,21,39,57,2,119,41,10,17,11,27,69,0,131,2,96,2,66,3,26,122,33,29,54,28,0,171,16,1,23,120,0,7,103,23,23,51,29,97,24,4,2,83,156,15,54,108,0,65,23,38,469,30,10,7,12,74,29,10,35,79,0,1,89,177,1291,2,12,28,0,39,1,21,19,35,0,3,0,0,4,5,6,31,0,40,10,22,31,0,29,46,0,35,159,0,0,49,35,45,51,133,15,0,20,0,10,60,47,56,20,26,307,25,3,4,587,15,6,3,6,14,15,14,0,3,9,32,1,5,4,84,110,12,11,9,5,53,26,34,7,6,55,0,96,45,7,154,86,331,136,65,81,3,83,41,55,13,1340,26,62,0,2,52,30,46,34,1,11,1,49,4,7,46,0,1,25,41,59,1,215,72,138,13,46,0,9,30,14,118,66,27,14,15,5,8,105,3520,4,3,3,1,0,1936,12,3,29,16,67,67,13,29,111,83,82,252,20,10,69,32,0,47,9,1,22,93,0,4,134,128,20,3,81,24,0,4,18,48,52,2,42,45,0,30,83,11,9,2,169,7,20,25,25,8,57,42,9,3,17,41,3,26,84,37,103,2,13,226,46,23,0,146,13,4,50,0,0,55,106,1,0,2,0,11,0,2,34,5
cell_417,1,14,198,0,4,27,37,167,5202,4,61,11,84,50,36,70,3,54,1,14,63,10,68,0,1,23,14,1,5,137,3,88,12,16,9,5,6,2,0,19,457,0,414,54,0,63,0,142,78,7,22,6,84,6,9,36,0,2,29,40,0,5,9,13,60,43,30,9,54,17,2,0,109,2,5,9,38,57,7,0,2,129,57,5,249,128,24,72,66,77,164,20,80,35,15,81,26,17,1,452,224,120,0,234,2,85,31,2,17,37,32,35,3,73,0,0,3,6739,159,54,37,65,0,34,135,144,0,14,18,1,19,67,118,51,41,19,19,0,46,49,154,81,8,36,0,159,29,42,162,10,1,17,39,19,3,126,42,0,10,58,70,41,2,0,281,5,3,2,1,7,74,2,4,1,0,26,15,4,0,7,20,1,8,56,39,34,3861,6,49,4,26,43,7,45,75,0,48,8,5,100,3,10,9,4,54,116,9,28,30,136,59,0,6,5,21,89,29,1,102,129,0,21,42,5,16,10,124,3,38,4,95,24,1,67,2,1,43,14,13,188,15,2,0,171,0,5,81,34,23,46,20,20,203,27,5,34,238,34,54,58,0,63,46,40,433,9,19,32,11,3,26,7,16,15,2,15,1,163,1361,72,20,29,7,4,3,24,67,74,3,23,0,0,23,23,12,58,0,52,4,8,6,0,15,138,21,33,71,29,0,59,5,59,38,20,27,0,40,0,0,3,56,73,7,8,178,3,15,1,557,64,5,2,14,8,17,17,7,7,2,37,1,2,2,104,56,103,24,51,32,26,1,131,7,5,57,0,79,36,14,45,108,307,137,92,75,2,81,0,4,2,1022,37,24,0,8,31,58,15,28,121,3,2,22,1,7,29,1,5,37,80,26,2,17,46,149,4,34,0,46,0,5,90,57,195,8,150,26,0,114,3447,0,5,0,0,5,1984,34,24,34,13,96,13,5,7,76,52,52,115,24,8,2,142,0,45,0,0,7,216,35,0,83,136,35,3,80,24,3,13,16,20,0,0,13,36,1,44,117,242,13,29,194,11,2,22,49,6,46,53,18,0,17,32,0,27,140,33,84,19,0,211,33,44,0,156,5,32,33,0,0,132,127,2,28,2,115,23,7,8,5,9
cell_418,9,21,282,236,31,62,52,157,5991,2,3,19,35,28,31,78,0,61,4,3,26,110,98,0,163,11,23,5,4,5,0,65,9,48,1,0,4,0,0,30,449,0,142,57,0,124,0,236,5,84,9,4,63,85,1,10,0,2,75,33,0,2,24,38,52,64,33,39,5,11,25,17,27,18,6,41,22,48,0,0,0,164,47,33,142,160,58,21,90,56,98,15,101,7,18,2,26,7,3,464,200,153,3,143,1,88,37,11,3,19,43,36,5,106,0,0,5,6979,20,25,9,20,0,48,144,146,0,1,37,0,7,110,194,88,51,12,32,1,43,17,56,56,19,36,9,151,27,63,183,30,0,14,14,23,0,155,58,27,38,80,206,13,0,4,200,1,3,8,0,5,25,76,2,0,0,28,3,9,0,5,128,1,46,33,40,48,4215,32,35,25,10,35,1,115,76,0,18,8,1,88,6,14,8,4,98,113,1,33,32,140,19,0,7,42,18,87,28,22,62,220,0,30,36,3,8,0,138,1,52,2,76,31,2,77,31,12,20,11,0,155,16,7,33,14,1,6,101,45,52,43,28,127,67,25,11,16,214,57,48,77,0,80,1,4,488,11,17,23,15,32,40,21,28,2,0,21,29,232,1326,31,15,79,0,1,0,18,44,29,16,11,3,0,23,0,0,51,105,44,9,20,7,0,46,111,0,30,31,20,0,32,26,64,76,35,23,5,29,0,5,6,48,73,0,9,58,18,9,4,578,17,6,0,11,18,22,25,0,11,13,39,0,6,7,57,70,19,30,0,0,63,7,103,52,5,46,0,95,48,65,158,116,144,116,73,85,1,78,27,75,0,1308,66,21,3,3,34,62,50,27,0,1,0,31,1,46,10,15,16,17,65,22,4,209,49,143,1,48,10,4,0,21,120,85,62,7,52,25,0,23,3499,0,14,1,9,4,2078,5,3,66,9,17,65,10,24,86,65,80,87,14,29,23,169,0,72,1,0,14,237,0,11,152,111,83,2,60,33,17,1,17,1,2,2,47,36,1,84,54,258,10,11,185,1,25,44,66,43,49,24,29,2,24,39,5,13,448,64,142,2,3,276,36,54,2,74,33,31,15,0,7,82,129,6,27,2,5,1,0,2,45,22
cell_419,2,30,215,7,205,44,19,137,5238,10,27,16,97,8,43,27,2,54,15,13,4,40,82,0,168,36,7,2,0,119,4,60,21,247,0,0,10,1,3,0,476,0,554,33,0,107,0,188,73,15,27,1,68,62,7,58,8,0,55,23,0,1,2,38,54,68,16,14,15,1,20,37,1,4,4,17,30,22,0,0,8,163,37,20,176,165,63,39,98,33,5,2,88,20,18,3,93,2,20,471,194,132,0,229,4,81,5,46,39,12,49,40,3,63,0,0,1,7128,2,55,17,0,2,30,190,137,1,1,37,0,35,116,111,48,22,1,0,8,62,26,54,65,30,20,9,18,21,64,186,43,0,11,19,20,1,137,76,21,66,18,206,6,8,34,281,0,15,10,19,4,29,27,75,0,0,20,2,3,0,3,97,2,33,90,12,16,4846,13,176,31,1,45,7,38,62,0,38,0,0,83,8,9,13,0,21,92,9,12,18,115,9,0,6,49,30,8,20,88,130,73,0,7,20,17,103,0,158,2,86,4,75,11,12,96,32,10,33,16,4,182,20,10,49,21,0,0,117,51,15,34,18,105,104,32,12,26,174,44,50,78,0,63,18,10,490,69,34,1,24,119,31,15,78,0,1,25,86,159,1409,45,8,10,2,6,0,3,43,12,7,10,0,0,0,0,0,57,0,68,65,21,1,23,26,106,0,26,52,0,0,80,4,20,12,27,25,3,21,0,22,36,74,59,0,2,227,77,10,4,573,6,4,0,1,14,18,3,3,3,6,27,29,6,1,13,0,36,29,5,111,55,0,12,6,11,42,0,73,13,35,165,102,98,121,86,55,3,66,65,29,1,1173,11,30,0,5,17,21,54,39,29,0,0,18,0,11,28,6,71,3,7,21,5,129,5,26,15,35,2,2,8,16,123,58,98,10,1,15,0,29,3284,0,47,3,9,0,1947,0,6,3,0,13,0,6,0,0,47,55,190,14,39,57,161,0,47,1,7,19,181,5,29,36,108,33,1,58,13,13,2,6,7,2,6,39,35,1,90,17,268,26,22,175,12,26,96,25,14,46,36,3,3,10,30,0,17,70,43,8,1,67,169,52,10,6,94,12,12,22,0,0,84,110,12,29,2,26,17,0,10,25,25
cell_420,0,35,190,0,108,37,16,79,6106,6,49,23,89,17,54,78,10,54,12,31,10,33,82,36,119,22,4,4,0,35,0,63,51,107,4,0,24,1,2,20,369,0,132,23,1,160,13,241,10,0,10,6,121,37,0,9,5,32,67,9,1,9,20,37,62,66,24,16,25,21,2,10,0,0,2,30,47,25,0,6,21,58,38,2,248,157,3,25,97,140,91,0,87,35,21,22,21,3,3,470,209,76,0,154,5,111,8,0,1,0,35,36,4,110,1,0,0,7552,42,50,8,46,0,35,122,167,0,11,27,0,23,100,163,22,38,2,27,23,63,18,74,55,1,36,3,186,24,79,175,20,0,1,11,28,4,105,66,14,40,83,113,39,1,2,178,0,1,9,6,5,43,24,54,0,0,14,5,1,1,10,100,7,3,207,10,35,5058,17,63,65,1,27,16,145,29,0,44,0,18,70,10,21,4,7,20,78,0,19,43,141,46,0,1,24,23,65,36,7,109,72,3,7,13,25,78,0,133,0,77,1,70,7,0,112,34,0,32,5,0,206,19,0,57,51,0,0,103,96,10,32,23,86,49,40,10,11,154,24,58,85,1,89,2,32,492,32,20,6,6,56,11,4,0,5,0,12,0,195,1426,4,2,22,0,4,1,13,49,27,11,7,1,0,0,6,19,63,11,54,6,5,0,12,25,142,0,22,70,0,0,63,33,62,105,2,26,0,24,0,7,18,57,75,0,10,144,12,5,14,567,40,11,6,7,8,17,15,0,8,21,27,3,17,9,12,1,38,19,1,0,28,2,0,22,43,57,0,109,38,16,95,120,265,132,7,49,2,82,25,75,3,1166,53,8,13,8,51,47,70,42,86,0,0,11,17,0,29,6,3,10,64,54,9,126,39,116,6,33,0,3,12,6,110,54,153,5,32,2,0,47,3116,2,108,7,2,1,1896,18,0,35,3,80,33,36,0,49,50,61,161,21,13,12,160,0,52,0,1,17,225,0,0,35,161,14,2,80,3,13,2,9,12,0,8,16,45,0,91,118,303,22,20,174,3,34,63,23,0,127,23,3,3,15,27,6,8,50,169,59,0,6,248,55,22,2,110,10,40,16,0,0,76,130,7,3,6,5,1,0,4,24,14
cell_421,0,5,236,7,25,94,17,170,5521,3,7,20,7,4,26,15,9,57,1,2,52,146,105,7,46,8,31,13,9,19,0,87,14,35,3,1,6,3,0,2,426,0,140,55,4,69,34,142,47,23,27,6,57,73,0,32,2,82,44,3,0,2,32,16,21,6,27,50,52,3,13,1,64,0,0,13,31,32,0,6,13,142,31,28,217,172,18,81,114,107,95,41,105,5,21,32,16,7,6,446,200,120,7,161,5,4,9,1,28,34,37,47,0,91,0,0,3,7090,4,8,37,0,1,39,143,52,0,19,37,5,69,27,147,100,31,31,34,1,66,24,29,126,2,25,4,92,17,8,153,18,12,20,18,11,2,121,140,0,12,43,152,5,1,44,202,2,1,8,2,4,97,77,4,0,0,6,0,10,16,29,79,0,20,41,59,39,3575,11,158,21,0,43,0,43,99,2,8,4,1,79,0,11,2,0,68,120,1,12,36,118,28,0,1,58,32,83,49,0,49,76,2,12,4,18,51,0,167,10,46,6,77,4,32,140,0,0,19,0,2,148,17,0,35,119,0,3,109,21,13,29,34,76,117,10,5,5,173,19,59,99,0,76,9,30,521,14,31,29,19,6,31,6,50,28,1,25,7,282,1317,53,1,51,2,57,0,14,87,11,2,5,6,0,0,0,2,54,0,55,39,24,0,24,62,118,0,18,66,0,0,45,27,59,87,51,21,0,15,0,3,69,87,65,17,55,215,37,27,2,594,10,20,2,4,2,15,51,0,6,10,30,6,1,10,60,84,3,14,0,178,55,64,145,8,45,24,33,59,11,15,73,71,126,145,2,86,0,60,27,31,1,1114,62,25,0,2,34,171,63,34,2,12,0,2,4,21,4,5,0,28,15,15,5,234,42,173,2,41,0,5,0,5,87,78,92,24,1,1,2,26,3536,0,25,5,6,4,1974,2,0,11,13,5,200,19,34,78,60,59,76,24,15,23,33,0,77,31,1,9,163,0,6,44,43,57,12,70,38,2,11,23,11,294,3,44,27,1,20,79,171,56,0,187,7,16,17,99,7,9,20,23,9,6,42,0,2,463,13,53,2,0,292,57,53,0,80,9,22,33,0,3,79,52,13,5,3,0,7,40,4,13,17
cell_422,7,28,212,196,14,4,38,140,5499,2,6,12,43,24,47,60,0,69,6,0,1,124,66,0,160,18,3,6,8,43,1,113,6,40,4,1,15,1,0,2,443,0,50,55,2,109,82,70,57,90,15,6,117,61,5,42,17,31,60,15,0,8,1,42,38,16,38,78,9,13,25,2,99,5,70,81,16,38,0,3,32,172,43,11,231,120,42,18,94,43,143,7,111,2,23,48,0,0,0,466,213,119,10,121,3,44,48,28,10,37,18,12,4,103,1,4,4,7173,1,9,2,4,1,34,61,113,0,13,50,3,10,50,89,30,34,15,27,8,31,5,123,46,31,29,25,133,13,11,94,33,0,4,3,13,10,44,57,7,6,21,173,30,2,0,182,0,2,4,1,2,38,103,10,2,1,55,2,9,3,12,84,0,5,91,48,39,4148,13,35,15,1,14,1,28,51,1,18,3,15,105,20,8,0,14,31,87,8,21,31,147,33,0,3,76,23,100,23,23,109,36,0,0,54,47,8,25,201,0,12,0,100,13,29,135,63,2,30,19,8,202,2,7,28,162,2,6,135,240,41,48,19,71,124,18,9,15,157,42,43,71,0,45,10,3,564,19,35,18,15,99,32,7,30,30,0,8,168,58,1480,53,29,56,1,24,0,20,62,33,2,2,4,0,11,3,0,12,1,53,69,18,24,42,53,110,1,7,48,11,2,48,48,53,37,8,19,0,25,17,2,11,57,48,17,37,15,2,4,23,541,7,11,0,2,5,19,52,5,10,8,30,108,9,5,89,41,0,4,37,309,44,47,134,28,50,51,60,62,46,9,131,50,172,60,32,60,3,23,3,20,4,1220,39,78,21,13,49,26,37,34,74,6,1,38,3,3,34,11,4,21,127,0,0,86,21,154,19,42,0,14,0,2,44,58,94,2,39,8,4,40,3635,14,5,3,18,1,1860,4,1,3,0,71,450,19,3,53,81,59,121,24,3,4,67,9,75,6,1,4,232,0,20,20,138,34,6,67,18,0,17,24,4,290,2,61,30,9,21,77,298,21,16,162,14,21,20,8,17,38,24,38,1,24,44,1,3,193,48,58,3,70,183,65,37,19,150,62,17,58,10,2,53,119,26,41,1,121,6,36,3,30,9
cell_423,4,16,180,0,0,31,13,137,6227,3,22,21,33,24,62,50,9,57,16,1,20,39,54,0,134,12,47,1,2,1,3,108,1,142,25,7,10,2,1,69,405,0,318,21,0,148,14,29,18,6,27,4,67,102,0,31,1,6,85,42,0,1,11,10,48,85,42,12,4,0,20,18,10,8,1,1,7,154,0,0,1,134,20,7,148,137,53,1,94,18,85,65,88,26,20,145,32,0,4,443,211,67,0,250,4,29,6,1,0,35,33,32,0,24,4,0,5,7765,2,14,25,5,3,21,145,81,0,1,32,3,5,31,151,25,38,20,18,39,67,26,52,14,7,21,8,52,3,18,136,45,0,24,36,12,1,143,2,0,57,29,139,71,0,32,245,4,13,8,9,1,67,49,46,0,1,56,11,1,66,2,89,2,0,115,50,25,5706,8,186,3,0,45,2,128,79,0,4,0,41,89,10,24,4,0,43,103,0,19,26,120,33,2,7,68,28,115,15,5,76,17,6,21,10,25,46,3,161,0,69,0,87,28,6,93,1,4,26,20,6,198,17,11,35,50,2,7,80,43,8,40,15,22,103,17,18,2,243,32,60,81,1,84,26,9,528,85,5,30,17,10,41,27,203,27,2,19,0,87,1346,74,16,24,0,1,0,27,58,25,2,3,0,0,0,0,0,44,0,56,47,31,16,4,22,135,0,28,70,14,0,69,0,26,81,0,22,0,9,0,1,0,59,71,31,5,73,30,28,2,586,0,7,1,36,8,22,4,0,5,17,30,18,35,3,82,0,6,5,2,323,49,0,193,51,11,53,0,58,44,12,172,142,115,128,87,131,2,92,2,38,2,1217,19,10,0,2,14,111,13,34,28,2,4,18,4,26,4,1,7,28,55,25,8,39,27,126,16,52,0,24,8,5,70,62,127,3,130,1,1,22,3171,0,13,1,10,12,1968,2,2,6,8,53,21,15,36,6,55,58,188,21,50,25,122,0,62,0,7,8,229,22,0,43,131,47,1,104,10,1,5,3,3,152,0,34,36,0,97,51,288,9,21,205,3,21,90,44,27,89,47,50,5,16,39,6,5,265,124,70,14,80,217,31,38,13,127,2,70,16,0,0,78,152,16,42,1,98,4,3,27,4,11
cell_424,2,14,77,44,138,11,8,199,5538,0,29,22,122,50,21,70,9,57,2,0,15,20,79,0,131,32,0,1,12,6,1,84,3,33,0,0,8,2,1,77,474,0,504,26,0,36,61,127,26,26,13,5,93,9,47,58,6,6,65,38,0,5,13,33,46,59,37,9,57,6,16,1,85,6,0,76,19,54,0,0,1,143,39,34,72,164,54,80,86,70,82,40,111,40,21,53,28,8,0,440,191,137,1,119,7,57,2,31,5,30,36,43,2,208,0,5,19,6669,7,14,52,20,0,12,200,79,0,0,40,6,0,16,168,45,25,0,19,8,57,21,48,104,4,30,4,153,22,43,161,10,0,10,21,20,4,113,0,0,17,41,179,37,0,41,203,0,32,13,2,5,52,75,0,0,0,57,10,0,7,5,118,2,25,7,48,29,3183,2,63,37,47,48,1,108,63,0,0,14,0,74,4,13,3,2,60,97,9,17,20,120,34,0,8,7,22,93,51,35,96,101,1,9,37,29,87,1,185,33,42,3,89,3,1,138,47,31,12,10,1,125,16,1,9,35,4,4,88,16,43,43,27,51,70,32,19,13,193,56,43,5,2,58,102,1,484,0,16,34,15,127,31,4,87,59,0,17,57,176,1396,48,23,44,0,13,0,16,24,32,7,1,4,0,0,7,4,12,0,48,11,6,12,30,16,113,0,34,71,14,2,42,7,65,103,64,0,0,25,1,2,10,45,41,0,2,69,30,3,8,607,8,2,1,3,6,19,22,0,9,2,19,33,3,5,107,86,25,21,8,140,37,18,113,6,3,50,3,80,62,40,87,45,165,88,15,83,0,89,4,21,0,1143,43,30,2,19,45,96,47,36,85,10,2,33,6,8,23,9,0,39,37,44,3,230,59,152,6,23,0,13,0,2,87,52,53,33,90,11,7,78,3447,0,0,2,5,8,1936,10,8,35,19,126,33,31,21,79,15,56,37,20,16,4,74,0,42,13,1,17,275,3,14,174,90,40,0,78,30,3,4,2,14,700,0,20,41,0,92,88,201,1,5,157,4,9,33,91,86,131,24,11,8,6,34,0,20,434,32,72,18,84,162,47,47,2,168,26,11,11,0,0,110,59,12,46,0,83,9,0,4,23,2
cell_425,0,15,272,0,23,24,13,112,5498,5,11,18,38,32,27,84,12,47,12,39,9,135,89,6,21,9,2,0,6,17,0,102,13,184,7,0,44,2,5,32,439,0,437,18,0,86,1,262,38,22,10,4,75,32,23,2,0,0,62,22,0,3,8,21,19,25,17,19,89,14,12,37,21,19,25,31,27,92,0,6,9,151,38,2,125,146,82,55,100,3,67,43,79,14,22,78,11,62,13,440,203,125,2,245,4,85,4,48,11,4,49,44,0,172,0,0,0,7630,43,50,30,1,0,14,102,106,0,8,46,0,20,88,158,69,33,3,0,0,35,49,90,25,42,24,5,103,25,59,104,26,4,5,13,21,7,139,136,58,11,71,154,34,0,0,242,11,0,6,2,2,54,28,38,0,0,40,4,1,6,8,88,1,34,61,40,50,5246,20,36,19,0,56,3,63,99,0,41,6,4,93,0,13,0,13,13,120,3,30,37,117,78,1,1,0,21,110,8,0,81,52,0,8,32,9,23,12,131,0,39,1,65,27,7,119,1,18,7,27,1,176,22,2,16,47,1,2,89,22,5,55,22,34,80,16,2,16,206,34,56,67,0,47,3,54,434,20,17,14,2,22,35,26,39,0,0,22,108,170,1409,68,5,82,0,1,0,14,58,15,0,10,0,0,10,7,0,31,0,41,38,8,18,0,44,171,1,28,88,1,0,45,12,58,28,57,20,0,13,1,2,2,47,72,0,26,195,14,3,11,584,11,2,2,5,4,14,6,10,9,3,35,0,4,1,29,17,13,40,5,0,38,0,61,69,20,51,0,83,55,38,0,95,201,103,31,120,2,64,6,95,31,1360,66,8,0,0,30,7,23,35,41,4,0,36,1,3,7,1,3,33,74,8,0,32,31,138,0,35,0,7,2,11,103,68,117,1,77,16,0,37,3216,2,14,1,4,9,1880,3,62,18,4,50,55,15,33,46,58,61,242,8,3,5,194,2,78,0,0,12,108,0,0,52,75,45,0,70,13,17,6,19,19,0,0,32,46,2,55,59,248,19,36,190,9,16,14,32,0,163,12,77,0,9,29,1,16,60,69,41,3,0,296,30,64,14,96,29,25,17,0,1,95,144,18,31,0,6,26,4,5,37,8
cell_426,1,9,3,83,81,24,22,133,5536,1,50,20,117,29,33,55,4,57,7,8,34,42,93,0,181,26,46,1,3,35,6,39,34,192,5,2,4,2,0,9,493,13,361,44,0,71,7,196,18,49,23,6,80,62,50,9,16,22,57,8,0,3,0,57,49,73,30,0,10,2,0,0,47,8,0,21,38,7,0,2,0,124,30,18,8,148,31,7,81,143,88,1,96,33,9,97,54,0,16,462,214,103,5,92,8,5,0,1,20,33,37,35,1,116,0,2,7,7729,0,50,33,0,2,4,43,135,0,3,40,0,6,18,113,74,26,3,30,2,71,29,35,46,0,27,0,62,22,56,177,4,0,18,9,30,5,152,101,16,17,78,166,37,0,10,271,0,64,11,21,3,12,72,20,6,1,64,3,3,0,1,79,1,21,13,6,14,4854,0,52,20,8,21,10,161,37,3,0,8,0,85,0,8,37,0,77,74,4,12,29,139,149,0,13,12,34,78,36,96,98,84,18,27,10,0,30,28,132,8,65,2,77,6,34,137,47,13,42,0,4,205,7,1,35,83,3,6,86,30,53,47,13,43,59,38,5,62,201,54,59,60,1,66,49,4,442,2,13,3,18,42,37,9,38,23,1,21,54,49,1365,0,1,23,0,9,0,17,3,26,7,13,0,0,18,0,5,31,0,72,10,31,11,0,13,152,0,32,86,12,0,60,17,34,39,60,18,0,26,2,6,3,72,56,21,1,312,36,10,5,600,8,7,6,34,0,19,14,0,15,37,32,0,0,12,44,43,23,22,47,103,67,23,5,9,11,55,1,93,26,21,150,70,125,104,14,87,3,71,15,71,0,1227,7,84,0,24,46,147,42,27,4,2,0,4,1,3,36,7,4,12,14,10,7,213,52,165,4,53,0,24,0,9,137,78,74,12,72,7,6,91,3212,0,9,24,8,12,1957,7,15,35,8,18,2,32,1,8,22,49,88,30,53,54,148,1,33,2,0,12,212,12,0,69,98,28,0,71,13,4,0,11,60,0,6,45,33,18,113,28,268,0,0,190,2,16,76,42,113,14,30,5,3,18,17,1,9,158,55,63,3,23,160,37,19,8,100,46,7,0,0,6,82,102,12,44,0,11,11,0,6,24,15
cell_427,0,11,231,0,0,5,13,14,5918,0,19,21,42,11,16,10,0,51,3,0,31,50,95,3,5,23,25,2,4,85,1,71,15,182,14,2,1,0,1,0,447,0,92,37,1,69,0,86,19,50,19,8,75,6,0,50,4,24,39,9,0,5,40,35,46,19,34,100,83,11,21,0,58,0,18,21,9,122,0,1,20,167,70,27,88,201,4,51,87,7,205,37,88,33,19,10,6,135,8,420,158,151,1,145,0,70,48,96,2,27,32,36,5,137,0,0,0,6634,11,37,7,6,0,41,135,56,0,17,31,3,1,34,149,93,22,29,31,2,73,53,0,94,22,22,3,71,0,3,164,10,8,17,22,17,2,171,81,0,43,58,70,28,4,1,234,5,0,21,0,7,14,49,10,1,0,10,0,4,8,8,101,0,23,57,43,49,3603,44,44,44,0,45,0,77,103,1,13,3,0,68,6,11,15,2,65,133,7,27,23,130,185,0,0,27,20,107,51,0,59,51,14,41,22,30,51,5,119,0,81,2,84,8,21,156,1,35,51,0,3,70,16,2,46,153,3,6,126,10,16,21,21,106,35,1,0,3,230,35,36,99,0,69,74,22,437,35,6,4,8,0,41,14,64,47,1,19,102,248,1338,32,81,150,0,15,1,19,39,33,7,6,0,2,1,0,0,39,0,36,24,9,22,2,67,122,0,22,42,0,0,71,18,71,88,93,21,1,38,1,3,16,41,81,9,32,9,32,7,5,598,117,19,6,22,11,20,10,0,10,8,24,0,13,16,76,115,20,9,8,353,48,23,179,14,20,39,2,68,20,23,176,93,147,126,42,102,5,62,4,21,3,1126,63,28,3,13,21,169,39,23,50,0,0,25,11,56,46,9,5,27,61,16,0,76,47,153,5,39,0,10,0,4,93,60,64,12,56,29,3,88,3645,0,36,1,17,3,1888,27,5,32,0,61,128,24,15,60,57,67,224,35,10,14,20,0,56,6,4,6,116,0,0,163,123,40,15,89,23,6,11,19,2,7,0,6,36,0,10,92,174,18,32,128,6,17,42,90,0,61,30,51,13,8,38,0,20,474,79,51,1,0,270,39,56,0,138,28,1,37,0,5,54,99,12,5,5,70,15,18,7,30,13
cell_428,0,12,153,22,16,16,30,97,5277,7,21,25,44,29,41,75,6,50,10,8,0,28,49,0,0,20,15,8,4,3,0,95,14,61,25,1,27,1,0,17,486,0,115,59,0,115,233,216,2,75,11,7,59,30,43,96,0,8,58,54,0,7,9,55,51,37,32,13,44,2,11,5,6,8,0,7,20,83,0,7,3,7,21,5,183,185,42,52,94,12,150,38,93,3,21,157,1,5,9,475,216,120,0,243,2,89,50,15,3,31,28,27,0,88,0,3,3,7365,8,25,34,12,1,38,153,46,0,3,34,0,2,99,164,102,41,16,50,4,69,71,40,77,4,39,0,137,8,59,94,15,4,16,54,9,7,124,111,0,31,49,174,39,0,2,218,1,7,9,0,3,71,25,5,0,0,42,1,0,2,4,39,2,26,147,61,37,4174,10,40,19,7,32,0,114,83,0,1,18,0,106,3,16,3,4,92,110,4,25,25,132,82,0,5,34,22,103,56,0,100,14,9,18,59,10,26,8,147,7,73,2,55,13,12,127,7,2,42,20,1,164,14,0,45,91,0,10,95,55,34,44,21,45,52,45,11,44,145,45,48,48,0,67,32,41,476,18,22,14,4,31,38,18,190,56,1,14,151,48,1355,0,5,8,0,27,0,14,74,39,0,0,2,0,6,4,0,8,0,37,30,1,12,0,35,100,0,29,64,0,0,18,6,54,77,79,12,3,36,0,0,7,46,74,1,57,106,28,25,2,556,26,22,4,14,1,18,19,4,4,2,39,1,2,3,92,67,6,23,0,28,48,19,22,34,21,35,0,80,17,5,147,111,215,142,62,62,1,72,45,77,0,1244,21,43,5,5,41,43,25,37,47,5,4,25,2,13,20,6,4,22,107,29,6,54,28,139,32,48,0,24,0,0,40,76,144,0,130,7,0,66,3301,3,1,2,8,2,1937,9,25,30,1,77,192,18,25,52,23,75,159,35,25,4,162,0,78,0,1,28,138,0,1,105,121,67,0,62,21,2,3,3,2,31,0,29,37,0,78,101,6,0,39,195,12,19,12,27,18,95,14,43,3,22,53,0,2,27,79,130,18,40,114,39,41,19,60,12,6,28,0,0,85,143,25,34,3,7,12,1,7,23,8
cell_429,0,13,144,24,0,4,8,108,6135,6,19,27,0,9,55,67,14,47,3,0,3,50,103,22,53,27,33,18,10,0,6,102,18,40,9,4,0,3,0,80,444,14,433,22,5,70,29,317,33,78,8,5,97,22,0,1,9,58,44,72,7,1,11,15,58,82,31,8,23,23,11,25,72,0,5,0,10,44,13,0,1,166,45,4,80,52,26,7,72,72,204,13,95,6,11,9,15,65,27,456,227,138,0,81,7,56,5,35,1,9,31,43,0,118,0,0,3,8702,4,2,26,17,2,12,112,28,0,37,34,0,110,14,156,95,18,20,22,3,62,37,5,33,8,37,0,39,25,2,155,34,0,11,64,19,8,157,101,0,10,86,192,102,7,68,189,0,8,11,0,8,33,76,118,0,4,7,0,21,0,6,107,6,2,81,61,36,4651,8,40,32,20,36,0,138,59,0,27,0,0,78,1,21,6,5,86,54,3,27,43,126,253,0,15,48,20,93,56,11,88,41,5,10,34,42,89,39,175,0,95,1,15,40,3,95,8,0,33,42,17,199,13,4,45,135,4,2,101,45,10,27,14,65,9,47,4,60,235,46,69,93,0,43,31,55,434,13,9,30,10,0,44,24,37,59,1,12,0,208,1404,33,17,175,0,18,0,13,58,40,5,3,0,0,0,0,7,13,0,66,12,22,15,78,39,68,0,40,57,13,3,64,13,73,83,8,9,0,0,0,4,2,56,88,3,59,15,13,11,3,563,8,1,25,4,5,18,20,0,13,21,28,1,15,11,80,21,15,0,23,365,49,46,11,51,2,47,15,16,29,46,127,112,115,146,0,54,5,47,0,59,2,1218,49,52,2,7,28,30,24,55,40,0,1,40,1,11,20,7,0,17,34,8,3,30,64,132,0,57,2,6,6,5,147,49,80,20,10,7,0,41,2925,0,30,0,9,5,1816,21,17,27,12,50,55,41,0,52,36,60,56,18,47,28,67,0,31,0,12,3,333,1,28,126,114,11,4,68,15,4,2,40,2,2,0,1,35,0,97,3,276,13,0,200,4,25,96,27,17,104,37,22,15,5,55,3,23,112,55,154,5,0,256,27,47,0,137,27,110,33,0,1,97,118,7,39,5,22,4,1,13,29,22
cell_430,0,23,154,140,101,81,6,16,6225,11,15,19,49,10,23,61,6,71,9,1,1,2,93,5,163,20,44,3,0,23,1,59,16,29,6,1,53,5,0,9,218,0,362,45,0,41,1,121,2,52,12,9,74,34,12,36,4,49,21,21,0,0,53,25,50,21,42,80,32,2,7,3,30,4,20,25,47,100,0,3,34,102,40,14,62,185,24,44,98,139,207,2,100,55,9,6,12,2,0,418,211,150,0,111,5,70,2,1,1,25,44,39,3,197,81,0,14,6693,189,11,12,0,0,36,71,28,0,59,35,0,21,37,151,59,46,20,12,0,68,42,1,102,5,32,3,145,13,12,132,74,8,26,8,23,5,132,102,0,23,55,188,12,1,27,244,0,4,5,5,1,10,52,91,0,0,34,0,7,0,12,91,2,21,23,37,36,4334,12,38,13,0,41,0,32,76,0,0,0,0,94,19,4,0,0,93,137,7,32,30,145,270,0,5,7,27,77,31,17,57,82,8,65,19,10,24,0,153,0,98,0,88,14,1,16,28,5,38,0,3,177,15,4,37,79,3,4,114,7,22,32,28,87,92,50,0,17,215,54,52,100,0,26,8,8,403,2,19,14,20,91,60,15,7,1,4,20,36,186,1382,0,19,112,0,21,0,16,47,22,1,0,4,0,27,0,0,40,0,45,18,8,20,0,32,81,0,33,53,0,0,32,3,60,68,30,30,0,21,1,0,55,63,53,0,59,31,21,1,4,552,20,14,6,7,10,15,20,0,4,17,33,8,4,24,70,52,30,23,2,0,28,15,256,16,6,49,0,101,74,3,178,93,191,111,88,39,4,58,4,56,0,1198,80,97,5,1,34,234,32,35,40,5,0,34,8,15,18,1,14,30,61,52,0,233,29,155,2,38,0,2,1,0,127,13,114,34,95,12,0,129,3524,0,39,0,23,10,1853,26,4,41,0,5,86,16,0,49,57,56,197,19,15,94,67,0,43,6,0,19,257,0,29,64,102,47,0,85,24,2,14,11,11,0,10,19,33,0,115,85,90,0,8,96,20,25,60,12,19,22,11,29,0,20,46,2,3,19,191,184,9,51,250,43,48,0,55,17,3,5,0,0,64,154,10,6,4,0,11,2,5,30,40
cell_431,1,29,35,25,0,93,7,172,5448,3,24,10,92,30,31,49,1,30,4,13,56,30,111,0,183,19,9,2,13,7,0,47,8,24,13,1,12,0,0,34,443,3,284,26,0,103,2,113,34,4,12,17,66,57,1,27,8,9,32,81,0,5,20,60,56,23,31,38,2,44,9,7,12,10,0,5,31,28,0,1,14,102,28,8,116,87,40,19,97,38,141,28,85,17,13,62,56,0,3,409,236,131,0,267,3,62,0,8,18,27,47,33,0,142,2,0,2,7350,3,12,5,8,0,35,149,194,0,47,19,0,1,88,82,23,30,29,18,2,56,13,135,45,6,24,4,69,8,28,64,105,0,10,20,11,4,108,54,0,23,23,137,4,0,60,214,18,12,1,1,0,30,89,5,0,0,62,2,2,0,2,39,1,44,14,38,34,3925,11,56,7,2,25,0,57,66,0,61,3,33,128,0,14,2,3,22,89,4,6,32,144,18,0,4,45,25,103,14,4,108,317,4,9,28,14,51,2,153,2,61,0,75,22,0,38,11,18,42,13,8,209,16,8,13,100,2,10,95,17,77,17,35,94,71,2,19,24,106,27,42,81,2,50,17,20,408,25,7,18,9,3,21,5,1,77,0,17,29,151,1394,0,13,42,0,27,1,12,32,31,1,13,0,0,11,27,7,66,0,66,14,7,15,10,14,72,7,36,107,2,0,37,8,72,3,33,20,0,22,0,1,28,62,63,1,22,31,51,20,3,597,27,2,8,4,6,17,9,1,2,36,38,26,3,13,36,1,0,14,55,345,72,3,82,6,18,21,0,87,44,17,39,104,198,111,8,146,6,66,8,43,1,1189,38,68,7,5,29,41,34,32,32,0,1,15,0,26,24,2,1,34,26,11,0,97,53,116,3,21,0,2,3,10,54,58,82,13,43,0,0,42,3401,0,0,4,4,2,1956,19,42,23,0,62,51,4,0,81,61,52,212,12,17,45,45,2,92,0,1,14,201,2,0,170,124,36,3,37,30,7,19,8,10,1,2,27,35,0,3,48,261,19,6,129,4,17,58,29,10,34,2,7,2,15,54,0,25,189,42,61,15,5,207,52,32,8,90,29,33,31,0,2,91,92,14,17,13,77,18,3,15,21,11
cell_432,0,21,148,55,40,59,9,108,6224,11,2,24,114,10,33,59,15,98,5,5,11,55,89,0,157,35,35,4,7,47,0,112,3,81,13,0,27,0,0,26,84,81,357,11,0,90,7,167,50,26,10,2,87,32,1,6,4,0,57,24,0,0,24,16,36,48,34,35,67,4,24,62,1,10,20,38,23,37,0,3,16,164,22,1,211,208,46,0,112,71,78,1,97,6,17,0,44,0,9,430,223,120,0,227,5,100,3,38,2,15,50,39,0,129,13,0,3,7878,0,2,11,1,0,26,82,134,0,4,36,0,20,90,115,46,32,30,23,2,52,48,35,13,20,25,3,72,11,13,142,11,0,19,19,22,5,115,134,72,21,21,205,19,0,5,253,3,22,14,7,1,56,80,90,0,2,81,0,8,0,13,100,1,19,76,54,41,4059,7,52,64,13,40,1,99,47,0,6,9,18,82,5,26,0,6,27,105,0,26,36,141,19,0,9,17,18,76,15,8,74,160,1,15,41,17,75,3,175,0,50,0,37,24,21,77,0,28,5,2,7,186,11,5,42,4,0,3,101,43,11,47,25,75,126,26,4,34,184,19,67,80,0,71,5,16,469,62,3,7,9,46,48,10,20,74,0,28,164,235,1549,47,0,34,0,7,0,5,53,2,12,7,0,0,0,0,6,50,0,64,20,7,24,60,51,171,0,25,36,0,0,72,21,52,61,10,25,2,1,0,17,11,58,68,1,9,150,18,11,26,595,7,11,10,8,18,21,7,5,18,45,29,20,2,17,81,51,0,23,0,4,63,1,20,33,3,43,0,79,59,23,32,104,95,135,48,152,3,71,26,35,0,1268,30,20,0,7,36,44,42,37,0,0,0,49,0,0,24,5,3,18,24,10,2,122,75,106,17,31,0,6,4,9,62,50,73,19,10,18,2,16,3036,0,0,4,4,5,1809,2,3,50,7,13,4,3,0,7,66,47,158,27,7,49,71,0,82,10,2,25,326,0,0,75,125,20,4,71,17,14,4,14,3,1,6,71,40,4,112,3,273,29,0,121,2,15,81,58,24,56,21,19,0,14,63,11,9,171,132,67,7,76,280,53,68,21,183,49,38,18,0,14,87,131,28,37,4,2,12,2,6,44,16
cell_433,2,29,235,206,62,2,26,24,5464,9,40,1,79,10,7,53,3,52,11,24,0,141,86,171,14,28,24,3,4,18,3,62,7,66,4,0,5,2,0,0,454,39,104,12,2,142,0,197,69,30,24,2,75,37,0,75,10,6,44,0,0,10,9,37,47,19,31,29,70,53,37,4,42,0,1,78,18,37,0,0,14,145,21,7,239,208,15,21,109,9,76,1,90,21,14,7,13,9,2,477,135,97,3,212,1,30,27,0,1,11,42,43,1,42,0,0,0,8084,42,5,4,5,1,44,148,153,0,11,16,0,23,71,145,82,25,5,27,5,56,8,54,85,24,16,3,22,13,12,172,42,2,5,31,25,7,140,161,0,22,27,101,9,3,0,250,3,0,22,4,3,43,65,28,2,1,60,5,4,0,11,90,0,1,72,10,42,3309,29,82,10,0,7,0,43,82,0,2,1,8,95,8,5,10,6,69,135,11,23,37,140,188,0,0,85,26,74,10,10,87,44,0,3,12,20,53,5,122,10,99,3,64,11,47,117,1,8,55,11,1,205,7,7,8,64,0,8,74,163,10,35,20,98,67,33,8,21,235,23,48,81,0,49,15,46,480,55,1,17,19,67,11,20,3,8,0,19,52,226,1337,6,31,177,3,6,0,15,68,32,1,7,3,0,26,7,9,26,317,65,77,33,1,47,64,159,0,29,70,0,0,73,0,48,42,91,21,0,14,6,21,29,61,63,0,22,40,135,26,7,572,160,10,1,8,19,24,36,13,0,11,35,0,11,4,38,121,6,10,60,0,27,30,7,4,9,56,51,88,16,3,175,121,184,59,106,79,1,63,30,68,27,1236,60,26,1,1,27,34,30,25,15,28,2,27,7,7,10,1,11,36,19,15,2,27,43,171,13,41,0,5,2,0,103,21,16,15,69,3,0,97,2962,1,5,0,4,4,1816,7,0,18,6,34,330,17,26,57,66,77,194,24,7,13,111,3,37,6,1,8,54,0,19,31,126,28,23,82,16,5,19,13,19,96,1,41,43,20,24,107,249,8,10,176,12,23,15,91,18,41,17,22,6,11,42,0,14,332,37,36,17,0,294,75,41,0,75,8,79,23,0,0,45,100,9,1,5,45,14,8,12,19,14
cell_434,0,9,250,3,46,14,41,84,5912,2,25,25,136,20,26,62,2,75,12,8,6,56,39,0,0,26,0,1,4,4,0,98,8,266,9,3,11,4,7,7,389,0,296,55,15,84,0,236,26,5,26,3,77,14,0,60,0,19,57,19,0,4,9,17,57,64,24,18,74,13,36,32,3,15,0,21,11,150,0,0,7,122,0,3,87,217,31,19,68,70,12,4,88,24,15,137,4,3,2,438,181,83,2,91,4,75,2,2,11,24,43,45,2,67,0,9,1,6699,0,14,37,1,8,5,88,73,0,4,11,1,21,100,161,86,39,21,37,5,62,54,98,49,1,21,0,113,20,82,142,27,0,19,23,34,6,159,76,0,28,65,74,25,0,0,233,1,33,16,6,2,72,71,21,0,0,37,39,1,0,9,80,1,38,27,41,35,6604,7,28,57,1,51,3,125,80,0,29,1,30,71,0,4,19,4,69,102,14,20,10,159,156,0,3,20,18,74,18,21,89,118,15,48,45,4,30,0,169,2,85,1,86,20,9,146,1,4,1,22,2,164,19,0,45,58,4,5,116,43,39,33,20,117,33,32,9,32,236,43,40,97,0,69,21,22,524,11,0,18,5,82,27,21,47,72,0,13,116,217,1426,0,0,71,2,0,1,22,61,15,6,7,2,0,10,0,0,47,0,45,13,17,25,42,7,155,1,20,108,0,0,19,1,46,48,21,21,0,27,1,2,18,60,77,0,27,175,93,9,0,595,36,9,4,2,15,17,23,0,2,7,21,16,7,6,65,0,4,33,53,62,38,26,27,5,23,49,10,66,51,4,125,105,129,105,60,48,2,76,20,72,18,1148,20,37,0,1,41,126,29,28,40,3,0,32,2,18,60,5,29,42,79,36,4,241,26,125,5,50,0,8,0,17,31,26,76,10,143,9,0,15,3620,0,74,1,4,5,1802,1,10,11,8,37,35,19,6,14,59,62,222,6,34,36,172,0,24,1,1,23,205,2,0,30,126,23,4,97,39,4,3,14,21,21,1,19,41,0,98,106,240,12,9,154,8,19,17,58,23,12,46,43,1,12,49,0,23,259,49,87,18,0,342,55,46,16,99,16,21,37,0,0,106,175,10,11,4,6,4,16,5,35,4
cell_435,3,27,160,32,72,70,28,189,5951,14,29,21,68,24,23,56,3,89,4,3,86,21,34,0,32,14,2,0,4,11,3,83,10,54,1,0,21,2,0,22,352,1,444,47,0,63,0,69,12,38,18,15,88,13,11,41,9,6,69,7,0,0,1,19,57,121,39,60,15,20,22,31,76,1,0,26,21,77,0,1,0,75,8,9,11,81,85,19,98,176,82,4,86,77,24,50,32,0,14,445,221,125,0,111,3,87,12,78,11,36,37,35,4,152,31,2,17,6724,26,4,5,0,0,12,79,150,0,24,24,0,12,63,140,50,40,3,13,0,56,9,63,85,20,27,1,156,1,53,171,11,0,9,15,27,0,48,70,24,1,38,153,8,0,0,299,0,13,6,0,3,34,67,50,0,0,75,3,1,0,0,51,0,40,22,48,45,6107,10,75,61,3,49,17,118,43,0,9,8,26,94,0,7,0,2,75,115,1,8,31,125,34,0,0,14,16,110,74,23,77,80,0,32,47,27,39,0,135,0,94,6,86,7,0,116,15,14,7,5,3,141,6,7,25,46,10,5,111,84,29,65,20,109,26,10,21,38,222,53,46,104,0,66,2,19,393,7,15,16,8,4,30,21,21,70,0,16,39,132,1477,0,6,66,0,2,0,12,41,15,2,3,0,0,5,0,0,10,0,52,9,10,21,3,26,141,0,20,53,0,0,40,42,42,34,29,20,1,33,0,9,18,69,57,0,54,136,36,6,2,591,0,3,0,3,5,13,5,12,2,0,24,2,7,1,72,3,31,34,0,10,78,68,73,20,0,62,8,71,56,27,126,72,251,65,7,73,6,82,21,18,0,1438,8,52,0,2,42,70,47,28,11,15,0,41,2,6,33,1,4,8,92,52,44,205,11,91,6,51,0,16,0,2,177,21,47,7,123,16,0,69,3436,6,1,5,5,12,1876,3,7,37,2,11,10,11,0,61,31,45,176,18,23,50,99,0,34,3,0,21,270,0,5,95,118,39,1,88,27,2,2,12,7,2,7,26,36,5,136,43,212,17,0,158,5,33,19,71,61,37,4,28,1,19,43,0,9,390,221,100,4,68,71,41,51,4,46,30,37,33,0,3,80,214,20,0,6,102,17,17,11,35,18
cell_436,0,24,81,0,0,81,24,15,5420,13,18,23,27,38,5,71,8,13,10,4,40,51,94,0,4,39,80,6,2,53,2,49,38,84,4,0,46,0,0,96,241,9,380,56,2,54,0,112,17,102,12,7,85,36,3,63,8,48,38,24,0,3,13,22,23,28,40,96,16,3,5,11,10,19,0,33,25,57,3,1,4,148,24,7,248,184,27,88,92,25,233,11,93,14,10,0,12,0,6,435,87,122,32,240,12,83,1,23,11,31,24,32,11,162,0,0,8,7161,17,6,14,7,0,41,210,168,0,7,38,8,10,37,161,41,13,16,24,4,67,55,220,74,1,30,3,117,2,10,92,83,160,17,38,6,2,120,94,0,2,64,217,15,2,14,211,9,1,9,10,3,66,23,8,8,0,56,8,6,29,3,81,3,14,69,43,49,5133,32,58,26,9,45,0,51,13,0,19,2,21,83,3,27,8,0,75,132,2,7,14,156,35,0,1,11,12,102,58,0,88,64,1,37,32,17,39,0,146,2,36,3,83,45,2,103,23,4,34,0,4,181,9,0,43,81,0,4,114,13,5,59,23,25,3,32,2,32,136,25,55,54,0,60,12,17,438,35,21,18,8,54,26,5,21,8,3,18,1,10,1401,57,48,84,0,12,0,8,10,39,0,4,2,0,2,2,2,57,0,47,36,6,22,24,48,105,1,36,74,12,0,61,4,51,54,9,25,2,4,0,1,9,70,53,244,9,95,11,4,32,562,76,23,11,4,23,13,16,2,18,78,30,13,15,4,130,51,28,15,8,1,47,15,9,9,16,22,0,73,84,37,168,100,35,142,2,118,6,25,5,31,1,1248,1,99,10,5,37,18,19,24,0,12,0,17,3,7,19,1,3,46,18,17,1,62,44,120,1,43,0,3,7,4,99,53,143,4,34,18,0,108,3482,4,53,7,8,2,1911,33,28,54,1,20,158,22,0,53,77,36,75,35,2,43,61,0,66,1,3,8,37,4,5,21,115,76,0,58,12,2,1,2,0,94,0,19,20,0,22,42,189,24,0,177,4,18,29,51,2,40,16,52,4,18,43,2,3,83,194,161,4,40,279,25,37,0,55,23,96,0,0,7,46,89,10,21,7,22,18,0,10,28,5
cell_437,2,27,251,0,1,64,42,136,5677,3,30,14,37,34,28,72,1,61,7,45,49,5,111,0,2,19,6,1,1,1,0,115,0,92,8,0,17,0,0,1,407,15,490,59,0,82,5,42,24,10,30,7,108,67,7,71,5,6,67,21,1,0,18,67,25,58,34,99,25,46,5,18,7,77,1,8,47,31,0,2,8,118,60,7,210,152,54,108,99,155,35,36,99,7,19,1,19,0,3,448,213,124,0,219,3,122,1,1,4,19,42,38,10,167,107,0,0,7297,173,58,19,5,1,24,253,146,0,1,34,0,15,108,137,37,30,0,23,1,67,12,34,56,9,28,4,191,21,81,151,36,0,2,28,24,3,66,42,0,28,87,26,23,0,0,272,0,4,4,8,1,36,9,20,0,3,89,5,8,0,3,3,5,27,12,31,62,5674,5,126,8,0,55,5,67,75,0,52,0,2,112,18,25,9,2,11,112,0,12,26,131,16,0,0,0,24,98,11,3,82,90,0,40,38,25,3,0,168,13,95,3,66,13,0,61,30,0,23,1,1,173,23,1,3,164,0,5,102,88,32,51,26,59,53,2,3,14,197,17,50,67,0,18,1,19,416,20,19,20,9,14,14,7,8,0,0,15,1,106,1422,27,28,2,3,5,0,6,17,25,4,10,1,0,1,3,7,63,21,54,1,4,3,0,25,121,0,29,36,3,0,76,18,27,18,31,20,0,1,0,1,26,61,96,0,12,125,7,3,27,570,58,2,9,4,9,22,8,4,3,23,42,1,3,15,24,14,11,29,3,0,18,0,194,36,12,40,70,71,13,15,126,74,39,153,100,175,4,70,52,88,4,1282,28,90,0,6,46,59,31,38,34,0,0,36,11,1,2,4,9,27,77,73,0,186,14,147,2,51,0,6,0,9,115,73,68,0,141,11,0,121,3353,1,2,9,1,2,1913,13,6,57,5,39,32,25,2,6,57,54,129,37,23,45,162,0,58,0,1,12,235,1,0,81,105,39,0,55,24,13,1,3,0,0,0,10,37,3,112,95,227,22,19,180,6,26,16,18,2,68,21,69,0,17,35,0,9,224,77,37,3,74,255,32,48,0,86,16,2,22,0,0,88,107,28,21,2,0,26,1,3,16,23
cell_438,1,33,226,0,12,59,54,139,5432,2,41,31,131,33,39,63,15,80,23,24,25,55,38,0,53,21,16,2,12,0,6,91,23,92,10,0,34,2,0,3,458,0,224,47,10,125,12,96,33,16,23,12,75,2,23,71,0,11,28,14,0,0,7,47,42,61,27,102,26,0,7,7,77,5,0,5,25,35,0,0,1,168,5,13,258,220,56,64,82,82,80,40,97,63,14,50,4,3,0,437,215,43,20,239,1,25,41,16,8,46,22,38,1,147,109,1,0,7208,0,45,39,19,5,32,304,165,0,12,30,3,0,24,160,82,28,18,39,0,57,62,123,117,0,27,13,141,35,91,166,91,5,11,62,32,3,138,0,1,29,65,149,66,0,30,247,2,10,4,12,7,12,19,90,0,0,55,2,1,0,0,43,2,19,29,28,29,6379,2,77,15,15,10,6,23,87,33,25,7,0,89,2,3,2,14,66,81,21,7,37,136,12,0,1,36,25,55,10,0,84,32,2,20,6,24,7,24,133,9,63,1,88,32,29,92,19,19,35,18,2,193,7,3,53,18,0,4,107,97,60,43,27,47,159,52,15,12,200,63,49,60,0,70,29,10,490,9,29,27,7,125,32,23,163,4,0,14,0,153,1423,7,15,13,2,9,7,13,49,49,0,6,0,0,86,4,0,17,0,64,50,2,17,0,48,116,0,23,40,0,0,48,0,16,118,21,26,0,62,0,0,11,49,62,0,12,121,11,50,5,636,6,12,0,9,4,16,11,25,13,6,34,0,3,12,26,125,25,14,12,268,41,1,11,25,51,49,1,81,3,1,203,89,125,107,98,69,0,81,28,75,0,1257,68,78,11,1,73,153,27,49,0,5,0,34,4,5,12,8,25,32,81,30,0,159,43,117,19,53,0,10,1,11,69,63,102,15,171,13,7,100,3281,2,0,21,8,19,1876,2,0,32,3,13,70,34,21,83,44,54,113,25,45,19,161,2,83,0,1,15,173,18,0,104,140,57,5,76,16,8,0,2,11,0,2,34,30,11,97,43,247,0,3,192,10,21,0,90,45,97,43,46,0,16,17,0,14,423,95,95,7,0,244,53,11,7,99,0,0,29,0,0,80,82,8,47,3,19,15,7,6,47,16
cell_439,0,34,72,3,0,47,36,49,5412,7,8,26,48,17,34,39,12,50,10,22,3,125,89,0,0,25,34,1,8,24,1,98,5,179,12,12,15,2,0,0,428,0,342,49,16,126,1,73,108,20,37,9,103,64,10,2,1,1,58,26,0,0,20,10,46,24,39,99,35,1,12,4,81,0,16,45,36,108,0,0,17,129,40,37,188,141,17,46,77,102,30,2,94,20,19,86,44,22,26,461,202,115,0,209,8,72,0,76,2,42,42,38,4,83,3,0,0,7923,144,24,3,8,0,18,196,76,0,10,28,0,30,57,112,75,34,6,14,0,63,63,66,8,47,30,8,122,6,32,164,7,0,16,14,29,3,129,101,0,10,46,165,12,1,8,263,0,0,7,7,11,20,26,124,0,3,21,64,7,8,11,70,0,7,127,65,47,6265,15,95,42,4,16,3,103,47,3,47,1,0,96,4,3,0,12,13,74,11,36,28,136,6,1,0,15,31,69,15,21,6,45,6,21,40,7,73,15,162,0,106,0,50,35,1,38,14,18,35,15,19,183,11,7,48,111,0,1,95,12,2,40,22,94,90,10,0,11,212,45,65,95,0,84,22,9,389,70,2,1,0,29,44,7,34,78,0,18,63,67,1367,12,86,69,3,3,0,18,50,16,2,4,0,0,4,5,0,51,0,45,23,4,5,51,105,124,9,27,80,18,0,57,22,20,11,7,12,0,57,0,7,22,42,61,0,46,87,0,2,4,562,32,8,21,12,4,28,3,15,3,10,33,39,22,2,74,11,7,12,0,15,72,0,199,50,48,51,0,87,45,0,147,93,235,72,52,40,2,71,3,80,2,1312,20,60,0,7,10,50,40,40,53,5,0,39,1,7,40,8,24,14,36,17,0,98,23,100,0,48,0,23,0,2,122,75,78,0,93,14,3,101,3159,0,31,1,13,5,1826,37,0,18,0,28,69,12,12,0,37,33,91,36,13,24,113,0,36,0,0,12,226,2,0,100,132,18,2,69,1,0,14,11,3,26,5,20,36,7,47,106,209,13,6,208,7,22,31,67,5,43,17,16,8,18,43,0,15,250,110,49,6,74,221,46,30,1,63,7,0,40,0,2,80,121,14,42,12,126,23,13,20,46,21
cell_440,13,22,271,40,65,43,8,169,6073,0,10,18,108,9,39,75,10,40,13,34,2,47,83,3,50,22,11,12,10,13,0,75,23,114,5,2,13,1,0,75,442,0,425,22,0,80,0,177,13,111,7,30,87,47,3,46,6,7,49,44,1,0,10,38,33,11,28,22,79,8,9,4,31,0,12,4,13,93,0,1,17,145,43,9,169,91,68,19,73,62,228,10,94,28,18,104,23,34,7,483,222,148,0,205,2,60,7,21,3,7,53,36,0,112,0,0,2,7423,189,8,23,5,0,33,64,92,0,36,28,2,7,112,178,67,29,13,30,15,68,26,112,47,41,35,1,96,14,33,130,56,0,6,58,34,0,148,77,0,43,92,186,18,0,0,247,14,0,15,0,6,25,68,38,0,0,3,19,1,0,6,92,6,20,140,60,50,5174,14,61,16,3,37,1,67,80,0,10,17,17,85,7,24,2,0,14,92,3,33,8,145,172,0,5,8,13,106,18,0,104,106,1,16,35,26,36,5,125,0,97,3,93,30,0,123,1,10,11,12,17,168,25,3,41,29,4,7,106,35,12,30,21,30,94,13,3,40,211,43,56,97,1,69,18,27,491,22,1,3,25,109,35,25,17,26,6,17,56,193,1284,62,0,86,0,1,0,21,54,39,14,1,1,0,4,0,0,40,0,52,25,8,14,42,29,85,0,32,92,18,0,73,12,58,47,13,20,0,4,0,3,4,37,61,0,55,103,20,10,8,594,30,1,4,3,3,18,4,4,7,17,28,0,6,10,50,27,11,16,0,0,35,0,53,16,18,56,0,82,20,3,180,124,154,150,83,144,17,62,1,50,7,1171,59,35,8,5,30,8,52,33,62,7,0,5,0,26,28,6,5,17,77,32,1,59,43,138,10,43,0,1,13,1,134,54,75,6,56,8,0,8,3226,3,9,0,6,1,1896,29,13,21,5,56,63,9,0,91,57,60,123,11,8,2,139,1,76,2,1,15,206,0,3,46,116,33,10,87,14,11,16,11,10,148,6,36,32,0,43,41,168,4,13,183,17,24,27,28,10,82,35,33,7,12,34,2,12,210,82,48,5,0,259,37,51,0,132,35,23,47,0,0,108,112,2,24,10,49,10,2,11,22,17
cell_441,2,41,161,118,7,29,33,110,5650,4,17,26,72,13,20,87,6,50,14,16,57,42,137,0,132,17,29,3,1,1,6,93,3,201,12,6,19,0,0,111,393,0,578,51,0,105,0,163,67,110,7,8,71,13,4,32,38,7,54,62,0,4,5,7,55,73,28,73,16,7,40,13,23,11,0,68,32,46,0,2,2,168,21,9,221,199,56,12,107,14,120,16,80,48,23,161,68,0,2,498,196,128,0,230,5,90,0,4,6,13,40,31,3,98,112,0,0,7825,0,3,4,0,0,3,210,123,0,12,32,3,6,63,175,61,27,9,11,4,75,31,104,109,11,29,15,183,0,27,145,101,0,13,27,34,1,141,76,0,12,88,171,23,2,18,222,5,1,13,20,1,24,62,36,0,1,8,0,1,0,1,101,1,26,13,58,29,5038,15,66,14,1,14,2,132,99,0,0,19,17,98,1,29,0,8,49,119,0,14,34,133,28,0,3,43,22,96,27,3,90,86,0,27,25,5,79,0,148,0,71,0,65,14,8,126,29,16,0,14,2,190,12,2,48,82,3,5,108,196,8,46,15,115,52,7,6,29,193,25,61,66,0,83,4,11,542,60,6,16,8,27,42,6,43,73,0,15,162,197,1451,8,0,101,0,30,0,3,29,7,11,3,0,0,8,0,0,60,0,60,34,4,17,1,23,99,0,31,85,14,0,69,60,53,22,48,15,0,2,0,0,2,57,61,0,6,106,62,22,8,621,2,19,0,9,8,21,11,5,6,50,25,3,1,11,101,12,0,10,0,3,45,0,173,29,21,54,50,54,76,23,174,99,225,84,72,175,1,74,5,103,0,1083,12,5,0,9,49,62,41,34,0,1,0,33,0,19,37,0,0,36,54,27,3,174,28,28,1,30,0,1,0,4,66,64,138,18,10,20,0,15,3361,3,7,5,7,4,1833,2,11,84,0,54,9,7,17,108,63,60,224,5,8,54,138,0,60,0,3,17,239,0,0,83,135,54,1,44,3,9,0,8,13,0,1,26,33,6,75,40,214,28,0,123,3,17,15,14,7,78,51,29,0,20,41,1,7,318,26,167,3,2,355,46,68,0,63,33,17,45,4,5,110,144,21,55,3,5,17,0,7,2,17
cell_442,0,35,149,1,22,0,21,183,5585,0,32,6,101,40,29,62,7,50,3,17,20,30,81,16,0,21,4,4,2,34,0,108,2,7,22,1,5,2,0,16,441,0,304,13,0,117,0,263,20,6,39,10,115,4,47,25,0,3,48,6,0,0,13,6,56,63,25,8,67,59,19,0,0,1,3,56,3,56,5,2,16,177,38,29,97,223,61,47,52,36,125,37,98,11,18,109,2,0,3,470,219,127,9,255,2,7,19,12,0,30,40,27,0,169,0,0,0,7414,119,9,28,146,0,42,37,128,0,1,34,0,19,88,145,70,30,6,19,9,71,45,20,19,0,12,11,51,24,61,46,70,0,6,40,27,12,54,106,0,18,53,111,31,0,0,268,5,12,1,4,3,82,27,5,0,0,74,0,0,0,4,28,1,26,25,39,30,5350,31,64,14,1,11,0,91,69,0,69,8,33,102,6,21,6,19,27,119,0,27,43,125,153,0,4,12,27,99,5,37,60,50,7,51,18,11,45,16,171,0,108,3,25,27,0,138,4,11,38,74,5,193,26,5,35,10,3,3,116,137,32,54,26,107,12,25,5,12,209,5,59,84,0,71,68,23,474,21,14,5,5,46,0,7,35,1,0,7,117,135,1435,0,11,49,3,3,0,5,41,25,8,1,0,0,18,29,0,52,0,55,8,7,9,0,37,129,1,30,89,29,0,76,5,60,53,14,18,0,13,0,13,17,68,56,0,12,135,115,23,6,590,13,13,11,0,3,14,15,7,0,32,27,1,1,7,53,35,71,32,38,21,26,22,21,25,32,57,0,103,20,25,0,93,220,115,84,142,3,66,10,64,7,1298,62,20,0,6,4,20,36,30,17,0,0,15,5,3,28,7,17,36,37,25,5,43,21,135,2,49,0,11,0,5,114,44,45,9,35,0,0,29,3378,3,0,3,14,7,1887,12,75,14,24,102,61,15,18,34,50,59,193,1,8,33,179,4,56,0,0,8,276,0,0,72,116,5,1,74,2,18,4,12,9,0,1,55,41,1,126,108,102,3,9,189,6,26,57,67,19,101,37,42,6,20,39,0,9,123,111,59,29,6,250,58,41,11,174,4,6,58,0,0,102,163,1,43,0,104,7,0,6,29,1
cell_443,7,22,188,156,0,20,31,74,4896,2,25,3,83,31,23,45,2,34,11,17,19,102,78,0,3,14,14,4,7,59,9,83,17,252,12,8,15,1,0,0,287,40,189,60,0,67,82,184,40,73,31,0,92,106,13,75,1,9,52,7,0,4,7,38,54,91,20,85,25,7,2,0,64,1,0,29,9,51,3,2,14,155,42,34,115,171,45,101,90,9,211,45,89,29,15,161,20,63,26,476,48,129,0,157,2,89,75,8,9,28,48,14,10,36,0,0,8,7838,1,48,17,62,2,36,77,143,0,49,26,0,1,89,157,89,32,4,26,1,69,43,86,99,47,30,16,70,5,21,30,15,0,12,11,21,2,117,56,0,60,76,204,19,1,14,243,2,5,15,0,6,83,63,27,3,0,29,0,8,1,11,120,0,8,49,61,23,5232,13,40,20,9,44,18,83,91,7,1,8,0,80,2,4,15,8,70,54,15,11,34,130,177,0,5,59,28,103,91,10,72,19,17,8,33,24,45,0,111,4,21,1,73,4,2,86,3,12,40,0,0,89,16,0,54,173,3,16,93,164,18,32,10,41,71,23,21,18,181,36,40,33,0,32,130,8,460,14,27,15,21,6,31,3,134,35,0,19,22,235,1276,74,30,15,2,16,1,9,33,40,13,6,2,2,66,13,0,54,227,62,19,6,29,2,23,136,0,28,36,2,0,21,9,60,58,121,22,0,32,0,0,24,46,37,0,3,2,2,15,1,614,236,32,0,7,6,13,15,13,18,9,36,0,5,4,73,92,30,4,40,0,50,22,9,39,6,34,11,90,55,88,155,101,363,126,11,64,2,91,9,42,3,1164,40,19,18,6,49,29,36,39,37,17,0,3,40,19,33,14,10,40,53,31,0,185,49,154,3,37,0,8,0,5,45,60,59,7,18,3,2,88,3285,6,16,9,7,3,1853,40,7,61,4,113,425,26,0,30,82,70,66,37,32,39,61,0,77,16,1,19,225,0,0,19,140,63,4,61,28,0,0,7,3,0,0,37,39,16,39,91,30,4,21,100,2,10,36,7,16,27,25,86,1,18,52,1,15,147,0,77,4,0,310,43,33,50,109,21,67,8,0,3,74,109,19,11,4,94,2,0,22,32,8
cell_444,0,31,162,0,12,21,40,151,5188,11,24,27,129,38,57,74,20,50,6,14,30,133,87,0,151,31,1,18,2,0,3,109,6,101,6,0,54,0,0,23,406,75,363,9,0,90,0,129,25,89,34,16,61,39,7,44,0,2,41,15,0,0,2,12,48,26,36,91,27,20,7,3,6,22,6,25,30,34,0,1,4,144,43,2,292,206,54,48,69,82,54,8,84,19,24,52,5,0,10,460,122,106,0,266,8,75,52,0,15,7,32,32,24,72,99,0,0,8021,0,6,6,8,6,27,44,136,0,6,8,0,6,27,174,39,41,6,24,0,54,19,197,104,56,27,0,89,2,77,75,94,0,18,48,17,15,130,36,0,17,26,238,37,2,11,209,3,3,13,5,2,66,82,2,0,0,15,4,10,0,1,89,0,13,163,39,37,6115,13,130,15,0,30,0,96,83,0,0,10,12,99,23,16,0,14,39,73,8,1,16,102,38,0,18,13,23,97,30,4,116,128,0,14,28,13,92,0,111,21,71,0,92,5,0,8,14,5,47,24,1,188,12,1,30,195,1,7,92,123,16,59,18,35,18,31,31,0,163,45,6,36,2,57,9,29,563,61,2,16,16,17,45,16,43,6,0,16,110,41,1374,75,2,71,0,17,2,12,54,39,0,0,3,0,3,20,0,13,79,47,22,19,9,1,30,135,0,30,50,0,0,18,3,69,29,5,19,0,24,0,4,21,37,78,0,20,140,3,14,9,593,57,5,10,0,12,10,1,12,21,49,33,0,8,2,95,0,5,22,0,14,41,24,94,68,1,53,4,78,39,1,4,183,68,91,47,80,0,90,25,28,10,1164,12,57,1,2,30,40,45,23,0,12,0,30,3,5,10,0,1,35,22,4,5,182,62,140,11,36,0,0,0,5,32,45,117,18,36,4,2,81,3387,3,62,0,5,2,1898,10,0,47,6,90,47,3,0,22,86,43,286,17,11,24,117,5,41,0,4,13,217,0,0,38,139,31,29,76,4,6,1,12,3,0,0,19,39,15,75,66,247,2,7,154,2,34,40,15,4,181,37,13,3,18,38,0,8,91,58,139,4,62,227,37,32,118,103,21,66,64,0,0,21,89,24,31,2,13,20,0,13,8,5
cell_445,4,25,7,12,15,66,26,140,6008,3,12,19,76,20,29,73,0,52,5,45,28,62,102,63,75,22,14,7,21,0,0,92,24,53,9,0,13,0,0,12,443,3,272,50,0,118,0,39,31,79,17,16,95,129,17,35,10,11,47,10,0,0,43,37,34,52,40,22,23,0,11,7,10,0,0,20,14,61,0,0,8,133,42,12,250,193,46,65,106,48,159,7,88,13,22,81,21,0,2,461,189,102,0,234,11,73,2,34,16,26,42,22,14,148,0,0,0,7359,6,52,13,0,0,16,61,141,0,8,27,0,8,82,156,58,30,14,17,0,50,46,116,15,5,28,0,161,10,30,124,32,0,13,22,22,1,171,0,34,30,82,164,16,1,15,203,14,5,13,0,4,82,47,46,0,0,41,1,1,0,17,120,3,42,33,39,37,4507,21,11,34,2,44,3,85,38,12,32,12,31,95,8,24,7,1,57,104,0,6,27,127,8,0,3,1,16,122,45,1,85,30,0,5,18,23,65,2,136,0,52,1,60,10,16,102,50,4,11,0,0,196,12,7,39,66,0,5,94,133,14,44,27,113,61,3,3,13,126,33,42,84,0,90,1,11,449,14,16,7,22,21,51,6,61,72,1,16,167,268,1254,12,14,66,0,3,0,8,9,5,10,0,4,0,31,0,0,36,19,36,41,8,24,0,35,143,0,18,50,2,0,41,25,50,32,12,26,0,11,0,12,10,42,64,0,12,199,0,8,16,563,13,7,3,12,15,14,12,0,9,48,34,24,6,16,82,0,18,5,0,0,31,0,11,40,25,24,1,76,92,50,168,111,23,120,50,33,2,67,26,33,8,1116,10,9,0,6,44,85,46,27,0,7,0,23,5,0,51,8,9,37,61,17,0,228,60,88,4,45,0,5,2,6,103,48,67,15,46,30,0,21,3447,0,0,4,6,8,1879,12,0,42,24,36,28,2,0,41,85,54,91,22,12,19,113,0,34,5,1,31,320,0,21,65,108,44,2,101,17,3,1,9,2,0,4,49,29,2,12,28,231,1,5,203,4,21,6,24,21,148,65,7,2,20,43,9,5,263,117,163,7,0,285,35,55,13,94,47,46,19,0,3,106,132,8,24,5,12,19,6,2,21,6
cell_446,1,29,86,6,22,29,25,102,5163,8,29,14,74,28,10,71,15,68,9,7,23,59,82,38,0,24,4,3,5,27,1,111,23,53,1,1,53,0,0,14,319,51,514,44,0,33,0,276,82,95,35,8,91,0,12,74,5,3,52,21,0,3,4,24,43,48,28,23,27,19,18,4,3,0,0,34,31,52,0,3,11,133,19,57,219,168,76,20,105,111,97,6,83,2,16,30,31,15,26,459,188,149,0,242,0,12,3,2,6,16,43,42,2,175,0,3,3,7295,2,10,18,0,4,11,101,65,0,17,31,0,62,39,81,73,33,20,10,21,47,75,142,129,20,27,1,103,16,14,111,109,0,4,39,25,6,112,105,0,14,70,198,24,0,0,260,1,10,5,2,11,58,70,58,0,2,0,2,10,0,20,112,0,9,50,61,35,3185,23,65,32,11,41,3,79,78,0,57,13,34,85,6,6,18,1,26,72,5,25,1,139,138,0,2,34,17,101,25,58,72,36,3,6,42,4,95,0,142,0,66,4,97,4,35,94,1,7,48,1,1,128,15,0,0,90,0,8,112,8,8,25,13,31,15,16,7,17,229,24,44,17,0,70,31,20,455,13,22,18,8,92,25,5,23,44,2,11,84,40,1351,5,40,90,5,15,0,13,7,38,7,1,0,2,20,0,30,44,0,55,15,3,14,0,29,109,0,29,32,10,0,56,39,74,81,33,23,0,35,18,3,9,59,69,14,12,150,32,7,30,574,78,8,4,4,4,19,1,0,8,27,30,10,6,1,97,107,8,26,0,335,53,3,144,46,16,43,7,62,38,30,190,124,63,88,14,35,2,79,0,51,0,1126,12,91,2,8,34,0,40,26,63,1,0,17,0,22,6,9,3,49,6,20,10,200,58,170,13,50,16,3,0,0,87,57,102,17,0,25,13,25,3278,1,37,2,6,4,1817,22,48,51,0,73,51,7,0,15,56,54,129,13,4,38,68,0,76,16,3,11,282,0,4,46,94,30,10,66,38,8,14,9,14,18,0,23,42,0,44,97,268,38,7,174,5,19,63,44,10,19,24,30,6,10,45,3,5,159,28,29,4,38,325,56,55,0,162,27,11,8,25,1,92,100,8,76,1,54,21,0,7,7,5
cell_447,1,7,216,2,10,17,30,123,5486,12,20,21,100,9,28,52,7,43,1,3,24,64,125,10,178,25,2,8,9,3,0,100,31,39,4,5,10,0,0,28,425,109,397,50,0,58,26,97,51,35,36,10,83,34,0,50,0,7,55,52,1,0,4,41,45,46,28,45,74,9,14,12,97,0,0,53,12,66,0,1,4,132,10,5,202,204,56,30,100,58,80,31,71,18,26,40,23,4,6,457,216,137,1,242,3,130,18,6,6,30,48,33,0,170,2,0,0,7240,130,7,17,0,2,30,142,93,0,4,37,0,2,9,163,51,45,3,3,11,67,50,222,50,2,27,0,106,10,43,171,8,0,20,16,25,0,122,27,0,19,65,158,16,4,0,313,1,6,11,0,3,35,38,80,0,0,62,21,3,0,13,107,0,37,77,58,42,5258,10,80,36,8,48,1,73,12,0,8,22,9,89,0,17,6,8,37,123,17,30,32,114,0,0,5,16,23,90,58,3,80,25,0,13,44,22,20,0,106,0,36,0,97,12,12,154,63,12,49,11,10,181,17,0,47,20,1,0,92,32,13,50,25,83,207,2,1,17,212,66,53,99,0,64,27,4,451,11,11,37,15,53,28,13,83,93,0,13,96,145,1438,8,3,128,0,3,0,26,60,30,2,13,2,0,0,0,7,50,0,34,55,3,18,1,56,127,0,36,74,0,0,60,10,62,72,47,14,0,81,1,0,2,53,69,0,43,92,10,35,9,538,13,6,0,7,3,26,24,0,16,8,23,25,7,1,107,13,12,24,0,18,52,53,217,16,33,45,26,75,19,25,128,62,198,122,78,42,1,78,29,4,0,1162,38,83,14,16,37,63,17,40,40,13,0,40,7,20,10,8,15,16,78,34,2,182,52,134,7,38,0,57,0,4,113,64,92,1,170,19,1,44,3419,1,52,0,2,3,2034,14,6,14,5,28,179,12,17,42,53,63,194,10,1,12,148,0,41,10,0,12,141,0,0,152,110,16,3,74,40,1,24,6,2,473,0,21,40,0,57,94,257,8,3,177,12,17,14,42,12,172,18,8,10,14,43,0,9,86,56,66,2,0,224,40,67,0,113,34,10,22,0,0,90,128,4,35,5,22,6,41,7,20,10
cell_448,0,29,45,148,90,104,5,95,6116,2,22,9,60,25,23,42,3,36,0,1,7,11,88,5,0,6,10,6,1,0,4,99,16,83,3,0,9,2,0,0,424,3,168,49,10,50,0,66,39,27,11,4,96,55,0,61,6,56,58,42,0,0,46,64,38,10,39,10,25,1,17,2,1,12,1,0,29,152,0,3,4,165,15,10,187,154,58,52,89,95,170,28,114,26,13,54,5,1,2,460,152,140,0,202,9,4,0,0,18,30,44,35,14,59,86,0,0,7775,0,3,10,1,0,24,254,40,0,12,37,3,7,33,91,78,31,32,15,6,72,42,63,76,9,35,7,139,15,13,53,72,38,23,8,14,6,105,104,0,3,18,152,44,0,14,281,11,1,19,7,7,82,21,7,0,0,17,16,7,4,4,133,0,21,131,23,39,5682,38,30,8,10,39,1,144,54,1,5,0,12,95,5,10,0,2,55,104,18,15,17,111,174,1,7,4,26,97,22,0,97,30,7,0,4,22,71,0,177,0,73,2,76,23,0,85,15,5,11,14,1,165,8,0,55,19,2,12,78,12,12,52,19,76,32,29,11,20,220,24,67,84,1,64,7,17,430,11,4,23,27,4,25,1,36,95,1,2,167,222,1361,42,16,253,2,15,0,20,4,28,3,2,1,1,8,3,0,17,0,57,24,1,20,46,47,53,0,27,88,1,0,66,4,43,67,0,17,9,16,0,1,18,43,9,0,33,78,0,2,12,594,8,19,2,30,28,29,10,7,4,9,36,0,31,16,16,52,10,23,0,0,41,16,76,43,57,56,4,19,31,47,125,78,39,119,49,150,19,34,15,22,8,1209,32,28,4,8,7,41,33,29,37,9,0,1,1,6,34,0,9,29,76,25,1,205,34,118,15,46,1,3,0,11,51,45,54,38,75,6,4,28,3253,1,20,10,3,7,2010,27,0,61,0,36,30,16,0,40,86,12,299,20,8,145,158,0,81,2,5,31,319,0,7,84,77,17,1,87,10,12,5,0,1,20,7,4,26,0,43,102,119,8,5,192,15,22,67,18,10,25,21,20,9,29,43,0,8,396,79,158,3,94,318,33,64,34,47,23,53,29,0,0,93,125,8,12,2,26,16,0,6,38,11
cell_449,0,33,215,15,53,23,9,68,5385,9,43,21,196,45,43,69,11,61,6,11,12,17,78,0,165,30,8,5,9,80,0,80,40,83,16,1,61,7,0,32,428,0,447,8,1,26,17,154,58,87,23,14,105,105,27,109,0,0,43,43,0,0,13,24,34,15,41,32,50,6,2,6,24,29,8,4,4,66,1,4,13,175,38,74,221,185,77,38,86,83,10,7,75,26,13,36,27,3,14,408,228,147,0,197,5,123,1,26,26,16,48,36,11,180,0,4,0,7480,7,4,6,0,2,3,94,43,0,13,52,1,12,22,111,34,42,3,10,16,53,42,97,67,26,19,0,106,0,87,174,23,0,14,22,23,1,118,84,8,3,29,75,6,0,0,263,4,2,14,1,4,8,34,46,0,1,49,2,11,16,8,112,4,29,131,56,44,4690,5,93,4,0,33,14,119,60,0,9,12,38,117,3,15,2,2,7,61,9,33,29,108,19,0,6,2,15,86,22,62,122,199,1,11,39,9,92,2,120,4,94,1,63,20,1,46,35,28,45,3,3,145,19,6,7,21,4,6,115,9,42,45,40,25,24,24,14,7,192,55,43,11,2,77,0,24,406,17,12,41,10,27,14,6,33,0,4,25,11,72,1408,47,7,55,0,0,0,10,24,10,0,3,0,0,13,5,0,47,0,61,23,1,0,2,41,121,0,23,69,0,0,34,41,58,105,11,21,18,86,0,0,8,61,70,84,48,112,18,1,19,619,50,0,3,2,2,22,4,0,26,2,32,27,21,3,101,12,15,37,0,324,39,0,254,44,20,54,5,81,12,14,18,38,115,152,30,151,4,68,51,20,26,1376,40,61,0,8,5,24,36,32,19,0,1,81,5,32,30,0,0,27,29,36,0,219,37,75,9,41,1,3,0,1,70,66,30,11,120,11,17,114,3413,5,47,0,0,4,1996,23,0,15,0,74,187,0,10,21,52,17,184,1,4,12,171,0,74,15,0,9,246,3,0,122,107,9,2,68,3,4,1,4,2,2,1,2,47,3,65,111,195,0,31,162,6,16,69,66,4,123,30,16,3,22,46,0,5,132,2,92,3,62,307,42,43,11,119,27,5,8,0,0,89,31,7,17,1,69,14,1,7,35,6
cell_450,3,17,62,0,35,1,46,63,5996,13,24,23,68,13,26,54,17,64,3,4,8,19,57,1,126,31,50,3,2,132,1,110,56,28,13,1,14,2,0,21,287,0,128,49,0,20,10,103,69,33,37,19,85,71,19,58,31,0,73,48,3,3,3,7,42,38,25,29,69,15,12,11,52,17,7,26,18,89,0,3,12,119,16,21,213,208,64,71,94,22,37,37,96,31,12,88,11,5,9,508,172,148,1,185,3,114,33,72,7,24,22,16,3,77,1,0,1,7586,61,3,18,3,0,29,104,154,0,22,28,4,3,1,167,46,45,8,36,10,73,83,103,53,3,26,1,24,19,13,197,52,3,17,18,16,5,148,100,0,15,65,83,31,0,2,229,0,21,13,0,1,55,17,114,0,2,43,3,3,11,8,19,2,37,55,54,39,4384,3,118,41,6,34,1,73,91,0,0,0,4,72,0,4,6,3,93,93,13,11,15,133,7,11,5,12,15,98,46,10,76,42,0,39,39,28,106,7,123,0,103,2,77,8,0,118,42,24,11,16,10,162,23,1,42,10,8,5,137,41,8,54,26,27,41,23,22,35,137,54,53,40,0,57,66,32,472,10,4,32,24,22,52,14,55,10,2,16,122,113,1435,62,3,36,0,23,0,3,38,25,6,3,0,0,10,0,2,45,0,57,8,1,22,0,47,145,1,44,39,17,0,71,5,27,26,42,24,0,53,2,0,2,63,49,18,4,75,63,45,4,587,33,5,2,4,15,17,19,19,17,22,32,27,5,3,103,132,47,12,40,162,26,1,58,23,12,34,0,74,64,13,96,23,93,99,92,120,1,68,10,15,0,1155,8,37,7,9,28,4,4,32,15,1,2,33,2,21,37,0,16,34,36,55,3,20,27,77,9,50,0,48,0,2,45,13,56,8,132,9,2,17,3217,0,25,0,18,2,1972,4,15,10,5,6,190,2,2,111,59,65,70,48,7,6,57,2,79,8,1,5,56,4,0,42,63,17,1,96,23,1,3,22,20,0,3,9,26,7,68,79,147,2,30,191,0,27,30,57,15,153,53,28,0,21,52,0,13,120,167,71,5,95,188,46,46,45,163,0,55,21,0,0,67,71,18,13,11,107,15,16,11,41,0
cell_451,0,21,117,3,8,22,41,88,9219,5,11,29,93,107,8,35,0,72,5,8,34,184,102,3,2,21,22,6,1,21,1,101,1,68,18,11,17,10,0,0,766,0,322,75,0,60,9,75,27,60,30,7,126,36,1,69,4,2,67,2,0,4,10,25,28,77,51,102,102,28,6,4,69,6,6,39,28,26,0,6,18,243,25,30,369,165,65,29,75,47,102,7,139,60,13,75,23,0,23,496,107,51,1,378,2,102,37,22,5,44,20,34,0,45,44,0,1,25528,3,33,4,6,1,35,194,208,0,29,22,0,7,17,156,58,17,16,21,5,83,50,76,100,16,26,0,73,13,6,277,23,0,8,9,16,2,178,102,0,7,49,156,17,0,0,174,2,10,15,0,2,40,75,21,5,0,43,0,7,1,6,72,0,12,234,60,59,1424,23,79,11,31,49,9,90,75,0,2,5,28,93,3,17,7,2,14,79,5,20,32,143,2,0,1,18,20,44,88,1,116,3,0,20,24,13,132,4,115,0,44,2,81,19,15,150,61,26,3,0,5,306,9,0,65,112,2,3,141,44,12,23,19,54,198,49,0,4,87,21,19,32,0,121,12,47,469,31,6,50,12,54,44,3,17,64,0,6,24,300,1419,64,56,66,0,34,1,12,78,18,8,0,0,0,9,8,0,25,3,41,44,11,7,0,78,111,0,5,105,2,0,40,74,38,71,131,21,1,46,0,4,11,104,59,17,46,342,55,45,31,453,41,14,0,36,8,23,12,4,18,6,37,4,12,1,67,3,6,25,28,97,139,3,72,22,6,29,11,47,17,71,88,73,200,98,79,71,0,94,17,55,6,1395,36,3,1,7,21,90,12,32,31,8,3,46,11,16,25,1,0,19,129,58,0,646,27,206,10,31,0,11,0,5,38,103,59,9,39,17,5,141,2567,1,50,12,7,4,1531,15,14,7,1,58,238,16,29,7,78,49,172,23,8,7,75,0,16,9,2,16,131,0,0,22,195,23,5,101,44,0,8,7,4,478,0,19,84,1,13,71,99,11,19,332,2,18,7,6,5,141,53,5,4,9,65,0,11,28,25,24,1,9,281,187,58,64,127,3,18,48,0,0,53,207,13,4,8,1,7,4,7,27,8
cell_452,0,18,218,0,23,15,57,146,3224,7,30,76,52,21,62,21,11,29,24,14,57,19,31,15,0,11,6,5,24,11,0,45,16,87,13,0,5,0,0,22,599,0,221,43,0,194,82,151,17,24,24,3,190,11,49,137,0,8,42,78,0,1,23,57,31,94,75,12,9,4,8,29,24,0,0,268,0,43,14,15,10,108,24,28,316,87,36,12,106,5,70,0,77,12,15,77,5,0,6,510,152,183,0,234,1,40,65,15,3,19,19,37,1,116,0,1,8,4611,3,26,17,0,0,66,116,113,0,24,14,0,21,64,136,35,49,22,5,0,75,40,122,62,15,49,7,42,0,1,225,51,21,22,24,40,7,80,41,0,19,71,144,2,0,24,330,8,1,2,12,2,30,6,30,1,0,67,0,1,18,4,57,1,1,67,64,24,368,36,101,9,3,23,2,5,162,0,9,1,16,129,4,68,3,1,27,58,0,15,58,119,8,1,8,14,39,34,40,13,17,165,0,13,64,15,387,0,188,2,72,1,60,61,22,116,0,13,109,0,5,113,13,3,32,28,2,4,74,80,18,39,18,115,24,19,1,7,71,2,35,57,3,286,1,8,852,60,0,29,8,32,63,9,25,1,0,28,0,93,1891,27,19,42,0,52,0,16,36,48,10,6,11,0,8,0,4,27,0,123,5,6,29,17,62,61,0,43,45,0,0,73,13,121,30,44,12,0,12,0,7,31,93,45,25,5,8,36,57,23,1643,20,10,4,7,6,22,15,0,1,9,63,0,0,53,84,10,38,8,28,0,67,0,438,59,4,13,0,27,90,121,47,104,458,144,93,75,3,68,22,11,0,1047,39,54,0,6,32,54,42,82,1,5,7,21,4,30,4,3,11,46,204,47,0,204,31,75,16,26,3,4,59,4,54,96,50,13,11,55,5,71,1701,12,0,0,16,2,1401,14,21,9,1,35,9,34,0,111,41,80,41,10,2,23,74,0,67,17,3,14,271,4,0,98,181,29,2,86,61,1,55,38,14,0,2,51,105,0,15,58,259,0,9,43,10,29,43,60,13,41,5,13,3,15,65,2,0,196,63,138,7,0,277,120,106,91,31,6,84,20,0,0,243,54,15,25,2,11,27,0,5,11,42
cell_453,0,38,297,0,72,236,26,21,2419,8,28,31,95,18,15,31,0,55,28,0,1,100,29,5,41,21,19,13,29,3,1,52,18,5,2,1,53,1,0,2,1004,0,179,140,0,151,8,142,5,45,82,9,119,30,161,20,0,66,27,48,0,5,72,160,197,12,42,89,26,6,9,17,0,12,0,0,12,124,0,8,2,52,1,11,0,69,87,13,132,13,32,4,108,0,25,0,12,0,1,305,150,139,1,123,2,40,0,17,1,58,31,37,26,126,0,0,10,3584,52,24,23,0,15,21,93,136,0,66,10,1,28,102,76,76,11,51,24,2,40,15,32,90,8,111,1,105,9,25,72,69,0,16,2,134,9,161,41,6,12,125,165,6,0,1,234,9,9,2,0,6,47,106,131,3,0,66,22,4,2,0,100,2,42,49,45,49,396,5,129,18,1,28,0,72,92,0,1,1,17,75,0,16,10,4,76,70,6,62,34,83,98,1,4,17,45,33,62,10,50,26,1,22,38,75,114,0,168,0,41,4,84,149,24,23,6,9,0,7,1,129,13,0,16,81,4,5,92,19,62,31,24,168,53,52,11,25,70,17,30,51,0,119,14,15,452,20,24,9,12,15,37,57,9,0,0,8,22,314,1733,0,10,23,0,0,1,17,0,65,1,3,0,0,1,0,0,15,2,56,31,9,25,29,31,85,0,45,112,2,0,79,7,96,23,226,21,0,22,0,0,9,36,111,0,47,7,14,25,1,760,40,17,40,40,4,24,5,0,1,0,109,0,34,34,37,29,2,1,7,35,75,48,260,39,23,13,2,36,99,114,51,140,148,552,30,25,39,55,26,38,7,1087,6,98,0,2,23,30,38,57,6,1,7,2,2,23,18,0,19,30,223,14,1,339,31,70,10,36,0,18,0,2,53,63,97,12,253,57,0,54,2000,0,42,1,12,8,1705,1,10,21,2,20,26,18,21,214,23,69,33,1,59,35,83,0,185,1,14,43,246,0,0,10,130,59,0,75,69,9,20,2,3,0,2,23,55,0,69,34,502,11,0,65,8,16,45,94,5,2,0,4,2,17,50,0,48,23,5,26,2,0,398,149,27,1,26,9,34,7,0,1,331,95,28,48,2,0,3,0,10,56,23
cell_454,7,36,204,46,451,256,97,53,2634,3,91,7,81,13,57,33,6,58,20,1,45,45,8,4,7,9,20,16,11,9,2,66,26,84,5,2,10,3,0,14,856,0,64,121,9,59,37,128,11,4,54,12,133,72,73,34,9,3,16,41,0,0,10,29,188,14,48,42,12,3,9,15,10,1,8,364,30,112,3,18,8,88,3,40,87,73,20,16,56,27,58,12,126,13,29,11,5,196,25,273,120,123,13,51,3,50,12,0,3,71,17,31,4,58,40,0,6,4005,66,71,8,78,6,27,81,163,0,20,3,5,12,27,63,79,48,33,29,1,64,19,58,153,22,116,7,92,15,35,168,68,0,4,21,100,1,140,16,23,26,17,50,8,0,0,192,2,49,20,11,12,22,20,10,1,2,17,8,4,0,4,55,0,9,18,25,30,406,10,130,43,9,29,24,17,152,28,1,31,4,44,0,45,9,13,67,53,21,40,68,80,15,0,1,22,70,27,44,3,51,81,2,30,24,9,40,52,188,23,110,0,28,115,0,56,11,4,200,6,0,117,11,5,24,21,0,3,61,63,22,38,32,20,122,26,0,14,84,13,52,66,2,135,4,4,417,29,7,11,24,71,27,13,6,91,0,19,76,93,1786,63,22,14,1,28,3,23,62,71,8,49,0,0,18,0,0,13,0,67,13,15,3,0,44,185,0,50,230,13,0,11,9,59,2,55,6,0,44,0,0,74,80,14,0,21,47,12,25,4,777,30,25,3,11,8,14,2,0,18,19,119,0,5,16,26,29,4,22,34,131,64,19,40,19,9,7,0,41,48,29,0,39,144,420,16,11,3,70,17,64,32,1100,7,143,148,2,12,27,68,71,4,3,0,25,4,66,13,2,30,53,3,37,0,117,24,73,1,15,0,0,3,13,38,10,108,14,40,99,5,95,1763,0,127,0,19,7,1853,15,9,6,0,7,65,38,50,51,32,60,26,33,55,12,23,0,102,0,1,26,266,0,0,93,160,24,23,74,11,4,31,16,27,0,1,6,60,9,36,75,286,23,15,150,18,20,59,66,3,4,15,5,5,21,25,0,11,35,57,50,10,221,404,121,5,3,44,5,14,5,0,0,162,4,57,14,0,58,6,5,17,57,29
cell_455,1,27,264,1,57,113,12,157,8433,3,7,20,9,134,6,31,5,55,17,0,28,122,80,2,78,6,34,24,2,16,3,56,17,149,9,0,0,0,0,35,922,11,135,66,0,77,25,219,33,16,9,2,31,46,0,117,0,68,36,32,7,3,15,69,24,76,36,81,85,15,10,13,1,16,2,6,32,71,0,4,7,293,2,1,98,205,67,34,71,6,54,9,121,7,25,8,6,17,3,488,221,65,2,335,2,103,53,0,1,50,27,37,7,74,0,0,1,24474,90,22,4,8,0,37,238,164,0,10,19,0,7,48,156,102,40,56,28,18,60,12,56,64,1,26,0,11,14,4,285,53,2,24,34,6,8,214,60,0,33,33,179,24,2,15,140,12,6,12,6,9,65,84,38,1,0,45,0,5,1,8,81,4,22,71,31,48,1434,35,173,7,28,60,15,47,90,0,19,7,37,103,0,5,1,0,35,86,1,3,18,129,180,0,3,79,18,57,28,0,94,98,0,2,18,35,127,0,165,7,52,2,53,25,37,115,20,7,12,2,0,259,10,6,68,87,3,2,148,21,11,34,19,41,60,25,16,6,56,29,36,123,0,142,38,62,434,28,6,25,21,50,42,20,71,86,0,25,11,306,1304,3,49,197,1,34,0,15,63,13,5,0,0,0,23,0,1,15,0,23,69,5,5,0,97,67,0,22,104,0,0,26,0,68,122,90,23,8,29,0,5,21,90,60,5,3,90,17,16,1,416,37,9,13,7,18,3,30,0,18,2,42,1,13,6,48,5,2,0,18,691,98,14,84,6,24,26,0,41,38,85,129,85,229,271,2,162,7,87,7,81,3,1422,49,14,0,1,24,122,18,32,3,17,6,22,3,5,28,2,3,28,62,42,0,384,47,203,3,22,0,1,13,14,13,76,69,19,1,3,0,166,2729,7,9,9,4,10,1594,3,6,80,0,21,295,37,0,48,95,63,174,31,75,87,84,1,41,22,9,46,48,4,0,52,188,53,2,97,50,0,4,17,4,214,0,38,89,0,49,52,323,1,7,352,2,33,61,33,12,11,38,6,1,4,27,3,9,203,55,62,1,0,383,174,64,14,90,14,29,6,0,2,28,153,30,0,0,7,17,0,0,33,6
cell_456,1,24,110,41,0,39,37,44,2607,4,59,76,26,11,33,26,4,49,3,16,27,34,13,8,67,17,6,6,23,2,7,76,27,167,6,0,4,15,0,1,1135,0,85,113,0,65,89,54,35,52,60,11,127,49,12,129,15,7,60,24,0,0,22,19,154,101,51,0,141,2,43,31,64,2,1,156,25,48,0,4,56,69,6,12,248,41,45,5,141,24,59,1,105,24,19,66,7,36,28,293,126,149,15,121,6,15,12,0,5,34,27,25,1,33,87,2,2,3944,47,4,18,13,6,28,87,63,0,29,16,2,0,11,82,4,66,26,18,33,44,24,40,77,2,114,0,155,0,17,222,15,0,22,29,187,6,152,26,0,9,117,161,3,0,42,213,0,21,19,0,13,47,77,0,0,35,104,17,3,0,3,44,0,18,62,36,27,439,42,182,77,3,26,0,50,144,0,18,33,70,82,2,88,6,3,11,37,2,59,81,81,2,7,2,25,41,51,73,23,55,24,7,17,54,80,380,0,233,0,114,6,91,17,4,99,37,29,32,7,9,115,20,4,17,94,0,4,63,102,11,20,12,144,194,13,0,86,181,16,41,71,0,90,1,33,422,62,13,38,1,53,50,22,16,49,4,9,64,312,1552,107,42,70,2,14,2,7,86,43,4,31,0,0,32,2,2,12,3,56,38,11,26,41,22,116,0,40,133,0,0,77,47,65,4,89,23,1,31,1,10,62,78,75,0,60,130,15,102,7,802,2,14,0,54,2,18,5,0,5,9,79,1,34,2,73,2,34,14,0,306,148,1,50,26,1,17,0,12,26,26,28,86,105,250,41,46,11,34,18,2,1,1178,2,23,1,6,20,77,47,26,1,5,4,12,3,9,20,1,12,58,131,54,1,183,31,94,8,23,0,4,0,4,44,48,87,8,105,44,2,6,1768,2,18,0,6,5,1777,13,2,7,1,25,23,12,10,147,30,67,55,29,10,26,155,0,135,1,16,19,228,9,0,64,128,28,2,83,64,8,202,1,8,278,2,13,55,9,29,91,463,2,15,158,8,17,13,0,5,9,28,38,7,8,46,3,14,133,6,71,2,198,412,106,70,1,45,3,19,4,0,0,393,80,45,26,0,134,8,29,8,41,33
cell_457,1,28,270,132,0,9,57,189,4945,4,42,53,81,44,23,34,2,65,1,14,59,0,52,0,0,3,2,0,4,0,0,112,12,394,25,1,8,0,2,15,1418,0,46,41,0,175,0,120,18,1,7,10,227,25,0,178,8,0,40,52,0,0,70,127,67,28,35,5,12,10,1,19,6,14,68,6,59,121,5,2,2,21,16,109,234,62,12,5,118,15,44,9,165,24,36,136,4,0,0,388,190,90,0,169,6,40,35,0,25,95,10,32,28,90,6,0,2,8248,120,4,7,0,0,33,98,110,9,66,17,0,0,48,126,30,47,32,13,22,43,31,6,201,4,33,3,120,8,8,356,39,0,4,23,21,9,17,53,9,33,15,25,6,2,0,161,9,2,23,10,3,71,39,56,1,0,84,0,0,2,1,75,3,14,317,8,33,687,32,481,10,132,27,1,99,80,0,0,13,9,126,3,48,4,0,26,90,0,4,41,92,88,0,8,27,43,12,29,47,56,78,6,2,44,14,254,2,201,1,50,0,82,30,0,132,7,5,90,0,0,388,18,3,39,81,2,2,109,232,35,30,24,94,201,26,15,60,60,16,42,12,0,454,15,25,703,38,0,14,14,63,30,0,2,0,0,21,0,233,1609,72,22,14,5,75,2,12,69,71,5,8,0,0,0,0,3,18,237,32,8,2,0,0,69,59,0,33,18,11,0,81,56,78,72,15,12,0,6,0,2,4,128,54,46,0,132,10,51,28,498,4,17,1,7,1,18,40,7,4,7,57,22,18,63,37,2,17,22,5,17,140,32,264,25,35,19,0,38,16,242,114,178,112,471,14,124,0,97,34,45,0,1002,37,9,19,36,5,31,25,48,42,0,0,14,10,14,8,0,4,36,140,113,1,217,18,45,7,26,0,13,0,11,42,32,108,67,97,24,1,11,2111,0,56,0,4,8,1831,9,27,21,19,37,0,18,0,94,31,45,52,31,52,8,147,0,67,0,0,8,606,0,0,47,289,6,1,27,61,5,7,21,0,0,1,9,149,0,85,92,318,2,42,181,11,25,60,172,41,18,17,1,7,12,63,0,6,53,201,53,2,0,318,226,90,287,163,24,25,8,1,0,81,104,14,6,3,2,8,1,19,29,23
cell_458,4,28,411,88,9,70,12,121,3172,2,51,50,104,8,26,14,2,47,6,10,34,190,71,1,0,17,18,16,8,2,0,79,6,35,8,0,7,0,0,3,384,0,44,26,0,212,35,174,10,31,6,5,169,41,1,111,1,8,51,87,2,4,17,28,71,10,81,82,94,22,9,0,5,4,0,99,43,69,0,1,7,90,9,14,71,85,39,7,151,4,35,3,95,3,36,0,2,0,4,533,134,146,0,174,7,45,13,18,2,42,23,34,19,92,0,2,6,4615,221,21,4,7,0,71,106,160,0,23,17,3,0,61,156,28,55,40,21,8,67,35,74,64,6,45,9,43,37,30,249,109,25,39,42,24,17,97,42,0,18,51,153,13,1,0,292,22,0,17,20,6,40,120,105,1,1,90,14,4,9,2,33,3,20,128,32,23,299,36,262,32,2,25,1,31,149,7,20,18,21,109,7,58,9,6,4,76,1,17,65,144,2,0,1,12,20,52,12,6,56,22,0,25,49,51,204,0,162,0,55,5,55,131,43,119,0,4,36,4,2,229,11,4,24,35,0,6,55,22,36,10,33,72,85,10,26,71,18,13,25,63,0,148,13,60,786,27,9,2,20,45,30,29,6,7,0,19,29,258,1873,0,12,2,7,27,0,25,59,56,0,80,1,1,10,0,0,27,37,111,28,1,27,1,49,64,0,20,91,2,0,78,49,57,65,52,18,0,9,0,10,33,78,85,0,5,111,2,75,0,1447,74,10,0,8,9,33,7,8,7,13,53,0,24,15,31,2,6,2,5,0,67,0,34,36,18,18,0,37,62,36,1,86,133,372,106,49,1,130,21,55,3,1076,59,50,2,6,2,5,15,71,4,0,0,7,20,9,9,8,5,17,132,9,1,41,18,108,8,25,0,3,0,3,19,37,47,16,15,8,0,63,1650,0,47,0,5,0,1310,15,8,2,23,51,61,1,26,98,39,82,84,34,28,35,296,10,67,14,7,7,38,8,0,80,245,31,2,90,10,21,15,12,4,33,9,24,92,0,35,49,223,3,41,145,29,28,24,23,0,54,35,29,0,12,80,0,20,65,111,28,2,261,204,97,30,8,93,6,33,30,0,0,100,69,29,4,5,15,11,0,4,28,21
cell_459,0,5,481,2,22,26,38,8,3146,0,42,52,14,16,77,18,3,50,2,8,15,71,56,0,0,21,18,5,2,9,1,133,40,77,8,0,49,4,3,0,657,0,357,65,0,176,1,123,61,8,36,8,205,44,2,19,0,4,48,45,0,0,9,48,57,54,79,30,24,6,11,1,62,19,0,53,38,280,0,10,14,109,25,11,323,105,13,2,133,26,82,18,121,41,33,12,6,0,4,580,85,223,0,261,4,56,14,0,8,55,17,37,5,51,0,0,0,4462,38,46,29,2,4,61,128,144,0,28,18,0,34,45,127,46,55,45,23,20,88,23,36,107,3,75,7,68,15,1,256,5,0,52,14,57,1,81,20,0,34,26,166,1,3,0,355,2,1,13,0,3,49,111,5,8,1,15,0,20,0,0,77,0,9,169,6,32,401,54,69,37,18,18,3,83,188,0,50,12,41,119,1,38,9,0,42,56,26,17,26,117,29,0,8,37,22,42,106,5,18,8,15,43,27,17,306,0,127,0,54,2,68,12,7,96,2,5,108,0,10,269,18,5,28,191,0,5,63,10,31,30,29,94,210,12,0,34,66,13,35,35,0,224,10,27,726,27,4,30,4,5,62,11,2,49,1,6,0,237,1614,49,55,50,17,16,0,26,55,92,4,52,0,0,4,0,2,25,0,114,5,3,23,10,47,116,0,35,276,0,1,68,40,121,91,209,25,0,20,0,8,26,102,55,7,2,49,12,77,3,1517,26,44,0,87,9,23,7,2,13,9,80,5,16,41,46,9,23,28,1,4,58,23,300,20,2,17,0,26,138,168,20,136,111,392,83,134,1,146,51,4,0,1155,23,19,2,7,6,76,24,86,23,2,6,7,8,6,6,2,12,33,198,22,0,154,51,85,10,26,12,7,1,3,69,154,72,40,104,11,0,84,1726,0,75,0,53,3,1328,20,17,2,0,95,27,28,0,60,47,67,70,17,92,49,227,0,51,0,0,15,127,0,0,99,193,18,0,55,50,11,57,10,1,70,1,6,75,5,70,72,297,4,13,156,9,21,43,128,9,43,15,1,19,11,91,0,6,22,86,83,7,139,234,89,70,31,66,3,30,14,0,2,180,82,18,7,0,48,10,0,16,14,59
cell_460,2,29,154,67,0,14,101,143,5158,5,34,55,60,48,31,49,6,23,1,22,152,220,85,169,0,22,22,7,19,6,2,110,0,131,88,9,15,4,0,105,1595,0,297,66,0,29,0,55,36,44,32,16,208,38,42,80,0,0,30,68,0,1,12,38,46,49,37,95,13,4,1,18,126,20,4,9,44,66,0,6,23,74,19,22,351,63,68,13,106,63,155,8,168,22,22,129,13,0,0,405,190,153,0,266,4,53,25,59,11,94,4,31,28,101,0,0,0,6864,90,29,15,0,2,41,191,182,0,13,6,1,4,14,162,47,20,12,9,0,62,71,181,78,4,22,4,124,21,6,423,31,0,24,19,21,0,105,35,0,13,63,148,14,4,0,179,5,1,13,0,10,37,67,22,0,1,32,1,1,32,5,66,0,10,70,46,40,720,22,293,9,36,28,9,65,62,0,3,2,23,116,0,25,1,2,32,86,2,10,41,107,22,6,1,0,31,81,87,1,46,90,0,21,45,51,188,0,143,0,46,0,65,56,0,161,0,17,59,0,10,384,11,2,36,64,5,0,164,38,12,50,20,39,191,38,25,12,18,11,36,35,1,498,22,29,733,9,1,69,14,44,37,1,7,2,0,15,14,166,1559,66,5,55,0,12,0,18,39,25,1,60,0,0,2,1,0,11,0,16,5,3,5,0,91,60,0,28,112,5,0,71,92,58,53,39,22,4,2,7,2,6,100,74,0,35,138,7,22,29,500,79,23,0,4,8,22,12,7,17,3,63,7,7,36,142,17,17,12,0,6,141,0,122,28,22,10,0,33,114,56,17,81,289,431,89,118,0,103,1,11,2,1091,15,21,19,4,12,28,42,29,8,7,0,21,28,18,10,2,0,24,261,39,0,332,38,107,7,28,0,21,0,0,107,147,56,39,104,37,2,161,2336,4,33,2,3,9,1889,8,1,14,4,80,137,9,2,149,58,66,101,26,3,14,197,1,38,0,6,19,377,0,0,20,196,34,8,50,19,3,3,7,2,2,0,19,150,6,80,82,104,3,12,180,17,18,4,19,133,117,32,6,1,10,69,2,12,121,0,121,0,4,262,212,64,1502,111,5,39,21,0,0,48,99,12,7,0,48,47,6,3,17,6
cell_461,1,18,146,209,0,2,41,49,8739,19,9,8,128,93,14,33,2,48,11,5,6,133,97,1,92,21,16,0,1,26,6,94,0,94,2,5,3,1,0,0,800,168,259,103,0,70,0,73,43,24,21,7,64,29,4,4,12,13,41,11,0,11,12,47,56,111,39,121,9,8,6,10,15,7,0,91,38,61,0,3,3,236,19,13,390,190,27,29,90,45,275,0,109,17,20,201,12,0,2,490,202,77,4,392,1,71,52,13,0,24,7,24,0,173,0,0,0,26424,6,20,18,4,3,25,218,280,0,1,20,0,74,15,137,21,19,5,10,0,44,15,114,88,17,33,14,7,2,2,238,11,4,17,27,12,10,224,174,0,6,47,198,47,1,10,189,0,1,7,3,5,10,57,280,4,1,55,1,0,2,1,84,0,9,146,17,48,1645,1,342,19,5,45,1,49,97,6,19,1,24,128,8,33,1,2,46,75,0,10,34,174,166,0,1,51,16,55,85,0,104,62,0,13,29,58,120,6,124,0,88,0,69,9,1,151,0,3,26,30,5,323,3,0,16,88,0,2,133,39,8,59,24,79,262,4,0,13,124,3,44,108,0,155,43,9,441,24,4,22,15,56,50,9,12,97,0,15,152,74,1470,25,58,30,0,8,0,12,53,19,0,13,4,0,0,2,6,14,0,45,65,18,4,6,26,131,6,15,47,2,0,66,13,12,84,31,26,0,30,0,2,46,53,14,124,46,6,9,15,9,427,26,12,2,15,19,12,14,5,12,22,57,1,9,2,6,5,7,16,58,723,120,23,63,19,12,45,52,43,40,21,166,99,276,50,1,16,3,74,30,103,23,1445,4,37,7,2,23,112,13,17,10,6,1,25,0,33,8,0,4,24,121,21,4,54,26,191,9,35,1,35,0,11,99,20,26,8,114,50,4,122,2592,9,62,1,6,9,1616,7,139,13,0,51,289,24,0,66,79,46,144,25,30,24,47,0,47,0,1,31,436,0,0,104,174,18,14,94,31,1,1,18,7,0,0,27,92,38,144,44,370,15,15,105,9,26,29,9,29,137,36,76,1,13,56,6,8,65,15,102,2,0,361,153,67,41,94,65,55,34,0,0,19,241,15,24,9,29,12,12,13,43,12
cell_462,9,20,279,1,26,16,28,114,8074,3,2,22,163,94,13,50,15,63,13,21,34,78,76,32,84,23,18,5,24,143,0,99,30,286,8,0,8,0,0,9,811,0,196,62,1,74,1,176,41,40,13,12,91,1,9,125,17,19,44,13,6,4,20,66,52,10,55,58,11,13,3,16,53,8,0,46,16,73,0,1,35,135,43,8,421,156,84,106,47,13,281,4,130,8,16,36,8,0,14,525,199,70,3,378,3,45,61,92,13,41,25,25,0,160,0,1,1,21871,0,8,16,2,0,34,113,281,0,17,19,0,0,49,202,82,23,17,39,18,64,62,107,145,2,33,0,53,14,8,175,34,0,2,47,37,2,157,116,2,9,63,153,21,0,45,198,1,0,4,12,9,33,51,122,3,0,40,0,7,0,9,35,1,7,16,53,41,1363,9,67,33,13,54,1,67,127,2,27,2,31,125,13,13,0,1,36,82,1,12,21,157,97,0,1,14,19,35,48,23,50,145,14,0,20,15,90,0,119,1,16,1,85,5,0,143,0,18,77,14,12,302,16,0,61,19,4,6,165,220,24,12,14,55,54,11,8,40,110,38,47,70,0,141,6,56,483,26,11,23,6,70,22,1,10,0,0,29,92,94,1261,38,7,79,0,34,0,1,58,50,6,5,0,0,4,1,0,19,0,32,50,2,15,3,47,39,0,20,134,6,0,35,59,46,87,58,31,0,23,0,3,15,74,43,2,6,75,47,30,8,410,1,3,2,0,4,17,43,7,5,5,46,3,0,24,28,1,8,3,4,12,121,0,135,11,8,40,0,50,37,3,29,120,323,239,29,138,1,93,9,25,2,1384,8,20,8,10,24,28,20,25,3,2,0,24,2,21,14,1,0,14,55,156,0,171,36,188,5,35,0,2,0,3,93,66,63,5,50,29,2,81,2897,10,29,1,27,9,1564,3,29,87,11,5,97,7,8,71,74,57,49,25,8,16,33,1,40,0,0,16,454,1,0,68,180,21,6,116,31,16,12,5,10,33,1,24,79,0,114,21,207,8,33,310,3,24,29,111,19,22,50,17,4,16,43,0,3,0,211,82,3,0,274,165,52,2,131,42,23,36,0,0,43,242,12,41,2,10,17,0,2,8,11
cell_463,3,22,312,83,0,24,32,118,2893,0,107,50,55,25,49,8,0,59,10,9,71,147,66,9,63,31,5,13,14,1,2,108,5,71,13,5,5,5,0,0,846,15,139,73,0,206,14,171,21,1,36,16,172,17,0,34,3,3,16,21,0,4,6,21,54,30,71,26,88,21,11,4,20,1,5,6,37,78,0,1,100,141,37,157,323,104,38,21,134,12,7,5,98,12,39,43,6,2,3,555,146,99,0,228,4,14,72,13,2,62,19,43,2,128,0,0,0,4318,261,14,5,43,0,71,21,179,0,8,9,3,92,61,154,17,63,7,38,12,73,11,17,110,11,54,1,42,19,13,240,54,0,13,49,51,1,76,30,0,30,55,153,14,1,1,298,4,0,15,19,10,65,114,90,0,0,132,1,5,0,2,65,2,0,72,37,29,367,26,194,14,0,14,1,23,172,0,32,0,22,120,3,91,4,4,12,66,0,12,86,117,5,0,2,58,31,36,18,27,66,33,0,45,39,82,206,1,165,0,55,1,41,60,5,159,8,22,110,8,1,213,11,13,16,13,0,4,98,160,41,39,29,77,208,0,2,17,37,12,17,96,0,228,38,20,911,85,14,16,16,59,35,7,3,0,3,29,0,170,1669,59,43,0,1,105,0,28,55,67,5,51,2,1,3,0,1,27,0,110,12,13,0,26,27,95,0,40,157,20,1,56,22,110,98,14,25,0,22,0,4,12,90,35,0,25,158,29,23,3,1466,13,36,0,7,2,17,27,1,1,1,70,4,12,53,11,27,15,1,9,347,78,0,480,40,6,20,0,31,30,9,46,109,257,337,29,17,0,93,6,107,5,1124,54,31,11,2,13,12,41,60,13,11,0,11,12,57,10,3,4,32,129,4,0,70,44,98,9,28,0,2,0,2,40,116,82,14,19,6,4,113,1827,0,35,0,7,0,1354,6,2,4,1,96,126,12,17,47,29,89,15,39,33,1,116,5,79,0,14,10,193,1,0,60,199,14,21,103,30,4,43,2,2,555,4,41,100,0,65,42,59,2,48,59,20,20,13,112,0,43,22,51,8,28,90,6,8,48,14,19,2,0,339,145,76,62,59,1,65,50,0,0,140,54,44,65,7,4,8,2,15,25,37
cell_464,0,17,493,43,0,105,71,90,2623,1,58,44,81,8,22,30,0,75,6,1,24,77,71,0,0,27,20,5,0,73,1,91,19,214,5,0,0,1,0,0,648,0,225,77,2,135,0,102,18,20,1,6,192,14,36,45,2,1,41,37,1,1,3,34,66,41,80,52,11,2,5,0,8,0,1,2,53,198,0,21,20,120,7,2,333,97,12,13,128,61,77,11,89,15,22,46,11,0,0,536,155,179,0,201,4,57,0,91,1,78,25,38,36,27,3,0,0,4458,4,21,11,4,0,78,65,81,0,28,11,3,15,37,132,44,45,50,19,33,55,32,137,59,1,71,0,95,7,19,220,32,288,40,49,66,4,78,54,0,7,27,161,4,0,4,344,0,0,4,12,14,55,113,0,0,1,113,27,2,0,7,59,11,6,92,11,3,364,54,325,79,43,7,0,46,208,0,1,4,77,122,2,19,10,0,10,63,0,20,85,116,6,1,0,29,36,48,29,0,56,3,15,18,17,21,197,0,136,0,54,0,71,138,30,130,14,5,124,3,8,213,3,15,34,175,2,6,70,17,17,33,36,69,56,41,16,14,74,1,30,99,0,242,13,46,739,21,7,54,14,44,38,11,1,4,0,0,38,52,1811,48,34,56,28,5,2,29,32,80,0,129,0,0,86,2,0,10,0,104,28,3,16,0,86,18,0,31,45,0,0,70,3,120,142,0,17,0,36,1,1,47,93,34,6,0,107,2,61,12,1465,11,42,0,13,9,21,16,3,11,29,67,4,36,16,72,3,10,17,0,0,35,22,61,17,27,16,0,17,37,25,47,78,173,397,72,80,0,66,18,30,0,1079,60,74,1,8,15,95,33,60,0,3,3,4,13,37,10,5,15,55,234,25,1,107,43,112,21,41,0,16,0,1,29,132,42,24,70,19,1,70,1732,0,69,6,5,8,1355,15,2,9,0,35,41,7,0,84,39,81,94,16,15,56,268,0,79,13,0,9,110,6,0,32,209,53,20,79,37,15,3,0,0,54,3,32,90,0,70,48,296,3,11,138,5,17,13,101,2,8,3,37,2,24,93,2,0,25,138,180,5,223,363,142,82,14,52,1,91,6,0,0,53,105,5,1,1,76,6,0,1,32,70
cell_465,1,18,218,53,41,12,78,147,8866,10,8,17,155,62,13,23,7,72,3,0,1,48,96,0,43,24,0,1,3,17,2,104,4,145,0,8,9,2,0,61,874,0,145,79,0,23,5,125,24,43,15,26,79,0,9,58,16,29,49,45,7,2,6,26,40,79,32,42,20,114,12,15,0,7,0,1,23,95,0,18,0,262,1,6,397,164,68,35,107,53,85,2,139,4,25,107,13,0,0,488,245,87,10,95,0,24,44,62,1,55,10,29,9,44,0,16,3,23793,169,4,14,0,3,6,138,133,0,2,24,0,26,15,219,103,26,9,10,88,58,29,210,188,19,35,9,32,18,30,273,76,1,11,17,13,5,56,71,0,14,61,151,27,0,22,144,0,5,6,6,9,75,78,30,0,0,41,18,8,27,9,62,4,27,46,43,29,1461,8,352,3,3,49,0,83,91,3,7,5,14,82,0,1,10,0,32,85,9,1,36,149,189,0,8,79,13,47,54,22,69,143,2,3,12,13,111,0,152,0,52,0,81,17,70,167,2,2,36,2,2,318,16,5,82,92,5,9,138,7,53,24,16,38,63,8,21,19,51,28,44,109,0,155,48,34,386,30,5,34,15,60,26,10,52,22,0,12,53,135,1376,62,1,170,0,5,0,10,11,36,2,6,0,0,14,8,0,5,0,35,64,0,17,6,52,58,8,30,96,11,3,63,25,19,197,36,15,0,101,0,0,6,110,16,19,5,33,35,38,11,401,1,0,2,8,15,20,32,2,20,10,51,3,15,1,17,26,4,1,2,764,99,26,173,0,43,41,0,19,15,13,161,48,56,256,98,10,4,69,24,94,4,1405,11,39,6,13,29,43,22,34,12,10,0,22,0,19,27,3,9,8,136,47,1,823,7,144,8,37,3,13,0,6,69,69,40,3,78,22,3,39,2678,1,116,7,5,13,1543,6,14,74,0,13,179,29,39,83,81,72,151,12,65,35,47,0,44,0,3,27,635,5,18,153,223,38,6,110,57,2,1,13,3,265,1,22,90,0,187,45,241,13,8,350,14,24,30,95,61,23,42,63,0,22,39,2,12,120,211,60,15,13,152,132,45,0,116,51,55,19,0,0,32,185,36,18,0,9,0,0,3,10,15
cell_466,0,19,259,0,87,49,32,151,5802,11,10,16,102,53,25,56,16,54,7,13,26,129,98,0,213,19,5,1,5,2,4,80,1,13,2,0,15,6,0,17,448,0,176,48,0,102,139,295,52,58,24,21,89,54,13,21,0,2,47,34,1,0,8,50,42,26,28,23,59,33,7,3,73,0,0,48,38,50,0,1,8,155,10,41,114,168,67,68,91,63,85,1,89,19,21,2,3,0,9,441,240,128,6,116,22,58,0,19,2,38,47,36,9,227,0,10,0,8230,4,31,17,1,4,36,162,130,0,6,13,0,102,41,128,69,37,7,20,0,51,19,184,19,8,39,11,142,33,74,216,12,1,5,6,30,24,101,150,0,13,90,190,27,2,12,274,1,1,6,3,9,71,61,93,0,0,37,9,3,0,17,141,0,14,185,41,57,3174,5,66,31,12,25,5,132,54,0,12,2,37,111,11,18,1,3,46,103,4,27,24,131,35,0,3,4,21,91,63,20,137,104,1,1,41,24,50,9,126,5,80,3,55,24,0,113,70,6,51,26,2,209,8,1,25,60,2,6,102,69,38,60,17,30,39,39,16,8,55,43,42,73,0,60,2,35,423,7,16,13,32,72,26,11,8,2,0,5,179,142,1395,28,2,187,0,18,1,13,55,36,4,3,1,0,7,2,3,27,273,59,50,2,1,0,45,146,0,29,61,8,1,25,1,47,79,16,14,0,9,1,0,13,40,56,0,50,205,8,9,6,577,92,11,1,4,3,14,43,2,22,5,21,0,6,3,64,14,2,25,61,0,42,16,1,77,33,80,0,44,14,13,212,100,287,145,6,37,1,83,0,56,1,1414,35,121,9,2,39,50,32,37,1,0,0,3,7,11,24,0,2,34,74,11,0,208,28,169,1,30,0,14,0,1,138,39,45,17,46,28,0,117,3196,9,7,8,7,3,2044,21,0,43,28,29,54,2,32,32,70,62,168,19,9,26,202,3,47,1,1,24,368,0,2,0,99,33,7,89,13,9,6,8,7,0,0,10,45,1,91,101,219,1,13,204,11,21,6,39,12,57,42,31,3,19,46,0,4,103,41,63,9,0,251,41,21,0,157,47,11,30,0,0,98,152,32,25,9,47,5,16,5,31,8
cell_467,0,32,69,24,0,29,35,179,4990,13,7,21,116,38,33,41,8,46,18,11,27,88,75,0,162,34,45,8,3,3,2,77,17,78,7,1,2,3,0,38,470,4,662,53,6,86,0,195,23,31,18,12,90,121,37,90,18,48,44,15,0,1,5,36,45,84,23,47,6,11,10,48,61,2,0,2,9,16,0,0,0,144,35,6,203,176,34,55,79,91,41,5,96,14,23,122,21,16,6,447,155,151,0,110,4,130,13,3,20,31,40,29,6,177,0,0,1,7535,0,41,23,13,2,16,128,153,0,16,32,0,19,28,124,40,28,10,30,0,73,24,1,94,12,24,0,92,1,17,152,78,0,18,37,17,3,116,98,6,56,36,161,17,1,1,303,1,0,12,20,2,22,71,56,1,2,53,0,2,7,5,117,0,9,72,11,27,5214,10,97,22,25,45,7,104,86,0,0,2,6,70,1,9,7,1,64,92,10,29,35,130,138,0,5,6,23,75,52,1,81,54,2,2,56,16,46,0,134,0,72,0,69,28,0,77,21,13,7,17,7,189,6,0,43,21,1,2,103,14,6,40,21,55,73,1,20,22,213,44,62,105,0,56,30,5,483,7,7,13,16,85,25,19,78,0,0,12,9,193,1370,49,6,156,1,0,0,20,66,10,0,2,0,0,4,0,0,38,0,70,27,11,18,28,36,118,0,30,55,12,0,49,12,47,44,4,32,1,8,0,0,4,65,67,0,45,72,2,13,3,548,5,15,5,12,12,15,7,5,19,6,25,8,3,19,14,80,6,8,1,0,49,7,16,24,3,63,36,70,51,2,164,86,139,158,0,70,1,73,24,26,7,1265,70,103,4,0,50,94,42,37,33,9,0,43,0,2,45,0,4,3,92,12,0,170,35,114,17,41,4,8,0,8,84,42,83,5,64,14,1,39,3338,1,23,5,16,2,2100,4,0,22,3,10,175,17,4,15,59,53,100,30,24,1,167,0,45,0,2,26,203,12,0,62,118,29,10,64,12,2,1,22,2,0,5,18,43,16,92,55,236,22,14,201,19,21,96,58,4,34,58,7,0,20,53,2,9,281,170,54,1,7,331,43,54,20,65,21,35,13,0,0,91,138,14,18,4,26,14,16,11,30,16
cell_468,10,21,155,211,16,31,20,167,5836,3,10,14,11,5,7,33,0,70,5,1,40,52,76,0,148,38,68,4,12,29,5,64,21,246,1,1,1,10,0,15,386,19,317,49,0,63,0,217,23,89,16,10,70,32,12,35,12,73,53,17,3,1,11,71,62,83,40,38,17,5,19,9,38,2,0,21,24,31,4,0,6,151,14,49,155,217,31,81,77,100,87,14,82,36,26,19,50,36,13,438,51,133,0,123,1,58,37,41,14,30,42,33,6,122,0,0,19,7908,68,30,30,0,0,47,97,87,0,22,25,1,2,65,141,85,46,17,23,9,45,29,164,45,5,26,3,61,10,15,62,0,2,17,27,15,2,143,112,2,18,70,181,6,5,14,269,0,0,1,1,7,43,85,34,1,2,53,13,6,15,2,120,0,12,43,41,9,4929,5,139,45,27,47,0,89,60,24,55,2,0,84,0,3,22,0,65,84,29,17,20,162,94,0,13,20,28,103,28,1,100,191,0,24,35,27,49,0,185,24,67,6,69,20,1,121,17,9,17,0,7,127,2,2,31,33,5,2,108,11,13,42,17,109,79,45,6,13,158,25,82,88,0,20,133,7,434,11,5,24,23,71,36,7,2,1,0,20,36,210,1405,15,39,400,2,6,9,18,33,28,0,18,0,0,0,0,0,13,34,62,71,36,30,0,54,79,3,30,45,17,0,78,35,65,56,50,19,0,55,0,4,48,37,80,14,54,13,45,12,8,593,30,19,3,13,22,19,25,0,10,0,43,3,4,6,10,70,35,18,26,63,52,41,109,23,7,61,0,65,77,19,187,131,72,156,78,62,0,55,17,13,1,1308,22,18,1,8,18,48,36,34,43,15,0,15,8,38,23,1,33,2,98,32,0,224,48,66,1,29,0,9,0,11,123,77,47,3,26,13,1,106,3217,0,17,7,12,1,1995,5,7,7,1,8,68,10,12,32,72,65,83,32,23,37,58,0,29,14,5,6,245,0,28,55,124,12,1,63,18,0,3,11,0,694,5,56,38,12,135,47,144,12,21,177,8,29,96,63,18,7,29,8,3,12,42,1,2,46,135,92,7,0,223,40,44,3,72,16,22,52,0,3,91,163,7,13,2,93,6,17,11,21,17
cell_469,0,25,306,50,17,80,52,172,8704,1,6,39,21,177,10,59,18,60,34,0,49,35,99,0,0,25,39,3,8,45,0,95,74,296,10,0,10,1,0,31,688,0,613,80,0,84,8,192,47,118,6,5,109,14,1,81,18,9,50,38,0,7,0,14,51,125,58,83,47,26,7,10,42,24,0,120,5,78,0,2,0,240,11,4,319,191,51,0,57,33,241,24,134,12,26,16,16,2,0,483,192,69,0,310,2,53,0,2,3,20,28,28,2,55,0,5,0,22240,4,12,6,0,0,14,216,230,0,0,18,0,0,43,206,109,26,50,28,21,77,56,141,111,1,27,11,41,9,46,229,17,16,19,60,34,5,230,43,2,6,12,203,11,0,33,213,1,2,9,2,20,74,66,1,0,0,48,1,1,2,17,61,1,11,35,31,36,1690,23,151,5,20,41,2,114,116,0,5,4,22,102,0,18,7,1,37,102,6,17,35,162,14,2,1,12,18,33,34,10,38,40,0,6,25,0,73,0,127,4,92,6,70,19,35,200,26,30,42,3,4,294,28,8,37,180,4,7,147,24,33,42,14,98,46,22,4,24,107,12,37,100,0,150,13,46,473,36,8,12,0,3,31,32,14,4,0,25,125,238,1335,5,40,146,0,37,0,7,43,45,2,4,0,0,10,0,1,18,0,30,17,4,2,0,24,117,0,33,153,0,0,69,4,56,41,146,15,0,32,0,13,7,78,58,0,8,281,46,34,6,421,35,17,1,2,5,16,9,0,16,8,48,14,2,7,75,0,0,13,2,155,141,11,6,0,32,29,0,47,63,89,163,69,324,205,52,144,5,78,80,8,10,1369,20,47,0,16,19,16,27,30,0,13,2,63,0,0,42,0,10,40,36,125,0,733,48,240,6,25,0,3,0,6,67,74,46,29,22,17,0,120,2904,1,8,2,22,1,1537,6,26,125,4,70,154,18,38,13,78,46,171,16,51,56,155,0,57,1,0,18,432,7,1,157,197,35,4,98,36,5,0,7,7,0,0,9,93,2,143,68,73,9,0,333,1,34,61,28,16,58,45,49,1,8,68,0,28,144,224,69,3,0,347,171,18,1,103,8,23,6,0,3,48,183,18,6,2,63,2,0,10,22,7
cell_470,10,13,214,187,14,15,19,162,5976,6,10,10,87,39,38,18,3,58,0,7,6,22,76,116,130,4,5,5,12,43,1,76,17,159,1,0,7,4,0,9,452,0,69,53,9,32,23,215,56,101,13,3,61,96,25,25,8,11,57,54,3,1,3,28,61,91,27,45,21,9,11,0,8,17,0,28,4,31,7,5,9,164,42,34,0,211,58,25,101,27,161,24,95,0,21,5,15,78,0,434,193,166,3,74,3,82,38,0,1,30,21,35,2,97,0,3,2,7161,209,29,23,3,0,28,56,69,0,0,29,13,11,65,127,71,36,20,13,26,62,12,146,31,2,29,24,29,12,78,174,15,19,12,57,23,9,114,15,0,52,21,207,20,0,35,247,2,19,12,0,5,93,85,21,0,0,36,2,17,0,3,124,4,47,97,56,16,3791,4,78,38,5,41,0,117,78,0,0,8,43,13,0,4,22,0,55,95,9,4,38,125,22,0,6,38,29,89,25,4,48,82,1,29,29,15,17,0,169,1,20,4,71,22,33,121,14,5,24,6,3,150,10,8,41,67,1,11,106,8,34,35,21,44,160,15,11,28,165,37,51,84,0,41,19,4,476,9,9,19,7,95,43,6,146,76,0,17,167,225,1281,60,67,105,2,23,1,7,46,30,3,0,3,0,13,0,0,37,0,48,18,4,23,37,41,41,0,25,28,0,0,28,13,53,24,43,20,0,74,0,0,26,55,39,35,6,33,4,38,4,582,0,13,6,3,19,24,12,0,6,3,32,15,9,1,75,62,5,13,9,360,37,7,46,32,37,48,0,75,50,65,164,16,201,66,73,86,2,36,7,12,9,1230,68,86,3,5,14,26,26,20,123,9,17,14,0,31,29,10,52,30,53,15,0,91,27,148,5,49,0,0,0,7,21,27,101,1,1,1,1,34,3552,0,48,0,13,8,1983,11,38,44,3,34,196,30,20,5,71,55,132,23,52,85,118,10,73,1,0,2,45,0,0,141,140,46,0,62,45,10,0,14,26,530,0,47,36,2,13,114,270,1,22,117,3,17,107,7,0,36,16,30,1,1,46,1,10,27,109,36,4,6,111,31,38,2,84,24,24,9,0,0,55,80,20,15,1,103,3,0,13,22,5
cell_471,0,13,259,110,0,3,12,55,5234,0,23,2,9,28,18,67,4,54,11,0,30,32,88,0,73,9,26,10,2,131,0,95,0,21,23,0,18,3,0,89,496,0,233,56,0,121,0,120,67,8,21,7,89,3,3,67,2,14,49,38,0,2,8,65,53,61,35,58,52,1,25,0,43,2,9,1,40,67,0,2,34,154,53,7,207,213,39,36,76,23,181,20,118,1,16,87,20,0,0,449,175,163,2,202,1,42,9,0,0,37,40,40,1,107,0,5,0,7215,161,52,22,14,0,44,49,163,0,38,29,0,43,86,168,72,34,27,24,0,67,52,70,39,3,25,3,84,3,4,140,2,25,15,20,23,11,117,12,0,28,41,189,45,0,0,272,5,5,15,0,6,30,36,7,3,0,52,33,7,0,1,83,3,8,179,63,38,3299,46,21,40,7,12,1,142,51,6,7,11,20,103,4,11,21,1,54,96,5,11,37,141,152,0,4,55,23,87,58,2,42,143,9,11,22,6,18,5,128,0,32,1,96,34,16,107,1,3,19,7,3,189,11,0,5,202,5,5,103,29,10,40,24,77,69,46,10,5,160,58,61,26,0,36,86,48,419,6,3,23,7,1,40,8,122,30,0,17,134,215,1217,58,45,54,2,1,0,14,60,35,15,7,0,0,4,4,1,44,0,46,18,5,28,1,76,130,4,29,50,7,0,65,29,53,63,99,23,0,36,0,1,20,48,47,104,0,54,142,45,12,579,28,11,5,22,7,14,18,4,11,10,34,38,19,3,17,13,3,17,33,8,60,20,174,50,12,54,0,86,31,38,78,94,354,38,74,38,4,68,8,40,0,1318,40,14,3,18,32,131,1,40,78,0,6,13,0,18,26,10,9,26,67,22,2,0,49,180,4,53,0,53,0,13,26,74,142,20,42,19,2,28,3481,0,19,3,15,11,2043,43,25,67,0,88,134,22,0,47,61,68,179,19,33,56,185,0,64,0,6,27,97,0,1,80,123,69,0,77,24,0,3,1,18,1,0,36,38,4,22,86,149,32,7,146,5,13,75,49,7,73,39,13,10,15,49,0,1,108,52,54,20,0,370,65,59,18,110,20,36,8,0,1,50,164,9,58,9,35,10,0,15,14,18
cell_472,4,14,159,1,6,47,29,155,6838,1,15,15,159,46,30,69,14,57,13,33,35,46,100,53,157,33,5,8,4,79,2,79,27,21,5,1,18,0,0,48,446,0,166,52,0,61,0,273,63,34,37,10,84,5,31,47,0,37,69,40,0,10,20,25,55,60,35,27,56,17,3,12,11,79,8,0,40,113,0,3,9,175,13,22,230,211,74,57,102,146,53,42,91,15,25,95,15,0,0,454,216,133,0,251,2,40,1,1,1,15,38,36,9,167,0,2,6,7307,39,10,34,1,1,6,279,42,0,1,25,8,36,79,138,67,20,32,33,5,80,34,206,68,5,22,1,145,10,5,17,15,2,21,22,17,6,166,85,0,18,81,191,27,0,7,193,2,3,14,23,3,69,43,96,0,0,52,2,1,0,5,52,0,3,6,62,38,3580,27,20,81,8,63,4,87,82,0,3,0,0,107,0,15,21,0,56,85,4,29,20,148,168,2,2,20,25,92,28,12,89,16,1,26,26,6,31,0,145,1,11,1,94,23,33,135,21,24,4,1,2,225,15,1,52,23,0,3,111,104,13,52,25,39,86,23,21,19,226,45,47,74,0,87,25,22,507,6,11,9,16,57,26,8,88,4,2,3,37,279,1316,43,38,69,3,1,0,1,59,39,1,2,4,0,3,1,4,50,45,55,41,13,21,7,14,173,0,30,59,16,0,53,16,47,53,11,14,0,5,0,3,10,51,73,0,18,34,30,13,12,572,25,5,1,18,19,9,9,0,5,2,25,5,6,6,53,14,35,17,24,0,37,20,80,35,27,57,18,67,62,2,17,102,192,99,34,132,4,63,7,44,16,1223,19,16,5,7,33,220,19,30,38,17,0,8,12,11,11,8,0,30,54,21,0,208,47,161,8,46,0,7,0,3,19,62,105,10,30,8,0,10,3464,0,6,5,2,20,2002,2,12,46,2,8,106,13,0,67,78,71,51,30,7,38,95,4,37,0,1,17,227,27,1,25,88,72,6,66,35,2,7,1,21,663,0,49,33,0,43,134,249,15,10,197,7,12,9,28,24,85,35,41,6,9,47,0,5,267,40,70,19,4,256,41,50,8,164,5,141,54,0,0,82,117,13,71,5,84,22,2,7,23,6
cell_473,8,2,177,5,0,47,12,99,5849,4,7,3,34,21,34,8,2,46,0,1,18,24,79,36,124,12,0,8,6,2,2,117,8,201,4,5,3,3,0,14,463,0,176,29,1,109,0,44,18,10,19,7,93,34,0,8,2,37,51,23,4,0,11,11,45,84,12,37,26,0,6,12,14,0,21,12,25,107,0,4,52,86,44,8,165,207,5,86,92,78,66,29,110,65,16,31,18,39,13,443,167,153,0,140,2,104,146,62,3,29,33,34,3,174,25,0,0,7661,30,47,15,24,0,34,147,80,0,16,35,0,10,26,165,73,35,19,10,0,77,4,10,121,73,25,2,152,6,1,155,40,0,13,23,17,9,159,52,0,53,68,134,8,2,36,64,2,2,6,0,6,30,30,17,2,1,0,1,3,3,15,44,3,16,141,22,37,5738,28,98,12,5,32,2,25,53,10,58,7,0,65,3,17,44,6,48,110,0,1,30,146,15,0,18,34,25,87,35,2,55,73,0,3,22,30,28,14,119,2,89,8,90,6,0,38,10,2,43,4,10,181,10,6,25,24,0,4,59,191,8,44,20,62,137,0,0,68,74,37,54,99,2,60,23,1,476,53,3,8,23,20,25,1,9,1,0,12,45,201,1212,37,27,20,4,56,2,9,65,7,5,6,2,0,1,4,0,60,0,47,34,1,13,10,48,136,0,14,137,4,0,68,16,71,56,0,19,0,54,0,6,6,69,57,179,0,20,8,1,19,566,21,3,3,19,2,14,35,13,0,20,13,5,5,2,10,27,17,26,6,328,73,3,82,25,16,63,0,99,16,11,155,107,121,140,47,148,3,40,15,77,0,1295,38,4,7,10,22,60,56,37,96,16,1,26,3,17,19,8,9,8,50,33,6,169,43,70,0,46,17,5,1,11,140,75,55,4,32,10,3,17,3256,0,15,6,5,4,1800,27,0,16,0,21,36,37,0,44,64,66,103,17,20,13,57,4,72,0,1,18,307,5,25,2,70,19,1,101,31,2,1,29,24,15,20,44,42,0,4,16,176,8,31,162,1,27,86,96,0,137,13,52,5,18,39,1,19,327,187,159,11,0,254,38,57,18,93,34,50,74,0,5,16,100,21,2,0,0,15,15,7,27,8
cell_474,0,21,262,0,29,16,37,150,5579,6,17,22,124,33,23,71,14,51,11,3,14,25,101,0,0,16,19,11,1,7,0,104,18,17,14,0,13,0,1,23,429,0,250,46,0,125,1,24,17,34,24,7,80,71,20,82,0,15,38,26,0,0,16,10,52,11,44,93,23,6,37,12,5,10,0,8,40,35,0,1,1,177,16,2,244,189,4,52,102,34,53,60,104,13,29,84,4,0,1,428,188,92,0,188,7,75,12,65,8,39,29,28,0,31,80,0,0,7904,30,5,29,3,0,23,152,147,0,37,19,0,96,43,163,51,38,31,39,3,62,27,90,97,5,34,12,120,3,15,152,11,4,16,29,9,12,164,134,0,18,52,76,18,0,12,230,5,0,8,13,4,60,44,12,3,5,27,0,1,6,8,29,4,2,17,65,46,4994,9,169,34,12,32,1,105,84,0,2,8,4,110,4,19,11,5,67,114,2,6,29,116,17,0,2,17,21,85,30,0,118,161,0,58,7,14,69,0,145,6,80,1,88,4,14,133,17,23,55,14,2,215,24,2,6,31,3,7,111,14,8,58,26,106,61,15,3,9,212,43,62,103,0,69,0,44,518,25,23,24,8,85,32,8,12,35,1,12,5,111,1365,66,8,62,0,3,0,14,68,8,0,6,0,1,1,4,0,64,0,56,1,4,19,0,57,129,0,30,27,0,0,59,0,43,61,44,16,0,23,0,1,42,65,51,10,8,151,52,40,5,516,16,5,0,3,25,20,27,1,1,24,25,23,8,9,90,49,1,19,1,399,57,28,87,10,3,49,0,85,73,9,138,90,266,118,18,135,0,75,83,61,1,1306,22,16,5,5,50,97,30,34,7,4,0,3,0,31,10,0,1,25,61,49,0,66,44,62,13,56,0,6,0,19,88,76,125,11,153,5,2,53,3342,0,11,1,26,6,1965,1,0,11,0,43,38,2,9,60,41,57,253,20,32,65,138,0,85,0,0,16,70,1,0,35,134,47,8,75,3,2,4,17,0,0,3,16,43,0,106,38,76,38,12,196,1,17,2,48,12,137,41,82,1,20,46,0,4,269,121,92,1,7,305,53,29,0,140,27,18,24,0,2,70,98,23,11,1,1,30,3,12,28,14
cell_475,1,10,232,96,0,32,31,80,5541,4,14,15,57,40,13,70,2,31,0,14,67,125,86,2,140,6,0,13,7,13,3,91,10,29,11,0,6,5,0,8,437,143,208,42,1,97,101,211,35,43,42,2,14,9,0,4,0,39,32,40,0,5,4,6,34,43,32,3,36,30,8,2,66,7,0,9,25,52,0,1,30,138,34,3,92,183,10,20,98,57,77,30,77,7,16,142,8,0,1,434,235,88,0,219,4,25,24,9,1,29,19,28,1,178,0,0,1,8561,0,12,43,5,0,35,97,134,0,23,21,6,34,49,158,41,53,1,23,6,53,11,25,31,13,31,0,20,36,42,170,27,85,18,53,30,3,147,0,0,27,61,171,68,0,75,308,0,0,7,21,6,16,72,177,1,0,29,7,11,0,17,88,3,33,95,53,34,6024,4,59,29,0,50,0,56,88,0,0,1,30,65,4,32,3,4,14,72,5,22,36,130,4,0,2,37,32,100,14,0,82,154,0,4,12,29,47,0,112,14,37,1,89,38,1,110,15,5,15,18,0,205,12,3,37,78,1,4,77,109,27,29,18,67,68,10,8,11,176,50,58,81,0,70,65,54,419,3,19,13,14,60,39,15,107,47,2,18,4,271,1540,2,12,17,0,64,0,17,77,55,5,0,4,0,1,0,0,62,0,57,7,19,8,1,23,127,0,24,116,0,0,32,14,26,74,46,17,0,66,0,3,21,57,76,0,3,58,21,48,0,543,6,8,21,8,7,15,41,0,8,26,31,13,5,3,32,93,11,0,56,130,36,7,101,41,39,53,41,13,1,4,91,73,147,32,7,57,1,53,3,105,5,1254,57,78,2,3,43,170,26,46,10,16,1,24,4,1,16,17,2,40,10,4,0,36,71,165,5,31,0,2,0,3,41,57,59,5,2,22,2,58,3232,1,11,5,18,4,2044,19,0,20,3,67,129,12,28,81,60,65,137,25,23,52,104,0,32,1,1,12,32,0,0,32,138,37,3,90,29,6,2,13,33,744,1,41,31,7,13,71,258,1,0,218,2,20,27,51,7,151,20,18,19,7,22,0,8,259,41,63,2,1,226,34,65,2,92,12,40,29,3,0,57,27,11,5,5,47,2,8,11,24,3
cell_476,4,16,213,18,43,8,23,163,5750,5,18,6,116,30,34,47,8,64,5,13,21,15,93,17,126,25,7,3,8,0,6,72,0,101,2,0,5,17,0,0,487,0,447,55,0,29,0,293,17,58,18,12,80,33,39,76,11,11,64,38,0,3,1,38,67,102,33,91,97,8,2,54,8,0,49,8,23,151,0,4,6,174,22,25,250,167,34,30,93,57,71,17,92,33,12,47,22,113,0,454,209,113,25,67,0,63,40,0,2,20,34,33,1,26,7,11,0,8169,252,37,39,26,0,26,62,80,0,6,33,0,48,22,171,50,43,1,21,13,44,42,136,113,0,32,3,155,11,79,158,119,0,25,35,28,12,143,56,0,41,69,168,84,0,4,179,0,4,5,10,9,67,23,1,0,0,46,10,0,8,0,47,0,20,8,9,7,5074,20,154,11,23,31,0,55,82,0,29,14,0,101,6,2,19,5,69,103,2,24,43,145,34,1,7,2,19,121,22,2,109,20,3,46,59,1,6,17,133,2,92,3,40,28,21,56,5,1,3,72,5,183,23,3,32,81,4,1,70,11,18,34,2,64,187,23,4,13,203,34,59,84,0,64,37,13,471,16,10,15,5,89,49,20,62,2,0,7,0,150,1350,29,26,60,2,2,3,5,64,43,0,20,0,0,1,2,4,0,0,47,35,3,28,7,5,138,0,24,23,23,0,60,0,4,25,61,6,0,87,0,0,41,53,1,0,28,243,28,13,6,532,0,15,10,14,10,12,26,33,18,0,26,4,3,2,10,106,58,24,0,7,58,13,32,12,9,34,0,77,44,1,136,13,163,87,92,16,4,52,47,23,0,1263,45,42,14,6,26,43,38,35,91,0,0,12,1,26,36,1,78,8,79,8,4,6,21,128,1,41,6,43,0,4,20,29,125,3,187,10,0,20,3330,15,8,2,12,12,1885,6,1,13,12,4,1,30,0,29,38,70,286,29,55,27,153,3,78,0,1,16,131,18,10,22,110,60,17,59,1,21,2,4,2,18,0,9,47,6,119,44,307,22,90,193,5,12,32,31,16,135,39,138,6,4,45,4,10,454,109,74,5,39,271,32,7,21,99,8,10,53,0,0,77,106,45,34,7,41,24,30,5,31,15
cell_477,0,3,200,16,10,87,9,84,5730,17,3,13,75,39,30,68,2,59,9,7,28,110,109,0,33,19,22,4,14,13,1,78,1,136,36,0,49,4,0,0,372,0,81,63,0,53,11,12,44,108,15,6,106,32,9,25,0,1,58,37,0,0,16,48,65,38,36,22,31,3,10,0,76,3,0,1,22,15,0,8,19,120,15,21,5,221,25,57,70,115,192,1,73,53,21,39,7,3,7,486,217,122,1,234,6,97,25,0,7,30,44,29,0,177,0,0,0,7770,6,72,4,1,1,40,45,42,0,0,24,1,43,8,141,55,36,20,11,0,71,62,44,12,7,36,3,163,5,63,162,3,0,20,5,33,0,166,65,47,5,55,187,37,0,9,239,1,21,11,6,3,18,69,0,2,0,48,13,7,0,10,123,0,21,192,20,50,3244,12,70,13,13,29,3,119,19,0,28,18,3,92,0,12,5,1,69,114,1,36,24,117,42,0,2,5,19,99,34,6,81,19,2,12,39,14,26,0,117,0,68,0,69,24,8,77,42,19,33,0,4,202,11,1,17,77,22,4,94,23,24,56,28,12,186,51,2,19,193,21,57,59,0,51,34,24,453,19,4,26,17,39,55,4,44,63,1,5,100,252,1383,7,25,40,0,0,1,19,24,29,0,2,0,0,13,0,0,31,0,57,9,32,16,62,31,156,6,42,17,2,0,63,19,47,81,17,25,0,91,0,2,22,48,18,8,39,244,21,7,10,599,2,17,0,47,9,20,23,0,16,5,28,9,16,8,33,16,9,18,0,0,53,22,220,52,21,68,2,85,48,7,176,81,256,139,23,21,0,83,35,34,2,1251,28,99,0,5,34,203,38,29,90,3,0,54,6,16,39,11,4,26,105,28,2,248,63,165,5,35,0,46,0,2,11,55,118,20,135,26,2,101,3348,0,96,5,6,18,1957,28,19,23,0,62,288,10,0,48,58,31,227,33,12,35,170,0,51,10,9,22,227,2,0,32,128,41,0,90,34,0,6,9,9,677,5,47,36,2,36,105,108,0,4,180,7,17,16,22,57,49,16,25,2,14,41,0,7,259,72,128,1,10,260,42,50,11,68,56,7,4,0,0,64,158,15,9,6,8,26,34,5,24,11
cell_478,0,42,242,6,11,23,21,108,5044,0,23,12,81,29,32,60,3,42,13,54,4,35,61,0,0,26,0,6,10,20,0,98,42,221,1,0,21,2,0,108,388,0,107,9,25,105,10,256,58,43,32,5,81,36,25,32,18,35,42,66,2,1,8,27,55,67,12,0,11,2,22,0,0,4,4,38,24,80,0,0,14,145,11,8,57,214,60,25,83,79,171,23,102,29,19,158,3,24,11,454,209,151,0,213,9,37,12,0,1,16,30,26,3,88,0,0,0,7349,1,9,42,41,2,29,138,72,0,10,29,0,26,98,155,20,32,10,39,0,55,14,36,46,16,29,12,155,22,71,187,54,114,4,26,22,3,105,108,1,23,20,56,58,1,20,234,2,5,6,7,10,67,31,2,0,1,51,7,0,3,12,89,1,37,49,7,19,4570,46,42,17,0,45,0,84,87,0,18,17,52,74,2,17,12,1,43,87,0,6,45,140,18,3,6,10,28,96,21,15,75,12,0,34,25,24,44,4,162,0,83,4,70,23,73,62,54,6,30,43,2,154,15,9,37,68,2,4,26,161,32,61,31,109,150,7,0,4,107,4,65,107,0,52,2,10,422,79,7,4,12,94,25,7,55,3,0,2,142,94,1363,0,5,25,0,46,0,17,57,33,7,7,2,1,0,13,21,44,5,54,20,3,22,2,33,108,0,45,140,21,0,66,1,47,53,0,19,0,7,0,4,12,38,14,5,11,43,4,30,7,620,2,20,7,1,6,15,55,25,2,29,34,0,8,7,62,74,24,19,0,408,58,18,97,38,32,57,4,75,73,7,0,61,115,134,70,76,2,10,18,30,2,1226,22,35,14,0,15,3,26,25,77,5,4,22,4,9,17,5,16,38,17,49,0,43,35,123,6,41,0,1,2,2,22,16,164,6,10,21,1,6,3280,0,53,4,4,4,1947,5,3,6,21,58,35,20,29,88,49,65,158,5,45,64,158,0,64,0,1,5,238,0,0,15,106,17,4,59,19,25,1,7,1,506,7,22,28,7,27,80,233,0,5,194,3,18,79,86,3,173,38,19,14,9,48,17,7,250,88,179,2,94,177,52,47,16,53,7,22,83,0,0,46,96,22,27,2,6,6,0,19,29,4
cell_479,8,33,33,0,21,4,44,71,5101,4,20,7,90,16,24,54,4,9,21,1,0,20,86,533,102,19,47,4,2,58,2,79,5,124,13,2,1,0,0,131,325,0,130,54,0,15,48,203,5,42,25,4,84,46,5,42,0,18,50,56,8,5,34,33,60,64,31,6,11,16,13,27,12,17,50,1,4,102,0,0,0,123,24,18,114,172,60,85,87,80,38,5,73,18,27,27,15,21,0,481,233,120,0,161,1,143,19,60,2,25,35,22,12,85,12,0,4,7628,81,23,14,15,0,36,51,93,0,44,21,4,69,19,108,48,28,15,46,2,56,54,33,44,25,23,3,55,4,35,169,13,0,9,1,16,21,64,53,46,39,43,139,60,0,2,260,2,14,12,0,3,32,46,25,8,0,11,0,0,0,4,88,2,26,84,38,46,4636,8,140,4,3,61,2,114,65,0,0,0,7,68,1,8,4,0,89,106,7,23,23,134,161,2,10,48,24,90,44,16,116,194,1,55,37,47,90,13,177,1,98,0,29,42,0,12,58,17,11,30,3,171,12,10,1,4,0,4,113,44,32,63,19,109,77,33,14,8,171,45,37,69,0,40,32,37,464,5,0,2,17,81,39,22,0,55,8,16,61,194,1433,7,3,7,0,0,0,16,19,28,10,8,0,0,6,3,0,44,0,32,8,7,20,0,39,119,0,33,32,13,0,68,0,59,18,18,21,1,9,0,0,4,25,51,3,15,66,7,4,2,561,47,6,5,7,1,12,19,3,25,29,37,0,6,20,37,21,56,3,0,92,53,12,0,20,14,53,0,99,32,30,167,73,175,79,32,131,17,53,8,94,1,1212,22,12,25,2,39,16,31,18,58,2,2,36,6,34,6,0,2,15,84,11,1,7,14,130,7,45,18,17,0,6,35,17,150,18,141,9,2,46,3376,2,61,0,6,12,2016,9,43,40,1,10,89,19,37,102,40,56,102,4,46,35,81,3,20,0,1,14,151,13,0,107,134,17,4,60,2,5,4,59,1,0,9,8,47,0,65,20,276,30,8,153,4,26,59,33,9,57,45,29,0,15,48,2,10,155,10,49,0,0,354,48,45,38,45,3,23,9,0,0,97,167,15,26,1,5,12,0,12,29,12
cell_480,0,22,210,94,96,48,49,161,6086,15,34,19,23,24,17,48,5,67,3,15,2,102,96,231,176,24,32,11,15,0,0,95,42,180,2,2,0,0,1,0,436,0,597,52,0,92,0,274,55,65,37,7,109,1,48,51,0,37,39,27,0,13,0,51,48,95,26,69,94,0,10,11,10,13,0,3,16,107,2,0,2,147,4,4,160,202,69,50,89,53,1,6,71,36,21,59,13,17,3,468,187,153,14,68,5,21,26,23,12,26,50,36,5,26,86,0,0,7774,6,56,35,4,1,31,151,139,0,0,38,0,6,53,144,73,37,0,1,0,67,90,79,141,6,33,0,78,9,75,28,60,196,14,15,27,9,154,72,0,39,60,178,12,1,7,231,0,6,8,1,7,84,16,21,0,0,59,3,0,0,1,127,7,38,32,24,30,6517,1,130,22,0,61,0,95,84,0,48,8,2,100,4,9,18,6,62,48,0,4,36,120,110,0,4,0,20,99,15,2,99,10,1,10,39,7,56,60,193,0,54,7,76,30,0,98,17,13,29,16,3,202,11,9,20,54,2,11,105,32,22,48,8,42,102,17,8,22,221,54,61,96,0,61,6,21,430,17,21,14,14,50,22,27,68,18,1,15,40,124,1432,51,76,21,7,2,0,5,36,33,7,6,0,0,28,0,0,23,0,37,32,6,21,54,54,99,0,26,103,0,0,79,0,60,63,25,28,3,45,0,0,9,71,63,0,13,97,5,7,5,545,3,18,3,13,12,17,13,0,6,22,32,1,1,5,40,0,111,3,37,0,38,4,71,8,14,58,0,78,5,19,0,68,135,137,109,49,3,66,30,86,5,1208,54,59,2,2,20,7,32,32,84,2,0,13,2,11,45,0,32,11,71,29,3,205,70,108,18,40,0,2,0,18,124,62,27,0,19,21,0,54,3325,0,11,1,5,5,1895,16,4,68,0,24,3,11,0,0,64,58,151,1,43,30,120,0,73,0,3,23,217,0,0,148,115,18,2,70,16,24,0,11,12,0,0,17,38,9,61,27,241,11,13,155,1,30,101,19,16,71,33,11,3,17,39,0,17,255,76,38,8,0,190,44,72,7,126,9,37,70,0,2,108,102,11,30,3,29,22,0,5,45,18
cell_481,0,23,189,4,90,16,27,148,5521,3,14,17,119,9,52,39,4,48,25,34,17,46,93,5,127,6,10,2,8,8,0,63,31,36,7,0,12,2,0,3,385,0,163,51,1,40,2,202,24,100,32,4,75,40,13,80,4,3,52,37,0,0,12,33,43,17,33,6,8,11,28,5,45,28,79,13,30,29,0,5,20,145,13,38,227,142,61,117,83,16,74,0,86,69,21,154,24,3,13,479,199,99,1,135,3,110,41,2,26,32,28,24,0,45,0,2,0,6949,5,38,4,57,0,18,144,111,0,15,30,0,18,22,109,91,34,4,10,4,73,47,109,96,53,28,10,60,5,52,189,38,0,6,2,23,2,155,118,7,22,54,184,17,0,11,279,0,9,13,1,3,15,50,25,0,1,60,4,5,0,14,70,1,15,177,64,55,4397,8,95,14,4,43,1,55,65,0,1,1,0,79,0,14,11,0,35,84,0,37,29,128,123,0,2,50,35,80,52,42,102,133,0,17,30,14,99,0,111,0,109,4,78,13,0,138,7,38,49,0,15,188,18,12,30,11,8,6,117,29,27,43,31,35,105,11,1,24,220,71,51,58,0,71,34,31,449,22,22,5,17,103,33,1,0,62,0,24,31,199,1300,50,32,118,0,11,0,4,45,27,3,0,2,0,29,0,0,49,0,53,24,12,18,15,45,130,0,31,76,7,0,52,29,40,45,33,31,0,142,0,4,0,59,54,0,6,69,22,5,10,540,9,0,1,10,8,20,15,0,9,12,21,3,16,3,33,103,25,27,0,382,62,0,118,12,7,60,0,77,19,43,155,66,74,119,104,160,8,45,7,88,18,1284,23,6,0,12,19,57,46,13,31,0,0,6,9,37,25,4,4,8,74,14,0,139,13,73,19,49,18,1,2,13,121,56,47,1,129,6,2,9,3480,0,0,1,6,3,1977,16,0,23,0,12,157,12,19,23,46,59,67,33,18,16,156,4,77,0,3,17,183,6,0,61,98,4,4,90,35,4,4,9,4,0,16,31,35,1,17,17,271,10,10,179,9,24,21,18,6,60,36,37,1,19,36,0,10,234,79,41,12,40,240,48,56,0,133,43,30,6,0,0,88,157,20,18,0,0,9,10,14,29,28
cell_482,0,26,93,82,0,6,5,184,5825,10,4,16,68,16,28,57,3,57,2,5,26,17,71,0,135,28,12,3,7,0,1,90,26,239,13,0,23,4,0,3,194,0,235,5,1,79,28,52,5,37,15,19,66,40,12,26,16,4,48,30,0,8,4,23,48,41,35,85,1,3,21,0,29,11,0,11,25,94,6,3,11,167,37,14,106,181,12,55,58,49,168,13,91,44,13,125,28,0,9,471,228,98,10,184,6,68,7,37,5,24,40,31,0,143,16,3,0,6553,36,1,32,43,4,33,131,54,0,3,32,0,18,23,129,28,30,9,33,3,48,12,182,106,6,26,0,144,14,29,120,15,2,28,21,20,1,131,63,0,44,7,49,35,0,22,234,4,8,18,4,6,6,72,4,0,0,51,3,9,5,3,94,1,10,68,21,14,3897,5,67,28,0,60,1,49,92,0,6,4,50,95,2,22,0,0,26,81,5,9,17,124,30,0,3,30,19,60,9,60,43,308,6,47,21,18,108,5,162,5,96,2,94,9,29,137,13,7,45,5,4,190,18,6,12,127,3,12,102,72,58,17,27,65,98,10,0,17,172,58,40,11,0,60,59,8,451,62,12,23,7,121,45,3,56,32,1,14,0,27,1365,2,1,51,0,38,0,6,37,47,1,3,0,0,1,7,0,19,1,28,15,16,27,0,28,125,0,22,73,0,0,61,18,40,39,17,13,0,37,0,18,17,56,54,7,22,30,11,3,19,571,6,14,2,15,7,29,23,2,1,19,29,21,11,4,122,70,10,16,4,109,61,0,50,26,16,54,0,63,15,5,13,114,122,87,27,51,0,91,9,69,1,1225,8,97,14,2,21,28,39,19,21,1,0,50,6,12,44,4,0,26,1,75,0,65,21,125,6,40,0,5,0,3,50,12,92,10,13,15,18,44,3539,10,7,0,3,7,1959,26,0,11,0,72,49,20,7,32,66,65,186,31,14,67,50,0,34,0,1,5,314,6,0,158,100,15,0,69,28,2,2,18,10,6,6,11,34,7,17,87,132,19,22,79,8,20,85,80,18,92,52,10,6,15,23,0,11,157,115,88,2,35,70,41,39,18,145,11,35,48,0,0,76,101,13,9,1,75,11,33,15,6,21
cell_483,6,8,164,1,152,6,30,122,5055,3,43,20,95,35,35,68,20,29,16,26,14,39,17,66,151,11,24,2,10,1,8,100,17,31,7,1,9,11,0,43,441,0,232,43,0,30,5,177,10,2,26,8,51,104,13,40,0,23,47,43,22,0,4,19,46,70,32,9,105,8,13,43,1,0,1,44,24,141,0,0,38,50,40,0,9,212,62,85,79,111,32,4,94,43,29,86,9,5,3,458,185,104,17,15,19,97,11,3,1,33,9,44,6,139,37,0,2,7947,243,47,19,21,0,35,22,87,0,61,41,0,103,22,92,45,38,21,14,0,60,16,5,79,0,23,0,77,10,61,174,31,0,13,59,30,7,84,72,25,19,26,119,13,3,0,239,1,11,8,0,4,59,31,42,0,1,47,4,0,0,6,32,0,18,115,7,31,3537,8,118,12,14,36,1,62,19,0,0,7,18,73,7,16,10,5,74,83,8,23,39,138,99,0,2,2,19,101,11,2,96,54,15,13,50,57,73,16,154,6,74,0,24,53,16,101,57,3,25,36,2,189,4,7,45,17,1,3,69,59,23,50,21,156,15,51,17,19,151,48,64,122,0,53,0,19,451,0,14,21,14,92,39,7,75,43,3,24,52,145,1409,13,0,6,0,12,2,3,85,10,0,0,3,0,24,0,0,27,0,56,50,7,5,1,23,158,0,18,77,0,0,21,5,46,58,19,22,2,76,1,0,5,49,11,0,8,276,0,9,2,583,13,12,5,13,9,19,15,3,24,25,32,0,2,1,46,106,32,0,18,208,50,29,61,55,37,44,0,83,64,0,210,1,133,115,48,13,6,53,50,82,0,1267,54,98,11,7,53,37,33,40,160,7,4,50,0,0,34,11,4,14,94,1,1,184,13,160,9,39,28,10,0,15,21,16,70,4,59,31,0,4,3112,0,7,1,0,3,1981,3,0,3,22,21,83,32,32,99,44,63,225,34,28,14,158,10,58,0,1,19,166,3,1,62,127,23,5,56,13,5,1,31,14,356,7,6,33,0,18,94,283,0,28,184,23,27,96,10,23,134,55,60,1,13,46,4,10,354,176,97,0,101,254,49,38,13,46,20,12,24,0,0,42,69,5,4,5,94,11,6,11,35,7
cell_484,0,18,269,35,7,21,47,105,8689,0,17,19,28,150,29,43,13,53,12,76,59,73,26,0,0,20,12,3,5,1,0,98,5,4,18,3,10,0,0,50,663,5,430,26,0,121,0,171,19,53,4,7,103,55,0,102,2,2,52,14,0,5,60,11,56,27,51,68,31,2,17,29,47,60,0,0,35,162,0,5,0,241,34,6,1,168,53,9,77,46,218,9,136,28,21,104,6,0,4,523,200,52,0,373,3,83,24,31,3,11,26,31,5,162,0,1,1,22473,261,4,11,1,5,14,181,42,0,9,9,0,33,42,214,86,12,26,10,2,41,34,95,91,27,9,1,97,0,61,248,64,4,13,16,19,8,187,54,12,14,22,30,9,1,0,157,12,1,0,0,7,76,60,74,2,3,30,0,3,0,11,65,3,43,267,58,42,1942,19,4,8,7,48,0,110,122,0,32,23,32,101,0,13,7,3,20,101,2,6,25,157,65,12,1,6,13,44,10,11,50,18,3,33,33,13,56,5,167,0,52,4,35,33,32,103,1,7,81,21,7,285,10,3,24,132,2,4,138,141,45,47,37,82,180,20,0,17,151,22,41,97,0,198,0,127,487,44,0,2,3,26,9,16,32,52,1,16,157,144,1400,0,42,97,0,0,0,18,29,47,2,3,1,0,16,15,0,7,0,30,28,8,19,0,21,94,8,28,49,8,0,74,5,44,131,9,21,0,1,0,12,0,43,75,0,7,336,16,19,3,419,70,11,0,58,5,16,10,4,0,14,36,11,16,6,69,32,9,31,0,0,45,1,44,0,0,37,65,45,42,142,151,128,370,120,109,61,4,82,1,3,9,1428,50,19,0,5,13,16,9,13,9,3,0,66,1,8,8,3,40,35,130,6,5,36,23,200,3,28,0,62,0,0,78,48,83,13,221,8,0,13,2590,0,38,0,9,5,1559,3,0,38,11,68,61,1,0,75,31,69,88,7,50,12,205,0,54,10,2,6,320,11,9,111,73,42,7,99,14,10,13,42,8,2,0,3,72,1,135,73,301,2,16,345,1,20,2,36,28,30,35,57,1,22,52,0,16,142,210,25,18,28,355,130,49,44,106,4,3,33,0,0,41,221,14,11,9,7,1,14,9,17,14
cell_485,1,22,154,0,9,87,8,120,8816,9,21,8,93,29,33,40,2,43,11,13,9,43,81,366,0,10,31,3,8,46,2,81,40,25,13,3,1,1,0,10,307,0,380,72,0,70,0,189,25,20,24,6,85,29,1,127,0,12,61,36,0,6,15,79,41,18,57,5,20,6,7,1,25,37,20,14,30,51,11,1,2,260,21,28,221,67,58,52,83,22,81,23,124,30,15,0,11,1,2,497,182,44,0,442,2,95,19,4,16,8,18,30,1,50,131,0,10,21488,39,40,7,37,0,11,191,171,1,39,17,3,11,29,61,37,34,13,22,44,65,50,98,99,43,34,0,45,5,23,270,24,59,18,6,18,1,242,51,0,9,63,141,15,0,12,202,1,1,13,9,11,26,36,82,2,0,33,8,5,2,4,49,0,6,76,42,60,1632,12,140,5,16,62,2,91,103,0,13,4,10,90,13,9,33,1,15,118,3,26,35,163,74,17,8,14,18,41,48,18,89,354,0,15,25,8,155,12,116,0,28,1,70,13,1,100,3,17,63,11,9,270,16,7,24,82,0,5,141,93,20,43,32,76,159,15,7,8,88,28,50,63,0,134,7,76,470,38,16,15,5,0,36,12,18,9,1,12,24,353,1417,36,61,18,4,2,0,7,25,61,0,19,0,0,2,23,0,38,0,41,11,6,14,0,22,105,0,26,12,11,1,83,10,35,25,121,21,0,55,2,13,0,87,67,1,8,142,25,4,19,448,17,10,4,4,6,17,5,1,7,14,40,15,10,2,15,0,16,21,0,251,119,13,58,2,23,21,0,55,38,48,0,85,236,270,121,152,4,108,26,19,1,1363,30,10,0,8,10,17,15,42,63,0,2,19,12,12,22,5,2,24,134,11,0,464,47,160,6,29,0,21,1,4,96,76,92,1,182,15,0,132,2692,4,30,4,8,10,1576,7,13,17,1,90,65,3,3,50,49,58,81,33,6,35,158,0,46,0,1,21,185,7,1,46,187,16,3,111,9,1,12,5,5,7,1,36,99,0,137,38,318,5,21,332,0,20,9,61,13,39,39,13,2,14,49,2,52,40,29,46,3,53,125,140,57,11,194,16,16,11,4,13,49,214,8,30,4,0,8,2,12,20,12
cell_486,13,5,90,138,33,93,23,155,4844,1,12,45,12,7,37,48,4,59,4,32,60,53,78,0,64,19,5,9,3,78,5,83,13,194,30,0,30,1,0,7,1512,0,65,78,0,107,1,64,45,53,30,0,227,27,16,83,4,28,35,75,0,1,6,115,75,22,32,27,0,1,9,0,26,3,3,12,79,335,0,3,12,84,2,30,388,52,33,3,110,29,143,1,174,13,12,223,13,1,7,412,163,126,0,237,2,3,1,1,2,104,12,21,3,64,1,11,0,8499,17,4,28,12,6,19,263,14,2,8,14,4,53,7,122,44,45,19,28,14,51,33,132,52,3,34,3,118,6,20,397,12,0,21,1,30,5,160,50,0,4,8,118,55,0,118,180,0,8,5,24,14,42,65,39,1,0,58,11,9,0,10,79,0,12,194,13,19,756,59,554,15,6,35,8,93,78,0,20,0,27,120,10,58,0,3,5,50,0,10,38,101,14,0,4,39,36,47,73,8,87,104,0,10,4,3,449,14,192,0,51,0,65,17,12,80,22,11,103,1,0,350,10,2,29,65,20,4,118,26,10,46,21,135,60,11,7,4,76,12,33,78,0,384,18,1,544,8,8,33,15,6,30,6,50,109,2,18,89,162,1663,49,13,48,0,8,0,20,15,85,1,18,1,0,6,7,4,9,15,25,25,3,16,45,27,16,0,31,249,0,1,85,32,20,179,84,17,5,19,0,1,34,76,1,0,21,11,9,12,12,497,0,28,3,26,7,25,18,19,5,16,71,13,24,20,30,0,3,7,46,793,140,22,34,45,38,19,0,15,51,16,134,135,166,219,29,78,2,5,17,15,15,983,1,37,0,5,6,38,28,58,2,1,0,0,3,28,18,1,5,47,251,14,2,21,42,135,4,17,1,9,22,8,32,26,67,84,14,3,0,42,1976,1,2,25,19,19,1948,10,26,9,0,13,133,9,0,23,38,37,139,13,55,46,182,0,78,0,2,29,410,7,0,72,293,30,5,47,24,4,2,2,1,5,4,31,147,5,58,20,339,8,0,176,4,18,9,91,40,83,39,48,11,17,58,6,7,77,64,189,1,148,244,204,59,1001,105,17,9,7,0,0,76,106,25,26,0,39,19,0,6,40,29
cell_487,6,25,185,3,5,76,3,166,6058,1,36,6,104,5,16,41,3,52,23,5,2,64,85,0,4,6,49,3,8,137,4,0,71,196,3,1,2,0,0,7,447,0,117,36,0,113,43,193,31,91,0,13,79,97,5,60,8,35,66,2,0,1,3,68,47,39,30,81,32,25,11,0,16,3,1,9,16,17,13,3,8,130,40,18,158,152,57,65,96,36,244,25,78,7,16,47,5,25,6,442,217,83,1,167,0,111,19,1,17,32,43,44,0,68,0,0,8,6975,7,75,21,13,0,41,163,49,0,12,37,1,7,87,142,79,35,9,10,16,41,36,79,81,29,30,13,47,49,43,85,56,132,14,2,9,2,153,147,9,31,9,204,12,0,0,247,0,2,0,5,6,12,73,37,1,0,51,11,3,0,7,92,5,15,56,69,29,3193,23,156,36,8,54,8,55,63,0,63,22,28,91,9,5,21,0,53,104,0,26,28,133,190,1,1,32,31,51,32,25,119,52,0,3,21,19,39,0,160,0,67,1,28,29,5,96,24,3,56,0,11,192,15,1,7,85,1,3,96,12,22,24,36,55,45,23,32,16,169,50,51,59,0,62,64,18,465,10,6,10,14,14,27,11,140,19,1,15,129,172,1300,0,10,164,0,0,0,18,9,37,3,10,0,0,15,0,0,56,0,60,14,21,14,0,16,114,0,25,107,0,1,58,14,36,88,35,20,3,89,0,5,14,64,57,2,7,40,32,30,9,567,102,11,5,5,7,12,4,0,18,2,28,0,17,6,50,59,44,6,32,6,53,44,7,25,13,28,52,78,15,125,187,125,137,119,66,69,10,47,14,92,20,1225,58,92,0,12,15,102,27,37,68,3,10,40,19,46,28,4,34,29,60,15,4,63,73,165,5,41,0,5,5,3,54,76,48,8,16,1,0,94,3462,0,0,4,11,4,1931,30,0,2,0,37,522,31,0,49,63,66,83,29,36,29,128,9,67,4,2,0,79,9,3,119,107,17,1,82,33,5,5,6,3,309,6,57,41,0,17,76,55,4,25,147,4,33,48,47,3,13,1,15,1,13,39,1,20,162,95,110,8,32,167,59,13,0,185,3,19,0,0,0,59,155,13,11,1,0,8,18,0,28,13
cell_488,0,17,180,42,0,12,37,144,5100,9,25,2,61,22,41,37,6,31,21,3,116,27,100,4,137,15,24,2,6,108,0,60,7,15,12,0,4,0,0,16,444,0,83,28,3,107,23,246,41,12,9,5,88,26,8,50,0,0,52,23,0,2,0,21,52,33,28,15,8,0,18,8,6,16,13,3,33,191,0,1,5,133,26,3,133,199,17,11,82,5,119,29,117,5,9,37,16,1,0,497,231,167,0,248,3,81,13,0,16,18,31,29,0,31,0,7,0,7072,82,9,20,76,10,19,136,116,0,0,5,1,17,68,167,40,41,23,28,5,49,40,167,23,4,23,3,63,21,64,153,26,139,14,35,18,12,126,19,1,71,20,39,67,0,53,211,3,18,8,1,10,72,20,8,6,1,50,10,0,0,4,128,4,12,64,49,16,4925,46,136,48,5,0,0,53,88,0,49,47,27,76,0,23,26,1,45,86,2,22,36,128,13,0,2,9,4,73,30,7,82,67,4,57,7,26,19,32,119,0,100,0,27,31,1,97,32,5,56,47,0,172,21,0,37,132,10,4,100,14,15,42,16,85,184,12,0,1,235,41,55,61,0,52,28,42,472,95,12,6,8,77,37,6,63,15,0,16,6,74,1203,50,15,69,4,3,1,22,36,40,4,12,1,0,1,8,13,17,0,41,46,14,15,14,3,78,10,29,51,0,0,77,0,11,29,13,21,0,28,3,9,11,55,49,9,0,191,48,47,0,578,28,20,0,14,12,19,8,52,5,13,24,11,7,0,99,0,0,17,0,150,52,0,31,9,6,52,0,83,34,5,5,109,189,43,32,99,2,19,33,24,2,1249,25,39,0,4,34,25,2,5,12,1,9,38,0,32,23,4,36,39,56,12,1,0,29,126,2,32,0,25,31,4,19,86,155,4,112,13,1,9,3366,2,52,0,2,3,1969,22,32,6,5,19,105,11,25,83,52,60,276,11,46,38,183,0,58,4,0,16,16,2,0,93,103,31,16,44,3,1,3,16,2,416,0,39,45,5,57,67,206,17,10,199,2,25,0,7,11,24,36,29,3,11,43,10,17,90,61,65,4,92,368,48,21,0,45,0,68,10,0,0,47,106,33,38,0,70,9,1,24,8,20
cell_489,5,40,177,0,7,23,44,163,5804,12,24,16,16,35,13,57,6,51,7,26,38,20,77,5,0,16,10,1,17,0,0,75,9,44,3,0,9,6,0,53,450,1,134,27,0,15,9,224,64,20,40,3,64,78,1,73,0,5,66,51,2,0,3,46,49,34,28,67,91,14,19,3,24,9,0,14,27,148,0,0,4,146,21,5,193,93,54,38,98,44,51,31,82,9,22,55,21,7,6,460,175,120,6,257,0,43,18,36,16,5,33,38,5,54,0,0,0,7684,1,27,36,0,3,40,244,80,0,15,34,2,14,33,137,39,37,18,26,1,75,35,119,45,3,30,7,143,5,41,73,62,0,14,8,23,11,143,105,0,12,91,177,12,1,0,252,1,5,7,0,3,28,18,111,0,0,30,12,0,0,1,35,3,16,22,53,35,4805,11,95,14,4,54,7,87,89,2,0,3,25,100,4,15,6,11,57,45,18,44,33,128,65,9,0,11,19,94,43,2,77,89,2,8,45,15,73,2,140,0,21,2,86,4,5,97,17,2,13,4,9,200,6,2,36,182,0,3,95,181,12,49,11,34,121,8,1,13,253,30,57,92,0,63,0,34,487,16,17,27,12,19,5,9,49,57,0,15,142,158,1425,55,13,13,2,22,1,2,68,27,1,7,0,0,55,0,0,35,0,60,37,2,18,0,20,97,0,32,103,18,0,55,21,60,16,20,16,0,13,3,0,0,77,81,0,6,25,5,3,5,604,19,21,1,3,5,17,37,2,9,9,25,0,4,1,26,85,28,17,24,0,51,10,77,32,7,52,42,61,25,13,201,22,130,51,100,86,6,69,2,45,21,1169,76,50,1,1,30,13,9,45,128,6,0,18,0,8,25,9,1,30,74,8,1,146,52,143,5,33,0,2,0,4,115,23,67,4,28,15,1,28,3290,7,2,4,7,6,1991,2,21,45,24,51,176,1,2,34,49,52,175,22,12,45,165,4,84,1,0,8,218,0,1,165,99,20,1,44,32,30,16,17,2,60,4,18,37,6,42,100,284,2,3,109,10,21,34,15,13,87,50,31,5,15,38,1,17,432,119,86,2,81,278,35,57,3,19,14,14,71,0,0,73,142,8,5,4,120,12,6,15,29,9
cell_490,7,28,108,155,63,61,26,146,5636,3,41,20,152,15,37,63,13,63,10,28,10,6,110,156,183,13,9,9,19,61,4,91,10,275,0,0,20,5,1,0,437,0,315,60,0,4,0,319,47,49,9,3,102,52,28,56,9,16,38,11,0,5,8,14,44,28,31,9,22,7,4,9,0,0,1,80,5,161,0,5,0,142,13,14,218,217,64,23,96,55,73,32,96,10,22,28,15,7,0,432,210,132,2,126,1,42,3,0,24,29,45,33,7,31,0,0,7,7359,100,16,31,0,1,33,127,114,0,16,23,2,2,85,117,57,57,16,20,5,46,35,65,112,3,34,0,172,9,31,49,112,115,5,14,21,3,57,79,0,17,59,148,17,0,0,197,0,3,18,16,1,85,35,1,0,0,59,0,1,4,7,116,2,23,86,20,26,4574,37,97,6,2,28,10,90,85,0,2,17,12,83,3,7,2,3,58,116,2,24,27,129,37,0,1,41,18,113,13,7,118,80,1,6,37,12,89,0,161,6,98,1,92,12,0,109,26,3,2,9,0,131,10,5,38,125,0,1,105,48,9,58,6,57,32,13,18,45,234,43,65,70,0,46,24,5,479,34,5,25,14,55,9,2,51,3,0,0,115,20,1403,64,1,69,5,2,0,16,4,24,6,6,0,0,2,0,0,50,7,58,14,1,20,49,24,100,0,31,75,2,0,73,33,65,5,11,19,0,26,0,2,17,53,20,2,1,66,5,14,7,540,18,10,0,6,9,14,34,0,13,4,41,1,9,12,47,51,29,25,0,210,39,27,235,51,18,57,0,85,38,92,32,110,154,114,105,168,3,91,26,33,1,1191,15,4,3,14,12,4,50,19,99,9,0,12,9,33,12,5,23,30,59,49,1,233,22,142,13,28,0,0,0,13,82,67,72,8,9,2,1,6,3294,1,30,5,2,7,1947,37,6,75,3,32,119,7,2,71,58,80,224,13,5,11,131,0,65,5,0,15,287,0,0,75,127,19,0,75,20,15,0,9,6,1,3,6,35,0,86,70,277,16,8,178,0,17,43,78,5,108,40,26,5,11,38,0,18,141,8,91,1,79,296,46,34,0,94,9,81,19,0,1,94,140,18,3,3,4,4,0,5,26,14
cell_491,0,33,39,186,8,6,35,146,6421,7,15,27,60,27,11,79,10,57,6,41,0,25,27,0,0,24,16,0,1,41,2,73,32,218,19,2,40,19,0,25,497,4,372,30,7,20,0,212,44,63,9,9,86,36,11,60,22,3,70,25,0,3,9,42,56,63,33,25,19,10,19,35,65,5,1,18,32,73,0,0,0,85,64,4,45,140,49,0,115,107,204,0,99,18,21,141,81,1,7,480,166,120,20,92,3,77,0,0,4,20,29,35,5,114,104,8,1,7576,17,7,16,2,4,15,137,111,0,33,17,6,6,78,62,61,42,6,17,13,71,9,172,16,10,31,3,150,32,59,96,49,0,14,35,32,1,56,89,1,9,45,66,13,0,0,198,2,14,11,0,1,33,61,9,3,0,27,0,9,0,9,74,0,9,138,27,34,2252,1,68,44,3,50,4,129,83,0,5,5,34,119,0,23,5,1,19,94,14,51,8,125,193,2,3,40,18,52,22,38,51,52,3,3,42,30,69,0,150,1,69,2,79,28,0,102,18,14,22,13,9,81,17,1,46,84,4,8,106,48,10,17,26,60,30,9,2,72,175,60,28,30,0,45,36,15,379,11,1,18,2,93,18,10,108,59,0,2,28,170,1266,57,19,241,0,2,0,7,14,52,6,3,0,0,8,30,0,21,13,67,8,7,19,4,16,116,1,29,67,8,0,62,71,66,78,2,17,0,41,9,3,0,48,75,2,29,118,71,39,18,620,24,8,6,20,6,16,17,17,6,10,34,0,25,5,93,4,0,33,7,33,68,1,0,22,23,60,3,70,43,16,160,103,217,146,29,120,2,40,4,11,0,1207,6,18,1,20,37,25,18,40,4,2,0,31,4,7,12,0,18,47,84,53,2,209,35,161,16,32,0,31,2,2,105,22,58,8,125,8,0,90,3372,0,5,1,13,2,2023,35,74,17,3,131,29,4,2,89,32,56,108,12,6,25,203,3,58,3,0,3,338,7,14,136,118,32,0,107,21,6,15,0,18,25,1,9,41,6,94,103,203,9,17,192,8,11,10,41,44,19,52,6,7,14,51,0,12,172,58,18,33,89,97,38,38,9,39,39,120,42,3,0,101,175,23,4,2,39,2,16,11,28,13
cell_492,3,18,292,32,12,12,5,170,4970,3,23,7,27,26,55,84,2,60,12,4,26,21,79,2,131,9,2,7,9,3,0,99,21,22,53,0,15,0,0,2,258,0,159,10,0,119,1,47,84,46,23,11,106,55,21,77,3,21,49,5,0,1,74,16,60,19,37,53,2,1,31,29,44,0,0,11,9,84,1,0,1,73,57,17,214,154,25,60,83,106,173,16,104,30,17,67,3,0,3,445,205,55,0,202,9,36,33,0,22,29,35,22,1,110,96,0,0,7554,4,4,10,29,0,28,34,52,0,16,26,1,64,36,129,78,41,21,39,37,28,49,18,100,21,24,11,35,6,5,170,60,72,19,1,26,5,124,2,9,36,1,54,75,0,29,211,15,20,8,3,7,70,74,25,0,0,54,0,9,0,1,114,0,9,184,22,59,5777,4,60,1,6,16,1,102,72,0,18,6,13,110,9,19,3,3,51,106,0,4,33,116,258,0,6,20,28,89,24,98,135,9,12,11,48,7,89,0,150,0,83,0,14,5,10,86,0,17,32,4,1,180,10,2,40,72,6,2,84,78,21,54,32,125,23,27,4,21,190,40,69,49,0,61,54,11,498,26,15,46,18,0,58,2,172,95,3,22,54,264,1331,65,22,66,0,4,0,8,26,11,0,1,0,0,3,11,0,50,0,60,12,34,15,45,61,119,0,31,47,0,0,54,12,72,29,3,23,0,31,0,11,1,35,44,6,3,33,47,3,11,644,22,7,1,37,2,27,13,0,9,31,25,66,8,22,91,8,5,22,6,1,32,0,56,37,4,63,0,72,28,13,66,113,84,124,49,103,0,57,37,15,1,1224,24,54,0,1,0,5,37,36,8,6,0,25,4,40,26,9,6,28,23,16,0,28,64,31,45,41,0,7,0,7,92,71,64,24,117,21,3,83,3232,0,1,1,30,3,1909,13,0,3,0,65,35,13,0,81,58,60,320,25,32,59,120,0,77,0,0,1,293,7,0,79,143,29,2,67,8,2,18,7,9,5,12,40,52,0,134,49,182,38,5,125,6,29,78,12,13,88,47,7,5,10,42,0,12,292,90,73,11,53,330,51,25,71,128,1,11,24,0,1,88,149,14,20,4,53,18,2,8,15,20
cell_493,8,17,282,9,44,60,3,150,7511,12,4,4,182,182,22,33,10,26,3,2,0,52,78,1,0,24,2,8,5,0,3,100,4,138,0,0,36,0,4,47,893,55,213,13,10,80,8,162,5,51,24,4,96,26,48,67,2,43,37,16,0,3,14,5,54,21,53,60,19,34,15,24,0,74,0,15,10,170,0,3,2,271,9,0,311,165,69,46,100,93,204,14,113,21,15,134,8,0,2,456,100,88,0,374,7,10,11,4,3,41,15,26,16,167,62,0,3,24684,363,0,31,8,0,68,68,182,0,27,23,6,61,24,178,38,25,27,18,0,50,18,160,63,3,29,1,20,20,22,262,74,0,19,35,10,6,179,99,0,3,17,189,32,2,46,209,3,0,8,4,3,81,58,12,1,2,47,2,6,49,10,88,1,4,69,2,46,1778,14,155,15,19,54,0,92,63,0,55,0,28,110,4,25,3,7,33,86,0,5,22,184,111,0,17,23,20,50,24,1,97,157,11,22,3,3,140,0,156,0,60,0,83,4,5,145,12,8,58,24,0,264,10,7,78,33,1,10,135,170,45,32,22,111,117,15,4,12,63,2,64,103,1,146,35,7,445,17,9,31,12,1,21,12,11,82,0,18,110,155,1417,81,15,39,3,8,1,11,32,44,0,7,0,1,10,11,0,15,282,32,26,14,1,35,19,96,6,44,47,0,0,67,28,41,47,5,26,0,21,0,6,11,80,29,0,2,33,1,9,1,469,61,12,4,10,27,14,29,0,6,29,47,6,10,6,43,37,1,27,21,7,79,10,70,32,20,24,1,39,28,8,0,105,65,230,7,147,0,83,9,39,15,1508,4,13,6,4,8,53,6,31,17,12,0,51,1,1,4,0,2,41,18,30,0,707,52,190,3,27,0,3,0,17,13,73,68,22,35,11,2,75,2563,6,100,1,5,1,1526,6,49,33,14,107,132,17,1,48,63,46,148,9,33,117,152,0,47,0,2,34,568,8,41,150,209,48,8,89,3,7,0,6,3,568,0,15,86,2,93,70,308,16,2,345,4,17,96,112,30,57,46,15,6,18,51,4,9,251,8,186,3,38,370,147,45,3,84,40,41,13,0,7,14,257,15,14,5,5,10,0,12,14,3
cell_494,5,23,214,0,56,124,1,132,5821,2,23,22,168,43,29,56,15,66,1,19,144,11,69,6,31,19,25,3,5,0,2,28,25,162,2,0,7,5,0,24,440,29,567,15,3,105,22,210,47,25,15,12,105,43,20,32,1,8,49,10,0,0,2,5,29,98,34,8,37,23,7,27,15,16,23,11,9,105,0,7,0,160,41,22,59,112,50,12,89,135,11,37,114,31,5,16,44,85,7,409,206,137,1,201,6,34,0,4,2,16,55,32,5,156,51,0,4,8058,57,31,37,50,1,31,211,52,0,5,28,2,3,31,158,23,32,8,1,4,60,26,149,24,9,31,3,154,25,64,180,95,3,10,9,25,8,127,28,3,5,41,124,42,2,5,214,0,20,18,19,2,77,21,19,0,0,38,0,1,0,14,77,0,21,35,11,36,6289,9,92,34,10,25,0,92,49,0,18,9,5,83,2,19,2,5,59,83,0,30,29,133,12,7,15,0,25,37,39,32,67,60,11,17,2,13,61,19,142,3,57,2,72,6,52,105,27,9,8,40,5,157,17,9,35,37,3,2,92,99,14,55,10,60,80,15,7,27,201,5,71,9,0,78,1,6,403,57,15,14,10,4,9,24,109,20,0,9,37,180,1351,10,12,86,0,3,0,2,58,23,1,0,0,0,0,3,1,22,27,62,52,2,8,0,18,130,0,27,158,8,0,57,10,41,27,8,7,0,34,3,1,33,66,59,0,6,129,7,35,11,613,23,19,5,30,8,15,3,12,1,15,33,1,4,7,37,20,32,23,0,0,73,16,35,36,23,35,0,94,10,71,14,97,92,119,47,169,1,66,40,63,0,1313,22,11,11,2,20,105,44,26,52,0,0,28,0,13,3,1,3,23,24,24,2,192,62,153,9,33,10,0,19,16,140,68,59,29,54,9,1,11,3143,2,14,1,2,16,1941,2,0,36,3,15,0,7,0,111,25,20,245,3,3,94,172,0,27,2,0,19,239,6,0,133,65,44,4,72,1,14,8,5,70,0,3,7,33,16,107,36,227,3,6,152,4,22,86,76,24,104,29,17,8,1,43,6,6,332,33,194,3,56,267,33,14,0,53,10,21,12,0,0,84,100,15,15,1,5,19,0,2,27,10
cell_495,0,21,103,0,74,53,23,159,5359,3,28,14,88,10,26,54,9,49,8,3,62,77,93,106,168,30,67,1,2,115,0,70,5,135,3,0,0,1,0,8,414,0,339,33,0,93,65,115,34,10,5,8,75,82,31,93,0,4,58,6,14,0,7,32,62,5,28,33,82,14,11,47,26,13,50,42,21,92,0,7,11,137,24,14,187,177,23,59,115,89,185,15,84,42,9,9,13,4,6,427,199,112,1,209,9,87,1,7,5,21,44,35,0,100,0,3,0,8105,98,27,4,19,3,14,117,103,0,16,24,0,21,29,160,38,28,4,32,1,63,25,129,19,3,26,7,137,24,52,159,63,5,13,28,31,3,154,111,14,1,73,143,24,0,3,240,3,8,10,2,0,88,7,5,0,0,43,16,1,0,11,33,6,27,23,51,12,4001,18,162,37,4,41,2,27,50,0,43,8,42,69,0,4,6,1,23,90,3,54,31,134,4,0,5,12,30,79,21,16,98,98,0,25,39,15,55,2,139,8,93,4,52,25,0,65,64,10,16,3,3,184,13,2,62,37,6,1,85,9,15,45,14,106,45,6,12,1,178,41,33,50,0,61,8,30,406,20,19,13,15,60,23,26,16,0,0,21,66,43,1424,30,40,17,1,27,1,1,44,17,4,13,0,0,0,5,0,14,0,49,39,20,2,57,20,73,0,27,84,14,0,40,0,7,67,25,18,1,43,0,4,49,64,64,0,24,189,31,6,0,620,31,10,5,3,6,21,8,27,9,10,41,6,5,3,94,29,50,15,0,15,58,14,6,6,24,25,4,81,42,6,53,71,104,91,90,138,3,72,7,88,0,1173,19,29,0,12,42,36,51,40,0,7,0,51,6,38,13,5,3,40,86,31,0,65,21,153,10,36,0,19,17,4,97,47,125,11,70,9,4,86,3085,4,0,1,1,19,1936,1,0,13,6,36,41,8,33,93,25,60,210,25,4,17,113,0,26,0,2,13,26,16,7,56,106,31,1,68,10,5,5,22,4,1,0,34,32,1,60,53,276,31,16,170,6,29,2,53,9,46,35,15,0,26,35,0,11,355,58,74,1,0,307,35,23,4,155,5,4,11,0,0,87,61,6,34,4,100,33,8,8,38,8
cell_496,4,31,216,14,133,7,23,139,5481,1,31,10,33,39,9,66,7,45,10,11,70,7,66,0,0,12,8,2,15,6,0,86,18,0,13,0,10,5,0,20,452,0,206,20,1,146,0,191,36,12,36,11,91,114,10,69,0,16,62,5,0,13,14,47,46,46,30,4,22,0,29,15,18,41,8,7,0,163,0,4,3,120,32,11,163,190,87,35,90,17,24,1,95,4,14,140,3,0,2,431,216,123,11,195,1,94,13,0,21,35,45,43,2,50,16,0,0,7956,205,41,40,0,1,46,237,118,0,7,32,2,4,97,140,28,33,18,21,0,97,9,149,93,0,24,29,70,14,3,189,42,9,1,1,20,1,145,116,0,15,49,75,13,0,6,267,4,2,2,1,1,100,10,9,2,0,56,7,6,0,2,63,1,6,72,8,40,4557,23,29,18,9,44,0,108,80,0,37,17,41,88,1,19,20,0,69,89,3,28,27,123,105,0,1,39,22,50,12,8,101,20,5,24,11,15,55,0,154,0,86,0,62,25,1,86,52,2,32,7,1,198,12,2,7,107,1,4,84,216,20,72,19,128,178,31,4,16,169,8,62,91,0,56,4,67,466,68,2,40,12,21,29,6,6,25,0,4,93,91,1401,53,50,107,4,21,0,27,35,27,3,1,1,1,21,0,15,38,7,37,50,4,1,38,32,148,0,22,105,0,0,76,2,66,11,75,21,0,9,1,4,10,66,75,0,1,256,108,50,10,597,46,30,3,2,17,16,39,3,3,2,31,10,3,6,63,16,3,35,43,0,30,36,114,5,21,63,0,70,60,35,199,75,269,163,63,53,7,24,36,61,4,1416,53,53,0,22,23,65,11,26,74,19,5,21,0,29,2,8,37,38,103,61,0,24,37,146,5,54,0,14,24,10,58,102,115,15,152,20,0,19,3158,0,1,2,3,3,1985,4,25,3,30,29,100,6,29,51,83,59,374,25,7,45,188,9,95,0,1,8,135,0,0,12,15,13,2,53,35,4,13,3,14,145,2,46,48,1,125,121,258,4,4,188,6,20,4,25,13,77,18,9,1,22,34,11,0,53,123,112,23,72,336,35,65,1,155,0,36,38,0,2,72,122,6,3,5,0,17,4,9,30,5
cell_497,0,31,257,80,27,17,78,80,2950,1,53,61,111,25,30,29,16,89,10,3,6,44,35,20,95,24,1,0,38,16,3,98,2,2,15,0,6,3,0,59,688,0,244,99,0,152,0,140,11,2,49,9,162,2,48,17,0,9,35,84,0,6,36,20,77,0,77,31,72,100,3,47,35,3,0,79,31,85,0,3,56,103,10,10,116,90,34,11,153,31,21,2,94,12,20,32,2,24,0,533,137,137,3,87,9,12,13,0,0,39,19,32,3,83,27,3,0,4450,245,23,15,25,2,52,86,180,0,13,17,4,15,20,128,56,50,18,27,3,52,3,35,52,1,61,0,103,17,9,225,28,61,1,109,56,7,63,10,0,18,79,133,19,0,0,365,1,9,2,3,3,13,29,25,5,0,137,32,1,5,10,15,1,5,7,44,32,395,1,178,35,5,33,0,64,44,8,6,0,44,112,8,30,10,6,22,76,19,38,56,140,66,1,1,3,23,29,42,1,52,133,6,16,62,72,37,5,165,0,61,7,77,107,1,105,34,11,64,0,5,204,21,3,39,58,5,6,78,11,12,41,29,102,11,23,9,23,68,13,20,94,0,231,10,53,781,4,29,51,3,41,5,33,3,0,0,14,97,162,1804,8,8,8,0,45,3,12,64,41,0,2,0,0,9,11,34,20,0,106,9,7,26,0,24,80,0,34,144,11,0,4,16,35,110,223,20,0,3,0,0,31,111,47,11,42,38,40,62,13,1534,58,2,22,10,1,14,3,12,7,9,64,5,5,22,22,23,7,5,56,598,28,11,98,4,4,15,30,33,135,0,69,22,216,327,39,76,5,93,12,119,7,1078,26,7,20,3,21,55,39,35,7,1,22,4,2,4,16,4,0,45,231,14,24,108,4,119,9,22,3,15,0,3,73,89,19,9,122,26,0,80,1894,0,0,4,24,6,1307,1,69,26,0,77,19,5,14,194,37,58,93,39,9,26,114,0,81,17,2,15,181,1,10,111,131,46,5,74,7,0,8,5,38,0,0,10,89,1,96,55,265,4,16,162,4,29,0,28,33,42,18,72,2,15,85,0,1,27,130,20,10,0,327,139,71,68,28,2,29,16,0,0,273,68,7,24,11,37,28,12,6,40,10
cell_498,5,18,258,28,41,13,21,31,4013,9,36,47,70,14,10,44,1,66,19,2,46,104,42,1,94,10,24,1,19,2,1,66,0,80,23,2,7,1,0,91,1985,31,422,78,0,30,0,142,41,24,31,13,134,29,14,98,0,34,31,29,0,12,36,234,58,35,31,71,3,7,6,11,2,5,10,49,62,70,0,2,0,63,29,17,9,75,100,5,89,43,149,2,208,6,37,172,11,3,0,393,162,143,1,155,0,8,8,27,2,4,6,35,4,87,0,0,47,9736,276,29,27,0,2,23,142,178,0,15,17,0,29,50,96,27,15,3,19,11,28,17,77,139,5,55,5,62,4,6,74,10,99,3,36,20,15,92,49,7,23,57,156,30,0,24,222,1,3,1,0,0,25,56,149,1,3,71,0,3,0,8,121,1,22,117,48,34,579,24,573,4,82,34,3,125,50,0,0,9,0,125,7,38,5,3,23,77,2,3,63,138,155,2,3,2,42,30,53,6,81,38,4,15,30,52,108,0,233,12,37,0,69,31,4,107,0,4,30,1,3,328,15,1,45,214,4,5,112,119,43,28,52,97,147,34,12,32,70,12,58,91,0,55,32,57,527,0,7,38,7,60,29,19,10,120,4,37,121,99,1504,57,97,33,6,26,3,18,20,74,8,18,0,0,0,0,6,3,0,22,15,3,7,0,26,41,0,29,80,14,0,41,26,65,82,220,19,0,2,0,2,0,80,48,32,6,132,36,27,9,468,11,1,0,14,3,18,10,0,4,36,73,1,11,50,9,6,17,4,8,205,71,15,61,18,23,19,7,31,46,58,135,154,432,286,107,139,2,90,19,32,1,981,16,0,8,9,18,68,2,21,36,0,6,0,1,3,9,0,21,38,207,15,7,178,25,177,10,26,0,21,20,15,57,128,101,32,110,29,2,70,1914,11,66,18,3,4,1769,4,85,55,18,128,12,30,1,122,44,47,42,1,108,5,131,9,41,26,1,16,365,5,1,70,181,53,6,57,51,1,0,4,6,0,1,24,107,1,90,15,280,1,11,67,9,16,9,20,25,113,19,6,1,12,42,0,33,42,36,59,8,7,261,157,101,497,59,17,11,14,0,1,97,129,11,26,2,0,5,0,8,15,16
cell_499,0,24,234,150,68,17,102,71,5047,3,24,90,69,34,29,44,5,36,20,24,50,92,93,0,47,11,1,5,10,16,0,79,0,101,36,0,3,3,0,3,2001,0,39,70,0,59,0,138,59,23,16,22,194,13,0,105,3,2,48,38,0,5,23,101,59,17,35,24,69,7,7,17,84,4,158,94,83,24,0,5,88,75,25,4,373,64,35,12,107,19,110,0,181,26,20,295,0,76,3,437,160,151,1,229,2,49,6,5,7,107,13,27,8,133,0,0,0,9314,0,43,36,3,3,58,313,147,0,33,9,0,0,26,154,61,51,33,26,18,78,41,3,47,46,39,7,142,6,14,411,33,330,16,18,14,2,32,51,7,6,43,119,14,1,68,179,5,1,14,0,4,27,87,15,3,2,48,2,3,3,11,92,0,14,118,63,45,721,37,220,4,10,14,0,72,146,0,0,0,0,135,0,10,4,8,30,81,12,15,49,146,13,0,5,30,33,42,62,0,82,65,1,17,26,34,55,3,183,0,50,0,63,52,0,53,0,47,37,0,2,344,14,0,77,58,0,2,111,61,9,34,38,120,241,25,9,57,58,22,44,58,0,399,2,56,549,12,9,72,20,46,36,5,6,3,0,6,40,222,1504,61,58,72,6,31,1,23,83,73,2,16,0,0,4,7,0,7,66,26,66,1,5,0,106,41,0,27,69,12,0,37,65,74,73,10,22,0,53,1,0,8,110,55,0,8,181,24,47,15,493,6,19,4,9,6,18,36,28,19,17,55,25,16,47,73,0,10,3,0,252,88,0,293,35,9,17,0,28,17,9,58,8,328,369,34,71,0,66,21,22,5,887,49,23,11,27,22,37,34,49,7,5,0,12,6,64,6,0,5,49,250,19,0,80,30,114,19,28,1,26,6,2,26,65,113,35,99,22,3,101,2047,6,93,0,22,3,1722,10,14,22,2,7,327,45,20,14,57,45,84,30,7,1,183,1,14,0,0,17,329,4,0,56,144,22,7,37,46,4,21,1,12,0,0,15,93,5,33,59,166,0,8,165,25,25,12,33,48,93,28,29,0,17,49,0,3,29,34,111,4,11,279,200,80,458,53,15,16,28,0,2,104,118,35,9,0,35,15,5,4,36,13
cell_500,5,15,350,61,19,95,16,188,4819,0,24,12,1,34,17,30,6,47,41,7,6,146,77,0,72,9,28,7,17,2,0,59,81,50,9,0,26,0,0,35,1982,3,82,0,0,122,29,194,1,77,14,3,221,12,48,153,0,58,44,23,1,10,4,63,45,8,7,69,17,2,6,2,6,33,2,26,18,121,26,0,1,87,5,6,201,68,102,5,94,87,167,4,168,10,27,99,4,3,11,380,161,139,13,138,15,11,65,0,8,83,13,41,9,129,0,0,12,8731,1,6,26,1,0,30,108,50,0,25,19,6,26,37,108,52,45,35,8,0,69,14,162,101,28,48,1,88,8,47,335,10,2,24,0,23,13,131,77,0,3,51,138,11,0,54,207,9,8,5,9,2,71,86,47,0,0,58,1,7,0,6,87,1,19,4,33,36,621,33,199,8,53,39,8,112,159,0,0,14,35,116,14,56,0,6,20,69,0,8,22,114,113,3,2,1,34,46,8,43,71,10,31,16,4,19,295,32,220,0,39,0,39,59,33,154,5,7,102,2,1,367,11,2,38,157,2,5,127,222,51,26,43,85,35,40,2,28,75,10,61,87,0,439,8,35,564,2,18,12,17,19,5,4,19,39,0,22,129,73,1436,71,108,106,0,20,0,3,11,72,6,53,0,2,12,3,31,20,0,31,24,10,27,0,25,37,0,29,330,0,0,89,21,95,149,66,22,0,2,5,2,0,103,17,0,8,5,8,2,16,487,26,35,1,28,5,24,24,0,1,33,58,0,14,28,37,21,16,14,48,0,113,17,0,31,61,15,3,22,87,38,127,144,111,421,10,164,4,44,25,27,6,892,28,56,8,3,2,52,15,38,7,2,0,4,6,2,10,12,1,23,5,33,1,296,68,144,7,21,0,0,0,8,84,122,55,74,112,47,0,50,2150,11,1,4,6,5,1697,2,0,11,8,107,77,6,0,110,45,8,31,37,36,38,179,5,57,0,2,14,474,5,0,82,228,13,11,42,42,6,2,1,7,6,13,47,110,3,84,10,103,0,0,200,1,30,36,49,65,75,19,20,6,11,58,10,2,300,129,222,1,39,169,256,73,46,60,12,42,5,0,3,102,118,13,15,2,85,5,0,4,7,11
cell_501,0,9,278,47,36,94,20,61,4378,3,41,85,142,35,24,31,6,72,5,2,33,157,55,1,0,19,12,14,5,7,0,59,46,414,0,0,35,1,0,7,1608,0,264,93,2,158,119,179,26,12,13,16,182,59,18,213,0,6,29,29,0,1,6,53,63,88,53,10,69,34,1,0,8,0,1,154,71,229,0,1,45,81,11,23,27,70,49,7,86,0,53,15,186,2,19,193,18,0,2,398,168,152,1,251,1,31,92,20,5,86,11,37,3,48,0,0,1,8066,9,41,10,0,1,50,170,84,0,18,11,0,1,63,148,64,49,8,30,0,43,39,71,205,0,48,3,91,12,17,270,108,0,25,13,17,3,140,20,8,8,14,148,6,0,6,187,0,0,12,2,5,69,74,5,1,1,55,3,0,0,6,34,0,26,93,15,36,828,102,439,37,45,29,2,71,207,0,7,36,7,98,0,68,2,1,17,84,3,20,40,123,0,0,3,4,33,35,63,16,77,93,8,15,20,37,388,1,193,0,51,4,48,16,73,149,10,12,96,1,0,281,4,1,60,86,1,3,148,229,30,29,17,150,90,19,4,18,68,14,47,53,0,405,10,48,709,60,7,27,6,43,34,16,22,121,0,8,114,135,1519,1,6,48,0,25,0,12,78,63,0,0,1,1,67,0,0,20,0,23,52,8,19,0,75,50,0,30,80,0,0,27,0,58,71,179,14,0,72,0,9,28,102,47,6,4,169,18,58,17,436,14,35,0,4,10,15,12,3,0,7,47,1,18,3,86,17,8,22,4,7,102,29,50,34,31,18,0,35,10,126,135,167,153,139,100,182,1,82,25,7,1,1079,34,36,0,12,17,40,11,41,21,5,7,23,1,41,15,10,4,40,146,27,2,327,29,136,19,22,0,7,0,3,14,102,46,27,5,34,0,48,2344,1,152,2,4,15,2034,10,0,11,0,52,135,17,0,87,46,65,99,27,7,16,173,2,66,0,0,22,89,0,0,30,230,47,20,51,42,4,5,2,1,192,0,25,135,18,10,74,323,2,14,185,4,28,51,107,0,119,21,24,13,7,62,0,33,258,183,110,1,0,320,190,91,1505,98,0,21,7,0,0,31,116,61,0,5,1,5,9,0,45,14
cell_502,0,18,184,5,3,3,46,162,3047,5,91,66,9,12,61,23,6,64,13,46,30,10,33,5,2,12,2,4,20,45,0,13,8,200,13,9,14,1,0,25,768,0,276,45,0,196,7,106,11,17,7,13,238,50,9,91,2,2,59,60,0,4,22,108,67,76,86,44,9,10,5,16,5,1,31,74,43,69,0,3,35,116,19,36,271,61,62,4,98,63,114,5,86,26,16,16,12,2,1,547,141,197,22,197,0,54,10,25,13,15,10,44,2,81,0,3,0,4808,4,52,50,10,0,10,77,165,0,49,23,0,4,75,155,44,74,18,17,4,51,9,135,67,4,62,0,114,23,6,224,20,0,2,39,78,5,72,0,12,48,80,120,30,0,97,383,21,5,4,1,9,7,23,26,1,0,151,25,1,0,3,20,1,9,77,44,21,342,15,135,38,9,21,2,89,216,0,32,2,1,111,10,108,7,4,7,61,0,24,78,104,47,1,14,2,27,36,53,9,40,118,19,12,69,36,379,0,186,1,36,4,39,89,0,100,30,11,42,4,3,230,16,6,18,83,12,1,88,59,16,41,7,111,166,24,5,61,64,12,35,62,0,87,2,11,616,24,12,2,1,36,54,32,8,0,0,14,78,174,1735,105,33,48,0,26,2,6,66,61,10,12,0,0,2,3,6,4,0,118,34,4,19,0,12,95,0,27,82,23,0,51,99,111,47,124,27,0,3,0,7,19,98,76,1,3,140,14,38,5,1424,13,1,2,41,14,22,2,4,2,13,46,4,4,51,34,0,26,8,60,0,69,9,1,28,4,23,0,37,61,81,86,100,75,69,55,82,2,94,36,56,1,1176,25,17,0,6,20,37,52,72,0,1,2,11,7,37,12,7,6,53,212,35,0,19,24,74,15,21,0,7,161,11,108,130,61,25,22,32,0,38,1836,9,0,2,3,12,1328,8,3,13,17,74,11,12,0,156,8,67,22,26,28,4,262,0,66,0,0,10,276,2,0,56,215,29,1,82,15,3,16,23,16,0,3,48,98,5,48,31,283,3,22,128,13,13,12,28,11,34,35,25,0,22,108,16,5,78,183,76,3,119,321,105,71,6,61,3,39,30,0,0,246,104,26,61,7,71,6,1,6,48,30
cell_503,0,37,308,0,88,30,51,165,2884,5,40,10,1,4,25,26,17,63,13,0,27,105,35,0,97,32,17,4,17,6,3,90,17,3,9,2,27,3,1,41,1180,0,112,66,0,9,5,46,26,52,19,13,146,21,15,105,0,5,61,39,6,2,34,30,184,41,29,74,49,4,17,24,0,11,41,222,26,252,7,3,5,36,8,23,189,86,39,23,119,10,76,13,136,19,28,1,3,27,5,309,14,160,8,27,1,35,10,6,1,41,25,36,3,53,42,1,1,3881,68,6,19,10,0,44,33,144,0,37,25,1,6,5,101,55,49,16,31,5,58,9,122,58,9,124,1,85,10,7,175,20,23,20,34,141,6,147,38,0,3,76,151,7,2,27,180,6,14,19,1,13,22,122,120,8,0,70,18,3,0,11,115,3,8,122,50,30,328,18,206,15,11,25,0,44,38,0,1,1,92,57,0,60,0,13,68,64,0,22,7,40,60,0,9,31,41,52,57,0,23,66,0,29,29,93,381,21,191,25,129,4,98,29,36,75,4,35,189,1,0,142,15,6,26,96,1,4,93,0,15,33,25,20,27,23,4,22,163,20,43,48,2,144,1,6,358,11,23,22,18,51,48,11,0,7,1,35,3,294,1513,73,24,25,0,21,0,19,19,34,4,17,4,0,0,18,0,8,6,50,25,5,30,0,48,127,0,17,259,0,0,65,2,134,25,184,9,20,17,0,2,12,72,49,31,23,145,18,3,0,808,88,12,4,31,14,25,6,26,13,20,122,0,7,12,75,6,16,14,0,27,93,6,301,14,4,11,1,40,5,2,31,44,123,554,76,14,7,63,21,9,13,1211,16,70,42,2,26,20,73,36,0,2,2,43,9,20,13,4,2,60,149,3,0,174,29,72,4,39,46,10,8,0,31,39,108,9,315,24,11,73,1832,0,238,0,6,4,1803,12,0,15,3,22,18,8,2,412,39,64,52,34,13,33,16,1,148,0,12,21,215,0,47,79,139,7,1,99,17,4,7,53,0,150,3,6,43,0,62,28,381,5,12,150,15,18,34,17,7,15,12,26,0,24,33,0,11,7,49,79,1,0,369,119,35,15,23,13,4,9,0,1,232,48,15,6,0,87,15,0,2,30,5
cell_504,0,23,441,29,33,72,1,71,3136,5,11,23,18,7,19,28,0,76,8,9,3,30,46,0,76,17,0,2,1,11,0,28,4,328,9,0,30,4,0,7,821,0,96,30,10,185,37,164,56,6,8,15,110,30,0,46,4,7,38,37,0,1,3,37,56,60,80,65,62,17,10,0,0,1,0,124,21,29,0,8,73,103,30,24,98,75,3,5,118,35,45,9,101,1,33,52,8,4,7,522,162,220,0,138,5,58,32,0,4,17,24,34,2,68,24,0,0,3876,235,59,20,1,3,50,26,114,0,21,25,0,4,81,149,47,100,2,31,30,69,8,3,68,29,72,0,100,31,23,245,5,126,8,36,47,4,79,27,0,5,11,185,1,1,15,304,0,1,17,0,5,23,94,191,2,0,135,34,8,0,4,68,1,14,134,21,11,339,36,169,74,26,25,0,89,182,0,12,2,82,94,1,106,2,3,19,64,1,20,39,106,3,0,15,14,10,27,21,1,44,70,1,49,28,51,301,2,152,5,61,5,60,61,43,162,38,9,110,0,2,206,19,6,28,209,4,1,81,45,57,18,26,72,67,3,15,28,68,15,28,83,0,101,43,16,823,13,9,9,13,38,58,35,10,8,0,14,78,53,1607,0,66,14,13,64,3,24,57,53,0,37,0,0,2,6,1,11,42,89,20,10,28,10,30,29,0,38,89,0,0,49,40,113,50,201,19,0,29,0,23,37,110,64,1,3,29,17,75,9,1527,16,31,0,20,18,19,5,2,3,11,51,0,15,8,77,1,19,20,10,8,92,61,112,23,5,20,0,42,8,71,52,96,323,273,44,26,3,99,25,18,0,1230,82,16,4,4,32,33,22,48,3,0,2,8,13,14,6,2,6,53,163,51,3,83,36,121,10,34,0,1,9,1,94,73,80,8,53,19,0,93,2061,0,62,8,3,0,1401,19,5,6,6,83,11,21,15,196,29,80,120,13,47,53,188,16,72,0,4,7,45,0,0,52,147,12,4,69,43,2,13,38,6,92,0,20,85,1,51,76,119,0,20,121,6,15,47,29,14,56,8,18,3,11,101,0,13,15,112,81,10,126,168,125,74,5,59,3,23,18,0,4,48,88,38,10,1,10,5,2,0,11,30
cell_505,0,35,222,38,0,5,35,171,6280,1,47,21,23,41,27,40,0,75,2,16,25,71,54,3,1,17,0,5,11,0,0,90,47,70,18,0,24,5,0,0,441,0,341,52,0,119,0,159,74,72,34,14,69,29,2,54,22,20,56,51,0,1,10,77,62,33,38,13,74,4,41,0,29,16,89,5,28,102,0,0,20,146,32,15,0,170,36,0,95,17,46,13,74,62,14,160,9,59,1,448,226,94,15,175,0,23,0,1,19,21,35,38,2,110,103,3,0,7934,4,14,24,26,8,39,101,24,0,0,24,4,20,89,130,98,40,25,34,11,55,14,79,68,0,18,21,159,11,36,173,10,54,18,46,32,1,133,122,0,69,71,111,69,0,0,256,14,3,11,0,3,47,60,25,0,0,38,34,3,0,2,87,3,16,7,50,42,3860,37,51,9,1,49,0,136,32,0,0,10,40,52,1,15,37,1,74,109,1,32,29,127,158,18,1,32,36,79,11,1,65,3,6,48,26,6,66,9,173,2,100,3,81,37,15,111,0,10,0,16,1,208,12,5,49,75,16,8,70,14,33,45,29,93,186,6,6,15,214,48,71,88,0,28,72,51,532,7,12,26,21,105,26,27,32,96,1,14,10,294,1464,61,24,167,1,19,0,11,65,49,0,0,1,0,16,0,0,14,0,57,17,2,17,3,35,104,0,23,40,20,0,62,10,49,71,9,20,0,7,0,8,0,51,71,4,37,268,111,51,0,556,3,13,2,18,4,25,19,0,10,8,43,1,23,8,9,0,6,3,51,0,21,3,46,6,21,59,12,42,66,32,193,101,318,106,123,86,12,46,4,15,8,1177,47,9,0,0,26,70,29,40,53,1,9,1,0,40,57,2,15,47,114,64,0,38,24,156,6,30,0,21,0,9,12,54,146,12,49,22,0,28,3146,0,2,4,22,4,2031,19,14,60,20,84,30,4,0,113,58,65,224,26,41,13,206,0,51,0,1,6,190,1,0,50,144,38,7,106,33,8,3,2,12,3,0,36,36,0,29,106,67,7,28,183,2,21,9,9,18,25,61,71,5,17,43,1,18,89,178,20,17,70,238,57,55,32,157,16,52,87,0,0,105,193,10,26,5,14,8,8,6,2,10
cell_506,12,20,240,0,9,13,23,193,9121,3,7,43,140,164,24,34,4,70,7,35,17,49,67,0,105,7,10,7,18,0,0,114,3,78,9,6,3,0,0,4,917,0,124,50,0,93,0,158,43,26,15,11,86,28,2,15,1,10,40,4,0,5,3,95,61,41,37,15,43,0,14,45,0,44,10,0,2,85,0,3,6,256,21,16,126,176,86,16,66,53,10,2,142,22,11,52,17,2,4,476,193,71,1,377,0,24,144,7,2,44,18,21,7,63,3,1,7,22147,347,4,26,2,1,26,131,131,0,7,20,0,62,50,124,70,35,44,8,11,66,49,82,171,6,18,1,56,1,35,213,142,0,23,8,31,9,236,120,1,20,51,102,37,0,19,152,3,4,18,22,6,63,28,5,2,1,31,4,1,0,5,72,2,2,18,56,54,2096,11,115,16,3,54,0,111,145,0,47,3,4,103,5,23,8,6,9,93,0,11,31,168,41,0,0,24,27,45,11,9,64,12,22,24,5,16,44,16,123,0,29,0,55,16,29,94,8,7,45,33,21,326,14,3,56,79,7,5,147,163,10,45,17,101,314,14,0,23,123,4,42,109,0,177,15,22,513,92,2,26,1,34,42,23,26,22,0,9,71,132,1313,7,65,59,3,2,0,10,58,0,5,12,0,0,15,0,1,16,0,33,36,6,1,41,15,34,12,24,85,3,0,72,9,24,121,9,21,0,67,7,3,0,105,57,34,26,250,31,40,22,364,8,12,0,7,5,19,37,10,0,5,58,35,14,6,27,0,23,4,54,67,109,0,47,4,8,45,0,58,17,9,115,127,214,201,53,17,1,47,51,74,0,1500,59,3,0,0,10,50,3,27,22,0,2,17,0,2,27,0,25,22,135,89,0,180,10,190,21,41,0,15,0,16,11,102,115,6,148,34,1,20,2722,10,1,4,11,10,1588,1,16,9,0,13,98,4,9,64,75,54,107,22,65,6,143,0,23,0,1,34,315,0,0,23,216,40,20,86,14,6,6,0,10,229,0,25,84,0,146,30,456,3,3,364,1,23,35,19,7,103,52,27,2,10,63,0,5,151,182,80,6,29,353,150,72,11,93,25,91,43,0,0,42,245,71,11,9,4,5,0,7,30,13
cell_507,1,27,93,156,112,26,3,153,6393,13,31,11,26,22,16,76,10,74,6,0,21,104,86,144,176,29,26,4,10,4,12,40,8,182,10,0,7,0,0,4,398,0,608,38,0,53,0,53,24,17,32,1,66,96,5,11,0,6,40,59,0,7,2,74,51,89,23,26,19,40,10,47,1,11,0,50,39,59,0,4,11,149,59,3,204,191,53,97,89,43,179,8,76,29,19,48,8,13,8,475,240,93,1,87,1,45,60,6,11,17,42,33,0,208,75,1,1,7542,11,40,17,0,0,22,46,124,0,18,24,0,0,48,149,77,42,0,31,7,66,4,153,54,4,21,1,92,17,2,171,9,0,6,69,25,5,155,35,0,24,65,182,21,0,5,227,2,20,15,0,1,60,58,12,0,2,0,9,1,0,0,119,1,14,16,20,42,3745,14,143,52,3,65,1,84,52,0,6,5,41,102,2,22,1,3,31,98,0,24,12,113,49,1,4,8,30,88,53,9,112,102,0,27,24,19,78,5,142,0,102,1,87,12,0,117,51,21,29,1,0,184,16,4,38,47,2,3,86,16,9,43,8,123,22,38,16,4,199,39,58,73,0,71,91,18,420,5,5,32,24,109,41,15,49,9,0,12,143,212,1430,21,62,19,1,35,0,6,9,44,0,15,0,0,2,11,0,24,17,50,11,10,5,0,54,138,0,33,144,0,0,36,1,58,66,27,16,0,24,0,3,47,69,2,0,15,80,118,37,3,543,27,1,0,9,13,22,26,0,16,14,36,11,6,11,55,28,9,11,47,81,37,18,96,20,7,54,0,81,59,12,179,90,148,141,81,97,0,60,48,70,7,1187,26,58,24,14,32,55,57,42,41,17,0,2,8,2,25,0,0,36,73,47,1,228,65,139,6,32,0,25,0,11,94,28,132,23,96,14,3,131,3179,0,3,8,2,7,2012,35,3,42,20,102,42,41,4,107,56,54,332,18,4,58,81,0,28,4,2,24,305,0,4,115,129,9,6,86,14,1,5,8,37,4,0,25,36,0,65,116,230,13,6,143,12,31,26,66,46,76,37,18,3,16,40,1,12,130,28,55,14,0,290,37,53,15,115,19,122,25,3,0,89,136,4,28,6,45,32,0,3,18,5
cell_508,0,28,268,0,0,16,7,154,5370,2,19,12,11,47,30,75,5,26,16,7,4,13,29,134,0,38,3,6,1,14,0,78,22,64,24,0,18,5,0,29,402,25,91,1,0,106,0,164,27,10,25,15,37,44,0,33,1,15,28,27,0,9,23,21,75,1,23,4,59,0,25,12,0,6,2,2,33,100,0,6,0,160,21,43,169,192,25,48,35,168,74,3,85,8,20,30,0,18,19,469,206,122,0,265,1,103,52,73,0,23,45,37,10,143,0,0,6,7329,51,4,18,28,1,48,52,76,0,1,26,0,103,66,140,25,31,16,37,22,42,18,63,34,3,22,1,93,28,53,147,18,0,3,49,29,3,143,90,0,55,23,67,34,0,14,212,16,8,0,1,4,67,33,41,0,0,32,1,6,0,4,127,8,7,72,55,47,3954,9,58,6,10,36,6,62,89,0,65,0,39,81,1,22,14,2,65,100,5,25,32,116,172,3,14,5,28,47,24,9,98,119,1,21,28,26,93,36,176,6,90,4,21,11,0,76,56,4,44,5,0,189,16,10,1,29,0,2,100,177,2,53,25,72,177,56,6,3,85,12,62,85,0,35,12,63,433,28,11,0,16,3,34,13,4,0,2,11,0,209,1383,3,59,45,10,56,0,15,69,45,2,0,3,0,4,8,0,22,23,53,18,21,24,0,6,146,0,27,44,21,0,67,0,64,75,41,19,0,5,0,14,3,51,60,7,9,130,77,10,0,556,37,1,2,21,3,22,5,6,0,5,24,0,4,18,67,4,9,21,0,11,45,3,3,16,14,60,2,77,27,8,0,105,275,120,20,32,8,70,18,12,8,1216,64,95,0,0,22,18,35,28,111,1,0,30,2,33,45,0,6,42,48,35,0,3,60,137,4,46,0,29,11,7,114,61,141,6,160,14,0,121,3287,2,11,0,11,1,2027,5,8,7,24,89,12,21,32,60,25,73,61,19,8,8,144,17,28,0,2,9,186,17,0,85,95,7,5,74,4,4,26,37,25,0,9,46,53,0,108,84,209,6,32,165,6,20,66,58,3,23,41,7,0,23,48,3,16,51,77,71,4,31,303,60,24,0,129,9,75,63,0,0,64,139,22,33,2,25,1,0,24,30,7
cell_509,3,35,218,53,0,6,14,139,8119,0,15,12,50,104,17,39,3,62,7,15,0,43,17,1621,20,13,22,0,6,40,1,105,18,33,18,4,13,10,2,29,907,19,210,2,0,40,0,123,29,20,14,5,65,49,1,86,10,13,35,33,1,9,22,48,48,55,29,3,10,8,16,23,24,1,62,0,52,20,10,5,1,247,54,22,378,100,43,123,80,68,222,0,134,13,5,77,12,19,23,484,237,68,7,395,1,74,39,32,8,4,19,26,6,141,126,0,5,25953,318,2,29,6,1,43,35,131,0,15,23,6,9,35,152,31,13,6,25,61,34,18,7,129,14,7,0,7,25,2,90,23,87,1,67,25,4,40,139,0,8,87,54,52,0,3,166,12,1,11,1,5,55,54,33,9,1,33,0,4,22,15,89,4,13,149,63,44,1964,14,303,2,21,46,0,74,128,0,17,1,20,95,5,22,4,3,30,56,11,17,36,174,303,6,2,67,20,30,13,19,96,128,3,18,27,3,159,5,172,0,74,3,68,18,8,114,0,16,68,14,28,255,18,4,57,124,12,8,140,11,7,25,20,136,137,32,12,17,102,14,61,117,0,131,48,47,401,33,13,11,12,5,10,17,2,39,3,0,0,272,1311,85,37,71,1,54,0,12,61,52,1,15,0,0,27,8,0,1,7,19,65,10,9,1,20,62,0,34,80,6,1,67,71,61,233,12,27,0,30,0,3,1,107,63,23,27,110,51,57,5,421,4,5,2,1,6,22,16,0,0,7,59,12,18,19,49,14,24,15,29,18,63,0,53,16,20,38,14,41,25,15,94,84,350,264,111,68,5,5,9,61,14,1449,47,10,0,3,3,16,19,40,40,21,6,55,10,45,11,0,3,36,131,130,3,0,17,151,11,27,0,51,1,0,62,39,109,5,168,7,0,183,2466,3,0,3,10,4,1576,6,79,4,2,124,332,18,0,93,100,79,81,22,15,17,75,0,27,0,2,3,456,4,0,136,174,17,15,70,49,2,16,27,7,38,0,4,83,14,154,85,299,20,27,280,3,29,24,70,40,46,63,31,0,13,66,8,20,147,198,42,11,0,371,190,43,196,83,6,113,44,0,0,60,210,23,5,5,0,6,16,22,39,8
cell_510,2,5,266,0,14,99,64,120,3461,2,33,59,7,12,61,37,10,65,6,28,42,93,46,0,32,23,18,0,9,0,1,91,8,138,7,0,11,0,0,22,722,0,266,86,0,213,0,120,44,30,17,15,188,5,23,112,0,2,63,74,0,1,14,16,35,68,79,17,86,3,8,29,10,3,1,110,23,198,0,8,14,108,11,12,240,96,46,10,165,41,8,8,90,50,16,76,8,3,1,495,163,194,0,165,3,37,1,0,5,69,8,50,9,90,0,8,0,4432,0,75,30,4,0,62,98,153,0,69,13,0,1,50,148,50,42,14,2,0,82,45,36,54,0,50,1,91,36,36,34,21,0,46,45,56,12,81,27,0,19,76,185,13,0,0,304,11,9,5,14,5,26,34,53,0,2,66,12,0,0,11,44,10,11,14,10,11,334,32,207,34,11,9,0,43,97,0,42,1,65,123,7,88,2,8,5,81,0,33,63,114,4,0,9,0,32,36,7,6,28,153,0,26,40,2,2,1,150,0,74,0,70,116,6,116,4,20,4,5,5,238,24,1,0,43,0,0,62,83,27,29,22,92,141,8,2,65,90,9,40,76,0,281,8,20,703,13,12,22,9,20,56,21,11,2,0,27,56,228,1822,83,18,1,2,2,2,2,73,53,4,68,0,0,26,0,0,16,0,97,10,2,0,0,78,94,0,35,91,13,0,51,16,77,33,8,11,0,21,1,2,72,117,46,0,2,128,16,40,8,1499,2,16,1,11,14,28,9,13,9,68,64,0,8,6,20,20,30,14,1,0,86,1,182,37,18,26,0,36,1,29,22,110,459,214,78,56,2,132,9,30,0,1084,63,15,0,7,21,92,46,45,0,2,0,17,5,12,13,5,12,26,188,49,4,205,12,128,5,23,0,15,31,4,64,116,44,20,92,11,0,14,1739,0,0,0,17,8,1446,3,0,6,0,44,5,66,0,9,35,52,118,21,31,39,275,4,36,0,0,23,216,19,0,77,208,37,5,127,17,17,6,15,9,1,7,22,72,0,27,18,242,0,27,141,5,26,42,42,23,33,30,7,2,27,95,2,5,66,135,174,1,18,292,123,104,22,86,21,1,14,0,0,210,90,23,24,3,57,47,0,1,38,40
cell_511,1,1,328,80,60,90,76,107,2849,0,34,41,21,17,21,17,12,59,2,6,79,29,60,4,12,18,8,5,11,35,1,96,25,64,7,3,10,18,0,28,966,14,69,82,0,46,0,166,23,8,4,16,203,32,38,121,2,16,43,11,0,13,27,88,66,21,44,78,45,2,4,2,57,7,72,36,47,113,0,0,13,125,10,23,267,59,65,7,131,42,32,8,106,28,31,25,12,10,0,562,91,285,0,110,1,5,8,22,16,91,16,43,15,85,117,19,9,5129,2,72,34,0,0,66,102,94,0,19,19,2,53,36,46,62,76,38,29,2,68,45,49,58,38,59,3,91,20,22,197,7,73,29,14,43,17,72,30,0,1,97,189,7,2,0,348,2,3,20,6,13,27,70,43,0,2,135,0,0,2,4,29,1,24,64,25,8,308,6,25,14,11,1,2,69,109,37,3,22,2,133,0,10,0,3,32,29,3,11,67,91,38,0,8,20,31,41,13,15,57,31,8,30,15,25,277,0,124,0,33,1,69,112,27,81,3,21,67,1,4,217,1,6,11,36,3,2,54,69,38,37,26,38,100,17,16,50,76,13,27,89,0,254,7,41,645,8,5,28,2,13,5,1,5,14,2,16,46,121,1531,63,23,32,7,12,2,41,0,45,0,25,0,0,148,0,1,9,0,114,8,0,11,29,81,56,4,43,161,6,0,34,118,142,53,23,22,0,9,12,0,1,103,32,0,4,73,7,14,3,1561,100,42,5,26,10,14,20,0,12,16,66,0,7,27,33,3,18,12,3,373,45,24,123,33,18,24,0,18,53,103,85,112,394,376,68,101,6,102,5,10,0,1191,63,4,2,24,10,96,10,51,24,9,0,3,4,6,15,16,14,41,78,19,1,250,61,107,2,31,0,1,0,3,81,198,31,43,33,34,1,11,1485,5,11,3,27,6,1447,6,29,23,0,20,15,6,0,64,58,53,41,38,11,4,271,4,77,26,8,4,245,23,10,3,186,44,5,56,39,4,1,4,6,45,8,20,54,4,21,36,290,0,11,139,10,6,17,35,16,48,15,20,9,23,103,0,8,87,70,96,5,1,327,96,91,302,57,11,10,32,42,2,220,79,9,20,2,89,10,0,0,48,25
cell_512,6,19,75,34,3,20,31,125,5565,13,9,22,13,25,32,68,2,48,19,8,13,8,44,6,104,16,6,4,8,54,11,102,11,151,28,0,53,9,0,56,379,0,414,29,4,62,0,55,8,50,35,5,98,13,8,88,7,1,62,91,1,2,14,31,51,31,29,14,19,6,36,27,47,0,2,19,15,46,0,0,15,171,14,37,120,183,12,6,101,13,183,20,94,13,17,67,26,4,1,495,181,111,0,171,5,47,18,1,7,27,30,34,8,94,72,0,5,8070,110,12,21,41,0,13,79,138,0,126,27,4,27,72,116,33,23,13,27,6,63,41,4,54,14,27,1,72,6,9,151,36,1,19,35,22,6,103,64,19,20,12,150,72,1,17,176,19,0,13,8,11,14,84,3,8,0,59,0,6,22,2,131,1,17,165,26,16,5157,4,110,26,23,27,2,133,2,14,0,37,15,99,2,16,0,2,66,112,0,7,38,132,175,0,0,12,24,82,27,1,25,95,1,6,38,7,84,4,180,0,56,0,25,8,25,84,0,8,2,16,7,184,17,3,38,30,5,8,96,34,36,51,26,81,12,35,14,15,169,60,59,103,0,83,14,20,476,0,26,13,2,25,27,1,127,60,0,15,90,182,1435,4,9,234,0,19,1,11,21,6,2,1,0,0,0,0,0,48,0,46,56,9,22,15,17,111,15,33,43,0,0,68,32,61,37,24,15,0,8,0,6,8,48,61,54,38,160,46,7,9,599,2,1,13,16,3,25,45,4,4,6,35,22,1,21,11,0,11,5,33,338,72,0,43,7,2,54,1,38,40,6,163,102,152,91,16,121,1,74,10,21,0,1271,54,92,0,4,59,78,33,46,73,0,4,16,0,0,30,1,1,30,63,24,0,160,32,89,6,27,0,12,0,4,28,32,77,22,52,29,8,10,3305,2,0,8,8,0,1985,1,22,31,2,29,1,10,1,8,44,43,104,21,32,71,183,0,64,0,2,20,298,3,0,141,125,39,0,65,16,8,2,18,2,153,0,29,31,0,94,52,111,14,57,27,10,21,63,48,9,86,27,20,0,15,43,0,11,141,149,57,2,0,355,47,47,22,104,6,15,10,0,3,80,128,49,59,19,115,15,2,11,46,19
